year,month,period_start,period_end,value,index,source_url,source_version,unit,period_complete,usable
1870,1,1870-01-01,1870-01-31,-0.438,dmi,https://psl.noaa.gov/data/timeseries/month/data/dmi.had.long.data,HadISST1.1; NOAA PSL Dipole Mode Index,degrees_C_anomaly,True,True
1870,2,1870-02-01,1870-02-28,-0.337,dmi,https://psl.noaa.gov/data/timeseries/month/data/dmi.had.long.data,HadISST1.1; NOAA PSL Dipole Mode Index,degrees_C_anomaly,True,True
1870,3,1870-03-01,1870-03-31,0.177,dmi,https://psl.noaa.gov/data/timeseries/month/data/dmi.had.long.data,HadISST1.1; NOAA PSL Dipole Mode Index,degrees_C_anomaly,True,True
1870,4,1870-04-01,1870-04-30,-0.048,dmi,https://psl.noaa.gov/data/timeseries/month/data/dmi.had.long.data,HadISST1.1; NOAA PSL Dipole Mode Index,degrees_C_anomaly,True,True
1870,5,1870-05-01,1870-05-31,-0.48,dmi,https://psl.noaa.gov/data/timeseries/month/data/dmi.had.long.data,HadISST1.1; NOAA PSL Dipole Mode Index,degrees_C_anomaly,True,True
1870,6,1870-06-01,1870-06-30,-0.548,dmi,https://psl.noaa.gov/data/timeseries/month/data/dmi.had.long.data,HadISST1.1; NOAA PSL Dipole Mode Index,degrees_C_anomaly,True,True
1870,7,1870-07-01,1870-07-31,-0.65,dmi,https://psl.noaa.gov/data/timeseries/month/data/dmi.had.long.data,HadISST1.1; NOAA PSL Dipole Mode Index,degrees_C_anomaly,True,True
1870,8,1870-08-01,1870-08-31,-0.522,dmi,https://psl.noaa.gov/data/timeseries/month/data/dmi.had.long.data,HadISST1.1; NOAA PSL Dipole Mode Index,degrees_C_anomaly,True,True
1870,9,1870-09-01,1870-09-30,-0.728,dmi,https://psl.noaa.gov/data/timeseries/month/data/dmi.had.long.data,HadISST1.1; NOAA PSL Dipole Mode Index,degrees_C_anomaly,True,True
1870,10,1870-10-01,1870-10-31,-0.636,dmi,https://psl.noaa.gov/data/timeseries/month/data/dmi.had.long.data,HadISST1.1; NOAA PSL Dipole Mode Index,degrees_C_anomaly,True,True
1870,11,1870-11-01,1870-11-30,-0.401,dmi,https://psl.noaa.gov/data/timeseries/month/data/dmi.had.long.data,HadISST1.1; NOAA PSL Dipole Mode Index,degrees_C_anomaly,True,True
1870,12,1870-12-01,1870-12-31,-0.376,dmi,https://psl.noaa.gov/data/timeseries/month/data/dmi.had.long.data,HadISST1.1; NOAA PSL Dipole Mode Index,degrees_C_anomaly,True,True
1871,1,1871-01-01,1871-01-31,-0.273,dmi,https://psl.noaa.gov/data/timeseries/month/data/dmi.had.long.data,HadISST1.1; NOAA PSL Dipole Mode Index,degrees_C_anomaly,True,True
1871,2,1871-02-01,1871-02-28,-0.17,dmi,https://psl.noaa.gov/data/timeseries/month/data/dmi.had.long.data,HadISST1.1; NOAA PSL Dipole Mode Index,degrees_C_anomaly,True,True
1871,3,1871-03-01,1871-03-31,-0.212,dmi,https://psl.noaa.gov/data/timeseries/month/data/dmi.had.long.data,HadISST1.1; NOAA PSL Dipole Mode Index,degrees_C_anomaly,True,True
1871,4,1871-04-01,1871-04-30,-0.148,dmi,https://psl.noaa.gov/data/timeseries/month/data/dmi.had.long.data,HadISST1.1; NOAA PSL Dipole Mode Index,degrees_C_anomaly,True,True
1871,5,1871-05-01,1871-05-31,-0.115,dmi,https://psl.noaa.gov/data/timeseries/month/data/dmi.had.long.data,HadISST1.1; NOAA PSL Dipole Mode Index,degrees_C_anomaly,True,True
1871,6,1871-06-01,1871-06-30,-0.163,dmi,https://psl.noaa.gov/data/timeseries/month/data/dmi.had.long.data,HadISST1.1; NOAA PSL Dipole Mode Index,degrees_C_anomaly,True,True
1871,7,1871-07-01,1871-07-31,-0.444,dmi,https://psl.noaa.gov/data/timeseries/month/data/dmi.had.long.data,HadISST1.1; NOAA PSL Dipole Mode Index,degrees_C_anomaly,True,True
1871,8,1871-08-01,1871-08-31,-0.375,dmi,https://psl.noaa.gov/data/timeseries/month/data/dmi.had.long.data,HadISST1.1; NOAA PSL Dipole Mode Index,degrees_C_anomaly,True,True
1871,9,1871-09-01,1871-09-30,-0.336,dmi,https://psl.noaa.gov/data/timeseries/month/data/dmi.had.long.data,HadISST1.1; NOAA PSL Dipole Mode Index,degrees_C_anomaly,True,True
1871,10,1871-10-01,1871-10-31,-0.527,dmi,https://psl.noaa.gov/data/timeseries/month/data/dmi.had.long.data,HadISST1.1; NOAA PSL Dipole Mode Index,degrees_C_anomaly,True,True
1871,11,1871-11-01,1871-11-30,-0.217,dmi,https://psl.noaa.gov/data/timeseries/month/data/dmi.had.long.data,HadISST1.1; NOAA PSL Dipole Mode Index,degrees_C_anomaly,True,True
1871,12,1871-12-01,1871-12-31,-0.229,dmi,https://psl.noaa.gov/data/timeseries/month/data/dmi.had.long.data,HadISST1.1; NOAA PSL Dipole Mode Index,degrees_C_anomaly,True,True
1872,1,1872-01-01,1872-01-31,-0.037,dmi,https://psl.noaa.gov/data/timeseries/month/data/dmi.had.long.data,HadISST1.1; NOAA PSL Dipole Mode Index,degrees_C_anomaly,True,True
1872,2,1872-02-01,1872-02-29,0.041,dmi,https://psl.noaa.gov/data/timeseries/month/data/dmi.had.long.data,HadISST1.1; NOAA PSL Dipole Mode Index,degrees_C_anomaly,True,True
1872,3,1872-03-01,1872-03-31,-0.075,dmi,https://psl.noaa.gov/data/timeseries/month/data/dmi.had.long.data,HadISST1.1; NOAA PSL Dipole Mode Index,degrees_C_anomaly,True,True
1872,4,1872-04-01,1872-04-30,-0.083,dmi,https://psl.noaa.gov/data/timeseries/month/data/dmi.had.long.data,HadISST1.1; NOAA PSL Dipole Mode Index,degrees_C_anomaly,True,True
1872,5,1872-05-01,1872-05-31,-0.148,dmi,https://psl.noaa.gov/data/timeseries/month/data/dmi.had.long.data,HadISST1.1; NOAA PSL Dipole Mode Index,degrees_C_anomaly,True,True
1872,6,1872-06-01,1872-06-30,-0.083,dmi,https://psl.noaa.gov/data/timeseries/month/data/dmi.had.long.data,HadISST1.1; NOAA PSL Dipole Mode Index,degrees_C_anomaly,True,True
1872,7,1872-07-01,1872-07-31,-0.285,dmi,https://psl.noaa.gov/data/timeseries/month/data/dmi.had.long.data,HadISST1.1; NOAA PSL Dipole Mode Index,degrees_C_anomaly,True,True
1872,8,1872-08-01,1872-08-31,-0.325,dmi,https://psl.noaa.gov/data/timeseries/month/data/dmi.had.long.data,HadISST1.1; NOAA PSL Dipole Mode Index,degrees_C_anomaly,True,True
1872,9,1872-09-01,1872-09-30,-0.333,dmi,https://psl.noaa.gov/data/timeseries/month/data/dmi.had.long.data,HadISST1.1; NOAA PSL Dipole Mode Index,degrees_C_anomaly,True,True
1872,10,1872-10-01,1872-10-31,-0.27,dmi,https://psl.noaa.gov/data/timeseries/month/data/dmi.had.long.data,HadISST1.1; NOAA PSL Dipole Mode Index,degrees_C_anomaly,True,True
1872,11,1872-11-01,1872-11-30,-0.106,dmi,https://psl.noaa.gov/data/timeseries/month/data/dmi.had.long.data,HadISST1.1; NOAA PSL Dipole Mode Index,degrees_C_anomaly,True,True
1872,12,1872-12-01,1872-12-31,-0.11,dmi,https://psl.noaa.gov/data/timeseries/month/data/dmi.had.long.data,HadISST1.1; NOAA PSL Dipole Mode Index,degrees_C_anomaly,True,True
1873,1,1873-01-01,1873-01-31,0.063,dmi,https://psl.noaa.gov/data/timeseries/month/data/dmi.had.long.data,HadISST1.1; NOAA PSL Dipole Mode Index,degrees_C_anomaly,True,True
1873,2,1873-02-01,1873-02-28,-0.319,dmi,https://psl.noaa.gov/data/timeseries/month/data/dmi.had.long.data,HadISST1.1; NOAA PSL Dipole Mode Index,degrees_C_anomaly,True,True
1873,3,1873-03-01,1873-03-31,-0.404,dmi,https://psl.noaa.gov/data/timeseries/month/data/dmi.had.long.data,HadISST1.1; NOAA PSL Dipole Mode Index,degrees_C_anomaly,True,True
1873,4,1873-04-01,1873-04-30,-0.272,dmi,https://psl.noaa.gov/data/timeseries/month/data/dmi.had.long.data,HadISST1.1; NOAA PSL Dipole Mode Index,degrees_C_anomaly,True,True
1873,5,1873-05-01,1873-05-31,-0.411,dmi,https://psl.noaa.gov/data/timeseries/month/data/dmi.had.long.data,HadISST1.1; NOAA PSL Dipole Mode Index,degrees_C_anomaly,True,True
1873,6,1873-06-01,1873-06-30,-0.587,dmi,https://psl.noaa.gov/data/timeseries/month/data/dmi.had.long.data,HadISST1.1; NOAA PSL Dipole Mode Index,degrees_C_anomaly,True,True
1873,7,1873-07-01,1873-07-31,-0.69,dmi,https://psl.noaa.gov/data/timeseries/month/data/dmi.had.long.data,HadISST1.1; NOAA PSL Dipole Mode Index,degrees_C_anomaly,True,True
1873,8,1873-08-01,1873-08-31,-0.8,dmi,https://psl.noaa.gov/data/timeseries/month/data/dmi.had.long.data,HadISST1.1; NOAA PSL Dipole Mode Index,degrees_C_anomaly,True,True
1873,9,1873-09-01,1873-09-30,-0.694,dmi,https://psl.noaa.gov/data/timeseries/month/data/dmi.had.long.data,HadISST1.1; NOAA PSL Dipole Mode Index,degrees_C_anomaly,True,True
1873,10,1873-10-01,1873-10-31,-0.479,dmi,https://psl.noaa.gov/data/timeseries/month/data/dmi.had.long.data,HadISST1.1; NOAA PSL Dipole Mode Index,degrees_C_anomaly,True,True
1873,11,1873-11-01,1873-11-30,-0.353,dmi,https://psl.noaa.gov/data/timeseries/month/data/dmi.had.long.data,HadISST1.1; NOAA PSL Dipole Mode Index,degrees_C_anomaly,True,True
1873,12,1873-12-01,1873-12-31,-0.303,dmi,https://psl.noaa.gov/data/timeseries/month/data/dmi.had.long.data,HadISST1.1; NOAA PSL Dipole Mode Index,degrees_C_anomaly,True,True
1874,1,1874-01-01,1874-01-31,-0.381,dmi,https://psl.noaa.gov/data/timeseries/month/data/dmi.had.long.data,HadISST1.1; NOAA PSL Dipole Mode Index,degrees_C_anomaly,True,True
1874,2,1874-02-01,1874-02-28,-0.388,dmi,https://psl.noaa.gov/data/timeseries/month/data/dmi.had.long.data,HadISST1.1; NOAA PSL Dipole Mode Index,degrees_C_anomaly,True,True
1874,3,1874-03-01,1874-03-31,-0.586,dmi,https://psl.noaa.gov/data/timeseries/month/data/dmi.had.long.data,HadISST1.1; NOAA PSL Dipole Mode Index,degrees_C_anomaly,True,True
1874,4,1874-04-01,1874-04-30,-0.753,dmi,https://psl.noaa.gov/data/timeseries/month/data/dmi.had.long.data,HadISST1.1; NOAA PSL Dipole Mode Index,degrees_C_anomaly,True,True
1874,5,1874-05-01,1874-05-31,-0.441,dmi,https://psl.noaa.gov/data/timeseries/month/data/dmi.had.long.data,HadISST1.1; NOAA PSL Dipole Mode Index,degrees_C_anomaly,True,True
1874,6,1874-06-01,1874-06-30,-0.465,dmi,https://psl.noaa.gov/data/timeseries/month/data/dmi.had.long.data,HadISST1.1; NOAA PSL Dipole Mode Index,degrees_C_anomaly,True,True
1874,7,1874-07-01,1874-07-31,-0.338,dmi,https://psl.noaa.gov/data/timeseries/month/data/dmi.had.long.data,HadISST1.1; NOAA PSL Dipole Mode Index,degrees_C_anomaly,True,True
1874,8,1874-08-01,1874-08-31,-0.344,dmi,https://psl.noaa.gov/data/timeseries/month/data/dmi.had.long.data,HadISST1.1; NOAA PSL Dipole Mode Index,degrees_C_anomaly,True,True
1874,9,1874-09-01,1874-09-30,-0.814,dmi,https://psl.noaa.gov/data/timeseries/month/data/dmi.had.long.data,HadISST1.1; NOAA PSL Dipole Mode Index,degrees_C_anomaly,True,True
1874,10,1874-10-01,1874-10-31,-1.158,dmi,https://psl.noaa.gov/data/timeseries/month/data/dmi.had.long.data,HadISST1.1; NOAA PSL Dipole Mode Index,degrees_C_anomaly,True,True
1874,11,1874-11-01,1874-11-30,-0.603,dmi,https://psl.noaa.gov/data/timeseries/month/data/dmi.had.long.data,HadISST1.1; NOAA PSL Dipole Mode Index,degrees_C_anomaly,True,True
1874,12,1874-12-01,1874-12-31,-0.79,dmi,https://psl.noaa.gov/data/timeseries/month/data/dmi.had.long.data,HadISST1.1; NOAA PSL Dipole Mode Index,degrees_C_anomaly,True,True
1875,1,1875-01-01,1875-01-31,-0.449,dmi,https://psl.noaa.gov/data/timeseries/month/data/dmi.had.long.data,HadISST1.1; NOAA PSL Dipole Mode Index,degrees_C_anomaly,True,True
1875,2,1875-02-01,1875-02-28,-0.187,dmi,https://psl.noaa.gov/data/timeseries/month/data/dmi.had.long.data,HadISST1.1; NOAA PSL Dipole Mode Index,degrees_C_anomaly,True,True
1875,3,1875-03-01,1875-03-31,-0.098,dmi,https://psl.noaa.gov/data/timeseries/month/data/dmi.had.long.data,HadISST1.1; NOAA PSL Dipole Mode Index,degrees_C_anomaly,True,True
1875,4,1875-04-01,1875-04-30,0.029,dmi,https://psl.noaa.gov/data/timeseries/month/data/dmi.had.long.data,HadISST1.1; NOAA PSL Dipole Mode Index,degrees_C_anomaly,True,True
1875,5,1875-05-01,1875-05-31,-0.135,dmi,https://psl.noaa.gov/data/timeseries/month/data/dmi.had.long.data,HadISST1.1; NOAA PSL Dipole Mode Index,degrees_C_anomaly,True,True
1875,6,1875-06-01,1875-06-30,-0.093,dmi,https://psl.noaa.gov/data/timeseries/month/data/dmi.had.long.data,HadISST1.1; NOAA PSL Dipole Mode Index,degrees_C_anomaly,True,True
1875,7,1875-07-01,1875-07-31,-0.511,dmi,https://psl.noaa.gov/data/timeseries/month/data/dmi.had.long.data,HadISST1.1; NOAA PSL Dipole Mode Index,degrees_C_anomaly,True,True
1875,8,1875-08-01,1875-08-31,-0.248,dmi,https://psl.noaa.gov/data/timeseries/month/data/dmi.had.long.data,HadISST1.1; NOAA PSL Dipole Mode Index,degrees_C_anomaly,True,True
1875,9,1875-09-01,1875-09-30,-0.396,dmi,https://psl.noaa.gov/data/timeseries/month/data/dmi.had.long.data,HadISST1.1; NOAA PSL Dipole Mode Index,degrees_C_anomaly,True,True
1875,10,1875-10-01,1875-10-31,-0.658,dmi,https://psl.noaa.gov/data/timeseries/month/data/dmi.had.long.data,HadISST1.1; NOAA PSL Dipole Mode Index,degrees_C_anomaly,True,True
1875,11,1875-11-01,1875-11-30,-0.89,dmi,https://psl.noaa.gov/data/timeseries/month/data/dmi.had.long.data,HadISST1.1; NOAA PSL Dipole Mode Index,degrees_C_anomaly,True,True
1875,12,1875-12-01,1875-12-31,-0.46,dmi,https://psl.noaa.gov/data/timeseries/month/data/dmi.had.long.data,HadISST1.1; NOAA PSL Dipole Mode Index,degrees_C_anomaly,True,True
1876,1,1876-01-01,1876-01-31,-0.361,dmi,https://psl.noaa.gov/data/timeseries/month/data/dmi.had.long.data,HadISST1.1; NOAA PSL Dipole Mode Index,degrees_C_anomaly,True,True
1876,2,1876-02-01,1876-02-29,-0.504,dmi,https://psl.noaa.gov/data/timeseries/month/data/dmi.had.long.data,HadISST1.1; NOAA PSL Dipole Mode Index,degrees_C_anomaly,True,True
1876,3,1876-03-01,1876-03-31,-0.402,dmi,https://psl.noaa.gov/data/timeseries/month/data/dmi.had.long.data,HadISST1.1; NOAA PSL Dipole Mode Index,degrees_C_anomaly,True,True
1876,4,1876-04-01,1876-04-30,-0.476,dmi,https://psl.noaa.gov/data/timeseries/month/data/dmi.had.long.data,HadISST1.1; NOAA PSL Dipole Mode Index,degrees_C_anomaly,True,True
1876,5,1876-05-01,1876-05-31,-0.472,dmi,https://psl.noaa.gov/data/timeseries/month/data/dmi.had.long.data,HadISST1.1; NOAA PSL Dipole Mode Index,degrees_C_anomaly,True,True
1876,6,1876-06-01,1876-06-30,-0.423,dmi,https://psl.noaa.gov/data/timeseries/month/data/dmi.had.long.data,HadISST1.1; NOAA PSL Dipole Mode Index,degrees_C_anomaly,True,True
1876,7,1876-07-01,1876-07-31,-0.391,dmi,https://psl.noaa.gov/data/timeseries/month/data/dmi.had.long.data,HadISST1.1; NOAA PSL Dipole Mode Index,degrees_C_anomaly,True,True
1876,8,1876-08-01,1876-08-31,-0.267,dmi,https://psl.noaa.gov/data/timeseries/month/data/dmi.had.long.data,HadISST1.1; NOAA PSL Dipole Mode Index,degrees_C_anomaly,True,True
1876,9,1876-09-01,1876-09-30,-0.079,dmi,https://psl.noaa.gov/data/timeseries/month/data/dmi.had.long.data,HadISST1.1; NOAA PSL Dipole Mode Index,degrees_C_anomaly,True,True
1876,10,1876-10-01,1876-10-31,-0.213,dmi,https://psl.noaa.gov/data/timeseries/month/data/dmi.had.long.data,HadISST1.1; NOAA PSL Dipole Mode Index,degrees_C_anomaly,True,True
1876,11,1876-11-01,1876-11-30,-0.358,dmi,https://psl.noaa.gov/data/timeseries/month/data/dmi.had.long.data,HadISST1.1; NOAA PSL Dipole Mode Index,degrees_C_anomaly,True,True
1876,12,1876-12-01,1876-12-31,-0.297,dmi,https://psl.noaa.gov/data/timeseries/month/data/dmi.had.long.data,HadISST1.1; NOAA PSL Dipole Mode Index,degrees_C_anomaly,True,True
1877,1,1877-01-01,1877-01-31,-0.311,dmi,https://psl.noaa.gov/data/timeseries/month/data/dmi.had.long.data,HadISST1.1; NOAA PSL Dipole Mode Index,degrees_C_anomaly,True,True
1877,2,1877-02-01,1877-02-28,0.367,dmi,https://psl.noaa.gov/data/timeseries/month/data/dmi.had.long.data,HadISST1.1; NOAA PSL Dipole Mode Index,degrees_C_anomaly,True,True
1877,3,1877-03-01,1877-03-31,0.13,dmi,https://psl.noaa.gov/data/timeseries/month/data/dmi.had.long.data,HadISST1.1; NOAA PSL Dipole Mode Index,degrees_C_anomaly,True,True
1877,4,1877-04-01,1877-04-30,-0.28,dmi,https://psl.noaa.gov/data/timeseries/month/data/dmi.had.long.data,HadISST1.1; NOAA PSL Dipole Mode Index,degrees_C_anomaly,True,True
1877,5,1877-05-01,1877-05-31,-0.684,dmi,https://psl.noaa.gov/data/timeseries/month/data/dmi.had.long.data,HadISST1.1; NOAA PSL Dipole Mode Index,degrees_C_anomaly,True,True
1877,6,1877-06-01,1877-06-30,-0.49,dmi,https://psl.noaa.gov/data/timeseries/month/data/dmi.had.long.data,HadISST1.1; NOAA PSL Dipole Mode Index,degrees_C_anomaly,True,True
1877,7,1877-07-01,1877-07-31,-0.587,dmi,https://psl.noaa.gov/data/timeseries/month/data/dmi.had.long.data,HadISST1.1; NOAA PSL Dipole Mode Index,degrees_C_anomaly,True,True
1877,8,1877-08-01,1877-08-31,0.214,dmi,https://psl.noaa.gov/data/timeseries/month/data/dmi.had.long.data,HadISST1.1; NOAA PSL Dipole Mode Index,degrees_C_anomaly,True,True
1877,9,1877-09-01,1877-09-30,0.52,dmi,https://psl.noaa.gov/data/timeseries/month/data/dmi.had.long.data,HadISST1.1; NOAA PSL Dipole Mode Index,degrees_C_anomaly,True,True
1877,10,1877-10-01,1877-10-31,0.417,dmi,https://psl.noaa.gov/data/timeseries/month/data/dmi.had.long.data,HadISST1.1; NOAA PSL Dipole Mode Index,degrees_C_anomaly,True,True
1877,11,1877-11-01,1877-11-30,0.558,dmi,https://psl.noaa.gov/data/timeseries/month/data/dmi.had.long.data,HadISST1.1; NOAA PSL Dipole Mode Index,degrees_C_anomaly,True,True
1877,12,1877-12-01,1877-12-31,0.154,dmi,https://psl.noaa.gov/data/timeseries/month/data/dmi.had.long.data,HadISST1.1; NOAA PSL Dipole Mode Index,degrees_C_anomaly,True,True
1878,1,1878-01-01,1878-01-31,-0.261,dmi,https://psl.noaa.gov/data/timeseries/month/data/dmi.had.long.data,HadISST1.1; NOAA PSL Dipole Mode Index,degrees_C_anomaly,True,True
1878,2,1878-02-01,1878-02-28,-0.398,dmi,https://psl.noaa.gov/data/timeseries/month/data/dmi.had.long.data,HadISST1.1; NOAA PSL Dipole Mode Index,degrees_C_anomaly,True,True
1878,3,1878-03-01,1878-03-31,-0.015,dmi,https://psl.noaa.gov/data/timeseries/month/data/dmi.had.long.data,HadISST1.1; NOAA PSL Dipole Mode Index,degrees_C_anomaly,True,True
1878,4,1878-04-01,1878-04-30,-0.085,dmi,https://psl.noaa.gov/data/timeseries/month/data/dmi.had.long.data,HadISST1.1; NOAA PSL Dipole Mode Index,degrees_C_anomaly,True,True
1878,5,1878-05-01,1878-05-31,-0.354,dmi,https://psl.noaa.gov/data/timeseries/month/data/dmi.had.long.data,HadISST1.1; NOAA PSL Dipole Mode Index,degrees_C_anomaly,True,True
1878,6,1878-06-01,1878-06-30,-0.311,dmi,https://psl.noaa.gov/data/timeseries/month/data/dmi.had.long.data,HadISST1.1; NOAA PSL Dipole Mode Index,degrees_C_anomaly,True,True
1878,7,1878-07-01,1878-07-31,-0.383,dmi,https://psl.noaa.gov/data/timeseries/month/data/dmi.had.long.data,HadISST1.1; NOAA PSL Dipole Mode Index,degrees_C_anomaly,True,True
1878,8,1878-08-01,1878-08-31,-0.272,dmi,https://psl.noaa.gov/data/timeseries/month/data/dmi.had.long.data,HadISST1.1; NOAA PSL Dipole Mode Index,degrees_C_anomaly,True,True
1878,9,1878-09-01,1878-09-30,-0.208,dmi,https://psl.noaa.gov/data/timeseries/month/data/dmi.had.long.data,HadISST1.1; NOAA PSL Dipole Mode Index,degrees_C_anomaly,True,True
1878,10,1878-10-01,1878-10-31,-0.674,dmi,https://psl.noaa.gov/data/timeseries/month/data/dmi.had.long.data,HadISST1.1; NOAA PSL Dipole Mode Index,degrees_C_anomaly,True,True
1878,11,1878-11-01,1878-11-30,-0.461,dmi,https://psl.noaa.gov/data/timeseries/month/data/dmi.had.long.data,HadISST1.1; NOAA PSL Dipole Mode Index,degrees_C_anomaly,True,True
1878,12,1878-12-01,1878-12-31,-0.471,dmi,https://psl.noaa.gov/data/timeseries/month/data/dmi.had.long.data,HadISST1.1; NOAA PSL Dipole Mode Index,degrees_C_anomaly,True,True
1879,1,1879-01-01,1879-01-31,-0.428,dmi,https://psl.noaa.gov/data/timeseries/month/data/dmi.had.long.data,HadISST1.1; NOAA PSL Dipole Mode Index,degrees_C_anomaly,True,True
1879,2,1879-02-01,1879-02-28,-0.417,dmi,https://psl.noaa.gov/data/timeseries/month/data/dmi.had.long.data,HadISST1.1; NOAA PSL Dipole Mode Index,degrees_C_anomaly,True,True
1879,3,1879-03-01,1879-03-31,-0.453,dmi,https://psl.noaa.gov/data/timeseries/month/data/dmi.had.long.data,HadISST1.1; NOAA PSL Dipole Mode Index,degrees_C_anomaly,True,True
1879,4,1879-04-01,1879-04-30,-0.542,dmi,https://psl.noaa.gov/data/timeseries/month/data/dmi.had.long.data,HadISST1.1; NOAA PSL Dipole Mode Index,degrees_C_anomaly,True,True
1879,5,1879-05-01,1879-05-31,-0.513,dmi,https://psl.noaa.gov/data/timeseries/month/data/dmi.had.long.data,HadISST1.1; NOAA PSL Dipole Mode Index,degrees_C_anomaly,True,True
1879,6,1879-06-01,1879-06-30,-0.274,dmi,https://psl.noaa.gov/data/timeseries/month/data/dmi.had.long.data,HadISST1.1; NOAA PSL Dipole Mode Index,degrees_C_anomaly,True,True
1879,7,1879-07-01,1879-07-31,-0.374,dmi,https://psl.noaa.gov/data/timeseries/month/data/dmi.had.long.data,HadISST1.1; NOAA PSL Dipole Mode Index,degrees_C_anomaly,True,True
1879,8,1879-08-01,1879-08-31,-0.64,dmi,https://psl.noaa.gov/data/timeseries/month/data/dmi.had.long.data,HadISST1.1; NOAA PSL Dipole Mode Index,degrees_C_anomaly,True,True
1879,9,1879-09-01,1879-09-30,-0.59,dmi,https://psl.noaa.gov/data/timeseries/month/data/dmi.had.long.data,HadISST1.1; NOAA PSL Dipole Mode Index,degrees_C_anomaly,True,True
1879,10,1879-10-01,1879-10-31,-0.789,dmi,https://psl.noaa.gov/data/timeseries/month/data/dmi.had.long.data,HadISST1.1; NOAA PSL Dipole Mode Index,degrees_C_anomaly,True,True
1879,11,1879-11-01,1879-11-30,-0.761,dmi,https://psl.noaa.gov/data/timeseries/month/data/dmi.had.long.data,HadISST1.1; NOAA PSL Dipole Mode Index,degrees_C_anomaly,True,True
1879,12,1879-12-01,1879-12-31,-0.605,dmi,https://psl.noaa.gov/data/timeseries/month/data/dmi.had.long.data,HadISST1.1; NOAA PSL Dipole Mode Index,degrees_C_anomaly,True,True
1880,1,1880-01-01,1880-01-31,-0.463,dmi,https://psl.noaa.gov/data/timeseries/month/data/dmi.had.long.data,HadISST1.1; NOAA PSL Dipole Mode Index,degrees_C_anomaly,True,True
1880,2,1880-02-01,1880-02-29,-0.262,dmi,https://psl.noaa.gov/data/timeseries/month/data/dmi.had.long.data,HadISST1.1; NOAA PSL Dipole Mode Index,degrees_C_anomaly,True,True
1880,3,1880-03-01,1880-03-31,-0.327,dmi,https://psl.noaa.gov/data/timeseries/month/data/dmi.had.long.data,HadISST1.1; NOAA PSL Dipole Mode Index,degrees_C_anomaly,True,True
1880,4,1880-04-01,1880-04-30,0.002,dmi,https://psl.noaa.gov/data/timeseries/month/data/dmi.had.long.data,HadISST1.1; NOAA PSL Dipole Mode Index,degrees_C_anomaly,True,True
1880,5,1880-05-01,1880-05-31,-0.14,dmi,https://psl.noaa.gov/data/timeseries/month/data/dmi.had.long.data,HadISST1.1; NOAA PSL Dipole Mode Index,degrees_C_anomaly,True,True
1880,6,1880-06-01,1880-06-30,-0.3,dmi,https://psl.noaa.gov/data/timeseries/month/data/dmi.had.long.data,HadISST1.1; NOAA PSL Dipole Mode Index,degrees_C_anomaly,True,True
1880,7,1880-07-01,1880-07-31,-0.528,dmi,https://psl.noaa.gov/data/timeseries/month/data/dmi.had.long.data,HadISST1.1; NOAA PSL Dipole Mode Index,degrees_C_anomaly,True,True
1880,8,1880-08-01,1880-08-31,-0.586,dmi,https://psl.noaa.gov/data/timeseries/month/data/dmi.had.long.data,HadISST1.1; NOAA PSL Dipole Mode Index,degrees_C_anomaly,True,True
1880,9,1880-09-01,1880-09-30,-0.574,dmi,https://psl.noaa.gov/data/timeseries/month/data/dmi.had.long.data,HadISST1.1; NOAA PSL Dipole Mode Index,degrees_C_anomaly,True,True
1880,10,1880-10-01,1880-10-31,-0.755,dmi,https://psl.noaa.gov/data/timeseries/month/data/dmi.had.long.data,HadISST1.1; NOAA PSL Dipole Mode Index,degrees_C_anomaly,True,True
1880,11,1880-11-01,1880-11-30,-0.553,dmi,https://psl.noaa.gov/data/timeseries/month/data/dmi.had.long.data,HadISST1.1; NOAA PSL Dipole Mode Index,degrees_C_anomaly,True,True
1880,12,1880-12-01,1880-12-31,-0.348,dmi,https://psl.noaa.gov/data/timeseries/month/data/dmi.had.long.data,HadISST1.1; NOAA PSL Dipole Mode Index,degrees_C_anomaly,True,True
1881,1,1881-01-01,1881-01-31,-0.174,dmi,https://psl.noaa.gov/data/timeseries/month/data/dmi.had.long.data,HadISST1.1; NOAA PSL Dipole Mode Index,degrees_C_anomaly,True,True
1881,2,1881-02-01,1881-02-28,-0.507,dmi,https://psl.noaa.gov/data/timeseries/month/data/dmi.had.long.data,HadISST1.1; NOAA PSL Dipole Mode Index,degrees_C_anomaly,True,True
1881,3,1881-03-01,1881-03-31,-0.349,dmi,https://psl.noaa.gov/data/timeseries/month/data/dmi.had.long.data,HadISST1.1; NOAA PSL Dipole Mode Index,degrees_C_anomaly,True,True
1881,4,1881-04-01,1881-04-30,-0.45,dmi,https://psl.noaa.gov/data/timeseries/month/data/dmi.had.long.data,HadISST1.1; NOAA PSL Dipole Mode Index,degrees_C_anomaly,True,True
1881,5,1881-05-01,1881-05-31,-0.14,dmi,https://psl.noaa.gov/data/timeseries/month/data/dmi.had.long.data,HadISST1.1; NOAA PSL Dipole Mode Index,degrees_C_anomaly,True,True
1881,6,1881-06-01,1881-06-30,0.179,dmi,https://psl.noaa.gov/data/timeseries/month/data/dmi.had.long.data,HadISST1.1; NOAA PSL Dipole Mode Index,degrees_C_anomaly,True,True
1881,7,1881-07-01,1881-07-31,-0.116,dmi,https://psl.noaa.gov/data/timeseries/month/data/dmi.had.long.data,HadISST1.1; NOAA PSL Dipole Mode Index,degrees_C_anomaly,True,True
1881,8,1881-08-01,1881-08-31,-0.078,dmi,https://psl.noaa.gov/data/timeseries/month/data/dmi.had.long.data,HadISST1.1; NOAA PSL Dipole Mode Index,degrees_C_anomaly,True,True
1881,9,1881-09-01,1881-09-30,-0.298,dmi,https://psl.noaa.gov/data/timeseries/month/data/dmi.had.long.data,HadISST1.1; NOAA PSL Dipole Mode Index,degrees_C_anomaly,True,True
1881,10,1881-10-01,1881-10-31,-0.462,dmi,https://psl.noaa.gov/data/timeseries/month/data/dmi.had.long.data,HadISST1.1; NOAA PSL Dipole Mode Index,degrees_C_anomaly,True,True
1881,11,1881-11-01,1881-11-30,-0.376,dmi,https://psl.noaa.gov/data/timeseries/month/data/dmi.had.long.data,HadISST1.1; NOAA PSL Dipole Mode Index,degrees_C_anomaly,True,True
1881,12,1881-12-01,1881-12-31,-0.496,dmi,https://psl.noaa.gov/data/timeseries/month/data/dmi.had.long.data,HadISST1.1; NOAA PSL Dipole Mode Index,degrees_C_anomaly,True,True
1882,1,1882-01-01,1882-01-31,-0.558,dmi,https://psl.noaa.gov/data/timeseries/month/data/dmi.had.long.data,HadISST1.1; NOAA PSL Dipole Mode Index,degrees_C_anomaly,True,True
1882,2,1882-02-01,1882-02-28,-0.68,dmi,https://psl.noaa.gov/data/timeseries/month/data/dmi.had.long.data,HadISST1.1; NOAA PSL Dipole Mode Index,degrees_C_anomaly,True,True
1882,3,1882-03-01,1882-03-31,-0.149,dmi,https://psl.noaa.gov/data/timeseries/month/data/dmi.had.long.data,HadISST1.1; NOAA PSL Dipole Mode Index,degrees_C_anomaly,True,True
1882,4,1882-04-01,1882-04-30,-0.134,dmi,https://psl.noaa.gov/data/timeseries/month/data/dmi.had.long.data,HadISST1.1; NOAA PSL Dipole Mode Index,degrees_C_anomaly,True,True
1882,5,1882-05-01,1882-05-31,-0.068,dmi,https://psl.noaa.gov/data/timeseries/month/data/dmi.had.long.data,HadISST1.1; NOAA PSL Dipole Mode Index,degrees_C_anomaly,True,True
1882,6,1882-06-01,1882-06-30,-0.071,dmi,https://psl.noaa.gov/data/timeseries/month/data/dmi.had.long.data,HadISST1.1; NOAA PSL Dipole Mode Index,degrees_C_anomaly,True,True
1882,7,1882-07-01,1882-07-31,-0.233,dmi,https://psl.noaa.gov/data/timeseries/month/data/dmi.had.long.data,HadISST1.1; NOAA PSL Dipole Mode Index,degrees_C_anomaly,True,True
1882,8,1882-08-01,1882-08-31,-0.496,dmi,https://psl.noaa.gov/data/timeseries/month/data/dmi.had.long.data,HadISST1.1; NOAA PSL Dipole Mode Index,degrees_C_anomaly,True,True
1882,9,1882-09-01,1882-09-30,-0.652,dmi,https://psl.noaa.gov/data/timeseries/month/data/dmi.had.long.data,HadISST1.1; NOAA PSL Dipole Mode Index,degrees_C_anomaly,True,True
1882,10,1882-10-01,1882-10-31,-0.51,dmi,https://psl.noaa.gov/data/timeseries/month/data/dmi.had.long.data,HadISST1.1; NOAA PSL Dipole Mode Index,degrees_C_anomaly,True,True
1882,11,1882-11-01,1882-11-30,-0.377,dmi,https://psl.noaa.gov/data/timeseries/month/data/dmi.had.long.data,HadISST1.1; NOAA PSL Dipole Mode Index,degrees_C_anomaly,True,True
1882,12,1882-12-01,1882-12-31,-0.431,dmi,https://psl.noaa.gov/data/timeseries/month/data/dmi.had.long.data,HadISST1.1; NOAA PSL Dipole Mode Index,degrees_C_anomaly,True,True
1883,1,1883-01-01,1883-01-31,-0.706,dmi,https://psl.noaa.gov/data/timeseries/month/data/dmi.had.long.data,HadISST1.1; NOAA PSL Dipole Mode Index,degrees_C_anomaly,True,True
1883,2,1883-02-01,1883-02-28,-0.207,dmi,https://psl.noaa.gov/data/timeseries/month/data/dmi.had.long.data,HadISST1.1; NOAA PSL Dipole Mode Index,degrees_C_anomaly,True,True
1883,3,1883-03-01,1883-03-31,-0.303,dmi,https://psl.noaa.gov/data/timeseries/month/data/dmi.had.long.data,HadISST1.1; NOAA PSL Dipole Mode Index,degrees_C_anomaly,True,True
1883,4,1883-04-01,1883-04-30,-0.127,dmi,https://psl.noaa.gov/data/timeseries/month/data/dmi.had.long.data,HadISST1.1; NOAA PSL Dipole Mode Index,degrees_C_anomaly,True,True
1883,5,1883-05-01,1883-05-31,-0.19,dmi,https://psl.noaa.gov/data/timeseries/month/data/dmi.had.long.data,HadISST1.1; NOAA PSL Dipole Mode Index,degrees_C_anomaly,True,True
1883,6,1883-06-01,1883-06-30,-0.084,dmi,https://psl.noaa.gov/data/timeseries/month/data/dmi.had.long.data,HadISST1.1; NOAA PSL Dipole Mode Index,degrees_C_anomaly,True,True
1883,7,1883-07-01,1883-07-31,-0.288,dmi,https://psl.noaa.gov/data/timeseries/month/data/dmi.had.long.data,HadISST1.1; NOAA PSL Dipole Mode Index,degrees_C_anomaly,True,True
1883,8,1883-08-01,1883-08-31,-0.125,dmi,https://psl.noaa.gov/data/timeseries/month/data/dmi.had.long.data,HadISST1.1; NOAA PSL Dipole Mode Index,degrees_C_anomaly,True,True
1883,9,1883-09-01,1883-09-30,-0.502,dmi,https://psl.noaa.gov/data/timeseries/month/data/dmi.had.long.data,HadISST1.1; NOAA PSL Dipole Mode Index,degrees_C_anomaly,True,True
1883,10,1883-10-01,1883-10-31,-0.348,dmi,https://psl.noaa.gov/data/timeseries/month/data/dmi.had.long.data,HadISST1.1; NOAA PSL Dipole Mode Index,degrees_C_anomaly,True,True
1883,11,1883-11-01,1883-11-30,-0.359,dmi,https://psl.noaa.gov/data/timeseries/month/data/dmi.had.long.data,HadISST1.1; NOAA PSL Dipole Mode Index,degrees_C_anomaly,True,True
1883,12,1883-12-01,1883-12-31,-0.325,dmi,https://psl.noaa.gov/data/timeseries/month/data/dmi.had.long.data,HadISST1.1; NOAA PSL Dipole Mode Index,degrees_C_anomaly,True,True
1884,1,1884-01-01,1884-01-31,-0.408,dmi,https://psl.noaa.gov/data/timeseries/month/data/dmi.had.long.data,HadISST1.1; NOAA PSL Dipole Mode Index,degrees_C_anomaly,True,True
1884,2,1884-02-01,1884-02-29,-0.183,dmi,https://psl.noaa.gov/data/timeseries/month/data/dmi.had.long.data,HadISST1.1; NOAA PSL Dipole Mode Index,degrees_C_anomaly,True,True
1884,3,1884-03-01,1884-03-31,-0.312,dmi,https://psl.noaa.gov/data/timeseries/month/data/dmi.had.long.data,HadISST1.1; NOAA PSL Dipole Mode Index,degrees_C_anomaly,True,True
1884,4,1884-04-01,1884-04-30,0.075,dmi,https://psl.noaa.gov/data/timeseries/month/data/dmi.had.long.data,HadISST1.1; NOAA PSL Dipole Mode Index,degrees_C_anomaly,True,True
1884,5,1884-05-01,1884-05-31,0.249,dmi,https://psl.noaa.gov/data/timeseries/month/data/dmi.had.long.data,HadISST1.1; NOAA PSL Dipole Mode Index,degrees_C_anomaly,True,True
1884,6,1884-06-01,1884-06-30,-0.203,dmi,https://psl.noaa.gov/data/timeseries/month/data/dmi.had.long.data,HadISST1.1; NOAA PSL Dipole Mode Index,degrees_C_anomaly,True,True
1884,7,1884-07-01,1884-07-31,-0.003,dmi,https://psl.noaa.gov/data/timeseries/month/data/dmi.had.long.data,HadISST1.1; NOAA PSL Dipole Mode Index,degrees_C_anomaly,True,True
1884,8,1884-08-01,1884-08-31,-0.306,dmi,https://psl.noaa.gov/data/timeseries/month/data/dmi.had.long.data,HadISST1.1; NOAA PSL Dipole Mode Index,degrees_C_anomaly,True,True
1884,9,1884-09-01,1884-09-30,-0.471,dmi,https://psl.noaa.gov/data/timeseries/month/data/dmi.had.long.data,HadISST1.1; NOAA PSL Dipole Mode Index,degrees_C_anomaly,True,True
1884,10,1884-10-01,1884-10-31,-0.368,dmi,https://psl.noaa.gov/data/timeseries/month/data/dmi.had.long.data,HadISST1.1; NOAA PSL Dipole Mode Index,degrees_C_anomaly,True,True
1884,11,1884-11-01,1884-11-30,-0.474,dmi,https://psl.noaa.gov/data/timeseries/month/data/dmi.had.long.data,HadISST1.1; NOAA PSL Dipole Mode Index,degrees_C_anomaly,True,True
1884,12,1884-12-01,1884-12-31,-0.417,dmi,https://psl.noaa.gov/data/timeseries/month/data/dmi.had.long.data,HadISST1.1; NOAA PSL Dipole Mode Index,degrees_C_anomaly,True,True
1885,1,1885-01-01,1885-01-31,-0.463,dmi,https://psl.noaa.gov/data/timeseries/month/data/dmi.had.long.data,HadISST1.1; NOAA PSL Dipole Mode Index,degrees_C_anomaly,True,True
1885,2,1885-02-01,1885-02-28,-0.09,dmi,https://psl.noaa.gov/data/timeseries/month/data/dmi.had.long.data,HadISST1.1; NOAA PSL Dipole Mode Index,degrees_C_anomaly,True,True
1885,3,1885-03-01,1885-03-31,-0.169,dmi,https://psl.noaa.gov/data/timeseries/month/data/dmi.had.long.data,HadISST1.1; NOAA PSL Dipole Mode Index,degrees_C_anomaly,True,True
1885,4,1885-04-01,1885-04-30,-0.198,dmi,https://psl.noaa.gov/data/timeseries/month/data/dmi.had.long.data,HadISST1.1; NOAA PSL Dipole Mode Index,degrees_C_anomaly,True,True
1885,5,1885-05-01,1885-05-31,-0.199,dmi,https://psl.noaa.gov/data/timeseries/month/data/dmi.had.long.data,HadISST1.1; NOAA PSL Dipole Mode Index,degrees_C_anomaly,True,True
1885,6,1885-06-01,1885-06-30,-0.13,dmi,https://psl.noaa.gov/data/timeseries/month/data/dmi.had.long.data,HadISST1.1; NOAA PSL Dipole Mode Index,degrees_C_anomaly,True,True
1885,7,1885-07-01,1885-07-31,-0.218,dmi,https://psl.noaa.gov/data/timeseries/month/data/dmi.had.long.data,HadISST1.1; NOAA PSL Dipole Mode Index,degrees_C_anomaly,True,True
1885,8,1885-08-01,1885-08-31,-0.229,dmi,https://psl.noaa.gov/data/timeseries/month/data/dmi.had.long.data,HadISST1.1; NOAA PSL Dipole Mode Index,degrees_C_anomaly,True,True
1885,9,1885-09-01,1885-09-30,-0.351,dmi,https://psl.noaa.gov/data/timeseries/month/data/dmi.had.long.data,HadISST1.1; NOAA PSL Dipole Mode Index,degrees_C_anomaly,True,True
1885,10,1885-10-01,1885-10-31,-0.219,dmi,https://psl.noaa.gov/data/timeseries/month/data/dmi.had.long.data,HadISST1.1; NOAA PSL Dipole Mode Index,degrees_C_anomaly,True,True
1885,11,1885-11-01,1885-11-30,-0.475,dmi,https://psl.noaa.gov/data/timeseries/month/data/dmi.had.long.data,HadISST1.1; NOAA PSL Dipole Mode Index,degrees_C_anomaly,True,True
1885,12,1885-12-01,1885-12-31,-0.385,dmi,https://psl.noaa.gov/data/timeseries/month/data/dmi.had.long.data,HadISST1.1; NOAA PSL Dipole Mode Index,degrees_C_anomaly,True,True
1886,1,1886-01-01,1886-01-31,-0.613,dmi,https://psl.noaa.gov/data/timeseries/month/data/dmi.had.long.data,HadISST1.1; NOAA PSL Dipole Mode Index,degrees_C_anomaly,True,True
1886,2,1886-02-01,1886-02-28,-0.766,dmi,https://psl.noaa.gov/data/timeseries/month/data/dmi.had.long.data,HadISST1.1; NOAA PSL Dipole Mode Index,degrees_C_anomaly,True,True
1886,3,1886-03-01,1886-03-31,-0.455,dmi,https://psl.noaa.gov/data/timeseries/month/data/dmi.had.long.data,HadISST1.1; NOAA PSL Dipole Mode Index,degrees_C_anomaly,True,True
1886,4,1886-04-01,1886-04-30,-0.282,dmi,https://psl.noaa.gov/data/timeseries/month/data/dmi.had.long.data,HadISST1.1; NOAA PSL Dipole Mode Index,degrees_C_anomaly,True,True
1886,5,1886-05-01,1886-05-31,-0.445,dmi,https://psl.noaa.gov/data/timeseries/month/data/dmi.had.long.data,HadISST1.1; NOAA PSL Dipole Mode Index,degrees_C_anomaly,True,True
1886,6,1886-06-01,1886-06-30,-0.347,dmi,https://psl.noaa.gov/data/timeseries/month/data/dmi.had.long.data,HadISST1.1; NOAA PSL Dipole Mode Index,degrees_C_anomaly,True,True
1886,7,1886-07-01,1886-07-31,-0.725,dmi,https://psl.noaa.gov/data/timeseries/month/data/dmi.had.long.data,HadISST1.1; NOAA PSL Dipole Mode Index,degrees_C_anomaly,True,True
1886,8,1886-08-01,1886-08-31,-0.918,dmi,https://psl.noaa.gov/data/timeseries/month/data/dmi.had.long.data,HadISST1.1; NOAA PSL Dipole Mode Index,degrees_C_anomaly,True,True
1886,9,1886-09-01,1886-09-30,-0.989,dmi,https://psl.noaa.gov/data/timeseries/month/data/dmi.had.long.data,HadISST1.1; NOAA PSL Dipole Mode Index,degrees_C_anomaly,True,True
1886,10,1886-10-01,1886-10-31,-0.897,dmi,https://psl.noaa.gov/data/timeseries/month/data/dmi.had.long.data,HadISST1.1; NOAA PSL Dipole Mode Index,degrees_C_anomaly,True,True
1886,11,1886-11-01,1886-11-30,-0.684,dmi,https://psl.noaa.gov/data/timeseries/month/data/dmi.had.long.data,HadISST1.1; NOAA PSL Dipole Mode Index,degrees_C_anomaly,True,True
1886,12,1886-12-01,1886-12-31,-0.56,dmi,https://psl.noaa.gov/data/timeseries/month/data/dmi.had.long.data,HadISST1.1; NOAA PSL Dipole Mode Index,degrees_C_anomaly,True,True
1887,1,1887-01-01,1887-01-31,-0.459,dmi,https://psl.noaa.gov/data/timeseries/month/data/dmi.had.long.data,HadISST1.1; NOAA PSL Dipole Mode Index,degrees_C_anomaly,True,True
1887,2,1887-02-01,1887-02-28,-0.389,dmi,https://psl.noaa.gov/data/timeseries/month/data/dmi.had.long.data,HadISST1.1; NOAA PSL Dipole Mode Index,degrees_C_anomaly,True,True
1887,3,1887-03-01,1887-03-31,-0.282,dmi,https://psl.noaa.gov/data/timeseries/month/data/dmi.had.long.data,HadISST1.1; NOAA PSL Dipole Mode Index,degrees_C_anomaly,True,True
1887,4,1887-04-01,1887-04-30,-0.258,dmi,https://psl.noaa.gov/data/timeseries/month/data/dmi.had.long.data,HadISST1.1; NOAA PSL Dipole Mode Index,degrees_C_anomaly,True,True
1887,5,1887-05-01,1887-05-31,-0.291,dmi,https://psl.noaa.gov/data/timeseries/month/data/dmi.had.long.data,HadISST1.1; NOAA PSL Dipole Mode Index,degrees_C_anomaly,True,True
1887,6,1887-06-01,1887-06-30,-0.172,dmi,https://psl.noaa.gov/data/timeseries/month/data/dmi.had.long.data,HadISST1.1; NOAA PSL Dipole Mode Index,degrees_C_anomaly,True,True
1887,7,1887-07-01,1887-07-31,-0.233,dmi,https://psl.noaa.gov/data/timeseries/month/data/dmi.had.long.data,HadISST1.1; NOAA PSL Dipole Mode Index,degrees_C_anomaly,True,True
1887,8,1887-08-01,1887-08-31,-0.01,dmi,https://psl.noaa.gov/data/timeseries/month/data/dmi.had.long.data,HadISST1.1; NOAA PSL Dipole Mode Index,degrees_C_anomaly,True,True
1887,9,1887-09-01,1887-09-30,-0.286,dmi,https://psl.noaa.gov/data/timeseries/month/data/dmi.had.long.data,HadISST1.1; NOAA PSL Dipole Mode Index,degrees_C_anomaly,True,True
1887,10,1887-10-01,1887-10-31,-0.517,dmi,https://psl.noaa.gov/data/timeseries/month/data/dmi.had.long.data,HadISST1.1; NOAA PSL Dipole Mode Index,degrees_C_anomaly,True,True
1887,11,1887-11-01,1887-11-30,-0.289,dmi,https://psl.noaa.gov/data/timeseries/month/data/dmi.had.long.data,HadISST1.1; NOAA PSL Dipole Mode Index,degrees_C_anomaly,True,True
1887,12,1887-12-01,1887-12-31,-0.295,dmi,https://psl.noaa.gov/data/timeseries/month/data/dmi.had.long.data,HadISST1.1; NOAA PSL Dipole Mode Index,degrees_C_anomaly,True,True
1888,1,1888-01-01,1888-01-31,-0.34,dmi,https://psl.noaa.gov/data/timeseries/month/data/dmi.had.long.data,HadISST1.1; NOAA PSL Dipole Mode Index,degrees_C_anomaly,True,True
1888,2,1888-02-01,1888-02-29,-0.603,dmi,https://psl.noaa.gov/data/timeseries/month/data/dmi.had.long.data,HadISST1.1; NOAA PSL Dipole Mode Index,degrees_C_anomaly,True,True
1888,3,1888-03-01,1888-03-31,-0.733,dmi,https://psl.noaa.gov/data/timeseries/month/data/dmi.had.long.data,HadISST1.1; NOAA PSL Dipole Mode Index,degrees_C_anomaly,True,True
1888,4,1888-04-01,1888-04-30,-0.862,dmi,https://psl.noaa.gov/data/timeseries/month/data/dmi.had.long.data,HadISST1.1; NOAA PSL Dipole Mode Index,degrees_C_anomaly,True,True
1888,5,1888-05-01,1888-05-31,-0.504,dmi,https://psl.noaa.gov/data/timeseries/month/data/dmi.had.long.data,HadISST1.1; NOAA PSL Dipole Mode Index,degrees_C_anomaly,True,True
1888,6,1888-06-01,1888-06-30,-0.424,dmi,https://psl.noaa.gov/data/timeseries/month/data/dmi.had.long.data,HadISST1.1; NOAA PSL Dipole Mode Index,degrees_C_anomaly,True,True
1888,7,1888-07-01,1888-07-31,-0.449,dmi,https://psl.noaa.gov/data/timeseries/month/data/dmi.had.long.data,HadISST1.1; NOAA PSL Dipole Mode Index,degrees_C_anomaly,True,True
1888,8,1888-08-01,1888-08-31,-0.37,dmi,https://psl.noaa.gov/data/timeseries/month/data/dmi.had.long.data,HadISST1.1; NOAA PSL Dipole Mode Index,degrees_C_anomaly,True,True
1888,9,1888-09-01,1888-09-30,-0.526,dmi,https://psl.noaa.gov/data/timeseries/month/data/dmi.had.long.data,HadISST1.1; NOAA PSL Dipole Mode Index,degrees_C_anomaly,True,True
1888,10,1888-10-01,1888-10-31,-0.436,dmi,https://psl.noaa.gov/data/timeseries/month/data/dmi.had.long.data,HadISST1.1; NOAA PSL Dipole Mode Index,degrees_C_anomaly,True,True
1888,11,1888-11-01,1888-11-30,-0.553,dmi,https://psl.noaa.gov/data/timeseries/month/data/dmi.had.long.data,HadISST1.1; NOAA PSL Dipole Mode Index,degrees_C_anomaly,True,True
1888,12,1888-12-01,1888-12-31,-0.452,dmi,https://psl.noaa.gov/data/timeseries/month/data/dmi.had.long.data,HadISST1.1; NOAA PSL Dipole Mode Index,degrees_C_anomaly,True,True
1889,1,1889-01-01,1889-01-31,-0.663,dmi,https://psl.noaa.gov/data/timeseries/month/data/dmi.had.long.data,HadISST1.1; NOAA PSL Dipole Mode Index,degrees_C_anomaly,True,True
1889,2,1889-02-01,1889-02-28,-0.246,dmi,https://psl.noaa.gov/data/timeseries/month/data/dmi.had.long.data,HadISST1.1; NOAA PSL Dipole Mode Index,degrees_C_anomaly,True,True
1889,3,1889-03-01,1889-03-31,-0.653,dmi,https://psl.noaa.gov/data/timeseries/month/data/dmi.had.long.data,HadISST1.1; NOAA PSL Dipole Mode Index,degrees_C_anomaly,True,True
1889,4,1889-04-01,1889-04-30,-0.818,dmi,https://psl.noaa.gov/data/timeseries/month/data/dmi.had.long.data,HadISST1.1; NOAA PSL Dipole Mode Index,degrees_C_anomaly,True,True
1889,5,1889-05-01,1889-05-31,-0.664,dmi,https://psl.noaa.gov/data/timeseries/month/data/dmi.had.long.data,HadISST1.1; NOAA PSL Dipole Mode Index,degrees_C_anomaly,True,True
1889,6,1889-06-01,1889-06-30,-0.562,dmi,https://psl.noaa.gov/data/timeseries/month/data/dmi.had.long.data,HadISST1.1; NOAA PSL Dipole Mode Index,degrees_C_anomaly,True,True
1889,7,1889-07-01,1889-07-31,-0.515,dmi,https://psl.noaa.gov/data/timeseries/month/data/dmi.had.long.data,HadISST1.1; NOAA PSL Dipole Mode Index,degrees_C_anomaly,True,True
1889,8,1889-08-01,1889-08-31,-0.664,dmi,https://psl.noaa.gov/data/timeseries/month/data/dmi.had.long.data,HadISST1.1; NOAA PSL Dipole Mode Index,degrees_C_anomaly,True,True
1889,9,1889-09-01,1889-09-30,-0.911,dmi,https://psl.noaa.gov/data/timeseries/month/data/dmi.had.long.data,HadISST1.1; NOAA PSL Dipole Mode Index,degrees_C_anomaly,True,True
1889,10,1889-10-01,1889-10-31,-1.139,dmi,https://psl.noaa.gov/data/timeseries/month/data/dmi.had.long.data,HadISST1.1; NOAA PSL Dipole Mode Index,degrees_C_anomaly,True,True
1889,11,1889-11-01,1889-11-30,-0.871,dmi,https://psl.noaa.gov/data/timeseries/month/data/dmi.had.long.data,HadISST1.1; NOAA PSL Dipole Mode Index,degrees_C_anomaly,True,True
1889,12,1889-12-01,1889-12-31,-0.41,dmi,https://psl.noaa.gov/data/timeseries/month/data/dmi.had.long.data,HadISST1.1; NOAA PSL Dipole Mode Index,degrees_C_anomaly,True,True
1890,1,1890-01-01,1890-01-31,-0.105,dmi,https://psl.noaa.gov/data/timeseries/month/data/dmi.had.long.data,HadISST1.1; NOAA PSL Dipole Mode Index,degrees_C_anomaly,True,True
1890,2,1890-02-01,1890-02-28,-0.066,dmi,https://psl.noaa.gov/data/timeseries/month/data/dmi.had.long.data,HadISST1.1; NOAA PSL Dipole Mode Index,degrees_C_anomaly,True,True
1890,3,1890-03-01,1890-03-31,-0.199,dmi,https://psl.noaa.gov/data/timeseries/month/data/dmi.had.long.data,HadISST1.1; NOAA PSL Dipole Mode Index,degrees_C_anomaly,True,True
1890,4,1890-04-01,1890-04-30,-0.202,dmi,https://psl.noaa.gov/data/timeseries/month/data/dmi.had.long.data,HadISST1.1; NOAA PSL Dipole Mode Index,degrees_C_anomaly,True,True
1890,5,1890-05-01,1890-05-31,-0.336,dmi,https://psl.noaa.gov/data/timeseries/month/data/dmi.had.long.data,HadISST1.1; NOAA PSL Dipole Mode Index,degrees_C_anomaly,True,True
1890,6,1890-06-01,1890-06-30,-0.769,dmi,https://psl.noaa.gov/data/timeseries/month/data/dmi.had.long.data,HadISST1.1; NOAA PSL Dipole Mode Index,degrees_C_anomaly,True,True
1890,7,1890-07-01,1890-07-31,-0.917,dmi,https://psl.noaa.gov/data/timeseries/month/data/dmi.had.long.data,HadISST1.1; NOAA PSL Dipole Mode Index,degrees_C_anomaly,True,True
1890,8,1890-08-01,1890-08-31,-0.706,dmi,https://psl.noaa.gov/data/timeseries/month/data/dmi.had.long.data,HadISST1.1; NOAA PSL Dipole Mode Index,degrees_C_anomaly,True,True
1890,9,1890-09-01,1890-09-30,-1.091,dmi,https://psl.noaa.gov/data/timeseries/month/data/dmi.had.long.data,HadISST1.1; NOAA PSL Dipole Mode Index,degrees_C_anomaly,True,True
1890,10,1890-10-01,1890-10-31,-1.167,dmi,https://psl.noaa.gov/data/timeseries/month/data/dmi.had.long.data,HadISST1.1; NOAA PSL Dipole Mode Index,degrees_C_anomaly,True,True
1890,11,1890-11-01,1890-11-30,-0.906,dmi,https://psl.noaa.gov/data/timeseries/month/data/dmi.had.long.data,HadISST1.1; NOAA PSL Dipole Mode Index,degrees_C_anomaly,True,True
1890,12,1890-12-01,1890-12-31,-0.583,dmi,https://psl.noaa.gov/data/timeseries/month/data/dmi.had.long.data,HadISST1.1; NOAA PSL Dipole Mode Index,degrees_C_anomaly,True,True
1891,1,1891-01-01,1891-01-31,-0.319,dmi,https://psl.noaa.gov/data/timeseries/month/data/dmi.had.long.data,HadISST1.1; NOAA PSL Dipole Mode Index,degrees_C_anomaly,True,True
1891,2,1891-02-01,1891-02-28,-0.573,dmi,https://psl.noaa.gov/data/timeseries/month/data/dmi.had.long.data,HadISST1.1; NOAA PSL Dipole Mode Index,degrees_C_anomaly,True,True
1891,3,1891-03-01,1891-03-31,-0.612,dmi,https://psl.noaa.gov/data/timeseries/month/data/dmi.had.long.data,HadISST1.1; NOAA PSL Dipole Mode Index,degrees_C_anomaly,True,True
1891,4,1891-04-01,1891-04-30,-0.286,dmi,https://psl.noaa.gov/data/timeseries/month/data/dmi.had.long.data,HadISST1.1; NOAA PSL Dipole Mode Index,degrees_C_anomaly,True,True
1891,5,1891-05-01,1891-05-31,-0.325,dmi,https://psl.noaa.gov/data/timeseries/month/data/dmi.had.long.data,HadISST1.1; NOAA PSL Dipole Mode Index,degrees_C_anomaly,True,True
1891,6,1891-06-01,1891-06-30,-0.099,dmi,https://psl.noaa.gov/data/timeseries/month/data/dmi.had.long.data,HadISST1.1; NOAA PSL Dipole Mode Index,degrees_C_anomaly,True,True
1891,7,1891-07-01,1891-07-31,-0.302,dmi,https://psl.noaa.gov/data/timeseries/month/data/dmi.had.long.data,HadISST1.1; NOAA PSL Dipole Mode Index,degrees_C_anomaly,True,True
1891,8,1891-08-01,1891-08-31,-0.006,dmi,https://psl.noaa.gov/data/timeseries/month/data/dmi.had.long.data,HadISST1.1; NOAA PSL Dipole Mode Index,degrees_C_anomaly,True,True
1891,9,1891-09-01,1891-09-30,-0.067,dmi,https://psl.noaa.gov/data/timeseries/month/data/dmi.had.long.data,HadISST1.1; NOAA PSL Dipole Mode Index,degrees_C_anomaly,True,True
1891,10,1891-10-01,1891-10-31,-0.117,dmi,https://psl.noaa.gov/data/timeseries/month/data/dmi.had.long.data,HadISST1.1; NOAA PSL Dipole Mode Index,degrees_C_anomaly,True,True
1891,11,1891-11-01,1891-11-30,-0.13,dmi,https://psl.noaa.gov/data/timeseries/month/data/dmi.had.long.data,HadISST1.1; NOAA PSL Dipole Mode Index,degrees_C_anomaly,True,True
1891,12,1891-12-01,1891-12-31,0.068,dmi,https://psl.noaa.gov/data/timeseries/month/data/dmi.had.long.data,HadISST1.1; NOAA PSL Dipole Mode Index,degrees_C_anomaly,True,True
1892,1,1892-01-01,1892-01-31,-0.233,dmi,https://psl.noaa.gov/data/timeseries/month/data/dmi.had.long.data,HadISST1.1; NOAA PSL Dipole Mode Index,degrees_C_anomaly,True,True
1892,2,1892-02-01,1892-02-29,-0.323,dmi,https://psl.noaa.gov/data/timeseries/month/data/dmi.had.long.data,HadISST1.1; NOAA PSL Dipole Mode Index,degrees_C_anomaly,True,True
1892,3,1892-03-01,1892-03-31,-0.208,dmi,https://psl.noaa.gov/data/timeseries/month/data/dmi.had.long.data,HadISST1.1; NOAA PSL Dipole Mode Index,degrees_C_anomaly,True,True
1892,4,1892-04-01,1892-04-30,-0.318,dmi,https://psl.noaa.gov/data/timeseries/month/data/dmi.had.long.data,HadISST1.1; NOAA PSL Dipole Mode Index,degrees_C_anomaly,True,True
1892,5,1892-05-01,1892-05-31,-0.286,dmi,https://psl.noaa.gov/data/timeseries/month/data/dmi.had.long.data,HadISST1.1; NOAA PSL Dipole Mode Index,degrees_C_anomaly,True,True
1892,6,1892-06-01,1892-06-30,-0.487,dmi,https://psl.noaa.gov/data/timeseries/month/data/dmi.had.long.data,HadISST1.1; NOAA PSL Dipole Mode Index,degrees_C_anomaly,True,True
1892,7,1892-07-01,1892-07-31,-0.659,dmi,https://psl.noaa.gov/data/timeseries/month/data/dmi.had.long.data,HadISST1.1; NOAA PSL Dipole Mode Index,degrees_C_anomaly,True,True
1892,8,1892-08-01,1892-08-31,-1.041,dmi,https://psl.noaa.gov/data/timeseries/month/data/dmi.had.long.data,HadISST1.1; NOAA PSL Dipole Mode Index,degrees_C_anomaly,True,True
1892,9,1892-09-01,1892-09-30,-1.181,dmi,https://psl.noaa.gov/data/timeseries/month/data/dmi.had.long.data,HadISST1.1; NOAA PSL Dipole Mode Index,degrees_C_anomaly,True,True
1892,10,1892-10-01,1892-10-31,-0.815,dmi,https://psl.noaa.gov/data/timeseries/month/data/dmi.had.long.data,HadISST1.1; NOAA PSL Dipole Mode Index,degrees_C_anomaly,True,True
1892,11,1892-11-01,1892-11-30,-0.454,dmi,https://psl.noaa.gov/data/timeseries/month/data/dmi.had.long.data,HadISST1.1; NOAA PSL Dipole Mode Index,degrees_C_anomaly,True,True
1892,12,1892-12-01,1892-12-31,-0.496,dmi,https://psl.noaa.gov/data/timeseries/month/data/dmi.had.long.data,HadISST1.1; NOAA PSL Dipole Mode Index,degrees_C_anomaly,True,True
1893,1,1893-01-01,1893-01-31,-0.446,dmi,https://psl.noaa.gov/data/timeseries/month/data/dmi.had.long.data,HadISST1.1; NOAA PSL Dipole Mode Index,degrees_C_anomaly,True,True
1893,2,1893-02-01,1893-02-28,-0.469,dmi,https://psl.noaa.gov/data/timeseries/month/data/dmi.had.long.data,HadISST1.1; NOAA PSL Dipole Mode Index,degrees_C_anomaly,True,True
1893,3,1893-03-01,1893-03-31,-0.413,dmi,https://psl.noaa.gov/data/timeseries/month/data/dmi.had.long.data,HadISST1.1; NOAA PSL Dipole Mode Index,degrees_C_anomaly,True,True
1893,4,1893-04-01,1893-04-30,-0.583,dmi,https://psl.noaa.gov/data/timeseries/month/data/dmi.had.long.data,HadISST1.1; NOAA PSL Dipole Mode Index,degrees_C_anomaly,True,True
1893,5,1893-05-01,1893-05-31,-0.523,dmi,https://psl.noaa.gov/data/timeseries/month/data/dmi.had.long.data,HadISST1.1; NOAA PSL Dipole Mode Index,degrees_C_anomaly,True,True
1893,6,1893-06-01,1893-06-30,-0.526,dmi,https://psl.noaa.gov/data/timeseries/month/data/dmi.had.long.data,HadISST1.1; NOAA PSL Dipole Mode Index,degrees_C_anomaly,True,True
1893,7,1893-07-01,1893-07-31,-0.549,dmi,https://psl.noaa.gov/data/timeseries/month/data/dmi.had.long.data,HadISST1.1; NOAA PSL Dipole Mode Index,degrees_C_anomaly,True,True
1893,8,1893-08-01,1893-08-31,-0.757,dmi,https://psl.noaa.gov/data/timeseries/month/data/dmi.had.long.data,HadISST1.1; NOAA PSL Dipole Mode Index,degrees_C_anomaly,True,True
1893,9,1893-09-01,1893-09-30,-0.692,dmi,https://psl.noaa.gov/data/timeseries/month/data/dmi.had.long.data,HadISST1.1; NOAA PSL Dipole Mode Index,degrees_C_anomaly,True,True
1893,10,1893-10-01,1893-10-31,-0.796,dmi,https://psl.noaa.gov/data/timeseries/month/data/dmi.had.long.data,HadISST1.1; NOAA PSL Dipole Mode Index,degrees_C_anomaly,True,True
1893,11,1893-11-01,1893-11-30,-0.518,dmi,https://psl.noaa.gov/data/timeseries/month/data/dmi.had.long.data,HadISST1.1; NOAA PSL Dipole Mode Index,degrees_C_anomaly,True,True
1893,12,1893-12-01,1893-12-31,-0.364,dmi,https://psl.noaa.gov/data/timeseries/month/data/dmi.had.long.data,HadISST1.1; NOAA PSL Dipole Mode Index,degrees_C_anomaly,True,True
1894,1,1894-01-01,1894-01-31,-0.077,dmi,https://psl.noaa.gov/data/timeseries/month/data/dmi.had.long.data,HadISST1.1; NOAA PSL Dipole Mode Index,degrees_C_anomaly,True,True
1894,2,1894-02-01,1894-02-28,-0.261,dmi,https://psl.noaa.gov/data/timeseries/month/data/dmi.had.long.data,HadISST1.1; NOAA PSL Dipole Mode Index,degrees_C_anomaly,True,True
1894,3,1894-03-01,1894-03-31,-0.264,dmi,https://psl.noaa.gov/data/timeseries/month/data/dmi.had.long.data,HadISST1.1; NOAA PSL Dipole Mode Index,degrees_C_anomaly,True,True
1894,4,1894-04-01,1894-04-30,-0.316,dmi,https://psl.noaa.gov/data/timeseries/month/data/dmi.had.long.data,HadISST1.1; NOAA PSL Dipole Mode Index,degrees_C_anomaly,True,True
1894,5,1894-05-01,1894-05-31,-0.213,dmi,https://psl.noaa.gov/data/timeseries/month/data/dmi.had.long.data,HadISST1.1; NOAA PSL Dipole Mode Index,degrees_C_anomaly,True,True
1894,6,1894-06-01,1894-06-30,-0.095,dmi,https://psl.noaa.gov/data/timeseries/month/data/dmi.had.long.data,HadISST1.1; NOAA PSL Dipole Mode Index,degrees_C_anomaly,True,True
1894,7,1894-07-01,1894-07-31,-0.18,dmi,https://psl.noaa.gov/data/timeseries/month/data/dmi.had.long.data,HadISST1.1; NOAA PSL Dipole Mode Index,degrees_C_anomaly,True,True
1894,8,1894-08-01,1894-08-31,0.125,dmi,https://psl.noaa.gov/data/timeseries/month/data/dmi.had.long.data,HadISST1.1; NOAA PSL Dipole Mode Index,degrees_C_anomaly,True,True
1894,9,1894-09-01,1894-09-30,-0.329,dmi,https://psl.noaa.gov/data/timeseries/month/data/dmi.had.long.data,HadISST1.1; NOAA PSL Dipole Mode Index,degrees_C_anomaly,True,True
1894,10,1894-10-01,1894-10-31,-0.326,dmi,https://psl.noaa.gov/data/timeseries/month/data/dmi.had.long.data,HadISST1.1; NOAA PSL Dipole Mode Index,degrees_C_anomaly,True,True
1894,11,1894-11-01,1894-11-30,-0.275,dmi,https://psl.noaa.gov/data/timeseries/month/data/dmi.had.long.data,HadISST1.1; NOAA PSL Dipole Mode Index,degrees_C_anomaly,True,True
1894,12,1894-12-01,1894-12-31,-0.251,dmi,https://psl.noaa.gov/data/timeseries/month/data/dmi.had.long.data,HadISST1.1; NOAA PSL Dipole Mode Index,degrees_C_anomaly,True,True
1895,1,1895-01-01,1895-01-31,-0.184,dmi,https://psl.noaa.gov/data/timeseries/month/data/dmi.had.long.data,HadISST1.1; NOAA PSL Dipole Mode Index,degrees_C_anomaly,True,True
1895,2,1895-02-01,1895-02-28,-0.056,dmi,https://psl.noaa.gov/data/timeseries/month/data/dmi.had.long.data,HadISST1.1; NOAA PSL Dipole Mode Index,degrees_C_anomaly,True,True
1895,3,1895-03-01,1895-03-31,-0.108,dmi,https://psl.noaa.gov/data/timeseries/month/data/dmi.had.long.data,HadISST1.1; NOAA PSL Dipole Mode Index,degrees_C_anomaly,True,True
1895,4,1895-04-01,1895-04-30,-0.177,dmi,https://psl.noaa.gov/data/timeseries/month/data/dmi.had.long.data,HadISST1.1; NOAA PSL Dipole Mode Index,degrees_C_anomaly,True,True
1895,5,1895-05-01,1895-05-31,-0.157,dmi,https://psl.noaa.gov/data/timeseries/month/data/dmi.had.long.data,HadISST1.1; NOAA PSL Dipole Mode Index,degrees_C_anomaly,True,True
1895,6,1895-06-01,1895-06-30,-0.105,dmi,https://psl.noaa.gov/data/timeseries/month/data/dmi.had.long.data,HadISST1.1; NOAA PSL Dipole Mode Index,degrees_C_anomaly,True,True
1895,7,1895-07-01,1895-07-31,-0.41,dmi,https://psl.noaa.gov/data/timeseries/month/data/dmi.had.long.data,HadISST1.1; NOAA PSL Dipole Mode Index,degrees_C_anomaly,True,True
1895,8,1895-08-01,1895-08-31,-0.071,dmi,https://psl.noaa.gov/data/timeseries/month/data/dmi.had.long.data,HadISST1.1; NOAA PSL Dipole Mode Index,degrees_C_anomaly,True,True
1895,9,1895-09-01,1895-09-30,-0.306,dmi,https://psl.noaa.gov/data/timeseries/month/data/dmi.had.long.data,HadISST1.1; NOAA PSL Dipole Mode Index,degrees_C_anomaly,True,True
1895,10,1895-10-01,1895-10-31,-0.155,dmi,https://psl.noaa.gov/data/timeseries/month/data/dmi.had.long.data,HadISST1.1; NOAA PSL Dipole Mode Index,degrees_C_anomaly,True,True
1895,11,1895-11-01,1895-11-30,-0.482,dmi,https://psl.noaa.gov/data/timeseries/month/data/dmi.had.long.data,HadISST1.1; NOAA PSL Dipole Mode Index,degrees_C_anomaly,True,True
1895,12,1895-12-01,1895-12-31,-0.372,dmi,https://psl.noaa.gov/data/timeseries/month/data/dmi.had.long.data,HadISST1.1; NOAA PSL Dipole Mode Index,degrees_C_anomaly,True,True
1896,1,1896-01-01,1896-01-31,-0.386,dmi,https://psl.noaa.gov/data/timeseries/month/data/dmi.had.long.data,HadISST1.1; NOAA PSL Dipole Mode Index,degrees_C_anomaly,True,True
1896,2,1896-02-01,1896-02-29,-0.587,dmi,https://psl.noaa.gov/data/timeseries/month/data/dmi.had.long.data,HadISST1.1; NOAA PSL Dipole Mode Index,degrees_C_anomaly,True,True
1896,3,1896-03-01,1896-03-31,-0.562,dmi,https://psl.noaa.gov/data/timeseries/month/data/dmi.had.long.data,HadISST1.1; NOAA PSL Dipole Mode Index,degrees_C_anomaly,True,True
1896,4,1896-04-01,1896-04-30,-0.292,dmi,https://psl.noaa.gov/data/timeseries/month/data/dmi.had.long.data,HadISST1.1; NOAA PSL Dipole Mode Index,degrees_C_anomaly,True,True
1896,5,1896-05-01,1896-05-31,-0.216,dmi,https://psl.noaa.gov/data/timeseries/month/data/dmi.had.long.data,HadISST1.1; NOAA PSL Dipole Mode Index,degrees_C_anomaly,True,True
1896,6,1896-06-01,1896-06-30,-0.156,dmi,https://psl.noaa.gov/data/timeseries/month/data/dmi.had.long.data,HadISST1.1; NOAA PSL Dipole Mode Index,degrees_C_anomaly,True,True
1896,7,1896-07-01,1896-07-31,-0.1,dmi,https://psl.noaa.gov/data/timeseries/month/data/dmi.had.long.data,HadISST1.1; NOAA PSL Dipole Mode Index,degrees_C_anomaly,True,True
1896,8,1896-08-01,1896-08-31,-0.132,dmi,https://psl.noaa.gov/data/timeseries/month/data/dmi.had.long.data,HadISST1.1; NOAA PSL Dipole Mode Index,degrees_C_anomaly,True,True
1896,9,1896-09-01,1896-09-30,-0.011,dmi,https://psl.noaa.gov/data/timeseries/month/data/dmi.had.long.data,HadISST1.1; NOAA PSL Dipole Mode Index,degrees_C_anomaly,True,True
1896,10,1896-10-01,1896-10-31,0.302,dmi,https://psl.noaa.gov/data/timeseries/month/data/dmi.had.long.data,HadISST1.1; NOAA PSL Dipole Mode Index,degrees_C_anomaly,True,True
1896,11,1896-11-01,1896-11-30,0.04,dmi,https://psl.noaa.gov/data/timeseries/month/data/dmi.had.long.data,HadISST1.1; NOAA PSL Dipole Mode Index,degrees_C_anomaly,True,True
1896,12,1896-12-01,1896-12-31,0.097,dmi,https://psl.noaa.gov/data/timeseries/month/data/dmi.had.long.data,HadISST1.1; NOAA PSL Dipole Mode Index,degrees_C_anomaly,True,True
1897,1,1897-01-01,1897-01-31,-0.183,dmi,https://psl.noaa.gov/data/timeseries/month/data/dmi.had.long.data,HadISST1.1; NOAA PSL Dipole Mode Index,degrees_C_anomaly,True,True
1897,2,1897-02-01,1897-02-28,-0.314,dmi,https://psl.noaa.gov/data/timeseries/month/data/dmi.had.long.data,HadISST1.1; NOAA PSL Dipole Mode Index,degrees_C_anomaly,True,True
1897,3,1897-03-01,1897-03-31,-0.284,dmi,https://psl.noaa.gov/data/timeseries/month/data/dmi.had.long.data,HadISST1.1; NOAA PSL Dipole Mode Index,degrees_C_anomaly,True,True
1897,4,1897-04-01,1897-04-30,-0.178,dmi,https://psl.noaa.gov/data/timeseries/month/data/dmi.had.long.data,HadISST1.1; NOAA PSL Dipole Mode Index,degrees_C_anomaly,True,True
1897,5,1897-05-01,1897-05-31,-0.184,dmi,https://psl.noaa.gov/data/timeseries/month/data/dmi.had.long.data,HadISST1.1; NOAA PSL Dipole Mode Index,degrees_C_anomaly,True,True
1897,6,1897-06-01,1897-06-30,-0.252,dmi,https://psl.noaa.gov/data/timeseries/month/data/dmi.had.long.data,HadISST1.1; NOAA PSL Dipole Mode Index,degrees_C_anomaly,True,True
1897,7,1897-07-01,1897-07-31,-0.245,dmi,https://psl.noaa.gov/data/timeseries/month/data/dmi.had.long.data,HadISST1.1; NOAA PSL Dipole Mode Index,degrees_C_anomaly,True,True
1897,8,1897-08-01,1897-08-31,-0.22,dmi,https://psl.noaa.gov/data/timeseries/month/data/dmi.had.long.data,HadISST1.1; NOAA PSL Dipole Mode Index,degrees_C_anomaly,True,True
1897,9,1897-09-01,1897-09-30,-0.56,dmi,https://psl.noaa.gov/data/timeseries/month/data/dmi.had.long.data,HadISST1.1; NOAA PSL Dipole Mode Index,degrees_C_anomaly,True,True
1897,10,1897-10-01,1897-10-31,-1.125,dmi,https://psl.noaa.gov/data/timeseries/month/data/dmi.had.long.data,HadISST1.1; NOAA PSL Dipole Mode Index,degrees_C_anomaly,True,True
1897,11,1897-11-01,1897-11-30,-0.904,dmi,https://psl.noaa.gov/data/timeseries/month/data/dmi.had.long.data,HadISST1.1; NOAA PSL Dipole Mode Index,degrees_C_anomaly,True,True
1897,12,1897-12-01,1897-12-31,-0.744,dmi,https://psl.noaa.gov/data/timeseries/month/data/dmi.had.long.data,HadISST1.1; NOAA PSL Dipole Mode Index,degrees_C_anomaly,True,True
1898,1,1898-01-01,1898-01-31,-0.549,dmi,https://psl.noaa.gov/data/timeseries/month/data/dmi.had.long.data,HadISST1.1; NOAA PSL Dipole Mode Index,degrees_C_anomaly,True,True
1898,2,1898-02-01,1898-02-28,-0.445,dmi,https://psl.noaa.gov/data/timeseries/month/data/dmi.had.long.data,HadISST1.1; NOAA PSL Dipole Mode Index,degrees_C_anomaly,True,True
1898,3,1898-03-01,1898-03-31,-0.331,dmi,https://psl.noaa.gov/data/timeseries/month/data/dmi.had.long.data,HadISST1.1; NOAA PSL Dipole Mode Index,degrees_C_anomaly,True,True
1898,4,1898-04-01,1898-04-30,-0.379,dmi,https://psl.noaa.gov/data/timeseries/month/data/dmi.had.long.data,HadISST1.1; NOAA PSL Dipole Mode Index,degrees_C_anomaly,True,True
1898,5,1898-05-01,1898-05-31,-0.494,dmi,https://psl.noaa.gov/data/timeseries/month/data/dmi.had.long.data,HadISST1.1; NOAA PSL Dipole Mode Index,degrees_C_anomaly,True,True
1898,6,1898-06-01,1898-06-30,-0.432,dmi,https://psl.noaa.gov/data/timeseries/month/data/dmi.had.long.data,HadISST1.1; NOAA PSL Dipole Mode Index,degrees_C_anomaly,True,True
1898,7,1898-07-01,1898-07-31,-0.823,dmi,https://psl.noaa.gov/data/timeseries/month/data/dmi.had.long.data,HadISST1.1; NOAA PSL Dipole Mode Index,degrees_C_anomaly,True,True
1898,8,1898-08-01,1898-08-31,-0.819,dmi,https://psl.noaa.gov/data/timeseries/month/data/dmi.had.long.data,HadISST1.1; NOAA PSL Dipole Mode Index,degrees_C_anomaly,True,True
1898,9,1898-09-01,1898-09-30,-0.889,dmi,https://psl.noaa.gov/data/timeseries/month/data/dmi.had.long.data,HadISST1.1; NOAA PSL Dipole Mode Index,degrees_C_anomaly,True,True
1898,10,1898-10-01,1898-10-31,-0.917,dmi,https://psl.noaa.gov/data/timeseries/month/data/dmi.had.long.data,HadISST1.1; NOAA PSL Dipole Mode Index,degrees_C_anomaly,True,True
1898,11,1898-11-01,1898-11-30,-0.661,dmi,https://psl.noaa.gov/data/timeseries/month/data/dmi.had.long.data,HadISST1.1; NOAA PSL Dipole Mode Index,degrees_C_anomaly,True,True
1898,12,1898-12-01,1898-12-31,-0.473,dmi,https://psl.noaa.gov/data/timeseries/month/data/dmi.had.long.data,HadISST1.1; NOAA PSL Dipole Mode Index,degrees_C_anomaly,True,True
1899,1,1899-01-01,1899-01-31,-0.419,dmi,https://psl.noaa.gov/data/timeseries/month/data/dmi.had.long.data,HadISST1.1; NOAA PSL Dipole Mode Index,degrees_C_anomaly,True,True
1899,2,1899-02-01,1899-02-28,-0.293,dmi,https://psl.noaa.gov/data/timeseries/month/data/dmi.had.long.data,HadISST1.1; NOAA PSL Dipole Mode Index,degrees_C_anomaly,True,True
1899,3,1899-03-01,1899-03-31,-0.177,dmi,https://psl.noaa.gov/data/timeseries/month/data/dmi.had.long.data,HadISST1.1; NOAA PSL Dipole Mode Index,degrees_C_anomaly,True,True
1899,4,1899-04-01,1899-04-30,-0.13,dmi,https://psl.noaa.gov/data/timeseries/month/data/dmi.had.long.data,HadISST1.1; NOAA PSL Dipole Mode Index,degrees_C_anomaly,True,True
1899,5,1899-05-01,1899-05-31,-0.091,dmi,https://psl.noaa.gov/data/timeseries/month/data/dmi.had.long.data,HadISST1.1; NOAA PSL Dipole Mode Index,degrees_C_anomaly,True,True
1899,6,1899-06-01,1899-06-30,-0.375,dmi,https://psl.noaa.gov/data/timeseries/month/data/dmi.had.long.data,HadISST1.1; NOAA PSL Dipole Mode Index,degrees_C_anomaly,True,True
1899,7,1899-07-01,1899-07-31,-0.573,dmi,https://psl.noaa.gov/data/timeseries/month/data/dmi.had.long.data,HadISST1.1; NOAA PSL Dipole Mode Index,degrees_C_anomaly,True,True
1899,8,1899-08-01,1899-08-31,-0.452,dmi,https://psl.noaa.gov/data/timeseries/month/data/dmi.had.long.data,HadISST1.1; NOAA PSL Dipole Mode Index,degrees_C_anomaly,True,True
1899,9,1899-09-01,1899-09-30,-0.934,dmi,https://psl.noaa.gov/data/timeseries/month/data/dmi.had.long.data,HadISST1.1; NOAA PSL Dipole Mode Index,degrees_C_anomaly,True,True
1899,10,1899-10-01,1899-10-31,-0.428,dmi,https://psl.noaa.gov/data/timeseries/month/data/dmi.had.long.data,HadISST1.1; NOAA PSL Dipole Mode Index,degrees_C_anomaly,True,True
1899,11,1899-11-01,1899-11-30,-0.437,dmi,https://psl.noaa.gov/data/timeseries/month/data/dmi.had.long.data,HadISST1.1; NOAA PSL Dipole Mode Index,degrees_C_anomaly,True,True
1899,12,1899-12-01,1899-12-31,-0.743,dmi,https://psl.noaa.gov/data/timeseries/month/data/dmi.had.long.data,HadISST1.1; NOAA PSL Dipole Mode Index,degrees_C_anomaly,True,True
1900,1,1900-01-01,1900-01-31,-0.469,dmi,https://psl.noaa.gov/data/timeseries/month/data/dmi.had.long.data,HadISST1.1; NOAA PSL Dipole Mode Index,degrees_C_anomaly,True,True
1900,2,1900-02-01,1900-02-28,-0.294,dmi,https://psl.noaa.gov/data/timeseries/month/data/dmi.had.long.data,HadISST1.1; NOAA PSL Dipole Mode Index,degrees_C_anomaly,True,True
1900,3,1900-03-01,1900-03-31,-0.465,dmi,https://psl.noaa.gov/data/timeseries/month/data/dmi.had.long.data,HadISST1.1; NOAA PSL Dipole Mode Index,degrees_C_anomaly,True,True
1900,4,1900-04-01,1900-04-30,-0.319,dmi,https://psl.noaa.gov/data/timeseries/month/data/dmi.had.long.data,HadISST1.1; NOAA PSL Dipole Mode Index,degrees_C_anomaly,True,True
1900,5,1900-05-01,1900-05-31,-0.16,dmi,https://psl.noaa.gov/data/timeseries/month/data/dmi.had.long.data,HadISST1.1; NOAA PSL Dipole Mode Index,degrees_C_anomaly,True,True
1900,6,1900-06-01,1900-06-30,-0.042,dmi,https://psl.noaa.gov/data/timeseries/month/data/dmi.had.long.data,HadISST1.1; NOAA PSL Dipole Mode Index,degrees_C_anomaly,True,True
1900,7,1900-07-01,1900-07-31,-0.318,dmi,https://psl.noaa.gov/data/timeseries/month/data/dmi.had.long.data,HadISST1.1; NOAA PSL Dipole Mode Index,degrees_C_anomaly,True,True
1900,8,1900-08-01,1900-08-31,-0.49,dmi,https://psl.noaa.gov/data/timeseries/month/data/dmi.had.long.data,HadISST1.1; NOAA PSL Dipole Mode Index,degrees_C_anomaly,True,True
1900,9,1900-09-01,1900-09-30,-0.538,dmi,https://psl.noaa.gov/data/timeseries/month/data/dmi.had.long.data,HadISST1.1; NOAA PSL Dipole Mode Index,degrees_C_anomaly,True,True
1900,10,1900-10-01,1900-10-31,-0.429,dmi,https://psl.noaa.gov/data/timeseries/month/data/dmi.had.long.data,HadISST1.1; NOAA PSL Dipole Mode Index,degrees_C_anomaly,True,True
1900,11,1900-11-01,1900-11-30,-0.196,dmi,https://psl.noaa.gov/data/timeseries/month/data/dmi.had.long.data,HadISST1.1; NOAA PSL Dipole Mode Index,degrees_C_anomaly,True,True
1900,12,1900-12-01,1900-12-31,-0.633,dmi,https://psl.noaa.gov/data/timeseries/month/data/dmi.had.long.data,HadISST1.1; NOAA PSL Dipole Mode Index,degrees_C_anomaly,True,True
1901,1,1901-01-01,1901-01-31,-0.541,dmi,https://psl.noaa.gov/data/timeseries/month/data/dmi.had.long.data,HadISST1.1; NOAA PSL Dipole Mode Index,degrees_C_anomaly,True,True
1901,2,1901-02-01,1901-02-28,-0.868,dmi,https://psl.noaa.gov/data/timeseries/month/data/dmi.had.long.data,HadISST1.1; NOAA PSL Dipole Mode Index,degrees_C_anomaly,True,True
1901,3,1901-03-01,1901-03-31,-0.72,dmi,https://psl.noaa.gov/data/timeseries/month/data/dmi.had.long.data,HadISST1.1; NOAA PSL Dipole Mode Index,degrees_C_anomaly,True,True
1901,4,1901-04-01,1901-04-30,-0.513,dmi,https://psl.noaa.gov/data/timeseries/month/data/dmi.had.long.data,HadISST1.1; NOAA PSL Dipole Mode Index,degrees_C_anomaly,True,True
1901,5,1901-05-01,1901-05-31,-0.553,dmi,https://psl.noaa.gov/data/timeseries/month/data/dmi.had.long.data,HadISST1.1; NOAA PSL Dipole Mode Index,degrees_C_anomaly,True,True
1901,6,1901-06-01,1901-06-30,-0.618,dmi,https://psl.noaa.gov/data/timeseries/month/data/dmi.had.long.data,HadISST1.1; NOAA PSL Dipole Mode Index,degrees_C_anomaly,True,True
1901,7,1901-07-01,1901-07-31,-0.712,dmi,https://psl.noaa.gov/data/timeseries/month/data/dmi.had.long.data,HadISST1.1; NOAA PSL Dipole Mode Index,degrees_C_anomaly,True,True
1901,8,1901-08-01,1901-08-31,-0.825,dmi,https://psl.noaa.gov/data/timeseries/month/data/dmi.had.long.data,HadISST1.1; NOAA PSL Dipole Mode Index,degrees_C_anomaly,True,True
1901,9,1901-09-01,1901-09-30,-1.029,dmi,https://psl.noaa.gov/data/timeseries/month/data/dmi.had.long.data,HadISST1.1; NOAA PSL Dipole Mode Index,degrees_C_anomaly,True,True
1901,10,1901-10-01,1901-10-31,-0.774,dmi,https://psl.noaa.gov/data/timeseries/month/data/dmi.had.long.data,HadISST1.1; NOAA PSL Dipole Mode Index,degrees_C_anomaly,True,True
1901,11,1901-11-01,1901-11-30,-0.741,dmi,https://psl.noaa.gov/data/timeseries/month/data/dmi.had.long.data,HadISST1.1; NOAA PSL Dipole Mode Index,degrees_C_anomaly,True,True
1901,12,1901-12-01,1901-12-31,-0.681,dmi,https://psl.noaa.gov/data/timeseries/month/data/dmi.had.long.data,HadISST1.1; NOAA PSL Dipole Mode Index,degrees_C_anomaly,True,True
1902,1,1902-01-01,1902-01-31,-0.473,dmi,https://psl.noaa.gov/data/timeseries/month/data/dmi.had.long.data,HadISST1.1; NOAA PSL Dipole Mode Index,degrees_C_anomaly,True,True
1902,2,1902-02-01,1902-02-28,-0.453,dmi,https://psl.noaa.gov/data/timeseries/month/data/dmi.had.long.data,HadISST1.1; NOAA PSL Dipole Mode Index,degrees_C_anomaly,True,True
1902,3,1902-03-01,1902-03-31,-0.251,dmi,https://psl.noaa.gov/data/timeseries/month/data/dmi.had.long.data,HadISST1.1; NOAA PSL Dipole Mode Index,degrees_C_anomaly,True,True
1902,4,1902-04-01,1902-04-30,0.051,dmi,https://psl.noaa.gov/data/timeseries/month/data/dmi.had.long.data,HadISST1.1; NOAA PSL Dipole Mode Index,degrees_C_anomaly,True,True
1902,5,1902-05-01,1902-05-31,-0.042,dmi,https://psl.noaa.gov/data/timeseries/month/data/dmi.had.long.data,HadISST1.1; NOAA PSL Dipole Mode Index,degrees_C_anomaly,True,True
1902,6,1902-06-01,1902-06-30,-0.09,dmi,https://psl.noaa.gov/data/timeseries/month/data/dmi.had.long.data,HadISST1.1; NOAA PSL Dipole Mode Index,degrees_C_anomaly,True,True
1902,7,1902-07-01,1902-07-31,-0.07,dmi,https://psl.noaa.gov/data/timeseries/month/data/dmi.had.long.data,HadISST1.1; NOAA PSL Dipole Mode Index,degrees_C_anomaly,True,True
1902,8,1902-08-01,1902-08-31,0.333,dmi,https://psl.noaa.gov/data/timeseries/month/data/dmi.had.long.data,HadISST1.1; NOAA PSL Dipole Mode Index,degrees_C_anomaly,True,True
1902,9,1902-09-01,1902-09-30,0.209,dmi,https://psl.noaa.gov/data/timeseries/month/data/dmi.had.long.data,HadISST1.1; NOAA PSL Dipole Mode Index,degrees_C_anomaly,True,True
1902,10,1902-10-01,1902-10-31,-0.238,dmi,https://psl.noaa.gov/data/timeseries/month/data/dmi.had.long.data,HadISST1.1; NOAA PSL Dipole Mode Index,degrees_C_anomaly,True,True
1902,11,1902-11-01,1902-11-30,-0.047,dmi,https://psl.noaa.gov/data/timeseries/month/data/dmi.had.long.data,HadISST1.1; NOAA PSL Dipole Mode Index,degrees_C_anomaly,True,True
1902,12,1902-12-01,1902-12-31,-0.266,dmi,https://psl.noaa.gov/data/timeseries/month/data/dmi.had.long.data,HadISST1.1; NOAA PSL Dipole Mode Index,degrees_C_anomaly,True,True
1903,1,1903-01-01,1903-01-31,-0.479,dmi,https://psl.noaa.gov/data/timeseries/month/data/dmi.had.long.data,HadISST1.1; NOAA PSL Dipole Mode Index,degrees_C_anomaly,True,True
1903,2,1903-02-01,1903-02-28,-0.571,dmi,https://psl.noaa.gov/data/timeseries/month/data/dmi.had.long.data,HadISST1.1; NOAA PSL Dipole Mode Index,degrees_C_anomaly,True,True
1903,3,1903-03-01,1903-03-31,-0.365,dmi,https://psl.noaa.gov/data/timeseries/month/data/dmi.had.long.data,HadISST1.1; NOAA PSL Dipole Mode Index,degrees_C_anomaly,True,True
1903,4,1903-04-01,1903-04-30,-0.628,dmi,https://psl.noaa.gov/data/timeseries/month/data/dmi.had.long.data,HadISST1.1; NOAA PSL Dipole Mode Index,degrees_C_anomaly,True,True
1903,5,1903-05-01,1903-05-31,-0.267,dmi,https://psl.noaa.gov/data/timeseries/month/data/dmi.had.long.data,HadISST1.1; NOAA PSL Dipole Mode Index,degrees_C_anomaly,True,True
1903,6,1903-06-01,1903-06-30,-0.335,dmi,https://psl.noaa.gov/data/timeseries/month/data/dmi.had.long.data,HadISST1.1; NOAA PSL Dipole Mode Index,degrees_C_anomaly,True,True
1903,7,1903-07-01,1903-07-31,-0.614,dmi,https://psl.noaa.gov/data/timeseries/month/data/dmi.had.long.data,HadISST1.1; NOAA PSL Dipole Mode Index,degrees_C_anomaly,True,True
1903,8,1903-08-01,1903-08-31,-0.452,dmi,https://psl.noaa.gov/data/timeseries/month/data/dmi.had.long.data,HadISST1.1; NOAA PSL Dipole Mode Index,degrees_C_anomaly,True,True
1903,9,1903-09-01,1903-09-30,-0.69,dmi,https://psl.noaa.gov/data/timeseries/month/data/dmi.had.long.data,HadISST1.1; NOAA PSL Dipole Mode Index,degrees_C_anomaly,True,True
1903,10,1903-10-01,1903-10-31,-1.035,dmi,https://psl.noaa.gov/data/timeseries/month/data/dmi.had.long.data,HadISST1.1; NOAA PSL Dipole Mode Index,degrees_C_anomaly,True,True
1903,11,1903-11-01,1903-11-30,-0.628,dmi,https://psl.noaa.gov/data/timeseries/month/data/dmi.had.long.data,HadISST1.1; NOAA PSL Dipole Mode Index,degrees_C_anomaly,True,True
1903,12,1903-12-01,1903-12-31,-0.441,dmi,https://psl.noaa.gov/data/timeseries/month/data/dmi.had.long.data,HadISST1.1; NOAA PSL Dipole Mode Index,degrees_C_anomaly,True,True
1904,1,1904-01-01,1904-01-31,-0.219,dmi,https://psl.noaa.gov/data/timeseries/month/data/dmi.had.long.data,HadISST1.1; NOAA PSL Dipole Mode Index,degrees_C_anomaly,True,True
1904,2,1904-02-01,1904-02-29,-0.233,dmi,https://psl.noaa.gov/data/timeseries/month/data/dmi.had.long.data,HadISST1.1; NOAA PSL Dipole Mode Index,degrees_C_anomaly,True,True
1904,3,1904-03-01,1904-03-31,-0.218,dmi,https://psl.noaa.gov/data/timeseries/month/data/dmi.had.long.data,HadISST1.1; NOAA PSL Dipole Mode Index,degrees_C_anomaly,True,True
1904,4,1904-04-01,1904-04-30,-0.03,dmi,https://psl.noaa.gov/data/timeseries/month/data/dmi.had.long.data,HadISST1.1; NOAA PSL Dipole Mode Index,degrees_C_anomaly,True,True
1904,5,1904-05-01,1904-05-31,-0.258,dmi,https://psl.noaa.gov/data/timeseries/month/data/dmi.had.long.data,HadISST1.1; NOAA PSL Dipole Mode Index,degrees_C_anomaly,True,True
1904,6,1904-06-01,1904-06-30,-0.286,dmi,https://psl.noaa.gov/data/timeseries/month/data/dmi.had.long.data,HadISST1.1; NOAA PSL Dipole Mode Index,degrees_C_anomaly,True,True
1904,7,1904-07-01,1904-07-31,-0.287,dmi,https://psl.noaa.gov/data/timeseries/month/data/dmi.had.long.data,HadISST1.1; NOAA PSL Dipole Mode Index,degrees_C_anomaly,True,True
1904,8,1904-08-01,1904-08-31,-0.413,dmi,https://psl.noaa.gov/data/timeseries/month/data/dmi.had.long.data,HadISST1.1; NOAA PSL Dipole Mode Index,degrees_C_anomaly,True,True
1904,9,1904-09-01,1904-09-30,-0.678,dmi,https://psl.noaa.gov/data/timeseries/month/data/dmi.had.long.data,HadISST1.1; NOAA PSL Dipole Mode Index,degrees_C_anomaly,True,True
1904,10,1904-10-01,1904-10-31,-0.237,dmi,https://psl.noaa.gov/data/timeseries/month/data/dmi.had.long.data,HadISST1.1; NOAA PSL Dipole Mode Index,degrees_C_anomaly,True,True
1904,11,1904-11-01,1904-11-30,-0.352,dmi,https://psl.noaa.gov/data/timeseries/month/data/dmi.had.long.data,HadISST1.1; NOAA PSL Dipole Mode Index,degrees_C_anomaly,True,True
1904,12,1904-12-01,1904-12-31,-0.644,dmi,https://psl.noaa.gov/data/timeseries/month/data/dmi.had.long.data,HadISST1.1; NOAA PSL Dipole Mode Index,degrees_C_anomaly,True,True
1905,1,1905-01-01,1905-01-31,-0.601,dmi,https://psl.noaa.gov/data/timeseries/month/data/dmi.had.long.data,HadISST1.1; NOAA PSL Dipole Mode Index,degrees_C_anomaly,True,True
1905,2,1905-02-01,1905-02-28,-0.372,dmi,https://psl.noaa.gov/data/timeseries/month/data/dmi.had.long.data,HadISST1.1; NOAA PSL Dipole Mode Index,degrees_C_anomaly,True,True
1905,3,1905-03-01,1905-03-31,-0.472,dmi,https://psl.noaa.gov/data/timeseries/month/data/dmi.had.long.data,HadISST1.1; NOAA PSL Dipole Mode Index,degrees_C_anomaly,True,True
1905,4,1905-04-01,1905-04-30,-0.468,dmi,https://psl.noaa.gov/data/timeseries/month/data/dmi.had.long.data,HadISST1.1; NOAA PSL Dipole Mode Index,degrees_C_anomaly,True,True
1905,5,1905-05-01,1905-05-31,-0.205,dmi,https://psl.noaa.gov/data/timeseries/month/data/dmi.had.long.data,HadISST1.1; NOAA PSL Dipole Mode Index,degrees_C_anomaly,True,True
1905,6,1905-06-01,1905-06-30,-0.448,dmi,https://psl.noaa.gov/data/timeseries/month/data/dmi.had.long.data,HadISST1.1; NOAA PSL Dipole Mode Index,degrees_C_anomaly,True,True
1905,7,1905-07-01,1905-07-31,-0.275,dmi,https://psl.noaa.gov/data/timeseries/month/data/dmi.had.long.data,HadISST1.1; NOAA PSL Dipole Mode Index,degrees_C_anomaly,True,True
1905,8,1905-08-01,1905-08-31,-0.22,dmi,https://psl.noaa.gov/data/timeseries/month/data/dmi.had.long.data,HadISST1.1; NOAA PSL Dipole Mode Index,degrees_C_anomaly,True,True
1905,9,1905-09-01,1905-09-30,0.024,dmi,https://psl.noaa.gov/data/timeseries/month/data/dmi.had.long.data,HadISST1.1; NOAA PSL Dipole Mode Index,degrees_C_anomaly,True,True
1905,10,1905-10-01,1905-10-31,-0.462,dmi,https://psl.noaa.gov/data/timeseries/month/data/dmi.had.long.data,HadISST1.1; NOAA PSL Dipole Mode Index,degrees_C_anomaly,True,True
1905,11,1905-11-01,1905-11-30,-0.436,dmi,https://psl.noaa.gov/data/timeseries/month/data/dmi.had.long.data,HadISST1.1; NOAA PSL Dipole Mode Index,degrees_C_anomaly,True,True
1905,12,1905-12-01,1905-12-31,-0.56,dmi,https://psl.noaa.gov/data/timeseries/month/data/dmi.had.long.data,HadISST1.1; NOAA PSL Dipole Mode Index,degrees_C_anomaly,True,True
1906,1,1906-01-01,1906-01-31,-0.605,dmi,https://psl.noaa.gov/data/timeseries/month/data/dmi.had.long.data,HadISST1.1; NOAA PSL Dipole Mode Index,degrees_C_anomaly,True,True
1906,2,1906-02-01,1906-02-28,-0.485,dmi,https://psl.noaa.gov/data/timeseries/month/data/dmi.had.long.data,HadISST1.1; NOAA PSL Dipole Mode Index,degrees_C_anomaly,True,True
1906,3,1906-03-01,1906-03-31,-0.51,dmi,https://psl.noaa.gov/data/timeseries/month/data/dmi.had.long.data,HadISST1.1; NOAA PSL Dipole Mode Index,degrees_C_anomaly,True,True
1906,4,1906-04-01,1906-04-30,-0.788,dmi,https://psl.noaa.gov/data/timeseries/month/data/dmi.had.long.data,HadISST1.1; NOAA PSL Dipole Mode Index,degrees_C_anomaly,True,True
1906,5,1906-05-01,1906-05-31,-0.425,dmi,https://psl.noaa.gov/data/timeseries/month/data/dmi.had.long.data,HadISST1.1; NOAA PSL Dipole Mode Index,degrees_C_anomaly,True,True
1906,6,1906-06-01,1906-06-30,-0.39,dmi,https://psl.noaa.gov/data/timeseries/month/data/dmi.had.long.data,HadISST1.1; NOAA PSL Dipole Mode Index,degrees_C_anomaly,True,True
1906,7,1906-07-01,1906-07-31,-0.986,dmi,https://psl.noaa.gov/data/timeseries/month/data/dmi.had.long.data,HadISST1.1; NOAA PSL Dipole Mode Index,degrees_C_anomaly,True,True
1906,8,1906-08-01,1906-08-31,-1.085,dmi,https://psl.noaa.gov/data/timeseries/month/data/dmi.had.long.data,HadISST1.1; NOAA PSL Dipole Mode Index,degrees_C_anomaly,True,True
1906,9,1906-09-01,1906-09-30,-1.634,dmi,https://psl.noaa.gov/data/timeseries/month/data/dmi.had.long.data,HadISST1.1; NOAA PSL Dipole Mode Index,degrees_C_anomaly,True,True
1906,10,1906-10-01,1906-10-31,-1.012,dmi,https://psl.noaa.gov/data/timeseries/month/data/dmi.had.long.data,HadISST1.1; NOAA PSL Dipole Mode Index,degrees_C_anomaly,True,True
1906,11,1906-11-01,1906-11-30,-0.795,dmi,https://psl.noaa.gov/data/timeseries/month/data/dmi.had.long.data,HadISST1.1; NOAA PSL Dipole Mode Index,degrees_C_anomaly,True,True
1906,12,1906-12-01,1906-12-31,-0.349,dmi,https://psl.noaa.gov/data/timeseries/month/data/dmi.had.long.data,HadISST1.1; NOAA PSL Dipole Mode Index,degrees_C_anomaly,True,True
1907,1,1907-01-01,1907-01-31,-0.37,dmi,https://psl.noaa.gov/data/timeseries/month/data/dmi.had.long.data,HadISST1.1; NOAA PSL Dipole Mode Index,degrees_C_anomaly,True,True
1907,2,1907-02-01,1907-02-28,-0.185,dmi,https://psl.noaa.gov/data/timeseries/month/data/dmi.had.long.data,HadISST1.1; NOAA PSL Dipole Mode Index,degrees_C_anomaly,True,True
1907,3,1907-03-01,1907-03-31,-0.052,dmi,https://psl.noaa.gov/data/timeseries/month/data/dmi.had.long.data,HadISST1.1; NOAA PSL Dipole Mode Index,degrees_C_anomaly,True,True
1907,4,1907-04-01,1907-04-30,-0.367,dmi,https://psl.noaa.gov/data/timeseries/month/data/dmi.had.long.data,HadISST1.1; NOAA PSL Dipole Mode Index,degrees_C_anomaly,True,True
1907,5,1907-05-01,1907-05-31,-0.308,dmi,https://psl.noaa.gov/data/timeseries/month/data/dmi.had.long.data,HadISST1.1; NOAA PSL Dipole Mode Index,degrees_C_anomaly,True,True
1907,6,1907-06-01,1907-06-30,-0.346,dmi,https://psl.noaa.gov/data/timeseries/month/data/dmi.had.long.data,HadISST1.1; NOAA PSL Dipole Mode Index,degrees_C_anomaly,True,True
1907,7,1907-07-01,1907-07-31,-0.602,dmi,https://psl.noaa.gov/data/timeseries/month/data/dmi.had.long.data,HadISST1.1; NOAA PSL Dipole Mode Index,degrees_C_anomaly,True,True
1907,8,1907-08-01,1907-08-31,-0.933,dmi,https://psl.noaa.gov/data/timeseries/month/data/dmi.had.long.data,HadISST1.1; NOAA PSL Dipole Mode Index,degrees_C_anomaly,True,True
1907,9,1907-09-01,1907-09-30,-0.526,dmi,https://psl.noaa.gov/data/timeseries/month/data/dmi.had.long.data,HadISST1.1; NOAA PSL Dipole Mode Index,degrees_C_anomaly,True,True
1907,10,1907-10-01,1907-10-31,-0.403,dmi,https://psl.noaa.gov/data/timeseries/month/data/dmi.had.long.data,HadISST1.1; NOAA PSL Dipole Mode Index,degrees_C_anomaly,True,True
1907,11,1907-11-01,1907-11-30,-0.388,dmi,https://psl.noaa.gov/data/timeseries/month/data/dmi.had.long.data,HadISST1.1; NOAA PSL Dipole Mode Index,degrees_C_anomaly,True,True
1907,12,1907-12-01,1907-12-31,-0.221,dmi,https://psl.noaa.gov/data/timeseries/month/data/dmi.had.long.data,HadISST1.1; NOAA PSL Dipole Mode Index,degrees_C_anomaly,True,True
1908,1,1908-01-01,1908-01-31,-0.392,dmi,https://psl.noaa.gov/data/timeseries/month/data/dmi.had.long.data,HadISST1.1; NOAA PSL Dipole Mode Index,degrees_C_anomaly,True,True
1908,2,1908-02-01,1908-02-29,-0.35,dmi,https://psl.noaa.gov/data/timeseries/month/data/dmi.had.long.data,HadISST1.1; NOAA PSL Dipole Mode Index,degrees_C_anomaly,True,True
1908,3,1908-03-01,1908-03-31,-0.251,dmi,https://psl.noaa.gov/data/timeseries/month/data/dmi.had.long.data,HadISST1.1; NOAA PSL Dipole Mode Index,degrees_C_anomaly,True,True
1908,4,1908-04-01,1908-04-30,-0.789,dmi,https://psl.noaa.gov/data/timeseries/month/data/dmi.had.long.data,HadISST1.1; NOAA PSL Dipole Mode Index,degrees_C_anomaly,True,True
1908,5,1908-05-01,1908-05-31,-0.23,dmi,https://psl.noaa.gov/data/timeseries/month/data/dmi.had.long.data,HadISST1.1; NOAA PSL Dipole Mode Index,degrees_C_anomaly,True,True
1908,6,1908-06-01,1908-06-30,0.042,dmi,https://psl.noaa.gov/data/timeseries/month/data/dmi.had.long.data,HadISST1.1; NOAA PSL Dipole Mode Index,degrees_C_anomaly,True,True
1908,7,1908-07-01,1908-07-31,-0.598,dmi,https://psl.noaa.gov/data/timeseries/month/data/dmi.had.long.data,HadISST1.1; NOAA PSL Dipole Mode Index,degrees_C_anomaly,True,True
1908,8,1908-08-01,1908-08-31,-0.461,dmi,https://psl.noaa.gov/data/timeseries/month/data/dmi.had.long.data,HadISST1.1; NOAA PSL Dipole Mode Index,degrees_C_anomaly,True,True
1908,9,1908-09-01,1908-09-30,-0.317,dmi,https://psl.noaa.gov/data/timeseries/month/data/dmi.had.long.data,HadISST1.1; NOAA PSL Dipole Mode Index,degrees_C_anomaly,True,True
1908,10,1908-10-01,1908-10-31,-0.468,dmi,https://psl.noaa.gov/data/timeseries/month/data/dmi.had.long.data,HadISST1.1; NOAA PSL Dipole Mode Index,degrees_C_anomaly,True,True
1908,11,1908-11-01,1908-11-30,-0.507,dmi,https://psl.noaa.gov/data/timeseries/month/data/dmi.had.long.data,HadISST1.1; NOAA PSL Dipole Mode Index,degrees_C_anomaly,True,True
1908,12,1908-12-01,1908-12-31,-0.582,dmi,https://psl.noaa.gov/data/timeseries/month/data/dmi.had.long.data,HadISST1.1; NOAA PSL Dipole Mode Index,degrees_C_anomaly,True,True
1909,1,1909-01-01,1909-01-31,-0.733,dmi,https://psl.noaa.gov/data/timeseries/month/data/dmi.had.long.data,HadISST1.1; NOAA PSL Dipole Mode Index,degrees_C_anomaly,True,True
1909,2,1909-02-01,1909-02-28,-0.5,dmi,https://psl.noaa.gov/data/timeseries/month/data/dmi.had.long.data,HadISST1.1; NOAA PSL Dipole Mode Index,degrees_C_anomaly,True,True
1909,3,1909-03-01,1909-03-31,-0.559,dmi,https://psl.noaa.gov/data/timeseries/month/data/dmi.had.long.data,HadISST1.1; NOAA PSL Dipole Mode Index,degrees_C_anomaly,True,True
1909,4,1909-04-01,1909-04-30,-0.444,dmi,https://psl.noaa.gov/data/timeseries/month/data/dmi.had.long.data,HadISST1.1; NOAA PSL Dipole Mode Index,degrees_C_anomaly,True,True
1909,5,1909-05-01,1909-05-31,-0.801,dmi,https://psl.noaa.gov/data/timeseries/month/data/dmi.had.long.data,HadISST1.1; NOAA PSL Dipole Mode Index,degrees_C_anomaly,True,True
1909,6,1909-06-01,1909-06-30,-0.917,dmi,https://psl.noaa.gov/data/timeseries/month/data/dmi.had.long.data,HadISST1.1; NOAA PSL Dipole Mode Index,degrees_C_anomaly,True,True
1909,7,1909-07-01,1909-07-31,-1.032,dmi,https://psl.noaa.gov/data/timeseries/month/data/dmi.had.long.data,HadISST1.1; NOAA PSL Dipole Mode Index,degrees_C_anomaly,True,True
1909,8,1909-08-01,1909-08-31,-0.986,dmi,https://psl.noaa.gov/data/timeseries/month/data/dmi.had.long.data,HadISST1.1; NOAA PSL Dipole Mode Index,degrees_C_anomaly,True,True
1909,9,1909-09-01,1909-09-30,-0.919,dmi,https://psl.noaa.gov/data/timeseries/month/data/dmi.had.long.data,HadISST1.1; NOAA PSL Dipole Mode Index,degrees_C_anomaly,True,True
1909,10,1909-10-01,1909-10-31,-0.73,dmi,https://psl.noaa.gov/data/timeseries/month/data/dmi.had.long.data,HadISST1.1; NOAA PSL Dipole Mode Index,degrees_C_anomaly,True,True
1909,11,1909-11-01,1909-11-30,-0.424,dmi,https://psl.noaa.gov/data/timeseries/month/data/dmi.had.long.data,HadISST1.1; NOAA PSL Dipole Mode Index,degrees_C_anomaly,True,True
1909,12,1909-12-01,1909-12-31,-0.256,dmi,https://psl.noaa.gov/data/timeseries/month/data/dmi.had.long.data,HadISST1.1; NOAA PSL Dipole Mode Index,degrees_C_anomaly,True,True
1910,1,1910-01-01,1910-01-31,-0.551,dmi,https://psl.noaa.gov/data/timeseries/month/data/dmi.had.long.data,HadISST1.1; NOAA PSL Dipole Mode Index,degrees_C_anomaly,True,True
1910,2,1910-02-01,1910-02-28,-0.168,dmi,https://psl.noaa.gov/data/timeseries/month/data/dmi.had.long.data,HadISST1.1; NOAA PSL Dipole Mode Index,degrees_C_anomaly,True,True
1910,3,1910-03-01,1910-03-31,-0.489,dmi,https://psl.noaa.gov/data/timeseries/month/data/dmi.had.long.data,HadISST1.1; NOAA PSL Dipole Mode Index,degrees_C_anomaly,True,True
1910,4,1910-04-01,1910-04-30,-0.394,dmi,https://psl.noaa.gov/data/timeseries/month/data/dmi.had.long.data,HadISST1.1; NOAA PSL Dipole Mode Index,degrees_C_anomaly,True,True
1910,5,1910-05-01,1910-05-31,-0.531,dmi,https://psl.noaa.gov/data/timeseries/month/data/dmi.had.long.data,HadISST1.1; NOAA PSL Dipole Mode Index,degrees_C_anomaly,True,True
1910,6,1910-06-01,1910-06-30,-0.459,dmi,https://psl.noaa.gov/data/timeseries/month/data/dmi.had.long.data,HadISST1.1; NOAA PSL Dipole Mode Index,degrees_C_anomaly,True,True
1910,7,1910-07-01,1910-07-31,-1.036,dmi,https://psl.noaa.gov/data/timeseries/month/data/dmi.had.long.data,HadISST1.1; NOAA PSL Dipole Mode Index,degrees_C_anomaly,True,True
1910,8,1910-08-01,1910-08-31,-0.82,dmi,https://psl.noaa.gov/data/timeseries/month/data/dmi.had.long.data,HadISST1.1; NOAA PSL Dipole Mode Index,degrees_C_anomaly,True,True
1910,9,1910-09-01,1910-09-30,-1.022,dmi,https://psl.noaa.gov/data/timeseries/month/data/dmi.had.long.data,HadISST1.1; NOAA PSL Dipole Mode Index,degrees_C_anomaly,True,True
1910,10,1910-10-01,1910-10-31,-1.053,dmi,https://psl.noaa.gov/data/timeseries/month/data/dmi.had.long.data,HadISST1.1; NOAA PSL Dipole Mode Index,degrees_C_anomaly,True,True
1910,11,1910-11-01,1910-11-30,-0.682,dmi,https://psl.noaa.gov/data/timeseries/month/data/dmi.had.long.data,HadISST1.1; NOAA PSL Dipole Mode Index,degrees_C_anomaly,True,True
1910,12,1910-12-01,1910-12-31,-0.296,dmi,https://psl.noaa.gov/data/timeseries/month/data/dmi.had.long.data,HadISST1.1; NOAA PSL Dipole Mode Index,degrees_C_anomaly,True,True
1911,1,1911-01-01,1911-01-31,-0.195,dmi,https://psl.noaa.gov/data/timeseries/month/data/dmi.had.long.data,HadISST1.1; NOAA PSL Dipole Mode Index,degrees_C_anomaly,True,True
1911,2,1911-02-01,1911-02-28,-0.487,dmi,https://psl.noaa.gov/data/timeseries/month/data/dmi.had.long.data,HadISST1.1; NOAA PSL Dipole Mode Index,degrees_C_anomaly,True,True
1911,3,1911-03-01,1911-03-31,-0.735,dmi,https://psl.noaa.gov/data/timeseries/month/data/dmi.had.long.data,HadISST1.1; NOAA PSL Dipole Mode Index,degrees_C_anomaly,True,True
1911,4,1911-04-01,1911-04-30,-0.744,dmi,https://psl.noaa.gov/data/timeseries/month/data/dmi.had.long.data,HadISST1.1; NOAA PSL Dipole Mode Index,degrees_C_anomaly,True,True
1911,5,1911-05-01,1911-05-31,-0.435,dmi,https://psl.noaa.gov/data/timeseries/month/data/dmi.had.long.data,HadISST1.1; NOAA PSL Dipole Mode Index,degrees_C_anomaly,True,True
1911,6,1911-06-01,1911-06-30,-0.814,dmi,https://psl.noaa.gov/data/timeseries/month/data/dmi.had.long.data,HadISST1.1; NOAA PSL Dipole Mode Index,degrees_C_anomaly,True,True
1911,7,1911-07-01,1911-07-31,-0.774,dmi,https://psl.noaa.gov/data/timeseries/month/data/dmi.had.long.data,HadISST1.1; NOAA PSL Dipole Mode Index,degrees_C_anomaly,True,True
1911,8,1911-08-01,1911-08-31,-0.586,dmi,https://psl.noaa.gov/data/timeseries/month/data/dmi.had.long.data,HadISST1.1; NOAA PSL Dipole Mode Index,degrees_C_anomaly,True,True
1911,9,1911-09-01,1911-09-30,-0.544,dmi,https://psl.noaa.gov/data/timeseries/month/data/dmi.had.long.data,HadISST1.1; NOAA PSL Dipole Mode Index,degrees_C_anomaly,True,True
1911,10,1911-10-01,1911-10-31,-0.669,dmi,https://psl.noaa.gov/data/timeseries/month/data/dmi.had.long.data,HadISST1.1; NOAA PSL Dipole Mode Index,degrees_C_anomaly,True,True
1911,11,1911-11-01,1911-11-30,-0.229,dmi,https://psl.noaa.gov/data/timeseries/month/data/dmi.had.long.data,HadISST1.1; NOAA PSL Dipole Mode Index,degrees_C_anomaly,True,True
1911,12,1911-12-01,1911-12-31,-0.153,dmi,https://psl.noaa.gov/data/timeseries/month/data/dmi.had.long.data,HadISST1.1; NOAA PSL Dipole Mode Index,degrees_C_anomaly,True,True
1912,1,1912-01-01,1912-01-31,-0.252,dmi,https://psl.noaa.gov/data/timeseries/month/data/dmi.had.long.data,HadISST1.1; NOAA PSL Dipole Mode Index,degrees_C_anomaly,True,True
1912,2,1912-02-01,1912-02-29,-0.302,dmi,https://psl.noaa.gov/data/timeseries/month/data/dmi.had.long.data,HadISST1.1; NOAA PSL Dipole Mode Index,degrees_C_anomaly,True,True
1912,3,1912-03-01,1912-03-31,-0.052,dmi,https://psl.noaa.gov/data/timeseries/month/data/dmi.had.long.data,HadISST1.1; NOAA PSL Dipole Mode Index,degrees_C_anomaly,True,True
1912,4,1912-04-01,1912-04-30,-0.257,dmi,https://psl.noaa.gov/data/timeseries/month/data/dmi.had.long.data,HadISST1.1; NOAA PSL Dipole Mode Index,degrees_C_anomaly,True,True
1912,5,1912-05-01,1912-05-31,-0.061,dmi,https://psl.noaa.gov/data/timeseries/month/data/dmi.had.long.data,HadISST1.1; NOAA PSL Dipole Mode Index,degrees_C_anomaly,True,True
1912,6,1912-06-01,1912-06-30,-0.002,dmi,https://psl.noaa.gov/data/timeseries/month/data/dmi.had.long.data,HadISST1.1; NOAA PSL Dipole Mode Index,degrees_C_anomaly,True,True
1912,7,1912-07-01,1912-07-31,-0.672,dmi,https://psl.noaa.gov/data/timeseries/month/data/dmi.had.long.data,HadISST1.1; NOAA PSL Dipole Mode Index,degrees_C_anomaly,True,True
1912,8,1912-08-01,1912-08-31,-0.767,dmi,https://psl.noaa.gov/data/timeseries/month/data/dmi.had.long.data,HadISST1.1; NOAA PSL Dipole Mode Index,degrees_C_anomaly,True,True
1912,9,1912-09-01,1912-09-30,-0.725,dmi,https://psl.noaa.gov/data/timeseries/month/data/dmi.had.long.data,HadISST1.1; NOAA PSL Dipole Mode Index,degrees_C_anomaly,True,True
1912,10,1912-10-01,1912-10-31,-0.609,dmi,https://psl.noaa.gov/data/timeseries/month/data/dmi.had.long.data,HadISST1.1; NOAA PSL Dipole Mode Index,degrees_C_anomaly,True,True
1912,11,1912-11-01,1912-11-30,-0.734,dmi,https://psl.noaa.gov/data/timeseries/month/data/dmi.had.long.data,HadISST1.1; NOAA PSL Dipole Mode Index,degrees_C_anomaly,True,True
1912,12,1912-12-01,1912-12-31,-0.503,dmi,https://psl.noaa.gov/data/timeseries/month/data/dmi.had.long.data,HadISST1.1; NOAA PSL Dipole Mode Index,degrees_C_anomaly,True,True
1913,1,1913-01-01,1913-01-31,-0.236,dmi,https://psl.noaa.gov/data/timeseries/month/data/dmi.had.long.data,HadISST1.1; NOAA PSL Dipole Mode Index,degrees_C_anomaly,True,True
1913,2,1913-02-01,1913-02-28,-0.136,dmi,https://psl.noaa.gov/data/timeseries/month/data/dmi.had.long.data,HadISST1.1; NOAA PSL Dipole Mode Index,degrees_C_anomaly,True,True
1913,3,1913-03-01,1913-03-31,-0.135,dmi,https://psl.noaa.gov/data/timeseries/month/data/dmi.had.long.data,HadISST1.1; NOAA PSL Dipole Mode Index,degrees_C_anomaly,True,True
1913,4,1913-04-01,1913-04-30,-0.266,dmi,https://psl.noaa.gov/data/timeseries/month/data/dmi.had.long.data,HadISST1.1; NOAA PSL Dipole Mode Index,degrees_C_anomaly,True,True
1913,5,1913-05-01,1913-05-31,-0.187,dmi,https://psl.noaa.gov/data/timeseries/month/data/dmi.had.long.data,HadISST1.1; NOAA PSL Dipole Mode Index,degrees_C_anomaly,True,True
1913,6,1913-06-01,1913-06-30,0.101,dmi,https://psl.noaa.gov/data/timeseries/month/data/dmi.had.long.data,HadISST1.1; NOAA PSL Dipole Mode Index,degrees_C_anomaly,True,True
1913,7,1913-07-01,1913-07-31,-0.338,dmi,https://psl.noaa.gov/data/timeseries/month/data/dmi.had.long.data,HadISST1.1; NOAA PSL Dipole Mode Index,degrees_C_anomaly,True,True
1913,8,1913-08-01,1913-08-31,-0.482,dmi,https://psl.noaa.gov/data/timeseries/month/data/dmi.had.long.data,HadISST1.1; NOAA PSL Dipole Mode Index,degrees_C_anomaly,True,True
1913,9,1913-09-01,1913-09-30,-0.468,dmi,https://psl.noaa.gov/data/timeseries/month/data/dmi.had.long.data,HadISST1.1; NOAA PSL Dipole Mode Index,degrees_C_anomaly,True,True
1913,10,1913-10-01,1913-10-31,-0.135,dmi,https://psl.noaa.gov/data/timeseries/month/data/dmi.had.long.data,HadISST1.1; NOAA PSL Dipole Mode Index,degrees_C_anomaly,True,True
1913,11,1913-11-01,1913-11-30,-0.24,dmi,https://psl.noaa.gov/data/timeseries/month/data/dmi.had.long.data,HadISST1.1; NOAA PSL Dipole Mode Index,degrees_C_anomaly,True,True
1913,12,1913-12-01,1913-12-31,-0.248,dmi,https://psl.noaa.gov/data/timeseries/month/data/dmi.had.long.data,HadISST1.1; NOAA PSL Dipole Mode Index,degrees_C_anomaly,True,True
1914,1,1914-01-01,1914-01-31,-0.288,dmi,https://psl.noaa.gov/data/timeseries/month/data/dmi.had.long.data,HadISST1.1; NOAA PSL Dipole Mode Index,degrees_C_anomaly,True,True
1914,2,1914-02-01,1914-02-28,-0.172,dmi,https://psl.noaa.gov/data/timeseries/month/data/dmi.had.long.data,HadISST1.1; NOAA PSL Dipole Mode Index,degrees_C_anomaly,True,True
1914,3,1914-03-01,1914-03-31,-0.353,dmi,https://psl.noaa.gov/data/timeseries/month/data/dmi.had.long.data,HadISST1.1; NOAA PSL Dipole Mode Index,degrees_C_anomaly,True,True
1914,4,1914-04-01,1914-04-30,-0.238,dmi,https://psl.noaa.gov/data/timeseries/month/data/dmi.had.long.data,HadISST1.1; NOAA PSL Dipole Mode Index,degrees_C_anomaly,True,True
1914,5,1914-05-01,1914-05-31,-0.106,dmi,https://psl.noaa.gov/data/timeseries/month/data/dmi.had.long.data,HadISST1.1; NOAA PSL Dipole Mode Index,degrees_C_anomaly,True,True
1914,6,1914-06-01,1914-06-30,0.554,dmi,https://psl.noaa.gov/data/timeseries/month/data/dmi.had.long.data,HadISST1.1; NOAA PSL Dipole Mode Index,degrees_C_anomaly,True,True
1914,7,1914-07-01,1914-07-31,0.102,dmi,https://psl.noaa.gov/data/timeseries/month/data/dmi.had.long.data,HadISST1.1; NOAA PSL Dipole Mode Index,degrees_C_anomaly,True,True
1914,8,1914-08-01,1914-08-31,-0.024,dmi,https://psl.noaa.gov/data/timeseries/month/data/dmi.had.long.data,HadISST1.1; NOAA PSL Dipole Mode Index,degrees_C_anomaly,True,True
1914,9,1914-09-01,1914-09-30,-0.066,dmi,https://psl.noaa.gov/data/timeseries/month/data/dmi.had.long.data,HadISST1.1; NOAA PSL Dipole Mode Index,degrees_C_anomaly,True,True
1914,10,1914-10-01,1914-10-31,-0.057,dmi,https://psl.noaa.gov/data/timeseries/month/data/dmi.had.long.data,HadISST1.1; NOAA PSL Dipole Mode Index,degrees_C_anomaly,True,True
1914,11,1914-11-01,1914-11-30,-0.558,dmi,https://psl.noaa.gov/data/timeseries/month/data/dmi.had.long.data,HadISST1.1; NOAA PSL Dipole Mode Index,degrees_C_anomaly,True,True
1914,12,1914-12-01,1914-12-31,-0.711,dmi,https://psl.noaa.gov/data/timeseries/month/data/dmi.had.long.data,HadISST1.1; NOAA PSL Dipole Mode Index,degrees_C_anomaly,True,True
1915,1,1915-01-01,1915-01-31,-0.629,dmi,https://psl.noaa.gov/data/timeseries/month/data/dmi.had.long.data,HadISST1.1; NOAA PSL Dipole Mode Index,degrees_C_anomaly,True,True
1915,2,1915-02-01,1915-02-28,-0.688,dmi,https://psl.noaa.gov/data/timeseries/month/data/dmi.had.long.data,HadISST1.1; NOAA PSL Dipole Mode Index,degrees_C_anomaly,True,True
1915,3,1915-03-01,1915-03-31,-0.402,dmi,https://psl.noaa.gov/data/timeseries/month/data/dmi.had.long.data,HadISST1.1; NOAA PSL Dipole Mode Index,degrees_C_anomaly,True,True
1915,4,1915-04-01,1915-04-30,-0.28,dmi,https://psl.noaa.gov/data/timeseries/month/data/dmi.had.long.data,HadISST1.1; NOAA PSL Dipole Mode Index,degrees_C_anomaly,True,True
1915,5,1915-05-01,1915-05-31,-0.495,dmi,https://psl.noaa.gov/data/timeseries/month/data/dmi.had.long.data,HadISST1.1; NOAA PSL Dipole Mode Index,degrees_C_anomaly,True,True
1915,6,1915-06-01,1915-06-30,-0.203,dmi,https://psl.noaa.gov/data/timeseries/month/data/dmi.had.long.data,HadISST1.1; NOAA PSL Dipole Mode Index,degrees_C_anomaly,True,True
1915,7,1915-07-01,1915-07-31,-0.705,dmi,https://psl.noaa.gov/data/timeseries/month/data/dmi.had.long.data,HadISST1.1; NOAA PSL Dipole Mode Index,degrees_C_anomaly,True,True
1915,8,1915-08-01,1915-08-31,-0.44,dmi,https://psl.noaa.gov/data/timeseries/month/data/dmi.had.long.data,HadISST1.1; NOAA PSL Dipole Mode Index,degrees_C_anomaly,True,True
1915,9,1915-09-01,1915-09-30,-0.377,dmi,https://psl.noaa.gov/data/timeseries/month/data/dmi.had.long.data,HadISST1.1; NOAA PSL Dipole Mode Index,degrees_C_anomaly,True,True
1915,10,1915-10-01,1915-10-31,-0.316,dmi,https://psl.noaa.gov/data/timeseries/month/data/dmi.had.long.data,HadISST1.1; NOAA PSL Dipole Mode Index,degrees_C_anomaly,True,True
1915,11,1915-11-01,1915-11-30,-0.227,dmi,https://psl.noaa.gov/data/timeseries/month/data/dmi.had.long.data,HadISST1.1; NOAA PSL Dipole Mode Index,degrees_C_anomaly,True,True
1915,12,1915-12-01,1915-12-31,-0.026,dmi,https://psl.noaa.gov/data/timeseries/month/data/dmi.had.long.data,HadISST1.1; NOAA PSL Dipole Mode Index,degrees_C_anomaly,True,True
1916,1,1916-01-01,1916-01-31,-0.13,dmi,https://psl.noaa.gov/data/timeseries/month/data/dmi.had.long.data,HadISST1.1; NOAA PSL Dipole Mode Index,degrees_C_anomaly,True,True
1916,2,1916-02-01,1916-02-29,-0.031,dmi,https://psl.noaa.gov/data/timeseries/month/data/dmi.had.long.data,HadISST1.1; NOAA PSL Dipole Mode Index,degrees_C_anomaly,True,True
1916,3,1916-03-01,1916-03-31,0.058,dmi,https://psl.noaa.gov/data/timeseries/month/data/dmi.had.long.data,HadISST1.1; NOAA PSL Dipole Mode Index,degrees_C_anomaly,True,True
1916,4,1916-04-01,1916-04-30,0.139,dmi,https://psl.noaa.gov/data/timeseries/month/data/dmi.had.long.data,HadISST1.1; NOAA PSL Dipole Mode Index,degrees_C_anomaly,True,True
1916,5,1916-05-01,1916-05-31,-0.156,dmi,https://psl.noaa.gov/data/timeseries/month/data/dmi.had.long.data,HadISST1.1; NOAA PSL Dipole Mode Index,degrees_C_anomaly,True,True
1916,6,1916-06-01,1916-06-30,-0.398,dmi,https://psl.noaa.gov/data/timeseries/month/data/dmi.had.long.data,HadISST1.1; NOAA PSL Dipole Mode Index,degrees_C_anomaly,True,True
1916,7,1916-07-01,1916-07-31,-0.686,dmi,https://psl.noaa.gov/data/timeseries/month/data/dmi.had.long.data,HadISST1.1; NOAA PSL Dipole Mode Index,degrees_C_anomaly,True,True
1916,8,1916-08-01,1916-08-31,-0.852,dmi,https://psl.noaa.gov/data/timeseries/month/data/dmi.had.long.data,HadISST1.1; NOAA PSL Dipole Mode Index,degrees_C_anomaly,True,True
1916,9,1916-09-01,1916-09-30,-1.268,dmi,https://psl.noaa.gov/data/timeseries/month/data/dmi.had.long.data,HadISST1.1; NOAA PSL Dipole Mode Index,degrees_C_anomaly,True,True
1916,10,1916-10-01,1916-10-31,-0.97,dmi,https://psl.noaa.gov/data/timeseries/month/data/dmi.had.long.data,HadISST1.1; NOAA PSL Dipole Mode Index,degrees_C_anomaly,True,True
1916,11,1916-11-01,1916-11-30,-0.706,dmi,https://psl.noaa.gov/data/timeseries/month/data/dmi.had.long.data,HadISST1.1; NOAA PSL Dipole Mode Index,degrees_C_anomaly,True,True
1916,12,1916-12-01,1916-12-31,-0.28,dmi,https://psl.noaa.gov/data/timeseries/month/data/dmi.had.long.data,HadISST1.1; NOAA PSL Dipole Mode Index,degrees_C_anomaly,True,True
1917,1,1917-01-01,1917-01-31,-0.03,dmi,https://psl.noaa.gov/data/timeseries/month/data/dmi.had.long.data,HadISST1.1; NOAA PSL Dipole Mode Index,degrees_C_anomaly,True,True
1917,2,1917-02-01,1917-02-28,-0.047,dmi,https://psl.noaa.gov/data/timeseries/month/data/dmi.had.long.data,HadISST1.1; NOAA PSL Dipole Mode Index,degrees_C_anomaly,True,True
1917,3,1917-03-01,1917-03-31,-0.092,dmi,https://psl.noaa.gov/data/timeseries/month/data/dmi.had.long.data,HadISST1.1; NOAA PSL Dipole Mode Index,degrees_C_anomaly,True,True
1917,4,1917-04-01,1917-04-30,-0.236,dmi,https://psl.noaa.gov/data/timeseries/month/data/dmi.had.long.data,HadISST1.1; NOAA PSL Dipole Mode Index,degrees_C_anomaly,True,True
1917,5,1917-05-01,1917-05-31,-0.408,dmi,https://psl.noaa.gov/data/timeseries/month/data/dmi.had.long.data,HadISST1.1; NOAA PSL Dipole Mode Index,degrees_C_anomaly,True,True
1917,6,1917-06-01,1917-06-30,-0.341,dmi,https://psl.noaa.gov/data/timeseries/month/data/dmi.had.long.data,HadISST1.1; NOAA PSL Dipole Mode Index,degrees_C_anomaly,True,True
1917,7,1917-07-01,1917-07-31,-0.591,dmi,https://psl.noaa.gov/data/timeseries/month/data/dmi.had.long.data,HadISST1.1; NOAA PSL Dipole Mode Index,degrees_C_anomaly,True,True
1917,8,1917-08-01,1917-08-31,-0.435,dmi,https://psl.noaa.gov/data/timeseries/month/data/dmi.had.long.data,HadISST1.1; NOAA PSL Dipole Mode Index,degrees_C_anomaly,True,True
1917,9,1917-09-01,1917-09-30,-0.872,dmi,https://psl.noaa.gov/data/timeseries/month/data/dmi.had.long.data,HadISST1.1; NOAA PSL Dipole Mode Index,degrees_C_anomaly,True,True
1917,10,1917-10-01,1917-10-31,-1.065,dmi,https://psl.noaa.gov/data/timeseries/month/data/dmi.had.long.data,HadISST1.1; NOAA PSL Dipole Mode Index,degrees_C_anomaly,True,True
1917,11,1917-11-01,1917-11-30,-0.897,dmi,https://psl.noaa.gov/data/timeseries/month/data/dmi.had.long.data,HadISST1.1; NOAA PSL Dipole Mode Index,degrees_C_anomaly,True,True
1917,12,1917-12-01,1917-12-31,-0.67,dmi,https://psl.noaa.gov/data/timeseries/month/data/dmi.had.long.data,HadISST1.1; NOAA PSL Dipole Mode Index,degrees_C_anomaly,True,True
1918,1,1918-01-01,1918-01-31,0.013,dmi,https://psl.noaa.gov/data/timeseries/month/data/dmi.had.long.data,HadISST1.1; NOAA PSL Dipole Mode Index,degrees_C_anomaly,True,True
1918,2,1918-02-01,1918-02-28,0.136,dmi,https://psl.noaa.gov/data/timeseries/month/data/dmi.had.long.data,HadISST1.1; NOAA PSL Dipole Mode Index,degrees_C_anomaly,True,True
1918,3,1918-03-01,1918-03-31,0.107,dmi,https://psl.noaa.gov/data/timeseries/month/data/dmi.had.long.data,HadISST1.1; NOAA PSL Dipole Mode Index,degrees_C_anomaly,True,True
1918,4,1918-04-01,1918-04-30,-0.294,dmi,https://psl.noaa.gov/data/timeseries/month/data/dmi.had.long.data,HadISST1.1; NOAA PSL Dipole Mode Index,degrees_C_anomaly,True,True
1918,5,1918-05-01,1918-05-31,-0.42,dmi,https://psl.noaa.gov/data/timeseries/month/data/dmi.had.long.data,HadISST1.1; NOAA PSL Dipole Mode Index,degrees_C_anomaly,True,True
1918,6,1918-06-01,1918-06-30,-0.203,dmi,https://psl.noaa.gov/data/timeseries/month/data/dmi.had.long.data,HadISST1.1; NOAA PSL Dipole Mode Index,degrees_C_anomaly,True,True
1918,7,1918-07-01,1918-07-31,-0.129,dmi,https://psl.noaa.gov/data/timeseries/month/data/dmi.had.long.data,HadISST1.1; NOAA PSL Dipole Mode Index,degrees_C_anomaly,True,True
1918,8,1918-08-01,1918-08-31,-0.078,dmi,https://psl.noaa.gov/data/timeseries/month/data/dmi.had.long.data,HadISST1.1; NOAA PSL Dipole Mode Index,degrees_C_anomaly,True,True
1918,9,1918-09-01,1918-09-30,-0.0,dmi,https://psl.noaa.gov/data/timeseries/month/data/dmi.had.long.data,HadISST1.1; NOAA PSL Dipole Mode Index,degrees_C_anomaly,True,True
1918,10,1918-10-01,1918-10-31,0.152,dmi,https://psl.noaa.gov/data/timeseries/month/data/dmi.had.long.data,HadISST1.1; NOAA PSL Dipole Mode Index,degrees_C_anomaly,True,True
1918,11,1918-11-01,1918-11-30,0.195,dmi,https://psl.noaa.gov/data/timeseries/month/data/dmi.had.long.data,HadISST1.1; NOAA PSL Dipole Mode Index,degrees_C_anomaly,True,True
1918,12,1918-12-01,1918-12-31,0.057,dmi,https://psl.noaa.gov/data/timeseries/month/data/dmi.had.long.data,HadISST1.1; NOAA PSL Dipole Mode Index,degrees_C_anomaly,True,True
1919,1,1919-01-01,1919-01-31,-0.027,dmi,https://psl.noaa.gov/data/timeseries/month/data/dmi.had.long.data,HadISST1.1; NOAA PSL Dipole Mode Index,degrees_C_anomaly,True,True
1919,2,1919-02-01,1919-02-28,-0.116,dmi,https://psl.noaa.gov/data/timeseries/month/data/dmi.had.long.data,HadISST1.1; NOAA PSL Dipole Mode Index,degrees_C_anomaly,True,True
1919,3,1919-03-01,1919-03-31,-0.269,dmi,https://psl.noaa.gov/data/timeseries/month/data/dmi.had.long.data,HadISST1.1; NOAA PSL Dipole Mode Index,degrees_C_anomaly,True,True
1919,4,1919-04-01,1919-04-30,-0.407,dmi,https://psl.noaa.gov/data/timeseries/month/data/dmi.had.long.data,HadISST1.1; NOAA PSL Dipole Mode Index,degrees_C_anomaly,True,True
1919,5,1919-05-01,1919-05-31,-0.4,dmi,https://psl.noaa.gov/data/timeseries/month/data/dmi.had.long.data,HadISST1.1; NOAA PSL Dipole Mode Index,degrees_C_anomaly,True,True
1919,6,1919-06-01,1919-06-30,-0.356,dmi,https://psl.noaa.gov/data/timeseries/month/data/dmi.had.long.data,HadISST1.1; NOAA PSL Dipole Mode Index,degrees_C_anomaly,True,True
1919,7,1919-07-01,1919-07-31,-0.176,dmi,https://psl.noaa.gov/data/timeseries/month/data/dmi.had.long.data,HadISST1.1; NOAA PSL Dipole Mode Index,degrees_C_anomaly,True,True
1919,8,1919-08-01,1919-08-31,-0.319,dmi,https://psl.noaa.gov/data/timeseries/month/data/dmi.had.long.data,HadISST1.1; NOAA PSL Dipole Mode Index,degrees_C_anomaly,True,True
1919,9,1919-09-01,1919-09-30,-0.22,dmi,https://psl.noaa.gov/data/timeseries/month/data/dmi.had.long.data,HadISST1.1; NOAA PSL Dipole Mode Index,degrees_C_anomaly,True,True
1919,10,1919-10-01,1919-10-31,-0.349,dmi,https://psl.noaa.gov/data/timeseries/month/data/dmi.had.long.data,HadISST1.1; NOAA PSL Dipole Mode Index,degrees_C_anomaly,True,True
1919,11,1919-11-01,1919-11-30,-0.262,dmi,https://psl.noaa.gov/data/timeseries/month/data/dmi.had.long.data,HadISST1.1; NOAA PSL Dipole Mode Index,degrees_C_anomaly,True,True
1919,12,1919-12-01,1919-12-31,-0.406,dmi,https://psl.noaa.gov/data/timeseries/month/data/dmi.had.long.data,HadISST1.1; NOAA PSL Dipole Mode Index,degrees_C_anomaly,True,True
1920,1,1920-01-01,1920-01-31,0.018,dmi,https://psl.noaa.gov/data/timeseries/month/data/dmi.had.long.data,HadISST1.1; NOAA PSL Dipole Mode Index,degrees_C_anomaly,True,True
1920,2,1920-02-01,1920-02-29,0.054,dmi,https://psl.noaa.gov/data/timeseries/month/data/dmi.had.long.data,HadISST1.1; NOAA PSL Dipole Mode Index,degrees_C_anomaly,True,True
1920,3,1920-03-01,1920-03-31,0.14,dmi,https://psl.noaa.gov/data/timeseries/month/data/dmi.had.long.data,HadISST1.1; NOAA PSL Dipole Mode Index,degrees_C_anomaly,True,True
1920,4,1920-04-01,1920-04-30,0.058,dmi,https://psl.noaa.gov/data/timeseries/month/data/dmi.had.long.data,HadISST1.1; NOAA PSL Dipole Mode Index,degrees_C_anomaly,True,True
1920,5,1920-05-01,1920-05-31,0.27,dmi,https://psl.noaa.gov/data/timeseries/month/data/dmi.had.long.data,HadISST1.1; NOAA PSL Dipole Mode Index,degrees_C_anomaly,True,True
1920,6,1920-06-01,1920-06-30,-0.057,dmi,https://psl.noaa.gov/data/timeseries/month/data/dmi.had.long.data,HadISST1.1; NOAA PSL Dipole Mode Index,degrees_C_anomaly,True,True
1920,7,1920-07-01,1920-07-31,-0.589,dmi,https://psl.noaa.gov/data/timeseries/month/data/dmi.had.long.data,HadISST1.1; NOAA PSL Dipole Mode Index,degrees_C_anomaly,True,True
1920,8,1920-08-01,1920-08-31,-0.601,dmi,https://psl.noaa.gov/data/timeseries/month/data/dmi.had.long.data,HadISST1.1; NOAA PSL Dipole Mode Index,degrees_C_anomaly,True,True
1920,9,1920-09-01,1920-09-30,-0.609,dmi,https://psl.noaa.gov/data/timeseries/month/data/dmi.had.long.data,HadISST1.1; NOAA PSL Dipole Mode Index,degrees_C_anomaly,True,True
1920,10,1920-10-01,1920-10-31,-0.446,dmi,https://psl.noaa.gov/data/timeseries/month/data/dmi.had.long.data,HadISST1.1; NOAA PSL Dipole Mode Index,degrees_C_anomaly,True,True
1920,11,1920-11-01,1920-11-30,-0.576,dmi,https://psl.noaa.gov/data/timeseries/month/data/dmi.had.long.data,HadISST1.1; NOAA PSL Dipole Mode Index,degrees_C_anomaly,True,True
1920,12,1920-12-01,1920-12-31,-0.388,dmi,https://psl.noaa.gov/data/timeseries/month/data/dmi.had.long.data,HadISST1.1; NOAA PSL Dipole Mode Index,degrees_C_anomaly,True,True
1921,1,1921-01-01,1921-01-31,-0.296,dmi,https://psl.noaa.gov/data/timeseries/month/data/dmi.had.long.data,HadISST1.1; NOAA PSL Dipole Mode Index,degrees_C_anomaly,True,True
1921,2,1921-02-01,1921-02-28,-0.164,dmi,https://psl.noaa.gov/data/timeseries/month/data/dmi.had.long.data,HadISST1.1; NOAA PSL Dipole Mode Index,degrees_C_anomaly,True,True
1921,3,1921-03-01,1921-03-31,-0.081,dmi,https://psl.noaa.gov/data/timeseries/month/data/dmi.had.long.data,HadISST1.1; NOAA PSL Dipole Mode Index,degrees_C_anomaly,True,True
1921,4,1921-04-01,1921-04-30,-0.189,dmi,https://psl.noaa.gov/data/timeseries/month/data/dmi.had.long.data,HadISST1.1; NOAA PSL Dipole Mode Index,degrees_C_anomaly,True,True
1921,5,1921-05-01,1921-05-31,-0.042,dmi,https://psl.noaa.gov/data/timeseries/month/data/dmi.had.long.data,HadISST1.1; NOAA PSL Dipole Mode Index,degrees_C_anomaly,True,True
1921,6,1921-06-01,1921-06-30,-0.214,dmi,https://psl.noaa.gov/data/timeseries/month/data/dmi.had.long.data,HadISST1.1; NOAA PSL Dipole Mode Index,degrees_C_anomaly,True,True
1921,7,1921-07-01,1921-07-31,-0.442,dmi,https://psl.noaa.gov/data/timeseries/month/data/dmi.had.long.data,HadISST1.1; NOAA PSL Dipole Mode Index,degrees_C_anomaly,True,True
1921,8,1921-08-01,1921-08-31,-0.931,dmi,https://psl.noaa.gov/data/timeseries/month/data/dmi.had.long.data,HadISST1.1; NOAA PSL Dipole Mode Index,degrees_C_anomaly,True,True
1921,9,1921-09-01,1921-09-30,-0.548,dmi,https://psl.noaa.gov/data/timeseries/month/data/dmi.had.long.data,HadISST1.1; NOAA PSL Dipole Mode Index,degrees_C_anomaly,True,True
1921,10,1921-10-01,1921-10-31,-0.474,dmi,https://psl.noaa.gov/data/timeseries/month/data/dmi.had.long.data,HadISST1.1; NOAA PSL Dipole Mode Index,degrees_C_anomaly,True,True
1921,11,1921-11-01,1921-11-30,-0.484,dmi,https://psl.noaa.gov/data/timeseries/month/data/dmi.had.long.data,HadISST1.1; NOAA PSL Dipole Mode Index,degrees_C_anomaly,True,True
1921,12,1921-12-01,1921-12-31,-0.383,dmi,https://psl.noaa.gov/data/timeseries/month/data/dmi.had.long.data,HadISST1.1; NOAA PSL Dipole Mode Index,degrees_C_anomaly,True,True
1922,1,1922-01-01,1922-01-31,-0.382,dmi,https://psl.noaa.gov/data/timeseries/month/data/dmi.had.long.data,HadISST1.1; NOAA PSL Dipole Mode Index,degrees_C_anomaly,True,True
1922,2,1922-02-01,1922-02-28,-0.197,dmi,https://psl.noaa.gov/data/timeseries/month/data/dmi.had.long.data,HadISST1.1; NOAA PSL Dipole Mode Index,degrees_C_anomaly,True,True
1922,3,1922-03-01,1922-03-31,0.079,dmi,https://psl.noaa.gov/data/timeseries/month/data/dmi.had.long.data,HadISST1.1; NOAA PSL Dipole Mode Index,degrees_C_anomaly,True,True
1922,4,1922-04-01,1922-04-30,-0.39,dmi,https://psl.noaa.gov/data/timeseries/month/data/dmi.had.long.data,HadISST1.1; NOAA PSL Dipole Mode Index,degrees_C_anomaly,True,True
1922,5,1922-05-01,1922-05-31,-0.376,dmi,https://psl.noaa.gov/data/timeseries/month/data/dmi.had.long.data,HadISST1.1; NOAA PSL Dipole Mode Index,degrees_C_anomaly,True,True
1922,6,1922-06-01,1922-06-30,-0.068,dmi,https://psl.noaa.gov/data/timeseries/month/data/dmi.had.long.data,HadISST1.1; NOAA PSL Dipole Mode Index,degrees_C_anomaly,True,True
1922,7,1922-07-01,1922-07-31,-0.549,dmi,https://psl.noaa.gov/data/timeseries/month/data/dmi.had.long.data,HadISST1.1; NOAA PSL Dipole Mode Index,degrees_C_anomaly,True,True
1922,8,1922-08-01,1922-08-31,-0.415,dmi,https://psl.noaa.gov/data/timeseries/month/data/dmi.had.long.data,HadISST1.1; NOAA PSL Dipole Mode Index,degrees_C_anomaly,True,True
1922,9,1922-09-01,1922-09-30,-0.511,dmi,https://psl.noaa.gov/data/timeseries/month/data/dmi.had.long.data,HadISST1.1; NOAA PSL Dipole Mode Index,degrees_C_anomaly,True,True
1922,10,1922-10-01,1922-10-31,-0.529,dmi,https://psl.noaa.gov/data/timeseries/month/data/dmi.had.long.data,HadISST1.1; NOAA PSL Dipole Mode Index,degrees_C_anomaly,True,True
1922,11,1922-11-01,1922-11-30,-0.547,dmi,https://psl.noaa.gov/data/timeseries/month/data/dmi.had.long.data,HadISST1.1; NOAA PSL Dipole Mode Index,degrees_C_anomaly,True,True
1922,12,1922-12-01,1922-12-31,-0.304,dmi,https://psl.noaa.gov/data/timeseries/month/data/dmi.had.long.data,HadISST1.1; NOAA PSL Dipole Mode Index,degrees_C_anomaly,True,True
1923,1,1923-01-01,1923-01-31,-0.204,dmi,https://psl.noaa.gov/data/timeseries/month/data/dmi.had.long.data,HadISST1.1; NOAA PSL Dipole Mode Index,degrees_C_anomaly,True,True
1923,2,1923-02-01,1923-02-28,-0.413,dmi,https://psl.noaa.gov/data/timeseries/month/data/dmi.had.long.data,HadISST1.1; NOAA PSL Dipole Mode Index,degrees_C_anomaly,True,True
1923,3,1923-03-01,1923-03-31,-0.281,dmi,https://psl.noaa.gov/data/timeseries/month/data/dmi.had.long.data,HadISST1.1; NOAA PSL Dipole Mode Index,degrees_C_anomaly,True,True
1923,4,1923-04-01,1923-04-30,-0.239,dmi,https://psl.noaa.gov/data/timeseries/month/data/dmi.had.long.data,HadISST1.1; NOAA PSL Dipole Mode Index,degrees_C_anomaly,True,True
1923,5,1923-05-01,1923-05-31,-0.312,dmi,https://psl.noaa.gov/data/timeseries/month/data/dmi.had.long.data,HadISST1.1; NOAA PSL Dipole Mode Index,degrees_C_anomaly,True,True
1923,6,1923-06-01,1923-06-30,-0.102,dmi,https://psl.noaa.gov/data/timeseries/month/data/dmi.had.long.data,HadISST1.1; NOAA PSL Dipole Mode Index,degrees_C_anomaly,True,True
1923,7,1923-07-01,1923-07-31,-0.403,dmi,https://psl.noaa.gov/data/timeseries/month/data/dmi.had.long.data,HadISST1.1; NOAA PSL Dipole Mode Index,degrees_C_anomaly,True,True
1923,8,1923-08-01,1923-08-31,-0.001,dmi,https://psl.noaa.gov/data/timeseries/month/data/dmi.had.long.data,HadISST1.1; NOAA PSL Dipole Mode Index,degrees_C_anomaly,True,True
1923,9,1923-09-01,1923-09-30,0.241,dmi,https://psl.noaa.gov/data/timeseries/month/data/dmi.had.long.data,HadISST1.1; NOAA PSL Dipole Mode Index,degrees_C_anomaly,True,True
1923,10,1923-10-01,1923-10-31,0.276,dmi,https://psl.noaa.gov/data/timeseries/month/data/dmi.had.long.data,HadISST1.1; NOAA PSL Dipole Mode Index,degrees_C_anomaly,True,True
1923,11,1923-11-01,1923-11-30,0.447,dmi,https://psl.noaa.gov/data/timeseries/month/data/dmi.had.long.data,HadISST1.1; NOAA PSL Dipole Mode Index,degrees_C_anomaly,True,True
1923,12,1923-12-01,1923-12-31,-0.202,dmi,https://psl.noaa.gov/data/timeseries/month/data/dmi.had.long.data,HadISST1.1; NOAA PSL Dipole Mode Index,degrees_C_anomaly,True,True
1924,1,1924-01-01,1924-01-31,-0.434,dmi,https://psl.noaa.gov/data/timeseries/month/data/dmi.had.long.data,HadISST1.1; NOAA PSL Dipole Mode Index,degrees_C_anomaly,True,True
1924,2,1924-02-01,1924-02-29,-0.596,dmi,https://psl.noaa.gov/data/timeseries/month/data/dmi.had.long.data,HadISST1.1; NOAA PSL Dipole Mode Index,degrees_C_anomaly,True,True
1924,3,1924-03-01,1924-03-31,-0.428,dmi,https://psl.noaa.gov/data/timeseries/month/data/dmi.had.long.data,HadISST1.1; NOAA PSL Dipole Mode Index,degrees_C_anomaly,True,True
1924,4,1924-04-01,1924-04-30,-0.267,dmi,https://psl.noaa.gov/data/timeseries/month/data/dmi.had.long.data,HadISST1.1; NOAA PSL Dipole Mode Index,degrees_C_anomaly,True,True
1924,5,1924-05-01,1924-05-31,-0.415,dmi,https://psl.noaa.gov/data/timeseries/month/data/dmi.had.long.data,HadISST1.1; NOAA PSL Dipole Mode Index,degrees_C_anomaly,True,True
1924,6,1924-06-01,1924-06-30,-0.447,dmi,https://psl.noaa.gov/data/timeseries/month/data/dmi.had.long.data,HadISST1.1; NOAA PSL Dipole Mode Index,degrees_C_anomaly,True,True
1924,7,1924-07-01,1924-07-31,-0.395,dmi,https://psl.noaa.gov/data/timeseries/month/data/dmi.had.long.data,HadISST1.1; NOAA PSL Dipole Mode Index,degrees_C_anomaly,True,True
1924,8,1924-08-01,1924-08-31,-0.417,dmi,https://psl.noaa.gov/data/timeseries/month/data/dmi.had.long.data,HadISST1.1; NOAA PSL Dipole Mode Index,degrees_C_anomaly,True,True
1924,9,1924-09-01,1924-09-30,-0.652,dmi,https://psl.noaa.gov/data/timeseries/month/data/dmi.had.long.data,HadISST1.1; NOAA PSL Dipole Mode Index,degrees_C_anomaly,True,True
1924,10,1924-10-01,1924-10-31,-0.209,dmi,https://psl.noaa.gov/data/timeseries/month/data/dmi.had.long.data,HadISST1.1; NOAA PSL Dipole Mode Index,degrees_C_anomaly,True,True
1924,11,1924-11-01,1924-11-30,-0.408,dmi,https://psl.noaa.gov/data/timeseries/month/data/dmi.had.long.data,HadISST1.1; NOAA PSL Dipole Mode Index,degrees_C_anomaly,True,True
1924,12,1924-12-01,1924-12-31,-0.365,dmi,https://psl.noaa.gov/data/timeseries/month/data/dmi.had.long.data,HadISST1.1; NOAA PSL Dipole Mode Index,degrees_C_anomaly,True,True
1925,1,1925-01-01,1925-01-31,-0.317,dmi,https://psl.noaa.gov/data/timeseries/month/data/dmi.had.long.data,HadISST1.1; NOAA PSL Dipole Mode Index,degrees_C_anomaly,True,True
1925,2,1925-02-01,1925-02-28,-0.028,dmi,https://psl.noaa.gov/data/timeseries/month/data/dmi.had.long.data,HadISST1.1; NOAA PSL Dipole Mode Index,degrees_C_anomaly,True,True
1925,3,1925-03-01,1925-03-31,-0.008,dmi,https://psl.noaa.gov/data/timeseries/month/data/dmi.had.long.data,HadISST1.1; NOAA PSL Dipole Mode Index,degrees_C_anomaly,True,True
1925,4,1925-04-01,1925-04-30,0.482,dmi,https://psl.noaa.gov/data/timeseries/month/data/dmi.had.long.data,HadISST1.1; NOAA PSL Dipole Mode Index,degrees_C_anomaly,True,True
1925,5,1925-05-01,1925-05-31,-0.042,dmi,https://psl.noaa.gov/data/timeseries/month/data/dmi.had.long.data,HadISST1.1; NOAA PSL Dipole Mode Index,degrees_C_anomaly,True,True
1925,6,1925-06-01,1925-06-30,0.081,dmi,https://psl.noaa.gov/data/timeseries/month/data/dmi.had.long.data,HadISST1.1; NOAA PSL Dipole Mode Index,degrees_C_anomaly,True,True
1925,7,1925-07-01,1925-07-31,-0.167,dmi,https://psl.noaa.gov/data/timeseries/month/data/dmi.had.long.data,HadISST1.1; NOAA PSL Dipole Mode Index,degrees_C_anomaly,True,True
1925,8,1925-08-01,1925-08-31,-0.04,dmi,https://psl.noaa.gov/data/timeseries/month/data/dmi.had.long.data,HadISST1.1; NOAA PSL Dipole Mode Index,degrees_C_anomaly,True,True
1925,9,1925-09-01,1925-09-30,0.388,dmi,https://psl.noaa.gov/data/timeseries/month/data/dmi.had.long.data,HadISST1.1; NOAA PSL Dipole Mode Index,degrees_C_anomaly,True,True
1925,10,1925-10-01,1925-10-31,0.103,dmi,https://psl.noaa.gov/data/timeseries/month/data/dmi.had.long.data,HadISST1.1; NOAA PSL Dipole Mode Index,degrees_C_anomaly,True,True
1925,11,1925-11-01,1925-11-30,0.118,dmi,https://psl.noaa.gov/data/timeseries/month/data/dmi.had.long.data,HadISST1.1; NOAA PSL Dipole Mode Index,degrees_C_anomaly,True,True
1925,12,1925-12-01,1925-12-31,-0.153,dmi,https://psl.noaa.gov/data/timeseries/month/data/dmi.had.long.data,HadISST1.1; NOAA PSL Dipole Mode Index,degrees_C_anomaly,True,True
1926,1,1926-01-01,1926-01-31,-0.003,dmi,https://psl.noaa.gov/data/timeseries/month/data/dmi.had.long.data,HadISST1.1; NOAA PSL Dipole Mode Index,degrees_C_anomaly,True,True
1926,2,1926-02-01,1926-02-28,-0.358,dmi,https://psl.noaa.gov/data/timeseries/month/data/dmi.had.long.data,HadISST1.1; NOAA PSL Dipole Mode Index,degrees_C_anomaly,True,True
1926,3,1926-03-01,1926-03-31,-0.041,dmi,https://psl.noaa.gov/data/timeseries/month/data/dmi.had.long.data,HadISST1.1; NOAA PSL Dipole Mode Index,degrees_C_anomaly,True,True
1926,4,1926-04-01,1926-04-30,-0.247,dmi,https://psl.noaa.gov/data/timeseries/month/data/dmi.had.long.data,HadISST1.1; NOAA PSL Dipole Mode Index,degrees_C_anomaly,True,True
1926,5,1926-05-01,1926-05-31,-0.084,dmi,https://psl.noaa.gov/data/timeseries/month/data/dmi.had.long.data,HadISST1.1; NOAA PSL Dipole Mode Index,degrees_C_anomaly,True,True
1926,6,1926-06-01,1926-06-30,0.147,dmi,https://psl.noaa.gov/data/timeseries/month/data/dmi.had.long.data,HadISST1.1; NOAA PSL Dipole Mode Index,degrees_C_anomaly,True,True
1926,7,1926-07-01,1926-07-31,-0.231,dmi,https://psl.noaa.gov/data/timeseries/month/data/dmi.had.long.data,HadISST1.1; NOAA PSL Dipole Mode Index,degrees_C_anomaly,True,True
1926,8,1926-08-01,1926-08-31,-0.007,dmi,https://psl.noaa.gov/data/timeseries/month/data/dmi.had.long.data,HadISST1.1; NOAA PSL Dipole Mode Index,degrees_C_anomaly,True,True
1926,9,1926-09-01,1926-09-30,-0.405,dmi,https://psl.noaa.gov/data/timeseries/month/data/dmi.had.long.data,HadISST1.1; NOAA PSL Dipole Mode Index,degrees_C_anomaly,True,True
1926,10,1926-10-01,1926-10-31,-0.115,dmi,https://psl.noaa.gov/data/timeseries/month/data/dmi.had.long.data,HadISST1.1; NOAA PSL Dipole Mode Index,degrees_C_anomaly,True,True
1926,11,1926-11-01,1926-11-30,-0.49,dmi,https://psl.noaa.gov/data/timeseries/month/data/dmi.had.long.data,HadISST1.1; NOAA PSL Dipole Mode Index,degrees_C_anomaly,True,True
1926,12,1926-12-01,1926-12-31,-0.422,dmi,https://psl.noaa.gov/data/timeseries/month/data/dmi.had.long.data,HadISST1.1; NOAA PSL Dipole Mode Index,degrees_C_anomaly,True,True
1927,1,1927-01-01,1927-01-31,-0.202,dmi,https://psl.noaa.gov/data/timeseries/month/data/dmi.had.long.data,HadISST1.1; NOAA PSL Dipole Mode Index,degrees_C_anomaly,True,True
1927,2,1927-02-01,1927-02-28,0.042,dmi,https://psl.noaa.gov/data/timeseries/month/data/dmi.had.long.data,HadISST1.1; NOAA PSL Dipole Mode Index,degrees_C_anomaly,True,True
1927,3,1927-03-01,1927-03-31,-0.202,dmi,https://psl.noaa.gov/data/timeseries/month/data/dmi.had.long.data,HadISST1.1; NOAA PSL Dipole Mode Index,degrees_C_anomaly,True,True
1927,4,1927-04-01,1927-04-30,-0.398,dmi,https://psl.noaa.gov/data/timeseries/month/data/dmi.had.long.data,HadISST1.1; NOAA PSL Dipole Mode Index,degrees_C_anomaly,True,True
1927,5,1927-05-01,1927-05-31,-0.256,dmi,https://psl.noaa.gov/data/timeseries/month/data/dmi.had.long.data,HadISST1.1; NOAA PSL Dipole Mode Index,degrees_C_anomaly,True,True
1927,6,1927-06-01,1927-06-30,-0.168,dmi,https://psl.noaa.gov/data/timeseries/month/data/dmi.had.long.data,HadISST1.1; NOAA PSL Dipole Mode Index,degrees_C_anomaly,True,True
1927,7,1927-07-01,1927-07-31,-0.576,dmi,https://psl.noaa.gov/data/timeseries/month/data/dmi.had.long.data,HadISST1.1; NOAA PSL Dipole Mode Index,degrees_C_anomaly,True,True
1927,8,1927-08-01,1927-08-31,-0.611,dmi,https://psl.noaa.gov/data/timeseries/month/data/dmi.had.long.data,HadISST1.1; NOAA PSL Dipole Mode Index,degrees_C_anomaly,True,True
1927,9,1927-09-01,1927-09-30,-0.664,dmi,https://psl.noaa.gov/data/timeseries/month/data/dmi.had.long.data,HadISST1.1; NOAA PSL Dipole Mode Index,degrees_C_anomaly,True,True
1927,10,1927-10-01,1927-10-31,-0.602,dmi,https://psl.noaa.gov/data/timeseries/month/data/dmi.had.long.data,HadISST1.1; NOAA PSL Dipole Mode Index,degrees_C_anomaly,True,True
1927,11,1927-11-01,1927-11-30,-0.287,dmi,https://psl.noaa.gov/data/timeseries/month/data/dmi.had.long.data,HadISST1.1; NOAA PSL Dipole Mode Index,degrees_C_anomaly,True,True
1927,12,1927-12-01,1927-12-31,-0.378,dmi,https://psl.noaa.gov/data/timeseries/month/data/dmi.had.long.data,HadISST1.1; NOAA PSL Dipole Mode Index,degrees_C_anomaly,True,True
1928,1,1928-01-01,1928-01-31,-0.377,dmi,https://psl.noaa.gov/data/timeseries/month/data/dmi.had.long.data,HadISST1.1; NOAA PSL Dipole Mode Index,degrees_C_anomaly,True,True
1928,2,1928-02-01,1928-02-29,-0.36,dmi,https://psl.noaa.gov/data/timeseries/month/data/dmi.had.long.data,HadISST1.1; NOAA PSL Dipole Mode Index,degrees_C_anomaly,True,True
1928,3,1928-03-01,1928-03-31,-0.277,dmi,https://psl.noaa.gov/data/timeseries/month/data/dmi.had.long.data,HadISST1.1; NOAA PSL Dipole Mode Index,degrees_C_anomaly,True,True
1928,4,1928-04-01,1928-04-30,-0.313,dmi,https://psl.noaa.gov/data/timeseries/month/data/dmi.had.long.data,HadISST1.1; NOAA PSL Dipole Mode Index,degrees_C_anomaly,True,True
1928,5,1928-05-01,1928-05-31,-0.268,dmi,https://psl.noaa.gov/data/timeseries/month/data/dmi.had.long.data,HadISST1.1; NOAA PSL Dipole Mode Index,degrees_C_anomaly,True,True
1928,6,1928-06-01,1928-06-30,-0.465,dmi,https://psl.noaa.gov/data/timeseries/month/data/dmi.had.long.data,HadISST1.1; NOAA PSL Dipole Mode Index,degrees_C_anomaly,True,True
1928,7,1928-07-01,1928-07-31,-0.64,dmi,https://psl.noaa.gov/data/timeseries/month/data/dmi.had.long.data,HadISST1.1; NOAA PSL Dipole Mode Index,degrees_C_anomaly,True,True
1928,8,1928-08-01,1928-08-31,-0.891,dmi,https://psl.noaa.gov/data/timeseries/month/data/dmi.had.long.data,HadISST1.1; NOAA PSL Dipole Mode Index,degrees_C_anomaly,True,True
1928,9,1928-09-01,1928-09-30,-0.87,dmi,https://psl.noaa.gov/data/timeseries/month/data/dmi.had.long.data,HadISST1.1; NOAA PSL Dipole Mode Index,degrees_C_anomaly,True,True
1928,10,1928-10-01,1928-10-31,-0.732,dmi,https://psl.noaa.gov/data/timeseries/month/data/dmi.had.long.data,HadISST1.1; NOAA PSL Dipole Mode Index,degrees_C_anomaly,True,True
1928,11,1928-11-01,1928-11-30,-0.207,dmi,https://psl.noaa.gov/data/timeseries/month/data/dmi.had.long.data,HadISST1.1; NOAA PSL Dipole Mode Index,degrees_C_anomaly,True,True
1928,12,1928-12-01,1928-12-31,-0.372,dmi,https://psl.noaa.gov/data/timeseries/month/data/dmi.had.long.data,HadISST1.1; NOAA PSL Dipole Mode Index,degrees_C_anomaly,True,True
1929,1,1929-01-01,1929-01-31,-0.284,dmi,https://psl.noaa.gov/data/timeseries/month/data/dmi.had.long.data,HadISST1.1; NOAA PSL Dipole Mode Index,degrees_C_anomaly,True,True
1929,2,1929-02-01,1929-02-28,-0.362,dmi,https://psl.noaa.gov/data/timeseries/month/data/dmi.had.long.data,HadISST1.1; NOAA PSL Dipole Mode Index,degrees_C_anomaly,True,True
1929,3,1929-03-01,1929-03-31,-0.238,dmi,https://psl.noaa.gov/data/timeseries/month/data/dmi.had.long.data,HadISST1.1; NOAA PSL Dipole Mode Index,degrees_C_anomaly,True,True
1929,4,1929-04-01,1929-04-30,-0.222,dmi,https://psl.noaa.gov/data/timeseries/month/data/dmi.had.long.data,HadISST1.1; NOAA PSL Dipole Mode Index,degrees_C_anomaly,True,True
1929,5,1929-05-01,1929-05-31,-0.361,dmi,https://psl.noaa.gov/data/timeseries/month/data/dmi.had.long.data,HadISST1.1; NOAA PSL Dipole Mode Index,degrees_C_anomaly,True,True
1929,6,1929-06-01,1929-06-30,-0.247,dmi,https://psl.noaa.gov/data/timeseries/month/data/dmi.had.long.data,HadISST1.1; NOAA PSL Dipole Mode Index,degrees_C_anomaly,True,True
1929,7,1929-07-01,1929-07-31,-0.389,dmi,https://psl.noaa.gov/data/timeseries/month/data/dmi.had.long.data,HadISST1.1; NOAA PSL Dipole Mode Index,degrees_C_anomaly,True,True
1929,8,1929-08-01,1929-08-31,-0.487,dmi,https://psl.noaa.gov/data/timeseries/month/data/dmi.had.long.data,HadISST1.1; NOAA PSL Dipole Mode Index,degrees_C_anomaly,True,True
1929,9,1929-09-01,1929-09-30,-0.305,dmi,https://psl.noaa.gov/data/timeseries/month/data/dmi.had.long.data,HadISST1.1; NOAA PSL Dipole Mode Index,degrees_C_anomaly,True,True
1929,10,1929-10-01,1929-10-31,-0.356,dmi,https://psl.noaa.gov/data/timeseries/month/data/dmi.had.long.data,HadISST1.1; NOAA PSL Dipole Mode Index,degrees_C_anomaly,True,True
1929,11,1929-11-01,1929-11-30,-0.281,dmi,https://psl.noaa.gov/data/timeseries/month/data/dmi.had.long.data,HadISST1.1; NOAA PSL Dipole Mode Index,degrees_C_anomaly,True,True
1929,12,1929-12-01,1929-12-31,-0.024,dmi,https://psl.noaa.gov/data/timeseries/month/data/dmi.had.long.data,HadISST1.1; NOAA PSL Dipole Mode Index,degrees_C_anomaly,True,True
1930,1,1930-01-01,1930-01-31,-0.423,dmi,https://psl.noaa.gov/data/timeseries/month/data/dmi.had.long.data,HadISST1.1; NOAA PSL Dipole Mode Index,degrees_C_anomaly,True,True
1930,2,1930-02-01,1930-02-28,-0.513,dmi,https://psl.noaa.gov/data/timeseries/month/data/dmi.had.long.data,HadISST1.1; NOAA PSL Dipole Mode Index,degrees_C_anomaly,True,True
1930,3,1930-03-01,1930-03-31,-0.32,dmi,https://psl.noaa.gov/data/timeseries/month/data/dmi.had.long.data,HadISST1.1; NOAA PSL Dipole Mode Index,degrees_C_anomaly,True,True
1930,4,1930-04-01,1930-04-30,-0.245,dmi,https://psl.noaa.gov/data/timeseries/month/data/dmi.had.long.data,HadISST1.1; NOAA PSL Dipole Mode Index,degrees_C_anomaly,True,True
1930,5,1930-05-01,1930-05-31,-0.444,dmi,https://psl.noaa.gov/data/timeseries/month/data/dmi.had.long.data,HadISST1.1; NOAA PSL Dipole Mode Index,degrees_C_anomaly,True,True
1930,6,1930-06-01,1930-06-30,-0.138,dmi,https://psl.noaa.gov/data/timeseries/month/data/dmi.had.long.data,HadISST1.1; NOAA PSL Dipole Mode Index,degrees_C_anomaly,True,True
1930,7,1930-07-01,1930-07-31,-0.405,dmi,https://psl.noaa.gov/data/timeseries/month/data/dmi.had.long.data,HadISST1.1; NOAA PSL Dipole Mode Index,degrees_C_anomaly,True,True
1930,8,1930-08-01,1930-08-31,-0.33,dmi,https://psl.noaa.gov/data/timeseries/month/data/dmi.had.long.data,HadISST1.1; NOAA PSL Dipole Mode Index,degrees_C_anomaly,True,True
1930,9,1930-09-01,1930-09-30,-0.802,dmi,https://psl.noaa.gov/data/timeseries/month/data/dmi.had.long.data,HadISST1.1; NOAA PSL Dipole Mode Index,degrees_C_anomaly,True,True
1930,10,1930-10-01,1930-10-31,-0.417,dmi,https://psl.noaa.gov/data/timeseries/month/data/dmi.had.long.data,HadISST1.1; NOAA PSL Dipole Mode Index,degrees_C_anomaly,True,True
1930,11,1930-11-01,1930-11-30,0.112,dmi,https://psl.noaa.gov/data/timeseries/month/data/dmi.had.long.data,HadISST1.1; NOAA PSL Dipole Mode Index,degrees_C_anomaly,True,True
1930,12,1930-12-01,1930-12-31,-0.114,dmi,https://psl.noaa.gov/data/timeseries/month/data/dmi.had.long.data,HadISST1.1; NOAA PSL Dipole Mode Index,degrees_C_anomaly,True,True
1931,1,1931-01-01,1931-01-31,-0.058,dmi,https://psl.noaa.gov/data/timeseries/month/data/dmi.had.long.data,HadISST1.1; NOAA PSL Dipole Mode Index,degrees_C_anomaly,True,True
1931,2,1931-02-01,1931-02-28,-0.334,dmi,https://psl.noaa.gov/data/timeseries/month/data/dmi.had.long.data,HadISST1.1; NOAA PSL Dipole Mode Index,degrees_C_anomaly,True,True
1931,3,1931-03-01,1931-03-31,-0.548,dmi,https://psl.noaa.gov/data/timeseries/month/data/dmi.had.long.data,HadISST1.1; NOAA PSL Dipole Mode Index,degrees_C_anomaly,True,True
1931,4,1931-04-01,1931-04-30,-0.524,dmi,https://psl.noaa.gov/data/timeseries/month/data/dmi.had.long.data,HadISST1.1; NOAA PSL Dipole Mode Index,degrees_C_anomaly,True,True
1931,5,1931-05-01,1931-05-31,-0.258,dmi,https://psl.noaa.gov/data/timeseries/month/data/dmi.had.long.data,HadISST1.1; NOAA PSL Dipole Mode Index,degrees_C_anomaly,True,True
1931,6,1931-06-01,1931-06-30,-0.28,dmi,https://psl.noaa.gov/data/timeseries/month/data/dmi.had.long.data,HadISST1.1; NOAA PSL Dipole Mode Index,degrees_C_anomaly,True,True
1931,7,1931-07-01,1931-07-31,-0.414,dmi,https://psl.noaa.gov/data/timeseries/month/data/dmi.had.long.data,HadISST1.1; NOAA PSL Dipole Mode Index,degrees_C_anomaly,True,True
1931,8,1931-08-01,1931-08-31,-0.502,dmi,https://psl.noaa.gov/data/timeseries/month/data/dmi.had.long.data,HadISST1.1; NOAA PSL Dipole Mode Index,degrees_C_anomaly,True,True
1931,9,1931-09-01,1931-09-30,-1.011,dmi,https://psl.noaa.gov/data/timeseries/month/data/dmi.had.long.data,HadISST1.1; NOAA PSL Dipole Mode Index,degrees_C_anomaly,True,True
1931,10,1931-10-01,1931-10-31,-0.596,dmi,https://psl.noaa.gov/data/timeseries/month/data/dmi.had.long.data,HadISST1.1; NOAA PSL Dipole Mode Index,degrees_C_anomaly,True,True
1931,11,1931-11-01,1931-11-30,-0.184,dmi,https://psl.noaa.gov/data/timeseries/month/data/dmi.had.long.data,HadISST1.1; NOAA PSL Dipole Mode Index,degrees_C_anomaly,True,True
1931,12,1931-12-01,1931-12-31,-0.812,dmi,https://psl.noaa.gov/data/timeseries/month/data/dmi.had.long.data,HadISST1.1; NOAA PSL Dipole Mode Index,degrees_C_anomaly,True,True
1932,1,1932-01-01,1932-01-31,-0.426,dmi,https://psl.noaa.gov/data/timeseries/month/data/dmi.had.long.data,HadISST1.1; NOAA PSL Dipole Mode Index,degrees_C_anomaly,True,True
1932,2,1932-02-01,1932-02-29,-0.58,dmi,https://psl.noaa.gov/data/timeseries/month/data/dmi.had.long.data,HadISST1.1; NOAA PSL Dipole Mode Index,degrees_C_anomaly,True,True
1932,3,1932-03-01,1932-03-31,-0.438,dmi,https://psl.noaa.gov/data/timeseries/month/data/dmi.had.long.data,HadISST1.1; NOAA PSL Dipole Mode Index,degrees_C_anomaly,True,True
1932,4,1932-04-01,1932-04-30,-0.126,dmi,https://psl.noaa.gov/data/timeseries/month/data/dmi.had.long.data,HadISST1.1; NOAA PSL Dipole Mode Index,degrees_C_anomaly,True,True
1932,5,1932-05-01,1932-05-31,-0.378,dmi,https://psl.noaa.gov/data/timeseries/month/data/dmi.had.long.data,HadISST1.1; NOAA PSL Dipole Mode Index,degrees_C_anomaly,True,True
1932,6,1932-06-01,1932-06-30,-0.396,dmi,https://psl.noaa.gov/data/timeseries/month/data/dmi.had.long.data,HadISST1.1; NOAA PSL Dipole Mode Index,degrees_C_anomaly,True,True
1932,7,1932-07-01,1932-07-31,-0.246,dmi,https://psl.noaa.gov/data/timeseries/month/data/dmi.had.long.data,HadISST1.1; NOAA PSL Dipole Mode Index,degrees_C_anomaly,True,True
1932,8,1932-08-01,1932-08-31,-0.489,dmi,https://psl.noaa.gov/data/timeseries/month/data/dmi.had.long.data,HadISST1.1; NOAA PSL Dipole Mode Index,degrees_C_anomaly,True,True
1932,9,1932-09-01,1932-09-30,-0.403,dmi,https://psl.noaa.gov/data/timeseries/month/data/dmi.had.long.data,HadISST1.1; NOAA PSL Dipole Mode Index,degrees_C_anomaly,True,True
1932,10,1932-10-01,1932-10-31,-0.729,dmi,https://psl.noaa.gov/data/timeseries/month/data/dmi.had.long.data,HadISST1.1; NOAA PSL Dipole Mode Index,degrees_C_anomaly,True,True
1932,11,1932-11-01,1932-11-30,-0.314,dmi,https://psl.noaa.gov/data/timeseries/month/data/dmi.had.long.data,HadISST1.1; NOAA PSL Dipole Mode Index,degrees_C_anomaly,True,True
1932,12,1932-12-01,1932-12-31,-0.033,dmi,https://psl.noaa.gov/data/timeseries/month/data/dmi.had.long.data,HadISST1.1; NOAA PSL Dipole Mode Index,degrees_C_anomaly,True,True
1933,1,1933-01-01,1933-01-31,-0.189,dmi,https://psl.noaa.gov/data/timeseries/month/data/dmi.had.long.data,HadISST1.1; NOAA PSL Dipole Mode Index,degrees_C_anomaly,True,True
1933,2,1933-02-01,1933-02-28,-0.092,dmi,https://psl.noaa.gov/data/timeseries/month/data/dmi.had.long.data,HadISST1.1; NOAA PSL Dipole Mode Index,degrees_C_anomaly,True,True
1933,3,1933-03-01,1933-03-31,0.039,dmi,https://psl.noaa.gov/data/timeseries/month/data/dmi.had.long.data,HadISST1.1; NOAA PSL Dipole Mode Index,degrees_C_anomaly,True,True
1933,4,1933-04-01,1933-04-30,0.177,dmi,https://psl.noaa.gov/data/timeseries/month/data/dmi.had.long.data,HadISST1.1; NOAA PSL Dipole Mode Index,degrees_C_anomaly,True,True
1933,5,1933-05-01,1933-05-31,-0.344,dmi,https://psl.noaa.gov/data/timeseries/month/data/dmi.had.long.data,HadISST1.1; NOAA PSL Dipole Mode Index,degrees_C_anomaly,True,True
1933,6,1933-06-01,1933-06-30,-0.307,dmi,https://psl.noaa.gov/data/timeseries/month/data/dmi.had.long.data,HadISST1.1; NOAA PSL Dipole Mode Index,degrees_C_anomaly,True,True
1933,7,1933-07-01,1933-07-31,-0.469,dmi,https://psl.noaa.gov/data/timeseries/month/data/dmi.had.long.data,HadISST1.1; NOAA PSL Dipole Mode Index,degrees_C_anomaly,True,True
1933,8,1933-08-01,1933-08-31,-0.631,dmi,https://psl.noaa.gov/data/timeseries/month/data/dmi.had.long.data,HadISST1.1; NOAA PSL Dipole Mode Index,degrees_C_anomaly,True,True
1933,9,1933-09-01,1933-09-30,-1.567,dmi,https://psl.noaa.gov/data/timeseries/month/data/dmi.had.long.data,HadISST1.1; NOAA PSL Dipole Mode Index,degrees_C_anomaly,True,True
1933,10,1933-10-01,1933-10-31,-0.986,dmi,https://psl.noaa.gov/data/timeseries/month/data/dmi.had.long.data,HadISST1.1; NOAA PSL Dipole Mode Index,degrees_C_anomaly,True,True
1933,11,1933-11-01,1933-11-30,-0.604,dmi,https://psl.noaa.gov/data/timeseries/month/data/dmi.had.long.data,HadISST1.1; NOAA PSL Dipole Mode Index,degrees_C_anomaly,True,True
1933,12,1933-12-01,1933-12-31,-0.472,dmi,https://psl.noaa.gov/data/timeseries/month/data/dmi.had.long.data,HadISST1.1; NOAA PSL Dipole Mode Index,degrees_C_anomaly,True,True
1934,1,1934-01-01,1934-01-31,-0.611,dmi,https://psl.noaa.gov/data/timeseries/month/data/dmi.had.long.data,HadISST1.1; NOAA PSL Dipole Mode Index,degrees_C_anomaly,True,True
1934,2,1934-02-01,1934-02-28,-0.251,dmi,https://psl.noaa.gov/data/timeseries/month/data/dmi.had.long.data,HadISST1.1; NOAA PSL Dipole Mode Index,degrees_C_anomaly,True,True
1934,3,1934-03-01,1934-03-31,-0.166,dmi,https://psl.noaa.gov/data/timeseries/month/data/dmi.had.long.data,HadISST1.1; NOAA PSL Dipole Mode Index,degrees_C_anomaly,True,True
1934,4,1934-04-01,1934-04-30,-0.134,dmi,https://psl.noaa.gov/data/timeseries/month/data/dmi.had.long.data,HadISST1.1; NOAA PSL Dipole Mode Index,degrees_C_anomaly,True,True
1934,5,1934-05-01,1934-05-31,-0.2,dmi,https://psl.noaa.gov/data/timeseries/month/data/dmi.had.long.data,HadISST1.1; NOAA PSL Dipole Mode Index,degrees_C_anomaly,True,True
1934,6,1934-06-01,1934-06-30,-0.016,dmi,https://psl.noaa.gov/data/timeseries/month/data/dmi.had.long.data,HadISST1.1; NOAA PSL Dipole Mode Index,degrees_C_anomaly,True,True
1934,7,1934-07-01,1934-07-31,-0.325,dmi,https://psl.noaa.gov/data/timeseries/month/data/dmi.had.long.data,HadISST1.1; NOAA PSL Dipole Mode Index,degrees_C_anomaly,True,True
1934,8,1934-08-01,1934-08-31,-0.012,dmi,https://psl.noaa.gov/data/timeseries/month/data/dmi.had.long.data,HadISST1.1; NOAA PSL Dipole Mode Index,degrees_C_anomaly,True,True
1934,9,1934-09-01,1934-09-30,-0.498,dmi,https://psl.noaa.gov/data/timeseries/month/data/dmi.had.long.data,HadISST1.1; NOAA PSL Dipole Mode Index,degrees_C_anomaly,True,True
1934,10,1934-10-01,1934-10-31,-0.322,dmi,https://psl.noaa.gov/data/timeseries/month/data/dmi.had.long.data,HadISST1.1; NOAA PSL Dipole Mode Index,degrees_C_anomaly,True,True
1934,11,1934-11-01,1934-11-30,-0.155,dmi,https://psl.noaa.gov/data/timeseries/month/data/dmi.had.long.data,HadISST1.1; NOAA PSL Dipole Mode Index,degrees_C_anomaly,True,True
1934,12,1934-12-01,1934-12-31,-0.16,dmi,https://psl.noaa.gov/data/timeseries/month/data/dmi.had.long.data,HadISST1.1; NOAA PSL Dipole Mode Index,degrees_C_anomaly,True,True
1935,1,1935-01-01,1935-01-31,0.008,dmi,https://psl.noaa.gov/data/timeseries/month/data/dmi.had.long.data,HadISST1.1; NOAA PSL Dipole Mode Index,degrees_C_anomaly,True,True
1935,2,1935-02-01,1935-02-28,-0.054,dmi,https://psl.noaa.gov/data/timeseries/month/data/dmi.had.long.data,HadISST1.1; NOAA PSL Dipole Mode Index,degrees_C_anomaly,True,True
1935,3,1935-03-01,1935-03-31,0.119,dmi,https://psl.noaa.gov/data/timeseries/month/data/dmi.had.long.data,HadISST1.1; NOAA PSL Dipole Mode Index,degrees_C_anomaly,True,True
1935,4,1935-04-01,1935-04-30,-0.216,dmi,https://psl.noaa.gov/data/timeseries/month/data/dmi.had.long.data,HadISST1.1; NOAA PSL Dipole Mode Index,degrees_C_anomaly,True,True
1935,5,1935-05-01,1935-05-31,0.063,dmi,https://psl.noaa.gov/data/timeseries/month/data/dmi.had.long.data,HadISST1.1; NOAA PSL Dipole Mode Index,degrees_C_anomaly,True,True
1935,6,1935-06-01,1935-06-30,0.091,dmi,https://psl.noaa.gov/data/timeseries/month/data/dmi.had.long.data,HadISST1.1; NOAA PSL Dipole Mode Index,degrees_C_anomaly,True,True
1935,7,1935-07-01,1935-07-31,0.052,dmi,https://psl.noaa.gov/data/timeseries/month/data/dmi.had.long.data,HadISST1.1; NOAA PSL Dipole Mode Index,degrees_C_anomaly,True,True
1935,8,1935-08-01,1935-08-31,-0.025,dmi,https://psl.noaa.gov/data/timeseries/month/data/dmi.had.long.data,HadISST1.1; NOAA PSL Dipole Mode Index,degrees_C_anomaly,True,True
1935,9,1935-09-01,1935-09-30,-0.246,dmi,https://psl.noaa.gov/data/timeseries/month/data/dmi.had.long.data,HadISST1.1; NOAA PSL Dipole Mode Index,degrees_C_anomaly,True,True
1935,10,1935-10-01,1935-10-31,-0.304,dmi,https://psl.noaa.gov/data/timeseries/month/data/dmi.had.long.data,HadISST1.1; NOAA PSL Dipole Mode Index,degrees_C_anomaly,True,True
1935,11,1935-11-01,1935-11-30,0.119,dmi,https://psl.noaa.gov/data/timeseries/month/data/dmi.had.long.data,HadISST1.1; NOAA PSL Dipole Mode Index,degrees_C_anomaly,True,True
1935,12,1935-12-01,1935-12-31,0.022,dmi,https://psl.noaa.gov/data/timeseries/month/data/dmi.had.long.data,HadISST1.1; NOAA PSL Dipole Mode Index,degrees_C_anomaly,True,True
1936,1,1936-01-01,1936-01-31,0.086,dmi,https://psl.noaa.gov/data/timeseries/month/data/dmi.had.long.data,HadISST1.1; NOAA PSL Dipole Mode Index,degrees_C_anomaly,True,True
1936,2,1936-02-01,1936-02-29,-0.389,dmi,https://psl.noaa.gov/data/timeseries/month/data/dmi.had.long.data,HadISST1.1; NOAA PSL Dipole Mode Index,degrees_C_anomaly,True,True
1936,3,1936-03-01,1936-03-31,-0.211,dmi,https://psl.noaa.gov/data/timeseries/month/data/dmi.had.long.data,HadISST1.1; NOAA PSL Dipole Mode Index,degrees_C_anomaly,True,True
1936,4,1936-04-01,1936-04-30,-0.069,dmi,https://psl.noaa.gov/data/timeseries/month/data/dmi.had.long.data,HadISST1.1; NOAA PSL Dipole Mode Index,degrees_C_anomaly,True,True
1936,5,1936-05-01,1936-05-31,-0.192,dmi,https://psl.noaa.gov/data/timeseries/month/data/dmi.had.long.data,HadISST1.1; NOAA PSL Dipole Mode Index,degrees_C_anomaly,True,True
1936,6,1936-06-01,1936-06-30,0.064,dmi,https://psl.noaa.gov/data/timeseries/month/data/dmi.had.long.data,HadISST1.1; NOAA PSL Dipole Mode Index,degrees_C_anomaly,True,True
1936,7,1936-07-01,1936-07-31,-0.073,dmi,https://psl.noaa.gov/data/timeseries/month/data/dmi.had.long.data,HadISST1.1; NOAA PSL Dipole Mode Index,degrees_C_anomaly,True,True
1936,8,1936-08-01,1936-08-31,-0.437,dmi,https://psl.noaa.gov/data/timeseries/month/data/dmi.had.long.data,HadISST1.1; NOAA PSL Dipole Mode Index,degrees_C_anomaly,True,True
1936,9,1936-09-01,1936-09-30,-0.446,dmi,https://psl.noaa.gov/data/timeseries/month/data/dmi.had.long.data,HadISST1.1; NOAA PSL Dipole Mode Index,degrees_C_anomaly,True,True
1936,10,1936-10-01,1936-10-31,-0.692,dmi,https://psl.noaa.gov/data/timeseries/month/data/dmi.had.long.data,HadISST1.1; NOAA PSL Dipole Mode Index,degrees_C_anomaly,True,True
1936,11,1936-11-01,1936-11-30,-0.063,dmi,https://psl.noaa.gov/data/timeseries/month/data/dmi.had.long.data,HadISST1.1; NOAA PSL Dipole Mode Index,degrees_C_anomaly,True,True
1936,12,1936-12-01,1936-12-31,-0.318,dmi,https://psl.noaa.gov/data/timeseries/month/data/dmi.had.long.data,HadISST1.1; NOAA PSL Dipole Mode Index,degrees_C_anomaly,True,True
1937,1,1937-01-01,1937-01-31,-0.113,dmi,https://psl.noaa.gov/data/timeseries/month/data/dmi.had.long.data,HadISST1.1; NOAA PSL Dipole Mode Index,degrees_C_anomaly,True,True
1937,2,1937-02-01,1937-02-28,-0.231,dmi,https://psl.noaa.gov/data/timeseries/month/data/dmi.had.long.data,HadISST1.1; NOAA PSL Dipole Mode Index,degrees_C_anomaly,True,True
1937,3,1937-03-01,1937-03-31,-0.256,dmi,https://psl.noaa.gov/data/timeseries/month/data/dmi.had.long.data,HadISST1.1; NOAA PSL Dipole Mode Index,degrees_C_anomaly,True,True
1937,4,1937-04-01,1937-04-30,-0.403,dmi,https://psl.noaa.gov/data/timeseries/month/data/dmi.had.long.data,HadISST1.1; NOAA PSL Dipole Mode Index,degrees_C_anomaly,True,True
1937,5,1937-05-01,1937-05-31,0.042,dmi,https://psl.noaa.gov/data/timeseries/month/data/dmi.had.long.data,HadISST1.1; NOAA PSL Dipole Mode Index,degrees_C_anomaly,True,True
1937,6,1937-06-01,1937-06-30,-0.297,dmi,https://psl.noaa.gov/data/timeseries/month/data/dmi.had.long.data,HadISST1.1; NOAA PSL Dipole Mode Index,degrees_C_anomaly,True,True
1937,7,1937-07-01,1937-07-31,-0.547,dmi,https://psl.noaa.gov/data/timeseries/month/data/dmi.had.long.data,HadISST1.1; NOAA PSL Dipole Mode Index,degrees_C_anomaly,True,True
1937,8,1937-08-01,1937-08-31,-0.252,dmi,https://psl.noaa.gov/data/timeseries/month/data/dmi.had.long.data,HadISST1.1; NOAA PSL Dipole Mode Index,degrees_C_anomaly,True,True
1937,9,1937-09-01,1937-09-30,-0.09,dmi,https://psl.noaa.gov/data/timeseries/month/data/dmi.had.long.data,HadISST1.1; NOAA PSL Dipole Mode Index,degrees_C_anomaly,True,True
1937,10,1937-10-01,1937-10-31,-0.304,dmi,https://psl.noaa.gov/data/timeseries/month/data/dmi.had.long.data,HadISST1.1; NOAA PSL Dipole Mode Index,degrees_C_anomaly,True,True
1937,11,1937-11-01,1937-11-30,-0.115,dmi,https://psl.noaa.gov/data/timeseries/month/data/dmi.had.long.data,HadISST1.1; NOAA PSL Dipole Mode Index,degrees_C_anomaly,True,True
1937,12,1937-12-01,1937-12-31,-0.139,dmi,https://psl.noaa.gov/data/timeseries/month/data/dmi.had.long.data,HadISST1.1; NOAA PSL Dipole Mode Index,degrees_C_anomaly,True,True
1938,1,1938-01-01,1938-01-31,-0.084,dmi,https://psl.noaa.gov/data/timeseries/month/data/dmi.had.long.data,HadISST1.1; NOAA PSL Dipole Mode Index,degrees_C_anomaly,True,True
1938,2,1938-02-01,1938-02-28,-0.217,dmi,https://psl.noaa.gov/data/timeseries/month/data/dmi.had.long.data,HadISST1.1; NOAA PSL Dipole Mode Index,degrees_C_anomaly,True,True
1938,3,1938-03-01,1938-03-31,0.009,dmi,https://psl.noaa.gov/data/timeseries/month/data/dmi.had.long.data,HadISST1.1; NOAA PSL Dipole Mode Index,degrees_C_anomaly,True,True
1938,4,1938-04-01,1938-04-30,-0.345,dmi,https://psl.noaa.gov/data/timeseries/month/data/dmi.had.long.data,HadISST1.1; NOAA PSL Dipole Mode Index,degrees_C_anomaly,True,True
1938,5,1938-05-01,1938-05-31,0.016,dmi,https://psl.noaa.gov/data/timeseries/month/data/dmi.had.long.data,HadISST1.1; NOAA PSL Dipole Mode Index,degrees_C_anomaly,True,True
1938,6,1938-06-01,1938-06-30,-0.407,dmi,https://psl.noaa.gov/data/timeseries/month/data/dmi.had.long.data,HadISST1.1; NOAA PSL Dipole Mode Index,degrees_C_anomaly,True,True
1938,7,1938-07-01,1938-07-31,-0.621,dmi,https://psl.noaa.gov/data/timeseries/month/data/dmi.had.long.data,HadISST1.1; NOAA PSL Dipole Mode Index,degrees_C_anomaly,True,True
1938,8,1938-08-01,1938-08-31,-0.149,dmi,https://psl.noaa.gov/data/timeseries/month/data/dmi.had.long.data,HadISST1.1; NOAA PSL Dipole Mode Index,degrees_C_anomaly,True,True
1938,9,1938-09-01,1938-09-30,-0.457,dmi,https://psl.noaa.gov/data/timeseries/month/data/dmi.had.long.data,HadISST1.1; NOAA PSL Dipole Mode Index,degrees_C_anomaly,True,True
1938,10,1938-10-01,1938-10-31,-0.611,dmi,https://psl.noaa.gov/data/timeseries/month/data/dmi.had.long.data,HadISST1.1; NOAA PSL Dipole Mode Index,degrees_C_anomaly,True,True
1938,11,1938-11-01,1938-11-30,-0.712,dmi,https://psl.noaa.gov/data/timeseries/month/data/dmi.had.long.data,HadISST1.1; NOAA PSL Dipole Mode Index,degrees_C_anomaly,True,True
1938,12,1938-12-01,1938-12-31,-0.541,dmi,https://psl.noaa.gov/data/timeseries/month/data/dmi.had.long.data,HadISST1.1; NOAA PSL Dipole Mode Index,degrees_C_anomaly,True,True
1939,1,1939-01-01,1939-01-31,-0.125,dmi,https://psl.noaa.gov/data/timeseries/month/data/dmi.had.long.data,HadISST1.1; NOAA PSL Dipole Mode Index,degrees_C_anomaly,True,True
1939,2,1939-02-01,1939-02-28,0.209,dmi,https://psl.noaa.gov/data/timeseries/month/data/dmi.had.long.data,HadISST1.1; NOAA PSL Dipole Mode Index,degrees_C_anomaly,True,True
1939,3,1939-03-01,1939-03-31,0.021,dmi,https://psl.noaa.gov/data/timeseries/month/data/dmi.had.long.data,HadISST1.1; NOAA PSL Dipole Mode Index,degrees_C_anomaly,True,True
1939,4,1939-04-01,1939-04-30,-0.266,dmi,https://psl.noaa.gov/data/timeseries/month/data/dmi.had.long.data,HadISST1.1; NOAA PSL Dipole Mode Index,degrees_C_anomaly,True,True
1939,5,1939-05-01,1939-05-31,-0.337,dmi,https://psl.noaa.gov/data/timeseries/month/data/dmi.had.long.data,HadISST1.1; NOAA PSL Dipole Mode Index,degrees_C_anomaly,True,True
1939,6,1939-06-01,1939-06-30,-0.178,dmi,https://psl.noaa.gov/data/timeseries/month/data/dmi.had.long.data,HadISST1.1; NOAA PSL Dipole Mode Index,degrees_C_anomaly,True,True
1939,7,1939-07-01,1939-07-31,-0.405,dmi,https://psl.noaa.gov/data/timeseries/month/data/dmi.had.long.data,HadISST1.1; NOAA PSL Dipole Mode Index,degrees_C_anomaly,True,True
1939,8,1939-08-01,1939-08-31,-0.46,dmi,https://psl.noaa.gov/data/timeseries/month/data/dmi.had.long.data,HadISST1.1; NOAA PSL Dipole Mode Index,degrees_C_anomaly,True,True
1939,9,1939-09-01,1939-09-30,-0.285,dmi,https://psl.noaa.gov/data/timeseries/month/data/dmi.had.long.data,HadISST1.1; NOAA PSL Dipole Mode Index,degrees_C_anomaly,True,True
1939,10,1939-10-01,1939-10-31,-0.19,dmi,https://psl.noaa.gov/data/timeseries/month/data/dmi.had.long.data,HadISST1.1; NOAA PSL Dipole Mode Index,degrees_C_anomaly,True,True
1939,11,1939-11-01,1939-11-30,-0.319,dmi,https://psl.noaa.gov/data/timeseries/month/data/dmi.had.long.data,HadISST1.1; NOAA PSL Dipole Mode Index,degrees_C_anomaly,True,True
1939,12,1939-12-01,1939-12-31,-0.106,dmi,https://psl.noaa.gov/data/timeseries/month/data/dmi.had.long.data,HadISST1.1; NOAA PSL Dipole Mode Index,degrees_C_anomaly,True,True
1940,1,1940-01-01,1940-01-31,0.08,dmi,https://psl.noaa.gov/data/timeseries/month/data/dmi.had.long.data,HadISST1.1; NOAA PSL Dipole Mode Index,degrees_C_anomaly,True,True
1940,2,1940-02-01,1940-02-29,-0.224,dmi,https://psl.noaa.gov/data/timeseries/month/data/dmi.had.long.data,HadISST1.1; NOAA PSL Dipole Mode Index,degrees_C_anomaly,True,True
1940,3,1940-03-01,1940-03-31,-0.476,dmi,https://psl.noaa.gov/data/timeseries/month/data/dmi.had.long.data,HadISST1.1; NOAA PSL Dipole Mode Index,degrees_C_anomaly,True,True
1940,4,1940-04-01,1940-04-30,-0.493,dmi,https://psl.noaa.gov/data/timeseries/month/data/dmi.had.long.data,HadISST1.1; NOAA PSL Dipole Mode Index,degrees_C_anomaly,True,True
1940,5,1940-05-01,1940-05-31,-0.46,dmi,https://psl.noaa.gov/data/timeseries/month/data/dmi.had.long.data,HadISST1.1; NOAA PSL Dipole Mode Index,degrees_C_anomaly,True,True
1940,6,1940-06-01,1940-06-30,-0.028,dmi,https://psl.noaa.gov/data/timeseries/month/data/dmi.had.long.data,HadISST1.1; NOAA PSL Dipole Mode Index,degrees_C_anomaly,True,True
1940,7,1940-07-01,1940-07-31,-0.363,dmi,https://psl.noaa.gov/data/timeseries/month/data/dmi.had.long.data,HadISST1.1; NOAA PSL Dipole Mode Index,degrees_C_anomaly,True,True
1940,8,1940-08-01,1940-08-31,-0.253,dmi,https://psl.noaa.gov/data/timeseries/month/data/dmi.had.long.data,HadISST1.1; NOAA PSL Dipole Mode Index,degrees_C_anomaly,True,True
1940,9,1940-09-01,1940-09-30,-0.39,dmi,https://psl.noaa.gov/data/timeseries/month/data/dmi.had.long.data,HadISST1.1; NOAA PSL Dipole Mode Index,degrees_C_anomaly,True,True
1940,10,1940-10-01,1940-10-31,-0.472,dmi,https://psl.noaa.gov/data/timeseries/month/data/dmi.had.long.data,HadISST1.1; NOAA PSL Dipole Mode Index,degrees_C_anomaly,True,True
1940,11,1940-11-01,1940-11-30,-0.341,dmi,https://psl.noaa.gov/data/timeseries/month/data/dmi.had.long.data,HadISST1.1; NOAA PSL Dipole Mode Index,degrees_C_anomaly,True,True
1940,12,1940-12-01,1940-12-31,-0.316,dmi,https://psl.noaa.gov/data/timeseries/month/data/dmi.had.long.data,HadISST1.1; NOAA PSL Dipole Mode Index,degrees_C_anomaly,True,True
1941,1,1941-01-01,1941-01-31,-0.362,dmi,https://psl.noaa.gov/data/timeseries/month/data/dmi.had.long.data,HadISST1.1; NOAA PSL Dipole Mode Index,degrees_C_anomaly,True,True
1941,2,1941-02-01,1941-02-28,-0.619,dmi,https://psl.noaa.gov/data/timeseries/month/data/dmi.had.long.data,HadISST1.1; NOAA PSL Dipole Mode Index,degrees_C_anomaly,True,True
1941,3,1941-03-01,1941-03-31,-0.26,dmi,https://psl.noaa.gov/data/timeseries/month/data/dmi.had.long.data,HadISST1.1; NOAA PSL Dipole Mode Index,degrees_C_anomaly,True,True
1941,4,1941-04-01,1941-04-30,-0.278,dmi,https://psl.noaa.gov/data/timeseries/month/data/dmi.had.long.data,HadISST1.1; NOAA PSL Dipole Mode Index,degrees_C_anomaly,True,True
1941,5,1941-05-01,1941-05-31,-0.269,dmi,https://psl.noaa.gov/data/timeseries/month/data/dmi.had.long.data,HadISST1.1; NOAA PSL Dipole Mode Index,degrees_C_anomaly,True,True
1941,6,1941-06-01,1941-06-30,-0.376,dmi,https://psl.noaa.gov/data/timeseries/month/data/dmi.had.long.data,HadISST1.1; NOAA PSL Dipole Mode Index,degrees_C_anomaly,True,True
1941,7,1941-07-01,1941-07-31,-0.429,dmi,https://psl.noaa.gov/data/timeseries/month/data/dmi.had.long.data,HadISST1.1; NOAA PSL Dipole Mode Index,degrees_C_anomaly,True,True
1941,8,1941-08-01,1941-08-31,-0.419,dmi,https://psl.noaa.gov/data/timeseries/month/data/dmi.had.long.data,HadISST1.1; NOAA PSL Dipole Mode Index,degrees_C_anomaly,True,True
1941,9,1941-09-01,1941-09-30,-0.332,dmi,https://psl.noaa.gov/data/timeseries/month/data/dmi.had.long.data,HadISST1.1; NOAA PSL Dipole Mode Index,degrees_C_anomaly,True,True
1941,10,1941-10-01,1941-10-31,-0.19,dmi,https://psl.noaa.gov/data/timeseries/month/data/dmi.had.long.data,HadISST1.1; NOAA PSL Dipole Mode Index,degrees_C_anomaly,True,True
1941,11,1941-11-01,1941-11-30,0.274,dmi,https://psl.noaa.gov/data/timeseries/month/data/dmi.had.long.data,HadISST1.1; NOAA PSL Dipole Mode Index,degrees_C_anomaly,True,True
1941,12,1941-12-01,1941-12-31,-0.182,dmi,https://psl.noaa.gov/data/timeseries/month/data/dmi.had.long.data,HadISST1.1; NOAA PSL Dipole Mode Index,degrees_C_anomaly,True,True
1942,1,1942-01-01,1942-01-31,-0.193,dmi,https://psl.noaa.gov/data/timeseries/month/data/dmi.had.long.data,HadISST1.1; NOAA PSL Dipole Mode Index,degrees_C_anomaly,True,True
1942,2,1942-02-01,1942-02-28,-0.298,dmi,https://psl.noaa.gov/data/timeseries/month/data/dmi.had.long.data,HadISST1.1; NOAA PSL Dipole Mode Index,degrees_C_anomaly,True,True
1942,3,1942-03-01,1942-03-31,-0.251,dmi,https://psl.noaa.gov/data/timeseries/month/data/dmi.had.long.data,HadISST1.1; NOAA PSL Dipole Mode Index,degrees_C_anomaly,True,True
1942,4,1942-04-01,1942-04-30,-0.41,dmi,https://psl.noaa.gov/data/timeseries/month/data/dmi.had.long.data,HadISST1.1; NOAA PSL Dipole Mode Index,degrees_C_anomaly,True,True
1942,5,1942-05-01,1942-05-31,-0.599,dmi,https://psl.noaa.gov/data/timeseries/month/data/dmi.had.long.data,HadISST1.1; NOAA PSL Dipole Mode Index,degrees_C_anomaly,True,True
1942,6,1942-06-01,1942-06-30,-0.944,dmi,https://psl.noaa.gov/data/timeseries/month/data/dmi.had.long.data,HadISST1.1; NOAA PSL Dipole Mode Index,degrees_C_anomaly,True,True
1942,7,1942-07-01,1942-07-31,-0.697,dmi,https://psl.noaa.gov/data/timeseries/month/data/dmi.had.long.data,HadISST1.1; NOAA PSL Dipole Mode Index,degrees_C_anomaly,True,True
1942,8,1942-08-01,1942-08-31,-1.1,dmi,https://psl.noaa.gov/data/timeseries/month/data/dmi.had.long.data,HadISST1.1; NOAA PSL Dipole Mode Index,degrees_C_anomaly,True,True
1942,9,1942-09-01,1942-09-30,-0.946,dmi,https://psl.noaa.gov/data/timeseries/month/data/dmi.had.long.data,HadISST1.1; NOAA PSL Dipole Mode Index,degrees_C_anomaly,True,True
1942,10,1942-10-01,1942-10-31,-0.588,dmi,https://psl.noaa.gov/data/timeseries/month/data/dmi.had.long.data,HadISST1.1; NOAA PSL Dipole Mode Index,degrees_C_anomaly,True,True
1942,11,1942-11-01,1942-11-30,-0.598,dmi,https://psl.noaa.gov/data/timeseries/month/data/dmi.had.long.data,HadISST1.1; NOAA PSL Dipole Mode Index,degrees_C_anomaly,True,True
1942,12,1942-12-01,1942-12-31,-0.559,dmi,https://psl.noaa.gov/data/timeseries/month/data/dmi.had.long.data,HadISST1.1; NOAA PSL Dipole Mode Index,degrees_C_anomaly,True,True
1943,1,1943-01-01,1943-01-31,-0.49,dmi,https://psl.noaa.gov/data/timeseries/month/data/dmi.had.long.data,HadISST1.1; NOAA PSL Dipole Mode Index,degrees_C_anomaly,True,True
1943,2,1943-02-01,1943-02-28,-0.249,dmi,https://psl.noaa.gov/data/timeseries/month/data/dmi.had.long.data,HadISST1.1; NOAA PSL Dipole Mode Index,degrees_C_anomaly,True,True
1943,3,1943-03-01,1943-03-31,-0.305,dmi,https://psl.noaa.gov/data/timeseries/month/data/dmi.had.long.data,HadISST1.1; NOAA PSL Dipole Mode Index,degrees_C_anomaly,True,True
1943,4,1943-04-01,1943-04-30,-0.225,dmi,https://psl.noaa.gov/data/timeseries/month/data/dmi.had.long.data,HadISST1.1; NOAA PSL Dipole Mode Index,degrees_C_anomaly,True,True
1943,5,1943-05-01,1943-05-31,-0.188,dmi,https://psl.noaa.gov/data/timeseries/month/data/dmi.had.long.data,HadISST1.1; NOAA PSL Dipole Mode Index,degrees_C_anomaly,True,True
1943,6,1943-06-01,1943-06-30,0.151,dmi,https://psl.noaa.gov/data/timeseries/month/data/dmi.had.long.data,HadISST1.1; NOAA PSL Dipole Mode Index,degrees_C_anomaly,True,True
1943,7,1943-07-01,1943-07-31,0.095,dmi,https://psl.noaa.gov/data/timeseries/month/data/dmi.had.long.data,HadISST1.1; NOAA PSL Dipole Mode Index,degrees_C_anomaly,True,True
1943,8,1943-08-01,1943-08-31,0.036,dmi,https://psl.noaa.gov/data/timeseries/month/data/dmi.had.long.data,HadISST1.1; NOAA PSL Dipole Mode Index,degrees_C_anomaly,True,True
1943,9,1943-09-01,1943-09-30,-0.648,dmi,https://psl.noaa.gov/data/timeseries/month/data/dmi.had.long.data,HadISST1.1; NOAA PSL Dipole Mode Index,degrees_C_anomaly,True,True
1943,10,1943-10-01,1943-10-31,-0.535,dmi,https://psl.noaa.gov/data/timeseries/month/data/dmi.had.long.data,HadISST1.1; NOAA PSL Dipole Mode Index,degrees_C_anomaly,True,True
1943,11,1943-11-01,1943-11-30,-0.388,dmi,https://psl.noaa.gov/data/timeseries/month/data/dmi.had.long.data,HadISST1.1; NOAA PSL Dipole Mode Index,degrees_C_anomaly,True,True
1943,12,1943-12-01,1943-12-31,-0.386,dmi,https://psl.noaa.gov/data/timeseries/month/data/dmi.had.long.data,HadISST1.1; NOAA PSL Dipole Mode Index,degrees_C_anomaly,True,True
1944,1,1944-01-01,1944-01-31,-0.155,dmi,https://psl.noaa.gov/data/timeseries/month/data/dmi.had.long.data,HadISST1.1; NOAA PSL Dipole Mode Index,degrees_C_anomaly,True,True
1944,2,1944-02-01,1944-02-29,0.247,dmi,https://psl.noaa.gov/data/timeseries/month/data/dmi.had.long.data,HadISST1.1; NOAA PSL Dipole Mode Index,degrees_C_anomaly,True,True
1944,3,1944-03-01,1944-03-31,-0.177,dmi,https://psl.noaa.gov/data/timeseries/month/data/dmi.had.long.data,HadISST1.1; NOAA PSL Dipole Mode Index,degrees_C_anomaly,True,True
1944,4,1944-04-01,1944-04-30,-0.241,dmi,https://psl.noaa.gov/data/timeseries/month/data/dmi.had.long.data,HadISST1.1; NOAA PSL Dipole Mode Index,degrees_C_anomaly,True,True
1944,5,1944-05-01,1944-05-31,0.283,dmi,https://psl.noaa.gov/data/timeseries/month/data/dmi.had.long.data,HadISST1.1; NOAA PSL Dipole Mode Index,degrees_C_anomaly,True,True
1944,6,1944-06-01,1944-06-30,-0.115,dmi,https://psl.noaa.gov/data/timeseries/month/data/dmi.had.long.data,HadISST1.1; NOAA PSL Dipole Mode Index,degrees_C_anomaly,True,True
1944,7,1944-07-01,1944-07-31,0.053,dmi,https://psl.noaa.gov/data/timeseries/month/data/dmi.had.long.data,HadISST1.1; NOAA PSL Dipole Mode Index,degrees_C_anomaly,True,True
1944,8,1944-08-01,1944-08-31,0.051,dmi,https://psl.noaa.gov/data/timeseries/month/data/dmi.had.long.data,HadISST1.1; NOAA PSL Dipole Mode Index,degrees_C_anomaly,True,True
1944,9,1944-09-01,1944-09-30,0.001,dmi,https://psl.noaa.gov/data/timeseries/month/data/dmi.had.long.data,HadISST1.1; NOAA PSL Dipole Mode Index,degrees_C_anomaly,True,True
1944,10,1944-10-01,1944-10-31,-0.601,dmi,https://psl.noaa.gov/data/timeseries/month/data/dmi.had.long.data,HadISST1.1; NOAA PSL Dipole Mode Index,degrees_C_anomaly,True,True
1944,11,1944-11-01,1944-11-30,-0.249,dmi,https://psl.noaa.gov/data/timeseries/month/data/dmi.had.long.data,HadISST1.1; NOAA PSL Dipole Mode Index,degrees_C_anomaly,True,True
1944,12,1944-12-01,1944-12-31,0.178,dmi,https://psl.noaa.gov/data/timeseries/month/data/dmi.had.long.data,HadISST1.1; NOAA PSL Dipole Mode Index,degrees_C_anomaly,True,True
1945,1,1945-01-01,1945-01-31,-0.141,dmi,https://psl.noaa.gov/data/timeseries/month/data/dmi.had.long.data,HadISST1.1; NOAA PSL Dipole Mode Index,degrees_C_anomaly,True,True
1945,2,1945-02-01,1945-02-28,0.089,dmi,https://psl.noaa.gov/data/timeseries/month/data/dmi.had.long.data,HadISST1.1; NOAA PSL Dipole Mode Index,degrees_C_anomaly,True,True
1945,3,1945-03-01,1945-03-31,0.205,dmi,https://psl.noaa.gov/data/timeseries/month/data/dmi.had.long.data,HadISST1.1; NOAA PSL Dipole Mode Index,degrees_C_anomaly,True,True
1945,4,1945-04-01,1945-04-30,-0.33,dmi,https://psl.noaa.gov/data/timeseries/month/data/dmi.had.long.data,HadISST1.1; NOAA PSL Dipole Mode Index,degrees_C_anomaly,True,True
1945,5,1945-05-01,1945-05-31,-0.572,dmi,https://psl.noaa.gov/data/timeseries/month/data/dmi.had.long.data,HadISST1.1; NOAA PSL Dipole Mode Index,degrees_C_anomaly,True,True
1945,6,1945-06-01,1945-06-30,-0.563,dmi,https://psl.noaa.gov/data/timeseries/month/data/dmi.had.long.data,HadISST1.1; NOAA PSL Dipole Mode Index,degrees_C_anomaly,True,True
1945,7,1945-07-01,1945-07-31,-0.524,dmi,https://psl.noaa.gov/data/timeseries/month/data/dmi.had.long.data,HadISST1.1; NOAA PSL Dipole Mode Index,degrees_C_anomaly,True,True
1945,8,1945-08-01,1945-08-31,-0.656,dmi,https://psl.noaa.gov/data/timeseries/month/data/dmi.had.long.data,HadISST1.1; NOAA PSL Dipole Mode Index,degrees_C_anomaly,True,True
1945,9,1945-09-01,1945-09-30,-0.594,dmi,https://psl.noaa.gov/data/timeseries/month/data/dmi.had.long.data,HadISST1.1; NOAA PSL Dipole Mode Index,degrees_C_anomaly,True,True
1945,10,1945-10-01,1945-10-31,-0.513,dmi,https://psl.noaa.gov/data/timeseries/month/data/dmi.had.long.data,HadISST1.1; NOAA PSL Dipole Mode Index,degrees_C_anomaly,True,True
1945,11,1945-11-01,1945-11-30,-0.323,dmi,https://psl.noaa.gov/data/timeseries/month/data/dmi.had.long.data,HadISST1.1; NOAA PSL Dipole Mode Index,degrees_C_anomaly,True,True
1945,12,1945-12-01,1945-12-31,-0.327,dmi,https://psl.noaa.gov/data/timeseries/month/data/dmi.had.long.data,HadISST1.1; NOAA PSL Dipole Mode Index,degrees_C_anomaly,True,True
1946,1,1946-01-01,1946-01-31,0.067,dmi,https://psl.noaa.gov/data/timeseries/month/data/dmi.had.long.data,HadISST1.1; NOAA PSL Dipole Mode Index,degrees_C_anomaly,True,True
1946,2,1946-02-01,1946-02-28,-0.014,dmi,https://psl.noaa.gov/data/timeseries/month/data/dmi.had.long.data,HadISST1.1; NOAA PSL Dipole Mode Index,degrees_C_anomaly,True,True
1946,3,1946-03-01,1946-03-31,-0.226,dmi,https://psl.noaa.gov/data/timeseries/month/data/dmi.had.long.data,HadISST1.1; NOAA PSL Dipole Mode Index,degrees_C_anomaly,True,True
1946,4,1946-04-01,1946-04-30,-0.557,dmi,https://psl.noaa.gov/data/timeseries/month/data/dmi.had.long.data,HadISST1.1; NOAA PSL Dipole Mode Index,degrees_C_anomaly,True,True
1946,5,1946-05-01,1946-05-31,0.297,dmi,https://psl.noaa.gov/data/timeseries/month/data/dmi.had.long.data,HadISST1.1; NOAA PSL Dipole Mode Index,degrees_C_anomaly,True,True
1946,6,1946-06-01,1946-06-30,-0.33,dmi,https://psl.noaa.gov/data/timeseries/month/data/dmi.had.long.data,HadISST1.1; NOAA PSL Dipole Mode Index,degrees_C_anomaly,True,True
1946,7,1946-07-01,1946-07-31,-0.159,dmi,https://psl.noaa.gov/data/timeseries/month/data/dmi.had.long.data,HadISST1.1; NOAA PSL Dipole Mode Index,degrees_C_anomaly,True,True
1946,8,1946-08-01,1946-08-31,0.165,dmi,https://psl.noaa.gov/data/timeseries/month/data/dmi.had.long.data,HadISST1.1; NOAA PSL Dipole Mode Index,degrees_C_anomaly,True,True
1946,9,1946-09-01,1946-09-30,-0.071,dmi,https://psl.noaa.gov/data/timeseries/month/data/dmi.had.long.data,HadISST1.1; NOAA PSL Dipole Mode Index,degrees_C_anomaly,True,True
1946,10,1946-10-01,1946-10-31,-0.178,dmi,https://psl.noaa.gov/data/timeseries/month/data/dmi.had.long.data,HadISST1.1; NOAA PSL Dipole Mode Index,degrees_C_anomaly,True,True
1946,11,1946-11-01,1946-11-30,-0.026,dmi,https://psl.noaa.gov/data/timeseries/month/data/dmi.had.long.data,HadISST1.1; NOAA PSL Dipole Mode Index,degrees_C_anomaly,True,True
1946,12,1946-12-01,1946-12-31,-0.25,dmi,https://psl.noaa.gov/data/timeseries/month/data/dmi.had.long.data,HadISST1.1; NOAA PSL Dipole Mode Index,degrees_C_anomaly,True,True
1947,1,1947-01-01,1947-01-31,-0.288,dmi,https://psl.noaa.gov/data/timeseries/month/data/dmi.had.long.data,HadISST1.1; NOAA PSL Dipole Mode Index,degrees_C_anomaly,True,True
1947,2,1947-02-01,1947-02-28,0.028,dmi,https://psl.noaa.gov/data/timeseries/month/data/dmi.had.long.data,HadISST1.1; NOAA PSL Dipole Mode Index,degrees_C_anomaly,True,True
1947,3,1947-03-01,1947-03-31,-0.0,dmi,https://psl.noaa.gov/data/timeseries/month/data/dmi.had.long.data,HadISST1.1; NOAA PSL Dipole Mode Index,degrees_C_anomaly,True,True
1947,4,1947-04-01,1947-04-30,-0.186,dmi,https://psl.noaa.gov/data/timeseries/month/data/dmi.had.long.data,HadISST1.1; NOAA PSL Dipole Mode Index,degrees_C_anomaly,True,True
1947,5,1947-05-01,1947-05-31,0.104,dmi,https://psl.noaa.gov/data/timeseries/month/data/dmi.had.long.data,HadISST1.1; NOAA PSL Dipole Mode Index,degrees_C_anomaly,True,True
1947,6,1947-06-01,1947-06-30,-0.066,dmi,https://psl.noaa.gov/data/timeseries/month/data/dmi.had.long.data,HadISST1.1; NOAA PSL Dipole Mode Index,degrees_C_anomaly,True,True
1947,7,1947-07-01,1947-07-31,-0.632,dmi,https://psl.noaa.gov/data/timeseries/month/data/dmi.had.long.data,HadISST1.1; NOAA PSL Dipole Mode Index,degrees_C_anomaly,True,True
1947,8,1947-08-01,1947-08-31,-0.659,dmi,https://psl.noaa.gov/data/timeseries/month/data/dmi.had.long.data,HadISST1.1; NOAA PSL Dipole Mode Index,degrees_C_anomaly,True,True
1947,9,1947-09-01,1947-09-30,-0.97,dmi,https://psl.noaa.gov/data/timeseries/month/data/dmi.had.long.data,HadISST1.1; NOAA PSL Dipole Mode Index,degrees_C_anomaly,True,True
1947,10,1947-10-01,1947-10-31,-0.824,dmi,https://psl.noaa.gov/data/timeseries/month/data/dmi.had.long.data,HadISST1.1; NOAA PSL Dipole Mode Index,degrees_C_anomaly,True,True
1947,11,1947-11-01,1947-11-30,-0.32,dmi,https://psl.noaa.gov/data/timeseries/month/data/dmi.had.long.data,HadISST1.1; NOAA PSL Dipole Mode Index,degrees_C_anomaly,True,True
1947,12,1947-12-01,1947-12-31,-0.266,dmi,https://psl.noaa.gov/data/timeseries/month/data/dmi.had.long.data,HadISST1.1; NOAA PSL Dipole Mode Index,degrees_C_anomaly,True,True
1948,1,1948-01-01,1948-01-31,-0.298,dmi,https://psl.noaa.gov/data/timeseries/month/data/dmi.had.long.data,HadISST1.1; NOAA PSL Dipole Mode Index,degrees_C_anomaly,True,True
1948,2,1948-02-01,1948-02-29,-0.155,dmi,https://psl.noaa.gov/data/timeseries/month/data/dmi.had.long.data,HadISST1.1; NOAA PSL Dipole Mode Index,degrees_C_anomaly,True,True
1948,3,1948-03-01,1948-03-31,0.024,dmi,https://psl.noaa.gov/data/timeseries/month/data/dmi.had.long.data,HadISST1.1; NOAA PSL Dipole Mode Index,degrees_C_anomaly,True,True
1948,4,1948-04-01,1948-04-30,-0.103,dmi,https://psl.noaa.gov/data/timeseries/month/data/dmi.had.long.data,HadISST1.1; NOAA PSL Dipole Mode Index,degrees_C_anomaly,True,True
1948,5,1948-05-01,1948-05-31,-0.085,dmi,https://psl.noaa.gov/data/timeseries/month/data/dmi.had.long.data,HadISST1.1; NOAA PSL Dipole Mode Index,degrees_C_anomaly,True,True
1948,6,1948-06-01,1948-06-30,0.059,dmi,https://psl.noaa.gov/data/timeseries/month/data/dmi.had.long.data,HadISST1.1; NOAA PSL Dipole Mode Index,degrees_C_anomaly,True,True
1948,7,1948-07-01,1948-07-31,-0.268,dmi,https://psl.noaa.gov/data/timeseries/month/data/dmi.had.long.data,HadISST1.1; NOAA PSL Dipole Mode Index,degrees_C_anomaly,True,True
1948,8,1948-08-01,1948-08-31,-0.462,dmi,https://psl.noaa.gov/data/timeseries/month/data/dmi.had.long.data,HadISST1.1; NOAA PSL Dipole Mode Index,degrees_C_anomaly,True,True
1948,9,1948-09-01,1948-09-30,-0.648,dmi,https://psl.noaa.gov/data/timeseries/month/data/dmi.had.long.data,HadISST1.1; NOAA PSL Dipole Mode Index,degrees_C_anomaly,True,True
1948,10,1948-10-01,1948-10-31,-0.293,dmi,https://psl.noaa.gov/data/timeseries/month/data/dmi.had.long.data,HadISST1.1; NOAA PSL Dipole Mode Index,degrees_C_anomaly,True,True
1948,11,1948-11-01,1948-11-30,-0.379,dmi,https://psl.noaa.gov/data/timeseries/month/data/dmi.had.long.data,HadISST1.1; NOAA PSL Dipole Mode Index,degrees_C_anomaly,True,True
1948,12,1948-12-01,1948-12-31,-0.506,dmi,https://psl.noaa.gov/data/timeseries/month/data/dmi.had.long.data,HadISST1.1; NOAA PSL Dipole Mode Index,degrees_C_anomaly,True,True
1949,1,1949-01-01,1949-01-31,0.027,dmi,https://psl.noaa.gov/data/timeseries/month/data/dmi.had.long.data,HadISST1.1; NOAA PSL Dipole Mode Index,degrees_C_anomaly,True,True
1949,2,1949-02-01,1949-02-28,0.177,dmi,https://psl.noaa.gov/data/timeseries/month/data/dmi.had.long.data,HadISST1.1; NOAA PSL Dipole Mode Index,degrees_C_anomaly,True,True
1949,3,1949-03-01,1949-03-31,-0.121,dmi,https://psl.noaa.gov/data/timeseries/month/data/dmi.had.long.data,HadISST1.1; NOAA PSL Dipole Mode Index,degrees_C_anomaly,True,True
1949,4,1949-04-01,1949-04-30,0.165,dmi,https://psl.noaa.gov/data/timeseries/month/data/dmi.had.long.data,HadISST1.1; NOAA PSL Dipole Mode Index,degrees_C_anomaly,True,True
1949,5,1949-05-01,1949-05-31,-0.091,dmi,https://psl.noaa.gov/data/timeseries/month/data/dmi.had.long.data,HadISST1.1; NOAA PSL Dipole Mode Index,degrees_C_anomaly,True,True
1949,6,1949-06-01,1949-06-30,-0.009,dmi,https://psl.noaa.gov/data/timeseries/month/data/dmi.had.long.data,HadISST1.1; NOAA PSL Dipole Mode Index,degrees_C_anomaly,True,True
1949,7,1949-07-01,1949-07-31,-0.009,dmi,https://psl.noaa.gov/data/timeseries/month/data/dmi.had.long.data,HadISST1.1; NOAA PSL Dipole Mode Index,degrees_C_anomaly,True,True
1949,8,1949-08-01,1949-08-31,0.011,dmi,https://psl.noaa.gov/data/timeseries/month/data/dmi.had.long.data,HadISST1.1; NOAA PSL Dipole Mode Index,degrees_C_anomaly,True,True
1949,9,1949-09-01,1949-09-30,-0.09,dmi,https://psl.noaa.gov/data/timeseries/month/data/dmi.had.long.data,HadISST1.1; NOAA PSL Dipole Mode Index,degrees_C_anomaly,True,True
1949,10,1949-10-01,1949-10-31,-0.124,dmi,https://psl.noaa.gov/data/timeseries/month/data/dmi.had.long.data,HadISST1.1; NOAA PSL Dipole Mode Index,degrees_C_anomaly,True,True
1949,11,1949-11-01,1949-11-30,-0.396,dmi,https://psl.noaa.gov/data/timeseries/month/data/dmi.had.long.data,HadISST1.1; NOAA PSL Dipole Mode Index,degrees_C_anomaly,True,True
1949,12,1949-12-01,1949-12-31,-0.331,dmi,https://psl.noaa.gov/data/timeseries/month/data/dmi.had.long.data,HadISST1.1; NOAA PSL Dipole Mode Index,degrees_C_anomaly,True,True
1950,1,1950-01-01,1950-01-31,-0.044,dmi,https://psl.noaa.gov/data/timeseries/month/data/dmi.had.long.data,HadISST1.1; NOAA PSL Dipole Mode Index,degrees_C_anomaly,True,True
1950,2,1950-02-01,1950-02-28,-0.553,dmi,https://psl.noaa.gov/data/timeseries/month/data/dmi.had.long.data,HadISST1.1; NOAA PSL Dipole Mode Index,degrees_C_anomaly,True,True
1950,3,1950-03-01,1950-03-31,-0.692,dmi,https://psl.noaa.gov/data/timeseries/month/data/dmi.had.long.data,HadISST1.1; NOAA PSL Dipole Mode Index,degrees_C_anomaly,True,True
1950,4,1950-04-01,1950-04-30,-0.474,dmi,https://psl.noaa.gov/data/timeseries/month/data/dmi.had.long.data,HadISST1.1; NOAA PSL Dipole Mode Index,degrees_C_anomaly,True,True
1950,5,1950-05-01,1950-05-31,-0.309,dmi,https://psl.noaa.gov/data/timeseries/month/data/dmi.had.long.data,HadISST1.1; NOAA PSL Dipole Mode Index,degrees_C_anomaly,True,True
1950,6,1950-06-01,1950-06-30,-0.493,dmi,https://psl.noaa.gov/data/timeseries/month/data/dmi.had.long.data,HadISST1.1; NOAA PSL Dipole Mode Index,degrees_C_anomaly,True,True
1950,7,1950-07-01,1950-07-31,-0.348,dmi,https://psl.noaa.gov/data/timeseries/month/data/dmi.had.long.data,HadISST1.1; NOAA PSL Dipole Mode Index,degrees_C_anomaly,True,True
1950,8,1950-08-01,1950-08-31,-0.22,dmi,https://psl.noaa.gov/data/timeseries/month/data/dmi.had.long.data,HadISST1.1; NOAA PSL Dipole Mode Index,degrees_C_anomaly,True,True
1950,9,1950-09-01,1950-09-30,-0.631,dmi,https://psl.noaa.gov/data/timeseries/month/data/dmi.had.long.data,HadISST1.1; NOAA PSL Dipole Mode Index,degrees_C_anomaly,True,True
1950,10,1950-10-01,1950-10-31,-0.59,dmi,https://psl.noaa.gov/data/timeseries/month/data/dmi.had.long.data,HadISST1.1; NOAA PSL Dipole Mode Index,degrees_C_anomaly,True,True
1950,11,1950-11-01,1950-11-30,-0.227,dmi,https://psl.noaa.gov/data/timeseries/month/data/dmi.had.long.data,HadISST1.1; NOAA PSL Dipole Mode Index,degrees_C_anomaly,True,True
1950,12,1950-12-01,1950-12-31,-0.027,dmi,https://psl.noaa.gov/data/timeseries/month/data/dmi.had.long.data,HadISST1.1; NOAA PSL Dipole Mode Index,degrees_C_anomaly,True,True
1951,1,1951-01-01,1951-01-31,0.256,dmi,https://psl.noaa.gov/data/timeseries/month/data/dmi.had.long.data,HadISST1.1; NOAA PSL Dipole Mode Index,degrees_C_anomaly,True,True
1951,2,1951-02-01,1951-02-28,0.211,dmi,https://psl.noaa.gov/data/timeseries/month/data/dmi.had.long.data,HadISST1.1; NOAA PSL Dipole Mode Index,degrees_C_anomaly,True,True
1951,3,1951-03-01,1951-03-31,0.259,dmi,https://psl.noaa.gov/data/timeseries/month/data/dmi.had.long.data,HadISST1.1; NOAA PSL Dipole Mode Index,degrees_C_anomaly,True,True
1951,4,1951-04-01,1951-04-30,-0.514,dmi,https://psl.noaa.gov/data/timeseries/month/data/dmi.had.long.data,HadISST1.1; NOAA PSL Dipole Mode Index,degrees_C_anomaly,True,True
1951,5,1951-05-01,1951-05-31,-0.138,dmi,https://psl.noaa.gov/data/timeseries/month/data/dmi.had.long.data,HadISST1.1; NOAA PSL Dipole Mode Index,degrees_C_anomaly,True,True
1951,6,1951-06-01,1951-06-30,-0.19,dmi,https://psl.noaa.gov/data/timeseries/month/data/dmi.had.long.data,HadISST1.1; NOAA PSL Dipole Mode Index,degrees_C_anomaly,True,True
1951,7,1951-07-01,1951-07-31,-0.22,dmi,https://psl.noaa.gov/data/timeseries/month/data/dmi.had.long.data,HadISST1.1; NOAA PSL Dipole Mode Index,degrees_C_anomaly,True,True
1951,8,1951-08-01,1951-08-31,0.124,dmi,https://psl.noaa.gov/data/timeseries/month/data/dmi.had.long.data,HadISST1.1; NOAA PSL Dipole Mode Index,degrees_C_anomaly,True,True
1951,9,1951-09-01,1951-09-30,-0.005,dmi,https://psl.noaa.gov/data/timeseries/month/data/dmi.had.long.data,HadISST1.1; NOAA PSL Dipole Mode Index,degrees_C_anomaly,True,True
1951,10,1951-10-01,1951-10-31,-0.168,dmi,https://psl.noaa.gov/data/timeseries/month/data/dmi.had.long.data,HadISST1.1; NOAA PSL Dipole Mode Index,degrees_C_anomaly,True,True
1951,11,1951-11-01,1951-11-30,0.122,dmi,https://psl.noaa.gov/data/timeseries/month/data/dmi.had.long.data,HadISST1.1; NOAA PSL Dipole Mode Index,degrees_C_anomaly,True,True
1951,12,1951-12-01,1951-12-31,-0.072,dmi,https://psl.noaa.gov/data/timeseries/month/data/dmi.had.long.data,HadISST1.1; NOAA PSL Dipole Mode Index,degrees_C_anomaly,True,True
1952,1,1952-01-01,1952-01-31,-0.069,dmi,https://psl.noaa.gov/data/timeseries/month/data/dmi.had.long.data,HadISST1.1; NOAA PSL Dipole Mode Index,degrees_C_anomaly,True,True
1952,2,1952-02-01,1952-02-29,0.08,dmi,https://psl.noaa.gov/data/timeseries/month/data/dmi.had.long.data,HadISST1.1; NOAA PSL Dipole Mode Index,degrees_C_anomaly,True,True
1952,3,1952-03-01,1952-03-31,0.126,dmi,https://psl.noaa.gov/data/timeseries/month/data/dmi.had.long.data,HadISST1.1; NOAA PSL Dipole Mode Index,degrees_C_anomaly,True,True
1952,4,1952-04-01,1952-04-30,0.074,dmi,https://psl.noaa.gov/data/timeseries/month/data/dmi.had.long.data,HadISST1.1; NOAA PSL Dipole Mode Index,degrees_C_anomaly,True,True
1952,5,1952-05-01,1952-05-31,-0.148,dmi,https://psl.noaa.gov/data/timeseries/month/data/dmi.had.long.data,HadISST1.1; NOAA PSL Dipole Mode Index,degrees_C_anomaly,True,True
1952,6,1952-06-01,1952-06-30,0.019,dmi,https://psl.noaa.gov/data/timeseries/month/data/dmi.had.long.data,HadISST1.1; NOAA PSL Dipole Mode Index,degrees_C_anomaly,True,True
1952,7,1952-07-01,1952-07-31,-0.43,dmi,https://psl.noaa.gov/data/timeseries/month/data/dmi.had.long.data,HadISST1.1; NOAA PSL Dipole Mode Index,degrees_C_anomaly,True,True
1952,8,1952-08-01,1952-08-31,-0.463,dmi,https://psl.noaa.gov/data/timeseries/month/data/dmi.had.long.data,HadISST1.1; NOAA PSL Dipole Mode Index,degrees_C_anomaly,True,True
1952,9,1952-09-01,1952-09-30,-0.606,dmi,https://psl.noaa.gov/data/timeseries/month/data/dmi.had.long.data,HadISST1.1; NOAA PSL Dipole Mode Index,degrees_C_anomaly,True,True
1952,10,1952-10-01,1952-10-31,-0.546,dmi,https://psl.noaa.gov/data/timeseries/month/data/dmi.had.long.data,HadISST1.1; NOAA PSL Dipole Mode Index,degrees_C_anomaly,True,True
1952,11,1952-11-01,1952-11-30,-0.171,dmi,https://psl.noaa.gov/data/timeseries/month/data/dmi.had.long.data,HadISST1.1; NOAA PSL Dipole Mode Index,degrees_C_anomaly,True,True
1952,12,1952-12-01,1952-12-31,-0.031,dmi,https://psl.noaa.gov/data/timeseries/month/data/dmi.had.long.data,HadISST1.1; NOAA PSL Dipole Mode Index,degrees_C_anomaly,True,True
1953,1,1953-01-01,1953-01-31,0.304,dmi,https://psl.noaa.gov/data/timeseries/month/data/dmi.had.long.data,HadISST1.1; NOAA PSL Dipole Mode Index,degrees_C_anomaly,True,True
1953,2,1953-02-01,1953-02-28,0.285,dmi,https://psl.noaa.gov/data/timeseries/month/data/dmi.had.long.data,HadISST1.1; NOAA PSL Dipole Mode Index,degrees_C_anomaly,True,True
1953,3,1953-03-01,1953-03-31,0.188,dmi,https://psl.noaa.gov/data/timeseries/month/data/dmi.had.long.data,HadISST1.1; NOAA PSL Dipole Mode Index,degrees_C_anomaly,True,True
1953,4,1953-04-01,1953-04-30,-0.054,dmi,https://psl.noaa.gov/data/timeseries/month/data/dmi.had.long.data,HadISST1.1; NOAA PSL Dipole Mode Index,degrees_C_anomaly,True,True
1953,5,1953-05-01,1953-05-31,0.316,dmi,https://psl.noaa.gov/data/timeseries/month/data/dmi.had.long.data,HadISST1.1; NOAA PSL Dipole Mode Index,degrees_C_anomaly,True,True
1953,6,1953-06-01,1953-06-30,-0.113,dmi,https://psl.noaa.gov/data/timeseries/month/data/dmi.had.long.data,HadISST1.1; NOAA PSL Dipole Mode Index,degrees_C_anomaly,True,True
1953,7,1953-07-01,1953-07-31,-0.178,dmi,https://psl.noaa.gov/data/timeseries/month/data/dmi.had.long.data,HadISST1.1; NOAA PSL Dipole Mode Index,degrees_C_anomaly,True,True
1953,8,1953-08-01,1953-08-31,-0.231,dmi,https://psl.noaa.gov/data/timeseries/month/data/dmi.had.long.data,HadISST1.1; NOAA PSL Dipole Mode Index,degrees_C_anomaly,True,True
1953,9,1953-09-01,1953-09-30,-0.24,dmi,https://psl.noaa.gov/data/timeseries/month/data/dmi.had.long.data,HadISST1.1; NOAA PSL Dipole Mode Index,degrees_C_anomaly,True,True
1953,10,1953-10-01,1953-10-31,-0.312,dmi,https://psl.noaa.gov/data/timeseries/month/data/dmi.had.long.data,HadISST1.1; NOAA PSL Dipole Mode Index,degrees_C_anomaly,True,True
1953,11,1953-11-01,1953-11-30,-0.136,dmi,https://psl.noaa.gov/data/timeseries/month/data/dmi.had.long.data,HadISST1.1; NOAA PSL Dipole Mode Index,degrees_C_anomaly,True,True
1953,12,1953-12-01,1953-12-31,-0.119,dmi,https://psl.noaa.gov/data/timeseries/month/data/dmi.had.long.data,HadISST1.1; NOAA PSL Dipole Mode Index,degrees_C_anomaly,True,True
1954,1,1954-01-01,1954-01-31,-0.339,dmi,https://psl.noaa.gov/data/timeseries/month/data/dmi.had.long.data,HadISST1.1; NOAA PSL Dipole Mode Index,degrees_C_anomaly,True,True
1954,2,1954-02-01,1954-02-28,-0.272,dmi,https://psl.noaa.gov/data/timeseries/month/data/dmi.had.long.data,HadISST1.1; NOAA PSL Dipole Mode Index,degrees_C_anomaly,True,True
1954,3,1954-03-01,1954-03-31,-0.163,dmi,https://psl.noaa.gov/data/timeseries/month/data/dmi.had.long.data,HadISST1.1; NOAA PSL Dipole Mode Index,degrees_C_anomaly,True,True
1954,4,1954-04-01,1954-04-30,-0.009,dmi,https://psl.noaa.gov/data/timeseries/month/data/dmi.had.long.data,HadISST1.1; NOAA PSL Dipole Mode Index,degrees_C_anomaly,True,True
1954,5,1954-05-01,1954-05-31,-0.55,dmi,https://psl.noaa.gov/data/timeseries/month/data/dmi.had.long.data,HadISST1.1; NOAA PSL Dipole Mode Index,degrees_C_anomaly,True,True
1954,6,1954-06-01,1954-06-30,-0.505,dmi,https://psl.noaa.gov/data/timeseries/month/data/dmi.had.long.data,HadISST1.1; NOAA PSL Dipole Mode Index,degrees_C_anomaly,True,True
1954,7,1954-07-01,1954-07-31,-0.855,dmi,https://psl.noaa.gov/data/timeseries/month/data/dmi.had.long.data,HadISST1.1; NOAA PSL Dipole Mode Index,degrees_C_anomaly,True,True
1954,8,1954-08-01,1954-08-31,-0.631,dmi,https://psl.noaa.gov/data/timeseries/month/data/dmi.had.long.data,HadISST1.1; NOAA PSL Dipole Mode Index,degrees_C_anomaly,True,True
1954,9,1954-09-01,1954-09-30,-0.719,dmi,https://psl.noaa.gov/data/timeseries/month/data/dmi.had.long.data,HadISST1.1; NOAA PSL Dipole Mode Index,degrees_C_anomaly,True,True
1954,10,1954-10-01,1954-10-31,-0.836,dmi,https://psl.noaa.gov/data/timeseries/month/data/dmi.had.long.data,HadISST1.1; NOAA PSL Dipole Mode Index,degrees_C_anomaly,True,True
1954,11,1954-11-01,1954-11-30,-0.451,dmi,https://psl.noaa.gov/data/timeseries/month/data/dmi.had.long.data,HadISST1.1; NOAA PSL Dipole Mode Index,degrees_C_anomaly,True,True
1954,12,1954-12-01,1954-12-31,-0.053,dmi,https://psl.noaa.gov/data/timeseries/month/data/dmi.had.long.data,HadISST1.1; NOAA PSL Dipole Mode Index,degrees_C_anomaly,True,True
1955,1,1955-01-01,1955-01-31,-0.05,dmi,https://psl.noaa.gov/data/timeseries/month/data/dmi.had.long.data,HadISST1.1; NOAA PSL Dipole Mode Index,degrees_C_anomaly,True,True
1955,2,1955-02-01,1955-02-28,-0.152,dmi,https://psl.noaa.gov/data/timeseries/month/data/dmi.had.long.data,HadISST1.1; NOAA PSL Dipole Mode Index,degrees_C_anomaly,True,True
1955,3,1955-03-01,1955-03-31,0.019,dmi,https://psl.noaa.gov/data/timeseries/month/data/dmi.had.long.data,HadISST1.1; NOAA PSL Dipole Mode Index,degrees_C_anomaly,True,True
1955,4,1955-04-01,1955-04-30,-0.044,dmi,https://psl.noaa.gov/data/timeseries/month/data/dmi.had.long.data,HadISST1.1; NOAA PSL Dipole Mode Index,degrees_C_anomaly,True,True
1955,5,1955-05-01,1955-05-31,-0.696,dmi,https://psl.noaa.gov/data/timeseries/month/data/dmi.had.long.data,HadISST1.1; NOAA PSL Dipole Mode Index,degrees_C_anomaly,True,True
1955,6,1955-06-01,1955-06-30,-0.387,dmi,https://psl.noaa.gov/data/timeseries/month/data/dmi.had.long.data,HadISST1.1; NOAA PSL Dipole Mode Index,degrees_C_anomaly,True,True
1955,7,1955-07-01,1955-07-31,-0.439,dmi,https://psl.noaa.gov/data/timeseries/month/data/dmi.had.long.data,HadISST1.1; NOAA PSL Dipole Mode Index,degrees_C_anomaly,True,True
1955,8,1955-08-01,1955-08-31,-0.43,dmi,https://psl.noaa.gov/data/timeseries/month/data/dmi.had.long.data,HadISST1.1; NOAA PSL Dipole Mode Index,degrees_C_anomaly,True,True
1955,9,1955-09-01,1955-09-30,-0.738,dmi,https://psl.noaa.gov/data/timeseries/month/data/dmi.had.long.data,HadISST1.1; NOAA PSL Dipole Mode Index,degrees_C_anomaly,True,True
1955,10,1955-10-01,1955-10-31,-0.73,dmi,https://psl.noaa.gov/data/timeseries/month/data/dmi.had.long.data,HadISST1.1; NOAA PSL Dipole Mode Index,degrees_C_anomaly,True,True
1955,11,1955-11-01,1955-11-30,-0.269,dmi,https://psl.noaa.gov/data/timeseries/month/data/dmi.had.long.data,HadISST1.1; NOAA PSL Dipole Mode Index,degrees_C_anomaly,True,True
1955,12,1955-12-01,1955-12-31,-0.301,dmi,https://psl.noaa.gov/data/timeseries/month/data/dmi.had.long.data,HadISST1.1; NOAA PSL Dipole Mode Index,degrees_C_anomaly,True,True
1956,1,1956-01-01,1956-01-31,-0.101,dmi,https://psl.noaa.gov/data/timeseries/month/data/dmi.had.long.data,HadISST1.1; NOAA PSL Dipole Mode Index,degrees_C_anomaly,True,True
1956,2,1956-02-01,1956-02-29,-0.021,dmi,https://psl.noaa.gov/data/timeseries/month/data/dmi.had.long.data,HadISST1.1; NOAA PSL Dipole Mode Index,degrees_C_anomaly,True,True
1956,3,1956-03-01,1956-03-31,-0.001,dmi,https://psl.noaa.gov/data/timeseries/month/data/dmi.had.long.data,HadISST1.1; NOAA PSL Dipole Mode Index,degrees_C_anomaly,True,True
1956,4,1956-04-01,1956-04-30,-0.3,dmi,https://psl.noaa.gov/data/timeseries/month/data/dmi.had.long.data,HadISST1.1; NOAA PSL Dipole Mode Index,degrees_C_anomaly,True,True
1956,5,1956-05-01,1956-05-31,-0.57,dmi,https://psl.noaa.gov/data/timeseries/month/data/dmi.had.long.data,HadISST1.1; NOAA PSL Dipole Mode Index,degrees_C_anomaly,True,True
1956,6,1956-06-01,1956-06-30,-0.826,dmi,https://psl.noaa.gov/data/timeseries/month/data/dmi.had.long.data,HadISST1.1; NOAA PSL Dipole Mode Index,degrees_C_anomaly,True,True
1956,7,1956-07-01,1956-07-31,-1.083,dmi,https://psl.noaa.gov/data/timeseries/month/data/dmi.had.long.data,HadISST1.1; NOAA PSL Dipole Mode Index,degrees_C_anomaly,True,True
1956,8,1956-08-01,1956-08-31,-0.772,dmi,https://psl.noaa.gov/data/timeseries/month/data/dmi.had.long.data,HadISST1.1; NOAA PSL Dipole Mode Index,degrees_C_anomaly,True,True
1956,9,1956-09-01,1956-09-30,-0.803,dmi,https://psl.noaa.gov/data/timeseries/month/data/dmi.had.long.data,HadISST1.1; NOAA PSL Dipole Mode Index,degrees_C_anomaly,True,True
1956,10,1956-10-01,1956-10-31,-0.672,dmi,https://psl.noaa.gov/data/timeseries/month/data/dmi.had.long.data,HadISST1.1; NOAA PSL Dipole Mode Index,degrees_C_anomaly,True,True
1956,11,1956-11-01,1956-11-30,-0.516,dmi,https://psl.noaa.gov/data/timeseries/month/data/dmi.had.long.data,HadISST1.1; NOAA PSL Dipole Mode Index,degrees_C_anomaly,True,True
1956,12,1956-12-01,1956-12-31,-0.15,dmi,https://psl.noaa.gov/data/timeseries/month/data/dmi.had.long.data,HadISST1.1; NOAA PSL Dipole Mode Index,degrees_C_anomaly,True,True
1957,1,1957-01-01,1957-01-31,-0.437,dmi,https://psl.noaa.gov/data/timeseries/month/data/dmi.had.long.data,HadISST1.1; NOAA PSL Dipole Mode Index,degrees_C_anomaly,True,True
1957,2,1957-02-01,1957-02-28,-0.563,dmi,https://psl.noaa.gov/data/timeseries/month/data/dmi.had.long.data,HadISST1.1; NOAA PSL Dipole Mode Index,degrees_C_anomaly,True,True
1957,3,1957-03-01,1957-03-31,-0.197,dmi,https://psl.noaa.gov/data/timeseries/month/data/dmi.had.long.data,HadISST1.1; NOAA PSL Dipole Mode Index,degrees_C_anomaly,True,True
1957,4,1957-04-01,1957-04-30,-0.3,dmi,https://psl.noaa.gov/data/timeseries/month/data/dmi.had.long.data,HadISST1.1; NOAA PSL Dipole Mode Index,degrees_C_anomaly,True,True
1957,5,1957-05-01,1957-05-31,-0.327,dmi,https://psl.noaa.gov/data/timeseries/month/data/dmi.had.long.data,HadISST1.1; NOAA PSL Dipole Mode Index,degrees_C_anomaly,True,True
1957,6,1957-06-01,1957-06-30,-0.466,dmi,https://psl.noaa.gov/data/timeseries/month/data/dmi.had.long.data,HadISST1.1; NOAA PSL Dipole Mode Index,degrees_C_anomaly,True,True
1957,7,1957-07-01,1957-07-31,-0.489,dmi,https://psl.noaa.gov/data/timeseries/month/data/dmi.had.long.data,HadISST1.1; NOAA PSL Dipole Mode Index,degrees_C_anomaly,True,True
1957,8,1957-08-01,1957-08-31,-0.266,dmi,https://psl.noaa.gov/data/timeseries/month/data/dmi.had.long.data,HadISST1.1; NOAA PSL Dipole Mode Index,degrees_C_anomaly,True,True
1957,9,1957-09-01,1957-09-30,-0.383,dmi,https://psl.noaa.gov/data/timeseries/month/data/dmi.had.long.data,HadISST1.1; NOAA PSL Dipole Mode Index,degrees_C_anomaly,True,True
1957,10,1957-10-01,1957-10-31,-0.523,dmi,https://psl.noaa.gov/data/timeseries/month/data/dmi.had.long.data,HadISST1.1; NOAA PSL Dipole Mode Index,degrees_C_anomaly,True,True
1957,11,1957-11-01,1957-11-30,-0.483,dmi,https://psl.noaa.gov/data/timeseries/month/data/dmi.had.long.data,HadISST1.1; NOAA PSL Dipole Mode Index,degrees_C_anomaly,True,True
1957,12,1957-12-01,1957-12-31,-0.25,dmi,https://psl.noaa.gov/data/timeseries/month/data/dmi.had.long.data,HadISST1.1; NOAA PSL Dipole Mode Index,degrees_C_anomaly,True,True
1958,1,1958-01-01,1958-01-31,-0.396,dmi,https://psl.noaa.gov/data/timeseries/month/data/dmi.had.long.data,HadISST1.1; NOAA PSL Dipole Mode Index,degrees_C_anomaly,True,True
1958,2,1958-02-01,1958-02-28,-0.234,dmi,https://psl.noaa.gov/data/timeseries/month/data/dmi.had.long.data,HadISST1.1; NOAA PSL Dipole Mode Index,degrees_C_anomaly,True,True
1958,3,1958-03-01,1958-03-31,-0.374,dmi,https://psl.noaa.gov/data/timeseries/month/data/dmi.had.long.data,HadISST1.1; NOAA PSL Dipole Mode Index,degrees_C_anomaly,True,True
1958,4,1958-04-01,1958-04-30,-0.347,dmi,https://psl.noaa.gov/data/timeseries/month/data/dmi.had.long.data,HadISST1.1; NOAA PSL Dipole Mode Index,degrees_C_anomaly,True,True
1958,5,1958-05-01,1958-05-31,-0.496,dmi,https://psl.noaa.gov/data/timeseries/month/data/dmi.had.long.data,HadISST1.1; NOAA PSL Dipole Mode Index,degrees_C_anomaly,True,True
1958,6,1958-06-01,1958-06-30,-0.855,dmi,https://psl.noaa.gov/data/timeseries/month/data/dmi.had.long.data,HadISST1.1; NOAA PSL Dipole Mode Index,degrees_C_anomaly,True,True
1958,7,1958-07-01,1958-07-31,-1.063,dmi,https://psl.noaa.gov/data/timeseries/month/data/dmi.had.long.data,HadISST1.1; NOAA PSL Dipole Mode Index,degrees_C_anomaly,True,True
1958,8,1958-08-01,1958-08-31,-1.259,dmi,https://psl.noaa.gov/data/timeseries/month/data/dmi.had.long.data,HadISST1.1; NOAA PSL Dipole Mode Index,degrees_C_anomaly,True,True
1958,9,1958-09-01,1958-09-30,-1.303,dmi,https://psl.noaa.gov/data/timeseries/month/data/dmi.had.long.data,HadISST1.1; NOAA PSL Dipole Mode Index,degrees_C_anomaly,True,True
1958,10,1958-10-01,1958-10-31,-0.967,dmi,https://psl.noaa.gov/data/timeseries/month/data/dmi.had.long.data,HadISST1.1; NOAA PSL Dipole Mode Index,degrees_C_anomaly,True,True
1958,11,1958-11-01,1958-11-30,-0.675,dmi,https://psl.noaa.gov/data/timeseries/month/data/dmi.had.long.data,HadISST1.1; NOAA PSL Dipole Mode Index,degrees_C_anomaly,True,True
1958,12,1958-12-01,1958-12-31,-0.639,dmi,https://psl.noaa.gov/data/timeseries/month/data/dmi.had.long.data,HadISST1.1; NOAA PSL Dipole Mode Index,degrees_C_anomaly,True,True
1959,1,1959-01-01,1959-01-31,-0.027,dmi,https://psl.noaa.gov/data/timeseries/month/data/dmi.had.long.data,HadISST1.1; NOAA PSL Dipole Mode Index,degrees_C_anomaly,True,True
1959,2,1959-02-01,1959-02-28,-0.531,dmi,https://psl.noaa.gov/data/timeseries/month/data/dmi.had.long.data,HadISST1.1; NOAA PSL Dipole Mode Index,degrees_C_anomaly,True,True
1959,3,1959-03-01,1959-03-31,-0.524,dmi,https://psl.noaa.gov/data/timeseries/month/data/dmi.had.long.data,HadISST1.1; NOAA PSL Dipole Mode Index,degrees_C_anomaly,True,True
1959,4,1959-04-01,1959-04-30,-0.356,dmi,https://psl.noaa.gov/data/timeseries/month/data/dmi.had.long.data,HadISST1.1; NOAA PSL Dipole Mode Index,degrees_C_anomaly,True,True
1959,5,1959-05-01,1959-05-31,-0.742,dmi,https://psl.noaa.gov/data/timeseries/month/data/dmi.had.long.data,HadISST1.1; NOAA PSL Dipole Mode Index,degrees_C_anomaly,True,True
1959,6,1959-06-01,1959-06-30,-0.745,dmi,https://psl.noaa.gov/data/timeseries/month/data/dmi.had.long.data,HadISST1.1; NOAA PSL Dipole Mode Index,degrees_C_anomaly,True,True
1959,7,1959-07-01,1959-07-31,-0.667,dmi,https://psl.noaa.gov/data/timeseries/month/data/dmi.had.long.data,HadISST1.1; NOAA PSL Dipole Mode Index,degrees_C_anomaly,True,True
1959,8,1959-08-01,1959-08-31,-0.913,dmi,https://psl.noaa.gov/data/timeseries/month/data/dmi.had.long.data,HadISST1.1; NOAA PSL Dipole Mode Index,degrees_C_anomaly,True,True
1959,9,1959-09-01,1959-09-30,-0.839,dmi,https://psl.noaa.gov/data/timeseries/month/data/dmi.had.long.data,HadISST1.1; NOAA PSL Dipole Mode Index,degrees_C_anomaly,True,True
1959,10,1959-10-01,1959-10-31,-0.586,dmi,https://psl.noaa.gov/data/timeseries/month/data/dmi.had.long.data,HadISST1.1; NOAA PSL Dipole Mode Index,degrees_C_anomaly,True,True
1959,11,1959-11-01,1959-11-30,-0.575,dmi,https://psl.noaa.gov/data/timeseries/month/data/dmi.had.long.data,HadISST1.1; NOAA PSL Dipole Mode Index,degrees_C_anomaly,True,True
1959,12,1959-12-01,1959-12-31,-0.357,dmi,https://psl.noaa.gov/data/timeseries/month/data/dmi.had.long.data,HadISST1.1; NOAA PSL Dipole Mode Index,degrees_C_anomaly,True,True
1960,1,1960-01-01,1960-01-31,-0.237,dmi,https://psl.noaa.gov/data/timeseries/month/data/dmi.had.long.data,HadISST1.1; NOAA PSL Dipole Mode Index,degrees_C_anomaly,True,True
1960,2,1960-02-01,1960-02-29,-0.044,dmi,https://psl.noaa.gov/data/timeseries/month/data/dmi.had.long.data,HadISST1.1; NOAA PSL Dipole Mode Index,degrees_C_anomaly,True,True
1960,3,1960-03-01,1960-03-31,-0.433,dmi,https://psl.noaa.gov/data/timeseries/month/data/dmi.had.long.data,HadISST1.1; NOAA PSL Dipole Mode Index,degrees_C_anomaly,True,True
1960,4,1960-04-01,1960-04-30,-0.745,dmi,https://psl.noaa.gov/data/timeseries/month/data/dmi.had.long.data,HadISST1.1; NOAA PSL Dipole Mode Index,degrees_C_anomaly,True,True
1960,5,1960-05-01,1960-05-31,-0.739,dmi,https://psl.noaa.gov/data/timeseries/month/data/dmi.had.long.data,HadISST1.1; NOAA PSL Dipole Mode Index,degrees_C_anomaly,True,True
1960,6,1960-06-01,1960-06-30,-0.681,dmi,https://psl.noaa.gov/data/timeseries/month/data/dmi.had.long.data,HadISST1.1; NOAA PSL Dipole Mode Index,degrees_C_anomaly,True,True
1960,7,1960-07-01,1960-07-31,-0.735,dmi,https://psl.noaa.gov/data/timeseries/month/data/dmi.had.long.data,HadISST1.1; NOAA PSL Dipole Mode Index,degrees_C_anomaly,True,True
1960,8,1960-08-01,1960-08-31,-0.584,dmi,https://psl.noaa.gov/data/timeseries/month/data/dmi.had.long.data,HadISST1.1; NOAA PSL Dipole Mode Index,degrees_C_anomaly,True,True
1960,9,1960-09-01,1960-09-30,-0.582,dmi,https://psl.noaa.gov/data/timeseries/month/data/dmi.had.long.data,HadISST1.1; NOAA PSL Dipole Mode Index,degrees_C_anomaly,True,True
1960,10,1960-10-01,1960-10-31,-0.906,dmi,https://psl.noaa.gov/data/timeseries/month/data/dmi.had.long.data,HadISST1.1; NOAA PSL Dipole Mode Index,degrees_C_anomaly,True,True
1960,11,1960-11-01,1960-11-30,-0.811,dmi,https://psl.noaa.gov/data/timeseries/month/data/dmi.had.long.data,HadISST1.1; NOAA PSL Dipole Mode Index,degrees_C_anomaly,True,True
1960,12,1960-12-01,1960-12-31,-0.641,dmi,https://psl.noaa.gov/data/timeseries/month/data/dmi.had.long.data,HadISST1.1; NOAA PSL Dipole Mode Index,degrees_C_anomaly,True,True
1961,1,1961-01-01,1961-01-31,-0.144,dmi,https://psl.noaa.gov/data/timeseries/month/data/dmi.had.long.data,HadISST1.1; NOAA PSL Dipole Mode Index,degrees_C_anomaly,True,True
1961,2,1961-02-01,1961-02-28,-0.08,dmi,https://psl.noaa.gov/data/timeseries/month/data/dmi.had.long.data,HadISST1.1; NOAA PSL Dipole Mode Index,degrees_C_anomaly,True,True
1961,3,1961-03-01,1961-03-31,-0.122,dmi,https://psl.noaa.gov/data/timeseries/month/data/dmi.had.long.data,HadISST1.1; NOAA PSL Dipole Mode Index,degrees_C_anomaly,True,True
1961,4,1961-04-01,1961-04-30,-0.613,dmi,https://psl.noaa.gov/data/timeseries/month/data/dmi.had.long.data,HadISST1.1; NOAA PSL Dipole Mode Index,degrees_C_anomaly,True,True
1961,5,1961-05-01,1961-05-31,-0.438,dmi,https://psl.noaa.gov/data/timeseries/month/data/dmi.had.long.data,HadISST1.1; NOAA PSL Dipole Mode Index,degrees_C_anomaly,True,True
1961,6,1961-06-01,1961-06-30,-0.006,dmi,https://psl.noaa.gov/data/timeseries/month/data/dmi.had.long.data,HadISST1.1; NOAA PSL Dipole Mode Index,degrees_C_anomaly,True,True
1961,7,1961-07-01,1961-07-31,0.63,dmi,https://psl.noaa.gov/data/timeseries/month/data/dmi.had.long.data,HadISST1.1; NOAA PSL Dipole Mode Index,degrees_C_anomaly,True,True
1961,8,1961-08-01,1961-08-31,0.775,dmi,https://psl.noaa.gov/data/timeseries/month/data/dmi.had.long.data,HadISST1.1; NOAA PSL Dipole Mode Index,degrees_C_anomaly,True,True
1961,9,1961-09-01,1961-09-30,0.554,dmi,https://psl.noaa.gov/data/timeseries/month/data/dmi.had.long.data,HadISST1.1; NOAA PSL Dipole Mode Index,degrees_C_anomaly,True,True
1961,10,1961-10-01,1961-10-31,0.457,dmi,https://psl.noaa.gov/data/timeseries/month/data/dmi.had.long.data,HadISST1.1; NOAA PSL Dipole Mode Index,degrees_C_anomaly,True,True
1961,11,1961-11-01,1961-11-30,0.323,dmi,https://psl.noaa.gov/data/timeseries/month/data/dmi.had.long.data,HadISST1.1; NOAA PSL Dipole Mode Index,degrees_C_anomaly,True,True
1961,12,1961-12-01,1961-12-31,0.311,dmi,https://psl.noaa.gov/data/timeseries/month/data/dmi.had.long.data,HadISST1.1; NOAA PSL Dipole Mode Index,degrees_C_anomaly,True,True
1962,1,1962-01-01,1962-01-31,0.512,dmi,https://psl.noaa.gov/data/timeseries/month/data/dmi.had.long.data,HadISST1.1; NOAA PSL Dipole Mode Index,degrees_C_anomaly,True,True
1962,2,1962-02-01,1962-02-28,0.544,dmi,https://psl.noaa.gov/data/timeseries/month/data/dmi.had.long.data,HadISST1.1; NOAA PSL Dipole Mode Index,degrees_C_anomaly,True,True
1962,3,1962-03-01,1962-03-31,0.357,dmi,https://psl.noaa.gov/data/timeseries/month/data/dmi.had.long.data,HadISST1.1; NOAA PSL Dipole Mode Index,degrees_C_anomaly,True,True
1962,4,1962-04-01,1962-04-30,-0.02,dmi,https://psl.noaa.gov/data/timeseries/month/data/dmi.had.long.data,HadISST1.1; NOAA PSL Dipole Mode Index,degrees_C_anomaly,True,True
1962,5,1962-05-01,1962-05-31,-0.385,dmi,https://psl.noaa.gov/data/timeseries/month/data/dmi.had.long.data,HadISST1.1; NOAA PSL Dipole Mode Index,degrees_C_anomaly,True,True
1962,6,1962-06-01,1962-06-30,-0.458,dmi,https://psl.noaa.gov/data/timeseries/month/data/dmi.had.long.data,HadISST1.1; NOAA PSL Dipole Mode Index,degrees_C_anomaly,True,True
1962,7,1962-07-01,1962-07-31,-0.468,dmi,https://psl.noaa.gov/data/timeseries/month/data/dmi.had.long.data,HadISST1.1; NOAA PSL Dipole Mode Index,degrees_C_anomaly,True,True
1962,8,1962-08-01,1962-08-31,-0.304,dmi,https://psl.noaa.gov/data/timeseries/month/data/dmi.had.long.data,HadISST1.1; NOAA PSL Dipole Mode Index,degrees_C_anomaly,True,True
1962,9,1962-09-01,1962-09-30,-0.186,dmi,https://psl.noaa.gov/data/timeseries/month/data/dmi.had.long.data,HadISST1.1; NOAA PSL Dipole Mode Index,degrees_C_anomaly,True,True
1962,10,1962-10-01,1962-10-31,-0.328,dmi,https://psl.noaa.gov/data/timeseries/month/data/dmi.had.long.data,HadISST1.1; NOAA PSL Dipole Mode Index,degrees_C_anomaly,True,True
1962,11,1962-11-01,1962-11-30,-0.213,dmi,https://psl.noaa.gov/data/timeseries/month/data/dmi.had.long.data,HadISST1.1; NOAA PSL Dipole Mode Index,degrees_C_anomaly,True,True
1962,12,1962-12-01,1962-12-31,-0.071,dmi,https://psl.noaa.gov/data/timeseries/month/data/dmi.had.long.data,HadISST1.1; NOAA PSL Dipole Mode Index,degrees_C_anomaly,True,True
1963,1,1963-01-01,1963-01-31,0.328,dmi,https://psl.noaa.gov/data/timeseries/month/data/dmi.had.long.data,HadISST1.1; NOAA PSL Dipole Mode Index,degrees_C_anomaly,True,True
1963,2,1963-02-01,1963-02-28,0.396,dmi,https://psl.noaa.gov/data/timeseries/month/data/dmi.had.long.data,HadISST1.1; NOAA PSL Dipole Mode Index,degrees_C_anomaly,True,True
1963,3,1963-03-01,1963-03-31,0.201,dmi,https://psl.noaa.gov/data/timeseries/month/data/dmi.had.long.data,HadISST1.1; NOAA PSL Dipole Mode Index,degrees_C_anomaly,True,True
1963,4,1963-04-01,1963-04-30,-0.061,dmi,https://psl.noaa.gov/data/timeseries/month/data/dmi.had.long.data,HadISST1.1; NOAA PSL Dipole Mode Index,degrees_C_anomaly,True,True
1963,5,1963-05-01,1963-05-31,-0.324,dmi,https://psl.noaa.gov/data/timeseries/month/data/dmi.had.long.data,HadISST1.1; NOAA PSL Dipole Mode Index,degrees_C_anomaly,True,True
1963,6,1963-06-01,1963-06-30,-0.247,dmi,https://psl.noaa.gov/data/timeseries/month/data/dmi.had.long.data,HadISST1.1; NOAA PSL Dipole Mode Index,degrees_C_anomaly,True,True
1963,7,1963-07-01,1963-07-31,0.212,dmi,https://psl.noaa.gov/data/timeseries/month/data/dmi.had.long.data,HadISST1.1; NOAA PSL Dipole Mode Index,degrees_C_anomaly,True,True
1963,8,1963-08-01,1963-08-31,0.473,dmi,https://psl.noaa.gov/data/timeseries/month/data/dmi.had.long.data,HadISST1.1; NOAA PSL Dipole Mode Index,degrees_C_anomaly,True,True
1963,9,1963-09-01,1963-09-30,0.082,dmi,https://psl.noaa.gov/data/timeseries/month/data/dmi.had.long.data,HadISST1.1; NOAA PSL Dipole Mode Index,degrees_C_anomaly,True,True
1963,10,1963-10-01,1963-10-31,0.431,dmi,https://psl.noaa.gov/data/timeseries/month/data/dmi.had.long.data,HadISST1.1; NOAA PSL Dipole Mode Index,degrees_C_anomaly,True,True
1963,11,1963-11-01,1963-11-30,0.319,dmi,https://psl.noaa.gov/data/timeseries/month/data/dmi.had.long.data,HadISST1.1; NOAA PSL Dipole Mode Index,degrees_C_anomaly,True,True
1963,12,1963-12-01,1963-12-31,-0.059,dmi,https://psl.noaa.gov/data/timeseries/month/data/dmi.had.long.data,HadISST1.1; NOAA PSL Dipole Mode Index,degrees_C_anomaly,True,True
1964,1,1964-01-01,1964-01-31,-0.461,dmi,https://psl.noaa.gov/data/timeseries/month/data/dmi.had.long.data,HadISST1.1; NOAA PSL Dipole Mode Index,degrees_C_anomaly,True,True
1964,2,1964-02-01,1964-02-29,-0.692,dmi,https://psl.noaa.gov/data/timeseries/month/data/dmi.had.long.data,HadISST1.1; NOAA PSL Dipole Mode Index,degrees_C_anomaly,True,True
1964,3,1964-03-01,1964-03-31,-0.312,dmi,https://psl.noaa.gov/data/timeseries/month/data/dmi.had.long.data,HadISST1.1; NOAA PSL Dipole Mode Index,degrees_C_anomaly,True,True
1964,4,1964-04-01,1964-04-30,-0.224,dmi,https://psl.noaa.gov/data/timeseries/month/data/dmi.had.long.data,HadISST1.1; NOAA PSL Dipole Mode Index,degrees_C_anomaly,True,True
1964,5,1964-05-01,1964-05-31,-0.52,dmi,https://psl.noaa.gov/data/timeseries/month/data/dmi.had.long.data,HadISST1.1; NOAA PSL Dipole Mode Index,degrees_C_anomaly,True,True
1964,6,1964-06-01,1964-06-30,-0.344,dmi,https://psl.noaa.gov/data/timeseries/month/data/dmi.had.long.data,HadISST1.1; NOAA PSL Dipole Mode Index,degrees_C_anomaly,True,True
1964,7,1964-07-01,1964-07-31,-0.829,dmi,https://psl.noaa.gov/data/timeseries/month/data/dmi.had.long.data,HadISST1.1; NOAA PSL Dipole Mode Index,degrees_C_anomaly,True,True
1964,8,1964-08-01,1964-08-31,-0.683,dmi,https://psl.noaa.gov/data/timeseries/month/data/dmi.had.long.data,HadISST1.1; NOAA PSL Dipole Mode Index,degrees_C_anomaly,True,True
1964,9,1964-09-01,1964-09-30,-0.98,dmi,https://psl.noaa.gov/data/timeseries/month/data/dmi.had.long.data,HadISST1.1; NOAA PSL Dipole Mode Index,degrees_C_anomaly,True,True
1964,10,1964-10-01,1964-10-31,-1.028,dmi,https://psl.noaa.gov/data/timeseries/month/data/dmi.had.long.data,HadISST1.1; NOAA PSL Dipole Mode Index,degrees_C_anomaly,True,True
1964,11,1964-11-01,1964-11-30,-0.284,dmi,https://psl.noaa.gov/data/timeseries/month/data/dmi.had.long.data,HadISST1.1; NOAA PSL Dipole Mode Index,degrees_C_anomaly,True,True
1964,12,1964-12-01,1964-12-31,-0.182,dmi,https://psl.noaa.gov/data/timeseries/month/data/dmi.had.long.data,HadISST1.1; NOAA PSL Dipole Mode Index,degrees_C_anomaly,True,True
1965,1,1965-01-01,1965-01-31,-0.331,dmi,https://psl.noaa.gov/data/timeseries/month/data/dmi.had.long.data,HadISST1.1; NOAA PSL Dipole Mode Index,degrees_C_anomaly,True,True
1965,2,1965-02-01,1965-02-28,-0.447,dmi,https://psl.noaa.gov/data/timeseries/month/data/dmi.had.long.data,HadISST1.1; NOAA PSL Dipole Mode Index,degrees_C_anomaly,True,True
1965,3,1965-03-01,1965-03-31,-0.186,dmi,https://psl.noaa.gov/data/timeseries/month/data/dmi.had.long.data,HadISST1.1; NOAA PSL Dipole Mode Index,degrees_C_anomaly,True,True
1965,4,1965-04-01,1965-04-30,-0.285,dmi,https://psl.noaa.gov/data/timeseries/month/data/dmi.had.long.data,HadISST1.1; NOAA PSL Dipole Mode Index,degrees_C_anomaly,True,True
1965,5,1965-05-01,1965-05-31,-0.54,dmi,https://psl.noaa.gov/data/timeseries/month/data/dmi.had.long.data,HadISST1.1; NOAA PSL Dipole Mode Index,degrees_C_anomaly,True,True
1965,6,1965-06-01,1965-06-30,-0.488,dmi,https://psl.noaa.gov/data/timeseries/month/data/dmi.had.long.data,HadISST1.1; NOAA PSL Dipole Mode Index,degrees_C_anomaly,True,True
1965,7,1965-07-01,1965-07-31,-0.473,dmi,https://psl.noaa.gov/data/timeseries/month/data/dmi.had.long.data,HadISST1.1; NOAA PSL Dipole Mode Index,degrees_C_anomaly,True,True
1965,8,1965-08-01,1965-08-31,-0.247,dmi,https://psl.noaa.gov/data/timeseries/month/data/dmi.had.long.data,HadISST1.1; NOAA PSL Dipole Mode Index,degrees_C_anomaly,True,True
1965,9,1965-09-01,1965-09-30,-0.197,dmi,https://psl.noaa.gov/data/timeseries/month/data/dmi.had.long.data,HadISST1.1; NOAA PSL Dipole Mode Index,degrees_C_anomaly,True,True
1965,10,1965-10-01,1965-10-31,0.017,dmi,https://psl.noaa.gov/data/timeseries/month/data/dmi.had.long.data,HadISST1.1; NOAA PSL Dipole Mode Index,degrees_C_anomaly,True,True
1965,11,1965-11-01,1965-11-30,-0.225,dmi,https://psl.noaa.gov/data/timeseries/month/data/dmi.had.long.data,HadISST1.1; NOAA PSL Dipole Mode Index,degrees_C_anomaly,True,True
1965,12,1965-12-01,1965-12-31,-0.29,dmi,https://psl.noaa.gov/data/timeseries/month/data/dmi.had.long.data,HadISST1.1; NOAA PSL Dipole Mode Index,degrees_C_anomaly,True,True
1966,1,1966-01-01,1966-01-31,-0.232,dmi,https://psl.noaa.gov/data/timeseries/month/data/dmi.had.long.data,HadISST1.1; NOAA PSL Dipole Mode Index,degrees_C_anomaly,True,True
1966,2,1966-02-01,1966-02-28,-0.163,dmi,https://psl.noaa.gov/data/timeseries/month/data/dmi.had.long.data,HadISST1.1; NOAA PSL Dipole Mode Index,degrees_C_anomaly,True,True
1966,3,1966-03-01,1966-03-31,-0.341,dmi,https://psl.noaa.gov/data/timeseries/month/data/dmi.had.long.data,HadISST1.1; NOAA PSL Dipole Mode Index,degrees_C_anomaly,True,True
1966,4,1966-04-01,1966-04-30,-0.435,dmi,https://psl.noaa.gov/data/timeseries/month/data/dmi.had.long.data,HadISST1.1; NOAA PSL Dipole Mode Index,degrees_C_anomaly,True,True
1966,5,1966-05-01,1966-05-31,-0.423,dmi,https://psl.noaa.gov/data/timeseries/month/data/dmi.had.long.data,HadISST1.1; NOAA PSL Dipole Mode Index,degrees_C_anomaly,True,True
1966,6,1966-06-01,1966-06-30,-0.119,dmi,https://psl.noaa.gov/data/timeseries/month/data/dmi.had.long.data,HadISST1.1; NOAA PSL Dipole Mode Index,degrees_C_anomaly,True,True
1966,7,1966-07-01,1966-07-31,-0.005,dmi,https://psl.noaa.gov/data/timeseries/month/data/dmi.had.long.data,HadISST1.1; NOAA PSL Dipole Mode Index,degrees_C_anomaly,True,True
1966,8,1966-08-01,1966-08-31,0.129,dmi,https://psl.noaa.gov/data/timeseries/month/data/dmi.had.long.data,HadISST1.1; NOAA PSL Dipole Mode Index,degrees_C_anomaly,True,True
1966,9,1966-09-01,1966-09-30,0.102,dmi,https://psl.noaa.gov/data/timeseries/month/data/dmi.had.long.data,HadISST1.1; NOAA PSL Dipole Mode Index,degrees_C_anomaly,True,True
1966,10,1966-10-01,1966-10-31,-0.304,dmi,https://psl.noaa.gov/data/timeseries/month/data/dmi.had.long.data,HadISST1.1; NOAA PSL Dipole Mode Index,degrees_C_anomaly,True,True
1966,11,1966-11-01,1966-11-30,-0.361,dmi,https://psl.noaa.gov/data/timeseries/month/data/dmi.had.long.data,HadISST1.1; NOAA PSL Dipole Mode Index,degrees_C_anomaly,True,True
1966,12,1966-12-01,1966-12-31,-0.236,dmi,https://psl.noaa.gov/data/timeseries/month/data/dmi.had.long.data,HadISST1.1; NOAA PSL Dipole Mode Index,degrees_C_anomaly,True,True
1967,1,1967-01-01,1967-01-31,-0.237,dmi,https://psl.noaa.gov/data/timeseries/month/data/dmi.had.long.data,HadISST1.1; NOAA PSL Dipole Mode Index,degrees_C_anomaly,True,True
1967,2,1967-02-01,1967-02-28,-0.073,dmi,https://psl.noaa.gov/data/timeseries/month/data/dmi.had.long.data,HadISST1.1; NOAA PSL Dipole Mode Index,degrees_C_anomaly,True,True
1967,3,1967-03-01,1967-03-31,0.249,dmi,https://psl.noaa.gov/data/timeseries/month/data/dmi.had.long.data,HadISST1.1; NOAA PSL Dipole Mode Index,degrees_C_anomaly,True,True
1967,4,1967-04-01,1967-04-30,-0.263,dmi,https://psl.noaa.gov/data/timeseries/month/data/dmi.had.long.data,HadISST1.1; NOAA PSL Dipole Mode Index,degrees_C_anomaly,True,True
1967,5,1967-05-01,1967-05-31,-0.166,dmi,https://psl.noaa.gov/data/timeseries/month/data/dmi.had.long.data,HadISST1.1; NOAA PSL Dipole Mode Index,degrees_C_anomaly,True,True
1967,6,1967-06-01,1967-06-30,0.044,dmi,https://psl.noaa.gov/data/timeseries/month/data/dmi.had.long.data,HadISST1.1; NOAA PSL Dipole Mode Index,degrees_C_anomaly,True,True
1967,7,1967-07-01,1967-07-31,0.139,dmi,https://psl.noaa.gov/data/timeseries/month/data/dmi.had.long.data,HadISST1.1; NOAA PSL Dipole Mode Index,degrees_C_anomaly,True,True
1967,8,1967-08-01,1967-08-31,0.13,dmi,https://psl.noaa.gov/data/timeseries/month/data/dmi.had.long.data,HadISST1.1; NOAA PSL Dipole Mode Index,degrees_C_anomaly,True,True
1967,9,1967-09-01,1967-09-30,0.145,dmi,https://psl.noaa.gov/data/timeseries/month/data/dmi.had.long.data,HadISST1.1; NOAA PSL Dipole Mode Index,degrees_C_anomaly,True,True
1967,10,1967-10-01,1967-10-31,0.158,dmi,https://psl.noaa.gov/data/timeseries/month/data/dmi.had.long.data,HadISST1.1; NOAA PSL Dipole Mode Index,degrees_C_anomaly,True,True
1967,11,1967-11-01,1967-11-30,0.023,dmi,https://psl.noaa.gov/data/timeseries/month/data/dmi.had.long.data,HadISST1.1; NOAA PSL Dipole Mode Index,degrees_C_anomaly,True,True
1967,12,1967-12-01,1967-12-31,0.054,dmi,https://psl.noaa.gov/data/timeseries/month/data/dmi.had.long.data,HadISST1.1; NOAA PSL Dipole Mode Index,degrees_C_anomaly,True,True
1968,1,1968-01-01,1968-01-31,0.213,dmi,https://psl.noaa.gov/data/timeseries/month/data/dmi.had.long.data,HadISST1.1; NOAA PSL Dipole Mode Index,degrees_C_anomaly,True,True
1968,2,1968-02-01,1968-02-29,0.334,dmi,https://psl.noaa.gov/data/timeseries/month/data/dmi.had.long.data,HadISST1.1; NOAA PSL Dipole Mode Index,degrees_C_anomaly,True,True
1968,3,1968-03-01,1968-03-31,0.153,dmi,https://psl.noaa.gov/data/timeseries/month/data/dmi.had.long.data,HadISST1.1; NOAA PSL Dipole Mode Index,degrees_C_anomaly,True,True
1968,4,1968-04-01,1968-04-30,0.073,dmi,https://psl.noaa.gov/data/timeseries/month/data/dmi.had.long.data,HadISST1.1; NOAA PSL Dipole Mode Index,degrees_C_anomaly,True,True
1968,5,1968-05-01,1968-05-31,-0.123,dmi,https://psl.noaa.gov/data/timeseries/month/data/dmi.had.long.data,HadISST1.1; NOAA PSL Dipole Mode Index,degrees_C_anomaly,True,True
1968,6,1968-06-01,1968-06-30,0.09,dmi,https://psl.noaa.gov/data/timeseries/month/data/dmi.had.long.data,HadISST1.1; NOAA PSL Dipole Mode Index,degrees_C_anomaly,True,True
1968,7,1968-07-01,1968-07-31,-0.522,dmi,https://psl.noaa.gov/data/timeseries/month/data/dmi.had.long.data,HadISST1.1; NOAA PSL Dipole Mode Index,degrees_C_anomaly,True,True
1968,8,1968-08-01,1968-08-31,-0.455,dmi,https://psl.noaa.gov/data/timeseries/month/data/dmi.had.long.data,HadISST1.1; NOAA PSL Dipole Mode Index,degrees_C_anomaly,True,True
1968,9,1968-09-01,1968-09-30,-0.734,dmi,https://psl.noaa.gov/data/timeseries/month/data/dmi.had.long.data,HadISST1.1; NOAA PSL Dipole Mode Index,degrees_C_anomaly,True,True
1968,10,1968-10-01,1968-10-31,-0.531,dmi,https://psl.noaa.gov/data/timeseries/month/data/dmi.had.long.data,HadISST1.1; NOAA PSL Dipole Mode Index,degrees_C_anomaly,True,True
1968,11,1968-11-01,1968-11-30,-0.454,dmi,https://psl.noaa.gov/data/timeseries/month/data/dmi.had.long.data,HadISST1.1; NOAA PSL Dipole Mode Index,degrees_C_anomaly,True,True
1968,12,1968-12-01,1968-12-31,-0.213,dmi,https://psl.noaa.gov/data/timeseries/month/data/dmi.had.long.data,HadISST1.1; NOAA PSL Dipole Mode Index,degrees_C_anomaly,True,True
1969,1,1969-01-01,1969-01-31,-0.162,dmi,https://psl.noaa.gov/data/timeseries/month/data/dmi.had.long.data,HadISST1.1; NOAA PSL Dipole Mode Index,degrees_C_anomaly,True,True
1969,2,1969-02-01,1969-02-28,-0.164,dmi,https://psl.noaa.gov/data/timeseries/month/data/dmi.had.long.data,HadISST1.1; NOAA PSL Dipole Mode Index,degrees_C_anomaly,True,True
1969,3,1969-03-01,1969-03-31,0.06,dmi,https://psl.noaa.gov/data/timeseries/month/data/dmi.had.long.data,HadISST1.1; NOAA PSL Dipole Mode Index,degrees_C_anomaly,True,True
1969,4,1969-04-01,1969-04-30,-0.05,dmi,https://psl.noaa.gov/data/timeseries/month/data/dmi.had.long.data,HadISST1.1; NOAA PSL Dipole Mode Index,degrees_C_anomaly,True,True
1969,5,1969-05-01,1969-05-31,-0.166,dmi,https://psl.noaa.gov/data/timeseries/month/data/dmi.had.long.data,HadISST1.1; NOAA PSL Dipole Mode Index,degrees_C_anomaly,True,True
1969,6,1969-06-01,1969-06-30,-0.626,dmi,https://psl.noaa.gov/data/timeseries/month/data/dmi.had.long.data,HadISST1.1; NOAA PSL Dipole Mode Index,degrees_C_anomaly,True,True
1969,7,1969-07-01,1969-07-31,-0.406,dmi,https://psl.noaa.gov/data/timeseries/month/data/dmi.had.long.data,HadISST1.1; NOAA PSL Dipole Mode Index,degrees_C_anomaly,True,True
1969,8,1969-08-01,1969-08-31,-0.35,dmi,https://psl.noaa.gov/data/timeseries/month/data/dmi.had.long.data,HadISST1.1; NOAA PSL Dipole Mode Index,degrees_C_anomaly,True,True
1969,9,1969-09-01,1969-09-30,-0.248,dmi,https://psl.noaa.gov/data/timeseries/month/data/dmi.had.long.data,HadISST1.1; NOAA PSL Dipole Mode Index,degrees_C_anomaly,True,True
1969,10,1969-10-01,1969-10-31,-0.2,dmi,https://psl.noaa.gov/data/timeseries/month/data/dmi.had.long.data,HadISST1.1; NOAA PSL Dipole Mode Index,degrees_C_anomaly,True,True
1969,11,1969-11-01,1969-11-30,-0.004,dmi,https://psl.noaa.gov/data/timeseries/month/data/dmi.had.long.data,HadISST1.1; NOAA PSL Dipole Mode Index,degrees_C_anomaly,True,True
1969,12,1969-12-01,1969-12-31,-0.085,dmi,https://psl.noaa.gov/data/timeseries/month/data/dmi.had.long.data,HadISST1.1; NOAA PSL Dipole Mode Index,degrees_C_anomaly,True,True
1970,1,1970-01-01,1970-01-31,0.298,dmi,https://psl.noaa.gov/data/timeseries/month/data/dmi.had.long.data,HadISST1.1; NOAA PSL Dipole Mode Index,degrees_C_anomaly,True,True
1970,2,1970-02-01,1970-02-28,0.326,dmi,https://psl.noaa.gov/data/timeseries/month/data/dmi.had.long.data,HadISST1.1; NOAA PSL Dipole Mode Index,degrees_C_anomaly,True,True
1970,3,1970-03-01,1970-03-31,0.068,dmi,https://psl.noaa.gov/data/timeseries/month/data/dmi.had.long.data,HadISST1.1; NOAA PSL Dipole Mode Index,degrees_C_anomaly,True,True
1970,4,1970-04-01,1970-04-30,0.219,dmi,https://psl.noaa.gov/data/timeseries/month/data/dmi.had.long.data,HadISST1.1; NOAA PSL Dipole Mode Index,degrees_C_anomaly,True,True
1970,5,1970-05-01,1970-05-31,0.182,dmi,https://psl.noaa.gov/data/timeseries/month/data/dmi.had.long.data,HadISST1.1; NOAA PSL Dipole Mode Index,degrees_C_anomaly,True,True
1970,6,1970-06-01,1970-06-30,-0.385,dmi,https://psl.noaa.gov/data/timeseries/month/data/dmi.had.long.data,HadISST1.1; NOAA PSL Dipole Mode Index,degrees_C_anomaly,True,True
1970,7,1970-07-01,1970-07-31,-0.57,dmi,https://psl.noaa.gov/data/timeseries/month/data/dmi.had.long.data,HadISST1.1; NOAA PSL Dipole Mode Index,degrees_C_anomaly,True,True
1970,8,1970-08-01,1970-08-31,-0.35,dmi,https://psl.noaa.gov/data/timeseries/month/data/dmi.had.long.data,HadISST1.1; NOAA PSL Dipole Mode Index,degrees_C_anomaly,True,True
1970,9,1970-09-01,1970-09-30,-0.599,dmi,https://psl.noaa.gov/data/timeseries/month/data/dmi.had.long.data,HadISST1.1; NOAA PSL Dipole Mode Index,degrees_C_anomaly,True,True
1970,10,1970-10-01,1970-10-31,-0.638,dmi,https://psl.noaa.gov/data/timeseries/month/data/dmi.had.long.data,HadISST1.1; NOAA PSL Dipole Mode Index,degrees_C_anomaly,True,True
1970,11,1970-11-01,1970-11-30,-0.307,dmi,https://psl.noaa.gov/data/timeseries/month/data/dmi.had.long.data,HadISST1.1; NOAA PSL Dipole Mode Index,degrees_C_anomaly,True,True
1970,12,1970-12-01,1970-12-31,-0.235,dmi,https://psl.noaa.gov/data/timeseries/month/data/dmi.had.long.data,HadISST1.1; NOAA PSL Dipole Mode Index,degrees_C_anomaly,True,True
1971,1,1971-01-01,1971-01-31,0.198,dmi,https://psl.noaa.gov/data/timeseries/month/data/dmi.had.long.data,HadISST1.1; NOAA PSL Dipole Mode Index,degrees_C_anomaly,True,True
1971,2,1971-02-01,1971-02-28,0.013,dmi,https://psl.noaa.gov/data/timeseries/month/data/dmi.had.long.data,HadISST1.1; NOAA PSL Dipole Mode Index,degrees_C_anomaly,True,True
1971,3,1971-03-01,1971-03-31,0.208,dmi,https://psl.noaa.gov/data/timeseries/month/data/dmi.had.long.data,HadISST1.1; NOAA PSL Dipole Mode Index,degrees_C_anomaly,True,True
1971,4,1971-04-01,1971-04-30,0.24,dmi,https://psl.noaa.gov/data/timeseries/month/data/dmi.had.long.data,HadISST1.1; NOAA PSL Dipole Mode Index,degrees_C_anomaly,True,True
1971,5,1971-05-01,1971-05-31,-0.074,dmi,https://psl.noaa.gov/data/timeseries/month/data/dmi.had.long.data,HadISST1.1; NOAA PSL Dipole Mode Index,degrees_C_anomaly,True,True
1971,6,1971-06-01,1971-06-30,-0.236,dmi,https://psl.noaa.gov/data/timeseries/month/data/dmi.had.long.data,HadISST1.1; NOAA PSL Dipole Mode Index,degrees_C_anomaly,True,True
1971,7,1971-07-01,1971-07-31,-0.354,dmi,https://psl.noaa.gov/data/timeseries/month/data/dmi.had.long.data,HadISST1.1; NOAA PSL Dipole Mode Index,degrees_C_anomaly,True,True
1971,8,1971-08-01,1971-08-31,-0.547,dmi,https://psl.noaa.gov/data/timeseries/month/data/dmi.had.long.data,HadISST1.1; NOAA PSL Dipole Mode Index,degrees_C_anomaly,True,True
1971,9,1971-09-01,1971-09-30,-0.746,dmi,https://psl.noaa.gov/data/timeseries/month/data/dmi.had.long.data,HadISST1.1; NOAA PSL Dipole Mode Index,degrees_C_anomaly,True,True
1971,10,1971-10-01,1971-10-31,-0.629,dmi,https://psl.noaa.gov/data/timeseries/month/data/dmi.had.long.data,HadISST1.1; NOAA PSL Dipole Mode Index,degrees_C_anomaly,True,True
1971,11,1971-11-01,1971-11-30,0.018,dmi,https://psl.noaa.gov/data/timeseries/month/data/dmi.had.long.data,HadISST1.1; NOAA PSL Dipole Mode Index,degrees_C_anomaly,True,True
1971,12,1971-12-01,1971-12-31,0.215,dmi,https://psl.noaa.gov/data/timeseries/month/data/dmi.had.long.data,HadISST1.1; NOAA PSL Dipole Mode Index,degrees_C_anomaly,True,True
1972,1,1972-01-01,1972-01-31,0.143,dmi,https://psl.noaa.gov/data/timeseries/month/data/dmi.had.long.data,HadISST1.1; NOAA PSL Dipole Mode Index,degrees_C_anomaly,True,True
1972,2,1972-02-01,1972-02-29,-0.216,dmi,https://psl.noaa.gov/data/timeseries/month/data/dmi.had.long.data,HadISST1.1; NOAA PSL Dipole Mode Index,degrees_C_anomaly,True,True
1972,3,1972-03-01,1972-03-31,0.03,dmi,https://psl.noaa.gov/data/timeseries/month/data/dmi.had.long.data,HadISST1.1; NOAA PSL Dipole Mode Index,degrees_C_anomaly,True,True
1972,4,1972-04-01,1972-04-30,0.131,dmi,https://psl.noaa.gov/data/timeseries/month/data/dmi.had.long.data,HadISST1.1; NOAA PSL Dipole Mode Index,degrees_C_anomaly,True,True
1972,5,1972-05-01,1972-05-31,0.157,dmi,https://psl.noaa.gov/data/timeseries/month/data/dmi.had.long.data,HadISST1.1; NOAA PSL Dipole Mode Index,degrees_C_anomaly,True,True
1972,6,1972-06-01,1972-06-30,0.738,dmi,https://psl.noaa.gov/data/timeseries/month/data/dmi.had.long.data,HadISST1.1; NOAA PSL Dipole Mode Index,degrees_C_anomaly,True,True
1972,7,1972-07-01,1972-07-31,0.708,dmi,https://psl.noaa.gov/data/timeseries/month/data/dmi.had.long.data,HadISST1.1; NOAA PSL Dipole Mode Index,degrees_C_anomaly,True,True
1972,8,1972-08-01,1972-08-31,0.511,dmi,https://psl.noaa.gov/data/timeseries/month/data/dmi.had.long.data,HadISST1.1; NOAA PSL Dipole Mode Index,degrees_C_anomaly,True,True
1972,9,1972-09-01,1972-09-30,0.363,dmi,https://psl.noaa.gov/data/timeseries/month/data/dmi.had.long.data,HadISST1.1; NOAA PSL Dipole Mode Index,degrees_C_anomaly,True,True
1972,10,1972-10-01,1972-10-31,0.327,dmi,https://psl.noaa.gov/data/timeseries/month/data/dmi.had.long.data,HadISST1.1; NOAA PSL Dipole Mode Index,degrees_C_anomaly,True,True
1972,11,1972-11-01,1972-11-30,0.67,dmi,https://psl.noaa.gov/data/timeseries/month/data/dmi.had.long.data,HadISST1.1; NOAA PSL Dipole Mode Index,degrees_C_anomaly,True,True
1972,12,1972-12-01,1972-12-31,0.477,dmi,https://psl.noaa.gov/data/timeseries/month/data/dmi.had.long.data,HadISST1.1; NOAA PSL Dipole Mode Index,degrees_C_anomaly,True,True
1973,1,1973-01-01,1973-01-31,0.043,dmi,https://psl.noaa.gov/data/timeseries/month/data/dmi.had.long.data,HadISST1.1; NOAA PSL Dipole Mode Index,degrees_C_anomaly,True,True
1973,2,1973-02-01,1973-02-28,-0.077,dmi,https://psl.noaa.gov/data/timeseries/month/data/dmi.had.long.data,HadISST1.1; NOAA PSL Dipole Mode Index,degrees_C_anomaly,True,True
1973,3,1973-03-01,1973-03-31,-0.001,dmi,https://psl.noaa.gov/data/timeseries/month/data/dmi.had.long.data,HadISST1.1; NOAA PSL Dipole Mode Index,degrees_C_anomaly,True,True
1973,4,1973-04-01,1973-04-30,-0.116,dmi,https://psl.noaa.gov/data/timeseries/month/data/dmi.had.long.data,HadISST1.1; NOAA PSL Dipole Mode Index,degrees_C_anomaly,True,True
1973,5,1973-05-01,1973-05-31,0.084,dmi,https://psl.noaa.gov/data/timeseries/month/data/dmi.had.long.data,HadISST1.1; NOAA PSL Dipole Mode Index,degrees_C_anomaly,True,True
1973,6,1973-06-01,1973-06-30,-0.225,dmi,https://psl.noaa.gov/data/timeseries/month/data/dmi.had.long.data,HadISST1.1; NOAA PSL Dipole Mode Index,degrees_C_anomaly,True,True
1973,7,1973-07-01,1973-07-31,-0.495,dmi,https://psl.noaa.gov/data/timeseries/month/data/dmi.had.long.data,HadISST1.1; NOAA PSL Dipole Mode Index,degrees_C_anomaly,True,True
1973,8,1973-08-01,1973-08-31,-0.607,dmi,https://psl.noaa.gov/data/timeseries/month/data/dmi.had.long.data,HadISST1.1; NOAA PSL Dipole Mode Index,degrees_C_anomaly,True,True
1973,9,1973-09-01,1973-09-30,-0.773,dmi,https://psl.noaa.gov/data/timeseries/month/data/dmi.had.long.data,HadISST1.1; NOAA PSL Dipole Mode Index,degrees_C_anomaly,True,True
1973,10,1973-10-01,1973-10-31,-0.449,dmi,https://psl.noaa.gov/data/timeseries/month/data/dmi.had.long.data,HadISST1.1; NOAA PSL Dipole Mode Index,degrees_C_anomaly,True,True
1973,11,1973-11-01,1973-11-30,-0.157,dmi,https://psl.noaa.gov/data/timeseries/month/data/dmi.had.long.data,HadISST1.1; NOAA PSL Dipole Mode Index,degrees_C_anomaly,True,True
1973,12,1973-12-01,1973-12-31,0.047,dmi,https://psl.noaa.gov/data/timeseries/month/data/dmi.had.long.data,HadISST1.1; NOAA PSL Dipole Mode Index,degrees_C_anomaly,True,True
1974,1,1974-01-01,1974-01-31,0.279,dmi,https://psl.noaa.gov/data/timeseries/month/data/dmi.had.long.data,HadISST1.1; NOAA PSL Dipole Mode Index,degrees_C_anomaly,True,True
1974,2,1974-02-01,1974-02-28,0.156,dmi,https://psl.noaa.gov/data/timeseries/month/data/dmi.had.long.data,HadISST1.1; NOAA PSL Dipole Mode Index,degrees_C_anomaly,True,True
1974,3,1974-03-01,1974-03-31,0.249,dmi,https://psl.noaa.gov/data/timeseries/month/data/dmi.had.long.data,HadISST1.1; NOAA PSL Dipole Mode Index,degrees_C_anomaly,True,True
1974,4,1974-04-01,1974-04-30,-0.053,dmi,https://psl.noaa.gov/data/timeseries/month/data/dmi.had.long.data,HadISST1.1; NOAA PSL Dipole Mode Index,degrees_C_anomaly,True,True
1974,5,1974-05-01,1974-05-31,-0.239,dmi,https://psl.noaa.gov/data/timeseries/month/data/dmi.had.long.data,HadISST1.1; NOAA PSL Dipole Mode Index,degrees_C_anomaly,True,True
1974,6,1974-06-01,1974-06-30,-0.027,dmi,https://psl.noaa.gov/data/timeseries/month/data/dmi.had.long.data,HadISST1.1; NOAA PSL Dipole Mode Index,degrees_C_anomaly,True,True
1974,7,1974-07-01,1974-07-31,-0.249,dmi,https://psl.noaa.gov/data/timeseries/month/data/dmi.had.long.data,HadISST1.1; NOAA PSL Dipole Mode Index,degrees_C_anomaly,True,True
1974,8,1974-08-01,1974-08-31,-0.498,dmi,https://psl.noaa.gov/data/timeseries/month/data/dmi.had.long.data,HadISST1.1; NOAA PSL Dipole Mode Index,degrees_C_anomaly,True,True
1974,9,1974-09-01,1974-09-30,-0.661,dmi,https://psl.noaa.gov/data/timeseries/month/data/dmi.had.long.data,HadISST1.1; NOAA PSL Dipole Mode Index,degrees_C_anomaly,True,True
1974,10,1974-10-01,1974-10-31,-0.845,dmi,https://psl.noaa.gov/data/timeseries/month/data/dmi.had.long.data,HadISST1.1; NOAA PSL Dipole Mode Index,degrees_C_anomaly,True,True
1974,11,1974-11-01,1974-11-30,-0.551,dmi,https://psl.noaa.gov/data/timeseries/month/data/dmi.had.long.data,HadISST1.1; NOAA PSL Dipole Mode Index,degrees_C_anomaly,True,True
1974,12,1974-12-01,1974-12-31,-0.36,dmi,https://psl.noaa.gov/data/timeseries/month/data/dmi.had.long.data,HadISST1.1; NOAA PSL Dipole Mode Index,degrees_C_anomaly,True,True
1975,1,1975-01-01,1975-01-31,-0.367,dmi,https://psl.noaa.gov/data/timeseries/month/data/dmi.had.long.data,HadISST1.1; NOAA PSL Dipole Mode Index,degrees_C_anomaly,True,True
1975,2,1975-02-01,1975-02-28,-0.25,dmi,https://psl.noaa.gov/data/timeseries/month/data/dmi.had.long.data,HadISST1.1; NOAA PSL Dipole Mode Index,degrees_C_anomaly,True,True
1975,3,1975-03-01,1975-03-31,-0.464,dmi,https://psl.noaa.gov/data/timeseries/month/data/dmi.had.long.data,HadISST1.1; NOAA PSL Dipole Mode Index,degrees_C_anomaly,True,True
1975,4,1975-04-01,1975-04-30,0.087,dmi,https://psl.noaa.gov/data/timeseries/month/data/dmi.had.long.data,HadISST1.1; NOAA PSL Dipole Mode Index,degrees_C_anomaly,True,True
1975,5,1975-05-01,1975-05-31,0.066,dmi,https://psl.noaa.gov/data/timeseries/month/data/dmi.had.long.data,HadISST1.1; NOAA PSL Dipole Mode Index,degrees_C_anomaly,True,True
1975,6,1975-06-01,1975-06-30,0.055,dmi,https://psl.noaa.gov/data/timeseries/month/data/dmi.had.long.data,HadISST1.1; NOAA PSL Dipole Mode Index,degrees_C_anomaly,True,True
1975,7,1975-07-01,1975-07-31,-0.039,dmi,https://psl.noaa.gov/data/timeseries/month/data/dmi.had.long.data,HadISST1.1; NOAA PSL Dipole Mode Index,degrees_C_anomaly,True,True
1975,8,1975-08-01,1975-08-31,-0.344,dmi,https://psl.noaa.gov/data/timeseries/month/data/dmi.had.long.data,HadISST1.1; NOAA PSL Dipole Mode Index,degrees_C_anomaly,True,True
1975,9,1975-09-01,1975-09-30,-0.857,dmi,https://psl.noaa.gov/data/timeseries/month/data/dmi.had.long.data,HadISST1.1; NOAA PSL Dipole Mode Index,degrees_C_anomaly,True,True
1975,10,1975-10-01,1975-10-31,-1.056,dmi,https://psl.noaa.gov/data/timeseries/month/data/dmi.had.long.data,HadISST1.1; NOAA PSL Dipole Mode Index,degrees_C_anomaly,True,True
1975,11,1975-11-01,1975-11-30,-0.328,dmi,https://psl.noaa.gov/data/timeseries/month/data/dmi.had.long.data,HadISST1.1; NOAA PSL Dipole Mode Index,degrees_C_anomaly,True,True
1975,12,1975-12-01,1975-12-31,-0.169,dmi,https://psl.noaa.gov/data/timeseries/month/data/dmi.had.long.data,HadISST1.1; NOAA PSL Dipole Mode Index,degrees_C_anomaly,True,True
1976,1,1976-01-01,1976-01-31,0.005,dmi,https://psl.noaa.gov/data/timeseries/month/data/dmi.had.long.data,HadISST1.1; NOAA PSL Dipole Mode Index,degrees_C_anomaly,True,True
1976,2,1976-02-01,1976-02-29,0.077,dmi,https://psl.noaa.gov/data/timeseries/month/data/dmi.had.long.data,HadISST1.1; NOAA PSL Dipole Mode Index,degrees_C_anomaly,True,True
1976,3,1976-03-01,1976-03-31,0.02,dmi,https://psl.noaa.gov/data/timeseries/month/data/dmi.had.long.data,HadISST1.1; NOAA PSL Dipole Mode Index,degrees_C_anomaly,True,True
1976,4,1976-04-01,1976-04-30,0.122,dmi,https://psl.noaa.gov/data/timeseries/month/data/dmi.had.long.data,HadISST1.1; NOAA PSL Dipole Mode Index,degrees_C_anomaly,True,True
1976,5,1976-05-01,1976-05-31,-0.004,dmi,https://psl.noaa.gov/data/timeseries/month/data/dmi.had.long.data,HadISST1.1; NOAA PSL Dipole Mode Index,degrees_C_anomaly,True,True
1976,6,1976-06-01,1976-06-30,0.369,dmi,https://psl.noaa.gov/data/timeseries/month/data/dmi.had.long.data,HadISST1.1; NOAA PSL Dipole Mode Index,degrees_C_anomaly,True,True
1976,7,1976-07-01,1976-07-31,0.593,dmi,https://psl.noaa.gov/data/timeseries/month/data/dmi.had.long.data,HadISST1.1; NOAA PSL Dipole Mode Index,degrees_C_anomaly,True,True
1976,8,1976-08-01,1976-08-31,0.107,dmi,https://psl.noaa.gov/data/timeseries/month/data/dmi.had.long.data,HadISST1.1; NOAA PSL Dipole Mode Index,degrees_C_anomaly,True,True
1976,9,1976-09-01,1976-09-30,-0.208,dmi,https://psl.noaa.gov/data/timeseries/month/data/dmi.had.long.data,HadISST1.1; NOAA PSL Dipole Mode Index,degrees_C_anomaly,True,True
1976,10,1976-10-01,1976-10-31,-0.231,dmi,https://psl.noaa.gov/data/timeseries/month/data/dmi.had.long.data,HadISST1.1; NOAA PSL Dipole Mode Index,degrees_C_anomaly,True,True
1976,11,1976-11-01,1976-11-30,-0.181,dmi,https://psl.noaa.gov/data/timeseries/month/data/dmi.had.long.data,HadISST1.1; NOAA PSL Dipole Mode Index,degrees_C_anomaly,True,True
1976,12,1976-12-01,1976-12-31,0.029,dmi,https://psl.noaa.gov/data/timeseries/month/data/dmi.had.long.data,HadISST1.1; NOAA PSL Dipole Mode Index,degrees_C_anomaly,True,True
1977,1,1977-01-01,1977-01-31,-0.003,dmi,https://psl.noaa.gov/data/timeseries/month/data/dmi.had.long.data,HadISST1.1; NOAA PSL Dipole Mode Index,degrees_C_anomaly,True,True
1977,2,1977-02-01,1977-02-28,-0.261,dmi,https://psl.noaa.gov/data/timeseries/month/data/dmi.had.long.data,HadISST1.1; NOAA PSL Dipole Mode Index,degrees_C_anomaly,True,True
1977,3,1977-03-01,1977-03-31,0.174,dmi,https://psl.noaa.gov/data/timeseries/month/data/dmi.had.long.data,HadISST1.1; NOAA PSL Dipole Mode Index,degrees_C_anomaly,True,True
1977,4,1977-04-01,1977-04-30,-0.029,dmi,https://psl.noaa.gov/data/timeseries/month/data/dmi.had.long.data,HadISST1.1; NOAA PSL Dipole Mode Index,degrees_C_anomaly,True,True
1977,5,1977-05-01,1977-05-31,-0.341,dmi,https://psl.noaa.gov/data/timeseries/month/data/dmi.had.long.data,HadISST1.1; NOAA PSL Dipole Mode Index,degrees_C_anomaly,True,True
1977,6,1977-06-01,1977-06-30,-0.095,dmi,https://psl.noaa.gov/data/timeseries/month/data/dmi.had.long.data,HadISST1.1; NOAA PSL Dipole Mode Index,degrees_C_anomaly,True,True
1977,7,1977-07-01,1977-07-31,-0.171,dmi,https://psl.noaa.gov/data/timeseries/month/data/dmi.had.long.data,HadISST1.1; NOAA PSL Dipole Mode Index,degrees_C_anomaly,True,True
1977,8,1977-08-01,1977-08-31,-0.261,dmi,https://psl.noaa.gov/data/timeseries/month/data/dmi.had.long.data,HadISST1.1; NOAA PSL Dipole Mode Index,degrees_C_anomaly,True,True
1977,9,1977-09-01,1977-09-30,-0.259,dmi,https://psl.noaa.gov/data/timeseries/month/data/dmi.had.long.data,HadISST1.1; NOAA PSL Dipole Mode Index,degrees_C_anomaly,True,True
1977,10,1977-10-01,1977-10-31,0.245,dmi,https://psl.noaa.gov/data/timeseries/month/data/dmi.had.long.data,HadISST1.1; NOAA PSL Dipole Mode Index,degrees_C_anomaly,True,True
1977,11,1977-11-01,1977-11-30,-0.127,dmi,https://psl.noaa.gov/data/timeseries/month/data/dmi.had.long.data,HadISST1.1; NOAA PSL Dipole Mode Index,degrees_C_anomaly,True,True
1977,12,1977-12-01,1977-12-31,-0.02,dmi,https://psl.noaa.gov/data/timeseries/month/data/dmi.had.long.data,HadISST1.1; NOAA PSL Dipole Mode Index,degrees_C_anomaly,True,True
1978,1,1978-01-01,1978-01-31,-0.64,dmi,https://psl.noaa.gov/data/timeseries/month/data/dmi.had.long.data,HadISST1.1; NOAA PSL Dipole Mode Index,degrees_C_anomaly,True,True
1978,2,1978-02-01,1978-02-28,-0.53,dmi,https://psl.noaa.gov/data/timeseries/month/data/dmi.had.long.data,HadISST1.1; NOAA PSL Dipole Mode Index,degrees_C_anomaly,True,True
1978,3,1978-03-01,1978-03-31,-0.583,dmi,https://psl.noaa.gov/data/timeseries/month/data/dmi.had.long.data,HadISST1.1; NOAA PSL Dipole Mode Index,degrees_C_anomaly,True,True
1978,4,1978-04-01,1978-04-30,-0.214,dmi,https://psl.noaa.gov/data/timeseries/month/data/dmi.had.long.data,HadISST1.1; NOAA PSL Dipole Mode Index,degrees_C_anomaly,True,True
1978,5,1978-05-01,1978-05-31,-0.533,dmi,https://psl.noaa.gov/data/timeseries/month/data/dmi.had.long.data,HadISST1.1; NOAA PSL Dipole Mode Index,degrees_C_anomaly,True,True
1978,6,1978-06-01,1978-06-30,-0.175,dmi,https://psl.noaa.gov/data/timeseries/month/data/dmi.had.long.data,HadISST1.1; NOAA PSL Dipole Mode Index,degrees_C_anomaly,True,True
1978,7,1978-07-01,1978-07-31,-0.107,dmi,https://psl.noaa.gov/data/timeseries/month/data/dmi.had.long.data,HadISST1.1; NOAA PSL Dipole Mode Index,degrees_C_anomaly,True,True
1978,8,1978-08-01,1978-08-31,-0.224,dmi,https://psl.noaa.gov/data/timeseries/month/data/dmi.had.long.data,HadISST1.1; NOAA PSL Dipole Mode Index,degrees_C_anomaly,True,True
1978,9,1978-09-01,1978-09-30,-0.26,dmi,https://psl.noaa.gov/data/timeseries/month/data/dmi.had.long.data,HadISST1.1; NOAA PSL Dipole Mode Index,degrees_C_anomaly,True,True
1978,10,1978-10-01,1978-10-31,-0.502,dmi,https://psl.noaa.gov/data/timeseries/month/data/dmi.had.long.data,HadISST1.1; NOAA PSL Dipole Mode Index,degrees_C_anomaly,True,True
1978,11,1978-11-01,1978-11-30,-0.458,dmi,https://psl.noaa.gov/data/timeseries/month/data/dmi.had.long.data,HadISST1.1; NOAA PSL Dipole Mode Index,degrees_C_anomaly,True,True
1978,12,1978-12-01,1978-12-31,-0.26,dmi,https://psl.noaa.gov/data/timeseries/month/data/dmi.had.long.data,HadISST1.1; NOAA PSL Dipole Mode Index,degrees_C_anomaly,True,True
1979,1,1979-01-01,1979-01-31,0.317,dmi,https://psl.noaa.gov/data/timeseries/month/data/dmi.had.long.data,HadISST1.1; NOAA PSL Dipole Mode Index,degrees_C_anomaly,True,True
1979,2,1979-02-01,1979-02-28,-0.159,dmi,https://psl.noaa.gov/data/timeseries/month/data/dmi.had.long.data,HadISST1.1; NOAA PSL Dipole Mode Index,degrees_C_anomaly,True,True
1979,3,1979-03-01,1979-03-31,-0.034,dmi,https://psl.noaa.gov/data/timeseries/month/data/dmi.had.long.data,HadISST1.1; NOAA PSL Dipole Mode Index,degrees_C_anomaly,True,True
1979,4,1979-04-01,1979-04-30,-0.207,dmi,https://psl.noaa.gov/data/timeseries/month/data/dmi.had.long.data,HadISST1.1; NOAA PSL Dipole Mode Index,degrees_C_anomaly,True,True
1979,5,1979-05-01,1979-05-31,-0.444,dmi,https://psl.noaa.gov/data/timeseries/month/data/dmi.had.long.data,HadISST1.1; NOAA PSL Dipole Mode Index,degrees_C_anomaly,True,True
1979,6,1979-06-01,1979-06-30,0.109,dmi,https://psl.noaa.gov/data/timeseries/month/data/dmi.had.long.data,HadISST1.1; NOAA PSL Dipole Mode Index,degrees_C_anomaly,True,True
1979,7,1979-07-01,1979-07-31,-0.315,dmi,https://psl.noaa.gov/data/timeseries/month/data/dmi.had.long.data,HadISST1.1; NOAA PSL Dipole Mode Index,degrees_C_anomaly,True,True
1979,8,1979-08-01,1979-08-31,-0.226,dmi,https://psl.noaa.gov/data/timeseries/month/data/dmi.had.long.data,HadISST1.1; NOAA PSL Dipole Mode Index,degrees_C_anomaly,True,True
1979,9,1979-09-01,1979-09-30,-0.279,dmi,https://psl.noaa.gov/data/timeseries/month/data/dmi.had.long.data,HadISST1.1; NOAA PSL Dipole Mode Index,degrees_C_anomaly,True,True
1979,10,1979-10-01,1979-10-31,-0.314,dmi,https://psl.noaa.gov/data/timeseries/month/data/dmi.had.long.data,HadISST1.1; NOAA PSL Dipole Mode Index,degrees_C_anomaly,True,True
1979,11,1979-11-01,1979-11-30,-0.251,dmi,https://psl.noaa.gov/data/timeseries/month/data/dmi.had.long.data,HadISST1.1; NOAA PSL Dipole Mode Index,degrees_C_anomaly,True,True
1979,12,1979-12-01,1979-12-31,-0.101,dmi,https://psl.noaa.gov/data/timeseries/month/data/dmi.had.long.data,HadISST1.1; NOAA PSL Dipole Mode Index,degrees_C_anomaly,True,True
1980,1,1980-01-01,1980-01-31,-0.158,dmi,https://psl.noaa.gov/data/timeseries/month/data/dmi.had.long.data,HadISST1.1; NOAA PSL Dipole Mode Index,degrees_C_anomaly,True,True
1980,2,1980-02-01,1980-02-29,-0.2,dmi,https://psl.noaa.gov/data/timeseries/month/data/dmi.had.long.data,HadISST1.1; NOAA PSL Dipole Mode Index,degrees_C_anomaly,True,True
1980,3,1980-03-01,1980-03-31,-0.418,dmi,https://psl.noaa.gov/data/timeseries/month/data/dmi.had.long.data,HadISST1.1; NOAA PSL Dipole Mode Index,degrees_C_anomaly,True,True
1980,4,1980-04-01,1980-04-30,-0.096,dmi,https://psl.noaa.gov/data/timeseries/month/data/dmi.had.long.data,HadISST1.1; NOAA PSL Dipole Mode Index,degrees_C_anomaly,True,True
1980,5,1980-05-01,1980-05-31,-0.066,dmi,https://psl.noaa.gov/data/timeseries/month/data/dmi.had.long.data,HadISST1.1; NOAA PSL Dipole Mode Index,degrees_C_anomaly,True,True
1980,6,1980-06-01,1980-06-30,-0.382,dmi,https://psl.noaa.gov/data/timeseries/month/data/dmi.had.long.data,HadISST1.1; NOAA PSL Dipole Mode Index,degrees_C_anomaly,True,True
1980,7,1980-07-01,1980-07-31,-0.661,dmi,https://psl.noaa.gov/data/timeseries/month/data/dmi.had.long.data,HadISST1.1; NOAA PSL Dipole Mode Index,degrees_C_anomaly,True,True
1980,8,1980-08-01,1980-08-31,-0.822,dmi,https://psl.noaa.gov/data/timeseries/month/data/dmi.had.long.data,HadISST1.1; NOAA PSL Dipole Mode Index,degrees_C_anomaly,True,True
1980,9,1980-09-01,1980-09-30,-0.745,dmi,https://psl.noaa.gov/data/timeseries/month/data/dmi.had.long.data,HadISST1.1; NOAA PSL Dipole Mode Index,degrees_C_anomaly,True,True
1980,10,1980-10-01,1980-10-31,-0.658,dmi,https://psl.noaa.gov/data/timeseries/month/data/dmi.had.long.data,HadISST1.1; NOAA PSL Dipole Mode Index,degrees_C_anomaly,True,True
1980,11,1980-11-01,1980-11-30,-0.417,dmi,https://psl.noaa.gov/data/timeseries/month/data/dmi.had.long.data,HadISST1.1; NOAA PSL Dipole Mode Index,degrees_C_anomaly,True,True
1980,12,1980-12-01,1980-12-31,-0.483,dmi,https://psl.noaa.gov/data/timeseries/month/data/dmi.had.long.data,HadISST1.1; NOAA PSL Dipole Mode Index,degrees_C_anomaly,True,True
1981,1,1981-01-01,1981-01-31,-0.201,dmi,https://psl.noaa.gov/data/timeseries/month/data/dmi.had.long.data,HadISST1.1; NOAA PSL Dipole Mode Index,degrees_C_anomaly,True,True
1981,2,1981-02-01,1981-02-28,-0.024,dmi,https://psl.noaa.gov/data/timeseries/month/data/dmi.had.long.data,HadISST1.1; NOAA PSL Dipole Mode Index,degrees_C_anomaly,True,True
1981,3,1981-03-01,1981-03-31,0.026,dmi,https://psl.noaa.gov/data/timeseries/month/data/dmi.had.long.data,HadISST1.1; NOAA PSL Dipole Mode Index,degrees_C_anomaly,True,True
1981,4,1981-04-01,1981-04-30,0.093,dmi,https://psl.noaa.gov/data/timeseries/month/data/dmi.had.long.data,HadISST1.1; NOAA PSL Dipole Mode Index,degrees_C_anomaly,True,True
1981,5,1981-05-01,1981-05-31,-0.018,dmi,https://psl.noaa.gov/data/timeseries/month/data/dmi.had.long.data,HadISST1.1; NOAA PSL Dipole Mode Index,degrees_C_anomaly,True,True
1981,6,1981-06-01,1981-06-30,-0.239,dmi,https://psl.noaa.gov/data/timeseries/month/data/dmi.had.long.data,HadISST1.1; NOAA PSL Dipole Mode Index,degrees_C_anomaly,True,True
1981,7,1981-07-01,1981-07-31,-0.56,dmi,https://psl.noaa.gov/data/timeseries/month/data/dmi.had.long.data,HadISST1.1; NOAA PSL Dipole Mode Index,degrees_C_anomaly,True,True
1981,8,1981-08-01,1981-08-31,-0.628,dmi,https://psl.noaa.gov/data/timeseries/month/data/dmi.had.long.data,HadISST1.1; NOAA PSL Dipole Mode Index,degrees_C_anomaly,True,True
1981,9,1981-09-01,1981-09-30,-0.757,dmi,https://psl.noaa.gov/data/timeseries/month/data/dmi.had.long.data,HadISST1.1; NOAA PSL Dipole Mode Index,degrees_C_anomaly,True,True
1981,10,1981-10-01,1981-10-31,-0.606,dmi,https://psl.noaa.gov/data/timeseries/month/data/dmi.had.long.data,HadISST1.1; NOAA PSL Dipole Mode Index,degrees_C_anomaly,True,True
1981,11,1981-11-01,1981-11-30,-0.327,dmi,https://psl.noaa.gov/data/timeseries/month/data/dmi.had.long.data,HadISST1.1; NOAA PSL Dipole Mode Index,degrees_C_anomaly,True,True
1981,12,1981-12-01,1981-12-31,-0.019,dmi,https://psl.noaa.gov/data/timeseries/month/data/dmi.had.long.data,HadISST1.1; NOAA PSL Dipole Mode Index,degrees_C_anomaly,True,True
1982,1,1982-01-01,1982-01-31,0.144,dmi,https://psl.noaa.gov/data/timeseries/month/data/dmi.had.long.data,HadISST1.1; NOAA PSL Dipole Mode Index,degrees_C_anomaly,True,True
1982,2,1982-02-01,1982-02-28,0.167,dmi,https://psl.noaa.gov/data/timeseries/month/data/dmi.had.long.data,HadISST1.1; NOAA PSL Dipole Mode Index,degrees_C_anomaly,True,True
1982,3,1982-03-01,1982-03-31,0.054,dmi,https://psl.noaa.gov/data/timeseries/month/data/dmi.had.long.data,HadISST1.1; NOAA PSL Dipole Mode Index,degrees_C_anomaly,True,True
1982,4,1982-04-01,1982-04-30,0.119,dmi,https://psl.noaa.gov/data/timeseries/month/data/dmi.had.long.data,HadISST1.1; NOAA PSL Dipole Mode Index,degrees_C_anomaly,True,True
1982,5,1982-05-01,1982-05-31,0.223,dmi,https://psl.noaa.gov/data/timeseries/month/data/dmi.had.long.data,HadISST1.1; NOAA PSL Dipole Mode Index,degrees_C_anomaly,True,True
1982,6,1982-06-01,1982-06-30,0.255,dmi,https://psl.noaa.gov/data/timeseries/month/data/dmi.had.long.data,HadISST1.1; NOAA PSL Dipole Mode Index,degrees_C_anomaly,True,True
1982,7,1982-07-01,1982-07-31,0.265,dmi,https://psl.noaa.gov/data/timeseries/month/data/dmi.had.long.data,HadISST1.1; NOAA PSL Dipole Mode Index,degrees_C_anomaly,True,True
1982,8,1982-08-01,1982-08-31,0.256,dmi,https://psl.noaa.gov/data/timeseries/month/data/dmi.had.long.data,HadISST1.1; NOAA PSL Dipole Mode Index,degrees_C_anomaly,True,True
1982,9,1982-09-01,1982-09-30,0.442,dmi,https://psl.noaa.gov/data/timeseries/month/data/dmi.had.long.data,HadISST1.1; NOAA PSL Dipole Mode Index,degrees_C_anomaly,True,True
1982,10,1982-10-01,1982-10-31,0.624,dmi,https://psl.noaa.gov/data/timeseries/month/data/dmi.had.long.data,HadISST1.1; NOAA PSL Dipole Mode Index,degrees_C_anomaly,True,True
1982,11,1982-11-01,1982-11-30,0.284,dmi,https://psl.noaa.gov/data/timeseries/month/data/dmi.had.long.data,HadISST1.1; NOAA PSL Dipole Mode Index,degrees_C_anomaly,True,True
1982,12,1982-12-01,1982-12-31,-0.163,dmi,https://psl.noaa.gov/data/timeseries/month/data/dmi.had.long.data,HadISST1.1; NOAA PSL Dipole Mode Index,degrees_C_anomaly,True,True
1983,1,1983-01-01,1983-01-31,-0.482,dmi,https://psl.noaa.gov/data/timeseries/month/data/dmi.had.long.data,HadISST1.1; NOAA PSL Dipole Mode Index,degrees_C_anomaly,True,True
1983,2,1983-02-01,1983-02-28,-0.588,dmi,https://psl.noaa.gov/data/timeseries/month/data/dmi.had.long.data,HadISST1.1; NOAA PSL Dipole Mode Index,degrees_C_anomaly,True,True
1983,3,1983-03-01,1983-03-31,-0.752,dmi,https://psl.noaa.gov/data/timeseries/month/data/dmi.had.long.data,HadISST1.1; NOAA PSL Dipole Mode Index,degrees_C_anomaly,True,True
1983,4,1983-04-01,1983-04-30,-0.556,dmi,https://psl.noaa.gov/data/timeseries/month/data/dmi.had.long.data,HadISST1.1; NOAA PSL Dipole Mode Index,degrees_C_anomaly,True,True
1983,5,1983-05-01,1983-05-31,-0.058,dmi,https://psl.noaa.gov/data/timeseries/month/data/dmi.had.long.data,HadISST1.1; NOAA PSL Dipole Mode Index,degrees_C_anomaly,True,True
1983,6,1983-06-01,1983-06-30,0.37,dmi,https://psl.noaa.gov/data/timeseries/month/data/dmi.had.long.data,HadISST1.1; NOAA PSL Dipole Mode Index,degrees_C_anomaly,True,True
1983,7,1983-07-01,1983-07-31,0.525,dmi,https://psl.noaa.gov/data/timeseries/month/data/dmi.had.long.data,HadISST1.1; NOAA PSL Dipole Mode Index,degrees_C_anomaly,True,True
1983,8,1983-08-01,1983-08-31,0.345,dmi,https://psl.noaa.gov/data/timeseries/month/data/dmi.had.long.data,HadISST1.1; NOAA PSL Dipole Mode Index,degrees_C_anomaly,True,True
1983,9,1983-09-01,1983-09-30,-0.068,dmi,https://psl.noaa.gov/data/timeseries/month/data/dmi.had.long.data,HadISST1.1; NOAA PSL Dipole Mode Index,degrees_C_anomaly,True,True
1983,10,1983-10-01,1983-10-31,-0.288,dmi,https://psl.noaa.gov/data/timeseries/month/data/dmi.had.long.data,HadISST1.1; NOAA PSL Dipole Mode Index,degrees_C_anomaly,True,True
1983,11,1983-11-01,1983-11-30,-0.343,dmi,https://psl.noaa.gov/data/timeseries/month/data/dmi.had.long.data,HadISST1.1; NOAA PSL Dipole Mode Index,degrees_C_anomaly,True,True
1983,12,1983-12-01,1983-12-31,-0.101,dmi,https://psl.noaa.gov/data/timeseries/month/data/dmi.had.long.data,HadISST1.1; NOAA PSL Dipole Mode Index,degrees_C_anomaly,True,True
1984,1,1984-01-01,1984-01-31,-0.223,dmi,https://psl.noaa.gov/data/timeseries/month/data/dmi.had.long.data,HadISST1.1; NOAA PSL Dipole Mode Index,degrees_C_anomaly,True,True
1984,2,1984-02-01,1984-02-29,-0.149,dmi,https://psl.noaa.gov/data/timeseries/month/data/dmi.had.long.data,HadISST1.1; NOAA PSL Dipole Mode Index,degrees_C_anomaly,True,True
1984,3,1984-03-01,1984-03-31,-0.122,dmi,https://psl.noaa.gov/data/timeseries/month/data/dmi.had.long.data,HadISST1.1; NOAA PSL Dipole Mode Index,degrees_C_anomaly,True,True
1984,4,1984-04-01,1984-04-30,0.05,dmi,https://psl.noaa.gov/data/timeseries/month/data/dmi.had.long.data,HadISST1.1; NOAA PSL Dipole Mode Index,degrees_C_anomaly,True,True
1984,5,1984-05-01,1984-05-31,-0.304,dmi,https://psl.noaa.gov/data/timeseries/month/data/dmi.had.long.data,HadISST1.1; NOAA PSL Dipole Mode Index,degrees_C_anomaly,True,True
1984,6,1984-06-01,1984-06-30,-0.356,dmi,https://psl.noaa.gov/data/timeseries/month/data/dmi.had.long.data,HadISST1.1; NOAA PSL Dipole Mode Index,degrees_C_anomaly,True,True
1984,7,1984-07-01,1984-07-31,-0.366,dmi,https://psl.noaa.gov/data/timeseries/month/data/dmi.had.long.data,HadISST1.1; NOAA PSL Dipole Mode Index,degrees_C_anomaly,True,True
1984,8,1984-08-01,1984-08-31,-0.497,dmi,https://psl.noaa.gov/data/timeseries/month/data/dmi.had.long.data,HadISST1.1; NOAA PSL Dipole Mode Index,degrees_C_anomaly,True,True
1984,9,1984-09-01,1984-09-30,-0.608,dmi,https://psl.noaa.gov/data/timeseries/month/data/dmi.had.long.data,HadISST1.1; NOAA PSL Dipole Mode Index,degrees_C_anomaly,True,True
1984,10,1984-10-01,1984-10-31,-0.654,dmi,https://psl.noaa.gov/data/timeseries/month/data/dmi.had.long.data,HadISST1.1; NOAA PSL Dipole Mode Index,degrees_C_anomaly,True,True
1984,11,1984-11-01,1984-11-30,-0.418,dmi,https://psl.noaa.gov/data/timeseries/month/data/dmi.had.long.data,HadISST1.1; NOAA PSL Dipole Mode Index,degrees_C_anomaly,True,True
1984,12,1984-12-01,1984-12-31,-0.278,dmi,https://psl.noaa.gov/data/timeseries/month/data/dmi.had.long.data,HadISST1.1; NOAA PSL Dipole Mode Index,degrees_C_anomaly,True,True
1985,1,1985-01-01,1985-01-31,-0.467,dmi,https://psl.noaa.gov/data/timeseries/month/data/dmi.had.long.data,HadISST1.1; NOAA PSL Dipole Mode Index,degrees_C_anomaly,True,True
1985,2,1985-02-01,1985-02-28,-0.627,dmi,https://psl.noaa.gov/data/timeseries/month/data/dmi.had.long.data,HadISST1.1; NOAA PSL Dipole Mode Index,degrees_C_anomaly,True,True
1985,3,1985-03-01,1985-03-31,-0.541,dmi,https://psl.noaa.gov/data/timeseries/month/data/dmi.had.long.data,HadISST1.1; NOAA PSL Dipole Mode Index,degrees_C_anomaly,True,True
1985,4,1985-04-01,1985-04-30,-0.2,dmi,https://psl.noaa.gov/data/timeseries/month/data/dmi.had.long.data,HadISST1.1; NOAA PSL Dipole Mode Index,degrees_C_anomaly,True,True
1985,5,1985-05-01,1985-05-31,-0.223,dmi,https://psl.noaa.gov/data/timeseries/month/data/dmi.had.long.data,HadISST1.1; NOAA PSL Dipole Mode Index,degrees_C_anomaly,True,True
1985,6,1985-06-01,1985-06-30,-0.629,dmi,https://psl.noaa.gov/data/timeseries/month/data/dmi.had.long.data,HadISST1.1; NOAA PSL Dipole Mode Index,degrees_C_anomaly,True,True
1985,7,1985-07-01,1985-07-31,-0.404,dmi,https://psl.noaa.gov/data/timeseries/month/data/dmi.had.long.data,HadISST1.1; NOAA PSL Dipole Mode Index,degrees_C_anomaly,True,True
1985,8,1985-08-01,1985-08-31,-0.459,dmi,https://psl.noaa.gov/data/timeseries/month/data/dmi.had.long.data,HadISST1.1; NOAA PSL Dipole Mode Index,degrees_C_anomaly,True,True
1985,9,1985-09-01,1985-09-30,-0.238,dmi,https://psl.noaa.gov/data/timeseries/month/data/dmi.had.long.data,HadISST1.1; NOAA PSL Dipole Mode Index,degrees_C_anomaly,True,True
1985,10,1985-10-01,1985-10-31,-0.498,dmi,https://psl.noaa.gov/data/timeseries/month/data/dmi.had.long.data,HadISST1.1; NOAA PSL Dipole Mode Index,degrees_C_anomaly,True,True
1985,11,1985-11-01,1985-11-30,0.074,dmi,https://psl.noaa.gov/data/timeseries/month/data/dmi.had.long.data,HadISST1.1; NOAA PSL Dipole Mode Index,degrees_C_anomaly,True,True
1985,12,1985-12-01,1985-12-31,-0.417,dmi,https://psl.noaa.gov/data/timeseries/month/data/dmi.had.long.data,HadISST1.1; NOAA PSL Dipole Mode Index,degrees_C_anomaly,True,True
1986,1,1986-01-01,1986-01-31,-0.113,dmi,https://psl.noaa.gov/data/timeseries/month/data/dmi.had.long.data,HadISST1.1; NOAA PSL Dipole Mode Index,degrees_C_anomaly,True,True
1986,2,1986-02-01,1986-02-28,-0.135,dmi,https://psl.noaa.gov/data/timeseries/month/data/dmi.had.long.data,HadISST1.1; NOAA PSL Dipole Mode Index,degrees_C_anomaly,True,True
1986,3,1986-03-01,1986-03-31,-0.2,dmi,https://psl.noaa.gov/data/timeseries/month/data/dmi.had.long.data,HadISST1.1; NOAA PSL Dipole Mode Index,degrees_C_anomaly,True,True
1986,4,1986-04-01,1986-04-30,-0.286,dmi,https://psl.noaa.gov/data/timeseries/month/data/dmi.had.long.data,HadISST1.1; NOAA PSL Dipole Mode Index,degrees_C_anomaly,True,True
1986,5,1986-05-01,1986-05-31,-0.154,dmi,https://psl.noaa.gov/data/timeseries/month/data/dmi.had.long.data,HadISST1.1; NOAA PSL Dipole Mode Index,degrees_C_anomaly,True,True
1986,6,1986-06-01,1986-06-30,-0.279,dmi,https://psl.noaa.gov/data/timeseries/month/data/dmi.had.long.data,HadISST1.1; NOAA PSL Dipole Mode Index,degrees_C_anomaly,True,True
1986,7,1986-07-01,1986-07-31,-0.546,dmi,https://psl.noaa.gov/data/timeseries/month/data/dmi.had.long.data,HadISST1.1; NOAA PSL Dipole Mode Index,degrees_C_anomaly,True,True
1986,8,1986-08-01,1986-08-31,-0.401,dmi,https://psl.noaa.gov/data/timeseries/month/data/dmi.had.long.data,HadISST1.1; NOAA PSL Dipole Mode Index,degrees_C_anomaly,True,True
1986,9,1986-09-01,1986-09-30,-0.142,dmi,https://psl.noaa.gov/data/timeseries/month/data/dmi.had.long.data,HadISST1.1; NOAA PSL Dipole Mode Index,degrees_C_anomaly,True,True
1986,10,1986-10-01,1986-10-31,-0.048,dmi,https://psl.noaa.gov/data/timeseries/month/data/dmi.had.long.data,HadISST1.1; NOAA PSL Dipole Mode Index,degrees_C_anomaly,True,True
1986,11,1986-11-01,1986-11-30,-0.243,dmi,https://psl.noaa.gov/data/timeseries/month/data/dmi.had.long.data,HadISST1.1; NOAA PSL Dipole Mode Index,degrees_C_anomaly,True,True
1986,12,1986-12-01,1986-12-31,-0.274,dmi,https://psl.noaa.gov/data/timeseries/month/data/dmi.had.long.data,HadISST1.1; NOAA PSL Dipole Mode Index,degrees_C_anomaly,True,True
1987,1,1987-01-01,1987-01-31,-0.081,dmi,https://psl.noaa.gov/data/timeseries/month/data/dmi.had.long.data,HadISST1.1; NOAA PSL Dipole Mode Index,degrees_C_anomaly,True,True
1987,2,1987-02-01,1987-02-28,0.041,dmi,https://psl.noaa.gov/data/timeseries/month/data/dmi.had.long.data,HadISST1.1; NOAA PSL Dipole Mode Index,degrees_C_anomaly,True,True
1987,3,1987-03-01,1987-03-31,-0.138,dmi,https://psl.noaa.gov/data/timeseries/month/data/dmi.had.long.data,HadISST1.1; NOAA PSL Dipole Mode Index,degrees_C_anomaly,True,True
1987,4,1987-04-01,1987-04-30,-0.157,dmi,https://psl.noaa.gov/data/timeseries/month/data/dmi.had.long.data,HadISST1.1; NOAA PSL Dipole Mode Index,degrees_C_anomaly,True,True
1987,5,1987-05-01,1987-05-31,0.165,dmi,https://psl.noaa.gov/data/timeseries/month/data/dmi.had.long.data,HadISST1.1; NOAA PSL Dipole Mode Index,degrees_C_anomaly,True,True
1987,6,1987-06-01,1987-06-30,0.109,dmi,https://psl.noaa.gov/data/timeseries/month/data/dmi.had.long.data,HadISST1.1; NOAA PSL Dipole Mode Index,degrees_C_anomaly,True,True
1987,7,1987-07-01,1987-07-31,0.206,dmi,https://psl.noaa.gov/data/timeseries/month/data/dmi.had.long.data,HadISST1.1; NOAA PSL Dipole Mode Index,degrees_C_anomaly,True,True
1987,8,1987-08-01,1987-08-31,0.297,dmi,https://psl.noaa.gov/data/timeseries/month/data/dmi.had.long.data,HadISST1.1; NOAA PSL Dipole Mode Index,degrees_C_anomaly,True,True
1987,9,1987-09-01,1987-09-30,0.392,dmi,https://psl.noaa.gov/data/timeseries/month/data/dmi.had.long.data,HadISST1.1; NOAA PSL Dipole Mode Index,degrees_C_anomaly,True,True
1987,10,1987-10-01,1987-10-31,0.254,dmi,https://psl.noaa.gov/data/timeseries/month/data/dmi.had.long.data,HadISST1.1; NOAA PSL Dipole Mode Index,degrees_C_anomaly,True,True
1987,11,1987-11-01,1987-11-30,-0.051,dmi,https://psl.noaa.gov/data/timeseries/month/data/dmi.had.long.data,HadISST1.1; NOAA PSL Dipole Mode Index,degrees_C_anomaly,True,True
1987,12,1987-12-01,1987-12-31,0.152,dmi,https://psl.noaa.gov/data/timeseries/month/data/dmi.had.long.data,HadISST1.1; NOAA PSL Dipole Mode Index,degrees_C_anomaly,True,True
1988,1,1988-01-01,1988-01-31,0.353,dmi,https://psl.noaa.gov/data/timeseries/month/data/dmi.had.long.data,HadISST1.1; NOAA PSL Dipole Mode Index,degrees_C_anomaly,True,True
1988,2,1988-02-01,1988-02-29,-0.154,dmi,https://psl.noaa.gov/data/timeseries/month/data/dmi.had.long.data,HadISST1.1; NOAA PSL Dipole Mode Index,degrees_C_anomaly,True,True
1988,3,1988-03-01,1988-03-31,-0.313,dmi,https://psl.noaa.gov/data/timeseries/month/data/dmi.had.long.data,HadISST1.1; NOAA PSL Dipole Mode Index,degrees_C_anomaly,True,True
1988,4,1988-04-01,1988-04-30,-0.128,dmi,https://psl.noaa.gov/data/timeseries/month/data/dmi.had.long.data,HadISST1.1; NOAA PSL Dipole Mode Index,degrees_C_anomaly,True,True
1988,5,1988-05-01,1988-05-31,-0.513,dmi,https://psl.noaa.gov/data/timeseries/month/data/dmi.had.long.data,HadISST1.1; NOAA PSL Dipole Mode Index,degrees_C_anomaly,True,True
1988,6,1988-06-01,1988-06-30,-0.272,dmi,https://psl.noaa.gov/data/timeseries/month/data/dmi.had.long.data,HadISST1.1; NOAA PSL Dipole Mode Index,degrees_C_anomaly,True,True
1988,7,1988-07-01,1988-07-31,-0.15,dmi,https://psl.noaa.gov/data/timeseries/month/data/dmi.had.long.data,HadISST1.1; NOAA PSL Dipole Mode Index,degrees_C_anomaly,True,True
1988,8,1988-08-01,1988-08-31,-0.289,dmi,https://psl.noaa.gov/data/timeseries/month/data/dmi.had.long.data,HadISST1.1; NOAA PSL Dipole Mode Index,degrees_C_anomaly,True,True
1988,9,1988-09-01,1988-09-30,-0.394,dmi,https://psl.noaa.gov/data/timeseries/month/data/dmi.had.long.data,HadISST1.1; NOAA PSL Dipole Mode Index,degrees_C_anomaly,True,True
1988,10,1988-10-01,1988-10-31,-0.525,dmi,https://psl.noaa.gov/data/timeseries/month/data/dmi.had.long.data,HadISST1.1; NOAA PSL Dipole Mode Index,degrees_C_anomaly,True,True
1988,11,1988-11-01,1988-11-30,-0.184,dmi,https://psl.noaa.gov/data/timeseries/month/data/dmi.had.long.data,HadISST1.1; NOAA PSL Dipole Mode Index,degrees_C_anomaly,True,True
1988,12,1988-12-01,1988-12-31,0.156,dmi,https://psl.noaa.gov/data/timeseries/month/data/dmi.had.long.data,HadISST1.1; NOAA PSL Dipole Mode Index,degrees_C_anomaly,True,True
1989,1,1989-01-01,1989-01-31,-0.281,dmi,https://psl.noaa.gov/data/timeseries/month/data/dmi.had.long.data,HadISST1.1; NOAA PSL Dipole Mode Index,degrees_C_anomaly,True,True
1989,2,1989-02-01,1989-02-28,-0.045,dmi,https://psl.noaa.gov/data/timeseries/month/data/dmi.had.long.data,HadISST1.1; NOAA PSL Dipole Mode Index,degrees_C_anomaly,True,True
1989,3,1989-03-01,1989-03-31,-0.319,dmi,https://psl.noaa.gov/data/timeseries/month/data/dmi.had.long.data,HadISST1.1; NOAA PSL Dipole Mode Index,degrees_C_anomaly,True,True
1989,4,1989-04-01,1989-04-30,-0.48,dmi,https://psl.noaa.gov/data/timeseries/month/data/dmi.had.long.data,HadISST1.1; NOAA PSL Dipole Mode Index,degrees_C_anomaly,True,True
1989,5,1989-05-01,1989-05-31,-0.594,dmi,https://psl.noaa.gov/data/timeseries/month/data/dmi.had.long.data,HadISST1.1; NOAA PSL Dipole Mode Index,degrees_C_anomaly,True,True
1989,6,1989-06-01,1989-06-30,-0.78,dmi,https://psl.noaa.gov/data/timeseries/month/data/dmi.had.long.data,HadISST1.1; NOAA PSL Dipole Mode Index,degrees_C_anomaly,True,True
1989,7,1989-07-01,1989-07-31,-0.447,dmi,https://psl.noaa.gov/data/timeseries/month/data/dmi.had.long.data,HadISST1.1; NOAA PSL Dipole Mode Index,degrees_C_anomaly,True,True
1989,8,1989-08-01,1989-08-31,-0.321,dmi,https://psl.noaa.gov/data/timeseries/month/data/dmi.had.long.data,HadISST1.1; NOAA PSL Dipole Mode Index,degrees_C_anomaly,True,True
1989,9,1989-09-01,1989-09-30,-0.224,dmi,https://psl.noaa.gov/data/timeseries/month/data/dmi.had.long.data,HadISST1.1; NOAA PSL Dipole Mode Index,degrees_C_anomaly,True,True
1989,10,1989-10-01,1989-10-31,-0.412,dmi,https://psl.noaa.gov/data/timeseries/month/data/dmi.had.long.data,HadISST1.1; NOAA PSL Dipole Mode Index,degrees_C_anomaly,True,True
1989,11,1989-11-01,1989-11-30,-0.338,dmi,https://psl.noaa.gov/data/timeseries/month/data/dmi.had.long.data,HadISST1.1; NOAA PSL Dipole Mode Index,degrees_C_anomaly,True,True
1989,12,1989-12-01,1989-12-31,-0.167,dmi,https://psl.noaa.gov/data/timeseries/month/data/dmi.had.long.data,HadISST1.1; NOAA PSL Dipole Mode Index,degrees_C_anomaly,True,True
1990,1,1990-01-01,1990-01-31,-0.099,dmi,https://psl.noaa.gov/data/timeseries/month/data/dmi.had.long.data,HadISST1.1; NOAA PSL Dipole Mode Index,degrees_C_anomaly,True,True
1990,2,1990-02-01,1990-02-28,-0.289,dmi,https://psl.noaa.gov/data/timeseries/month/data/dmi.had.long.data,HadISST1.1; NOAA PSL Dipole Mode Index,degrees_C_anomaly,True,True
1990,3,1990-03-01,1990-03-31,-0.143,dmi,https://psl.noaa.gov/data/timeseries/month/data/dmi.had.long.data,HadISST1.1; NOAA PSL Dipole Mode Index,degrees_C_anomaly,True,True
1990,4,1990-04-01,1990-04-30,-0.385,dmi,https://psl.noaa.gov/data/timeseries/month/data/dmi.had.long.data,HadISST1.1; NOAA PSL Dipole Mode Index,degrees_C_anomaly,True,True
1990,5,1990-05-01,1990-05-31,-0.349,dmi,https://psl.noaa.gov/data/timeseries/month/data/dmi.had.long.data,HadISST1.1; NOAA PSL Dipole Mode Index,degrees_C_anomaly,True,True
1990,6,1990-06-01,1990-06-30,-0.568,dmi,https://psl.noaa.gov/data/timeseries/month/data/dmi.had.long.data,HadISST1.1; NOAA PSL Dipole Mode Index,degrees_C_anomaly,True,True
1990,7,1990-07-01,1990-07-31,-0.246,dmi,https://psl.noaa.gov/data/timeseries/month/data/dmi.had.long.data,HadISST1.1; NOAA PSL Dipole Mode Index,degrees_C_anomaly,True,True
1990,8,1990-08-01,1990-08-31,-0.391,dmi,https://psl.noaa.gov/data/timeseries/month/data/dmi.had.long.data,HadISST1.1; NOAA PSL Dipole Mode Index,degrees_C_anomaly,True,True
1990,9,1990-09-01,1990-09-30,-0.183,dmi,https://psl.noaa.gov/data/timeseries/month/data/dmi.had.long.data,HadISST1.1; NOAA PSL Dipole Mode Index,degrees_C_anomaly,True,True
1990,10,1990-10-01,1990-10-31,-0.345,dmi,https://psl.noaa.gov/data/timeseries/month/data/dmi.had.long.data,HadISST1.1; NOAA PSL Dipole Mode Index,degrees_C_anomaly,True,True
1990,11,1990-11-01,1990-11-30,-0.095,dmi,https://psl.noaa.gov/data/timeseries/month/data/dmi.had.long.data,HadISST1.1; NOAA PSL Dipole Mode Index,degrees_C_anomaly,True,True
1990,12,1990-12-01,1990-12-31,0.003,dmi,https://psl.noaa.gov/data/timeseries/month/data/dmi.had.long.data,HadISST1.1; NOAA PSL Dipole Mode Index,degrees_C_anomaly,True,True
1991,1,1991-01-01,1991-01-31,0.065,dmi,https://psl.noaa.gov/data/timeseries/month/data/dmi.had.long.data,HadISST1.1; NOAA PSL Dipole Mode Index,degrees_C_anomaly,True,True
1991,2,1991-02-01,1991-02-28,-0.097,dmi,https://psl.noaa.gov/data/timeseries/month/data/dmi.had.long.data,HadISST1.1; NOAA PSL Dipole Mode Index,degrees_C_anomaly,True,True
1991,3,1991-03-01,1991-03-31,-0.037,dmi,https://psl.noaa.gov/data/timeseries/month/data/dmi.had.long.data,HadISST1.1; NOAA PSL Dipole Mode Index,degrees_C_anomaly,True,True
1991,4,1991-04-01,1991-04-30,0.288,dmi,https://psl.noaa.gov/data/timeseries/month/data/dmi.had.long.data,HadISST1.1; NOAA PSL Dipole Mode Index,degrees_C_anomaly,True,True
1991,5,1991-05-01,1991-05-31,0.379,dmi,https://psl.noaa.gov/data/timeseries/month/data/dmi.had.long.data,HadISST1.1; NOAA PSL Dipole Mode Index,degrees_C_anomaly,True,True
1991,6,1991-06-01,1991-06-30,0.263,dmi,https://psl.noaa.gov/data/timeseries/month/data/dmi.had.long.data,HadISST1.1; NOAA PSL Dipole Mode Index,degrees_C_anomaly,True,True
1991,7,1991-07-01,1991-07-31,0.269,dmi,https://psl.noaa.gov/data/timeseries/month/data/dmi.had.long.data,HadISST1.1; NOAA PSL Dipole Mode Index,degrees_C_anomaly,True,True
1991,8,1991-08-01,1991-08-31,0.058,dmi,https://psl.noaa.gov/data/timeseries/month/data/dmi.had.long.data,HadISST1.1; NOAA PSL Dipole Mode Index,degrees_C_anomaly,True,True
1991,9,1991-09-01,1991-09-30,0.099,dmi,https://psl.noaa.gov/data/timeseries/month/data/dmi.had.long.data,HadISST1.1; NOAA PSL Dipole Mode Index,degrees_C_anomaly,True,True
1991,10,1991-10-01,1991-10-31,-0.031,dmi,https://psl.noaa.gov/data/timeseries/month/data/dmi.had.long.data,HadISST1.1; NOAA PSL Dipole Mode Index,degrees_C_anomaly,True,True
1991,11,1991-11-01,1991-11-30,0.04,dmi,https://psl.noaa.gov/data/timeseries/month/data/dmi.had.long.data,HadISST1.1; NOAA PSL Dipole Mode Index,degrees_C_anomaly,True,True
1991,12,1991-12-01,1991-12-31,0.084,dmi,https://psl.noaa.gov/data/timeseries/month/data/dmi.had.long.data,HadISST1.1; NOAA PSL Dipole Mode Index,degrees_C_anomaly,True,True
1992,1,1992-01-01,1992-01-31,-0.321,dmi,https://psl.noaa.gov/data/timeseries/month/data/dmi.had.long.data,HadISST1.1; NOAA PSL Dipole Mode Index,degrees_C_anomaly,True,True
1992,2,1992-02-01,1992-02-29,-0.388,dmi,https://psl.noaa.gov/data/timeseries/month/data/dmi.had.long.data,HadISST1.1; NOAA PSL Dipole Mode Index,degrees_C_anomaly,True,True
1992,3,1992-03-01,1992-03-31,-0.671,dmi,https://psl.noaa.gov/data/timeseries/month/data/dmi.had.long.data,HadISST1.1; NOAA PSL Dipole Mode Index,degrees_C_anomaly,True,True
1992,4,1992-04-01,1992-04-30,-0.553,dmi,https://psl.noaa.gov/data/timeseries/month/data/dmi.had.long.data,HadISST1.1; NOAA PSL Dipole Mode Index,degrees_C_anomaly,True,True
1992,5,1992-05-01,1992-05-31,-0.549,dmi,https://psl.noaa.gov/data/timeseries/month/data/dmi.had.long.data,HadISST1.1; NOAA PSL Dipole Mode Index,degrees_C_anomaly,True,True
1992,6,1992-06-01,1992-06-30,-0.861,dmi,https://psl.noaa.gov/data/timeseries/month/data/dmi.had.long.data,HadISST1.1; NOAA PSL Dipole Mode Index,degrees_C_anomaly,True,True
1992,7,1992-07-01,1992-07-31,-0.479,dmi,https://psl.noaa.gov/data/timeseries/month/data/dmi.had.long.data,HadISST1.1; NOAA PSL Dipole Mode Index,degrees_C_anomaly,True,True
1992,8,1992-08-01,1992-08-31,-0.768,dmi,https://psl.noaa.gov/data/timeseries/month/data/dmi.had.long.data,HadISST1.1; NOAA PSL Dipole Mode Index,degrees_C_anomaly,True,True
1992,9,1992-09-01,1992-09-30,-0.833,dmi,https://psl.noaa.gov/data/timeseries/month/data/dmi.had.long.data,HadISST1.1; NOAA PSL Dipole Mode Index,degrees_C_anomaly,True,True
1992,10,1992-10-01,1992-10-31,-0.627,dmi,https://psl.noaa.gov/data/timeseries/month/data/dmi.had.long.data,HadISST1.1; NOAA PSL Dipole Mode Index,degrees_C_anomaly,True,True
1992,11,1992-11-01,1992-11-30,-0.4,dmi,https://psl.noaa.gov/data/timeseries/month/data/dmi.had.long.data,HadISST1.1; NOAA PSL Dipole Mode Index,degrees_C_anomaly,True,True
1992,12,1992-12-01,1992-12-31,-0.316,dmi,https://psl.noaa.gov/data/timeseries/month/data/dmi.had.long.data,HadISST1.1; NOAA PSL Dipole Mode Index,degrees_C_anomaly,True,True
1993,1,1993-01-01,1993-01-31,-0.196,dmi,https://psl.noaa.gov/data/timeseries/month/data/dmi.had.long.data,HadISST1.1; NOAA PSL Dipole Mode Index,degrees_C_anomaly,True,True
1993,2,1993-02-01,1993-02-28,0.035,dmi,https://psl.noaa.gov/data/timeseries/month/data/dmi.had.long.data,HadISST1.1; NOAA PSL Dipole Mode Index,degrees_C_anomaly,True,True
1993,3,1993-03-01,1993-03-31,-0.295,dmi,https://psl.noaa.gov/data/timeseries/month/data/dmi.had.long.data,HadISST1.1; NOAA PSL Dipole Mode Index,degrees_C_anomaly,True,True
1993,4,1993-04-01,1993-04-30,-0.181,dmi,https://psl.noaa.gov/data/timeseries/month/data/dmi.had.long.data,HadISST1.1; NOAA PSL Dipole Mode Index,degrees_C_anomaly,True,True
1993,5,1993-05-01,1993-05-31,-0.027,dmi,https://psl.noaa.gov/data/timeseries/month/data/dmi.had.long.data,HadISST1.1; NOAA PSL Dipole Mode Index,degrees_C_anomaly,True,True
1993,6,1993-06-01,1993-06-30,-0.108,dmi,https://psl.noaa.gov/data/timeseries/month/data/dmi.had.long.data,HadISST1.1; NOAA PSL Dipole Mode Index,degrees_C_anomaly,True,True
1993,7,1993-07-01,1993-07-31,-0.152,dmi,https://psl.noaa.gov/data/timeseries/month/data/dmi.had.long.data,HadISST1.1; NOAA PSL Dipole Mode Index,degrees_C_anomaly,True,True
1993,8,1993-08-01,1993-08-31,-0.306,dmi,https://psl.noaa.gov/data/timeseries/month/data/dmi.had.long.data,HadISST1.1; NOAA PSL Dipole Mode Index,degrees_C_anomaly,True,True
1993,9,1993-09-01,1993-09-30,-0.17,dmi,https://psl.noaa.gov/data/timeseries/month/data/dmi.had.long.data,HadISST1.1; NOAA PSL Dipole Mode Index,degrees_C_anomaly,True,True
1993,10,1993-10-01,1993-10-31,-0.156,dmi,https://psl.noaa.gov/data/timeseries/month/data/dmi.had.long.data,HadISST1.1; NOAA PSL Dipole Mode Index,degrees_C_anomaly,True,True
1993,11,1993-11-01,1993-11-30,-0.149,dmi,https://psl.noaa.gov/data/timeseries/month/data/dmi.had.long.data,HadISST1.1; NOAA PSL Dipole Mode Index,degrees_C_anomaly,True,True
1993,12,1993-12-01,1993-12-31,-0.206,dmi,https://psl.noaa.gov/data/timeseries/month/data/dmi.had.long.data,HadISST1.1; NOAA PSL Dipole Mode Index,degrees_C_anomaly,True,True
1994,1,1994-01-01,1994-01-31,0.025,dmi,https://psl.noaa.gov/data/timeseries/month/data/dmi.had.long.data,HadISST1.1; NOAA PSL Dipole Mode Index,degrees_C_anomaly,True,True
1994,2,1994-02-01,1994-02-28,-0.146,dmi,https://psl.noaa.gov/data/timeseries/month/data/dmi.had.long.data,HadISST1.1; NOAA PSL Dipole Mode Index,degrees_C_anomaly,True,True
1994,3,1994-03-01,1994-03-31,0.202,dmi,https://psl.noaa.gov/data/timeseries/month/data/dmi.had.long.data,HadISST1.1; NOAA PSL Dipole Mode Index,degrees_C_anomaly,True,True
1994,4,1994-04-01,1994-04-30,0.351,dmi,https://psl.noaa.gov/data/timeseries/month/data/dmi.had.long.data,HadISST1.1; NOAA PSL Dipole Mode Index,degrees_C_anomaly,True,True
1994,5,1994-05-01,1994-05-31,0.544,dmi,https://psl.noaa.gov/data/timeseries/month/data/dmi.had.long.data,HadISST1.1; NOAA PSL Dipole Mode Index,degrees_C_anomaly,True,True
1994,6,1994-06-01,1994-06-30,0.433,dmi,https://psl.noaa.gov/data/timeseries/month/data/dmi.had.long.data,HadISST1.1; NOAA PSL Dipole Mode Index,degrees_C_anomaly,True,True
1994,7,1994-07-01,1994-07-31,0.557,dmi,https://psl.noaa.gov/data/timeseries/month/data/dmi.had.long.data,HadISST1.1; NOAA PSL Dipole Mode Index,degrees_C_anomaly,True,True
1994,8,1994-08-01,1994-08-31,0.811,dmi,https://psl.noaa.gov/data/timeseries/month/data/dmi.had.long.data,HadISST1.1; NOAA PSL Dipole Mode Index,degrees_C_anomaly,True,True
1994,9,1994-09-01,1994-09-30,0.529,dmi,https://psl.noaa.gov/data/timeseries/month/data/dmi.had.long.data,HadISST1.1; NOAA PSL Dipole Mode Index,degrees_C_anomaly,True,True
1994,10,1994-10-01,1994-10-31,0.707,dmi,https://psl.noaa.gov/data/timeseries/month/data/dmi.had.long.data,HadISST1.1; NOAA PSL Dipole Mode Index,degrees_C_anomaly,True,True
1994,11,1994-11-01,1994-11-30,0.287,dmi,https://psl.noaa.gov/data/timeseries/month/data/dmi.had.long.data,HadISST1.1; NOAA PSL Dipole Mode Index,degrees_C_anomaly,True,True
1994,12,1994-12-01,1994-12-31,0.263,dmi,https://psl.noaa.gov/data/timeseries/month/data/dmi.had.long.data,HadISST1.1; NOAA PSL Dipole Mode Index,degrees_C_anomaly,True,True
1995,1,1995-01-01,1995-01-31,0.139,dmi,https://psl.noaa.gov/data/timeseries/month/data/dmi.had.long.data,HadISST1.1; NOAA PSL Dipole Mode Index,degrees_C_anomaly,True,True
1995,2,1995-02-01,1995-02-28,0.164,dmi,https://psl.noaa.gov/data/timeseries/month/data/dmi.had.long.data,HadISST1.1; NOAA PSL Dipole Mode Index,degrees_C_anomaly,True,True
1995,3,1995-03-01,1995-03-31,-0.05,dmi,https://psl.noaa.gov/data/timeseries/month/data/dmi.had.long.data,HadISST1.1; NOAA PSL Dipole Mode Index,degrees_C_anomaly,True,True
1995,4,1995-04-01,1995-04-30,-0.221,dmi,https://psl.noaa.gov/data/timeseries/month/data/dmi.had.long.data,HadISST1.1; NOAA PSL Dipole Mode Index,degrees_C_anomaly,True,True
1995,5,1995-05-01,1995-05-31,-0.251,dmi,https://psl.noaa.gov/data/timeseries/month/data/dmi.had.long.data,HadISST1.1; NOAA PSL Dipole Mode Index,degrees_C_anomaly,True,True
1995,6,1995-06-01,1995-06-30,-0.078,dmi,https://psl.noaa.gov/data/timeseries/month/data/dmi.had.long.data,HadISST1.1; NOAA PSL Dipole Mode Index,degrees_C_anomaly,True,True
1995,7,1995-07-01,1995-07-31,-0.169,dmi,https://psl.noaa.gov/data/timeseries/month/data/dmi.had.long.data,HadISST1.1; NOAA PSL Dipole Mode Index,degrees_C_anomaly,True,True
1995,8,1995-08-01,1995-08-31,-0.144,dmi,https://psl.noaa.gov/data/timeseries/month/data/dmi.had.long.data,HadISST1.1; NOAA PSL Dipole Mode Index,degrees_C_anomaly,True,True
1995,9,1995-09-01,1995-09-30,-0.18,dmi,https://psl.noaa.gov/data/timeseries/month/data/dmi.had.long.data,HadISST1.1; NOAA PSL Dipole Mode Index,degrees_C_anomaly,True,True
1995,10,1995-10-01,1995-10-31,-0.367,dmi,https://psl.noaa.gov/data/timeseries/month/data/dmi.had.long.data,HadISST1.1; NOAA PSL Dipole Mode Index,degrees_C_anomaly,True,True
1995,11,1995-11-01,1995-11-30,-0.295,dmi,https://psl.noaa.gov/data/timeseries/month/data/dmi.had.long.data,HadISST1.1; NOAA PSL Dipole Mode Index,degrees_C_anomaly,True,True
1995,12,1995-12-01,1995-12-31,0.09,dmi,https://psl.noaa.gov/data/timeseries/month/data/dmi.had.long.data,HadISST1.1; NOAA PSL Dipole Mode Index,degrees_C_anomaly,True,True
1996,1,1996-01-01,1996-01-31,-0.021,dmi,https://psl.noaa.gov/data/timeseries/month/data/dmi.had.long.data,HadISST1.1; NOAA PSL Dipole Mode Index,degrees_C_anomaly,True,True
1996,2,1996-02-01,1996-02-29,-0.033,dmi,https://psl.noaa.gov/data/timeseries/month/data/dmi.had.long.data,HadISST1.1; NOAA PSL Dipole Mode Index,degrees_C_anomaly,True,True
1996,3,1996-03-01,1996-03-31,-0.085,dmi,https://psl.noaa.gov/data/timeseries/month/data/dmi.had.long.data,HadISST1.1; NOAA PSL Dipole Mode Index,degrees_C_anomaly,True,True
1996,4,1996-04-01,1996-04-30,-0.369,dmi,https://psl.noaa.gov/data/timeseries/month/data/dmi.had.long.data,HadISST1.1; NOAA PSL Dipole Mode Index,degrees_C_anomaly,True,True
1996,5,1996-05-01,1996-05-31,-0.266,dmi,https://psl.noaa.gov/data/timeseries/month/data/dmi.had.long.data,HadISST1.1; NOAA PSL Dipole Mode Index,degrees_C_anomaly,True,True
1996,6,1996-06-01,1996-06-30,-0.395,dmi,https://psl.noaa.gov/data/timeseries/month/data/dmi.had.long.data,HadISST1.1; NOAA PSL Dipole Mode Index,degrees_C_anomaly,True,True
1996,7,1996-07-01,1996-07-31,-0.644,dmi,https://psl.noaa.gov/data/timeseries/month/data/dmi.had.long.data,HadISST1.1; NOAA PSL Dipole Mode Index,degrees_C_anomaly,True,True
1996,8,1996-08-01,1996-08-31,-0.681,dmi,https://psl.noaa.gov/data/timeseries/month/data/dmi.had.long.data,HadISST1.1; NOAA PSL Dipole Mode Index,degrees_C_anomaly,True,True
1996,9,1996-09-01,1996-09-30,-0.712,dmi,https://psl.noaa.gov/data/timeseries/month/data/dmi.had.long.data,HadISST1.1; NOAA PSL Dipole Mode Index,degrees_C_anomaly,True,True
1996,10,1996-10-01,1996-10-31,-1.109,dmi,https://psl.noaa.gov/data/timeseries/month/data/dmi.had.long.data,HadISST1.1; NOAA PSL Dipole Mode Index,degrees_C_anomaly,True,True
1996,11,1996-11-01,1996-11-30,-0.797,dmi,https://psl.noaa.gov/data/timeseries/month/data/dmi.had.long.data,HadISST1.1; NOAA PSL Dipole Mode Index,degrees_C_anomaly,True,True
1996,12,1996-12-01,1996-12-31,-0.413,dmi,https://psl.noaa.gov/data/timeseries/month/data/dmi.had.long.data,HadISST1.1; NOAA PSL Dipole Mode Index,degrees_C_anomaly,True,True
1997,1,1997-01-01,1997-01-31,-0.11,dmi,https://psl.noaa.gov/data/timeseries/month/data/dmi.had.long.data,HadISST1.1; NOAA PSL Dipole Mode Index,degrees_C_anomaly,True,True
1997,2,1997-02-01,1997-02-28,0.079,dmi,https://psl.noaa.gov/data/timeseries/month/data/dmi.had.long.data,HadISST1.1; NOAA PSL Dipole Mode Index,degrees_C_anomaly,True,True
1997,3,1997-03-01,1997-03-31,0.043,dmi,https://psl.noaa.gov/data/timeseries/month/data/dmi.had.long.data,HadISST1.1; NOAA PSL Dipole Mode Index,degrees_C_anomaly,True,True
1997,4,1997-04-01,1997-04-30,0.054,dmi,https://psl.noaa.gov/data/timeseries/month/data/dmi.had.long.data,HadISST1.1; NOAA PSL Dipole Mode Index,degrees_C_anomaly,True,True
1997,5,1997-05-01,1997-05-31,0.026,dmi,https://psl.noaa.gov/data/timeseries/month/data/dmi.had.long.data,HadISST1.1; NOAA PSL Dipole Mode Index,degrees_C_anomaly,True,True
1997,6,1997-06-01,1997-06-30,0.081,dmi,https://psl.noaa.gov/data/timeseries/month/data/dmi.had.long.data,HadISST1.1; NOAA PSL Dipole Mode Index,degrees_C_anomaly,True,True
1997,7,1997-07-01,1997-07-31,0.447,dmi,https://psl.noaa.gov/data/timeseries/month/data/dmi.had.long.data,HadISST1.1; NOAA PSL Dipole Mode Index,degrees_C_anomaly,True,True
1997,8,1997-08-01,1997-08-31,0.633,dmi,https://psl.noaa.gov/data/timeseries/month/data/dmi.had.long.data,HadISST1.1; NOAA PSL Dipole Mode Index,degrees_C_anomaly,True,True
1997,9,1997-09-01,1997-09-30,0.771,dmi,https://psl.noaa.gov/data/timeseries/month/data/dmi.had.long.data,HadISST1.1; NOAA PSL Dipole Mode Index,degrees_C_anomaly,True,True
1997,10,1997-10-01,1997-10-31,0.874,dmi,https://psl.noaa.gov/data/timeseries/month/data/dmi.had.long.data,HadISST1.1; NOAA PSL Dipole Mode Index,degrees_C_anomaly,True,True
1997,11,1997-11-01,1997-11-30,1.279,dmi,https://psl.noaa.gov/data/timeseries/month/data/dmi.had.long.data,HadISST1.1; NOAA PSL Dipole Mode Index,degrees_C_anomaly,True,True
1997,12,1997-12-01,1997-12-31,0.863,dmi,https://psl.noaa.gov/data/timeseries/month/data/dmi.had.long.data,HadISST1.1; NOAA PSL Dipole Mode Index,degrees_C_anomaly,True,True
1998,1,1998-01-01,1998-01-31,0.525,dmi,https://psl.noaa.gov/data/timeseries/month/data/dmi.had.long.data,HadISST1.1; NOAA PSL Dipole Mode Index,degrees_C_anomaly,True,True
1998,2,1998-02-01,1998-02-28,0.422,dmi,https://psl.noaa.gov/data/timeseries/month/data/dmi.had.long.data,HadISST1.1; NOAA PSL Dipole Mode Index,degrees_C_anomaly,True,True
1998,3,1998-03-01,1998-03-31,-0.055,dmi,https://psl.noaa.gov/data/timeseries/month/data/dmi.had.long.data,HadISST1.1; NOAA PSL Dipole Mode Index,degrees_C_anomaly,True,True
1998,4,1998-04-01,1998-04-30,0.047,dmi,https://psl.noaa.gov/data/timeseries/month/data/dmi.had.long.data,HadISST1.1; NOAA PSL Dipole Mode Index,degrees_C_anomaly,True,True
1998,5,1998-05-01,1998-05-31,0.14,dmi,https://psl.noaa.gov/data/timeseries/month/data/dmi.had.long.data,HadISST1.1; NOAA PSL Dipole Mode Index,degrees_C_anomaly,True,True
1998,6,1998-06-01,1998-06-30,0.147,dmi,https://psl.noaa.gov/data/timeseries/month/data/dmi.had.long.data,HadISST1.1; NOAA PSL Dipole Mode Index,degrees_C_anomaly,True,True
1998,7,1998-07-01,1998-07-31,-0.385,dmi,https://psl.noaa.gov/data/timeseries/month/data/dmi.had.long.data,HadISST1.1; NOAA PSL Dipole Mode Index,degrees_C_anomaly,True,True
1998,8,1998-08-01,1998-08-31,-0.58,dmi,https://psl.noaa.gov/data/timeseries/month/data/dmi.had.long.data,HadISST1.1; NOAA PSL Dipole Mode Index,degrees_C_anomaly,True,True
1998,9,1998-09-01,1998-09-30,-0.496,dmi,https://psl.noaa.gov/data/timeseries/month/data/dmi.had.long.data,HadISST1.1; NOAA PSL Dipole Mode Index,degrees_C_anomaly,True,True
1998,10,1998-10-01,1998-10-31,-0.743,dmi,https://psl.noaa.gov/data/timeseries/month/data/dmi.had.long.data,HadISST1.1; NOAA PSL Dipole Mode Index,degrees_C_anomaly,True,True
1998,11,1998-11-01,1998-11-30,-0.653,dmi,https://psl.noaa.gov/data/timeseries/month/data/dmi.had.long.data,HadISST1.1; NOAA PSL Dipole Mode Index,degrees_C_anomaly,True,True
1998,12,1998-12-01,1998-12-31,-0.336,dmi,https://psl.noaa.gov/data/timeseries/month/data/dmi.had.long.data,HadISST1.1; NOAA PSL Dipole Mode Index,degrees_C_anomaly,True,True
1999,1,1999-01-01,1999-01-31,-0.13,dmi,https://psl.noaa.gov/data/timeseries/month/data/dmi.had.long.data,HadISST1.1; NOAA PSL Dipole Mode Index,degrees_C_anomaly,True,True
1999,2,1999-02-01,1999-02-28,-0.038,dmi,https://psl.noaa.gov/data/timeseries/month/data/dmi.had.long.data,HadISST1.1; NOAA PSL Dipole Mode Index,degrees_C_anomaly,True,True
1999,3,1999-03-01,1999-03-31,0.102,dmi,https://psl.noaa.gov/data/timeseries/month/data/dmi.had.long.data,HadISST1.1; NOAA PSL Dipole Mode Index,degrees_C_anomaly,True,True
1999,4,1999-04-01,1999-04-30,-0.001,dmi,https://psl.noaa.gov/data/timeseries/month/data/dmi.had.long.data,HadISST1.1; NOAA PSL Dipole Mode Index,degrees_C_anomaly,True,True
1999,5,1999-05-01,1999-05-31,-0.186,dmi,https://psl.noaa.gov/data/timeseries/month/data/dmi.had.long.data,HadISST1.1; NOAA PSL Dipole Mode Index,degrees_C_anomaly,True,True
1999,6,1999-06-01,1999-06-30,-0.146,dmi,https://psl.noaa.gov/data/timeseries/month/data/dmi.had.long.data,HadISST1.1; NOAA PSL Dipole Mode Index,degrees_C_anomaly,True,True
1999,7,1999-07-01,1999-07-31,0.111,dmi,https://psl.noaa.gov/data/timeseries/month/data/dmi.had.long.data,HadISST1.1; NOAA PSL Dipole Mode Index,degrees_C_anomaly,True,True
1999,8,1999-08-01,1999-08-31,0.023,dmi,https://psl.noaa.gov/data/timeseries/month/data/dmi.had.long.data,HadISST1.1; NOAA PSL Dipole Mode Index,degrees_C_anomaly,True,True
1999,9,1999-09-01,1999-09-30,-0.049,dmi,https://psl.noaa.gov/data/timeseries/month/data/dmi.had.long.data,HadISST1.1; NOAA PSL Dipole Mode Index,degrees_C_anomaly,True,True
1999,10,1999-10-01,1999-10-31,-0.189,dmi,https://psl.noaa.gov/data/timeseries/month/data/dmi.had.long.data,HadISST1.1; NOAA PSL Dipole Mode Index,degrees_C_anomaly,True,True
1999,11,1999-11-01,1999-11-30,-0.116,dmi,https://psl.noaa.gov/data/timeseries/month/data/dmi.had.long.data,HadISST1.1; NOAA PSL Dipole Mode Index,degrees_C_anomaly,True,True
1999,12,1999-12-01,1999-12-31,-0.148,dmi,https://psl.noaa.gov/data/timeseries/month/data/dmi.had.long.data,HadISST1.1; NOAA PSL Dipole Mode Index,degrees_C_anomaly,True,True
2000,1,2000-01-01,2000-01-31,-0.125,dmi,https://psl.noaa.gov/data/timeseries/month/data/dmi.had.long.data,HadISST1.1; NOAA PSL Dipole Mode Index,degrees_C_anomaly,True,True
2000,2,2000-02-01,2000-02-29,-0.009,dmi,https://psl.noaa.gov/data/timeseries/month/data/dmi.had.long.data,HadISST1.1; NOAA PSL Dipole Mode Index,degrees_C_anomaly,True,True
2000,3,2000-03-01,2000-03-31,0.141,dmi,https://psl.noaa.gov/data/timeseries/month/data/dmi.had.long.data,HadISST1.1; NOAA PSL Dipole Mode Index,degrees_C_anomaly,True,True
2000,4,2000-04-01,2000-04-30,0.141,dmi,https://psl.noaa.gov/data/timeseries/month/data/dmi.had.long.data,HadISST1.1; NOAA PSL Dipole Mode Index,degrees_C_anomaly,True,True
2000,5,2000-05-01,2000-05-31,0.113,dmi,https://psl.noaa.gov/data/timeseries/month/data/dmi.had.long.data,HadISST1.1; NOAA PSL Dipole Mode Index,degrees_C_anomaly,True,True
2000,6,2000-06-01,2000-06-30,-0.022,dmi,https://psl.noaa.gov/data/timeseries/month/data/dmi.had.long.data,HadISST1.1; NOAA PSL Dipole Mode Index,degrees_C_anomaly,True,True
2000,7,2000-07-01,2000-07-31,0.077,dmi,https://psl.noaa.gov/data/timeseries/month/data/dmi.had.long.data,HadISST1.1; NOAA PSL Dipole Mode Index,degrees_C_anomaly,True,True
2000,8,2000-08-01,2000-08-31,0.131,dmi,https://psl.noaa.gov/data/timeseries/month/data/dmi.had.long.data,HadISST1.1; NOAA PSL Dipole Mode Index,degrees_C_anomaly,True,True
2000,9,2000-09-01,2000-09-30,-0.096,dmi,https://psl.noaa.gov/data/timeseries/month/data/dmi.had.long.data,HadISST1.1; NOAA PSL Dipole Mode Index,degrees_C_anomaly,True,True
2000,10,2000-10-01,2000-10-31,-0.142,dmi,https://psl.noaa.gov/data/timeseries/month/data/dmi.had.long.data,HadISST1.1; NOAA PSL Dipole Mode Index,degrees_C_anomaly,True,True
2000,11,2000-11-01,2000-11-30,-0.306,dmi,https://psl.noaa.gov/data/timeseries/month/data/dmi.had.long.data,HadISST1.1; NOAA PSL Dipole Mode Index,degrees_C_anomaly,True,True
2000,12,2000-12-01,2000-12-31,-0.248,dmi,https://psl.noaa.gov/data/timeseries/month/data/dmi.had.long.data,HadISST1.1; NOAA PSL Dipole Mode Index,degrees_C_anomaly,True,True
2001,1,2001-01-01,2001-01-31,-0.431,dmi,https://psl.noaa.gov/data/timeseries/month/data/dmi.had.long.data,HadISST1.1; NOAA PSL Dipole Mode Index,degrees_C_anomaly,True,True
2001,2,2001-02-01,2001-02-28,-0.016,dmi,https://psl.noaa.gov/data/timeseries/month/data/dmi.had.long.data,HadISST1.1; NOAA PSL Dipole Mode Index,degrees_C_anomaly,True,True
2001,3,2001-03-01,2001-03-31,-0.01,dmi,https://psl.noaa.gov/data/timeseries/month/data/dmi.had.long.data,HadISST1.1; NOAA PSL Dipole Mode Index,degrees_C_anomaly,True,True
2001,4,2001-04-01,2001-04-30,0.136,dmi,https://psl.noaa.gov/data/timeseries/month/data/dmi.had.long.data,HadISST1.1; NOAA PSL Dipole Mode Index,degrees_C_anomaly,True,True
2001,5,2001-05-01,2001-05-31,0.137,dmi,https://psl.noaa.gov/data/timeseries/month/data/dmi.had.long.data,HadISST1.1; NOAA PSL Dipole Mode Index,degrees_C_anomaly,True,True
2001,6,2001-06-01,2001-06-30,0.127,dmi,https://psl.noaa.gov/data/timeseries/month/data/dmi.had.long.data,HadISST1.1; NOAA PSL Dipole Mode Index,degrees_C_anomaly,True,True
2001,7,2001-07-01,2001-07-31,-0.14,dmi,https://psl.noaa.gov/data/timeseries/month/data/dmi.had.long.data,HadISST1.1; NOAA PSL Dipole Mode Index,degrees_C_anomaly,True,True
2001,8,2001-08-01,2001-08-31,-0.301,dmi,https://psl.noaa.gov/data/timeseries/month/data/dmi.had.long.data,HadISST1.1; NOAA PSL Dipole Mode Index,degrees_C_anomaly,True,True
2001,9,2001-09-01,2001-09-30,-0.223,dmi,https://psl.noaa.gov/data/timeseries/month/data/dmi.had.long.data,HadISST1.1; NOAA PSL Dipole Mode Index,degrees_C_anomaly,True,True
2001,10,2001-10-01,2001-10-31,-0.451,dmi,https://psl.noaa.gov/data/timeseries/month/data/dmi.had.long.data,HadISST1.1; NOAA PSL Dipole Mode Index,degrees_C_anomaly,True,True
2001,11,2001-11-01,2001-11-30,-0.245,dmi,https://psl.noaa.gov/data/timeseries/month/data/dmi.had.long.data,HadISST1.1; NOAA PSL Dipole Mode Index,degrees_C_anomaly,True,True
2001,12,2001-12-01,2001-12-31,-0.051,dmi,https://psl.noaa.gov/data/timeseries/month/data/dmi.had.long.data,HadISST1.1; NOAA PSL Dipole Mode Index,degrees_C_anomaly,True,True
2002,1,2002-01-01,2002-01-31,-0.142,dmi,https://psl.noaa.gov/data/timeseries/month/data/dmi.had.long.data,HadISST1.1; NOAA PSL Dipole Mode Index,degrees_C_anomaly,True,True
2002,2,2002-02-01,2002-02-28,-0.098,dmi,https://psl.noaa.gov/data/timeseries/month/data/dmi.had.long.data,HadISST1.1; NOAA PSL Dipole Mode Index,degrees_C_anomaly,True,True
2002,3,2002-03-01,2002-03-31,0.008,dmi,https://psl.noaa.gov/data/timeseries/month/data/dmi.had.long.data,HadISST1.1; NOAA PSL Dipole Mode Index,degrees_C_anomaly,True,True
2002,4,2002-04-01,2002-04-30,-0.352,dmi,https://psl.noaa.gov/data/timeseries/month/data/dmi.had.long.data,HadISST1.1; NOAA PSL Dipole Mode Index,degrees_C_anomaly,True,True
2002,5,2002-05-01,2002-05-31,-0.329,dmi,https://psl.noaa.gov/data/timeseries/month/data/dmi.had.long.data,HadISST1.1; NOAA PSL Dipole Mode Index,degrees_C_anomaly,True,True
2002,6,2002-06-01,2002-06-30,-0.189,dmi,https://psl.noaa.gov/data/timeseries/month/data/dmi.had.long.data,HadISST1.1; NOAA PSL Dipole Mode Index,degrees_C_anomaly,True,True
2002,7,2002-07-01,2002-07-31,-0.261,dmi,https://psl.noaa.gov/data/timeseries/month/data/dmi.had.long.data,HadISST1.1; NOAA PSL Dipole Mode Index,degrees_C_anomaly,True,True
2002,8,2002-08-01,2002-08-31,-0.208,dmi,https://psl.noaa.gov/data/timeseries/month/data/dmi.had.long.data,HadISST1.1; NOAA PSL Dipole Mode Index,degrees_C_anomaly,True,True
2002,9,2002-09-01,2002-09-30,0.286,dmi,https://psl.noaa.gov/data/timeseries/month/data/dmi.had.long.data,HadISST1.1; NOAA PSL Dipole Mode Index,degrees_C_anomaly,True,True
2002,10,2002-10-01,2002-10-31,0.405,dmi,https://psl.noaa.gov/data/timeseries/month/data/dmi.had.long.data,HadISST1.1; NOAA PSL Dipole Mode Index,degrees_C_anomaly,True,True
2002,11,2002-11-01,2002-11-30,0.096,dmi,https://psl.noaa.gov/data/timeseries/month/data/dmi.had.long.data,HadISST1.1; NOAA PSL Dipole Mode Index,degrees_C_anomaly,True,True
2002,12,2002-12-01,2002-12-31,-0.158,dmi,https://psl.noaa.gov/data/timeseries/month/data/dmi.had.long.data,HadISST1.1; NOAA PSL Dipole Mode Index,degrees_C_anomaly,True,True
2003,1,2003-01-01,2003-01-31,-0.239,dmi,https://psl.noaa.gov/data/timeseries/month/data/dmi.had.long.data,HadISST1.1; NOAA PSL Dipole Mode Index,degrees_C_anomaly,True,True
2003,2,2003-02-01,2003-02-28,0.017,dmi,https://psl.noaa.gov/data/timeseries/month/data/dmi.had.long.data,HadISST1.1; NOAA PSL Dipole Mode Index,degrees_C_anomaly,True,True
2003,3,2003-03-01,2003-03-31,-0.039,dmi,https://psl.noaa.gov/data/timeseries/month/data/dmi.had.long.data,HadISST1.1; NOAA PSL Dipole Mode Index,degrees_C_anomaly,True,True
2003,4,2003-04-01,2003-04-30,-0.099,dmi,https://psl.noaa.gov/data/timeseries/month/data/dmi.had.long.data,HadISST1.1; NOAA PSL Dipole Mode Index,degrees_C_anomaly,True,True
2003,5,2003-05-01,2003-05-31,-0.164,dmi,https://psl.noaa.gov/data/timeseries/month/data/dmi.had.long.data,HadISST1.1; NOAA PSL Dipole Mode Index,degrees_C_anomaly,True,True
2003,6,2003-06-01,2003-06-30,0.139,dmi,https://psl.noaa.gov/data/timeseries/month/data/dmi.had.long.data,HadISST1.1; NOAA PSL Dipole Mode Index,degrees_C_anomaly,True,True
2003,7,2003-07-01,2003-07-31,0.131,dmi,https://psl.noaa.gov/data/timeseries/month/data/dmi.had.long.data,HadISST1.1; NOAA PSL Dipole Mode Index,degrees_C_anomaly,True,True
2003,8,2003-08-01,2003-08-31,0.108,dmi,https://psl.noaa.gov/data/timeseries/month/data/dmi.had.long.data,HadISST1.1; NOAA PSL Dipole Mode Index,degrees_C_anomaly,True,True
2003,9,2003-09-01,2003-09-30,-0.06,dmi,https://psl.noaa.gov/data/timeseries/month/data/dmi.had.long.data,HadISST1.1; NOAA PSL Dipole Mode Index,degrees_C_anomaly,True,True
2003,10,2003-10-01,2003-10-31,-0.243,dmi,https://psl.noaa.gov/data/timeseries/month/data/dmi.had.long.data,HadISST1.1; NOAA PSL Dipole Mode Index,degrees_C_anomaly,True,True
2003,11,2003-11-01,2003-11-30,-0.159,dmi,https://psl.noaa.gov/data/timeseries/month/data/dmi.had.long.data,HadISST1.1; NOAA PSL Dipole Mode Index,degrees_C_anomaly,True,True
2003,12,2003-12-01,2003-12-31,0.189,dmi,https://psl.noaa.gov/data/timeseries/month/data/dmi.had.long.data,HadISST1.1; NOAA PSL Dipole Mode Index,degrees_C_anomaly,True,True
2004,1,2004-01-01,2004-01-31,0.044,dmi,https://psl.noaa.gov/data/timeseries/month/data/dmi.had.long.data,HadISST1.1; NOAA PSL Dipole Mode Index,degrees_C_anomaly,True,True
2004,2,2004-02-01,2004-02-29,0.114,dmi,https://psl.noaa.gov/data/timeseries/month/data/dmi.had.long.data,HadISST1.1; NOAA PSL Dipole Mode Index,degrees_C_anomaly,True,True
2004,3,2004-03-01,2004-03-31,0.077,dmi,https://psl.noaa.gov/data/timeseries/month/data/dmi.had.long.data,HadISST1.1; NOAA PSL Dipole Mode Index,degrees_C_anomaly,True,True
2004,4,2004-04-01,2004-04-30,-0.079,dmi,https://psl.noaa.gov/data/timeseries/month/data/dmi.had.long.data,HadISST1.1; NOAA PSL Dipole Mode Index,degrees_C_anomaly,True,True
2004,5,2004-05-01,2004-05-31,-0.565,dmi,https://psl.noaa.gov/data/timeseries/month/data/dmi.had.long.data,HadISST1.1; NOAA PSL Dipole Mode Index,degrees_C_anomaly,True,True
2004,6,2004-06-01,2004-06-30,-0.384,dmi,https://psl.noaa.gov/data/timeseries/month/data/dmi.had.long.data,HadISST1.1; NOAA PSL Dipole Mode Index,degrees_C_anomaly,True,True
2004,7,2004-07-01,2004-07-31,-0.301,dmi,https://psl.noaa.gov/data/timeseries/month/data/dmi.had.long.data,HadISST1.1; NOAA PSL Dipole Mode Index,degrees_C_anomaly,True,True
2004,8,2004-08-01,2004-08-31,-0.133,dmi,https://psl.noaa.gov/data/timeseries/month/data/dmi.had.long.data,HadISST1.1; NOAA PSL Dipole Mode Index,degrees_C_anomaly,True,True
2004,9,2004-09-01,2004-09-30,-0.106,dmi,https://psl.noaa.gov/data/timeseries/month/data/dmi.had.long.data,HadISST1.1; NOAA PSL Dipole Mode Index,degrees_C_anomaly,True,True
2004,10,2004-10-01,2004-10-31,-0.004,dmi,https://psl.noaa.gov/data/timeseries/month/data/dmi.had.long.data,HadISST1.1; NOAA PSL Dipole Mode Index,degrees_C_anomaly,True,True
2004,11,2004-11-01,2004-11-30,-0.153,dmi,https://psl.noaa.gov/data/timeseries/month/data/dmi.had.long.data,HadISST1.1; NOAA PSL Dipole Mode Index,degrees_C_anomaly,True,True
2004,12,2004-12-01,2004-12-31,-0.132,dmi,https://psl.noaa.gov/data/timeseries/month/data/dmi.had.long.data,HadISST1.1; NOAA PSL Dipole Mode Index,degrees_C_anomaly,True,True
2005,1,2005-01-01,2005-01-31,-0.124,dmi,https://psl.noaa.gov/data/timeseries/month/data/dmi.had.long.data,HadISST1.1; NOAA PSL Dipole Mode Index,degrees_C_anomaly,True,True
2005,2,2005-02-01,2005-02-28,-0.56,dmi,https://psl.noaa.gov/data/timeseries/month/data/dmi.had.long.data,HadISST1.1; NOAA PSL Dipole Mode Index,degrees_C_anomaly,True,True
2005,3,2005-03-01,2005-03-31,-0.433,dmi,https://psl.noaa.gov/data/timeseries/month/data/dmi.had.long.data,HadISST1.1; NOAA PSL Dipole Mode Index,degrees_C_anomaly,True,True
2005,4,2005-04-01,2005-04-30,0.084,dmi,https://psl.noaa.gov/data/timeseries/month/data/dmi.had.long.data,HadISST1.1; NOAA PSL Dipole Mode Index,degrees_C_anomaly,True,True
2005,5,2005-05-01,2005-05-31,-0.033,dmi,https://psl.noaa.gov/data/timeseries/month/data/dmi.had.long.data,HadISST1.1; NOAA PSL Dipole Mode Index,degrees_C_anomaly,True,True
2005,6,2005-06-01,2005-06-30,-0.176,dmi,https://psl.noaa.gov/data/timeseries/month/data/dmi.had.long.data,HadISST1.1; NOAA PSL Dipole Mode Index,degrees_C_anomaly,True,True
2005,7,2005-07-01,2005-07-31,-0.384,dmi,https://psl.noaa.gov/data/timeseries/month/data/dmi.had.long.data,HadISST1.1; NOAA PSL Dipole Mode Index,degrees_C_anomaly,True,True
2005,8,2005-08-01,2005-08-31,-0.345,dmi,https://psl.noaa.gov/data/timeseries/month/data/dmi.had.long.data,HadISST1.1; NOAA PSL Dipole Mode Index,degrees_C_anomaly,True,True
2005,9,2005-09-01,2005-09-30,-0.534,dmi,https://psl.noaa.gov/data/timeseries/month/data/dmi.had.long.data,HadISST1.1; NOAA PSL Dipole Mode Index,degrees_C_anomaly,True,True
2005,10,2005-10-01,2005-10-31,-0.436,dmi,https://psl.noaa.gov/data/timeseries/month/data/dmi.had.long.data,HadISST1.1; NOAA PSL Dipole Mode Index,degrees_C_anomaly,True,True
2005,11,2005-11-01,2005-11-30,-0.272,dmi,https://psl.noaa.gov/data/timeseries/month/data/dmi.had.long.data,HadISST1.1; NOAA PSL Dipole Mode Index,degrees_C_anomaly,True,True
2005,12,2005-12-01,2005-12-31,-0.3,dmi,https://psl.noaa.gov/data/timeseries/month/data/dmi.had.long.data,HadISST1.1; NOAA PSL Dipole Mode Index,degrees_C_anomaly,True,True
2006,1,2006-01-01,2006-01-31,-0.135,dmi,https://psl.noaa.gov/data/timeseries/month/data/dmi.had.long.data,HadISST1.1; NOAA PSL Dipole Mode Index,degrees_C_anomaly,True,True
2006,2,2006-02-01,2006-02-28,-0.306,dmi,https://psl.noaa.gov/data/timeseries/month/data/dmi.had.long.data,HadISST1.1; NOAA PSL Dipole Mode Index,degrees_C_anomaly,True,True
2006,3,2006-03-01,2006-03-31,-0.226,dmi,https://psl.noaa.gov/data/timeseries/month/data/dmi.had.long.data,HadISST1.1; NOAA PSL Dipole Mode Index,degrees_C_anomaly,True,True
2006,4,2006-04-01,2006-04-30,-0.015,dmi,https://psl.noaa.gov/data/timeseries/month/data/dmi.had.long.data,HadISST1.1; NOAA PSL Dipole Mode Index,degrees_C_anomaly,True,True
2006,5,2006-05-01,2006-05-31,-0.208,dmi,https://psl.noaa.gov/data/timeseries/month/data/dmi.had.long.data,HadISST1.1; NOAA PSL Dipole Mode Index,degrees_C_anomaly,True,True
2006,6,2006-06-01,2006-06-30,-0.059,dmi,https://psl.noaa.gov/data/timeseries/month/data/dmi.had.long.data,HadISST1.1; NOAA PSL Dipole Mode Index,degrees_C_anomaly,True,True
2006,7,2006-07-01,2006-07-31,0.04,dmi,https://psl.noaa.gov/data/timeseries/month/data/dmi.had.long.data,HadISST1.1; NOAA PSL Dipole Mode Index,degrees_C_anomaly,True,True
2006,8,2006-08-01,2006-08-31,0.229,dmi,https://psl.noaa.gov/data/timeseries/month/data/dmi.had.long.data,HadISST1.1; NOAA PSL Dipole Mode Index,degrees_C_anomaly,True,True
2006,9,2006-09-01,2006-09-30,0.428,dmi,https://psl.noaa.gov/data/timeseries/month/data/dmi.had.long.data,HadISST1.1; NOAA PSL Dipole Mode Index,degrees_C_anomaly,True,True
2006,10,2006-10-01,2006-10-31,0.577,dmi,https://psl.noaa.gov/data/timeseries/month/data/dmi.had.long.data,HadISST1.1; NOAA PSL Dipole Mode Index,degrees_C_anomaly,True,True
2006,11,2006-11-01,2006-11-30,0.501,dmi,https://psl.noaa.gov/data/timeseries/month/data/dmi.had.long.data,HadISST1.1; NOAA PSL Dipole Mode Index,degrees_C_anomaly,True,True
2006,12,2006-12-01,2006-12-31,0.172,dmi,https://psl.noaa.gov/data/timeseries/month/data/dmi.had.long.data,HadISST1.1; NOAA PSL Dipole Mode Index,degrees_C_anomaly,True,True
2007,1,2007-01-01,2007-01-31,0.225,dmi,https://psl.noaa.gov/data/timeseries/month/data/dmi.had.long.data,HadISST1.1; NOAA PSL Dipole Mode Index,degrees_C_anomaly,True,True
2007,2,2007-02-01,2007-02-28,0.15,dmi,https://psl.noaa.gov/data/timeseries/month/data/dmi.had.long.data,HadISST1.1; NOAA PSL Dipole Mode Index,degrees_C_anomaly,True,True
2007,3,2007-03-01,2007-03-31,0.115,dmi,https://psl.noaa.gov/data/timeseries/month/data/dmi.had.long.data,HadISST1.1; NOAA PSL Dipole Mode Index,degrees_C_anomaly,True,True
2007,4,2007-04-01,2007-04-30,0.1,dmi,https://psl.noaa.gov/data/timeseries/month/data/dmi.had.long.data,HadISST1.1; NOAA PSL Dipole Mode Index,degrees_C_anomaly,True,True
2007,5,2007-05-01,2007-05-31,0.27,dmi,https://psl.noaa.gov/data/timeseries/month/data/dmi.had.long.data,HadISST1.1; NOAA PSL Dipole Mode Index,degrees_C_anomaly,True,True
2007,6,2007-06-01,2007-06-30,0.031,dmi,https://psl.noaa.gov/data/timeseries/month/data/dmi.had.long.data,HadISST1.1; NOAA PSL Dipole Mode Index,degrees_C_anomaly,True,True
2007,7,2007-07-01,2007-07-31,0.045,dmi,https://psl.noaa.gov/data/timeseries/month/data/dmi.had.long.data,HadISST1.1; NOAA PSL Dipole Mode Index,degrees_C_anomaly,True,True
2007,8,2007-08-01,2007-08-31,0.237,dmi,https://psl.noaa.gov/data/timeseries/month/data/dmi.had.long.data,HadISST1.1; NOAA PSL Dipole Mode Index,degrees_C_anomaly,True,True
2007,9,2007-09-01,2007-09-30,0.235,dmi,https://psl.noaa.gov/data/timeseries/month/data/dmi.had.long.data,HadISST1.1; NOAA PSL Dipole Mode Index,degrees_C_anomaly,True,True
2007,10,2007-10-01,2007-10-31,0.068,dmi,https://psl.noaa.gov/data/timeseries/month/data/dmi.had.long.data,HadISST1.1; NOAA PSL Dipole Mode Index,degrees_C_anomaly,True,True
2007,11,2007-11-01,2007-11-30,-0.023,dmi,https://psl.noaa.gov/data/timeseries/month/data/dmi.had.long.data,HadISST1.1; NOAA PSL Dipole Mode Index,degrees_C_anomaly,True,True
2007,12,2007-12-01,2007-12-31,-0.227,dmi,https://psl.noaa.gov/data/timeseries/month/data/dmi.had.long.data,HadISST1.1; NOAA PSL Dipole Mode Index,degrees_C_anomaly,True,True
2008,1,2008-01-01,2008-01-31,0.115,dmi,https://psl.noaa.gov/data/timeseries/month/data/dmi.had.long.data,HadISST1.1; NOAA PSL Dipole Mode Index,degrees_C_anomaly,True,True
2008,2,2008-02-01,2008-02-29,-0.072,dmi,https://psl.noaa.gov/data/timeseries/month/data/dmi.had.long.data,HadISST1.1; NOAA PSL Dipole Mode Index,degrees_C_anomaly,True,True
2008,3,2008-03-01,2008-03-31,0.097,dmi,https://psl.noaa.gov/data/timeseries/month/data/dmi.had.long.data,HadISST1.1; NOAA PSL Dipole Mode Index,degrees_C_anomaly,True,True
2008,4,2008-04-01,2008-04-30,-0.153,dmi,https://psl.noaa.gov/data/timeseries/month/data/dmi.had.long.data,HadISST1.1; NOAA PSL Dipole Mode Index,degrees_C_anomaly,True,True
2008,5,2008-05-01,2008-05-31,0.179,dmi,https://psl.noaa.gov/data/timeseries/month/data/dmi.had.long.data,HadISST1.1; NOAA PSL Dipole Mode Index,degrees_C_anomaly,True,True
2008,6,2008-06-01,2008-06-30,0.215,dmi,https://psl.noaa.gov/data/timeseries/month/data/dmi.had.long.data,HadISST1.1; NOAA PSL Dipole Mode Index,degrees_C_anomaly,True,True
2008,7,2008-07-01,2008-07-31,0.246,dmi,https://psl.noaa.gov/data/timeseries/month/data/dmi.had.long.data,HadISST1.1; NOAA PSL Dipole Mode Index,degrees_C_anomaly,True,True
2008,8,2008-08-01,2008-08-31,0.124,dmi,https://psl.noaa.gov/data/timeseries/month/data/dmi.had.long.data,HadISST1.1; NOAA PSL Dipole Mode Index,degrees_C_anomaly,True,True
2008,9,2008-09-01,2008-09-30,0.086,dmi,https://psl.noaa.gov/data/timeseries/month/data/dmi.had.long.data,HadISST1.1; NOAA PSL Dipole Mode Index,degrees_C_anomaly,True,True
2008,10,2008-10-01,2008-10-31,0.029,dmi,https://psl.noaa.gov/data/timeseries/month/data/dmi.had.long.data,HadISST1.1; NOAA PSL Dipole Mode Index,degrees_C_anomaly,True,True
2008,11,2008-11-01,2008-11-30,-0.128,dmi,https://psl.noaa.gov/data/timeseries/month/data/dmi.had.long.data,HadISST1.1; NOAA PSL Dipole Mode Index,degrees_C_anomaly,True,True
2008,12,2008-12-01,2008-12-31,-0.053,dmi,https://psl.noaa.gov/data/timeseries/month/data/dmi.had.long.data,HadISST1.1; NOAA PSL Dipole Mode Index,degrees_C_anomaly,True,True
2009,1,2009-01-01,2009-01-31,0.031,dmi,https://psl.noaa.gov/data/timeseries/month/data/dmi.had.long.data,HadISST1.1; NOAA PSL Dipole Mode Index,degrees_C_anomaly,True,True
2009,2,2009-02-01,2009-02-28,0.163,dmi,https://psl.noaa.gov/data/timeseries/month/data/dmi.had.long.data,HadISST1.1; NOAA PSL Dipole Mode Index,degrees_C_anomaly,True,True
2009,3,2009-03-01,2009-03-31,0.1,dmi,https://psl.noaa.gov/data/timeseries/month/data/dmi.had.long.data,HadISST1.1; NOAA PSL Dipole Mode Index,degrees_C_anomaly,True,True
2009,4,2009-04-01,2009-04-30,0.126,dmi,https://psl.noaa.gov/data/timeseries/month/data/dmi.had.long.data,HadISST1.1; NOAA PSL Dipole Mode Index,degrees_C_anomaly,True,True
2009,5,2009-05-01,2009-05-31,0.257,dmi,https://psl.noaa.gov/data/timeseries/month/data/dmi.had.long.data,HadISST1.1; NOAA PSL Dipole Mode Index,degrees_C_anomaly,True,True
2009,6,2009-06-01,2009-06-30,0.1,dmi,https://psl.noaa.gov/data/timeseries/month/data/dmi.had.long.data,HadISST1.1; NOAA PSL Dipole Mode Index,degrees_C_anomaly,True,True
2009,7,2009-07-01,2009-07-31,-0.192,dmi,https://psl.noaa.gov/data/timeseries/month/data/dmi.had.long.data,HadISST1.1; NOAA PSL Dipole Mode Index,degrees_C_anomaly,True,True
2009,8,2009-08-01,2009-08-31,-0.104,dmi,https://psl.noaa.gov/data/timeseries/month/data/dmi.had.long.data,HadISST1.1; NOAA PSL Dipole Mode Index,degrees_C_anomaly,True,True
2009,9,2009-09-01,2009-09-30,-0.103,dmi,https://psl.noaa.gov/data/timeseries/month/data/dmi.had.long.data,HadISST1.1; NOAA PSL Dipole Mode Index,degrees_C_anomaly,True,True
2009,10,2009-10-01,2009-10-31,-0.013,dmi,https://psl.noaa.gov/data/timeseries/month/data/dmi.had.long.data,HadISST1.1; NOAA PSL Dipole Mode Index,degrees_C_anomaly,True,True
2009,11,2009-11-01,2009-11-30,-0.067,dmi,https://psl.noaa.gov/data/timeseries/month/data/dmi.had.long.data,HadISST1.1; NOAA PSL Dipole Mode Index,degrees_C_anomaly,True,True
2009,12,2009-12-01,2009-12-31,0.16,dmi,https://psl.noaa.gov/data/timeseries/month/data/dmi.had.long.data,HadISST1.1; NOAA PSL Dipole Mode Index,degrees_C_anomaly,True,True
2010,1,2010-01-01,2010-01-31,0.294,dmi,https://psl.noaa.gov/data/timeseries/month/data/dmi.had.long.data,HadISST1.1; NOAA PSL Dipole Mode Index,degrees_C_anomaly,True,True
2010,2,2010-02-01,2010-02-28,0.023,dmi,https://psl.noaa.gov/data/timeseries/month/data/dmi.had.long.data,HadISST1.1; NOAA PSL Dipole Mode Index,degrees_C_anomaly,True,True
2010,3,2010-03-01,2010-03-31,0.458,dmi,https://psl.noaa.gov/data/timeseries/month/data/dmi.had.long.data,HadISST1.1; NOAA PSL Dipole Mode Index,degrees_C_anomaly,True,True
2010,4,2010-04-01,2010-04-30,0.37,dmi,https://psl.noaa.gov/data/timeseries/month/data/dmi.had.long.data,HadISST1.1; NOAA PSL Dipole Mode Index,degrees_C_anomaly,True,True
2010,5,2010-05-01,2010-05-31,-0.029,dmi,https://psl.noaa.gov/data/timeseries/month/data/dmi.had.long.data,HadISST1.1; NOAA PSL Dipole Mode Index,degrees_C_anomaly,True,True
2010,6,2010-06-01,2010-06-30,-0.14,dmi,https://psl.noaa.gov/data/timeseries/month/data/dmi.had.long.data,HadISST1.1; NOAA PSL Dipole Mode Index,degrees_C_anomaly,True,True
2010,7,2010-07-01,2010-07-31,-0.001,dmi,https://psl.noaa.gov/data/timeseries/month/data/dmi.had.long.data,HadISST1.1; NOAA PSL Dipole Mode Index,degrees_C_anomaly,True,True
2010,8,2010-08-01,2010-08-31,-0.061,dmi,https://psl.noaa.gov/data/timeseries/month/data/dmi.had.long.data,HadISST1.1; NOAA PSL Dipole Mode Index,degrees_C_anomaly,True,True
2010,9,2010-09-01,2010-09-30,-0.267,dmi,https://psl.noaa.gov/data/timeseries/month/data/dmi.had.long.data,HadISST1.1; NOAA PSL Dipole Mode Index,degrees_C_anomaly,True,True
2010,10,2010-10-01,2010-10-31,-0.437,dmi,https://psl.noaa.gov/data/timeseries/month/data/dmi.had.long.data,HadISST1.1; NOAA PSL Dipole Mode Index,degrees_C_anomaly,True,True
2010,11,2010-11-01,2010-11-30,-0.495,dmi,https://psl.noaa.gov/data/timeseries/month/data/dmi.had.long.data,HadISST1.1; NOAA PSL Dipole Mode Index,degrees_C_anomaly,True,True
2010,12,2010-12-01,2010-12-31,-0.212,dmi,https://psl.noaa.gov/data/timeseries/month/data/dmi.had.long.data,HadISST1.1; NOAA PSL Dipole Mode Index,degrees_C_anomaly,True,True
2011,1,2011-01-01,2011-01-31,0.191,dmi,https://psl.noaa.gov/data/timeseries/month/data/dmi.had.long.data,HadISST1.1; NOAA PSL Dipole Mode Index,degrees_C_anomaly,True,True
2011,2,2011-02-01,2011-02-28,0.241,dmi,https://psl.noaa.gov/data/timeseries/month/data/dmi.had.long.data,HadISST1.1; NOAA PSL Dipole Mode Index,degrees_C_anomaly,True,True
2011,3,2011-03-01,2011-03-31,0.367,dmi,https://psl.noaa.gov/data/timeseries/month/data/dmi.had.long.data,HadISST1.1; NOAA PSL Dipole Mode Index,degrees_C_anomaly,True,True
2011,4,2011-04-01,2011-04-30,0.154,dmi,https://psl.noaa.gov/data/timeseries/month/data/dmi.had.long.data,HadISST1.1; NOAA PSL Dipole Mode Index,degrees_C_anomaly,True,True
2011,5,2011-05-01,2011-05-31,-0.089,dmi,https://psl.noaa.gov/data/timeseries/month/data/dmi.had.long.data,HadISST1.1; NOAA PSL Dipole Mode Index,degrees_C_anomaly,True,True
2011,6,2011-06-01,2011-06-30,0.055,dmi,https://psl.noaa.gov/data/timeseries/month/data/dmi.had.long.data,HadISST1.1; NOAA PSL Dipole Mode Index,degrees_C_anomaly,True,True
2011,7,2011-07-01,2011-07-31,0.223,dmi,https://psl.noaa.gov/data/timeseries/month/data/dmi.had.long.data,HadISST1.1; NOAA PSL Dipole Mode Index,degrees_C_anomaly,True,True
2011,8,2011-08-01,2011-08-31,0.344,dmi,https://psl.noaa.gov/data/timeseries/month/data/dmi.had.long.data,HadISST1.1; NOAA PSL Dipole Mode Index,degrees_C_anomaly,True,True
2011,9,2011-09-01,2011-09-30,0.202,dmi,https://psl.noaa.gov/data/timeseries/month/data/dmi.had.long.data,HadISST1.1; NOAA PSL Dipole Mode Index,degrees_C_anomaly,True,True
2011,10,2011-10-01,2011-10-31,0.356,dmi,https://psl.noaa.gov/data/timeseries/month/data/dmi.had.long.data,HadISST1.1; NOAA PSL Dipole Mode Index,degrees_C_anomaly,True,True
2011,11,2011-11-01,2011-11-30,0.336,dmi,https://psl.noaa.gov/data/timeseries/month/data/dmi.had.long.data,HadISST1.1; NOAA PSL Dipole Mode Index,degrees_C_anomaly,True,True
2011,12,2011-12-01,2011-12-31,-0.128,dmi,https://psl.noaa.gov/data/timeseries/month/data/dmi.had.long.data,HadISST1.1; NOAA PSL Dipole Mode Index,degrees_C_anomaly,True,True
2012,1,2012-01-01,2012-01-31,0.046,dmi,https://psl.noaa.gov/data/timeseries/month/data/dmi.had.long.data,HadISST1.1; NOAA PSL Dipole Mode Index,degrees_C_anomaly,True,True
2012,2,2012-02-01,2012-02-29,-0.078,dmi,https://psl.noaa.gov/data/timeseries/month/data/dmi.had.long.data,HadISST1.1; NOAA PSL Dipole Mode Index,degrees_C_anomaly,True,True
2012,3,2012-03-01,2012-03-31,0.026,dmi,https://psl.noaa.gov/data/timeseries/month/data/dmi.had.long.data,HadISST1.1; NOAA PSL Dipole Mode Index,degrees_C_anomaly,True,True
2012,4,2012-04-01,2012-04-30,-0.271,dmi,https://psl.noaa.gov/data/timeseries/month/data/dmi.had.long.data,HadISST1.1; NOAA PSL Dipole Mode Index,degrees_C_anomaly,True,True
2012,5,2012-05-01,2012-05-31,-0.37,dmi,https://psl.noaa.gov/data/timeseries/month/data/dmi.had.long.data,HadISST1.1; NOAA PSL Dipole Mode Index,degrees_C_anomaly,True,True
2012,6,2012-06-01,2012-06-30,0.0,dmi,https://psl.noaa.gov/data/timeseries/month/data/dmi.had.long.data,HadISST1.1; NOAA PSL Dipole Mode Index,degrees_C_anomaly,True,True
2012,7,2012-07-01,2012-07-31,0.546,dmi,https://psl.noaa.gov/data/timeseries/month/data/dmi.had.long.data,HadISST1.1; NOAA PSL Dipole Mode Index,degrees_C_anomaly,True,True
2012,8,2012-08-01,2012-08-31,0.652,dmi,https://psl.noaa.gov/data/timeseries/month/data/dmi.had.long.data,HadISST1.1; NOAA PSL Dipole Mode Index,degrees_C_anomaly,True,True
2012,9,2012-09-01,2012-09-30,0.453,dmi,https://psl.noaa.gov/data/timeseries/month/data/dmi.had.long.data,HadISST1.1; NOAA PSL Dipole Mode Index,degrees_C_anomaly,True,True
2012,10,2012-10-01,2012-10-31,0.11,dmi,https://psl.noaa.gov/data/timeseries/month/data/dmi.had.long.data,HadISST1.1; NOAA PSL Dipole Mode Index,degrees_C_anomaly,True,True
2012,11,2012-11-01,2012-11-30,-0.099,dmi,https://psl.noaa.gov/data/timeseries/month/data/dmi.had.long.data,HadISST1.1; NOAA PSL Dipole Mode Index,degrees_C_anomaly,True,True
2012,12,2012-12-01,2012-12-31,0.267,dmi,https://psl.noaa.gov/data/timeseries/month/data/dmi.had.long.data,HadISST1.1; NOAA PSL Dipole Mode Index,degrees_C_anomaly,True,True
2013,1,2013-01-01,2013-01-31,-0.065,dmi,https://psl.noaa.gov/data/timeseries/month/data/dmi.had.long.data,HadISST1.1; NOAA PSL Dipole Mode Index,degrees_C_anomaly,True,True
2013,2,2013-02-01,2013-02-28,0.189,dmi,https://psl.noaa.gov/data/timeseries/month/data/dmi.had.long.data,HadISST1.1; NOAA PSL Dipole Mode Index,degrees_C_anomaly,True,True
2013,3,2013-03-01,2013-03-31,0.083,dmi,https://psl.noaa.gov/data/timeseries/month/data/dmi.had.long.data,HadISST1.1; NOAA PSL Dipole Mode Index,degrees_C_anomaly,True,True
2013,4,2013-04-01,2013-04-30,-0.297,dmi,https://psl.noaa.gov/data/timeseries/month/data/dmi.had.long.data,HadISST1.1; NOAA PSL Dipole Mode Index,degrees_C_anomaly,True,True
2013,5,2013-05-01,2013-05-31,-0.506,dmi,https://psl.noaa.gov/data/timeseries/month/data/dmi.had.long.data,HadISST1.1; NOAA PSL Dipole Mode Index,degrees_C_anomaly,True,True
2013,6,2013-06-01,2013-06-30,-0.497,dmi,https://psl.noaa.gov/data/timeseries/month/data/dmi.had.long.data,HadISST1.1; NOAA PSL Dipole Mode Index,degrees_C_anomaly,True,True
2013,7,2013-07-01,2013-07-31,-0.181,dmi,https://psl.noaa.gov/data/timeseries/month/data/dmi.had.long.data,HadISST1.1; NOAA PSL Dipole Mode Index,degrees_C_anomaly,True,True
2013,8,2013-08-01,2013-08-31,-0.194,dmi,https://psl.noaa.gov/data/timeseries/month/data/dmi.had.long.data,HadISST1.1; NOAA PSL Dipole Mode Index,degrees_C_anomaly,True,True
2013,9,2013-09-01,2013-09-30,-0.31,dmi,https://psl.noaa.gov/data/timeseries/month/data/dmi.had.long.data,HadISST1.1; NOAA PSL Dipole Mode Index,degrees_C_anomaly,True,True
2013,10,2013-10-01,2013-10-31,-0.168,dmi,https://psl.noaa.gov/data/timeseries/month/data/dmi.had.long.data,HadISST1.1; NOAA PSL Dipole Mode Index,degrees_C_anomaly,True,True
2013,11,2013-11-01,2013-11-30,0.199,dmi,https://psl.noaa.gov/data/timeseries/month/data/dmi.had.long.data,HadISST1.1; NOAA PSL Dipole Mode Index,degrees_C_anomaly,True,True
2013,12,2013-12-01,2013-12-31,0.141,dmi,https://psl.noaa.gov/data/timeseries/month/data/dmi.had.long.data,HadISST1.1; NOAA PSL Dipole Mode Index,degrees_C_anomaly,True,True
2014,1,2014-01-01,2014-01-31,-0.101,dmi,https://psl.noaa.gov/data/timeseries/month/data/dmi.had.long.data,HadISST1.1; NOAA PSL Dipole Mode Index,degrees_C_anomaly,True,True
2014,2,2014-02-01,2014-02-28,-0.089,dmi,https://psl.noaa.gov/data/timeseries/month/data/dmi.had.long.data,HadISST1.1; NOAA PSL Dipole Mode Index,degrees_C_anomaly,True,True
2014,3,2014-03-01,2014-03-31,-0.151,dmi,https://psl.noaa.gov/data/timeseries/month/data/dmi.had.long.data,HadISST1.1; NOAA PSL Dipole Mode Index,degrees_C_anomaly,True,True
2014,4,2014-04-01,2014-04-30,-0.058,dmi,https://psl.noaa.gov/data/timeseries/month/data/dmi.had.long.data,HadISST1.1; NOAA PSL Dipole Mode Index,degrees_C_anomaly,True,True
2014,5,2014-05-01,2014-05-31,-0.092,dmi,https://psl.noaa.gov/data/timeseries/month/data/dmi.had.long.data,HadISST1.1; NOAA PSL Dipole Mode Index,degrees_C_anomaly,True,True
2014,6,2014-06-01,2014-06-30,-0.028,dmi,https://psl.noaa.gov/data/timeseries/month/data/dmi.had.long.data,HadISST1.1; NOAA PSL Dipole Mode Index,degrees_C_anomaly,True,True
2014,7,2014-07-01,2014-07-31,-0.363,dmi,https://psl.noaa.gov/data/timeseries/month/data/dmi.had.long.data,HadISST1.1; NOAA PSL Dipole Mode Index,degrees_C_anomaly,True,True
2014,8,2014-08-01,2014-08-31,-0.372,dmi,https://psl.noaa.gov/data/timeseries/month/data/dmi.had.long.data,HadISST1.1; NOAA PSL Dipole Mode Index,degrees_C_anomaly,True,True
2014,9,2014-09-01,2014-09-30,-0.145,dmi,https://psl.noaa.gov/data/timeseries/month/data/dmi.had.long.data,HadISST1.1; NOAA PSL Dipole Mode Index,degrees_C_anomaly,True,True
2014,10,2014-10-01,2014-10-31,0.141,dmi,https://psl.noaa.gov/data/timeseries/month/data/dmi.had.long.data,HadISST1.1; NOAA PSL Dipole Mode Index,degrees_C_anomaly,True,True
2014,11,2014-11-01,2014-11-30,0.009,dmi,https://psl.noaa.gov/data/timeseries/month/data/dmi.had.long.data,HadISST1.1; NOAA PSL Dipole Mode Index,degrees_C_anomaly,True,True
2014,12,2014-12-01,2014-12-31,0.046,dmi,https://psl.noaa.gov/data/timeseries/month/data/dmi.had.long.data,HadISST1.1; NOAA PSL Dipole Mode Index,degrees_C_anomaly,True,True
2015,1,2015-01-01,2015-01-31,-0.1,dmi,https://psl.noaa.gov/data/timeseries/month/data/dmi.had.long.data,HadISST1.1; NOAA PSL Dipole Mode Index,degrees_C_anomaly,True,True
2015,2,2015-02-01,2015-02-28,-0.345,dmi,https://psl.noaa.gov/data/timeseries/month/data/dmi.had.long.data,HadISST1.1; NOAA PSL Dipole Mode Index,degrees_C_anomaly,True,True
2015,3,2015-03-01,2015-03-31,-0.241,dmi,https://psl.noaa.gov/data/timeseries/month/data/dmi.had.long.data,HadISST1.1; NOAA PSL Dipole Mode Index,degrees_C_anomaly,True,True
2015,4,2015-04-01,2015-04-30,-0.008,dmi,https://psl.noaa.gov/data/timeseries/month/data/dmi.had.long.data,HadISST1.1; NOAA PSL Dipole Mode Index,degrees_C_anomaly,True,True
2015,5,2015-05-01,2015-05-31,0.24,dmi,https://psl.noaa.gov/data/timeseries/month/data/dmi.had.long.data,HadISST1.1; NOAA PSL Dipole Mode Index,degrees_C_anomaly,True,True
2015,6,2015-06-01,2015-06-30,0.296,dmi,https://psl.noaa.gov/data/timeseries/month/data/dmi.had.long.data,HadISST1.1; NOAA PSL Dipole Mode Index,degrees_C_anomaly,True,True
2015,7,2015-07-01,2015-07-31,0.225,dmi,https://psl.noaa.gov/data/timeseries/month/data/dmi.had.long.data,HadISST1.1; NOAA PSL Dipole Mode Index,degrees_C_anomaly,True,True
2015,8,2015-08-01,2015-08-31,0.568,dmi,https://psl.noaa.gov/data/timeseries/month/data/dmi.had.long.data,HadISST1.1; NOAA PSL Dipole Mode Index,degrees_C_anomaly,True,True
2015,9,2015-09-01,2015-09-30,0.294,dmi,https://psl.noaa.gov/data/timeseries/month/data/dmi.had.long.data,HadISST1.1; NOAA PSL Dipole Mode Index,degrees_C_anomaly,True,True
2015,10,2015-10-01,2015-10-31,0.482,dmi,https://psl.noaa.gov/data/timeseries/month/data/dmi.had.long.data,HadISST1.1; NOAA PSL Dipole Mode Index,degrees_C_anomaly,True,True
2015,11,2015-11-01,2015-11-30,0.347,dmi,https://psl.noaa.gov/data/timeseries/month/data/dmi.had.long.data,HadISST1.1; NOAA PSL Dipole Mode Index,degrees_C_anomaly,True,True
2015,12,2015-12-01,2015-12-31,0.272,dmi,https://psl.noaa.gov/data/timeseries/month/data/dmi.had.long.data,HadISST1.1; NOAA PSL Dipole Mode Index,degrees_C_anomaly,True,True
2016,1,2016-01-01,2016-01-31,0.265,dmi,https://psl.noaa.gov/data/timeseries/month/data/dmi.had.long.data,HadISST1.1; NOAA PSL Dipole Mode Index,degrees_C_anomaly,True,True
2016,2,2016-02-01,2016-02-29,-0.11,dmi,https://psl.noaa.gov/data/timeseries/month/data/dmi.had.long.data,HadISST1.1; NOAA PSL Dipole Mode Index,degrees_C_anomaly,True,True
2016,3,2016-03-01,2016-03-31,-0.008,dmi,https://psl.noaa.gov/data/timeseries/month/data/dmi.had.long.data,HadISST1.1; NOAA PSL Dipole Mode Index,degrees_C_anomaly,True,True
2016,4,2016-04-01,2016-04-30,0.146,dmi,https://psl.noaa.gov/data/timeseries/month/data/dmi.had.long.data,HadISST1.1; NOAA PSL Dipole Mode Index,degrees_C_anomaly,True,True
2016,5,2016-05-01,2016-05-31,-0.113,dmi,https://psl.noaa.gov/data/timeseries/month/data/dmi.had.long.data,HadISST1.1; NOAA PSL Dipole Mode Index,degrees_C_anomaly,True,True
2016,6,2016-06-01,2016-06-30,-0.443,dmi,https://psl.noaa.gov/data/timeseries/month/data/dmi.had.long.data,HadISST1.1; NOAA PSL Dipole Mode Index,degrees_C_anomaly,True,True
2016,7,2016-07-01,2016-07-31,-0.757,dmi,https://psl.noaa.gov/data/timeseries/month/data/dmi.had.long.data,HadISST1.1; NOAA PSL Dipole Mode Index,degrees_C_anomaly,True,True
2016,8,2016-08-01,2016-08-31,-0.443,dmi,https://psl.noaa.gov/data/timeseries/month/data/dmi.had.long.data,HadISST1.1; NOAA PSL Dipole Mode Index,degrees_C_anomaly,True,True
2016,9,2016-09-01,2016-09-30,-0.437,dmi,https://psl.noaa.gov/data/timeseries/month/data/dmi.had.long.data,HadISST1.1; NOAA PSL Dipole Mode Index,degrees_C_anomaly,True,True
2016,10,2016-10-01,2016-10-31,-0.371,dmi,https://psl.noaa.gov/data/timeseries/month/data/dmi.had.long.data,HadISST1.1; NOAA PSL Dipole Mode Index,degrees_C_anomaly,True,True
2016,11,2016-11-01,2016-11-30,-0.382,dmi,https://psl.noaa.gov/data/timeseries/month/data/dmi.had.long.data,HadISST1.1; NOAA PSL Dipole Mode Index,degrees_C_anomaly,True,True
2016,12,2016-12-01,2016-12-31,-0.31,dmi,https://psl.noaa.gov/data/timeseries/month/data/dmi.had.long.data,HadISST1.1; NOAA PSL Dipole Mode Index,degrees_C_anomaly,True,True
2017,1,2017-01-01,2017-01-31,-0.086,dmi,https://psl.noaa.gov/data/timeseries/month/data/dmi.had.long.data,HadISST1.1; NOAA PSL Dipole Mode Index,degrees_C_anomaly,True,True
2017,2,2017-02-01,2017-02-28,0.101,dmi,https://psl.noaa.gov/data/timeseries/month/data/dmi.had.long.data,HadISST1.1; NOAA PSL Dipole Mode Index,degrees_C_anomaly,True,True
2017,3,2017-03-01,2017-03-31,0.357,dmi,https://psl.noaa.gov/data/timeseries/month/data/dmi.had.long.data,HadISST1.1; NOAA PSL Dipole Mode Index,degrees_C_anomaly,True,True
2017,4,2017-04-01,2017-04-30,0.498,dmi,https://psl.noaa.gov/data/timeseries/month/data/dmi.had.long.data,HadISST1.1; NOAA PSL Dipole Mode Index,degrees_C_anomaly,True,True
2017,5,2017-05-01,2017-05-31,0.536,dmi,https://psl.noaa.gov/data/timeseries/month/data/dmi.had.long.data,HadISST1.1; NOAA PSL Dipole Mode Index,degrees_C_anomaly,True,True
2017,6,2017-06-01,2017-06-30,0.424,dmi,https://psl.noaa.gov/data/timeseries/month/data/dmi.had.long.data,HadISST1.1; NOAA PSL Dipole Mode Index,degrees_C_anomaly,True,True
2017,7,2017-07-01,2017-07-31,0.52,dmi,https://psl.noaa.gov/data/timeseries/month/data/dmi.had.long.data,HadISST1.1; NOAA PSL Dipole Mode Index,degrees_C_anomaly,True,True
2017,8,2017-08-01,2017-08-31,0.349,dmi,https://psl.noaa.gov/data/timeseries/month/data/dmi.had.long.data,HadISST1.1; NOAA PSL Dipole Mode Index,degrees_C_anomaly,True,True
2017,9,2017-09-01,2017-09-30,0.035,dmi,https://psl.noaa.gov/data/timeseries/month/data/dmi.had.long.data,HadISST1.1; NOAA PSL Dipole Mode Index,degrees_C_anomaly,True,True
2017,10,2017-10-01,2017-10-31,0.015,dmi,https://psl.noaa.gov/data/timeseries/month/data/dmi.had.long.data,HadISST1.1; NOAA PSL Dipole Mode Index,degrees_C_anomaly,True,True
2017,11,2017-11-01,2017-11-30,0.289,dmi,https://psl.noaa.gov/data/timeseries/month/data/dmi.had.long.data,HadISST1.1; NOAA PSL Dipole Mode Index,degrees_C_anomaly,True,True
2017,12,2017-12-01,2017-12-31,0.11,dmi,https://psl.noaa.gov/data/timeseries/month/data/dmi.had.long.data,HadISST1.1; NOAA PSL Dipole Mode Index,degrees_C_anomaly,True,True
2018,1,2018-01-01,2018-01-31,-0.2,dmi,https://psl.noaa.gov/data/timeseries/month/data/dmi.had.long.data,HadISST1.1; NOAA PSL Dipole Mode Index,degrees_C_anomaly,True,True
2018,2,2018-02-01,2018-02-28,0.216,dmi,https://psl.noaa.gov/data/timeseries/month/data/dmi.had.long.data,HadISST1.1; NOAA PSL Dipole Mode Index,degrees_C_anomaly,True,True
2018,3,2018-03-01,2018-03-31,-0.12,dmi,https://psl.noaa.gov/data/timeseries/month/data/dmi.had.long.data,HadISST1.1; NOAA PSL Dipole Mode Index,degrees_C_anomaly,True,True
2018,4,2018-04-01,2018-04-30,-0.083,dmi,https://psl.noaa.gov/data/timeseries/month/data/dmi.had.long.data,HadISST1.1; NOAA PSL Dipole Mode Index,degrees_C_anomaly,True,True
2018,5,2018-05-01,2018-05-31,0.122,dmi,https://psl.noaa.gov/data/timeseries/month/data/dmi.had.long.data,HadISST1.1; NOAA PSL Dipole Mode Index,degrees_C_anomaly,True,True
2018,6,2018-06-01,2018-06-30,0.155,dmi,https://psl.noaa.gov/data/timeseries/month/data/dmi.had.long.data,HadISST1.1; NOAA PSL Dipole Mode Index,degrees_C_anomaly,True,True
2018,7,2018-07-01,2018-07-31,0.053,dmi,https://psl.noaa.gov/data/timeseries/month/data/dmi.had.long.data,HadISST1.1; NOAA PSL Dipole Mode Index,degrees_C_anomaly,True,True
2018,8,2018-08-01,2018-08-31,0.121,dmi,https://psl.noaa.gov/data/timeseries/month/data/dmi.had.long.data,HadISST1.1; NOAA PSL Dipole Mode Index,degrees_C_anomaly,True,True
2018,9,2018-09-01,2018-09-30,0.604,dmi,https://psl.noaa.gov/data/timeseries/month/data/dmi.had.long.data,HadISST1.1; NOAA PSL Dipole Mode Index,degrees_C_anomaly,True,True
2018,10,2018-10-01,2018-10-31,0.684,dmi,https://psl.noaa.gov/data/timeseries/month/data/dmi.had.long.data,HadISST1.1; NOAA PSL Dipole Mode Index,degrees_C_anomaly,True,True
2018,11,2018-11-01,2018-11-30,0.5,dmi,https://psl.noaa.gov/data/timeseries/month/data/dmi.had.long.data,HadISST1.1; NOAA PSL Dipole Mode Index,degrees_C_anomaly,True,True
2018,12,2018-12-01,2018-12-31,0.309,dmi,https://psl.noaa.gov/data/timeseries/month/data/dmi.had.long.data,HadISST1.1; NOAA PSL Dipole Mode Index,degrees_C_anomaly,True,True
2019,1,2019-01-01,2019-01-31,0.387,dmi,https://psl.noaa.gov/data/timeseries/month/data/dmi.had.long.data,HadISST1.1; NOAA PSL Dipole Mode Index,degrees_C_anomaly,True,True
2019,2,2019-02-01,2019-02-28,0.416,dmi,https://psl.noaa.gov/data/timeseries/month/data/dmi.had.long.data,HadISST1.1; NOAA PSL Dipole Mode Index,degrees_C_anomaly,True,True
2019,3,2019-03-01,2019-03-31,0.225,dmi,https://psl.noaa.gov/data/timeseries/month/data/dmi.had.long.data,HadISST1.1; NOAA PSL Dipole Mode Index,degrees_C_anomaly,True,True
2019,4,2019-04-01,2019-04-30,0.258,dmi,https://psl.noaa.gov/data/timeseries/month/data/dmi.had.long.data,HadISST1.1; NOAA PSL Dipole Mode Index,degrees_C_anomaly,True,True
2019,5,2019-05-01,2019-05-31,0.54,dmi,https://psl.noaa.gov/data/timeseries/month/data/dmi.had.long.data,HadISST1.1; NOAA PSL Dipole Mode Index,degrees_C_anomaly,True,True
2019,6,2019-06-01,2019-06-30,0.605,dmi,https://psl.noaa.gov/data/timeseries/month/data/dmi.had.long.data,HadISST1.1; NOAA PSL Dipole Mode Index,degrees_C_anomaly,True,True
2019,7,2019-07-01,2019-07-31,0.597,dmi,https://psl.noaa.gov/data/timeseries/month/data/dmi.had.long.data,HadISST1.1; NOAA PSL Dipole Mode Index,degrees_C_anomaly,True,True
2019,8,2019-08-01,2019-08-31,0.436,dmi,https://psl.noaa.gov/data/timeseries/month/data/dmi.had.long.data,HadISST1.1; NOAA PSL Dipole Mode Index,degrees_C_anomaly,True,True
2019,9,2019-09-01,2019-09-30,0.892,dmi,https://psl.noaa.gov/data/timeseries/month/data/dmi.had.long.data,HadISST1.1; NOAA PSL Dipole Mode Index,degrees_C_anomaly,True,True
2019,10,2019-10-01,2019-10-31,0.964,dmi,https://psl.noaa.gov/data/timeseries/month/data/dmi.had.long.data,HadISST1.1; NOAA PSL Dipole Mode Index,degrees_C_anomaly,True,True
2019,11,2019-11-01,2019-11-30,0.835,dmi,https://psl.noaa.gov/data/timeseries/month/data/dmi.had.long.data,HadISST1.1; NOAA PSL Dipole Mode Index,degrees_C_anomaly,True,True
2019,12,2019-12-01,2019-12-31,0.243,dmi,https://psl.noaa.gov/data/timeseries/month/data/dmi.had.long.data,HadISST1.1; NOAA PSL Dipole Mode Index,degrees_C_anomaly,True,True
2020,1,2020-01-01,2020-01-31,0.173,dmi,https://psl.noaa.gov/data/timeseries/month/data/dmi.had.long.data,HadISST1.1; NOAA PSL Dipole Mode Index,degrees_C_anomaly,True,True
2020,2,2020-02-01,2020-02-29,0.054,dmi,https://psl.noaa.gov/data/timeseries/month/data/dmi.had.long.data,HadISST1.1; NOAA PSL Dipole Mode Index,degrees_C_anomaly,True,True
2020,3,2020-03-01,2020-03-31,0.019,dmi,https://psl.noaa.gov/data/timeseries/month/data/dmi.had.long.data,HadISST1.1; NOAA PSL Dipole Mode Index,degrees_C_anomaly,True,True
2020,4,2020-04-01,2020-04-30,-0.011,dmi,https://psl.noaa.gov/data/timeseries/month/data/dmi.had.long.data,HadISST1.1; NOAA PSL Dipole Mode Index,degrees_C_anomaly,True,True
2020,5,2020-05-01,2020-05-31,0.298,dmi,https://psl.noaa.gov/data/timeseries/month/data/dmi.had.long.data,HadISST1.1; NOAA PSL Dipole Mode Index,degrees_C_anomaly,True,True
2020,6,2020-06-01,2020-06-30,0.455,dmi,https://psl.noaa.gov/data/timeseries/month/data/dmi.had.long.data,HadISST1.1; NOAA PSL Dipole Mode Index,degrees_C_anomaly,True,True
2020,7,2020-07-01,2020-07-31,0.319,dmi,https://psl.noaa.gov/data/timeseries/month/data/dmi.had.long.data,HadISST1.1; NOAA PSL Dipole Mode Index,degrees_C_anomaly,True,True
2020,8,2020-08-01,2020-08-31,-0.183,dmi,https://psl.noaa.gov/data/timeseries/month/data/dmi.had.long.data,HadISST1.1; NOAA PSL Dipole Mode Index,degrees_C_anomaly,True,True
2020,9,2020-09-01,2020-09-30,-0.189,dmi,https://psl.noaa.gov/data/timeseries/month/data/dmi.had.long.data,HadISST1.1; NOAA PSL Dipole Mode Index,degrees_C_anomaly,True,True
2020,10,2020-10-01,2020-10-31,0.074,dmi,https://psl.noaa.gov/data/timeseries/month/data/dmi.had.long.data,HadISST1.1; NOAA PSL Dipole Mode Index,degrees_C_anomaly,True,True
2020,11,2020-11-01,2020-11-30,0.02,dmi,https://psl.noaa.gov/data/timeseries/month/data/dmi.had.long.data,HadISST1.1; NOAA PSL Dipole Mode Index,degrees_C_anomaly,True,True
2020,12,2020-12-01,2020-12-31,0.031,dmi,https://psl.noaa.gov/data/timeseries/month/data/dmi.had.long.data,HadISST1.1; NOAA PSL Dipole Mode Index,degrees_C_anomaly,True,True
2021,1,2021-01-01,2021-01-31,0.051,dmi,https://psl.noaa.gov/data/timeseries/month/data/dmi.had.long.data,HadISST1.1; NOAA PSL Dipole Mode Index,degrees_C_anomaly,True,True
2021,2,2021-02-01,2021-02-28,0.243,dmi,https://psl.noaa.gov/data/timeseries/month/data/dmi.had.long.data,HadISST1.1; NOAA PSL Dipole Mode Index,degrees_C_anomaly,True,True
2021,3,2021-03-01,2021-03-31,0.267,dmi,https://psl.noaa.gov/data/timeseries/month/data/dmi.had.long.data,HadISST1.1; NOAA PSL Dipole Mode Index,degrees_C_anomaly,True,True
2021,4,2021-04-01,2021-04-30,0.25,dmi,https://psl.noaa.gov/data/timeseries/month/data/dmi.had.long.data,HadISST1.1; NOAA PSL Dipole Mode Index,degrees_C_anomaly,True,True
2021,5,2021-05-01,2021-05-31,0.009,dmi,https://psl.noaa.gov/data/timeseries/month/data/dmi.had.long.data,HadISST1.1; NOAA PSL Dipole Mode Index,degrees_C_anomaly,True,True
2021,6,2021-06-01,2021-06-30,-0.002,dmi,https://psl.noaa.gov/data/timeseries/month/data/dmi.had.long.data,HadISST1.1; NOAA PSL Dipole Mode Index,degrees_C_anomaly,True,True
2021,7,2021-07-01,2021-07-31,-0.229,dmi,https://psl.noaa.gov/data/timeseries/month/data/dmi.had.long.data,HadISST1.1; NOAA PSL Dipole Mode Index,degrees_C_anomaly,True,True
2021,8,2021-08-01,2021-08-31,-0.099,dmi,https://psl.noaa.gov/data/timeseries/month/data/dmi.had.long.data,HadISST1.1; NOAA PSL Dipole Mode Index,degrees_C_anomaly,True,True
2021,9,2021-09-01,2021-09-30,-0.058,dmi,https://psl.noaa.gov/data/timeseries/month/data/dmi.had.long.data,HadISST1.1; NOAA PSL Dipole Mode Index,degrees_C_anomaly,True,True
2021,10,2021-10-01,2021-10-31,-0.091,dmi,https://psl.noaa.gov/data/timeseries/month/data/dmi.had.long.data,HadISST1.1; NOAA PSL Dipole Mode Index,degrees_C_anomaly,True,True
2021,11,2021-11-01,2021-11-30,0.069,dmi,https://psl.noaa.gov/data/timeseries/month/data/dmi.had.long.data,HadISST1.1; NOAA PSL Dipole Mode Index,degrees_C_anomaly,True,True
2021,12,2021-12-01,2021-12-31,-0.12,dmi,https://psl.noaa.gov/data/timeseries/month/data/dmi.had.long.data,HadISST1.1; NOAA PSL Dipole Mode Index,degrees_C_anomaly,True,True
2022,1,2022-01-01,2022-01-31,-0.056,dmi,https://psl.noaa.gov/data/timeseries/month/data/dmi.had.long.data,HadISST1.1; NOAA PSL Dipole Mode Index,degrees_C_anomaly,True,True
2022,2,2022-02-01,2022-02-28,-0.082,dmi,https://psl.noaa.gov/data/timeseries/month/data/dmi.had.long.data,HadISST1.1; NOAA PSL Dipole Mode Index,degrees_C_anomaly,True,True
2022,3,2022-03-01,2022-03-31,-0.093,dmi,https://psl.noaa.gov/data/timeseries/month/data/dmi.had.long.data,HadISST1.1; NOAA PSL Dipole Mode Index,degrees_C_anomaly,True,True
2022,4,2022-04-01,2022-04-30,-0.068,dmi,https://psl.noaa.gov/data/timeseries/month/data/dmi.had.long.data,HadISST1.1; NOAA PSL Dipole Mode Index,degrees_C_anomaly,True,True
2022,5,2022-05-01,2022-05-31,-0.122,dmi,https://psl.noaa.gov/data/timeseries/month/data/dmi.had.long.data,HadISST1.1; NOAA PSL Dipole Mode Index,degrees_C_anomaly,True,True
2022,6,2022-06-01,2022-06-30,-0.335,dmi,https://psl.noaa.gov/data/timeseries/month/data/dmi.had.long.data,HadISST1.1; NOAA PSL Dipole Mode Index,degrees_C_anomaly,True,True
2022,7,2022-07-01,2022-07-31,-0.195,dmi,https://psl.noaa.gov/data/timeseries/month/data/dmi.had.long.data,HadISST1.1; NOAA PSL Dipole Mode Index,degrees_C_anomaly,True,True
2022,8,2022-08-01,2022-08-31,-0.246,dmi,https://psl.noaa.gov/data/timeseries/month/data/dmi.had.long.data,HadISST1.1; NOAA PSL Dipole Mode Index,degrees_C_anomaly,True,True
2022,9,2022-09-01,2022-09-30,-0.322,dmi,https://psl.noaa.gov/data/timeseries/month/data/dmi.had.long.data,HadISST1.1; NOAA PSL Dipole Mode Index,degrees_C_anomaly,True,True
2022,10,2022-10-01,2022-10-31,-0.691,dmi,https://psl.noaa.gov/data/timeseries/month/data/dmi.had.long.data,HadISST1.1; NOAA PSL Dipole Mode Index,degrees_C_anomaly,True,True
2022,11,2022-11-01,2022-11-30,-0.269,dmi,https://psl.noaa.gov/data/timeseries/month/data/dmi.had.long.data,HadISST1.1; NOAA PSL Dipole Mode Index,degrees_C_anomaly,True,True
2022,12,2022-12-01,2022-12-31,-0.091,dmi,https://psl.noaa.gov/data/timeseries/month/data/dmi.had.long.data,HadISST1.1; NOAA PSL Dipole Mode Index,degrees_C_anomaly,True,True
2023,1,2023-01-01,2023-01-31,0.11,dmi,https://psl.noaa.gov/data/timeseries/month/data/dmi.had.long.data,HadISST1.1; NOAA PSL Dipole Mode Index,degrees_C_anomaly,True,True
2023,2,2023-02-01,2023-02-28,0.157,dmi,https://psl.noaa.gov/data/timeseries/month/data/dmi.had.long.data,HadISST1.1; NOAA PSL Dipole Mode Index,degrees_C_anomaly,True,True
2023,3,2023-03-01,2023-03-31,0.414,dmi,https://psl.noaa.gov/data/timeseries/month/data/dmi.had.long.data,HadISST1.1; NOAA PSL Dipole Mode Index,degrees_C_anomaly,True,True
2023,4,2023-04-01,2023-04-30,0.56,dmi,https://psl.noaa.gov/data/timeseries/month/data/dmi.had.long.data,HadISST1.1; NOAA PSL Dipole Mode Index,degrees_C_anomaly,True,True
2023,5,2023-05-01,2023-05-31,0.443,dmi,https://psl.noaa.gov/data/timeseries/month/data/dmi.had.long.data,HadISST1.1; NOAA PSL Dipole Mode Index,degrees_C_anomaly,True,True
2023,6,2023-06-01,2023-06-30,0.665,dmi,https://psl.noaa.gov/data/timeseries/month/data/dmi.had.long.data,HadISST1.1; NOAA PSL Dipole Mode Index,degrees_C_anomaly,True,True
2023,7,2023-07-01,2023-07-31,0.498,dmi,https://psl.noaa.gov/data/timeseries/month/data/dmi.had.long.data,HadISST1.1; NOAA PSL Dipole Mode Index,degrees_C_anomaly,True,True
2023,8,2023-08-01,2023-08-31,0.826,dmi,https://psl.noaa.gov/data/timeseries/month/data/dmi.had.long.data,HadISST1.1; NOAA PSL Dipole Mode Index,degrees_C_anomaly,True,True
2023,9,2023-09-01,2023-09-30,0.946,dmi,https://psl.noaa.gov/data/timeseries/month/data/dmi.had.long.data,HadISST1.1; NOAA PSL Dipole Mode Index,degrees_C_anomaly,True,True
2023,10,2023-10-01,2023-10-31,0.804,dmi,https://psl.noaa.gov/data/timeseries/month/data/dmi.had.long.data,HadISST1.1; NOAA PSL Dipole Mode Index,degrees_C_anomaly,True,True
2023,11,2023-11-01,2023-11-30,0.92,dmi,https://psl.noaa.gov/data/timeseries/month/data/dmi.had.long.data,HadISST1.1; NOAA PSL Dipole Mode Index,degrees_C_anomaly,True,True
2023,12,2023-12-01,2023-12-31,0.852,dmi,https://psl.noaa.gov/data/timeseries/month/data/dmi.had.long.data,HadISST1.1; NOAA PSL Dipole Mode Index,degrees_C_anomaly,True,True
2024,1,2024-01-01,2024-01-31,0.765,dmi,https://psl.noaa.gov/data/timeseries/month/data/dmi.had.long.data,HadISST1.1; NOAA PSL Dipole Mode Index,degrees_C_anomaly,True,True
2024,2,2024-02-01,2024-02-29,0.327,dmi,https://psl.noaa.gov/data/timeseries/month/data/dmi.had.long.data,HadISST1.1; NOAA PSL Dipole Mode Index,degrees_C_anomaly,True,True
2024,3,2024-03-01,2024-03-31,0.421,dmi,https://psl.noaa.gov/data/timeseries/month/data/dmi.had.long.data,HadISST1.1; NOAA PSL Dipole Mode Index,degrees_C_anomaly,True,True
2024,4,2024-04-01,2024-04-30,0.44,dmi,https://psl.noaa.gov/data/timeseries/month/data/dmi.had.long.data,HadISST1.1; NOAA PSL Dipole Mode Index,degrees_C_anomaly,True,True
2024,5,2024-05-01,2024-05-31,0.298,dmi,https://psl.noaa.gov/data/timeseries/month/data/dmi.had.long.data,HadISST1.1; NOAA PSL Dipole Mode Index,degrees_C_anomaly,True,True
2024,6,2024-06-01,2024-06-30,0.197,dmi,https://psl.noaa.gov/data/timeseries/month/data/dmi.had.long.data,HadISST1.1; NOAA PSL Dipole Mode Index,degrees_C_anomaly,True,True
2024,7,2024-07-01,2024-07-31,0.033,dmi,https://psl.noaa.gov/data/timeseries/month/data/dmi.had.long.data,HadISST1.1; NOAA PSL Dipole Mode Index,degrees_C_anomaly,True,True
2024,8,2024-08-01,2024-08-31,0.267,dmi,https://psl.noaa.gov/data/timeseries/month/data/dmi.had.long.data,HadISST1.1; NOAA PSL Dipole Mode Index,degrees_C_anomaly,True,True
2024,9,2024-09-01,2024-09-30,0.115,dmi,https://psl.noaa.gov/data/timeseries/month/data/dmi.had.long.data,HadISST1.1; NOAA PSL Dipole Mode Index,degrees_C_anomaly,True,True
2024,10,2024-10-01,2024-10-31,-0.196,dmi,https://psl.noaa.gov/data/timeseries/month/data/dmi.had.long.data,HadISST1.1; NOAA PSL Dipole Mode Index,degrees_C_anomaly,True,True
2024,11,2024-11-01,2024-11-30,-0.382,dmi,https://psl.noaa.gov/data/timeseries/month/data/dmi.had.long.data,HadISST1.1; NOAA PSL Dipole Mode Index,degrees_C_anomaly,True,True
2024,12,2024-12-01,2024-12-31,-0.331,dmi,https://psl.noaa.gov/data/timeseries/month/data/dmi.had.long.data,HadISST1.1; NOAA PSL Dipole Mode Index,degrees_C_anomaly,True,True
2025,1,2025-01-01,2025-01-31,-0.196,dmi,https://psl.noaa.gov/data/timeseries/month/data/dmi.had.long.data,HadISST1.1; NOAA PSL Dipole Mode Index,degrees_C_anomaly,True,True
2025,2,2025-02-01,2025-02-28,0.017,dmi,https://psl.noaa.gov/data/timeseries/month/data/dmi.had.long.data,HadISST1.1; NOAA PSL Dipole Mode Index,degrees_C_anomaly,True,True
2025,3,2025-03-01,2025-03-31,0.058,dmi,https://psl.noaa.gov/data/timeseries/month/data/dmi.had.long.data,HadISST1.1; NOAA PSL Dipole Mode Index,degrees_C_anomaly,True,True
2025,4,2025-04-01,2025-04-30,0.149,dmi,https://psl.noaa.gov/data/timeseries/month/data/dmi.had.long.data,HadISST1.1; NOAA PSL Dipole Mode Index,degrees_C_anomaly,True,True
2025,5,2025-05-01,2025-05-31,0.107,dmi,https://psl.noaa.gov/data/timeseries/month/data/dmi.had.long.data,HadISST1.1; NOAA PSL Dipole Mode Index,degrees_C_anomaly,True,True
2025,6,2025-06-01,2025-06-30,-0.014,dmi,https://psl.noaa.gov/data/timeseries/month/data/dmi.had.long.data,HadISST1.1; NOAA PSL Dipole Mode Index,degrees_C_anomaly,True,True
2025,7,2025-07-01,2025-07-31,-0.072,dmi,https://psl.noaa.gov/data/timeseries/month/data/dmi.had.long.data,HadISST1.1; NOAA PSL Dipole Mode Index,degrees_C_anomaly,True,True
2025,8,2025-08-01,2025-08-31,-0.42,dmi,https://psl.noaa.gov/data/timeseries/month/data/dmi.had.long.data,HadISST1.1; NOAA PSL Dipole Mode Index,degrees_C_anomaly,True,True
2025,9,2025-09-01,2025-09-30,-0.467,dmi,https://psl.noaa.gov/data/timeseries/month/data/dmi.had.long.data,HadISST1.1; NOAA PSL Dipole Mode Index,degrees_C_anomaly,True,True
2025,10,2025-10-01,2025-10-31,-0.448,dmi,https://psl.noaa.gov/data/timeseries/month/data/dmi.had.long.data,HadISST1.1; NOAA PSL Dipole Mode Index,degrees_C_anomaly,True,True
2025,11,2025-11-01,2025-11-30,-0.256,dmi,https://psl.noaa.gov/data/timeseries/month/data/dmi.had.long.data,HadISST1.1; NOAA PSL Dipole Mode Index,degrees_C_anomaly,True,True
2025,12,2025-12-01,2025-12-31,-0.017,dmi,https://psl.noaa.gov/data/timeseries/month/data/dmi.had.long.data,HadISST1.1; NOAA PSL Dipole Mode Index,degrees_C_anomaly,True,True
2026,1,2026-01-01,2026-01-31,0.123,dmi,https://psl.noaa.gov/data/timeseries/month/data/dmi.had.long.data,HadISST1.1; NOAA PSL Dipole Mode Index,degrees_C_anomaly,True,True
2026,2,2026-02-01,2026-02-28,0.529,dmi,https://psl.noaa.gov/data/timeseries/month/data/dmi.had.long.data,HadISST1.1; NOAA PSL Dipole Mode Index,degrees_C_anomaly,True,True
2026,3,2026-03-01,2026-03-31,0.285,dmi,https://psl.noaa.gov/data/timeseries/month/data/dmi.had.long.data,HadISST1.1; NOAA PSL Dipole Mode Index,degrees_C_anomaly,True,True
2026,4,2026-04-01,2026-04-30,0.279,dmi,https://psl.noaa.gov/data/timeseries/month/data/dmi.had.long.data,HadISST1.1; NOAA PSL Dipole Mode Index,degrees_C_anomaly,True,True
2026,5,2026-05-01,2026-05-31,0.146,dmi,https://psl.noaa.gov/data/timeseries/month/data/dmi.had.long.data,HadISST1.1; NOAA PSL Dipole Mode Index,degrees_C_anomaly,True,True
2026,6,2026-06-01,2026-06-30,,dmi,https://psl.noaa.gov/data/timeseries/month/data/dmi.had.long.data,HadISST1.1; NOAA PSL Dipole Mode Index,degrees_C_anomaly,True,False
2026,7,2026-07-01,2026-07-31,,dmi,https://psl.noaa.gov/data/timeseries/month/data/dmi.had.long.data,HadISST1.1; NOAA PSL Dipole Mode Index,degrees_C_anomaly,True,False
2026,8,2026-08-01,2026-08-31,,dmi,https://psl.noaa.gov/data/timeseries/month/data/dmi.had.long.data,HadISST1.1; NOAA PSL Dipole Mode Index,degrees_C_anomaly,True,False
2026,9,2026-09-01,2026-09-30,,dmi,https://psl.noaa.gov/data/timeseries/month/data/dmi.had.long.data,HadISST1.1; NOAA PSL Dipole Mode Index,degrees_C_anomaly,False,False
2026,10,2026-10-01,2026-10-31,,dmi,https://psl.noaa.gov/data/timeseries/month/data/dmi.had.long.data,HadISST1.1; NOAA PSL Dipole Mode Index,degrees_C_anomaly,False,False
2026,11,2026-11-01,2026-11-30,,dmi,https://psl.noaa.gov/data/timeseries/month/data/dmi.had.long.data,HadISST1.1; NOAA PSL Dipole Mode Index,degrees_C_anomaly,False,False
2026,12,2026-12-01,2026-12-31,,dmi,https://psl.noaa.gov/data/timeseries/month/data/dmi.had.long.data,HadISST1.1; NOAA PSL Dipole Mode Index,degrees_C_anomaly,False,False
1949,12,1949-12-01,1949-12-31,-1.03,rni,https://www.cpc.ncep.noaa.gov/data/indices/Rnino34.ascii.txt,Relative ERSSTv6; 1991-2020 baseline,degrees_C_anomaly,True,True
1950,1,1950-01-01,1950-01-31,-1.34,rni,https://www.cpc.ncep.noaa.gov/data/indices/Rnino34.ascii.txt,Relative ERSSTv6; 1991-2020 baseline,degrees_C_anomaly,True,True
1950,2,1950-02-01,1950-02-28,-1.19,rni,https://www.cpc.ncep.noaa.gov/data/indices/Rnino34.ascii.txt,Relative ERSSTv6; 1991-2020 baseline,degrees_C_anomaly,True,True
1950,3,1950-03-01,1950-03-31,-0.7,rni,https://www.cpc.ncep.noaa.gov/data/indices/Rnino34.ascii.txt,Relative ERSSTv6; 1991-2020 baseline,degrees_C_anomaly,True,True
1950,4,1950-04-01,1950-04-30,-0.99,rni,https://www.cpc.ncep.noaa.gov/data/indices/Rnino34.ascii.txt,Relative ERSSTv6; 1991-2020 baseline,degrees_C_anomaly,True,True
1950,5,1950-05-01,1950-05-31,-1.32,rni,https://www.cpc.ncep.noaa.gov/data/indices/Rnino34.ascii.txt,Relative ERSSTv6; 1991-2020 baseline,degrees_C_anomaly,True,True
1950,6,1950-06-01,1950-06-30,-0.66,rni,https://www.cpc.ncep.noaa.gov/data/indices/Rnino34.ascii.txt,Relative ERSSTv6; 1991-2020 baseline,degrees_C_anomaly,True,True
1950,7,1950-07-01,1950-07-31,-0.27,rni,https://www.cpc.ncep.noaa.gov/data/indices/Rnino34.ascii.txt,Relative ERSSTv6; 1991-2020 baseline,degrees_C_anomaly,True,True
1950,8,1950-08-01,1950-08-31,-0.23,rni,https://www.cpc.ncep.noaa.gov/data/indices/Rnino34.ascii.txt,Relative ERSSTv6; 1991-2020 baseline,degrees_C_anomaly,True,True
1950,9,1950-09-01,1950-09-30,-0.48,rni,https://www.cpc.ncep.noaa.gov/data/indices/Rnino34.ascii.txt,Relative ERSSTv6; 1991-2020 baseline,degrees_C_anomaly,True,True
1950,10,1950-10-01,1950-10-31,-0.16,rni,https://www.cpc.ncep.noaa.gov/data/indices/Rnino34.ascii.txt,Relative ERSSTv6; 1991-2020 baseline,degrees_C_anomaly,True,True
1950,11,1950-11-01,1950-11-30,-0.51,rni,https://www.cpc.ncep.noaa.gov/data/indices/Rnino34.ascii.txt,Relative ERSSTv6; 1991-2020 baseline,degrees_C_anomaly,True,True
1950,12,1950-12-01,1950-12-31,-0.42,rni,https://www.cpc.ncep.noaa.gov/data/indices/Rnino34.ascii.txt,Relative ERSSTv6; 1991-2020 baseline,degrees_C_anomaly,True,True
1951,1,1951-01-01,1951-01-31,-0.58,rni,https://www.cpc.ncep.noaa.gov/data/indices/Rnino34.ascii.txt,Relative ERSSTv6; 1991-2020 baseline,degrees_C_anomaly,True,True
1951,2,1951-02-01,1951-02-28,0.17,rni,https://www.cpc.ncep.noaa.gov/data/indices/Rnino34.ascii.txt,Relative ERSSTv6; 1991-2020 baseline,degrees_C_anomaly,True,True
1951,3,1951-03-01,1951-03-31,0.67,rni,https://www.cpc.ncep.noaa.gov/data/indices/Rnino34.ascii.txt,Relative ERSSTv6; 1991-2020 baseline,degrees_C_anomaly,True,True
1951,4,1951-04-01,1951-04-30,0.6,rni,https://www.cpc.ncep.noaa.gov/data/indices/Rnino34.ascii.txt,Relative ERSSTv6; 1991-2020 baseline,degrees_C_anomaly,True,True
1951,5,1951-05-01,1951-05-31,0.61,rni,https://www.cpc.ncep.noaa.gov/data/indices/Rnino34.ascii.txt,Relative ERSSTv6; 1991-2020 baseline,degrees_C_anomaly,True,True
1951,6,1951-06-01,1951-06-30,0.55,rni,https://www.cpc.ncep.noaa.gov/data/indices/Rnino34.ascii.txt,Relative ERSSTv6; 1991-2020 baseline,degrees_C_anomaly,True,True
1951,7,1951-07-01,1951-07-31,0.9,rni,https://www.cpc.ncep.noaa.gov/data/indices/Rnino34.ascii.txt,Relative ERSSTv6; 1991-2020 baseline,degrees_C_anomaly,True,True
1951,8,1951-08-01,1951-08-31,0.93,rni,https://www.cpc.ncep.noaa.gov/data/indices/Rnino34.ascii.txt,Relative ERSSTv6; 1991-2020 baseline,degrees_C_anomaly,True,True
1951,9,1951-09-01,1951-09-30,1.07,rni,https://www.cpc.ncep.noaa.gov/data/indices/Rnino34.ascii.txt,Relative ERSSTv6; 1991-2020 baseline,degrees_C_anomaly,True,True
1951,10,1951-10-01,1951-10-31,1.14,rni,https://www.cpc.ncep.noaa.gov/data/indices/Rnino34.ascii.txt,Relative ERSSTv6; 1991-2020 baseline,degrees_C_anomaly,True,True
1951,11,1951-11-01,1951-11-30,0.74,rni,https://www.cpc.ncep.noaa.gov/data/indices/Rnino34.ascii.txt,Relative ERSSTv6; 1991-2020 baseline,degrees_C_anomaly,True,True
1951,12,1951-12-01,1951-12-31,0.93,rni,https://www.cpc.ncep.noaa.gov/data/indices/Rnino34.ascii.txt,Relative ERSSTv6; 1991-2020 baseline,degrees_C_anomaly,True,True
1952,1,1952-01-01,1952-01-31,0.47,rni,https://www.cpc.ncep.noaa.gov/data/indices/Rnino34.ascii.txt,Relative ERSSTv6; 1991-2020 baseline,degrees_C_anomaly,True,True
1952,2,1952-02-01,1952-02-29,0.54,rni,https://www.cpc.ncep.noaa.gov/data/indices/Rnino34.ascii.txt,Relative ERSSTv6; 1991-2020 baseline,degrees_C_anomaly,True,True
1952,3,1952-03-01,1952-03-31,-0.01,rni,https://www.cpc.ncep.noaa.gov/data/indices/Rnino34.ascii.txt,Relative ERSSTv6; 1991-2020 baseline,degrees_C_anomaly,True,True
1952,4,1952-04-01,1952-04-30,0.85,rni,https://www.cpc.ncep.noaa.gov/data/indices/Rnino34.ascii.txt,Relative ERSSTv6; 1991-2020 baseline,degrees_C_anomaly,True,True
1952,5,1952-05-01,1952-05-31,-0.13,rni,https://www.cpc.ncep.noaa.gov/data/indices/Rnino34.ascii.txt,Relative ERSSTv6; 1991-2020 baseline,degrees_C_anomaly,True,True
1952,6,1952-06-01,1952-06-30,-0.8,rni,https://www.cpc.ncep.noaa.gov/data/indices/Rnino34.ascii.txt,Relative ERSSTv6; 1991-2020 baseline,degrees_C_anomaly,True,True
1952,7,1952-07-01,1952-07-31,-0.42,rni,https://www.cpc.ncep.noaa.gov/data/indices/Rnino34.ascii.txt,Relative ERSSTv6; 1991-2020 baseline,degrees_C_anomaly,True,True
1952,8,1952-08-01,1952-08-31,-0.01,rni,https://www.cpc.ncep.noaa.gov/data/indices/Rnino34.ascii.txt,Relative ERSSTv6; 1991-2020 baseline,degrees_C_anomaly,True,True
1952,9,1952-09-01,1952-09-30,0.01,rni,https://www.cpc.ncep.noaa.gov/data/indices/Rnino34.ascii.txt,Relative ERSSTv6; 1991-2020 baseline,degrees_C_anomaly,True,True
1952,10,1952-10-01,1952-10-31,0.25,rni,https://www.cpc.ncep.noaa.gov/data/indices/Rnino34.ascii.txt,Relative ERSSTv6; 1991-2020 baseline,degrees_C_anomaly,True,True
1952,11,1952-11-01,1952-11-30,-0.15,rni,https://www.cpc.ncep.noaa.gov/data/indices/Rnino34.ascii.txt,Relative ERSSTv6; 1991-2020 baseline,degrees_C_anomaly,True,True
1952,12,1952-12-01,1952-12-31,-0.4,rni,https://www.cpc.ncep.noaa.gov/data/indices/Rnino34.ascii.txt,Relative ERSSTv6; 1991-2020 baseline,degrees_C_anomaly,True,True
1953,1,1953-01-01,1953-01-31,0.86,rni,https://www.cpc.ncep.noaa.gov/data/indices/Rnino34.ascii.txt,Relative ERSSTv6; 1991-2020 baseline,degrees_C_anomaly,True,True
1953,2,1953-02-01,1953-02-28,0.75,rni,https://www.cpc.ncep.noaa.gov/data/indices/Rnino34.ascii.txt,Relative ERSSTv6; 1991-2020 baseline,degrees_C_anomaly,True,True
1953,3,1953-03-01,1953-03-31,0.4,rni,https://www.cpc.ncep.noaa.gov/data/indices/Rnino34.ascii.txt,Relative ERSSTv6; 1991-2020 baseline,degrees_C_anomaly,True,True
1953,4,1953-04-01,1953-04-30,0.88,rni,https://www.cpc.ncep.noaa.gov/data/indices/Rnino34.ascii.txt,Relative ERSSTv6; 1991-2020 baseline,degrees_C_anomaly,True,True
1953,5,1953-05-01,1953-05-31,0.88,rni,https://www.cpc.ncep.noaa.gov/data/indices/Rnino34.ascii.txt,Relative ERSSTv6; 1991-2020 baseline,degrees_C_anomaly,True,True
1953,6,1953-06-01,1953-06-30,1.05,rni,https://www.cpc.ncep.noaa.gov/data/indices/Rnino34.ascii.txt,Relative ERSSTv6; 1991-2020 baseline,degrees_C_anomaly,True,True
1953,7,1953-07-01,1953-07-31,0.59,rni,https://www.cpc.ncep.noaa.gov/data/indices/Rnino34.ascii.txt,Relative ERSSTv6; 1991-2020 baseline,degrees_C_anomaly,True,True
1953,8,1953-08-01,1953-08-31,0.41,rni,https://www.cpc.ncep.noaa.gov/data/indices/Rnino34.ascii.txt,Relative ERSSTv6; 1991-2020 baseline,degrees_C_anomaly,True,True
1953,9,1953-09-01,1953-09-30,1.19,rni,https://www.cpc.ncep.noaa.gov/data/indices/Rnino34.ascii.txt,Relative ERSSTv6; 1991-2020 baseline,degrees_C_anomaly,True,True
1953,10,1953-10-01,1953-10-31,0.36,rni,https://www.cpc.ncep.noaa.gov/data/indices/Rnino34.ascii.txt,Relative ERSSTv6; 1991-2020 baseline,degrees_C_anomaly,True,True
1953,11,1953-11-01,1953-11-30,0.95,rni,https://www.cpc.ncep.noaa.gov/data/indices/Rnino34.ascii.txt,Relative ERSSTv6; 1991-2020 baseline,degrees_C_anomaly,True,True
1953,12,1953-12-01,1953-12-31,0.41,rni,https://www.cpc.ncep.noaa.gov/data/indices/Rnino34.ascii.txt,Relative ERSSTv6; 1991-2020 baseline,degrees_C_anomaly,True,True
1954,1,1954-01-01,1954-01-31,0.63,rni,https://www.cpc.ncep.noaa.gov/data/indices/Rnino34.ascii.txt,Relative ERSSTv6; 1991-2020 baseline,degrees_C_anomaly,True,True
1954,2,1954-02-01,1954-02-28,0.87,rni,https://www.cpc.ncep.noaa.gov/data/indices/Rnino34.ascii.txt,Relative ERSSTv6; 1991-2020 baseline,degrees_C_anomaly,True,True
1954,3,1954-03-01,1954-03-31,0.39,rni,https://www.cpc.ncep.noaa.gov/data/indices/Rnino34.ascii.txt,Relative ERSSTv6; 1991-2020 baseline,degrees_C_anomaly,True,True
1954,4,1954-04-01,1954-04-30,-0.32,rni,https://www.cpc.ncep.noaa.gov/data/indices/Rnino34.ascii.txt,Relative ERSSTv6; 1991-2020 baseline,degrees_C_anomaly,True,True
1954,5,1954-05-01,1954-05-31,-0.13,rni,https://www.cpc.ncep.noaa.gov/data/indices/Rnino34.ascii.txt,Relative ERSSTv6; 1991-2020 baseline,degrees_C_anomaly,True,True
1954,6,1954-06-01,1954-06-30,-0.27,rni,https://www.cpc.ncep.noaa.gov/data/indices/Rnino34.ascii.txt,Relative ERSSTv6; 1991-2020 baseline,degrees_C_anomaly,True,True
1954,7,1954-07-01,1954-07-31,-0.24,rni,https://www.cpc.ncep.noaa.gov/data/indices/Rnino34.ascii.txt,Relative ERSSTv6; 1991-2020 baseline,degrees_C_anomaly,True,True
1954,8,1954-08-01,1954-08-31,-0.85,rni,https://www.cpc.ncep.noaa.gov/data/indices/Rnino34.ascii.txt,Relative ERSSTv6; 1991-2020 baseline,degrees_C_anomaly,True,True
1954,9,1954-09-01,1954-09-30,-0.78,rni,https://www.cpc.ncep.noaa.gov/data/indices/Rnino34.ascii.txt,Relative ERSSTv6; 1991-2020 baseline,degrees_C_anomaly,True,True
1954,10,1954-10-01,1954-10-31,0.01,rni,https://www.cpc.ncep.noaa.gov/data/indices/Rnino34.ascii.txt,Relative ERSSTv6; 1991-2020 baseline,degrees_C_anomaly,True,True
1954,11,1954-11-01,1954-11-30,-0.15,rni,https://www.cpc.ncep.noaa.gov/data/indices/Rnino34.ascii.txt,Relative ERSSTv6; 1991-2020 baseline,degrees_C_anomaly,True,True
1954,12,1954-12-01,1954-12-31,-0.15,rni,https://www.cpc.ncep.noaa.gov/data/indices/Rnino34.ascii.txt,Relative ERSSTv6; 1991-2020 baseline,degrees_C_anomaly,True,True
1955,1,1955-01-01,1955-01-31,-0.25,rni,https://www.cpc.ncep.noaa.gov/data/indices/Rnino34.ascii.txt,Relative ERSSTv6; 1991-2020 baseline,degrees_C_anomaly,True,True
1955,2,1955-02-01,1955-02-28,0.05,rni,https://www.cpc.ncep.noaa.gov/data/indices/Rnino34.ascii.txt,Relative ERSSTv6; 1991-2020 baseline,degrees_C_anomaly,True,True
1955,3,1955-03-01,1955-03-31,-0.21,rni,https://www.cpc.ncep.noaa.gov/data/indices/Rnino34.ascii.txt,Relative ERSSTv6; 1991-2020 baseline,degrees_C_anomaly,True,True
1955,4,1955-04-01,1955-04-30,-0.23,rni,https://www.cpc.ncep.noaa.gov/data/indices/Rnino34.ascii.txt,Relative ERSSTv6; 1991-2020 baseline,degrees_C_anomaly,True,True
1955,5,1955-05-01,1955-05-31,-0.68,rni,https://www.cpc.ncep.noaa.gov/data/indices/Rnino34.ascii.txt,Relative ERSSTv6; 1991-2020 baseline,degrees_C_anomaly,True,True
1955,6,1955-06-01,1955-06-30,-0.16,rni,https://www.cpc.ncep.noaa.gov/data/indices/Rnino34.ascii.txt,Relative ERSSTv6; 1991-2020 baseline,degrees_C_anomaly,True,True
1955,7,1955-07-01,1955-07-31,-0.72,rni,https://www.cpc.ncep.noaa.gov/data/indices/Rnino34.ascii.txt,Relative ERSSTv6; 1991-2020 baseline,degrees_C_anomaly,True,True
1955,8,1955-08-01,1955-08-31,-0.33,rni,https://www.cpc.ncep.noaa.gov/data/indices/Rnino34.ascii.txt,Relative ERSSTv6; 1991-2020 baseline,degrees_C_anomaly,True,True
1955,9,1955-09-01,1955-09-30,-1.04,rni,https://www.cpc.ncep.noaa.gov/data/indices/Rnino34.ascii.txt,Relative ERSSTv6; 1991-2020 baseline,degrees_C_anomaly,True,True
1955,10,1955-10-01,1955-10-31,-1.33,rni,https://www.cpc.ncep.noaa.gov/data/indices/Rnino34.ascii.txt,Relative ERSSTv6; 1991-2020 baseline,degrees_C_anomaly,True,True
1955,11,1955-11-01,1955-11-30,-1.56,rni,https://www.cpc.ncep.noaa.gov/data/indices/Rnino34.ascii.txt,Relative ERSSTv6; 1991-2020 baseline,degrees_C_anomaly,True,True
1955,12,1955-12-01,1955-12-31,-1.31,rni,https://www.cpc.ncep.noaa.gov/data/indices/Rnino34.ascii.txt,Relative ERSSTv6; 1991-2020 baseline,degrees_C_anomaly,True,True
1956,1,1956-01-01,1956-01-31,-1.05,rni,https://www.cpc.ncep.noaa.gov/data/indices/Rnino34.ascii.txt,Relative ERSSTv6; 1991-2020 baseline,degrees_C_anomaly,True,True
1956,2,1956-02-01,1956-02-29,-0.08,rni,https://www.cpc.ncep.noaa.gov/data/indices/Rnino34.ascii.txt,Relative ERSSTv6; 1991-2020 baseline,degrees_C_anomaly,True,True
1956,3,1956-03-01,1956-03-31,-0.08,rni,https://www.cpc.ncep.noaa.gov/data/indices/Rnino34.ascii.txt,Relative ERSSTv6; 1991-2020 baseline,degrees_C_anomaly,True,True
1956,4,1956-04-01,1956-04-30,-0.2,rni,https://www.cpc.ncep.noaa.gov/data/indices/Rnino34.ascii.txt,Relative ERSSTv6; 1991-2020 baseline,degrees_C_anomaly,True,True
1956,5,1956-05-01,1956-05-31,0.01,rni,https://www.cpc.ncep.noaa.gov/data/indices/Rnino34.ascii.txt,Relative ERSSTv6; 1991-2020 baseline,degrees_C_anomaly,True,True
1956,6,1956-06-01,1956-06-30,0.1,rni,https://www.cpc.ncep.noaa.gov/data/indices/Rnino34.ascii.txt,Relative ERSSTv6; 1991-2020 baseline,degrees_C_anomaly,True,True
1956,7,1956-07-01,1956-07-31,-0.15,rni,https://www.cpc.ncep.noaa.gov/data/indices/Rnino34.ascii.txt,Relative ERSSTv6; 1991-2020 baseline,degrees_C_anomaly,True,True
1956,8,1956-08-01,1956-08-31,-0.39,rni,https://www.cpc.ncep.noaa.gov/data/indices/Rnino34.ascii.txt,Relative ERSSTv6; 1991-2020 baseline,degrees_C_anomaly,True,True
1956,9,1956-09-01,1956-09-30,0.01,rni,https://www.cpc.ncep.noaa.gov/data/indices/Rnino34.ascii.txt,Relative ERSSTv6; 1991-2020 baseline,degrees_C_anomaly,True,True
1956,10,1956-10-01,1956-10-31,0.01,rni,https://www.cpc.ncep.noaa.gov/data/indices/Rnino34.ascii.txt,Relative ERSSTv6; 1991-2020 baseline,degrees_C_anomaly,True,True
1956,11,1956-11-01,1956-11-30,-0.43,rni,https://www.cpc.ncep.noaa.gov/data/indices/Rnino34.ascii.txt,Relative ERSSTv6; 1991-2020 baseline,degrees_C_anomaly,True,True
1956,12,1956-12-01,1956-12-31,-0.01,rni,https://www.cpc.ncep.noaa.gov/data/indices/Rnino34.ascii.txt,Relative ERSSTv6; 1991-2020 baseline,degrees_C_anomaly,True,True
1957,1,1957-01-01,1957-01-31,-0.07,rni,https://www.cpc.ncep.noaa.gov/data/indices/Rnino34.ascii.txt,Relative ERSSTv6; 1991-2020 baseline,degrees_C_anomaly,True,True
1957,2,1957-02-01,1957-02-28,0.07,rni,https://www.cpc.ncep.noaa.gov/data/indices/Rnino34.ascii.txt,Relative ERSSTv6; 1991-2020 baseline,degrees_C_anomaly,True,True
1957,3,1957-03-01,1957-03-31,0.66,rni,https://www.cpc.ncep.noaa.gov/data/indices/Rnino34.ascii.txt,Relative ERSSTv6; 1991-2020 baseline,degrees_C_anomaly,True,True
1957,4,1957-04-01,1957-04-30,0.87,rni,https://www.cpc.ncep.noaa.gov/data/indices/Rnino34.ascii.txt,Relative ERSSTv6; 1991-2020 baseline,degrees_C_anomaly,True,True
1957,5,1957-05-01,1957-05-31,0.98,rni,https://www.cpc.ncep.noaa.gov/data/indices/Rnino34.ascii.txt,Relative ERSSTv6; 1991-2020 baseline,degrees_C_anomaly,True,True
1957,6,1957-06-01,1957-06-30,0.78,rni,https://www.cpc.ncep.noaa.gov/data/indices/Rnino34.ascii.txt,Relative ERSSTv6; 1991-2020 baseline,degrees_C_anomaly,True,True
1957,7,1957-07-01,1957-07-31,0.94,rni,https://www.cpc.ncep.noaa.gov/data/indices/Rnino34.ascii.txt,Relative ERSSTv6; 1991-2020 baseline,degrees_C_anomaly,True,True
1957,8,1957-08-01,1957-08-31,1.36,rni,https://www.cpc.ncep.noaa.gov/data/indices/Rnino34.ascii.txt,Relative ERSSTv6; 1991-2020 baseline,degrees_C_anomaly,True,True
1957,9,1957-09-01,1957-09-30,0.85,rni,https://www.cpc.ncep.noaa.gov/data/indices/Rnino34.ascii.txt,Relative ERSSTv6; 1991-2020 baseline,degrees_C_anomaly,True,True
1957,10,1957-10-01,1957-10-31,1.21,rni,https://www.cpc.ncep.noaa.gov/data/indices/Rnino34.ascii.txt,Relative ERSSTv6; 1991-2020 baseline,degrees_C_anomaly,True,True
1957,11,1957-11-01,1957-11-30,1.43,rni,https://www.cpc.ncep.noaa.gov/data/indices/Rnino34.ascii.txt,Relative ERSSTv6; 1991-2020 baseline,degrees_C_anomaly,True,True
1957,12,1957-12-01,1957-12-31,1.71,rni,https://www.cpc.ncep.noaa.gov/data/indices/Rnino34.ascii.txt,Relative ERSSTv6; 1991-2020 baseline,degrees_C_anomaly,True,True
1958,1,1958-01-01,1958-01-31,2.1,rni,https://www.cpc.ncep.noaa.gov/data/indices/Rnino34.ascii.txt,Relative ERSSTv6; 1991-2020 baseline,degrees_C_anomaly,True,True
1958,2,1958-02-01,1958-02-28,1.84,rni,https://www.cpc.ncep.noaa.gov/data/indices/Rnino34.ascii.txt,Relative ERSSTv6; 1991-2020 baseline,degrees_C_anomaly,True,True
1958,3,1958-03-01,1958-03-31,1.43,rni,https://www.cpc.ncep.noaa.gov/data/indices/Rnino34.ascii.txt,Relative ERSSTv6; 1991-2020 baseline,degrees_C_anomaly,True,True
1958,4,1958-04-01,1958-04-30,0.64,rni,https://www.cpc.ncep.noaa.gov/data/indices/Rnino34.ascii.txt,Relative ERSSTv6; 1991-2020 baseline,degrees_C_anomaly,True,True
1958,5,1958-05-01,1958-05-31,0.77,rni,https://www.cpc.ncep.noaa.gov/data/indices/Rnino34.ascii.txt,Relative ERSSTv6; 1991-2020 baseline,degrees_C_anomaly,True,True
1958,6,1958-06-01,1958-06-30,0.57,rni,https://www.cpc.ncep.noaa.gov/data/indices/Rnino34.ascii.txt,Relative ERSSTv6; 1991-2020 baseline,degrees_C_anomaly,True,True
1958,7,1958-07-01,1958-07-31,0.35,rni,https://www.cpc.ncep.noaa.gov/data/indices/Rnino34.ascii.txt,Relative ERSSTv6; 1991-2020 baseline,degrees_C_anomaly,True,True
1958,8,1958-08-01,1958-08-31,0.43,rni,https://www.cpc.ncep.noaa.gov/data/indices/Rnino34.ascii.txt,Relative ERSSTv6; 1991-2020 baseline,degrees_C_anomaly,True,True
1958,9,1958-09-01,1958-09-30,0.01,rni,https://www.cpc.ncep.noaa.gov/data/indices/Rnino34.ascii.txt,Relative ERSSTv6; 1991-2020 baseline,degrees_C_anomaly,True,True
1958,10,1958-10-01,1958-10-31,0.24,rni,https://www.cpc.ncep.noaa.gov/data/indices/Rnino34.ascii.txt,Relative ERSSTv6; 1991-2020 baseline,degrees_C_anomaly,True,True
1958,11,1958-11-01,1958-11-30,0.48,rni,https://www.cpc.ncep.noaa.gov/data/indices/Rnino34.ascii.txt,Relative ERSSTv6; 1991-2020 baseline,degrees_C_anomaly,True,True
1958,12,1958-12-01,1958-12-31,0.38,rni,https://www.cpc.ncep.noaa.gov/data/indices/Rnino34.ascii.txt,Relative ERSSTv6; 1991-2020 baseline,degrees_C_anomaly,True,True
1959,1,1959-01-01,1959-01-31,1.05,rni,https://www.cpc.ncep.noaa.gov/data/indices/Rnino34.ascii.txt,Relative ERSSTv6; 1991-2020 baseline,degrees_C_anomaly,True,True
1959,2,1959-02-01,1959-02-28,0.87,rni,https://www.cpc.ncep.noaa.gov/data/indices/Rnino34.ascii.txt,Relative ERSSTv6; 1991-2020 baseline,degrees_C_anomaly,True,True
1959,3,1959-03-01,1959-03-31,0.57,rni,https://www.cpc.ncep.noaa.gov/data/indices/Rnino34.ascii.txt,Relative ERSSTv6; 1991-2020 baseline,degrees_C_anomaly,True,True
1959,4,1959-04-01,1959-04-30,0.46,rni,https://www.cpc.ncep.noaa.gov/data/indices/Rnino34.ascii.txt,Relative ERSSTv6; 1991-2020 baseline,degrees_C_anomaly,True,True
1959,5,1959-05-01,1959-05-31,0.4,rni,https://www.cpc.ncep.noaa.gov/data/indices/Rnino34.ascii.txt,Relative ERSSTv6; 1991-2020 baseline,degrees_C_anomaly,True,True
1959,6,1959-06-01,1959-06-30,0.11,rni,https://www.cpc.ncep.noaa.gov/data/indices/Rnino34.ascii.txt,Relative ERSSTv6; 1991-2020 baseline,degrees_C_anomaly,True,True
1959,7,1959-07-01,1959-07-31,-0.25,rni,https://www.cpc.ncep.noaa.gov/data/indices/Rnino34.ascii.txt,Relative ERSSTv6; 1991-2020 baseline,degrees_C_anomaly,True,True
1959,8,1959-08-01,1959-08-31,-0.19,rni,https://www.cpc.ncep.noaa.gov/data/indices/Rnino34.ascii.txt,Relative ERSSTv6; 1991-2020 baseline,degrees_C_anomaly,True,True
1959,9,1959-09-01,1959-09-30,-0.24,rni,https://www.cpc.ncep.noaa.gov/data/indices/Rnino34.ascii.txt,Relative ERSSTv6; 1991-2020 baseline,degrees_C_anomaly,True,True
1959,10,1959-10-01,1959-10-31,0.23,rni,https://www.cpc.ncep.noaa.gov/data/indices/Rnino34.ascii.txt,Relative ERSSTv6; 1991-2020 baseline,degrees_C_anomaly,True,True
1959,11,1959-11-01,1959-11-30,0.13,rni,https://www.cpc.ncep.noaa.gov/data/indices/Rnino34.ascii.txt,Relative ERSSTv6; 1991-2020 baseline,degrees_C_anomaly,True,True
1959,12,1959-12-01,1959-12-31,0.36,rni,https://www.cpc.ncep.noaa.gov/data/indices/Rnino34.ascii.txt,Relative ERSSTv6; 1991-2020 baseline,degrees_C_anomaly,True,True
1960,1,1960-01-01,1960-01-31,0.17,rni,https://www.cpc.ncep.noaa.gov/data/indices/Rnino34.ascii.txt,Relative ERSSTv6; 1991-2020 baseline,degrees_C_anomaly,True,True
1960,2,1960-02-01,1960-02-29,0.07,rni,https://www.cpc.ncep.noaa.gov/data/indices/Rnino34.ascii.txt,Relative ERSSTv6; 1991-2020 baseline,degrees_C_anomaly,True,True
1960,3,1960-03-01,1960-03-31,0.33,rni,https://www.cpc.ncep.noaa.gov/data/indices/Rnino34.ascii.txt,Relative ERSSTv6; 1991-2020 baseline,degrees_C_anomaly,True,True
1960,4,1960-04-01,1960-04-30,0.24,rni,https://www.cpc.ncep.noaa.gov/data/indices/Rnino34.ascii.txt,Relative ERSSTv6; 1991-2020 baseline,degrees_C_anomaly,True,True
1960,5,1960-05-01,1960-05-31,0.17,rni,https://www.cpc.ncep.noaa.gov/data/indices/Rnino34.ascii.txt,Relative ERSSTv6; 1991-2020 baseline,degrees_C_anomaly,True,True
1960,6,1960-06-01,1960-06-30,0.06,rni,https://www.cpc.ncep.noaa.gov/data/indices/Rnino34.ascii.txt,Relative ERSSTv6; 1991-2020 baseline,degrees_C_anomaly,True,True
1960,7,1960-07-01,1960-07-31,-0.05,rni,https://www.cpc.ncep.noaa.gov/data/indices/Rnino34.ascii.txt,Relative ERSSTv6; 1991-2020 baseline,degrees_C_anomaly,True,True
1960,8,1960-08-01,1960-08-31,0.35,rni,https://www.cpc.ncep.noaa.gov/data/indices/Rnino34.ascii.txt,Relative ERSSTv6; 1991-2020 baseline,degrees_C_anomaly,True,True
1960,9,1960-09-01,1960-09-30,0.29,rni,https://www.cpc.ncep.noaa.gov/data/indices/Rnino34.ascii.txt,Relative ERSSTv6; 1991-2020 baseline,degrees_C_anomaly,True,True
1960,10,1960-10-01,1960-10-31,0.13,rni,https://www.cpc.ncep.noaa.gov/data/indices/Rnino34.ascii.txt,Relative ERSSTv6; 1991-2020 baseline,degrees_C_anomaly,True,True
1960,11,1960-11-01,1960-11-30,-0.2,rni,https://www.cpc.ncep.noaa.gov/data/indices/Rnino34.ascii.txt,Relative ERSSTv6; 1991-2020 baseline,degrees_C_anomaly,True,True
1960,12,1960-12-01,1960-12-31,-0.16,rni,https://www.cpc.ncep.noaa.gov/data/indices/Rnino34.ascii.txt,Relative ERSSTv6; 1991-2020 baseline,degrees_C_anomaly,True,True
1961,1,1961-01-01,1961-01-31,0.09,rni,https://www.cpc.ncep.noaa.gov/data/indices/Rnino34.ascii.txt,Relative ERSSTv6; 1991-2020 baseline,degrees_C_anomaly,True,True
1961,2,1961-02-01,1961-02-28,0.15,rni,https://www.cpc.ncep.noaa.gov/data/indices/Rnino34.ascii.txt,Relative ERSSTv6; 1991-2020 baseline,degrees_C_anomaly,True,True
1961,3,1961-03-01,1961-03-31,0.0,rni,https://www.cpc.ncep.noaa.gov/data/indices/Rnino34.ascii.txt,Relative ERSSTv6; 1991-2020 baseline,degrees_C_anomaly,True,True
1961,4,1961-04-01,1961-04-30,-0.06,rni,https://www.cpc.ncep.noaa.gov/data/indices/Rnino34.ascii.txt,Relative ERSSTv6; 1991-2020 baseline,degrees_C_anomaly,True,True
1961,5,1961-05-01,1961-05-31,0.25,rni,https://www.cpc.ncep.noaa.gov/data/indices/Rnino34.ascii.txt,Relative ERSSTv6; 1991-2020 baseline,degrees_C_anomaly,True,True
1961,6,1961-06-01,1961-06-30,0.53,rni,https://www.cpc.ncep.noaa.gov/data/indices/Rnino34.ascii.txt,Relative ERSSTv6; 1991-2020 baseline,degrees_C_anomaly,True,True
1961,7,1961-07-01,1961-07-31,0.13,rni,https://www.cpc.ncep.noaa.gov/data/indices/Rnino34.ascii.txt,Relative ERSSTv6; 1991-2020 baseline,degrees_C_anomaly,True,True
1961,8,1961-08-01,1961-08-31,-0.05,rni,https://www.cpc.ncep.noaa.gov/data/indices/Rnino34.ascii.txt,Relative ERSSTv6; 1991-2020 baseline,degrees_C_anomaly,True,True
1961,9,1961-09-01,1961-09-30,-0.29,rni,https://www.cpc.ncep.noaa.gov/data/indices/Rnino34.ascii.txt,Relative ERSSTv6; 1991-2020 baseline,degrees_C_anomaly,True,True
1961,10,1961-10-01,1961-10-31,-0.35,rni,https://www.cpc.ncep.noaa.gov/data/indices/Rnino34.ascii.txt,Relative ERSSTv6; 1991-2020 baseline,degrees_C_anomaly,True,True
1961,11,1961-11-01,1961-11-30,0.15,rni,https://www.cpc.ncep.noaa.gov/data/indices/Rnino34.ascii.txt,Relative ERSSTv6; 1991-2020 baseline,degrees_C_anomaly,True,True
1961,12,1961-12-01,1961-12-31,0.03,rni,https://www.cpc.ncep.noaa.gov/data/indices/Rnino34.ascii.txt,Relative ERSSTv6; 1991-2020 baseline,degrees_C_anomaly,True,True
1962,1,1962-01-01,1962-01-31,-0.11,rni,https://www.cpc.ncep.noaa.gov/data/indices/Rnino34.ascii.txt,Relative ERSSTv6; 1991-2020 baseline,degrees_C_anomaly,True,True
1962,2,1962-02-01,1962-02-28,0.07,rni,https://www.cpc.ncep.noaa.gov/data/indices/Rnino34.ascii.txt,Relative ERSSTv6; 1991-2020 baseline,degrees_C_anomaly,True,True
1962,3,1962-03-01,1962-03-31,0.02,rni,https://www.cpc.ncep.noaa.gov/data/indices/Rnino34.ascii.txt,Relative ERSSTv6; 1991-2020 baseline,degrees_C_anomaly,True,True
1962,4,1962-04-01,1962-04-30,-0.11,rni,https://www.cpc.ncep.noaa.gov/data/indices/Rnino34.ascii.txt,Relative ERSSTv6; 1991-2020 baseline,degrees_C_anomaly,True,True
1962,5,1962-05-01,1962-05-31,-0.39,rni,https://www.cpc.ncep.noaa.gov/data/indices/Rnino34.ascii.txt,Relative ERSSTv6; 1991-2020 baseline,degrees_C_anomaly,True,True
1962,6,1962-06-01,1962-06-30,0.0,rni,https://www.cpc.ncep.noaa.gov/data/indices/Rnino34.ascii.txt,Relative ERSSTv6; 1991-2020 baseline,degrees_C_anomaly,True,True
1962,7,1962-07-01,1962-07-31,-0.02,rni,https://www.cpc.ncep.noaa.gov/data/indices/Rnino34.ascii.txt,Relative ERSSTv6; 1991-2020 baseline,degrees_C_anomaly,True,True
1962,8,1962-08-01,1962-08-31,0.07,rni,https://www.cpc.ncep.noaa.gov/data/indices/Rnino34.ascii.txt,Relative ERSSTv6; 1991-2020 baseline,degrees_C_anomaly,True,True
1962,9,1962-09-01,1962-09-30,-0.35,rni,https://www.cpc.ncep.noaa.gov/data/indices/Rnino34.ascii.txt,Relative ERSSTv6; 1991-2020 baseline,degrees_C_anomaly,True,True
1962,10,1962-10-01,1962-10-31,-0.17,rni,https://www.cpc.ncep.noaa.gov/data/indices/Rnino34.ascii.txt,Relative ERSSTv6; 1991-2020 baseline,degrees_C_anomaly,True,True
1962,11,1962-11-01,1962-11-30,-0.4,rni,https://www.cpc.ncep.noaa.gov/data/indices/Rnino34.ascii.txt,Relative ERSSTv6; 1991-2020 baseline,degrees_C_anomaly,True,True
1962,12,1962-12-01,1962-12-31,-0.32,rni,https://www.cpc.ncep.noaa.gov/data/indices/Rnino34.ascii.txt,Relative ERSSTv6; 1991-2020 baseline,degrees_C_anomaly,True,True
1963,1,1963-01-01,1963-01-31,-0.38,rni,https://www.cpc.ncep.noaa.gov/data/indices/Rnino34.ascii.txt,Relative ERSSTv6; 1991-2020 baseline,degrees_C_anomaly,True,True
1963,2,1963-02-01,1963-02-28,-0.18,rni,https://www.cpc.ncep.noaa.gov/data/indices/Rnino34.ascii.txt,Relative ERSSTv6; 1991-2020 baseline,degrees_C_anomaly,True,True
1963,3,1963-03-01,1963-03-31,0.19,rni,https://www.cpc.ncep.noaa.gov/data/indices/Rnino34.ascii.txt,Relative ERSSTv6; 1991-2020 baseline,degrees_C_anomaly,True,True
1963,4,1963-04-01,1963-04-30,0.11,rni,https://www.cpc.ncep.noaa.gov/data/indices/Rnino34.ascii.txt,Relative ERSSTv6; 1991-2020 baseline,degrees_C_anomaly,True,True
1963,5,1963-05-01,1963-05-31,-0.12,rni,https://www.cpc.ncep.noaa.gov/data/indices/Rnino34.ascii.txt,Relative ERSSTv6; 1991-2020 baseline,degrees_C_anomaly,True,True
1963,6,1963-06-01,1963-06-30,0.05,rni,https://www.cpc.ncep.noaa.gov/data/indices/Rnino34.ascii.txt,Relative ERSSTv6; 1991-2020 baseline,degrees_C_anomaly,True,True
1963,7,1963-07-01,1963-07-31,1.17,rni,https://www.cpc.ncep.noaa.gov/data/indices/Rnino34.ascii.txt,Relative ERSSTv6; 1991-2020 baseline,degrees_C_anomaly,True,True
1963,8,1963-08-01,1963-08-31,0.97,rni,https://www.cpc.ncep.noaa.gov/data/indices/Rnino34.ascii.txt,Relative ERSSTv6; 1991-2020 baseline,degrees_C_anomaly,True,True
1963,9,1963-09-01,1963-09-30,1.11,rni,https://www.cpc.ncep.noaa.gov/data/indices/Rnino34.ascii.txt,Relative ERSSTv6; 1991-2020 baseline,degrees_C_anomaly,True,True
1963,10,1963-10-01,1963-10-31,1.13,rni,https://www.cpc.ncep.noaa.gov/data/indices/Rnino34.ascii.txt,Relative ERSSTv6; 1991-2020 baseline,degrees_C_anomaly,True,True
1963,11,1963-11-01,1963-11-30,0.94,rni,https://www.cpc.ncep.noaa.gov/data/indices/Rnino34.ascii.txt,Relative ERSSTv6; 1991-2020 baseline,degrees_C_anomaly,True,True
1963,12,1963-12-01,1963-12-31,1.27,rni,https://www.cpc.ncep.noaa.gov/data/indices/Rnino34.ascii.txt,Relative ERSSTv6; 1991-2020 baseline,degrees_C_anomaly,True,True
1964,1,1964-01-01,1964-01-31,0.98,rni,https://www.cpc.ncep.noaa.gov/data/indices/Rnino34.ascii.txt,Relative ERSSTv6; 1991-2020 baseline,degrees_C_anomaly,True,True
1964,2,1964-02-01,1964-02-29,0.73,rni,https://www.cpc.ncep.noaa.gov/data/indices/Rnino34.ascii.txt,Relative ERSSTv6; 1991-2020 baseline,degrees_C_anomaly,True,True
1964,3,1964-03-01,1964-03-31,0.1,rni,https://www.cpc.ncep.noaa.gov/data/indices/Rnino34.ascii.txt,Relative ERSSTv6; 1991-2020 baseline,degrees_C_anomaly,True,True
1964,4,1964-04-01,1964-04-30,-0.52,rni,https://www.cpc.ncep.noaa.gov/data/indices/Rnino34.ascii.txt,Relative ERSSTv6; 1991-2020 baseline,degrees_C_anomaly,True,True
1964,5,1964-05-01,1964-05-31,-0.7,rni,https://www.cpc.ncep.noaa.gov/data/indices/Rnino34.ascii.txt,Relative ERSSTv6; 1991-2020 baseline,degrees_C_anomaly,True,True
1964,6,1964-06-01,1964-06-30,-0.76,rni,https://www.cpc.ncep.noaa.gov/data/indices/Rnino34.ascii.txt,Relative ERSSTv6; 1991-2020 baseline,degrees_C_anomaly,True,True
1964,7,1964-07-01,1964-07-31,-0.53,rni,https://www.cpc.ncep.noaa.gov/data/indices/Rnino34.ascii.txt,Relative ERSSTv6; 1991-2020 baseline,degrees_C_anomaly,True,True
1964,8,1964-08-01,1964-08-31,-0.47,rni,https://www.cpc.ncep.noaa.gov/data/indices/Rnino34.ascii.txt,Relative ERSSTv6; 1991-2020 baseline,degrees_C_anomaly,True,True
1964,9,1964-09-01,1964-09-30,-0.64,rni,https://www.cpc.ncep.noaa.gov/data/indices/Rnino34.ascii.txt,Relative ERSSTv6; 1991-2020 baseline,degrees_C_anomaly,True,True
1964,10,1964-10-01,1964-10-31,-0.48,rni,https://www.cpc.ncep.noaa.gov/data/indices/Rnino34.ascii.txt,Relative ERSSTv6; 1991-2020 baseline,degrees_C_anomaly,True,True
1964,11,1964-11-01,1964-11-30,-0.79,rni,https://www.cpc.ncep.noaa.gov/data/indices/Rnino34.ascii.txt,Relative ERSSTv6; 1991-2020 baseline,degrees_C_anomaly,True,True
1964,12,1964-12-01,1964-12-31,-0.48,rni,https://www.cpc.ncep.noaa.gov/data/indices/Rnino34.ascii.txt,Relative ERSSTv6; 1991-2020 baseline,degrees_C_anomaly,True,True
1965,1,1965-01-01,1965-01-31,-0.16,rni,https://www.cpc.ncep.noaa.gov/data/indices/Rnino34.ascii.txt,Relative ERSSTv6; 1991-2020 baseline,degrees_C_anomaly,True,True
1965,2,1965-02-01,1965-02-28,0.15,rni,https://www.cpc.ncep.noaa.gov/data/indices/Rnino34.ascii.txt,Relative ERSSTv6; 1991-2020 baseline,degrees_C_anomaly,True,True
1965,3,1965-03-01,1965-03-31,0.31,rni,https://www.cpc.ncep.noaa.gov/data/indices/Rnino34.ascii.txt,Relative ERSSTv6; 1991-2020 baseline,degrees_C_anomaly,True,True
1965,4,1965-04-01,1965-04-30,0.2,rni,https://www.cpc.ncep.noaa.gov/data/indices/Rnino34.ascii.txt,Relative ERSSTv6; 1991-2020 baseline,degrees_C_anomaly,True,True
1965,5,1965-05-01,1965-05-31,0.59,rni,https://www.cpc.ncep.noaa.gov/data/indices/Rnino34.ascii.txt,Relative ERSSTv6; 1991-2020 baseline,degrees_C_anomaly,True,True
1965,6,1965-06-01,1965-06-30,1.13,rni,https://www.cpc.ncep.noaa.gov/data/indices/Rnino34.ascii.txt,Relative ERSSTv6; 1991-2020 baseline,degrees_C_anomaly,True,True
1965,7,1965-07-01,1965-07-31,1.3,rni,https://www.cpc.ncep.noaa.gov/data/indices/Rnino34.ascii.txt,Relative ERSSTv6; 1991-2020 baseline,degrees_C_anomaly,True,True
1965,8,1965-08-01,1965-08-31,1.57,rni,https://www.cpc.ncep.noaa.gov/data/indices/Rnino34.ascii.txt,Relative ERSSTv6; 1991-2020 baseline,degrees_C_anomaly,True,True
1965,9,1965-09-01,1965-09-30,1.59,rni,https://www.cpc.ncep.noaa.gov/data/indices/Rnino34.ascii.txt,Relative ERSSTv6; 1991-2020 baseline,degrees_C_anomaly,True,True
1965,10,1965-10-01,1965-10-31,2.11,rni,https://www.cpc.ncep.noaa.gov/data/indices/Rnino34.ascii.txt,Relative ERSSTv6; 1991-2020 baseline,degrees_C_anomaly,True,True
1965,11,1965-11-01,1965-11-30,1.87,rni,https://www.cpc.ncep.noaa.gov/data/indices/Rnino34.ascii.txt,Relative ERSSTv6; 1991-2020 baseline,degrees_C_anomaly,True,True
1965,12,1965-12-01,1965-12-31,1.98,rni,https://www.cpc.ncep.noaa.gov/data/indices/Rnino34.ascii.txt,Relative ERSSTv6; 1991-2020 baseline,degrees_C_anomaly,True,True
1966,1,1966-01-01,1966-01-31,1.57,rni,https://www.cpc.ncep.noaa.gov/data/indices/Rnino34.ascii.txt,Relative ERSSTv6; 1991-2020 baseline,degrees_C_anomaly,True,True
1966,2,1966-02-01,1966-02-28,1.04,rni,https://www.cpc.ncep.noaa.gov/data/indices/Rnino34.ascii.txt,Relative ERSSTv6; 1991-2020 baseline,degrees_C_anomaly,True,True
1966,3,1966-03-01,1966-03-31,1.26,rni,https://www.cpc.ncep.noaa.gov/data/indices/Rnino34.ascii.txt,Relative ERSSTv6; 1991-2020 baseline,degrees_C_anomaly,True,True
1966,4,1966-04-01,1966-04-30,0.82,rni,https://www.cpc.ncep.noaa.gov/data/indices/Rnino34.ascii.txt,Relative ERSSTv6; 1991-2020 baseline,degrees_C_anomaly,True,True
1966,5,1966-05-01,1966-05-31,-0.29,rni,https://www.cpc.ncep.noaa.gov/data/indices/Rnino34.ascii.txt,Relative ERSSTv6; 1991-2020 baseline,degrees_C_anomaly,True,True
1966,6,1966-06-01,1966-06-30,0.41,rni,https://www.cpc.ncep.noaa.gov/data/indices/Rnino34.ascii.txt,Relative ERSSTv6; 1991-2020 baseline,degrees_C_anomaly,True,True
1966,7,1966-07-01,1966-07-31,0.53,rni,https://www.cpc.ncep.noaa.gov/data/indices/Rnino34.ascii.txt,Relative ERSSTv6; 1991-2020 baseline,degrees_C_anomaly,True,True
1966,8,1966-08-01,1966-08-31,0.02,rni,https://www.cpc.ncep.noaa.gov/data/indices/Rnino34.ascii.txt,Relative ERSSTv6; 1991-2020 baseline,degrees_C_anomaly,True,True
1966,9,1966-09-01,1966-09-30,0.01,rni,https://www.cpc.ncep.noaa.gov/data/indices/Rnino34.ascii.txt,Relative ERSSTv6; 1991-2020 baseline,degrees_C_anomaly,True,True
1966,10,1966-10-01,1966-10-31,-0.02,rni,https://www.cpc.ncep.noaa.gov/data/indices/Rnino34.ascii.txt,Relative ERSSTv6; 1991-2020 baseline,degrees_C_anomaly,True,True
1966,11,1966-11-01,1966-11-30,-0.08,rni,https://www.cpc.ncep.noaa.gov/data/indices/Rnino34.ascii.txt,Relative ERSSTv6; 1991-2020 baseline,degrees_C_anomaly,True,True
1966,12,1966-12-01,1966-12-31,-0.26,rni,https://www.cpc.ncep.noaa.gov/data/indices/Rnino34.ascii.txt,Relative ERSSTv6; 1991-2020 baseline,degrees_C_anomaly,True,True
1967,1,1967-01-01,1967-01-31,-0.33,rni,https://www.cpc.ncep.noaa.gov/data/indices/Rnino34.ascii.txt,Relative ERSSTv6; 1991-2020 baseline,degrees_C_anomaly,True,True
1967,2,1967-02-01,1967-02-28,-0.19,rni,https://www.cpc.ncep.noaa.gov/data/indices/Rnino34.ascii.txt,Relative ERSSTv6; 1991-2020 baseline,degrees_C_anomaly,True,True
1967,3,1967-03-01,1967-03-31,-0.19,rni,https://www.cpc.ncep.noaa.gov/data/indices/Rnino34.ascii.txt,Relative ERSSTv6; 1991-2020 baseline,degrees_C_anomaly,True,True
1967,4,1967-04-01,1967-04-30,-0.67,rni,https://www.cpc.ncep.noaa.gov/data/indices/Rnino34.ascii.txt,Relative ERSSTv6; 1991-2020 baseline,degrees_C_anomaly,True,True
1967,5,1967-05-01,1967-05-31,-0.07,rni,https://www.cpc.ncep.noaa.gov/data/indices/Rnino34.ascii.txt,Relative ERSSTv6; 1991-2020 baseline,degrees_C_anomaly,True,True
1967,6,1967-06-01,1967-06-30,0.46,rni,https://www.cpc.ncep.noaa.gov/data/indices/Rnino34.ascii.txt,Relative ERSSTv6; 1991-2020 baseline,degrees_C_anomaly,True,True
1967,7,1967-07-01,1967-07-31,0.24,rni,https://www.cpc.ncep.noaa.gov/data/indices/Rnino34.ascii.txt,Relative ERSSTv6; 1991-2020 baseline,degrees_C_anomaly,True,True
1967,8,1967-08-01,1967-08-31,0.04,rni,https://www.cpc.ncep.noaa.gov/data/indices/Rnino34.ascii.txt,Relative ERSSTv6; 1991-2020 baseline,degrees_C_anomaly,True,True
1967,9,1967-09-01,1967-09-30,-0.31,rni,https://www.cpc.ncep.noaa.gov/data/indices/Rnino34.ascii.txt,Relative ERSSTv6; 1991-2020 baseline,degrees_C_anomaly,True,True
1967,10,1967-10-01,1967-10-31,-0.07,rni,https://www.cpc.ncep.noaa.gov/data/indices/Rnino34.ascii.txt,Relative ERSSTv6; 1991-2020 baseline,degrees_C_anomaly,True,True
1967,11,1967-11-01,1967-11-30,0.14,rni,https://www.cpc.ncep.noaa.gov/data/indices/Rnino34.ascii.txt,Relative ERSSTv6; 1991-2020 baseline,degrees_C_anomaly,True,True
1967,12,1967-12-01,1967-12-31,-0.02,rni,https://www.cpc.ncep.noaa.gov/data/indices/Rnino34.ascii.txt,Relative ERSSTv6; 1991-2020 baseline,degrees_C_anomaly,True,True
1968,1,1968-01-01,1968-01-31,-0.2,rni,https://www.cpc.ncep.noaa.gov/data/indices/Rnino34.ascii.txt,Relative ERSSTv6; 1991-2020 baseline,degrees_C_anomaly,True,True
1968,2,1968-02-01,1968-02-29,-0.47,rni,https://www.cpc.ncep.noaa.gov/data/indices/Rnino34.ascii.txt,Relative ERSSTv6; 1991-2020 baseline,degrees_C_anomaly,True,True
1968,3,1968-03-01,1968-03-31,-0.41,rni,https://www.cpc.ncep.noaa.gov/data/indices/Rnino34.ascii.txt,Relative ERSSTv6; 1991-2020 baseline,degrees_C_anomaly,True,True
1968,4,1968-04-01,1968-04-30,-0.09,rni,https://www.cpc.ncep.noaa.gov/data/indices/Rnino34.ascii.txt,Relative ERSSTv6; 1991-2020 baseline,degrees_C_anomaly,True,True
1968,5,1968-05-01,1968-05-31,-0.27,rni,https://www.cpc.ncep.noaa.gov/data/indices/Rnino34.ascii.txt,Relative ERSSTv6; 1991-2020 baseline,degrees_C_anomaly,True,True
1968,6,1968-06-01,1968-06-30,0.58,rni,https://www.cpc.ncep.noaa.gov/data/indices/Rnino34.ascii.txt,Relative ERSSTv6; 1991-2020 baseline,degrees_C_anomaly,True,True
1968,7,1968-07-01,1968-07-31,0.65,rni,https://www.cpc.ncep.noaa.gov/data/indices/Rnino34.ascii.txt,Relative ERSSTv6; 1991-2020 baseline,degrees_C_anomaly,True,True
1968,8,1968-08-01,1968-08-31,0.47,rni,https://www.cpc.ncep.noaa.gov/data/indices/Rnino34.ascii.txt,Relative ERSSTv6; 1991-2020 baseline,degrees_C_anomaly,True,True
1968,9,1968-09-01,1968-09-30,0.27,rni,https://www.cpc.ncep.noaa.gov/data/indices/Rnino34.ascii.txt,Relative ERSSTv6; 1991-2020 baseline,degrees_C_anomaly,True,True
1968,10,1968-10-01,1968-10-31,0.44,rni,https://www.cpc.ncep.noaa.gov/data/indices/Rnino34.ascii.txt,Relative ERSSTv6; 1991-2020 baseline,degrees_C_anomaly,True,True
1968,11,1968-11-01,1968-11-30,0.98,rni,https://www.cpc.ncep.noaa.gov/data/indices/Rnino34.ascii.txt,Relative ERSSTv6; 1991-2020 baseline,degrees_C_anomaly,True,True
1968,12,1968-12-01,1968-12-31,0.81,rni,https://www.cpc.ncep.noaa.gov/data/indices/Rnino34.ascii.txt,Relative ERSSTv6; 1991-2020 baseline,degrees_C_anomaly,True,True
1969,1,1969-01-01,1969-01-31,1.26,rni,https://www.cpc.ncep.noaa.gov/data/indices/Rnino34.ascii.txt,Relative ERSSTv6; 1991-2020 baseline,degrees_C_anomaly,True,True
1969,2,1969-02-01,1969-02-28,1.14,rni,https://www.cpc.ncep.noaa.gov/data/indices/Rnino34.ascii.txt,Relative ERSSTv6; 1991-2020 baseline,degrees_C_anomaly,True,True
1969,3,1969-03-01,1969-03-31,0.6,rni,https://www.cpc.ncep.noaa.gov/data/indices/Rnino34.ascii.txt,Relative ERSSTv6; 1991-2020 baseline,degrees_C_anomaly,True,True
1969,4,1969-04-01,1969-04-30,0.25,rni,https://www.cpc.ncep.noaa.gov/data/indices/Rnino34.ascii.txt,Relative ERSSTv6; 1991-2020 baseline,degrees_C_anomaly,True,True
1969,5,1969-05-01,1969-05-31,0.47,rni,https://www.cpc.ncep.noaa.gov/data/indices/Rnino34.ascii.txt,Relative ERSSTv6; 1991-2020 baseline,degrees_C_anomaly,True,True
1969,6,1969-06-01,1969-06-30,0.37,rni,https://www.cpc.ncep.noaa.gov/data/indices/Rnino34.ascii.txt,Relative ERSSTv6; 1991-2020 baseline,degrees_C_anomaly,True,True
1969,7,1969-07-01,1969-07-31,0.07,rni,https://www.cpc.ncep.noaa.gov/data/indices/Rnino34.ascii.txt,Relative ERSSTv6; 1991-2020 baseline,degrees_C_anomaly,True,True
1969,8,1969-08-01,1969-08-31,0.41,rni,https://www.cpc.ncep.noaa.gov/data/indices/Rnino34.ascii.txt,Relative ERSSTv6; 1991-2020 baseline,degrees_C_anomaly,True,True
1969,9,1969-09-01,1969-09-30,0.56,rni,https://www.cpc.ncep.noaa.gov/data/indices/Rnino34.ascii.txt,Relative ERSSTv6; 1991-2020 baseline,degrees_C_anomaly,True,True
1969,10,1969-10-01,1969-10-31,0.75,rni,https://www.cpc.ncep.noaa.gov/data/indices/Rnino34.ascii.txt,Relative ERSSTv6; 1991-2020 baseline,degrees_C_anomaly,True,True
1969,11,1969-11-01,1969-11-30,0.72,rni,https://www.cpc.ncep.noaa.gov/data/indices/Rnino34.ascii.txt,Relative ERSSTv6; 1991-2020 baseline,degrees_C_anomaly,True,True
1969,12,1969-12-01,1969-12-31,0.97,rni,https://www.cpc.ncep.noaa.gov/data/indices/Rnino34.ascii.txt,Relative ERSSTv6; 1991-2020 baseline,degrees_C_anomaly,True,True
1970,1,1970-01-01,1970-01-31,0.36,rni,https://www.cpc.ncep.noaa.gov/data/indices/Rnino34.ascii.txt,Relative ERSSTv6; 1991-2020 baseline,degrees_C_anomaly,True,True
1970,2,1970-02-01,1970-02-28,0.07,rni,https://www.cpc.ncep.noaa.gov/data/indices/Rnino34.ascii.txt,Relative ERSSTv6; 1991-2020 baseline,degrees_C_anomaly,True,True
1970,3,1970-03-01,1970-03-31,0.22,rni,https://www.cpc.ncep.noaa.gov/data/indices/Rnino34.ascii.txt,Relative ERSSTv6; 1991-2020 baseline,degrees_C_anomaly,True,True
1970,4,1970-04-01,1970-04-30,0.43,rni,https://www.cpc.ncep.noaa.gov/data/indices/Rnino34.ascii.txt,Relative ERSSTv6; 1991-2020 baseline,degrees_C_anomaly,True,True
1970,5,1970-05-01,1970-05-31,0.08,rni,https://www.cpc.ncep.noaa.gov/data/indices/Rnino34.ascii.txt,Relative ERSSTv6; 1991-2020 baseline,degrees_C_anomaly,True,True
1970,6,1970-06-01,1970-06-30,-0.14,rni,https://www.cpc.ncep.noaa.gov/data/indices/Rnino34.ascii.txt,Relative ERSSTv6; 1991-2020 baseline,degrees_C_anomaly,True,True
1970,7,1970-07-01,1970-07-31,-0.64,rni,https://www.cpc.ncep.noaa.gov/data/indices/Rnino34.ascii.txt,Relative ERSSTv6; 1991-2020 baseline,degrees_C_anomaly,True,True
1970,8,1970-08-01,1970-08-31,-0.64,rni,https://www.cpc.ncep.noaa.gov/data/indices/Rnino34.ascii.txt,Relative ERSSTv6; 1991-2020 baseline,degrees_C_anomaly,True,True
1970,9,1970-09-01,1970-09-30,-0.65,rni,https://www.cpc.ncep.noaa.gov/data/indices/Rnino34.ascii.txt,Relative ERSSTv6; 1991-2020 baseline,degrees_C_anomaly,True,True
1970,10,1970-10-01,1970-10-31,-0.37,rni,https://www.cpc.ncep.noaa.gov/data/indices/Rnino34.ascii.txt,Relative ERSSTv6; 1991-2020 baseline,degrees_C_anomaly,True,True
1970,11,1970-11-01,1970-11-30,-0.69,rni,https://www.cpc.ncep.noaa.gov/data/indices/Rnino34.ascii.txt,Relative ERSSTv6; 1991-2020 baseline,degrees_C_anomaly,True,True
1970,12,1970-12-01,1970-12-31,-0.58,rni,https://www.cpc.ncep.noaa.gov/data/indices/Rnino34.ascii.txt,Relative ERSSTv6; 1991-2020 baseline,degrees_C_anomaly,True,True
1971,1,1971-01-01,1971-01-31,-1.29,rni,https://www.cpc.ncep.noaa.gov/data/indices/Rnino34.ascii.txt,Relative ERSSTv6; 1991-2020 baseline,degrees_C_anomaly,True,True
1971,2,1971-02-01,1971-02-28,-0.98,rni,https://www.cpc.ncep.noaa.gov/data/indices/Rnino34.ascii.txt,Relative ERSSTv6; 1991-2020 baseline,degrees_C_anomaly,True,True
1971,3,1971-03-01,1971-03-31,-0.74,rni,https://www.cpc.ncep.noaa.gov/data/indices/Rnino34.ascii.txt,Relative ERSSTv6; 1991-2020 baseline,degrees_C_anomaly,True,True
1971,4,1971-04-01,1971-04-30,-0.62,rni,https://www.cpc.ncep.noaa.gov/data/indices/Rnino34.ascii.txt,Relative ERSSTv6; 1991-2020 baseline,degrees_C_anomaly,True,True
1971,5,1971-05-01,1971-05-31,-0.36,rni,https://www.cpc.ncep.noaa.gov/data/indices/Rnino34.ascii.txt,Relative ERSSTv6; 1991-2020 baseline,degrees_C_anomaly,True,True
1971,6,1971-06-01,1971-06-30,-0.48,rni,https://www.cpc.ncep.noaa.gov/data/indices/Rnino34.ascii.txt,Relative ERSSTv6; 1991-2020 baseline,degrees_C_anomaly,True,True
1971,7,1971-07-01,1971-07-31,-0.27,rni,https://www.cpc.ncep.noaa.gov/data/indices/Rnino34.ascii.txt,Relative ERSSTv6; 1991-2020 baseline,degrees_C_anomaly,True,True
1971,8,1971-08-01,1971-08-31,-0.15,rni,https://www.cpc.ncep.noaa.gov/data/indices/Rnino34.ascii.txt,Relative ERSSTv6; 1991-2020 baseline,degrees_C_anomaly,True,True
1971,9,1971-09-01,1971-09-30,-0.32,rni,https://www.cpc.ncep.noaa.gov/data/indices/Rnino34.ascii.txt,Relative ERSSTv6; 1991-2020 baseline,degrees_C_anomaly,True,True
1971,10,1971-10-01,1971-10-31,-0.43,rni,https://www.cpc.ncep.noaa.gov/data/indices/Rnino34.ascii.txt,Relative ERSSTv6; 1991-2020 baseline,degrees_C_anomaly,True,True
1971,11,1971-11-01,1971-11-30,-0.45,rni,https://www.cpc.ncep.noaa.gov/data/indices/Rnino34.ascii.txt,Relative ERSSTv6; 1991-2020 baseline,degrees_C_anomaly,True,True
1971,12,1971-12-01,1971-12-31,-0.37,rni,https://www.cpc.ncep.noaa.gov/data/indices/Rnino34.ascii.txt,Relative ERSSTv6; 1991-2020 baseline,degrees_C_anomaly,True,True
1972,1,1972-01-01,1972-01-31,-0.33,rni,https://www.cpc.ncep.noaa.gov/data/indices/Rnino34.ascii.txt,Relative ERSSTv6; 1991-2020 baseline,degrees_C_anomaly,True,True
1972,2,1972-02-01,1972-02-29,0.07,rni,https://www.cpc.ncep.noaa.gov/data/indices/Rnino34.ascii.txt,Relative ERSSTv6; 1991-2020 baseline,degrees_C_anomaly,True,True
1972,3,1972-03-01,1972-03-31,0.36,rni,https://www.cpc.ncep.noaa.gov/data/indices/Rnino34.ascii.txt,Relative ERSSTv6; 1991-2020 baseline,degrees_C_anomaly,True,True
1972,4,1972-04-01,1972-04-30,0.54,rni,https://www.cpc.ncep.noaa.gov/data/indices/Rnino34.ascii.txt,Relative ERSSTv6; 1991-2020 baseline,degrees_C_anomaly,True,True
1972,5,1972-05-01,1972-05-31,0.64,rni,https://www.cpc.ncep.noaa.gov/data/indices/Rnino34.ascii.txt,Relative ERSSTv6; 1991-2020 baseline,degrees_C_anomaly,True,True
1972,6,1972-06-01,1972-06-30,0.81,rni,https://www.cpc.ncep.noaa.gov/data/indices/Rnino34.ascii.txt,Relative ERSSTv6; 1991-2020 baseline,degrees_C_anomaly,True,True
1972,7,1972-07-01,1972-07-31,1.16,rni,https://www.cpc.ncep.noaa.gov/data/indices/Rnino34.ascii.txt,Relative ERSSTv6; 1991-2020 baseline,degrees_C_anomaly,True,True
1972,8,1972-08-01,1972-08-31,1.47,rni,https://www.cpc.ncep.noaa.gov/data/indices/Rnino34.ascii.txt,Relative ERSSTv6; 1991-2020 baseline,degrees_C_anomaly,True,True
1972,9,1972-09-01,1972-09-30,1.58,rni,https://www.cpc.ncep.noaa.gov/data/indices/Rnino34.ascii.txt,Relative ERSSTv6; 1991-2020 baseline,degrees_C_anomaly,True,True
1972,10,1972-10-01,1972-10-31,1.87,rni,https://www.cpc.ncep.noaa.gov/data/indices/Rnino34.ascii.txt,Relative ERSSTv6; 1991-2020 baseline,degrees_C_anomaly,True,True
1972,11,1972-11-01,1972-11-30,2.01,rni,https://www.cpc.ncep.noaa.gov/data/indices/Rnino34.ascii.txt,Relative ERSSTv6; 1991-2020 baseline,degrees_C_anomaly,True,True
1972,12,1972-12-01,1972-12-31,2.02,rni,https://www.cpc.ncep.noaa.gov/data/indices/Rnino34.ascii.txt,Relative ERSSTv6; 1991-2020 baseline,degrees_C_anomaly,True,True
1973,1,1973-01-01,1973-01-31,1.6,rni,https://www.cpc.ncep.noaa.gov/data/indices/Rnino34.ascii.txt,Relative ERSSTv6; 1991-2020 baseline,degrees_C_anomaly,True,True
1973,2,1973-02-01,1973-02-28,1.45,rni,https://www.cpc.ncep.noaa.gov/data/indices/Rnino34.ascii.txt,Relative ERSSTv6; 1991-2020 baseline,degrees_C_anomaly,True,True
1973,3,1973-03-01,1973-03-31,0.71,rni,https://www.cpc.ncep.noaa.gov/data/indices/Rnino34.ascii.txt,Relative ERSSTv6; 1991-2020 baseline,degrees_C_anomaly,True,True
1973,4,1973-04-01,1973-04-30,-0.43,rni,https://www.cpc.ncep.noaa.gov/data/indices/Rnino34.ascii.txt,Relative ERSSTv6; 1991-2020 baseline,degrees_C_anomaly,True,True
1973,5,1973-05-01,1973-05-31,-0.78,rni,https://www.cpc.ncep.noaa.gov/data/indices/Rnino34.ascii.txt,Relative ERSSTv6; 1991-2020 baseline,degrees_C_anomaly,True,True
1973,6,1973-06-01,1973-06-30,-0.97,rni,https://www.cpc.ncep.noaa.gov/data/indices/Rnino34.ascii.txt,Relative ERSSTv6; 1991-2020 baseline,degrees_C_anomaly,True,True
1973,7,1973-07-01,1973-07-31,-1.19,rni,https://www.cpc.ncep.noaa.gov/data/indices/Rnino34.ascii.txt,Relative ERSSTv6; 1991-2020 baseline,degrees_C_anomaly,True,True
1973,8,1973-08-01,1973-08-31,-1.13,rni,https://www.cpc.ncep.noaa.gov/data/indices/Rnino34.ascii.txt,Relative ERSSTv6; 1991-2020 baseline,degrees_C_anomaly,True,True
1973,9,1973-09-01,1973-09-30,-1.26,rni,https://www.cpc.ncep.noaa.gov/data/indices/Rnino34.ascii.txt,Relative ERSSTv6; 1991-2020 baseline,degrees_C_anomaly,True,True
1973,10,1973-10-01,1973-10-31,-1.51,rni,https://www.cpc.ncep.noaa.gov/data/indices/Rnino34.ascii.txt,Relative ERSSTv6; 1991-2020 baseline,degrees_C_anomaly,True,True
1973,11,1973-11-01,1973-11-30,-2.14,rni,https://www.cpc.ncep.noaa.gov/data/indices/Rnino34.ascii.txt,Relative ERSSTv6; 1991-2020 baseline,degrees_C_anomaly,True,True
1973,12,1973-12-01,1973-12-31,-1.94,rni,https://www.cpc.ncep.noaa.gov/data/indices/Rnino34.ascii.txt,Relative ERSSTv6; 1991-2020 baseline,degrees_C_anomaly,True,True
1974,1,1974-01-01,1974-01-31,-1.65,rni,https://www.cpc.ncep.noaa.gov/data/indices/Rnino34.ascii.txt,Relative ERSSTv6; 1991-2020 baseline,degrees_C_anomaly,True,True
1974,2,1974-02-01,1974-02-28,-1.2,rni,https://www.cpc.ncep.noaa.gov/data/indices/Rnino34.ascii.txt,Relative ERSSTv6; 1991-2020 baseline,degrees_C_anomaly,True,True
1974,3,1974-03-01,1974-03-31,-0.98,rni,https://www.cpc.ncep.noaa.gov/data/indices/Rnino34.ascii.txt,Relative ERSSTv6; 1991-2020 baseline,degrees_C_anomaly,True,True
1974,4,1974-04-01,1974-04-30,-0.75,rni,https://www.cpc.ncep.noaa.gov/data/indices/Rnino34.ascii.txt,Relative ERSSTv6; 1991-2020 baseline,degrees_C_anomaly,True,True
1974,5,1974-05-01,1974-05-31,-0.8,rni,https://www.cpc.ncep.noaa.gov/data/indices/Rnino34.ascii.txt,Relative ERSSTv6; 1991-2020 baseline,degrees_C_anomaly,True,True
1974,6,1974-06-01,1974-06-30,-0.16,rni,https://www.cpc.ncep.noaa.gov/data/indices/Rnino34.ascii.txt,Relative ERSSTv6; 1991-2020 baseline,degrees_C_anomaly,True,True
1974,7,1974-07-01,1974-07-31,-0.53,rni,https://www.cpc.ncep.noaa.gov/data/indices/Rnino34.ascii.txt,Relative ERSSTv6; 1991-2020 baseline,degrees_C_anomaly,True,True
1974,8,1974-08-01,1974-08-31,-0.12,rni,https://www.cpc.ncep.noaa.gov/data/indices/Rnino34.ascii.txt,Relative ERSSTv6; 1991-2020 baseline,degrees_C_anomaly,True,True
1974,9,1974-09-01,1974-09-30,0.02,rni,https://www.cpc.ncep.noaa.gov/data/indices/Rnino34.ascii.txt,Relative ERSSTv6; 1991-2020 baseline,degrees_C_anomaly,True,True
1974,10,1974-10-01,1974-10-31,-0.6,rni,https://www.cpc.ncep.noaa.gov/data/indices/Rnino34.ascii.txt,Relative ERSSTv6; 1991-2020 baseline,degrees_C_anomaly,True,True
1974,11,1974-11-01,1974-11-30,-0.76,rni,https://www.cpc.ncep.noaa.gov/data/indices/Rnino34.ascii.txt,Relative ERSSTv6; 1991-2020 baseline,degrees_C_anomaly,True,True
1974,12,1974-12-01,1974-12-31,-0.41,rni,https://www.cpc.ncep.noaa.gov/data/indices/Rnino34.ascii.txt,Relative ERSSTv6; 1991-2020 baseline,degrees_C_anomaly,True,True
1975,1,1975-01-01,1975-01-31,0.12,rni,https://www.cpc.ncep.noaa.gov/data/indices/Rnino34.ascii.txt,Relative ERSSTv6; 1991-2020 baseline,degrees_C_anomaly,True,True
1975,2,1975-02-01,1975-02-28,-0.09,rni,https://www.cpc.ncep.noaa.gov/data/indices/Rnino34.ascii.txt,Relative ERSSTv6; 1991-2020 baseline,degrees_C_anomaly,True,True
1975,3,1975-03-01,1975-03-31,-0.42,rni,https://www.cpc.ncep.noaa.gov/data/indices/Rnino34.ascii.txt,Relative ERSSTv6; 1991-2020 baseline,degrees_C_anomaly,True,True
1975,4,1975-04-01,1975-04-30,-0.36,rni,https://www.cpc.ncep.noaa.gov/data/indices/Rnino34.ascii.txt,Relative ERSSTv6; 1991-2020 baseline,degrees_C_anomaly,True,True
1975,5,1975-05-01,1975-05-31,-0.48,rni,https://www.cpc.ncep.noaa.gov/data/indices/Rnino34.ascii.txt,Relative ERSSTv6; 1991-2020 baseline,degrees_C_anomaly,True,True
1975,6,1975-06-01,1975-06-30,-0.99,rni,https://www.cpc.ncep.noaa.gov/data/indices/Rnino34.ascii.txt,Relative ERSSTv6; 1991-2020 baseline,degrees_C_anomaly,True,True
1975,7,1975-07-01,1975-07-31,-0.73,rni,https://www.cpc.ncep.noaa.gov/data/indices/Rnino34.ascii.txt,Relative ERSSTv6; 1991-2020 baseline,degrees_C_anomaly,True,True
1975,8,1975-08-01,1975-08-31,-0.9,rni,https://www.cpc.ncep.noaa.gov/data/indices/Rnino34.ascii.txt,Relative ERSSTv6; 1991-2020 baseline,degrees_C_anomaly,True,True
1975,9,1975-09-01,1975-09-30,-1.0,rni,https://www.cpc.ncep.noaa.gov/data/indices/Rnino34.ascii.txt,Relative ERSSTv6; 1991-2020 baseline,degrees_C_anomaly,True,True
1975,10,1975-10-01,1975-10-31,-1.05,rni,https://www.cpc.ncep.noaa.gov/data/indices/Rnino34.ascii.txt,Relative ERSSTv6; 1991-2020 baseline,degrees_C_anomaly,True,True
1975,11,1975-11-01,1975-11-30,-0.79,rni,https://www.cpc.ncep.noaa.gov/data/indices/Rnino34.ascii.txt,Relative ERSSTv6; 1991-2020 baseline,degrees_C_anomaly,True,True
1975,12,1975-12-01,1975-12-31,-1.21,rni,https://www.cpc.ncep.noaa.gov/data/indices/Rnino34.ascii.txt,Relative ERSSTv6; 1991-2020 baseline,degrees_C_anomaly,True,True
1976,1,1976-01-01,1976-01-31,-1.34,rni,https://www.cpc.ncep.noaa.gov/data/indices/Rnino34.ascii.txt,Relative ERSSTv6; 1991-2020 baseline,degrees_C_anomaly,True,True
1976,2,1976-02-01,1976-02-29,-0.46,rni,https://www.cpc.ncep.noaa.gov/data/indices/Rnino34.ascii.txt,Relative ERSSTv6; 1991-2020 baseline,degrees_C_anomaly,True,True
1976,3,1976-03-01,1976-03-31,-0.15,rni,https://www.cpc.ncep.noaa.gov/data/indices/Rnino34.ascii.txt,Relative ERSSTv6; 1991-2020 baseline,degrees_C_anomaly,True,True
1976,4,1976-04-01,1976-04-30,-0.16,rni,https://www.cpc.ncep.noaa.gov/data/indices/Rnino34.ascii.txt,Relative ERSSTv6; 1991-2020 baseline,degrees_C_anomaly,True,True
1976,5,1976-05-01,1976-05-31,-0.11,rni,https://www.cpc.ncep.noaa.gov/data/indices/Rnino34.ascii.txt,Relative ERSSTv6; 1991-2020 baseline,degrees_C_anomaly,True,True
1976,6,1976-06-01,1976-06-30,0.31,rni,https://www.cpc.ncep.noaa.gov/data/indices/Rnino34.ascii.txt,Relative ERSSTv6; 1991-2020 baseline,degrees_C_anomaly,True,True
1976,7,1976-07-01,1976-07-31,0.61,rni,https://www.cpc.ncep.noaa.gov/data/indices/Rnino34.ascii.txt,Relative ERSSTv6; 1991-2020 baseline,degrees_C_anomaly,True,True
1976,8,1976-08-01,1976-08-31,0.63,rni,https://www.cpc.ncep.noaa.gov/data/indices/Rnino34.ascii.txt,Relative ERSSTv6; 1991-2020 baseline,degrees_C_anomaly,True,True
1976,9,1976-09-01,1976-09-30,0.93,rni,https://www.cpc.ncep.noaa.gov/data/indices/Rnino34.ascii.txt,Relative ERSSTv6; 1991-2020 baseline,degrees_C_anomaly,True,True
1976,10,1976-10-01,1976-10-31,1.12,rni,https://www.cpc.ncep.noaa.gov/data/indices/Rnino34.ascii.txt,Relative ERSSTv6; 1991-2020 baseline,degrees_C_anomaly,True,True
1976,11,1976-11-01,1976-11-30,1.08,rni,https://www.cpc.ncep.noaa.gov/data/indices/Rnino34.ascii.txt,Relative ERSSTv6; 1991-2020 baseline,degrees_C_anomaly,True,True
1976,12,1976-12-01,1976-12-31,0.95,rni,https://www.cpc.ncep.noaa.gov/data/indices/Rnino34.ascii.txt,Relative ERSSTv6; 1991-2020 baseline,degrees_C_anomaly,True,True
1977,1,1977-01-01,1977-01-31,1.21,rni,https://www.cpc.ncep.noaa.gov/data/indices/Rnino34.ascii.txt,Relative ERSSTv6; 1991-2020 baseline,degrees_C_anomaly,True,True
1977,2,1977-02-01,1977-02-28,0.71,rni,https://www.cpc.ncep.noaa.gov/data/indices/Rnino34.ascii.txt,Relative ERSSTv6; 1991-2020 baseline,degrees_C_anomaly,True,True
1977,3,1977-03-01,1977-03-31,0.75,rni,https://www.cpc.ncep.noaa.gov/data/indices/Rnino34.ascii.txt,Relative ERSSTv6; 1991-2020 baseline,degrees_C_anomaly,True,True
1977,4,1977-04-01,1977-04-30,-0.08,rni,https://www.cpc.ncep.noaa.gov/data/indices/Rnino34.ascii.txt,Relative ERSSTv6; 1991-2020 baseline,degrees_C_anomaly,True,True
1977,5,1977-05-01,1977-05-31,0.3,rni,https://www.cpc.ncep.noaa.gov/data/indices/Rnino34.ascii.txt,Relative ERSSTv6; 1991-2020 baseline,degrees_C_anomaly,True,True
1977,6,1977-06-01,1977-06-30,0.55,rni,https://www.cpc.ncep.noaa.gov/data/indices/Rnino34.ascii.txt,Relative ERSSTv6; 1991-2020 baseline,degrees_C_anomaly,True,True
1977,7,1977-07-01,1977-07-31,0.7,rni,https://www.cpc.ncep.noaa.gov/data/indices/Rnino34.ascii.txt,Relative ERSSTv6; 1991-2020 baseline,degrees_C_anomaly,True,True
1977,8,1977-08-01,1977-08-31,0.19,rni,https://www.cpc.ncep.noaa.gov/data/indices/Rnino34.ascii.txt,Relative ERSSTv6; 1991-2020 baseline,degrees_C_anomaly,True,True
1977,9,1977-09-01,1977-09-30,0.55,rni,https://www.cpc.ncep.noaa.gov/data/indices/Rnino34.ascii.txt,Relative ERSSTv6; 1991-2020 baseline,degrees_C_anomaly,True,True
1977,10,1977-10-01,1977-10-31,1.11,rni,https://www.cpc.ncep.noaa.gov/data/indices/Rnino34.ascii.txt,Relative ERSSTv6; 1991-2020 baseline,degrees_C_anomaly,True,True
1977,11,1977-11-01,1977-11-30,1.0,rni,https://www.cpc.ncep.noaa.gov/data/indices/Rnino34.ascii.txt,Relative ERSSTv6; 1991-2020 baseline,degrees_C_anomaly,True,True
1977,12,1977-12-01,1977-12-31,1.2,rni,https://www.cpc.ncep.noaa.gov/data/indices/Rnino34.ascii.txt,Relative ERSSTv6; 1991-2020 baseline,degrees_C_anomaly,True,True
1978,1,1978-01-01,1978-01-31,0.97,rni,https://www.cpc.ncep.noaa.gov/data/indices/Rnino34.ascii.txt,Relative ERSSTv6; 1991-2020 baseline,degrees_C_anomaly,True,True
1978,2,1978-02-01,1978-02-28,0.71,rni,https://www.cpc.ncep.noaa.gov/data/indices/Rnino34.ascii.txt,Relative ERSSTv6; 1991-2020 baseline,degrees_C_anomaly,True,True
1978,3,1978-03-01,1978-03-31,0.45,rni,https://www.cpc.ncep.noaa.gov/data/indices/Rnino34.ascii.txt,Relative ERSSTv6; 1991-2020 baseline,degrees_C_anomaly,True,True
1978,4,1978-04-01,1978-04-30,-0.39,rni,https://www.cpc.ncep.noaa.gov/data/indices/Rnino34.ascii.txt,Relative ERSSTv6; 1991-2020 baseline,degrees_C_anomaly,True,True
1978,5,1978-05-01,1978-05-31,-0.26,rni,https://www.cpc.ncep.noaa.gov/data/indices/Rnino34.ascii.txt,Relative ERSSTv6; 1991-2020 baseline,degrees_C_anomaly,True,True
1978,6,1978-06-01,1978-06-30,-0.33,rni,https://www.cpc.ncep.noaa.gov/data/indices/Rnino34.ascii.txt,Relative ERSSTv6; 1991-2020 baseline,degrees_C_anomaly,True,True
1978,7,1978-07-01,1978-07-31,-0.15,rni,https://www.cpc.ncep.noaa.gov/data/indices/Rnino34.ascii.txt,Relative ERSSTv6; 1991-2020 baseline,degrees_C_anomaly,True,True
1978,8,1978-08-01,1978-08-31,-0.49,rni,https://www.cpc.ncep.noaa.gov/data/indices/Rnino34.ascii.txt,Relative ERSSTv6; 1991-2020 baseline,degrees_C_anomaly,True,True
1978,9,1978-09-01,1978-09-30,-0.18,rni,https://www.cpc.ncep.noaa.gov/data/indices/Rnino34.ascii.txt,Relative ERSSTv6; 1991-2020 baseline,degrees_C_anomaly,True,True
1978,10,1978-10-01,1978-10-31,-0.15,rni,https://www.cpc.ncep.noaa.gov/data/indices/Rnino34.ascii.txt,Relative ERSSTv6; 1991-2020 baseline,degrees_C_anomaly,True,True
1978,11,1978-11-01,1978-11-30,0.08,rni,https://www.cpc.ncep.noaa.gov/data/indices/Rnino34.ascii.txt,Relative ERSSTv6; 1991-2020 baseline,degrees_C_anomaly,True,True
1978,12,1978-12-01,1978-12-31,0.52,rni,https://www.cpc.ncep.noaa.gov/data/indices/Rnino34.ascii.txt,Relative ERSSTv6; 1991-2020 baseline,degrees_C_anomaly,True,True
1979,1,1979-01-01,1979-01-31,0.2,rni,https://www.cpc.ncep.noaa.gov/data/indices/Rnino34.ascii.txt,Relative ERSSTv6; 1991-2020 baseline,degrees_C_anomaly,True,True
1979,2,1979-02-01,1979-02-28,0.32,rni,https://www.cpc.ncep.noaa.gov/data/indices/Rnino34.ascii.txt,Relative ERSSTv6; 1991-2020 baseline,degrees_C_anomaly,True,True
1979,3,1979-03-01,1979-03-31,0.39,rni,https://www.cpc.ncep.noaa.gov/data/indices/Rnino34.ascii.txt,Relative ERSSTv6; 1991-2020 baseline,degrees_C_anomaly,True,True
1979,4,1979-04-01,1979-04-30,0.2,rni,https://www.cpc.ncep.noaa.gov/data/indices/Rnino34.ascii.txt,Relative ERSSTv6; 1991-2020 baseline,degrees_C_anomaly,True,True
1979,5,1979-05-01,1979-05-31,0.09,rni,https://www.cpc.ncep.noaa.gov/data/indices/Rnino34.ascii.txt,Relative ERSSTv6; 1991-2020 baseline,degrees_C_anomaly,True,True
1979,6,1979-06-01,1979-06-30,0.1,rni,https://www.cpc.ncep.noaa.gov/data/indices/Rnino34.ascii.txt,Relative ERSSTv6; 1991-2020 baseline,degrees_C_anomaly,True,True
1979,7,1979-07-01,1979-07-31,-0.1,rni,https://www.cpc.ncep.noaa.gov/data/indices/Rnino34.ascii.txt,Relative ERSSTv6; 1991-2020 baseline,degrees_C_anomaly,True,True
1979,8,1979-08-01,1979-08-31,0.14,rni,https://www.cpc.ncep.noaa.gov/data/indices/Rnino34.ascii.txt,Relative ERSSTv6; 1991-2020 baseline,degrees_C_anomaly,True,True
1979,9,1979-09-01,1979-09-30,0.75,rni,https://www.cpc.ncep.noaa.gov/data/indices/Rnino34.ascii.txt,Relative ERSSTv6; 1991-2020 baseline,degrees_C_anomaly,True,True
1979,10,1979-10-01,1979-10-31,0.35,rni,https://www.cpc.ncep.noaa.gov/data/indices/Rnino34.ascii.txt,Relative ERSSTv6; 1991-2020 baseline,degrees_C_anomaly,True,True
1979,11,1979-11-01,1979-11-30,0.46,rni,https://www.cpc.ncep.noaa.gov/data/indices/Rnino34.ascii.txt,Relative ERSSTv6; 1991-2020 baseline,degrees_C_anomaly,True,True
1979,12,1979-12-01,1979-12-31,0.75,rni,https://www.cpc.ncep.noaa.gov/data/indices/Rnino34.ascii.txt,Relative ERSSTv6; 1991-2020 baseline,degrees_C_anomaly,True,True
1980,1,1980-01-01,1980-01-31,0.7,rni,https://www.cpc.ncep.noaa.gov/data/indices/Rnino34.ascii.txt,Relative ERSSTv6; 1991-2020 baseline,degrees_C_anomaly,True,True
1980,2,1980-02-01,1980-02-29,0.5,rni,https://www.cpc.ncep.noaa.gov/data/indices/Rnino34.ascii.txt,Relative ERSSTv6; 1991-2020 baseline,degrees_C_anomaly,True,True
1980,3,1980-03-01,1980-03-31,0.15,rni,https://www.cpc.ncep.noaa.gov/data/indices/Rnino34.ascii.txt,Relative ERSSTv6; 1991-2020 baseline,degrees_C_anomaly,True,True
1980,4,1980-04-01,1980-04-30,0.11,rni,https://www.cpc.ncep.noaa.gov/data/indices/Rnino34.ascii.txt,Relative ERSSTv6; 1991-2020 baseline,degrees_C_anomaly,True,True
1980,5,1980-05-01,1980-05-31,0.16,rni,https://www.cpc.ncep.noaa.gov/data/indices/Rnino34.ascii.txt,Relative ERSSTv6; 1991-2020 baseline,degrees_C_anomaly,True,True
1980,6,1980-06-01,1980-06-30,0.56,rni,https://www.cpc.ncep.noaa.gov/data/indices/Rnino34.ascii.txt,Relative ERSSTv6; 1991-2020 baseline,degrees_C_anomaly,True,True
1980,7,1980-07-01,1980-07-31,0.13,rni,https://www.cpc.ncep.noaa.gov/data/indices/Rnino34.ascii.txt,Relative ERSSTv6; 1991-2020 baseline,degrees_C_anomaly,True,True
1980,8,1980-08-01,1980-08-31,-0.27,rni,https://www.cpc.ncep.noaa.gov/data/indices/Rnino34.ascii.txt,Relative ERSSTv6; 1991-2020 baseline,degrees_C_anomaly,True,True
1980,9,1980-09-01,1980-09-30,-0.16,rni,https://www.cpc.ncep.noaa.gov/data/indices/Rnino34.ascii.txt,Relative ERSSTv6; 1991-2020 baseline,degrees_C_anomaly,True,True
1980,10,1980-10-01,1980-10-31,-0.11,rni,https://www.cpc.ncep.noaa.gov/data/indices/Rnino34.ascii.txt,Relative ERSSTv6; 1991-2020 baseline,degrees_C_anomaly,True,True
1980,11,1980-11-01,1980-11-30,0.09,rni,https://www.cpc.ncep.noaa.gov/data/indices/Rnino34.ascii.txt,Relative ERSSTv6; 1991-2020 baseline,degrees_C_anomaly,True,True
1980,12,1980-12-01,1980-12-31,0.45,rni,https://www.cpc.ncep.noaa.gov/data/indices/Rnino34.ascii.txt,Relative ERSSTv6; 1991-2020 baseline,degrees_C_anomaly,True,True
1981,1,1981-01-01,1981-01-31,-0.27,rni,https://www.cpc.ncep.noaa.gov/data/indices/Rnino34.ascii.txt,Relative ERSSTv6; 1991-2020 baseline,degrees_C_anomaly,True,True
1981,2,1981-02-01,1981-02-28,-0.26,rni,https://www.cpc.ncep.noaa.gov/data/indices/Rnino34.ascii.txt,Relative ERSSTv6; 1991-2020 baseline,degrees_C_anomaly,True,True
1981,3,1981-03-01,1981-03-31,0.0,rni,https://www.cpc.ncep.noaa.gov/data/indices/Rnino34.ascii.txt,Relative ERSSTv6; 1991-2020 baseline,degrees_C_anomaly,True,True
1981,4,1981-04-01,1981-04-30,-0.58,rni,https://www.cpc.ncep.noaa.gov/data/indices/Rnino34.ascii.txt,Relative ERSSTv6; 1991-2020 baseline,degrees_C_anomaly,True,True
1981,5,1981-05-01,1981-05-31,-0.15,rni,https://www.cpc.ncep.noaa.gov/data/indices/Rnino34.ascii.txt,Relative ERSSTv6; 1991-2020 baseline,degrees_C_anomaly,True,True
1981,6,1981-06-01,1981-06-30,-0.17,rni,https://www.cpc.ncep.noaa.gov/data/indices/Rnino34.ascii.txt,Relative ERSSTv6; 1991-2020 baseline,degrees_C_anomaly,True,True
1981,7,1981-07-01,1981-07-31,-0.46,rni,https://www.cpc.ncep.noaa.gov/data/indices/Rnino34.ascii.txt,Relative ERSSTv6; 1991-2020 baseline,degrees_C_anomaly,True,True
1981,8,1981-08-01,1981-08-31,-0.05,rni,https://www.cpc.ncep.noaa.gov/data/indices/Rnino34.ascii.txt,Relative ERSSTv6; 1991-2020 baseline,degrees_C_anomaly,True,True
1981,9,1981-09-01,1981-09-30,0.04,rni,https://www.cpc.ncep.noaa.gov/data/indices/Rnino34.ascii.txt,Relative ERSSTv6; 1991-2020 baseline,degrees_C_anomaly,True,True
1981,10,1981-10-01,1981-10-31,-0.07,rni,https://www.cpc.ncep.noaa.gov/data/indices/Rnino34.ascii.txt,Relative ERSSTv6; 1991-2020 baseline,degrees_C_anomaly,True,True
1981,11,1981-11-01,1981-11-30,-0.49,rni,https://www.cpc.ncep.noaa.gov/data/indices/Rnino34.ascii.txt,Relative ERSSTv6; 1991-2020 baseline,degrees_C_anomaly,True,True
1981,12,1981-12-01,1981-12-31,-0.07,rni,https://www.cpc.ncep.noaa.gov/data/indices/Rnino34.ascii.txt,Relative ERSSTv6; 1991-2020 baseline,degrees_C_anomaly,True,True
1982,1,1982-01-01,1982-01-31,0.32,rni,https://www.cpc.ncep.noaa.gov/data/indices/Rnino34.ascii.txt,Relative ERSSTv6; 1991-2020 baseline,degrees_C_anomaly,True,True
1982,2,1982-02-01,1982-02-28,0.07,rni,https://www.cpc.ncep.noaa.gov/data/indices/Rnino34.ascii.txt,Relative ERSSTv6; 1991-2020 baseline,degrees_C_anomaly,True,True
1982,3,1982-03-01,1982-03-31,0.29,rni,https://www.cpc.ncep.noaa.gov/data/indices/Rnino34.ascii.txt,Relative ERSSTv6; 1991-2020 baseline,degrees_C_anomaly,True,True
1982,4,1982-04-01,1982-04-30,0.34,rni,https://www.cpc.ncep.noaa.gov/data/indices/Rnino34.ascii.txt,Relative ERSSTv6; 1991-2020 baseline,degrees_C_anomaly,True,True
1982,5,1982-05-01,1982-05-31,0.76,rni,https://www.cpc.ncep.noaa.gov/data/indices/Rnino34.ascii.txt,Relative ERSSTv6; 1991-2020 baseline,degrees_C_anomaly,True,True
1982,6,1982-06-01,1982-06-30,1.12,rni,https://www.cpc.ncep.noaa.gov/data/indices/Rnino34.ascii.txt,Relative ERSSTv6; 1991-2020 baseline,degrees_C_anomaly,True,True
1982,7,1982-07-01,1982-07-31,0.63,rni,https://www.cpc.ncep.noaa.gov/data/indices/Rnino34.ascii.txt,Relative ERSSTv6; 1991-2020 baseline,degrees_C_anomaly,True,True
1982,8,1982-08-01,1982-08-31,0.93,rni,https://www.cpc.ncep.noaa.gov/data/indices/Rnino34.ascii.txt,Relative ERSSTv6; 1991-2020 baseline,degrees_C_anomaly,True,True
1982,9,1982-09-01,1982-09-30,1.85,rni,https://www.cpc.ncep.noaa.gov/data/indices/Rnino34.ascii.txt,Relative ERSSTv6; 1991-2020 baseline,degrees_C_anomaly,True,True
1982,10,1982-10-01,1982-10-31,2.14,rni,https://www.cpc.ncep.noaa.gov/data/indices/Rnino34.ascii.txt,Relative ERSSTv6; 1991-2020 baseline,degrees_C_anomaly,True,True
1982,11,1982-11-01,1982-11-30,2.1,rni,https://www.cpc.ncep.noaa.gov/data/indices/Rnino34.ascii.txt,Relative ERSSTv6; 1991-2020 baseline,degrees_C_anomaly,True,True
1982,12,1982-12-01,1982-12-31,2.48,rni,https://www.cpc.ncep.noaa.gov/data/indices/Rnino34.ascii.txt,Relative ERSSTv6; 1991-2020 baseline,degrees_C_anomaly,True,True
1983,1,1983-01-01,1983-01-31,2.5,rni,https://www.cpc.ncep.noaa.gov/data/indices/Rnino34.ascii.txt,Relative ERSSTv6; 1991-2020 baseline,degrees_C_anomaly,True,True
1983,2,1983-02-01,1983-02-28,2.21,rni,https://www.cpc.ncep.noaa.gov/data/indices/Rnino34.ascii.txt,Relative ERSSTv6; 1991-2020 baseline,degrees_C_anomaly,True,True
1983,3,1983-03-01,1983-03-31,1.74,rni,https://www.cpc.ncep.noaa.gov/data/indices/Rnino34.ascii.txt,Relative ERSSTv6; 1991-2020 baseline,degrees_C_anomaly,True,True
1983,4,1983-04-01,1983-04-30,1.06,rni,https://www.cpc.ncep.noaa.gov/data/indices/Rnino34.ascii.txt,Relative ERSSTv6; 1991-2020 baseline,degrees_C_anomaly,True,True
1983,5,1983-05-01,1983-05-31,1.09,rni,https://www.cpc.ncep.noaa.gov/data/indices/Rnino34.ascii.txt,Relative ERSSTv6; 1991-2020 baseline,degrees_C_anomaly,True,True
1983,6,1983-06-01,1983-06-30,0.46,rni,https://www.cpc.ncep.noaa.gov/data/indices/Rnino34.ascii.txt,Relative ERSSTv6; 1991-2020 baseline,degrees_C_anomaly,True,True
1983,7,1983-07-01,1983-07-31,-0.15,rni,https://www.cpc.ncep.noaa.gov/data/indices/Rnino34.ascii.txt,Relative ERSSTv6; 1991-2020 baseline,degrees_C_anomaly,True,True
1983,8,1983-08-01,1983-08-31,-0.21,rni,https://www.cpc.ncep.noaa.gov/data/indices/Rnino34.ascii.txt,Relative ERSSTv6; 1991-2020 baseline,degrees_C_anomaly,True,True
1983,9,1983-09-01,1983-09-30,-0.32,rni,https://www.cpc.ncep.noaa.gov/data/indices/Rnino34.ascii.txt,Relative ERSSTv6; 1991-2020 baseline,degrees_C_anomaly,True,True
1983,10,1983-10-01,1983-10-31,-1.25,rni,https://www.cpc.ncep.noaa.gov/data/indices/Rnino34.ascii.txt,Relative ERSSTv6; 1991-2020 baseline,degrees_C_anomaly,True,True
1983,11,1983-11-01,1983-11-30,-1.14,rni,https://www.cpc.ncep.noaa.gov/data/indices/Rnino34.ascii.txt,Relative ERSSTv6; 1991-2020 baseline,degrees_C_anomaly,True,True
1983,12,1983-12-01,1983-12-31,-0.93,rni,https://www.cpc.ncep.noaa.gov/data/indices/Rnino34.ascii.txt,Relative ERSSTv6; 1991-2020 baseline,degrees_C_anomaly,True,True
1984,1,1984-01-01,1984-01-31,-0.81,rni,https://www.cpc.ncep.noaa.gov/data/indices/Rnino34.ascii.txt,Relative ERSSTv6; 1991-2020 baseline,degrees_C_anomaly,True,True
1984,2,1984-02-01,1984-02-29,-0.14,rni,https://www.cpc.ncep.noaa.gov/data/indices/Rnino34.ascii.txt,Relative ERSSTv6; 1991-2020 baseline,degrees_C_anomaly,True,True
1984,3,1984-03-01,1984-03-31,-0.6,rni,https://www.cpc.ncep.noaa.gov/data/indices/Rnino34.ascii.txt,Relative ERSSTv6; 1991-2020 baseline,degrees_C_anomaly,True,True
1984,4,1984-04-01,1984-04-30,-0.63,rni,https://www.cpc.ncep.noaa.gov/data/indices/Rnino34.ascii.txt,Relative ERSSTv6; 1991-2020 baseline,degrees_C_anomaly,True,True
1984,5,1984-05-01,1984-05-31,-0.55,rni,https://www.cpc.ncep.noaa.gov/data/indices/Rnino34.ascii.txt,Relative ERSSTv6; 1991-2020 baseline,degrees_C_anomaly,True,True
1984,6,1984-06-01,1984-06-30,-0.69,rni,https://www.cpc.ncep.noaa.gov/data/indices/Rnino34.ascii.txt,Relative ERSSTv6; 1991-2020 baseline,degrees_C_anomaly,True,True
1984,7,1984-07-01,1984-07-31,-0.28,rni,https://www.cpc.ncep.noaa.gov/data/indices/Rnino34.ascii.txt,Relative ERSSTv6; 1991-2020 baseline,degrees_C_anomaly,True,True
1984,8,1984-08-01,1984-08-31,0.01,rni,https://www.cpc.ncep.noaa.gov/data/indices/Rnino34.ascii.txt,Relative ERSSTv6; 1991-2020 baseline,degrees_C_anomaly,True,True
1984,9,1984-09-01,1984-09-30,-0.24,rni,https://www.cpc.ncep.noaa.gov/data/indices/Rnino34.ascii.txt,Relative ERSSTv6; 1991-2020 baseline,degrees_C_anomaly,True,True
1984,10,1984-10-01,1984-10-31,-0.59,rni,https://www.cpc.ncep.noaa.gov/data/indices/Rnino34.ascii.txt,Relative ERSSTv6; 1991-2020 baseline,degrees_C_anomaly,True,True
1984,11,1984-11-01,1984-11-30,-0.99,rni,https://www.cpc.ncep.noaa.gov/data/indices/Rnino34.ascii.txt,Relative ERSSTv6; 1991-2020 baseline,degrees_C_anomaly,True,True
1984,12,1984-12-01,1984-12-31,-1.07,rni,https://www.cpc.ncep.noaa.gov/data/indices/Rnino34.ascii.txt,Relative ERSSTv6; 1991-2020 baseline,degrees_C_anomaly,True,True
1985,1,1985-01-01,1985-01-31,-0.73,rni,https://www.cpc.ncep.noaa.gov/data/indices/Rnino34.ascii.txt,Relative ERSSTv6; 1991-2020 baseline,degrees_C_anomaly,True,True
1985,2,1985-02-01,1985-02-28,-0.71,rni,https://www.cpc.ncep.noaa.gov/data/indices/Rnino34.ascii.txt,Relative ERSSTv6; 1991-2020 baseline,degrees_C_anomaly,True,True
1985,3,1985-03-01,1985-03-31,-0.6,rni,https://www.cpc.ncep.noaa.gov/data/indices/Rnino34.ascii.txt,Relative ERSSTv6; 1991-2020 baseline,degrees_C_anomaly,True,True
1985,4,1985-04-01,1985-04-30,-0.94,rni,https://www.cpc.ncep.noaa.gov/data/indices/Rnino34.ascii.txt,Relative ERSSTv6; 1991-2020 baseline,degrees_C_anomaly,True,True
1985,5,1985-05-01,1985-05-31,-0.74,rni,https://www.cpc.ncep.noaa.gov/data/indices/Rnino34.ascii.txt,Relative ERSSTv6; 1991-2020 baseline,degrees_C_anomaly,True,True
1985,6,1985-06-01,1985-06-30,-0.63,rni,https://www.cpc.ncep.noaa.gov/data/indices/Rnino34.ascii.txt,Relative ERSSTv6; 1991-2020 baseline,degrees_C_anomaly,True,True
1985,7,1985-07-01,1985-07-31,-0.27,rni,https://www.cpc.ncep.noaa.gov/data/indices/Rnino34.ascii.txt,Relative ERSSTv6; 1991-2020 baseline,degrees_C_anomaly,True,True
1985,8,1985-08-01,1985-08-31,-0.09,rni,https://www.cpc.ncep.noaa.gov/data/indices/Rnino34.ascii.txt,Relative ERSSTv6; 1991-2020 baseline,degrees_C_anomaly,True,True
1985,9,1985-09-01,1985-09-30,-0.23,rni,https://www.cpc.ncep.noaa.gov/data/indices/Rnino34.ascii.txt,Relative ERSSTv6; 1991-2020 baseline,degrees_C_anomaly,True,True
1985,10,1985-10-01,1985-10-31,-0.16,rni,https://www.cpc.ncep.noaa.gov/data/indices/Rnino34.ascii.txt,Relative ERSSTv6; 1991-2020 baseline,degrees_C_anomaly,True,True
1985,11,1985-11-01,1985-11-30,-0.14,rni,https://www.cpc.ncep.noaa.gov/data/indices/Rnino34.ascii.txt,Relative ERSSTv6; 1991-2020 baseline,degrees_C_anomaly,True,True
1985,12,1985-12-01,1985-12-31,-0.11,rni,https://www.cpc.ncep.noaa.gov/data/indices/Rnino34.ascii.txt,Relative ERSSTv6; 1991-2020 baseline,degrees_C_anomaly,True,True
1986,1,1986-01-01,1986-01-31,-0.38,rni,https://www.cpc.ncep.noaa.gov/data/indices/Rnino34.ascii.txt,Relative ERSSTv6; 1991-2020 baseline,degrees_C_anomaly,True,True
1986,2,1986-02-01,1986-02-28,-0.29,rni,https://www.cpc.ncep.noaa.gov/data/indices/Rnino34.ascii.txt,Relative ERSSTv6; 1991-2020 baseline,degrees_C_anomaly,True,True
1986,3,1986-03-01,1986-03-31,-0.14,rni,https://www.cpc.ncep.noaa.gov/data/indices/Rnino34.ascii.txt,Relative ERSSTv6; 1991-2020 baseline,degrees_C_anomaly,True,True
1986,4,1986-04-01,1986-04-30,-0.13,rni,https://www.cpc.ncep.noaa.gov/data/indices/Rnino34.ascii.txt,Relative ERSSTv6; 1991-2020 baseline,degrees_C_anomaly,True,True
1986,5,1986-05-01,1986-05-31,-0.15,rni,https://www.cpc.ncep.noaa.gov/data/indices/Rnino34.ascii.txt,Relative ERSSTv6; 1991-2020 baseline,degrees_C_anomaly,True,True
1986,6,1986-06-01,1986-06-30,-0.04,rni,https://www.cpc.ncep.noaa.gov/data/indices/Rnino34.ascii.txt,Relative ERSSTv6; 1991-2020 baseline,degrees_C_anomaly,True,True
1986,7,1986-07-01,1986-07-31,0.17,rni,https://www.cpc.ncep.noaa.gov/data/indices/Rnino34.ascii.txt,Relative ERSSTv6; 1991-2020 baseline,degrees_C_anomaly,True,True
1986,8,1986-08-01,1986-08-31,0.65,rni,https://www.cpc.ncep.noaa.gov/data/indices/Rnino34.ascii.txt,Relative ERSSTv6; 1991-2020 baseline,degrees_C_anomaly,True,True
1986,9,1986-09-01,1986-09-30,0.88,rni,https://www.cpc.ncep.noaa.gov/data/indices/Rnino34.ascii.txt,Relative ERSSTv6; 1991-2020 baseline,degrees_C_anomaly,True,True
1986,10,1986-10-01,1986-10-31,0.83,rni,https://www.cpc.ncep.noaa.gov/data/indices/Rnino34.ascii.txt,Relative ERSSTv6; 1991-2020 baseline,degrees_C_anomaly,True,True
1986,11,1986-11-01,1986-11-30,1.27,rni,https://www.cpc.ncep.noaa.gov/data/indices/Rnino34.ascii.txt,Relative ERSSTv6; 1991-2020 baseline,degrees_C_anomaly,True,True
1986,12,1986-12-01,1986-12-31,1.54,rni,https://www.cpc.ncep.noaa.gov/data/indices/Rnino34.ascii.txt,Relative ERSSTv6; 1991-2020 baseline,degrees_C_anomaly,True,True
1987,1,1987-01-01,1987-01-31,1.44,rni,https://www.cpc.ncep.noaa.gov/data/indices/Rnino34.ascii.txt,Relative ERSSTv6; 1991-2020 baseline,degrees_C_anomaly,True,True
1987,2,1987-02-01,1987-02-28,1.4,rni,https://www.cpc.ncep.noaa.gov/data/indices/Rnino34.ascii.txt,Relative ERSSTv6; 1991-2020 baseline,degrees_C_anomaly,True,True
1987,3,1987-03-01,1987-03-31,1.21,rni,https://www.cpc.ncep.noaa.gov/data/indices/Rnino34.ascii.txt,Relative ERSSTv6; 1991-2020 baseline,degrees_C_anomaly,True,True
1987,4,1987-04-01,1987-04-30,0.83,rni,https://www.cpc.ncep.noaa.gov/data/indices/Rnino34.ascii.txt,Relative ERSSTv6; 1991-2020 baseline,degrees_C_anomaly,True,True
1987,5,1987-05-01,1987-05-31,0.76,rni,https://www.cpc.ncep.noaa.gov/data/indices/Rnino34.ascii.txt,Relative ERSSTv6; 1991-2020 baseline,degrees_C_anomaly,True,True
1987,6,1987-06-01,1987-06-30,0.95,rni,https://www.cpc.ncep.noaa.gov/data/indices/Rnino34.ascii.txt,Relative ERSSTv6; 1991-2020 baseline,degrees_C_anomaly,True,True
1987,7,1987-07-01,1987-07-31,1.12,rni,https://www.cpc.ncep.noaa.gov/data/indices/Rnino34.ascii.txt,Relative ERSSTv6; 1991-2020 baseline,degrees_C_anomaly,True,True
1987,8,1987-08-01,1987-08-31,1.27,rni,https://www.cpc.ncep.noaa.gov/data/indices/Rnino34.ascii.txt,Relative ERSSTv6; 1991-2020 baseline,degrees_C_anomaly,True,True
1987,9,1987-09-01,1987-09-30,1.52,rni,https://www.cpc.ncep.noaa.gov/data/indices/Rnino34.ascii.txt,Relative ERSSTv6; 1991-2020 baseline,degrees_C_anomaly,True,True
1987,10,1987-10-01,1987-10-31,1.22,rni,https://www.cpc.ncep.noaa.gov/data/indices/Rnino34.ascii.txt,Relative ERSSTv6; 1991-2020 baseline,degrees_C_anomaly,True,True
1987,11,1987-11-01,1987-11-30,0.87,rni,https://www.cpc.ncep.noaa.gov/data/indices/Rnino34.ascii.txt,Relative ERSSTv6; 1991-2020 baseline,degrees_C_anomaly,True,True
1987,12,1987-12-01,1987-12-31,0.86,rni,https://www.cpc.ncep.noaa.gov/data/indices/Rnino34.ascii.txt,Relative ERSSTv6; 1991-2020 baseline,degrees_C_anomaly,True,True
1988,1,1988-01-01,1988-01-31,0.66,rni,https://www.cpc.ncep.noaa.gov/data/indices/Rnino34.ascii.txt,Relative ERSSTv6; 1991-2020 baseline,degrees_C_anomaly,True,True
1988,2,1988-02-01,1988-02-29,-0.18,rni,https://www.cpc.ncep.noaa.gov/data/indices/Rnino34.ascii.txt,Relative ERSSTv6; 1991-2020 baseline,degrees_C_anomaly,True,True
1988,3,1988-03-01,1988-03-31,-0.14,rni,https://www.cpc.ncep.noaa.gov/data/indices/Rnino34.ascii.txt,Relative ERSSTv6; 1991-2020 baseline,degrees_C_anomaly,True,True
1988,4,1988-04-01,1988-04-30,-0.89,rni,https://www.cpc.ncep.noaa.gov/data/indices/Rnino34.ascii.txt,Relative ERSSTv6; 1991-2020 baseline,degrees_C_anomaly,True,True
1988,5,1988-05-01,1988-05-31,-1.69,rni,https://www.cpc.ncep.noaa.gov/data/indices/Rnino34.ascii.txt,Relative ERSSTv6; 1991-2020 baseline,degrees_C_anomaly,True,True
1988,6,1988-06-01,1988-06-30,-1.9,rni,https://www.cpc.ncep.noaa.gov/data/indices/Rnino34.ascii.txt,Relative ERSSTv6; 1991-2020 baseline,degrees_C_anomaly,True,True
1988,7,1988-07-01,1988-07-31,-1.63,rni,https://www.cpc.ncep.noaa.gov/data/indices/Rnino34.ascii.txt,Relative ERSSTv6; 1991-2020 baseline,degrees_C_anomaly,True,True
1988,8,1988-08-01,1988-08-31,-1.38,rni,https://www.cpc.ncep.noaa.gov/data/indices/Rnino34.ascii.txt,Relative ERSSTv6; 1991-2020 baseline,degrees_C_anomaly,True,True
1988,9,1988-09-01,1988-09-30,-1.06,rni,https://www.cpc.ncep.noaa.gov/data/indices/Rnino34.ascii.txt,Relative ERSSTv6; 1991-2020 baseline,degrees_C_anomaly,True,True
1988,10,1988-10-01,1988-10-31,-1.89,rni,https://www.cpc.ncep.noaa.gov/data/indices/Rnino34.ascii.txt,Relative ERSSTv6; 1991-2020 baseline,degrees_C_anomaly,True,True
1988,11,1988-11-01,1988-11-30,-2.17,rni,https://www.cpc.ncep.noaa.gov/data/indices/Rnino34.ascii.txt,Relative ERSSTv6; 1991-2020 baseline,degrees_C_anomaly,True,True
1988,12,1988-12-01,1988-12-31,-1.79,rni,https://www.cpc.ncep.noaa.gov/data/indices/Rnino34.ascii.txt,Relative ERSSTv6; 1991-2020 baseline,degrees_C_anomaly,True,True
1989,1,1989-01-01,1989-01-31,-1.87,rni,https://www.cpc.ncep.noaa.gov/data/indices/Rnino34.ascii.txt,Relative ERSSTv6; 1991-2020 baseline,degrees_C_anomaly,True,True
1989,2,1989-02-01,1989-02-28,-1.27,rni,https://www.cpc.ncep.noaa.gov/data/indices/Rnino34.ascii.txt,Relative ERSSTv6; 1991-2020 baseline,degrees_C_anomaly,True,True
1989,3,1989-03-01,1989-03-31,-0.96,rni,https://www.cpc.ncep.noaa.gov/data/indices/Rnino34.ascii.txt,Relative ERSSTv6; 1991-2020 baseline,degrees_C_anomaly,True,True
1989,4,1989-04-01,1989-04-30,-1.09,rni,https://www.cpc.ncep.noaa.gov/data/indices/Rnino34.ascii.txt,Relative ERSSTv6; 1991-2020 baseline,degrees_C_anomaly,True,True
1989,5,1989-05-01,1989-05-31,-0.62,rni,https://www.cpc.ncep.noaa.gov/data/indices/Rnino34.ascii.txt,Relative ERSSTv6; 1991-2020 baseline,degrees_C_anomaly,True,True
1989,6,1989-06-01,1989-06-30,-0.23,rni,https://www.cpc.ncep.noaa.gov/data/indices/Rnino34.ascii.txt,Relative ERSSTv6; 1991-2020 baseline,degrees_C_anomaly,True,True
1989,7,1989-07-01,1989-07-31,-0.43,rni,https://www.cpc.ncep.noaa.gov/data/indices/Rnino34.ascii.txt,Relative ERSSTv6; 1991-2020 baseline,degrees_C_anomaly,True,True
1989,8,1989-08-01,1989-08-31,-0.56,rni,https://www.cpc.ncep.noaa.gov/data/indices/Rnino34.ascii.txt,Relative ERSSTv6; 1991-2020 baseline,degrees_C_anomaly,True,True
1989,9,1989-09-01,1989-09-30,-0.17,rni,https://www.cpc.ncep.noaa.gov/data/indices/Rnino34.ascii.txt,Relative ERSSTv6; 1991-2020 baseline,degrees_C_anomaly,True,True
1989,10,1989-10-01,1989-10-31,-0.2,rni,https://www.cpc.ncep.noaa.gov/data/indices/Rnino34.ascii.txt,Relative ERSSTv6; 1991-2020 baseline,degrees_C_anomaly,True,True
1989,11,1989-11-01,1989-11-30,-0.32,rni,https://www.cpc.ncep.noaa.gov/data/indices/Rnino34.ascii.txt,Relative ERSSTv6; 1991-2020 baseline,degrees_C_anomaly,True,True
1989,12,1989-12-01,1989-12-31,0.29,rni,https://www.cpc.ncep.noaa.gov/data/indices/Rnino34.ascii.txt,Relative ERSSTv6; 1991-2020 baseline,degrees_C_anomaly,True,True
1990,1,1990-01-01,1990-01-31,0.2,rni,https://www.cpc.ncep.noaa.gov/data/indices/Rnino34.ascii.txt,Relative ERSSTv6; 1991-2020 baseline,degrees_C_anomaly,True,True
1990,2,1990-02-01,1990-02-28,0.47,rni,https://www.cpc.ncep.noaa.gov/data/indices/Rnino34.ascii.txt,Relative ERSSTv6; 1991-2020 baseline,degrees_C_anomaly,True,True
1990,3,1990-03-01,1990-03-31,0.23,rni,https://www.cpc.ncep.noaa.gov/data/indices/Rnino34.ascii.txt,Relative ERSSTv6; 1991-2020 baseline,degrees_C_anomaly,True,True
1990,4,1990-04-01,1990-04-30,0.27,rni,https://www.cpc.ncep.noaa.gov/data/indices/Rnino34.ascii.txt,Relative ERSSTv6; 1991-2020 baseline,degrees_C_anomaly,True,True
1990,5,1990-05-01,1990-05-31,0.28,rni,https://www.cpc.ncep.noaa.gov/data/indices/Rnino34.ascii.txt,Relative ERSSTv6; 1991-2020 baseline,degrees_C_anomaly,True,True
1990,6,1990-06-01,1990-06-30,0.02,rni,https://www.cpc.ncep.noaa.gov/data/indices/Rnino34.ascii.txt,Relative ERSSTv6; 1991-2020 baseline,degrees_C_anomaly,True,True
1990,7,1990-07-01,1990-07-31,0.31,rni,https://www.cpc.ncep.noaa.gov/data/indices/Rnino34.ascii.txt,Relative ERSSTv6; 1991-2020 baseline,degrees_C_anomaly,True,True
1990,8,1990-08-01,1990-08-31,0.31,rni,https://www.cpc.ncep.noaa.gov/data/indices/Rnino34.ascii.txt,Relative ERSSTv6; 1991-2020 baseline,degrees_C_anomaly,True,True
1990,9,1990-09-01,1990-09-30,0.37,rni,https://www.cpc.ncep.noaa.gov/data/indices/Rnino34.ascii.txt,Relative ERSSTv6; 1991-2020 baseline,degrees_C_anomaly,True,True
1990,10,1990-10-01,1990-10-31,0.31,rni,https://www.cpc.ncep.noaa.gov/data/indices/Rnino34.ascii.txt,Relative ERSSTv6; 1991-2020 baseline,degrees_C_anomaly,True,True
1990,11,1990-11-01,1990-11-30,0.13,rni,https://www.cpc.ncep.noaa.gov/data/indices/Rnino34.ascii.txt,Relative ERSSTv6; 1991-2020 baseline,degrees_C_anomaly,True,True
1990,12,1990-12-01,1990-12-31,0.45,rni,https://www.cpc.ncep.noaa.gov/data/indices/Rnino34.ascii.txt,Relative ERSSTv6; 1991-2020 baseline,degrees_C_anomaly,True,True
1991,1,1991-01-01,1991-01-31,0.72,rni,https://www.cpc.ncep.noaa.gov/data/indices/Rnino34.ascii.txt,Relative ERSSTv6; 1991-2020 baseline,degrees_C_anomaly,True,True
1991,2,1991-02-01,1991-02-28,0.53,rni,https://www.cpc.ncep.noaa.gov/data/indices/Rnino34.ascii.txt,Relative ERSSTv6; 1991-2020 baseline,degrees_C_anomaly,True,True
1991,3,1991-03-01,1991-03-31,0.34,rni,https://www.cpc.ncep.noaa.gov/data/indices/Rnino34.ascii.txt,Relative ERSSTv6; 1991-2020 baseline,degrees_C_anomaly,True,True
1991,4,1991-04-01,1991-04-30,0.4,rni,https://www.cpc.ncep.noaa.gov/data/indices/Rnino34.ascii.txt,Relative ERSSTv6; 1991-2020 baseline,degrees_C_anomaly,True,True
1991,5,1991-05-01,1991-05-31,0.51,rni,https://www.cpc.ncep.noaa.gov/data/indices/Rnino34.ascii.txt,Relative ERSSTv6; 1991-2020 baseline,degrees_C_anomaly,True,True
1991,6,1991-06-01,1991-06-30,0.76,rni,https://www.cpc.ncep.noaa.gov/data/indices/Rnino34.ascii.txt,Relative ERSSTv6; 1991-2020 baseline,degrees_C_anomaly,True,True
1991,7,1991-07-01,1991-07-31,0.81,rni,https://www.cpc.ncep.noaa.gov/data/indices/Rnino34.ascii.txt,Relative ERSSTv6; 1991-2020 baseline,degrees_C_anomaly,True,True
1991,8,1991-08-01,1991-08-31,1.01,rni,https://www.cpc.ncep.noaa.gov/data/indices/Rnino34.ascii.txt,Relative ERSSTv6; 1991-2020 baseline,degrees_C_anomaly,True,True
1991,9,1991-09-01,1991-09-30,0.68,rni,https://www.cpc.ncep.noaa.gov/data/indices/Rnino34.ascii.txt,Relative ERSSTv6; 1991-2020 baseline,degrees_C_anomaly,True,True
1991,10,1991-10-01,1991-10-31,1.33,rni,https://www.cpc.ncep.noaa.gov/data/indices/Rnino34.ascii.txt,Relative ERSSTv6; 1991-2020 baseline,degrees_C_anomaly,True,True
1991,11,1991-11-01,1991-11-30,1.6,rni,https://www.cpc.ncep.noaa.gov/data/indices/Rnino34.ascii.txt,Relative ERSSTv6; 1991-2020 baseline,degrees_C_anomaly,True,True
1991,12,1991-12-01,1991-12-31,2.05,rni,https://www.cpc.ncep.noaa.gov/data/indices/Rnino34.ascii.txt,Relative ERSSTv6; 1991-2020 baseline,degrees_C_anomaly,True,True
1992,1,1992-01-01,1992-01-31,2.26,rni,https://www.cpc.ncep.noaa.gov/data/indices/Rnino34.ascii.txt,Relative ERSSTv6; 1991-2020 baseline,degrees_C_anomaly,True,True
1992,2,1992-02-01,1992-02-29,2.05,rni,https://www.cpc.ncep.noaa.gov/data/indices/Rnino34.ascii.txt,Relative ERSSTv6; 1991-2020 baseline,degrees_C_anomaly,True,True
1992,3,1992-03-01,1992-03-31,1.93,rni,https://www.cpc.ncep.noaa.gov/data/indices/Rnino34.ascii.txt,Relative ERSSTv6; 1991-2020 baseline,degrees_C_anomaly,True,True
1992,4,1992-04-01,1992-04-30,1.84,rni,https://www.cpc.ncep.noaa.gov/data/indices/Rnino34.ascii.txt,Relative ERSSTv6; 1991-2020 baseline,degrees_C_anomaly,True,True
1992,5,1992-05-01,1992-05-31,1.51,rni,https://www.cpc.ncep.noaa.gov/data/indices/Rnino34.ascii.txt,Relative ERSSTv6; 1991-2020 baseline,degrees_C_anomaly,True,True
1992,6,1992-06-01,1992-06-30,0.85,rni,https://www.cpc.ncep.noaa.gov/data/indices/Rnino34.ascii.txt,Relative ERSSTv6; 1991-2020 baseline,degrees_C_anomaly,True,True
1992,7,1992-07-01,1992-07-31,0.45,rni,https://www.cpc.ncep.noaa.gov/data/indices/Rnino34.ascii.txt,Relative ERSSTv6; 1991-2020 baseline,degrees_C_anomaly,True,True
1992,8,1992-08-01,1992-08-31,0.25,rni,https://www.cpc.ncep.noaa.gov/data/indices/Rnino34.ascii.txt,Relative ERSSTv6; 1991-2020 baseline,degrees_C_anomaly,True,True
1992,9,1992-09-01,1992-09-30,0.21,rni,https://www.cpc.ncep.noaa.gov/data/indices/Rnino34.ascii.txt,Relative ERSSTv6; 1991-2020 baseline,degrees_C_anomaly,True,True
1992,10,1992-10-01,1992-10-31,-0.09,rni,https://www.cpc.ncep.noaa.gov/data/indices/Rnino34.ascii.txt,Relative ERSSTv6; 1991-2020 baseline,degrees_C_anomaly,True,True
1992,11,1992-11-01,1992-11-30,0.17,rni,https://www.cpc.ncep.noaa.gov/data/indices/Rnino34.ascii.txt,Relative ERSSTv6; 1991-2020 baseline,degrees_C_anomaly,True,True
1992,12,1992-12-01,1992-12-31,0.28,rni,https://www.cpc.ncep.noaa.gov/data/indices/Rnino34.ascii.txt,Relative ERSSTv6; 1991-2020 baseline,degrees_C_anomaly,True,True
1993,1,1993-01-01,1993-01-31,0.6,rni,https://www.cpc.ncep.noaa.gov/data/indices/Rnino34.ascii.txt,Relative ERSSTv6; 1991-2020 baseline,degrees_C_anomaly,True,True
1993,2,1993-02-01,1993-02-28,0.78,rni,https://www.cpc.ncep.noaa.gov/data/indices/Rnino34.ascii.txt,Relative ERSSTv6; 1991-2020 baseline,degrees_C_anomaly,True,True
1993,3,1993-03-01,1993-03-31,0.74,rni,https://www.cpc.ncep.noaa.gov/data/indices/Rnino34.ascii.txt,Relative ERSSTv6; 1991-2020 baseline,degrees_C_anomaly,True,True
1993,4,1993-04-01,1993-04-30,1.07,rni,https://www.cpc.ncep.noaa.gov/data/indices/Rnino34.ascii.txt,Relative ERSSTv6; 1991-2020 baseline,degrees_C_anomaly,True,True
1993,5,1993-05-01,1993-05-31,1.38,rni,https://www.cpc.ncep.noaa.gov/data/indices/Rnino34.ascii.txt,Relative ERSSTv6; 1991-2020 baseline,degrees_C_anomaly,True,True
1993,6,1993-06-01,1993-06-30,0.55,rni,https://www.cpc.ncep.noaa.gov/data/indices/Rnino34.ascii.txt,Relative ERSSTv6; 1991-2020 baseline,degrees_C_anomaly,True,True
1993,7,1993-07-01,1993-07-31,0.38,rni,https://www.cpc.ncep.noaa.gov/data/indices/Rnino34.ascii.txt,Relative ERSSTv6; 1991-2020 baseline,degrees_C_anomaly,True,True
1993,8,1993-08-01,1993-08-31,0.43,rni,https://www.cpc.ncep.noaa.gov/data/indices/Rnino34.ascii.txt,Relative ERSSTv6; 1991-2020 baseline,degrees_C_anomaly,True,True
1993,9,1993-09-01,1993-09-30,0.58,rni,https://www.cpc.ncep.noaa.gov/data/indices/Rnino34.ascii.txt,Relative ERSSTv6; 1991-2020 baseline,degrees_C_anomaly,True,True
1993,10,1993-10-01,1993-10-31,0.44,rni,https://www.cpc.ncep.noaa.gov/data/indices/Rnino34.ascii.txt,Relative ERSSTv6; 1991-2020 baseline,degrees_C_anomaly,True,True
1993,11,1993-11-01,1993-11-30,0.36,rni,https://www.cpc.ncep.noaa.gov/data/indices/Rnino34.ascii.txt,Relative ERSSTv6; 1991-2020 baseline,degrees_C_anomaly,True,True
1993,12,1993-12-01,1993-12-31,0.51,rni,https://www.cpc.ncep.noaa.gov/data/indices/Rnino34.ascii.txt,Relative ERSSTv6; 1991-2020 baseline,degrees_C_anomaly,True,True
1994,1,1994-01-01,1994-01-31,0.38,rni,https://www.cpc.ncep.noaa.gov/data/indices/Rnino34.ascii.txt,Relative ERSSTv6; 1991-2020 baseline,degrees_C_anomaly,True,True
1994,2,1994-02-01,1994-02-28,0.1,rni,https://www.cpc.ncep.noaa.gov/data/indices/Rnino34.ascii.txt,Relative ERSSTv6; 1991-2020 baseline,degrees_C_anomaly,True,True
1994,3,1994-03-01,1994-03-31,0.23,rni,https://www.cpc.ncep.noaa.gov/data/indices/Rnino34.ascii.txt,Relative ERSSTv6; 1991-2020 baseline,degrees_C_anomaly,True,True
1994,4,1994-04-01,1994-04-30,0.36,rni,https://www.cpc.ncep.noaa.gov/data/indices/Rnino34.ascii.txt,Relative ERSSTv6; 1991-2020 baseline,degrees_C_anomaly,True,True
1994,5,1994-05-01,1994-05-31,0.36,rni,https://www.cpc.ncep.noaa.gov/data/indices/Rnino34.ascii.txt,Relative ERSSTv6; 1991-2020 baseline,degrees_C_anomaly,True,True
1994,6,1994-06-01,1994-06-30,0.47,rni,https://www.cpc.ncep.noaa.gov/data/indices/Rnino34.ascii.txt,Relative ERSSTv6; 1991-2020 baseline,degrees_C_anomaly,True,True
1994,7,1994-07-01,1994-07-31,0.41,rni,https://www.cpc.ncep.noaa.gov/data/indices/Rnino34.ascii.txt,Relative ERSSTv6; 1991-2020 baseline,degrees_C_anomaly,True,True
1994,8,1994-08-01,1994-08-31,0.72,rni,https://www.cpc.ncep.noaa.gov/data/indices/Rnino34.ascii.txt,Relative ERSSTv6; 1991-2020 baseline,degrees_C_anomaly,True,True
1994,9,1994-09-01,1994-09-30,0.66,rni,https://www.cpc.ncep.noaa.gov/data/indices/Rnino34.ascii.txt,Relative ERSSTv6; 1991-2020 baseline,degrees_C_anomaly,True,True
1994,10,1994-10-01,1994-10-31,0.98,rni,https://www.cpc.ncep.noaa.gov/data/indices/Rnino34.ascii.txt,Relative ERSSTv6; 1991-2020 baseline,degrees_C_anomaly,True,True
1994,11,1994-11-01,1994-11-30,1.25,rni,https://www.cpc.ncep.noaa.gov/data/indices/Rnino34.ascii.txt,Relative ERSSTv6; 1991-2020 baseline,degrees_C_anomaly,True,True
1994,12,1994-12-01,1994-12-31,1.47,rni,https://www.cpc.ncep.noaa.gov/data/indices/Rnino34.ascii.txt,Relative ERSSTv6; 1991-2020 baseline,degrees_C_anomaly,True,True
1995,1,1995-01-01,1995-01-31,1.13,rni,https://www.cpc.ncep.noaa.gov/data/indices/Rnino34.ascii.txt,Relative ERSSTv6; 1991-2020 baseline,degrees_C_anomaly,True,True
1995,2,1995-02-01,1995-02-28,0.92,rni,https://www.cpc.ncep.noaa.gov/data/indices/Rnino34.ascii.txt,Relative ERSSTv6; 1991-2020 baseline,degrees_C_anomaly,True,True
1995,3,1995-03-01,1995-03-31,0.53,rni,https://www.cpc.ncep.noaa.gov/data/indices/Rnino34.ascii.txt,Relative ERSSTv6; 1991-2020 baseline,degrees_C_anomaly,True,True
1995,4,1995-04-01,1995-04-30,0.19,rni,https://www.cpc.ncep.noaa.gov/data/indices/Rnino34.ascii.txt,Relative ERSSTv6; 1991-2020 baseline,degrees_C_anomaly,True,True
1995,5,1995-05-01,1995-05-31,-0.12,rni,https://www.cpc.ncep.noaa.gov/data/indices/Rnino34.ascii.txt,Relative ERSSTv6; 1991-2020 baseline,degrees_C_anomaly,True,True
1995,6,1995-06-01,1995-06-30,-0.27,rni,https://www.cpc.ncep.noaa.gov/data/indices/Rnino34.ascii.txt,Relative ERSSTv6; 1991-2020 baseline,degrees_C_anomaly,True,True
1995,7,1995-07-01,1995-07-31,-0.3,rni,https://www.cpc.ncep.noaa.gov/data/indices/Rnino34.ascii.txt,Relative ERSSTv6; 1991-2020 baseline,degrees_C_anomaly,True,True
1995,8,1995-08-01,1995-08-31,-0.66,rni,https://www.cpc.ncep.noaa.gov/data/indices/Rnino34.ascii.txt,Relative ERSSTv6; 1991-2020 baseline,degrees_C_anomaly,True,True
1995,9,1995-09-01,1995-09-30,-0.74,rni,https://www.cpc.ncep.noaa.gov/data/indices/Rnino34.ascii.txt,Relative ERSSTv6; 1991-2020 baseline,degrees_C_anomaly,True,True
1995,10,1995-10-01,1995-10-31,-0.88,rni,https://www.cpc.ncep.noaa.gov/data/indices/Rnino34.ascii.txt,Relative ERSSTv6; 1991-2020 baseline,degrees_C_anomaly,True,True
1995,11,1995-11-01,1995-11-30,-1.17,rni,https://www.cpc.ncep.noaa.gov/data/indices/Rnino34.ascii.txt,Relative ERSSTv6; 1991-2020 baseline,degrees_C_anomaly,True,True
1995,12,1995-12-01,1995-12-31,-1.0,rni,https://www.cpc.ncep.noaa.gov/data/indices/Rnino34.ascii.txt,Relative ERSSTv6; 1991-2020 baseline,degrees_C_anomaly,True,True
1996,1,1996-01-01,1996-01-31,-0.8,rni,https://www.cpc.ncep.noaa.gov/data/indices/Rnino34.ascii.txt,Relative ERSSTv6; 1991-2020 baseline,degrees_C_anomaly,True,True
1996,2,1996-02-01,1996-02-29,-0.81,rni,https://www.cpc.ncep.noaa.gov/data/indices/Rnino34.ascii.txt,Relative ERSSTv6; 1991-2020 baseline,degrees_C_anomaly,True,True
1996,3,1996-03-01,1996-03-31,-0.64,rni,https://www.cpc.ncep.noaa.gov/data/indices/Rnino34.ascii.txt,Relative ERSSTv6; 1991-2020 baseline,degrees_C_anomaly,True,True
1996,4,1996-04-01,1996-04-30,-0.29,rni,https://www.cpc.ncep.noaa.gov/data/indices/Rnino34.ascii.txt,Relative ERSSTv6; 1991-2020 baseline,degrees_C_anomaly,True,True
1996,5,1996-05-01,1996-05-31,-0.19,rni,https://www.cpc.ncep.noaa.gov/data/indices/Rnino34.ascii.txt,Relative ERSSTv6; 1991-2020 baseline,degrees_C_anomaly,True,True
1996,6,1996-06-01,1996-06-30,-0.27,rni,https://www.cpc.ncep.noaa.gov/data/indices/Rnino34.ascii.txt,Relative ERSSTv6; 1991-2020 baseline,degrees_C_anomaly,True,True
1996,7,1996-07-01,1996-07-31,-0.26,rni,https://www.cpc.ncep.noaa.gov/data/indices/Rnino34.ascii.txt,Relative ERSSTv6; 1991-2020 baseline,degrees_C_anomaly,True,True
1996,8,1996-08-01,1996-08-31,-0.06,rni,https://www.cpc.ncep.noaa.gov/data/indices/Rnino34.ascii.txt,Relative ERSSTv6; 1991-2020 baseline,degrees_C_anomaly,True,True
1996,9,1996-09-01,1996-09-30,-0.29,rni,https://www.cpc.ncep.noaa.gov/data/indices/Rnino34.ascii.txt,Relative ERSSTv6; 1991-2020 baseline,degrees_C_anomaly,True,True
1996,10,1996-10-01,1996-10-31,-0.25,rni,https://www.cpc.ncep.noaa.gov/data/indices/Rnino34.ascii.txt,Relative ERSSTv6; 1991-2020 baseline,degrees_C_anomaly,True,True
1996,11,1996-11-01,1996-11-30,-0.21,rni,https://www.cpc.ncep.noaa.gov/data/indices/Rnino34.ascii.txt,Relative ERSSTv6; 1991-2020 baseline,degrees_C_anomaly,True,True
1996,12,1996-12-01,1996-12-31,-0.44,rni,https://www.cpc.ncep.noaa.gov/data/indices/Rnino34.ascii.txt,Relative ERSSTv6; 1991-2020 baseline,degrees_C_anomaly,True,True
1997,1,1997-01-01,1997-01-31,-0.21,rni,https://www.cpc.ncep.noaa.gov/data/indices/Rnino34.ascii.txt,Relative ERSSTv6; 1991-2020 baseline,degrees_C_anomaly,True,True
1997,2,1997-02-01,1997-02-28,0.03,rni,https://www.cpc.ncep.noaa.gov/data/indices/Rnino34.ascii.txt,Relative ERSSTv6; 1991-2020 baseline,degrees_C_anomaly,True,True
1997,3,1997-03-01,1997-03-31,0.07,rni,https://www.cpc.ncep.noaa.gov/data/indices/Rnino34.ascii.txt,Relative ERSSTv6; 1991-2020 baseline,degrees_C_anomaly,True,True
1997,4,1997-04-01,1997-04-30,0.41,rni,https://www.cpc.ncep.noaa.gov/data/indices/Rnino34.ascii.txt,Relative ERSSTv6; 1991-2020 baseline,degrees_C_anomaly,True,True
1997,5,1997-05-01,1997-05-31,0.93,rni,https://www.cpc.ncep.noaa.gov/data/indices/Rnino34.ascii.txt,Relative ERSSTv6; 1991-2020 baseline,degrees_C_anomaly,True,True
1997,6,1997-06-01,1997-06-30,1.14,rni,https://www.cpc.ncep.noaa.gov/data/indices/Rnino34.ascii.txt,Relative ERSSTv6; 1991-2020 baseline,degrees_C_anomaly,True,True
1997,7,1997-07-01,1997-07-31,1.52,rni,https://www.cpc.ncep.noaa.gov/data/indices/Rnino34.ascii.txt,Relative ERSSTv6; 1991-2020 baseline,degrees_C_anomaly,True,True
1997,8,1997-08-01,1997-08-31,1.85,rni,https://www.cpc.ncep.noaa.gov/data/indices/Rnino34.ascii.txt,Relative ERSSTv6; 1991-2020 baseline,degrees_C_anomaly,True,True
1997,9,1997-09-01,1997-09-30,2.15,rni,https://www.cpc.ncep.noaa.gov/data/indices/Rnino34.ascii.txt,Relative ERSSTv6; 1991-2020 baseline,degrees_C_anomaly,True,True
1997,10,1997-10-01,1997-10-31,2.2,rni,https://www.cpc.ncep.noaa.gov/data/indices/Rnino34.ascii.txt,Relative ERSSTv6; 1991-2020 baseline,degrees_C_anomaly,True,True
1997,11,1997-11-01,1997-11-30,2.29,rni,https://www.cpc.ncep.noaa.gov/data/indices/Rnino34.ascii.txt,Relative ERSSTv6; 1991-2020 baseline,degrees_C_anomaly,True,True
1997,12,1997-12-01,1997-12-31,2.25,rni,https://www.cpc.ncep.noaa.gov/data/indices/Rnino34.ascii.txt,Relative ERSSTv6; 1991-2020 baseline,degrees_C_anomaly,True,True
1998,1,1998-01-01,1998-01-31,2.29,rni,https://www.cpc.ncep.noaa.gov/data/indices/Rnino34.ascii.txt,Relative ERSSTv6; 1991-2020 baseline,degrees_C_anomaly,True,True
1998,2,1998-02-01,1998-02-28,1.86,rni,https://www.cpc.ncep.noaa.gov/data/indices/Rnino34.ascii.txt,Relative ERSSTv6; 1991-2020 baseline,degrees_C_anomaly,True,True
1998,3,1998-03-01,1998-03-31,1.32,rni,https://www.cpc.ncep.noaa.gov/data/indices/Rnino34.ascii.txt,Relative ERSSTv6; 1991-2020 baseline,degrees_C_anomaly,True,True
1998,4,1998-04-01,1998-04-30,0.48,rni,https://www.cpc.ncep.noaa.gov/data/indices/Rnino34.ascii.txt,Relative ERSSTv6; 1991-2020 baseline,degrees_C_anomaly,True,True
1998,5,1998-05-01,1998-05-31,0.65,rni,https://www.cpc.ncep.noaa.gov/data/indices/Rnino34.ascii.txt,Relative ERSSTv6; 1991-2020 baseline,degrees_C_anomaly,True,True
1998,6,1998-06-01,1998-06-30,-0.93,rni,https://www.cpc.ncep.noaa.gov/data/indices/Rnino34.ascii.txt,Relative ERSSTv6; 1991-2020 baseline,degrees_C_anomaly,True,True
1998,7,1998-07-01,1998-07-31,-1.11,rni,https://www.cpc.ncep.noaa.gov/data/indices/Rnino34.ascii.txt,Relative ERSSTv6; 1991-2020 baseline,degrees_C_anomaly,True,True
1998,8,1998-08-01,1998-08-31,-1.11,rni,https://www.cpc.ncep.noaa.gov/data/indices/Rnino34.ascii.txt,Relative ERSSTv6; 1991-2020 baseline,degrees_C_anomaly,True,True
1998,9,1998-09-01,1998-09-30,-1.19,rni,https://www.cpc.ncep.noaa.gov/data/indices/Rnino34.ascii.txt,Relative ERSSTv6; 1991-2020 baseline,degrees_C_anomaly,True,True
1998,10,1998-10-01,1998-10-31,-1.42,rni,https://www.cpc.ncep.noaa.gov/data/indices/Rnino34.ascii.txt,Relative ERSSTv6; 1991-2020 baseline,degrees_C_anomaly,True,True
1998,11,1998-11-01,1998-11-30,-1.37,rni,https://www.cpc.ncep.noaa.gov/data/indices/Rnino34.ascii.txt,Relative ERSSTv6; 1991-2020 baseline,degrees_C_anomaly,True,True
1998,12,1998-12-01,1998-12-31,-1.74,rni,https://www.cpc.ncep.noaa.gov/data/indices/Rnino34.ascii.txt,Relative ERSSTv6; 1991-2020 baseline,degrees_C_anomaly,True,True
1999,1,1999-01-01,1999-01-31,-1.72,rni,https://www.cpc.ncep.noaa.gov/data/indices/Rnino34.ascii.txt,Relative ERSSTv6; 1991-2020 baseline,degrees_C_anomaly,True,True
1999,2,1999-02-01,1999-02-28,-1.22,rni,https://www.cpc.ncep.noaa.gov/data/indices/Rnino34.ascii.txt,Relative ERSSTv6; 1991-2020 baseline,degrees_C_anomaly,True,True
1999,3,1999-03-01,1999-03-31,-0.91,rni,https://www.cpc.ncep.noaa.gov/data/indices/Rnino34.ascii.txt,Relative ERSSTv6; 1991-2020 baseline,degrees_C_anomaly,True,True
1999,4,1999-04-01,1999-04-30,-0.83,rni,https://www.cpc.ncep.noaa.gov/data/indices/Rnino34.ascii.txt,Relative ERSSTv6; 1991-2020 baseline,degrees_C_anomaly,True,True
1999,5,1999-05-01,1999-05-31,-0.89,rni,https://www.cpc.ncep.noaa.gov/data/indices/Rnino34.ascii.txt,Relative ERSSTv6; 1991-2020 baseline,degrees_C_anomaly,True,True
1999,6,1999-06-01,1999-06-30,-0.71,rni,https://www.cpc.ncep.noaa.gov/data/indices/Rnino34.ascii.txt,Relative ERSSTv6; 1991-2020 baseline,degrees_C_anomaly,True,True
1999,7,1999-07-01,1999-07-31,-0.87,rni,https://www.cpc.ncep.noaa.gov/data/indices/Rnino34.ascii.txt,Relative ERSSTv6; 1991-2020 baseline,degrees_C_anomaly,True,True
1999,8,1999-08-01,1999-08-31,-0.92,rni,https://www.cpc.ncep.noaa.gov/data/indices/Rnino34.ascii.txt,Relative ERSSTv6; 1991-2020 baseline,degrees_C_anomaly,True,True
1999,9,1999-09-01,1999-09-30,-0.79,rni,https://www.cpc.ncep.noaa.gov/data/indices/Rnino34.ascii.txt,Relative ERSSTv6; 1991-2020 baseline,degrees_C_anomaly,True,True
1999,10,1999-10-01,1999-10-31,-0.91,rni,https://www.cpc.ncep.noaa.gov/data/indices/Rnino34.ascii.txt,Relative ERSSTv6; 1991-2020 baseline,degrees_C_anomaly,True,True
1999,11,1999-11-01,1999-11-30,-1.48,rni,https://www.cpc.ncep.noaa.gov/data/indices/Rnino34.ascii.txt,Relative ERSSTv6; 1991-2020 baseline,degrees_C_anomaly,True,True
1999,12,1999-12-01,1999-12-31,-1.61,rni,https://www.cpc.ncep.noaa.gov/data/indices/Rnino34.ascii.txt,Relative ERSSTv6; 1991-2020 baseline,degrees_C_anomaly,True,True
2000,1,2000-01-01,2000-01-31,-1.59,rni,https://www.cpc.ncep.noaa.gov/data/indices/Rnino34.ascii.txt,Relative ERSSTv6; 1991-2020 baseline,degrees_C_anomaly,True,True
2000,2,2000-02-01,2000-02-29,-1.31,rni,https://www.cpc.ncep.noaa.gov/data/indices/Rnino34.ascii.txt,Relative ERSSTv6; 1991-2020 baseline,degrees_C_anomaly,True,True
2000,3,2000-03-01,2000-03-31,-1.03,rni,https://www.cpc.ncep.noaa.gov/data/indices/Rnino34.ascii.txt,Relative ERSSTv6; 1991-2020 baseline,degrees_C_anomaly,True,True
2000,4,2000-04-01,2000-04-30,-0.84,rni,https://www.cpc.ncep.noaa.gov/data/indices/Rnino34.ascii.txt,Relative ERSSTv6; 1991-2020 baseline,degrees_C_anomaly,True,True
2000,5,2000-05-01,2000-05-31,-0.77,rni,https://www.cpc.ncep.noaa.gov/data/indices/Rnino34.ascii.txt,Relative ERSSTv6; 1991-2020 baseline,degrees_C_anomaly,True,True
2000,6,2000-06-01,2000-06-30,-0.43,rni,https://www.cpc.ncep.noaa.gov/data/indices/Rnino34.ascii.txt,Relative ERSSTv6; 1991-2020 baseline,degrees_C_anomaly,True,True
2000,7,2000-07-01,2000-07-31,-0.41,rni,https://www.cpc.ncep.noaa.gov/data/indices/Rnino34.ascii.txt,Relative ERSSTv6; 1991-2020 baseline,degrees_C_anomaly,True,True
2000,8,2000-08-01,2000-08-31,-0.22,rni,https://www.cpc.ncep.noaa.gov/data/indices/Rnino34.ascii.txt,Relative ERSSTv6; 1991-2020 baseline,degrees_C_anomaly,True,True
2000,9,2000-09-01,2000-09-30,-0.24,rni,https://www.cpc.ncep.noaa.gov/data/indices/Rnino34.ascii.txt,Relative ERSSTv6; 1991-2020 baseline,degrees_C_anomaly,True,True
2000,10,2000-10-01,2000-10-31,-0.61,rni,https://www.cpc.ncep.noaa.gov/data/indices/Rnino34.ascii.txt,Relative ERSSTv6; 1991-2020 baseline,degrees_C_anomaly,True,True
2000,11,2000-11-01,2000-11-30,-0.79,rni,https://www.cpc.ncep.noaa.gov/data/indices/Rnino34.ascii.txt,Relative ERSSTv6; 1991-2020 baseline,degrees_C_anomaly,True,True
2000,12,2000-12-01,2000-12-31,-0.97,rni,https://www.cpc.ncep.noaa.gov/data/indices/Rnino34.ascii.txt,Relative ERSSTv6; 1991-2020 baseline,degrees_C_anomaly,True,True
2001,1,2001-01-01,2001-01-31,-0.7,rni,https://www.cpc.ncep.noaa.gov/data/indices/Rnino34.ascii.txt,Relative ERSSTv6; 1991-2020 baseline,degrees_C_anomaly,True,True
2001,2,2001-02-01,2001-02-28,-0.7,rni,https://www.cpc.ncep.noaa.gov/data/indices/Rnino34.ascii.txt,Relative ERSSTv6; 1991-2020 baseline,degrees_C_anomaly,True,True
2001,3,2001-03-01,2001-03-31,-0.45,rni,https://www.cpc.ncep.noaa.gov/data/indices/Rnino34.ascii.txt,Relative ERSSTv6; 1991-2020 baseline,degrees_C_anomaly,True,True
2001,4,2001-04-01,2001-04-30,-0.52,rni,https://www.cpc.ncep.noaa.gov/data/indices/Rnino34.ascii.txt,Relative ERSSTv6; 1991-2020 baseline,degrees_C_anomaly,True,True
2001,5,2001-05-01,2001-05-31,-0.27,rni,https://www.cpc.ncep.noaa.gov/data/indices/Rnino34.ascii.txt,Relative ERSSTv6; 1991-2020 baseline,degrees_C_anomaly,True,True
2001,6,2001-06-01,2001-06-30,-0.05,rni,https://www.cpc.ncep.noaa.gov/data/indices/Rnino34.ascii.txt,Relative ERSSTv6; 1991-2020 baseline,degrees_C_anomaly,True,True
2001,7,2001-07-01,2001-07-31,0.08,rni,https://www.cpc.ncep.noaa.gov/data/indices/Rnino34.ascii.txt,Relative ERSSTv6; 1991-2020 baseline,degrees_C_anomaly,True,True
2001,8,2001-08-01,2001-08-31,0.01,rni,https://www.cpc.ncep.noaa.gov/data/indices/Rnino34.ascii.txt,Relative ERSSTv6; 1991-2020 baseline,degrees_C_anomaly,True,True
2001,9,2001-09-01,2001-09-30,-0.15,rni,https://www.cpc.ncep.noaa.gov/data/indices/Rnino34.ascii.txt,Relative ERSSTv6; 1991-2020 baseline,degrees_C_anomaly,True,True
2001,10,2001-10-01,2001-10-31,0.0,rni,https://www.cpc.ncep.noaa.gov/data/indices/Rnino34.ascii.txt,Relative ERSSTv6; 1991-2020 baseline,degrees_C_anomaly,True,True
2001,11,2001-11-01,2001-11-30,-0.38,rni,https://www.cpc.ncep.noaa.gov/data/indices/Rnino34.ascii.txt,Relative ERSSTv6; 1991-2020 baseline,degrees_C_anomaly,True,True
2001,12,2001-12-01,2001-12-31,-0.44,rni,https://www.cpc.ncep.noaa.gov/data/indices/Rnino34.ascii.txt,Relative ERSSTv6; 1991-2020 baseline,degrees_C_anomaly,True,True
2002,1,2002-01-01,2002-01-31,-0.13,rni,https://www.cpc.ncep.noaa.gov/data/indices/Rnino34.ascii.txt,Relative ERSSTv6; 1991-2020 baseline,degrees_C_anomaly,True,True
2002,2,2002-02-01,2002-02-28,0.09,rni,https://www.cpc.ncep.noaa.gov/data/indices/Rnino34.ascii.txt,Relative ERSSTv6; 1991-2020 baseline,degrees_C_anomaly,True,True
2002,3,2002-03-01,2002-03-31,0.06,rni,https://www.cpc.ncep.noaa.gov/data/indices/Rnino34.ascii.txt,Relative ERSSTv6; 1991-2020 baseline,degrees_C_anomaly,True,True
2002,4,2002-04-01,2002-04-30,-0.07,rni,https://www.cpc.ncep.noaa.gov/data/indices/Rnino34.ascii.txt,Relative ERSSTv6; 1991-2020 baseline,degrees_C_anomaly,True,True
2002,5,2002-05-01,2002-05-31,0.16,rni,https://www.cpc.ncep.noaa.gov/data/indices/Rnino34.ascii.txt,Relative ERSSTv6; 1991-2020 baseline,degrees_C_anomaly,True,True
2002,6,2002-06-01,2002-06-30,0.57,rni,https://www.cpc.ncep.noaa.gov/data/indices/Rnino34.ascii.txt,Relative ERSSTv6; 1991-2020 baseline,degrees_C_anomaly,True,True
2002,7,2002-07-01,2002-07-31,0.6,rni,https://www.cpc.ncep.noaa.gov/data/indices/Rnino34.ascii.txt,Relative ERSSTv6; 1991-2020 baseline,degrees_C_anomaly,True,True
2002,8,2002-08-01,2002-08-31,0.75,rni,https://www.cpc.ncep.noaa.gov/data/indices/Rnino34.ascii.txt,Relative ERSSTv6; 1991-2020 baseline,degrees_C_anomaly,True,True
2002,9,2002-09-01,2002-09-30,1.06,rni,https://www.cpc.ncep.noaa.gov/data/indices/Rnino34.ascii.txt,Relative ERSSTv6; 1991-2020 baseline,degrees_C_anomaly,True,True
2002,10,2002-10-01,2002-10-31,1.09,rni,https://www.cpc.ncep.noaa.gov/data/indices/Rnino34.ascii.txt,Relative ERSSTv6; 1991-2020 baseline,degrees_C_anomaly,True,True
2002,11,2002-11-01,2002-11-30,1.4,rni,https://www.cpc.ncep.noaa.gov/data/indices/Rnino34.ascii.txt,Relative ERSSTv6; 1991-2020 baseline,degrees_C_anomaly,True,True
2002,12,2002-12-01,2002-12-31,1.48,rni,https://www.cpc.ncep.noaa.gov/data/indices/Rnino34.ascii.txt,Relative ERSSTv6; 1991-2020 baseline,degrees_C_anomaly,True,True
2003,1,2003-01-01,2003-01-31,0.5,rni,https://www.cpc.ncep.noaa.gov/data/indices/Rnino34.ascii.txt,Relative ERSSTv6; 1991-2020 baseline,degrees_C_anomaly,True,True
2003,2,2003-02-01,2003-02-28,0.57,rni,https://www.cpc.ncep.noaa.gov/data/indices/Rnino34.ascii.txt,Relative ERSSTv6; 1991-2020 baseline,degrees_C_anomaly,True,True
2003,3,2003-03-01,2003-03-31,0.34,rni,https://www.cpc.ncep.noaa.gov/data/indices/Rnino34.ascii.txt,Relative ERSSTv6; 1991-2020 baseline,degrees_C_anomaly,True,True
2003,4,2003-04-01,2003-04-30,-0.22,rni,https://www.cpc.ncep.noaa.gov/data/indices/Rnino34.ascii.txt,Relative ERSSTv6; 1991-2020 baseline,degrees_C_anomaly,True,True
2003,5,2003-05-01,2003-05-31,-0.7,rni,https://www.cpc.ncep.noaa.gov/data/indices/Rnino34.ascii.txt,Relative ERSSTv6; 1991-2020 baseline,degrees_C_anomaly,True,True
2003,6,2003-06-01,2003-06-30,-0.09,rni,https://www.cpc.ncep.noaa.gov/data/indices/Rnino34.ascii.txt,Relative ERSSTv6; 1991-2020 baseline,degrees_C_anomaly,True,True
2003,7,2003-07-01,2003-07-31,0.07,rni,https://www.cpc.ncep.noaa.gov/data/indices/Rnino34.ascii.txt,Relative ERSSTv6; 1991-2020 baseline,degrees_C_anomaly,True,True
2003,8,2003-08-01,2003-08-31,0.12,rni,https://www.cpc.ncep.noaa.gov/data/indices/Rnino34.ascii.txt,Relative ERSSTv6; 1991-2020 baseline,degrees_C_anomaly,True,True
2003,9,2003-09-01,2003-09-30,0.07,rni,https://www.cpc.ncep.noaa.gov/data/indices/Rnino34.ascii.txt,Relative ERSSTv6; 1991-2020 baseline,degrees_C_anomaly,True,True
2003,10,2003-10-01,2003-10-31,0.31,rni,https://www.cpc.ncep.noaa.gov/data/indices/Rnino34.ascii.txt,Relative ERSSTv6; 1991-2020 baseline,degrees_C_anomaly,True,True
2003,11,2003-11-01,2003-11-30,0.13,rni,https://www.cpc.ncep.noaa.gov/data/indices/Rnino34.ascii.txt,Relative ERSSTv6; 1991-2020 baseline,degrees_C_anomaly,True,True
2003,12,2003-12-01,2003-12-31,0.31,rni,https://www.cpc.ncep.noaa.gov/data/indices/Rnino34.ascii.txt,Relative ERSSTv6; 1991-2020 baseline,degrees_C_anomaly,True,True
2004,1,2004-01-01,2004-01-31,0.23,rni,https://www.cpc.ncep.noaa.gov/data/indices/Rnino34.ascii.txt,Relative ERSSTv6; 1991-2020 baseline,degrees_C_anomaly,True,True
2004,2,2004-02-01,2004-02-29,0.14,rni,https://www.cpc.ncep.noaa.gov/data/indices/Rnino34.ascii.txt,Relative ERSSTv6; 1991-2020 baseline,degrees_C_anomaly,True,True
2004,3,2004-03-01,2004-03-31,-0.02,rni,https://www.cpc.ncep.noaa.gov/data/indices/Rnino34.ascii.txt,Relative ERSSTv6; 1991-2020 baseline,degrees_C_anomaly,True,True
2004,4,2004-04-01,2004-04-30,0.09,rni,https://www.cpc.ncep.noaa.gov/data/indices/Rnino34.ascii.txt,Relative ERSSTv6; 1991-2020 baseline,degrees_C_anomaly,True,True
2004,5,2004-05-01,2004-05-31,0.19,rni,https://www.cpc.ncep.noaa.gov/data/indices/Rnino34.ascii.txt,Relative ERSSTv6; 1991-2020 baseline,degrees_C_anomaly,True,True
2004,6,2004-06-01,2004-06-30,0.27,rni,https://www.cpc.ncep.noaa.gov/data/indices/Rnino34.ascii.txt,Relative ERSSTv6; 1991-2020 baseline,degrees_C_anomaly,True,True
2004,7,2004-07-01,2004-07-31,0.62,rni,https://www.cpc.ncep.noaa.gov/data/indices/Rnino34.ascii.txt,Relative ERSSTv6; 1991-2020 baseline,degrees_C_anomaly,True,True
2004,8,2004-08-01,2004-08-31,0.74,rni,https://www.cpc.ncep.noaa.gov/data/indices/Rnino34.ascii.txt,Relative ERSSTv6; 1991-2020 baseline,degrees_C_anomaly,True,True
2004,9,2004-09-01,2004-09-30,0.73,rni,https://www.cpc.ncep.noaa.gov/data/indices/Rnino34.ascii.txt,Relative ERSSTv6; 1991-2020 baseline,degrees_C_anomaly,True,True
2004,10,2004-10-01,2004-10-31,0.66,rni,https://www.cpc.ncep.noaa.gov/data/indices/Rnino34.ascii.txt,Relative ERSSTv6; 1991-2020 baseline,degrees_C_anomaly,True,True
2004,11,2004-11-01,2004-11-30,0.7,rni,https://www.cpc.ncep.noaa.gov/data/indices/Rnino34.ascii.txt,Relative ERSSTv6; 1991-2020 baseline,degrees_C_anomaly,True,True
2004,12,2004-12-01,2004-12-31,0.75,rni,https://www.cpc.ncep.noaa.gov/data/indices/Rnino34.ascii.txt,Relative ERSSTv6; 1991-2020 baseline,degrees_C_anomaly,True,True
2005,1,2005-01-01,2005-01-31,0.61,rni,https://www.cpc.ncep.noaa.gov/data/indices/Rnino34.ascii.txt,Relative ERSSTv6; 1991-2020 baseline,degrees_C_anomaly,True,True
2005,2,2005-02-01,2005-02-28,0.26,rni,https://www.cpc.ncep.noaa.gov/data/indices/Rnino34.ascii.txt,Relative ERSSTv6; 1991-2020 baseline,degrees_C_anomaly,True,True
2005,3,2005-03-01,2005-03-31,0.33,rni,https://www.cpc.ncep.noaa.gov/data/indices/Rnino34.ascii.txt,Relative ERSSTv6; 1991-2020 baseline,degrees_C_anomaly,True,True
2005,4,2005-04-01,2005-04-30,0.19,rni,https://www.cpc.ncep.noaa.gov/data/indices/Rnino34.ascii.txt,Relative ERSSTv6; 1991-2020 baseline,degrees_C_anomaly,True,True
2005,5,2005-05-01,2005-05-31,0.24,rni,https://www.cpc.ncep.noaa.gov/data/indices/Rnino34.ascii.txt,Relative ERSSTv6; 1991-2020 baseline,degrees_C_anomaly,True,True
2005,6,2005-06-01,2005-06-30,0.17,rni,https://www.cpc.ncep.noaa.gov/data/indices/Rnino34.ascii.txt,Relative ERSSTv6; 1991-2020 baseline,degrees_C_anomaly,True,True
2005,7,2005-07-01,2005-07-31,-0.25,rni,https://www.cpc.ncep.noaa.gov/data/indices/Rnino34.ascii.txt,Relative ERSSTv6; 1991-2020 baseline,degrees_C_anomaly,True,True
2005,8,2005-08-01,2005-08-31,-0.09,rni,https://www.cpc.ncep.noaa.gov/data/indices/Rnino34.ascii.txt,Relative ERSSTv6; 1991-2020 baseline,degrees_C_anomaly,True,True
2005,9,2005-09-01,2005-09-30,0.0,rni,https://www.cpc.ncep.noaa.gov/data/indices/Rnino34.ascii.txt,Relative ERSSTv6; 1991-2020 baseline,degrees_C_anomaly,True,True
2005,10,2005-10-01,2005-10-31,-0.03,rni,https://www.cpc.ncep.noaa.gov/data/indices/Rnino34.ascii.txt,Relative ERSSTv6; 1991-2020 baseline,degrees_C_anomaly,True,True
2005,11,2005-11-01,2005-11-30,-0.5,rni,https://www.cpc.ncep.noaa.gov/data/indices/Rnino34.ascii.txt,Relative ERSSTv6; 1991-2020 baseline,degrees_C_anomaly,True,True
2005,12,2005-12-01,2005-12-31,-0.98,rni,https://www.cpc.ncep.noaa.gov/data/indices/Rnino34.ascii.txt,Relative ERSSTv6; 1991-2020 baseline,degrees_C_anomaly,True,True
2006,1,2006-01-01,2006-01-31,-0.94,rni,https://www.cpc.ncep.noaa.gov/data/indices/Rnino34.ascii.txt,Relative ERSSTv6; 1991-2020 baseline,degrees_C_anomaly,True,True
2006,2,2006-02-01,2006-02-28,-0.78,rni,https://www.cpc.ncep.noaa.gov/data/indices/Rnino34.ascii.txt,Relative ERSSTv6; 1991-2020 baseline,degrees_C_anomaly,True,True
2006,3,2006-03-01,2006-03-31,-0.91,rni,https://www.cpc.ncep.noaa.gov/data/indices/Rnino34.ascii.txt,Relative ERSSTv6; 1991-2020 baseline,degrees_C_anomaly,True,True
2006,4,2006-04-01,2006-04-30,-0.38,rni,https://www.cpc.ncep.noaa.gov/data/indices/Rnino34.ascii.txt,Relative ERSSTv6; 1991-2020 baseline,degrees_C_anomaly,True,True
2006,5,2006-05-01,2006-05-31,-0.18,rni,https://www.cpc.ncep.noaa.gov/data/indices/Rnino34.ascii.txt,Relative ERSSTv6; 1991-2020 baseline,degrees_C_anomaly,True,True
2006,6,2006-06-01,2006-06-30,-0.02,rni,https://www.cpc.ncep.noaa.gov/data/indices/Rnino34.ascii.txt,Relative ERSSTv6; 1991-2020 baseline,degrees_C_anomaly,True,True
2006,7,2006-07-01,2006-07-31,0.05,rni,https://www.cpc.ncep.noaa.gov/data/indices/Rnino34.ascii.txt,Relative ERSSTv6; 1991-2020 baseline,degrees_C_anomaly,True,True
2006,8,2006-08-01,2006-08-31,0.4,rni,https://www.cpc.ncep.noaa.gov/data/indices/Rnino34.ascii.txt,Relative ERSSTv6; 1991-2020 baseline,degrees_C_anomaly,True,True
2006,9,2006-09-01,2006-09-30,0.61,rni,https://www.cpc.ncep.noaa.gov/data/indices/Rnino34.ascii.txt,Relative ERSSTv6; 1991-2020 baseline,degrees_C_anomaly,True,True
2006,10,2006-10-01,2006-10-31,0.69,rni,https://www.cpc.ncep.noaa.gov/data/indices/Rnino34.ascii.txt,Relative ERSSTv6; 1991-2020 baseline,degrees_C_anomaly,True,True
2006,11,2006-11-01,2006-11-30,0.88,rni,https://www.cpc.ncep.noaa.gov/data/indices/Rnino34.ascii.txt,Relative ERSSTv6; 1991-2020 baseline,degrees_C_anomaly,True,True
2006,12,2006-12-01,2006-12-31,1.15,rni,https://www.cpc.ncep.noaa.gov/data/indices/Rnino34.ascii.txt,Relative ERSSTv6; 1991-2020 baseline,degrees_C_anomaly,True,True
2007,1,2007-01-01,2007-01-31,0.65,rni,https://www.cpc.ncep.noaa.gov/data/indices/Rnino34.ascii.txt,Relative ERSSTv6; 1991-2020 baseline,degrees_C_anomaly,True,True
2007,2,2007-02-01,2007-02-28,0.0,rni,https://www.cpc.ncep.noaa.gov/data/indices/Rnino34.ascii.txt,Relative ERSSTv6; 1991-2020 baseline,degrees_C_anomaly,True,True
2007,3,2007-03-01,2007-03-31,-0.16,rni,https://www.cpc.ncep.noaa.gov/data/indices/Rnino34.ascii.txt,Relative ERSSTv6; 1991-2020 baseline,degrees_C_anomaly,True,True
2007,4,2007-04-01,2007-04-30,-0.3,rni,https://www.cpc.ncep.noaa.gov/data/indices/Rnino34.ascii.txt,Relative ERSSTv6; 1991-2020 baseline,degrees_C_anomaly,True,True
2007,5,2007-05-01,2007-05-31,-0.53,rni,https://www.cpc.ncep.noaa.gov/data/indices/Rnino34.ascii.txt,Relative ERSSTv6; 1991-2020 baseline,degrees_C_anomaly,True,True
2007,6,2007-06-01,2007-06-30,-0.25,rni,https://www.cpc.ncep.noaa.gov/data/indices/Rnino34.ascii.txt,Relative ERSSTv6; 1991-2020 baseline,degrees_C_anomaly,True,True
2007,7,2007-07-01,2007-07-31,-0.54,rni,https://www.cpc.ncep.noaa.gov/data/indices/Rnino34.ascii.txt,Relative ERSSTv6; 1991-2020 baseline,degrees_C_anomaly,True,True
2007,8,2007-08-01,2007-08-31,-0.72,rni,https://www.cpc.ncep.noaa.gov/data/indices/Rnino34.ascii.txt,Relative ERSSTv6; 1991-2020 baseline,degrees_C_anomaly,True,True
2007,9,2007-09-01,2007-09-30,-1.11,rni,https://www.cpc.ncep.noaa.gov/data/indices/Rnino34.ascii.txt,Relative ERSSTv6; 1991-2020 baseline,degrees_C_anomaly,True,True
2007,10,2007-10-01,2007-10-31,-1.28,rni,https://www.cpc.ncep.noaa.gov/data/indices/Rnino34.ascii.txt,Relative ERSSTv6; 1991-2020 baseline,degrees_C_anomaly,True,True
2007,11,2007-11-01,2007-11-30,-1.6,rni,https://www.cpc.ncep.noaa.gov/data/indices/Rnino34.ascii.txt,Relative ERSSTv6; 1991-2020 baseline,degrees_C_anomaly,True,True
2007,12,2007-12-01,2007-12-31,-1.57,rni,https://www.cpc.ncep.noaa.gov/data/indices/Rnino34.ascii.txt,Relative ERSSTv6; 1991-2020 baseline,degrees_C_anomaly,True,True
2008,1,2008-01-01,2008-01-31,-1.77,rni,https://www.cpc.ncep.noaa.gov/data/indices/Rnino34.ascii.txt,Relative ERSSTv6; 1991-2020 baseline,degrees_C_anomaly,True,True
2008,2,2008-02-01,2008-02-29,-1.85,rni,https://www.cpc.ncep.noaa.gov/data/indices/Rnino34.ascii.txt,Relative ERSSTv6; 1991-2020 baseline,degrees_C_anomaly,True,True
2008,3,2008-03-01,2008-03-31,-1.24,rni,https://www.cpc.ncep.noaa.gov/data/indices/Rnino34.ascii.txt,Relative ERSSTv6; 1991-2020 baseline,degrees_C_anomaly,True,True
2008,4,2008-04-01,2008-04-30,-1.09,rni,https://www.cpc.ncep.noaa.gov/data/indices/Rnino34.ascii.txt,Relative ERSSTv6; 1991-2020 baseline,degrees_C_anomaly,True,True
2008,5,2008-05-01,2008-05-31,-0.8,rni,https://www.cpc.ncep.noaa.gov/data/indices/Rnino34.ascii.txt,Relative ERSSTv6; 1991-2020 baseline,degrees_C_anomaly,True,True
2008,6,2008-06-01,2008-06-30,-0.51,rni,https://www.cpc.ncep.noaa.gov/data/indices/Rnino34.ascii.txt,Relative ERSSTv6; 1991-2020 baseline,degrees_C_anomaly,True,True
2008,7,2008-07-01,2008-07-31,-0.06,rni,https://www.cpc.ncep.noaa.gov/data/indices/Rnino34.ascii.txt,Relative ERSSTv6; 1991-2020 baseline,degrees_C_anomaly,True,True
2008,8,2008-08-01,2008-08-31,-0.14,rni,https://www.cpc.ncep.noaa.gov/data/indices/Rnino34.ascii.txt,Relative ERSSTv6; 1991-2020 baseline,degrees_C_anomaly,True,True
2008,9,2008-09-01,2008-09-30,-0.32,rni,https://www.cpc.ncep.noaa.gov/data/indices/Rnino34.ascii.txt,Relative ERSSTv6; 1991-2020 baseline,degrees_C_anomaly,True,True
2008,10,2008-10-01,2008-10-31,-0.33,rni,https://www.cpc.ncep.noaa.gov/data/indices/Rnino34.ascii.txt,Relative ERSSTv6; 1991-2020 baseline,degrees_C_anomaly,True,True
2008,11,2008-11-01,2008-11-30,-0.5,rni,https://www.cpc.ncep.noaa.gov/data/indices/Rnino34.ascii.txt,Relative ERSSTv6; 1991-2020 baseline,degrees_C_anomaly,True,True
2008,12,2008-12-01,2008-12-31,-0.98,rni,https://www.cpc.ncep.noaa.gov/data/indices/Rnino34.ascii.txt,Relative ERSSTv6; 1991-2020 baseline,degrees_C_anomaly,True,True
2009,1,2009-01-01,2009-01-31,-1.1,rni,https://www.cpc.ncep.noaa.gov/data/indices/Rnino34.ascii.txt,Relative ERSSTv6; 1991-2020 baseline,degrees_C_anomaly,True,True
2009,2,2009-02-01,2009-02-28,-0.79,rni,https://www.cpc.ncep.noaa.gov/data/indices/Rnino34.ascii.txt,Relative ERSSTv6; 1991-2020 baseline,degrees_C_anomaly,True,True
2009,3,2009-03-01,2009-03-31,-0.86,rni,https://www.cpc.ncep.noaa.gov/data/indices/Rnino34.ascii.txt,Relative ERSSTv6; 1991-2020 baseline,degrees_C_anomaly,True,True
2009,4,2009-04-01,2009-04-30,-0.44,rni,https://www.cpc.ncep.noaa.gov/data/indices/Rnino34.ascii.txt,Relative ERSSTv6; 1991-2020 baseline,degrees_C_anomaly,True,True
2009,5,2009-05-01,2009-05-31,0.01,rni,https://www.cpc.ncep.noaa.gov/data/indices/Rnino34.ascii.txt,Relative ERSSTv6; 1991-2020 baseline,degrees_C_anomaly,True,True
2009,6,2009-06-01,2009-06-30,0.29,rni,https://www.cpc.ncep.noaa.gov/data/indices/Rnino34.ascii.txt,Relative ERSSTv6; 1991-2020 baseline,degrees_C_anomaly,True,True
2009,7,2009-07-01,2009-07-31,0.43,rni,https://www.cpc.ncep.noaa.gov/data/indices/Rnino34.ascii.txt,Relative ERSSTv6; 1991-2020 baseline,degrees_C_anomaly,True,True
2009,8,2009-08-01,2009-08-31,0.35,rni,https://www.cpc.ncep.noaa.gov/data/indices/Rnino34.ascii.txt,Relative ERSSTv6; 1991-2020 baseline,degrees_C_anomaly,True,True
2009,9,2009-09-01,2009-09-30,0.48,rni,https://www.cpc.ncep.noaa.gov/data/indices/Rnino34.ascii.txt,Relative ERSSTv6; 1991-2020 baseline,degrees_C_anomaly,True,True
2009,10,2009-10-01,2009-10-31,0.75,rni,https://www.cpc.ncep.noaa.gov/data/indices/Rnino34.ascii.txt,Relative ERSSTv6; 1991-2020 baseline,degrees_C_anomaly,True,True
2009,11,2009-11-01,2009-11-30,1.35,rni,https://www.cpc.ncep.noaa.gov/data/indices/Rnino34.ascii.txt,Relative ERSSTv6; 1991-2020 baseline,degrees_C_anomaly,True,True
2009,12,2009-12-01,2009-12-31,1.76,rni,https://www.cpc.ncep.noaa.gov/data/indices/Rnino34.ascii.txt,Relative ERSSTv6; 1991-2020 baseline,degrees_C_anomaly,True,True
2010,1,2010-01-01,2010-01-31,1.38,rni,https://www.cpc.ncep.noaa.gov/data/indices/Rnino34.ascii.txt,Relative ERSSTv6; 1991-2020 baseline,degrees_C_anomaly,True,True
2010,2,2010-02-01,2010-02-28,1.17,rni,https://www.cpc.ncep.noaa.gov/data/indices/Rnino34.ascii.txt,Relative ERSSTv6; 1991-2020 baseline,degrees_C_anomaly,True,True
2010,3,2010-03-01,2010-03-31,0.78,rni,https://www.cpc.ncep.noaa.gov/data/indices/Rnino34.ascii.txt,Relative ERSSTv6; 1991-2020 baseline,degrees_C_anomaly,True,True
2010,4,2010-04-01,2010-04-30,0.13,rni,https://www.cpc.ncep.noaa.gov/data/indices/Rnino34.ascii.txt,Relative ERSSTv6; 1991-2020 baseline,degrees_C_anomaly,True,True
2010,5,2010-05-01,2010-05-31,-0.62,rni,https://www.cpc.ncep.noaa.gov/data/indices/Rnino34.ascii.txt,Relative ERSSTv6; 1991-2020 baseline,degrees_C_anomaly,True,True
2010,6,2010-06-01,2010-06-30,-1.0,rni,https://www.cpc.ncep.noaa.gov/data/indices/Rnino34.ascii.txt,Relative ERSSTv6; 1991-2020 baseline,degrees_C_anomaly,True,True
2010,7,2010-07-01,2010-07-31,-1.29,rni,https://www.cpc.ncep.noaa.gov/data/indices/Rnino34.ascii.txt,Relative ERSSTv6; 1991-2020 baseline,degrees_C_anomaly,True,True
2010,8,2010-08-01,2010-08-31,-1.34,rni,https://www.cpc.ncep.noaa.gov/data/indices/Rnino34.ascii.txt,Relative ERSSTv6; 1991-2020 baseline,degrees_C_anomaly,True,True
2010,9,2010-09-01,2010-09-30,-1.53,rni,https://www.cpc.ncep.noaa.gov/data/indices/Rnino34.ascii.txt,Relative ERSSTv6; 1991-2020 baseline,degrees_C_anomaly,True,True
2010,10,2010-10-01,2010-10-31,-1.74,rni,https://www.cpc.ncep.noaa.gov/data/indices/Rnino34.ascii.txt,Relative ERSSTv6; 1991-2020 baseline,degrees_C_anomaly,True,True
2010,11,2010-11-01,2010-11-30,-1.57,rni,https://www.cpc.ncep.noaa.gov/data/indices/Rnino34.ascii.txt,Relative ERSSTv6; 1991-2020 baseline,degrees_C_anomaly,True,True
2010,12,2010-12-01,2010-12-31,-1.57,rni,https://www.cpc.ncep.noaa.gov/data/indices/Rnino34.ascii.txt,Relative ERSSTv6; 1991-2020 baseline,degrees_C_anomaly,True,True
2011,1,2011-01-01,2011-01-31,-1.52,rni,https://www.cpc.ncep.noaa.gov/data/indices/Rnino34.ascii.txt,Relative ERSSTv6; 1991-2020 baseline,degrees_C_anomaly,True,True
2011,2,2011-02-01,2011-02-28,-1.17,rni,https://www.cpc.ncep.noaa.gov/data/indices/Rnino34.ascii.txt,Relative ERSSTv6; 1991-2020 baseline,degrees_C_anomaly,True,True
2011,3,2011-03-01,2011-03-31,-0.94,rni,https://www.cpc.ncep.noaa.gov/data/indices/Rnino34.ascii.txt,Relative ERSSTv6; 1991-2020 baseline,degrees_C_anomaly,True,True
2011,4,2011-04-01,2011-04-30,-0.79,rni,https://www.cpc.ncep.noaa.gov/data/indices/Rnino34.ascii.txt,Relative ERSSTv6; 1991-2020 baseline,degrees_C_anomaly,True,True
2011,5,2011-05-01,2011-05-31,-0.54,rni,https://www.cpc.ncep.noaa.gov/data/indices/Rnino34.ascii.txt,Relative ERSSTv6; 1991-2020 baseline,degrees_C_anomaly,True,True
2011,6,2011-06-01,2011-06-30,-0.24,rni,https://www.cpc.ncep.noaa.gov/data/indices/Rnino34.ascii.txt,Relative ERSSTv6; 1991-2020 baseline,degrees_C_anomaly,True,True
2011,7,2011-07-01,2011-07-31,-0.1,rni,https://www.cpc.ncep.noaa.gov/data/indices/Rnino34.ascii.txt,Relative ERSSTv6; 1991-2020 baseline,degrees_C_anomaly,True,True
2011,8,2011-08-01,2011-08-31,-0.54,rni,https://www.cpc.ncep.noaa.gov/data/indices/Rnino34.ascii.txt,Relative ERSSTv6; 1991-2020 baseline,degrees_C_anomaly,True,True
2011,9,2011-09-01,2011-09-30,-0.59,rni,https://www.cpc.ncep.noaa.gov/data/indices/Rnino34.ascii.txt,Relative ERSSTv6; 1991-2020 baseline,degrees_C_anomaly,True,True
2011,10,2011-10-01,2011-10-31,-0.98,rni,https://www.cpc.ncep.noaa.gov/data/indices/Rnino34.ascii.txt,Relative ERSSTv6; 1991-2020 baseline,degrees_C_anomaly,True,True
2011,11,2011-11-01,2011-11-30,-1.16,rni,https://www.cpc.ncep.noaa.gov/data/indices/Rnino34.ascii.txt,Relative ERSSTv6; 1991-2020 baseline,degrees_C_anomaly,True,True
2011,12,2011-12-01,2011-12-31,-0.93,rni,https://www.cpc.ncep.noaa.gov/data/indices/Rnino34.ascii.txt,Relative ERSSTv6; 1991-2020 baseline,degrees_C_anomaly,True,True
2012,1,2012-01-01,2012-01-31,-0.79,rni,https://www.cpc.ncep.noaa.gov/data/indices/Rnino34.ascii.txt,Relative ERSSTv6; 1991-2020 baseline,degrees_C_anomaly,True,True
2012,2,2012-02-01,2012-02-29,-0.58,rni,https://www.cpc.ncep.noaa.gov/data/indices/Rnino34.ascii.txt,Relative ERSSTv6; 1991-2020 baseline,degrees_C_anomaly,True,True
2012,3,2012-03-01,2012-03-31,-0.43,rni,https://www.cpc.ncep.noaa.gov/data/indices/Rnino34.ascii.txt,Relative ERSSTv6; 1991-2020 baseline,degrees_C_anomaly,True,True
2012,4,2012-04-01,2012-04-30,-0.48,rni,https://www.cpc.ncep.noaa.gov/data/indices/Rnino34.ascii.txt,Relative ERSSTv6; 1991-2020 baseline,degrees_C_anomaly,True,True
2012,5,2012-05-01,2012-05-31,-0.36,rni,https://www.cpc.ncep.noaa.gov/data/indices/Rnino34.ascii.txt,Relative ERSSTv6; 1991-2020 baseline,degrees_C_anomaly,True,True
2012,6,2012-06-01,2012-06-30,0.07,rni,https://www.cpc.ncep.noaa.gov/data/indices/Rnino34.ascii.txt,Relative ERSSTv6; 1991-2020 baseline,degrees_C_anomaly,True,True
2012,7,2012-07-01,2012-07-31,0.33,rni,https://www.cpc.ncep.noaa.gov/data/indices/Rnino34.ascii.txt,Relative ERSSTv6; 1991-2020 baseline,degrees_C_anomaly,True,True
2012,8,2012-08-01,2012-08-31,0.59,rni,https://www.cpc.ncep.noaa.gov/data/indices/Rnino34.ascii.txt,Relative ERSSTv6; 1991-2020 baseline,degrees_C_anomaly,True,True
2012,9,2012-09-01,2012-09-30,0.37,rni,https://www.cpc.ncep.noaa.gov/data/indices/Rnino34.ascii.txt,Relative ERSSTv6; 1991-2020 baseline,degrees_C_anomaly,True,True
2012,10,2012-10-01,2012-10-31,0.13,rni,https://www.cpc.ncep.noaa.gov/data/indices/Rnino34.ascii.txt,Relative ERSSTv6; 1991-2020 baseline,degrees_C_anomaly,True,True
2012,11,2012-11-01,2012-11-30,0.13,rni,https://www.cpc.ncep.noaa.gov/data/indices/Rnino34.ascii.txt,Relative ERSSTv6; 1991-2020 baseline,degrees_C_anomaly,True,True
2012,12,2012-12-01,2012-12-31,-0.35,rni,https://www.cpc.ncep.noaa.gov/data/indices/Rnino34.ascii.txt,Relative ERSSTv6; 1991-2020 baseline,degrees_C_anomaly,True,True
2013,1,2013-01-01,2013-01-31,-0.6,rni,https://www.cpc.ncep.noaa.gov/data/indices/Rnino34.ascii.txt,Relative ERSSTv6; 1991-2020 baseline,degrees_C_anomaly,True,True
2013,2,2013-02-01,2013-02-28,-0.7,rni,https://www.cpc.ncep.noaa.gov/data/indices/Rnino34.ascii.txt,Relative ERSSTv6; 1991-2020 baseline,degrees_C_anomaly,True,True
2013,3,2013-03-01,2013-03-31,-0.4,rni,https://www.cpc.ncep.noaa.gov/data/indices/Rnino34.ascii.txt,Relative ERSSTv6; 1991-2020 baseline,degrees_C_anomaly,True,True
2013,4,2013-04-01,2013-04-30,-0.37,rni,https://www.cpc.ncep.noaa.gov/data/indices/Rnino34.ascii.txt,Relative ERSSTv6; 1991-2020 baseline,degrees_C_anomaly,True,True
2013,5,2013-05-01,2013-05-31,-0.56,rni,https://www.cpc.ncep.noaa.gov/data/indices/Rnino34.ascii.txt,Relative ERSSTv6; 1991-2020 baseline,degrees_C_anomaly,True,True
2013,6,2013-06-01,2013-06-30,-0.5,rni,https://www.cpc.ncep.noaa.gov/data/indices/Rnino34.ascii.txt,Relative ERSSTv6; 1991-2020 baseline,degrees_C_anomaly,True,True
2013,7,2013-07-01,2013-07-31,-0.37,rni,https://www.cpc.ncep.noaa.gov/data/indices/Rnino34.ascii.txt,Relative ERSSTv6; 1991-2020 baseline,degrees_C_anomaly,True,True
2013,8,2013-08-01,2013-08-31,-0.56,rni,https://www.cpc.ncep.noaa.gov/data/indices/Rnino34.ascii.txt,Relative ERSSTv6; 1991-2020 baseline,degrees_C_anomaly,True,True
2013,9,2013-09-01,2013-09-30,-0.21,rni,https://www.cpc.ncep.noaa.gov/data/indices/Rnino34.ascii.txt,Relative ERSSTv6; 1991-2020 baseline,degrees_C_anomaly,True,True
2013,10,2013-10-01,2013-10-31,-0.36,rni,https://www.cpc.ncep.noaa.gov/data/indices/Rnino34.ascii.txt,Relative ERSSTv6; 1991-2020 baseline,degrees_C_anomaly,True,True
2013,11,2013-11-01,2013-11-30,-0.09,rni,https://www.cpc.ncep.noaa.gov/data/indices/Rnino34.ascii.txt,Relative ERSSTv6; 1991-2020 baseline,degrees_C_anomaly,True,True
2013,12,2013-12-01,2013-12-31,-0.25,rni,https://www.cpc.ncep.noaa.gov/data/indices/Rnino34.ascii.txt,Relative ERSSTv6; 1991-2020 baseline,degrees_C_anomaly,True,True
2014,1,2014-01-01,2014-01-31,-0.48,rni,https://www.cpc.ncep.noaa.gov/data/indices/Rnino34.ascii.txt,Relative ERSSTv6; 1991-2020 baseline,degrees_C_anomaly,True,True
2014,2,2014-02-01,2014-02-28,-0.56,rni,https://www.cpc.ncep.noaa.gov/data/indices/Rnino34.ascii.txt,Relative ERSSTv6; 1991-2020 baseline,degrees_C_anomaly,True,True
2014,3,2014-03-01,2014-03-31,-0.11,rni,https://www.cpc.ncep.noaa.gov/data/indices/Rnino34.ascii.txt,Relative ERSSTv6; 1991-2020 baseline,degrees_C_anomaly,True,True
2014,4,2014-04-01,2014-04-30,0.22,rni,https://www.cpc.ncep.noaa.gov/data/indices/Rnino34.ascii.txt,Relative ERSSTv6; 1991-2020 baseline,degrees_C_anomaly,True,True
2014,5,2014-05-01,2014-05-31,0.23,rni,https://www.cpc.ncep.noaa.gov/data/indices/Rnino34.ascii.txt,Relative ERSSTv6; 1991-2020 baseline,degrees_C_anomaly,True,True
2014,6,2014-06-01,2014-06-30,0.01,rni,https://www.cpc.ncep.noaa.gov/data/indices/Rnino34.ascii.txt,Relative ERSSTv6; 1991-2020 baseline,degrees_C_anomaly,True,True
2014,7,2014-07-01,2014-07-31,-0.24,rni,https://www.cpc.ncep.noaa.gov/data/indices/Rnino34.ascii.txt,Relative ERSSTv6; 1991-2020 baseline,degrees_C_anomaly,True,True
2014,8,2014-08-01,2014-08-31,-0.19,rni,https://www.cpc.ncep.noaa.gov/data/indices/Rnino34.ascii.txt,Relative ERSSTv6; 1991-2020 baseline,degrees_C_anomaly,True,True
2014,9,2014-09-01,2014-09-30,0.14,rni,https://www.cpc.ncep.noaa.gov/data/indices/Rnino34.ascii.txt,Relative ERSSTv6; 1991-2020 baseline,degrees_C_anomaly,True,True
2014,10,2014-10-01,2014-10-31,0.22,rni,https://www.cpc.ncep.noaa.gov/data/indices/Rnino34.ascii.txt,Relative ERSSTv6; 1991-2020 baseline,degrees_C_anomaly,True,True
2014,11,2014-11-01,2014-11-30,0.68,rni,https://www.cpc.ncep.noaa.gov/data/indices/Rnino34.ascii.txt,Relative ERSSTv6; 1991-2020 baseline,degrees_C_anomaly,True,True
2014,12,2014-12-01,2014-12-31,0.71,rni,https://www.cpc.ncep.noaa.gov/data/indices/Rnino34.ascii.txt,Relative ERSSTv6; 1991-2020 baseline,degrees_C_anomaly,True,True
2015,1,2015-01-01,2015-01-31,0.48,rni,https://www.cpc.ncep.noaa.gov/data/indices/Rnino34.ascii.txt,Relative ERSSTv6; 1991-2020 baseline,degrees_C_anomaly,True,True
2015,2,2015-02-01,2015-02-28,0.44,rni,https://www.cpc.ncep.noaa.gov/data/indices/Rnino34.ascii.txt,Relative ERSSTv6; 1991-2020 baseline,degrees_C_anomaly,True,True
2015,3,2015-03-01,2015-03-31,0.5,rni,https://www.cpc.ncep.noaa.gov/data/indices/Rnino34.ascii.txt,Relative ERSSTv6; 1991-2020 baseline,degrees_C_anomaly,True,True
2015,4,2015-04-01,2015-04-30,0.83,rni,https://www.cpc.ncep.noaa.gov/data/indices/Rnino34.ascii.txt,Relative ERSSTv6; 1991-2020 baseline,degrees_C_anomaly,True,True
2015,5,2015-05-01,2015-05-31,0.83,rni,https://www.cpc.ncep.noaa.gov/data/indices/Rnino34.ascii.txt,Relative ERSSTv6; 1991-2020 baseline,degrees_C_anomaly,True,True
2015,6,2015-06-01,2015-06-30,1.01,rni,https://www.cpc.ncep.noaa.gov/data/indices/Rnino34.ascii.txt,Relative ERSSTv6; 1991-2020 baseline,degrees_C_anomaly,True,True
2015,7,2015-07-01,2015-07-31,1.22,rni,https://www.cpc.ncep.noaa.gov/data/indices/Rnino34.ascii.txt,Relative ERSSTv6; 1991-2020 baseline,degrees_C_anomaly,True,True
2015,8,2015-08-01,2015-08-31,1.58,rni,https://www.cpc.ncep.noaa.gov/data/indices/Rnino34.ascii.txt,Relative ERSSTv6; 1991-2020 baseline,degrees_C_anomaly,True,True
2015,9,2015-09-01,2015-09-30,1.83,rni,https://www.cpc.ncep.noaa.gov/data/indices/Rnino34.ascii.txt,Relative ERSSTv6; 1991-2020 baseline,degrees_C_anomaly,True,True
2015,10,2015-10-01,2015-10-31,1.99,rni,https://www.cpc.ncep.noaa.gov/data/indices/Rnino34.ascii.txt,Relative ERSSTv6; 1991-2020 baseline,degrees_C_anomaly,True,True
2015,11,2015-11-01,2015-11-30,2.27,rni,https://www.cpc.ncep.noaa.gov/data/indices/Rnino34.ascii.txt,Relative ERSSTv6; 1991-2020 baseline,degrees_C_anomaly,True,True
2015,12,2015-12-01,2015-12-31,2.27,rni,https://www.cpc.ncep.noaa.gov/data/indices/Rnino34.ascii.txt,Relative ERSSTv6; 1991-2020 baseline,degrees_C_anomaly,True,True
2016,1,2016-01-01,2016-01-31,2.21,rni,https://www.cpc.ncep.noaa.gov/data/indices/Rnino34.ascii.txt,Relative ERSSTv6; 1991-2020 baseline,degrees_C_anomaly,True,True
2016,2,2016-02-01,2016-02-29,1.92,rni,https://www.cpc.ncep.noaa.gov/data/indices/Rnino34.ascii.txt,Relative ERSSTv6; 1991-2020 baseline,degrees_C_anomaly,True,True
2016,3,2016-03-01,2016-03-31,1.29,rni,https://www.cpc.ncep.noaa.gov/data/indices/Rnino34.ascii.txt,Relative ERSSTv6; 1991-2020 baseline,degrees_C_anomaly,True,True
2016,4,2016-04-01,2016-04-30,0.68,rni,https://www.cpc.ncep.noaa.gov/data/indices/Rnino34.ascii.txt,Relative ERSSTv6; 1991-2020 baseline,degrees_C_anomaly,True,True
2016,5,2016-05-01,2016-05-31,-0.01,rni,https://www.cpc.ncep.noaa.gov/data/indices/Rnino34.ascii.txt,Relative ERSSTv6; 1991-2020 baseline,degrees_C_anomaly,True,True
2016,6,2016-06-01,2016-06-30,-0.44,rni,https://www.cpc.ncep.noaa.gov/data/indices/Rnino34.ascii.txt,Relative ERSSTv6; 1991-2020 baseline,degrees_C_anomaly,True,True
2016,7,2016-07-01,2016-07-31,-0.86,rni,https://www.cpc.ncep.noaa.gov/data/indices/Rnino34.ascii.txt,Relative ERSSTv6; 1991-2020 baseline,degrees_C_anomaly,True,True
2016,8,2016-08-01,2016-08-31,-0.81,rni,https://www.cpc.ncep.noaa.gov/data/indices/Rnino34.ascii.txt,Relative ERSSTv6; 1991-2020 baseline,degrees_C_anomaly,True,True
2016,9,2016-09-01,2016-09-30,-0.75,rni,https://www.cpc.ncep.noaa.gov/data/indices/Rnino34.ascii.txt,Relative ERSSTv6; 1991-2020 baseline,degrees_C_anomaly,True,True
2016,10,2016-10-01,2016-10-31,-1.06,rni,https://www.cpc.ncep.noaa.gov/data/indices/Rnino34.ascii.txt,Relative ERSSTv6; 1991-2020 baseline,degrees_C_anomaly,True,True
2016,11,2016-11-01,2016-11-30,-1.07,rni,https://www.cpc.ncep.noaa.gov/data/indices/Rnino34.ascii.txt,Relative ERSSTv6; 1991-2020 baseline,degrees_C_anomaly,True,True
2016,12,2016-12-01,2016-12-31,-0.74,rni,https://www.cpc.ncep.noaa.gov/data/indices/Rnino34.ascii.txt,Relative ERSSTv6; 1991-2020 baseline,degrees_C_anomaly,True,True
2017,1,2017-01-01,2017-01-31,-0.86,rni,https://www.cpc.ncep.noaa.gov/data/indices/Rnino34.ascii.txt,Relative ERSSTv6; 1991-2020 baseline,degrees_C_anomaly,True,True
2017,2,2017-02-01,2017-02-28,-0.21,rni,https://www.cpc.ncep.noaa.gov/data/indices/Rnino34.ascii.txt,Relative ERSSTv6; 1991-2020 baseline,degrees_C_anomaly,True,True
2017,3,2017-03-01,2017-03-31,-0.26,rni,https://www.cpc.ncep.noaa.gov/data/indices/Rnino34.ascii.txt,Relative ERSSTv6; 1991-2020 baseline,degrees_C_anomaly,True,True
2017,4,2017-04-01,2017-04-30,-0.08,rni,https://www.cpc.ncep.noaa.gov/data/indices/Rnino34.ascii.txt,Relative ERSSTv6; 1991-2020 baseline,degrees_C_anomaly,True,True
2017,5,2017-05-01,2017-05-31,0.03,rni,https://www.cpc.ncep.noaa.gov/data/indices/Rnino34.ascii.txt,Relative ERSSTv6; 1991-2020 baseline,degrees_C_anomaly,True,True
2017,6,2017-06-01,2017-06-30,-0.02,rni,https://www.cpc.ncep.noaa.gov/data/indices/Rnino34.ascii.txt,Relative ERSSTv6; 1991-2020 baseline,degrees_C_anomaly,True,True
2017,7,2017-07-01,2017-07-31,-0.13,rni,https://www.cpc.ncep.noaa.gov/data/indices/Rnino34.ascii.txt,Relative ERSSTv6; 1991-2020 baseline,degrees_C_anomaly,True,True
2017,8,2017-08-01,2017-08-31,-0.53,rni,https://www.cpc.ncep.noaa.gov/data/indices/Rnino34.ascii.txt,Relative ERSSTv6; 1991-2020 baseline,degrees_C_anomaly,True,True
2017,9,2017-09-01,2017-09-30,-0.71,rni,https://www.cpc.ncep.noaa.gov/data/indices/Rnino34.ascii.txt,Relative ERSSTv6; 1991-2020 baseline,degrees_C_anomaly,True,True
2017,10,2017-10-01,2017-10-31,-0.61,rni,https://www.cpc.ncep.noaa.gov/data/indices/Rnino34.ascii.txt,Relative ERSSTv6; 1991-2020 baseline,degrees_C_anomaly,True,True
2017,11,2017-11-01,2017-11-30,-1.13,rni,https://www.cpc.ncep.noaa.gov/data/indices/Rnino34.ascii.txt,Relative ERSSTv6; 1991-2020 baseline,degrees_C_anomaly,True,True
2017,12,2017-12-01,2017-12-31,-1.17,rni,https://www.cpc.ncep.noaa.gov/data/indices/Rnino34.ascii.txt,Relative ERSSTv6; 1991-2020 baseline,degrees_C_anomaly,True,True
2018,1,2018-01-01,2018-01-31,-1.13,rni,https://www.cpc.ncep.noaa.gov/data/indices/Rnino34.ascii.txt,Relative ERSSTv6; 1991-2020 baseline,degrees_C_anomaly,True,True
2018,2,2018-02-01,2018-02-28,-0.94,rni,https://www.cpc.ncep.noaa.gov/data/indices/Rnino34.ascii.txt,Relative ERSSTv6; 1991-2020 baseline,degrees_C_anomaly,True,True
2018,3,2018-03-01,2018-03-31,-1.05,rni,https://www.cpc.ncep.noaa.gov/data/indices/Rnino34.ascii.txt,Relative ERSSTv6; 1991-2020 baseline,degrees_C_anomaly,True,True
2018,4,2018-04-01,2018-04-30,-0.72,rni,https://www.cpc.ncep.noaa.gov/data/indices/Rnino34.ascii.txt,Relative ERSSTv6; 1991-2020 baseline,degrees_C_anomaly,True,True
2018,5,2018-05-01,2018-05-31,-0.29,rni,https://www.cpc.ncep.noaa.gov/data/indices/Rnino34.ascii.txt,Relative ERSSTv6; 1991-2020 baseline,degrees_C_anomaly,True,True
2018,6,2018-06-01,2018-06-30,0.03,rni,https://www.cpc.ncep.noaa.gov/data/indices/Rnino34.ascii.txt,Relative ERSSTv6; 1991-2020 baseline,degrees_C_anomaly,True,True
2018,7,2018-07-01,2018-07-31,0.19,rni,https://www.cpc.ncep.noaa.gov/data/indices/Rnino34.ascii.txt,Relative ERSSTv6; 1991-2020 baseline,degrees_C_anomaly,True,True
2018,8,2018-08-01,2018-08-31,0.03,rni,https://www.cpc.ncep.noaa.gov/data/indices/Rnino34.ascii.txt,Relative ERSSTv6; 1991-2020 baseline,degrees_C_anomaly,True,True
2018,9,2018-09-01,2018-09-30,0.27,rni,https://www.cpc.ncep.noaa.gov/data/indices/Rnino34.ascii.txt,Relative ERSSTv6; 1991-2020 baseline,degrees_C_anomaly,True,True
2018,10,2018-10-01,2018-10-31,0.74,rni,https://www.cpc.ncep.noaa.gov/data/indices/Rnino34.ascii.txt,Relative ERSSTv6; 1991-2020 baseline,degrees_C_anomaly,True,True
2018,11,2018-11-01,2018-11-30,0.87,rni,https://www.cpc.ncep.noaa.gov/data/indices/Rnino34.ascii.txt,Relative ERSSTv6; 1991-2020 baseline,degrees_C_anomaly,True,True
2018,12,2018-12-01,2018-12-31,0.85,rni,https://www.cpc.ncep.noaa.gov/data/indices/Rnino34.ascii.txt,Relative ERSSTv6; 1991-2020 baseline,degrees_C_anomaly,True,True
2019,1,2019-01-01,2019-01-31,0.62,rni,https://www.cpc.ncep.noaa.gov/data/indices/Rnino34.ascii.txt,Relative ERSSTv6; 1991-2020 baseline,degrees_C_anomaly,True,True
2019,2,2019-02-01,2019-02-28,0.56,rni,https://www.cpc.ncep.noaa.gov/data/indices/Rnino34.ascii.txt,Relative ERSSTv6; 1991-2020 baseline,degrees_C_anomaly,True,True
2019,3,2019-03-01,2019-03-31,0.73,rni,https://www.cpc.ncep.noaa.gov/data/indices/Rnino34.ascii.txt,Relative ERSSTv6; 1991-2020 baseline,degrees_C_anomaly,True,True
2019,4,2019-04-01,2019-04-30,0.43,rni,https://www.cpc.ncep.noaa.gov/data/indices/Rnino34.ascii.txt,Relative ERSSTv6; 1991-2020 baseline,degrees_C_anomaly,True,True
2019,5,2019-05-01,2019-05-31,0.43,rni,https://www.cpc.ncep.noaa.gov/data/indices/Rnino34.ascii.txt,Relative ERSSTv6; 1991-2020 baseline,degrees_C_anomaly,True,True
2019,6,2019-06-01,2019-06-30,0.25,rni,https://www.cpc.ncep.noaa.gov/data/indices/Rnino34.ascii.txt,Relative ERSSTv6; 1991-2020 baseline,degrees_C_anomaly,True,True
2019,7,2019-07-01,2019-07-31,0.05,rni,https://www.cpc.ncep.noaa.gov/data/indices/Rnino34.ascii.txt,Relative ERSSTv6; 1991-2020 baseline,degrees_C_anomaly,True,True
2019,8,2019-08-01,2019-08-31,-0.19,rni,https://www.cpc.ncep.noaa.gov/data/indices/Rnino34.ascii.txt,Relative ERSSTv6; 1991-2020 baseline,degrees_C_anomaly,True,True
2019,9,2019-09-01,2019-09-30,-0.23,rni,https://www.cpc.ncep.noaa.gov/data/indices/Rnino34.ascii.txt,Relative ERSSTv6; 1991-2020 baseline,degrees_C_anomaly,True,True
2019,10,2019-10-01,2019-10-31,0.38,rni,https://www.cpc.ncep.noaa.gov/data/indices/Rnino34.ascii.txt,Relative ERSSTv6; 1991-2020 baseline,degrees_C_anomaly,True,True
2019,11,2019-11-01,2019-11-30,0.3,rni,https://www.cpc.ncep.noaa.gov/data/indices/Rnino34.ascii.txt,Relative ERSSTv6; 1991-2020 baseline,degrees_C_anomaly,True,True
2019,12,2019-12-01,2019-12-31,0.18,rni,https://www.cpc.ncep.noaa.gov/data/indices/Rnino34.ascii.txt,Relative ERSSTv6; 1991-2020 baseline,degrees_C_anomaly,True,True
2020,1,2020-01-01,2020-01-31,0.18,rni,https://www.cpc.ncep.noaa.gov/data/indices/Rnino34.ascii.txt,Relative ERSSTv6; 1991-2020 baseline,degrees_C_anomaly,True,True
2020,2,2020-02-01,2020-02-29,0.06,rni,https://www.cpc.ncep.noaa.gov/data/indices/Rnino34.ascii.txt,Relative ERSSTv6; 1991-2020 baseline,degrees_C_anomaly,True,True
2020,3,2020-03-01,2020-03-31,0.05,rni,https://www.cpc.ncep.noaa.gov/data/indices/Rnino34.ascii.txt,Relative ERSSTv6; 1991-2020 baseline,degrees_C_anomaly,True,True
2020,4,2020-04-01,2020-04-30,-0.04,rni,https://www.cpc.ncep.noaa.gov/data/indices/Rnino34.ascii.txt,Relative ERSSTv6; 1991-2020 baseline,degrees_C_anomaly,True,True
2020,5,2020-05-01,2020-05-31,-0.77,rni,https://www.cpc.ncep.noaa.gov/data/indices/Rnino34.ascii.txt,Relative ERSSTv6; 1991-2020 baseline,degrees_C_anomaly,True,True
2020,6,2020-06-01,2020-06-30,-0.84,rni,https://www.cpc.ncep.noaa.gov/data/indices/Rnino34.ascii.txt,Relative ERSSTv6; 1991-2020 baseline,degrees_C_anomaly,True,True
2020,7,2020-07-01,2020-07-31,-0.54,rni,https://www.cpc.ncep.noaa.gov/data/indices/Rnino34.ascii.txt,Relative ERSSTv6; 1991-2020 baseline,degrees_C_anomaly,True,True
2020,8,2020-08-01,2020-08-31,-0.89,rni,https://www.cpc.ncep.noaa.gov/data/indices/Rnino34.ascii.txt,Relative ERSSTv6; 1991-2020 baseline,degrees_C_anomaly,True,True
2020,9,2020-09-01,2020-09-30,-1.12,rni,https://www.cpc.ncep.noaa.gov/data/indices/Rnino34.ascii.txt,Relative ERSSTv6; 1991-2020 baseline,degrees_C_anomaly,True,True
2020,10,2020-10-01,2020-10-31,-1.49,rni,https://www.cpc.ncep.noaa.gov/data/indices/Rnino34.ascii.txt,Relative ERSSTv6; 1991-2020 baseline,degrees_C_anomaly,True,True
2020,11,2020-11-01,2020-11-30,-1.5,rni,https://www.cpc.ncep.noaa.gov/data/indices/Rnino34.ascii.txt,Relative ERSSTv6; 1991-2020 baseline,degrees_C_anomaly,True,True
2020,12,2020-12-01,2020-12-31,-1.41,rni,https://www.cpc.ncep.noaa.gov/data/indices/Rnino34.ascii.txt,Relative ERSSTv6; 1991-2020 baseline,degrees_C_anomaly,True,True
2021,1,2021-01-01,2021-01-31,-1.27,rni,https://www.cpc.ncep.noaa.gov/data/indices/Rnino34.ascii.txt,Relative ERSSTv6; 1991-2020 baseline,degrees_C_anomaly,True,True
2021,2,2021-02-01,2021-02-28,-1.29,rni,https://www.cpc.ncep.noaa.gov/data/indices/Rnino34.ascii.txt,Relative ERSSTv6; 1991-2020 baseline,degrees_C_anomaly,True,True
2021,3,2021-03-01,2021-03-31,-0.98,rni,https://www.cpc.ncep.noaa.gov/data/indices/Rnino34.ascii.txt,Relative ERSSTv6; 1991-2020 baseline,degrees_C_anomaly,True,True
2021,4,2021-04-01,2021-04-30,-0.98,rni,https://www.cpc.ncep.noaa.gov/data/indices/Rnino34.ascii.txt,Relative ERSSTv6; 1991-2020 baseline,degrees_C_anomaly,True,True
2021,5,2021-05-01,2021-05-31,-0.71,rni,https://www.cpc.ncep.noaa.gov/data/indices/Rnino34.ascii.txt,Relative ERSSTv6; 1991-2020 baseline,degrees_C_anomaly,True,True
2021,6,2021-06-01,2021-06-30,-0.36,rni,https://www.cpc.ncep.noaa.gov/data/indices/Rnino34.ascii.txt,Relative ERSSTv6; 1991-2020 baseline,degrees_C_anomaly,True,True
2021,7,2021-07-01,2021-07-31,-0.64,rni,https://www.cpc.ncep.noaa.gov/data/indices/Rnino34.ascii.txt,Relative ERSSTv6; 1991-2020 baseline,degrees_C_anomaly,True,True
2021,8,2021-08-01,2021-08-31,-0.81,rni,https://www.cpc.ncep.noaa.gov/data/indices/Rnino34.ascii.txt,Relative ERSSTv6; 1991-2020 baseline,degrees_C_anomaly,True,True
2021,9,2021-09-01,2021-09-30,-0.83,rni,https://www.cpc.ncep.noaa.gov/data/indices/Rnino34.ascii.txt,Relative ERSSTv6; 1991-2020 baseline,degrees_C_anomaly,True,True
2021,10,2021-10-01,2021-10-31,-1.2,rni,https://www.cpc.ncep.noaa.gov/data/indices/Rnino34.ascii.txt,Relative ERSSTv6; 1991-2020 baseline,degrees_C_anomaly,True,True
2021,11,2021-11-01,2021-11-30,-1.22,rni,https://www.cpc.ncep.noaa.gov/data/indices/Rnino34.ascii.txt,Relative ERSSTv6; 1991-2020 baseline,degrees_C_anomaly,True,True
2021,12,2021-12-01,2021-12-31,-1.29,rni,https://www.cpc.ncep.noaa.gov/data/indices/Rnino34.ascii.txt,Relative ERSSTv6; 1991-2020 baseline,degrees_C_anomaly,True,True
2022,1,2022-01-01,2022-01-31,-1.16,rni,https://www.cpc.ncep.noaa.gov/data/indices/Rnino34.ascii.txt,Relative ERSSTv6; 1991-2020 baseline,degrees_C_anomaly,True,True
2022,2,2022-02-01,2022-02-28,-1.08,rni,https://www.cpc.ncep.noaa.gov/data/indices/Rnino34.ascii.txt,Relative ERSSTv6; 1991-2020 baseline,degrees_C_anomaly,True,True
2022,3,2022-03-01,2022-03-31,-1.16,rni,https://www.cpc.ncep.noaa.gov/data/indices/Rnino34.ascii.txt,Relative ERSSTv6; 1991-2020 baseline,degrees_C_anomaly,True,True
2022,4,2022-04-01,2022-04-30,-1.35,rni,https://www.cpc.ncep.noaa.gov/data/indices/Rnino34.ascii.txt,Relative ERSSTv6; 1991-2020 baseline,degrees_C_anomaly,True,True
2022,5,2022-05-01,2022-05-31,-1.28,rni,https://www.cpc.ncep.noaa.gov/data/indices/Rnino34.ascii.txt,Relative ERSSTv6; 1991-2020 baseline,degrees_C_anomaly,True,True
2022,6,2022-06-01,2022-06-30,-0.88,rni,https://www.cpc.ncep.noaa.gov/data/indices/Rnino34.ascii.txt,Relative ERSSTv6; 1991-2020 baseline,degrees_C_anomaly,True,True
2022,7,2022-07-01,2022-07-31,-0.69,rni,https://www.cpc.ncep.noaa.gov/data/indices/Rnino34.ascii.txt,Relative ERSSTv6; 1991-2020 baseline,degrees_C_anomaly,True,True
2022,8,2022-08-01,2022-08-31,-1.02,rni,https://www.cpc.ncep.noaa.gov/data/indices/Rnino34.ascii.txt,Relative ERSSTv6; 1991-2020 baseline,degrees_C_anomaly,True,True
2022,9,2022-09-01,2022-09-30,-1.13,rni,https://www.cpc.ncep.noaa.gov/data/indices/Rnino34.ascii.txt,Relative ERSSTv6; 1991-2020 baseline,degrees_C_anomaly,True,True
2022,10,2022-10-01,2022-10-31,-1.06,rni,https://www.cpc.ncep.noaa.gov/data/indices/Rnino34.ascii.txt,Relative ERSSTv6; 1991-2020 baseline,degrees_C_anomaly,True,True
2022,11,2022-11-01,2022-11-30,-1.13,rni,https://www.cpc.ncep.noaa.gov/data/indices/Rnino34.ascii.txt,Relative ERSSTv6; 1991-2020 baseline,degrees_C_anomaly,True,True
2022,12,2022-12-01,2022-12-31,-0.98,rni,https://www.cpc.ncep.noaa.gov/data/indices/Rnino34.ascii.txt,Relative ERSSTv6; 1991-2020 baseline,degrees_C_anomaly,True,True
2023,1,2023-01-01,2023-01-31,-0.88,rni,https://www.cpc.ncep.noaa.gov/data/indices/Rnino34.ascii.txt,Relative ERSSTv6; 1991-2020 baseline,degrees_C_anomaly,True,True
2023,2,2023-02-01,2023-02-28,-0.73,rni,https://www.cpc.ncep.noaa.gov/data/indices/Rnino34.ascii.txt,Relative ERSSTv6; 1991-2020 baseline,degrees_C_anomaly,True,True
2023,3,2023-03-01,2023-03-31,-0.44,rni,https://www.cpc.ncep.noaa.gov/data/indices/Rnino34.ascii.txt,Relative ERSSTv6; 1991-2020 baseline,degrees_C_anomaly,True,True
2023,4,2023-04-01,2023-04-30,-0.49,rni,https://www.cpc.ncep.noaa.gov/data/indices/Rnino34.ascii.txt,Relative ERSSTv6; 1991-2020 baseline,degrees_C_anomaly,True,True
2023,5,2023-05-01,2023-05-31,-0.01,rni,https://www.cpc.ncep.noaa.gov/data/indices/Rnino34.ascii.txt,Relative ERSSTv6; 1991-2020 baseline,degrees_C_anomaly,True,True
2023,6,2023-06-01,2023-06-30,0.37,rni,https://www.cpc.ncep.noaa.gov/data/indices/Rnino34.ascii.txt,Relative ERSSTv6; 1991-2020 baseline,degrees_C_anomaly,True,True
2023,7,2023-07-01,2023-07-31,0.48,rni,https://www.cpc.ncep.noaa.gov/data/indices/Rnino34.ascii.txt,Relative ERSSTv6; 1991-2020 baseline,degrees_C_anomaly,True,True
2023,8,2023-08-01,2023-08-31,0.78,rni,https://www.cpc.ncep.noaa.gov/data/indices/Rnino34.ascii.txt,Relative ERSSTv6; 1991-2020 baseline,degrees_C_anomaly,True,True
2023,9,2023-09-01,2023-09-30,1.1,rni,https://www.cpc.ncep.noaa.gov/data/indices/Rnino34.ascii.txt,Relative ERSSTv6; 1991-2020 baseline,degrees_C_anomaly,True,True
2023,10,2023-10-01,2023-10-31,1.25,rni,https://www.cpc.ncep.noaa.gov/data/indices/Rnino34.ascii.txt,Relative ERSSTv6; 1991-2020 baseline,degrees_C_anomaly,True,True
2023,11,2023-11-01,2023-11-30,1.55,rni,https://www.cpc.ncep.noaa.gov/data/indices/Rnino34.ascii.txt,Relative ERSSTv6; 1991-2020 baseline,degrees_C_anomaly,True,True
2023,12,2023-12-01,2023-12-31,1.48,rni,https://www.cpc.ncep.noaa.gov/data/indices/Rnino34.ascii.txt,Relative ERSSTv6; 1991-2020 baseline,degrees_C_anomaly,True,True
2024,1,2024-01-01,2024-01-31,1.18,rni,https://www.cpc.ncep.noaa.gov/data/indices/Rnino34.ascii.txt,Relative ERSSTv6; 1991-2020 baseline,degrees_C_anomaly,True,True
2024,2,2024-02-01,2024-02-29,0.74,rni,https://www.cpc.ncep.noaa.gov/data/indices/Rnino34.ascii.txt,Relative ERSSTv6; 1991-2020 baseline,degrees_C_anomaly,True,True
2024,3,2024-03-01,2024-03-31,0.41,rni,https://www.cpc.ncep.noaa.gov/data/indices/Rnino34.ascii.txt,Relative ERSSTv6; 1991-2020 baseline,degrees_C_anomaly,True,True
2024,4,2024-04-01,2024-04-30,0.11,rni,https://www.cpc.ncep.noaa.gov/data/indices/Rnino34.ascii.txt,Relative ERSSTv6; 1991-2020 baseline,degrees_C_anomaly,True,True
2024,5,2024-05-01,2024-05-31,-0.41,rni,https://www.cpc.ncep.noaa.gov/data/indices/Rnino34.ascii.txt,Relative ERSSTv6; 1991-2020 baseline,degrees_C_anomaly,True,True
2024,6,2024-06-01,2024-06-30,-0.53,rni,https://www.cpc.ncep.noaa.gov/data/indices/Rnino34.ascii.txt,Relative ERSSTv6; 1991-2020 baseline,degrees_C_anomaly,True,True
2024,7,2024-07-01,2024-07-31,-0.41,rni,https://www.cpc.ncep.noaa.gov/data/indices/Rnino34.ascii.txt,Relative ERSSTv6; 1991-2020 baseline,degrees_C_anomaly,True,True
2024,8,2024-08-01,2024-08-31,-0.53,rni,https://www.cpc.ncep.noaa.gov/data/indices/Rnino34.ascii.txt,Relative ERSSTv6; 1991-2020 baseline,degrees_C_anomaly,True,True
2024,9,2024-09-01,2024-09-30,-0.75,rni,https://www.cpc.ncep.noaa.gov/data/indices/Rnino34.ascii.txt,Relative ERSSTv6; 1991-2020 baseline,degrees_C_anomaly,True,True
2024,10,2024-10-01,2024-10-31,-0.73,rni,https://www.cpc.ncep.noaa.gov/data/indices/Rnino34.ascii.txt,Relative ERSSTv6; 1991-2020 baseline,degrees_C_anomaly,True,True
2024,11,2024-11-01,2024-11-30,-0.81,rni,https://www.cpc.ncep.noaa.gov/data/indices/Rnino34.ascii.txt,Relative ERSSTv6; 1991-2020 baseline,degrees_C_anomaly,True,True
2024,12,2024-12-01,2024-12-31,-1.1,rni,https://www.cpc.ncep.noaa.gov/data/indices/Rnino34.ascii.txt,Relative ERSSTv6; 1991-2020 baseline,degrees_C_anomaly,True,True
2025,1,2025-01-01,2025-01-31,-1.23,rni,https://www.cpc.ncep.noaa.gov/data/indices/Rnino34.ascii.txt,Relative ERSSTv6; 1991-2020 baseline,degrees_C_anomaly,True,True
2025,2,2025-02-01,2025-02-28,-0.96,rni,https://www.cpc.ncep.noaa.gov/data/indices/Rnino34.ascii.txt,Relative ERSSTv6; 1991-2020 baseline,degrees_C_anomaly,True,True
2025,3,2025-03-01,2025-03-31,-0.35,rni,https://www.cpc.ncep.noaa.gov/data/indices/Rnino34.ascii.txt,Relative ERSSTv6; 1991-2020 baseline,degrees_C_anomaly,True,True
2025,4,2025-04-01,2025-04-30,-0.66,rni,https://www.cpc.ncep.noaa.gov/data/indices/Rnino34.ascii.txt,Relative ERSSTv6; 1991-2020 baseline,degrees_C_anomaly,True,True
2025,5,2025-05-01,2025-05-31,-0.5,rni,https://www.cpc.ncep.noaa.gov/data/indices/Rnino34.ascii.txt,Relative ERSSTv6; 1991-2020 baseline,degrees_C_anomaly,True,True
2025,6,2025-06-01,2025-06-30,-0.27,rni,https://www.cpc.ncep.noaa.gov/data/indices/Rnino34.ascii.txt,Relative ERSSTv6; 1991-2020 baseline,degrees_C_anomaly,True,True
2025,7,2025-07-01,2025-07-31,-0.32,rni,https://www.cpc.ncep.noaa.gov/data/indices/Rnino34.ascii.txt,Relative ERSSTv6; 1991-2020 baseline,degrees_C_anomaly,True,True
2025,8,2025-08-01,2025-08-31,-0.62,rni,https://www.cpc.ncep.noaa.gov/data/indices/Rnino34.ascii.txt,Relative ERSSTv6; 1991-2020 baseline,degrees_C_anomaly,True,True
2025,9,2025-09-01,2025-09-30,-0.82,rni,https://www.cpc.ncep.noaa.gov/data/indices/Rnino34.ascii.txt,Relative ERSSTv6; 1991-2020 baseline,degrees_C_anomaly,True,True
2025,10,2025-10-01,2025-10-31,-0.9,rni,https://www.cpc.ncep.noaa.gov/data/indices/Rnino34.ascii.txt,Relative ERSSTv6; 1991-2020 baseline,degrees_C_anomaly,True,True
2025,11,2025-11-01,2025-11-30,-1.08,rni,https://www.cpc.ncep.noaa.gov/data/indices/Rnino34.ascii.txt,Relative ERSSTv6; 1991-2020 baseline,degrees_C_anomaly,True,True
2025,12,2025-12-01,2025-12-31,-0.95,rni,https://www.cpc.ncep.noaa.gov/data/indices/Rnino34.ascii.txt,Relative ERSSTv6; 1991-2020 baseline,degrees_C_anomaly,True,True
2026,1,2026-01-01,2026-01-31,-1.09,rni,https://www.cpc.ncep.noaa.gov/data/indices/Rnino34.ascii.txt,Relative ERSSTv6; 1991-2020 baseline,degrees_C_anomaly,True,True
2026,2,2026-02-01,2026-02-28,-0.69,rni,https://www.cpc.ncep.noaa.gov/data/indices/Rnino34.ascii.txt,Relative ERSSTv6; 1991-2020 baseline,degrees_C_anomaly,True,True
2026,3,2026-03-01,2026-03-31,-0.5,rni,https://www.cpc.ncep.noaa.gov/data/indices/Rnino34.ascii.txt,Relative ERSSTv6; 1991-2020 baseline,degrees_C_anomaly,True,True
2026,4,2026-04-01,2026-04-30,-0.13,rni,https://www.cpc.ncep.noaa.gov/data/indices/Rnino34.ascii.txt,Relative ERSSTv6; 1991-2020 baseline,degrees_C_anomaly,True,True
2026,5,2026-05-01,2026-05-31,0.52,rni,https://www.cpc.ncep.noaa.gov/data/indices/Rnino34.ascii.txt,Relative ERSSTv6; 1991-2020 baseline,degrees_C_anomaly,True,True
2026,6,2026-06-01,2026-06-30,1.07,rni,https://www.cpc.ncep.noaa.gov/data/indices/Rnino34.ascii.txt,Relative ERSSTv6; 1991-2020 baseline,degrees_C_anomaly,True,True
2026,7,2026-07-01,2026-07-31,1.33,rni,https://www.cpc.ncep.noaa.gov/data/indices/Rnino34.ascii.txt,Relative ERSSTv6; 1991-2020 baseline,degrees_C_anomaly,True,True
2026,8,2026-08-01,2026-08-31,1.67,rni,https://www.cpc.ncep.noaa.gov/data/indices/Rnino34.ascii.txt,Relative ERSSTv6; 1991-2020 baseline,degrees_C_anomaly,True,True
