year,season,period_start,period_end,value,source_url,source_version,unit,period_complete,usable
1950,DJF,1949-12-01,1950-02-28,-1.19,https://www.cpc.ncep.noaa.gov/data/indices/RONI.ascii.txt,Relative ERSSTv6; 1991-2020 baseline; three-month running mean,degrees_C_anomaly,True,True
1950,JFM,1950-01-01,1950-03-31,-1.08,https://www.cpc.ncep.noaa.gov/data/indices/RONI.ascii.txt,Relative ERSSTv6; 1991-2020 baseline; three-month running mean,degrees_C_anomaly,True,True
1950,FMA,1950-02-01,1950-04-30,-0.96,https://www.cpc.ncep.noaa.gov/data/indices/RONI.ascii.txt,Relative ERSSTv6; 1991-2020 baseline; three-month running mean,degrees_C_anomaly,True,True
1950,MAM,1950-03-01,1950-05-31,-1.0,https://www.cpc.ncep.noaa.gov/data/indices/RONI.ascii.txt,Relative ERSSTv6; 1991-2020 baseline; three-month running mean,degrees_C_anomaly,True,True
1950,AMJ,1950-04-01,1950-06-30,-0.99,https://www.cpc.ncep.noaa.gov/data/indices/RONI.ascii.txt,Relative ERSSTv6; 1991-2020 baseline; three-month running mean,degrees_C_anomaly,True,True
1950,MJJ,1950-05-01,1950-07-31,-0.75,https://www.cpc.ncep.noaa.gov/data/indices/RONI.ascii.txt,Relative ERSSTv6; 1991-2020 baseline; three-month running mean,degrees_C_anomaly,True,True
1950,JJA,1950-06-01,1950-08-31,-0.38,https://www.cpc.ncep.noaa.gov/data/indices/RONI.ascii.txt,Relative ERSSTv6; 1991-2020 baseline; three-month running mean,degrees_C_anomaly,True,True
1950,JAS,1950-07-01,1950-09-30,-0.32,https://www.cpc.ncep.noaa.gov/data/indices/RONI.ascii.txt,Relative ERSSTv6; 1991-2020 baseline; three-month running mean,degrees_C_anomaly,True,True
1950,ASO,1950-08-01,1950-10-31,-0.29,https://www.cpc.ncep.noaa.gov/data/indices/RONI.ascii.txt,Relative ERSSTv6; 1991-2020 baseline; three-month running mean,degrees_C_anomaly,True,True
1950,SON,1950-09-01,1950-11-30,-0.38,https://www.cpc.ncep.noaa.gov/data/indices/RONI.ascii.txt,Relative ERSSTv6; 1991-2020 baseline; three-month running mean,degrees_C_anomaly,True,True
1950,OND,1950-10-01,1950-12-31,-0.36,https://www.cpc.ncep.noaa.gov/data/indices/RONI.ascii.txt,Relative ERSSTv6; 1991-2020 baseline; three-month running mean,degrees_C_anomaly,True,True
1950,NDJ,1950-11-01,1951-01-31,-0.5,https://www.cpc.ncep.noaa.gov/data/indices/RONI.ascii.txt,Relative ERSSTv6; 1991-2020 baseline; three-month running mean,degrees_C_anomaly,True,True
1951,DJF,1950-12-01,1951-02-28,-0.28,https://www.cpc.ncep.noaa.gov/data/indices/RONI.ascii.txt,Relative ERSSTv6; 1991-2020 baseline; three-month running mean,degrees_C_anomaly,True,True
1951,JFM,1951-01-01,1951-03-31,0.09,https://www.cpc.ncep.noaa.gov/data/indices/RONI.ascii.txt,Relative ERSSTv6; 1991-2020 baseline; three-month running mean,degrees_C_anomaly,True,True
1951,FMA,1951-02-01,1951-04-30,0.48,https://www.cpc.ncep.noaa.gov/data/indices/RONI.ascii.txt,Relative ERSSTv6; 1991-2020 baseline; three-month running mean,degrees_C_anomaly,True,True
1951,MAM,1951-03-01,1951-05-31,0.63,https://www.cpc.ncep.noaa.gov/data/indices/RONI.ascii.txt,Relative ERSSTv6; 1991-2020 baseline; three-month running mean,degrees_C_anomaly,True,True
1951,AMJ,1951-04-01,1951-06-30,0.59,https://www.cpc.ncep.noaa.gov/data/indices/RONI.ascii.txt,Relative ERSSTv6; 1991-2020 baseline; three-month running mean,degrees_C_anomaly,True,True
1951,MJJ,1951-05-01,1951-07-31,0.69,https://www.cpc.ncep.noaa.gov/data/indices/RONI.ascii.txt,Relative ERSSTv6; 1991-2020 baseline; three-month running mean,degrees_C_anomaly,True,True
1951,JJA,1951-06-01,1951-08-31,0.79,https://www.cpc.ncep.noaa.gov/data/indices/RONI.ascii.txt,Relative ERSSTv6; 1991-2020 baseline; three-month running mean,degrees_C_anomaly,True,True
1951,JAS,1951-07-01,1951-09-30,0.97,https://www.cpc.ncep.noaa.gov/data/indices/RONI.ascii.txt,Relative ERSSTv6; 1991-2020 baseline; three-month running mean,degrees_C_anomaly,True,True
1951,ASO,1951-08-01,1951-10-31,1.04,https://www.cpc.ncep.noaa.gov/data/indices/RONI.ascii.txt,Relative ERSSTv6; 1991-2020 baseline; three-month running mean,degrees_C_anomaly,True,True
1951,SON,1951-09-01,1951-11-30,0.98,https://www.cpc.ncep.noaa.gov/data/indices/RONI.ascii.txt,Relative ERSSTv6; 1991-2020 baseline; three-month running mean,degrees_C_anomaly,True,True
1951,OND,1951-10-01,1951-12-31,0.94,https://www.cpc.ncep.noaa.gov/data/indices/RONI.ascii.txt,Relative ERSSTv6; 1991-2020 baseline; three-month running mean,degrees_C_anomaly,True,True
1951,NDJ,1951-11-01,1952-01-31,0.71,https://www.cpc.ncep.noaa.gov/data/indices/RONI.ascii.txt,Relative ERSSTv6; 1991-2020 baseline; three-month running mean,degrees_C_anomaly,True,True
1952,DJF,1951-12-01,1952-02-29,0.65,https://www.cpc.ncep.noaa.gov/data/indices/RONI.ascii.txt,Relative ERSSTv6; 1991-2020 baseline; three-month running mean,degrees_C_anomaly,True,True
1952,JFM,1952-01-01,1952-03-31,0.33,https://www.cpc.ncep.noaa.gov/data/indices/RONI.ascii.txt,Relative ERSSTv6; 1991-2020 baseline; three-month running mean,degrees_C_anomaly,True,True
1952,FMA,1952-02-01,1952-04-30,0.46,https://www.cpc.ncep.noaa.gov/data/indices/RONI.ascii.txt,Relative ERSSTv6; 1991-2020 baseline; three-month running mean,degrees_C_anomaly,True,True
1952,MAM,1952-03-01,1952-05-31,0.24,https://www.cpc.ncep.noaa.gov/data/indices/RONI.ascii.txt,Relative ERSSTv6; 1991-2020 baseline; three-month running mean,degrees_C_anomaly,True,True
1952,AMJ,1952-04-01,1952-06-30,-0.03,https://www.cpc.ncep.noaa.gov/data/indices/RONI.ascii.txt,Relative ERSSTv6; 1991-2020 baseline; three-month running mean,degrees_C_anomaly,True,True
1952,MJJ,1952-05-01,1952-07-31,-0.45,https://www.cpc.ncep.noaa.gov/data/indices/RONI.ascii.txt,Relative ERSSTv6; 1991-2020 baseline; three-month running mean,degrees_C_anomaly,True,True
1952,JJA,1952-06-01,1952-08-31,-0.41,https://www.cpc.ncep.noaa.gov/data/indices/RONI.ascii.txt,Relative ERSSTv6; 1991-2020 baseline; three-month running mean,degrees_C_anomaly,True,True
1952,JAS,1952-07-01,1952-09-30,-0.14,https://www.cpc.ncep.noaa.gov/data/indices/RONI.ascii.txt,Relative ERSSTv6; 1991-2020 baseline; three-month running mean,degrees_C_anomaly,True,True
1952,ASO,1952-08-01,1952-10-31,0.08,https://www.cpc.ncep.noaa.gov/data/indices/RONI.ascii.txt,Relative ERSSTv6; 1991-2020 baseline; three-month running mean,degrees_C_anomaly,True,True
1952,SON,1952-09-01,1952-11-30,0.04,https://www.cpc.ncep.noaa.gov/data/indices/RONI.ascii.txt,Relative ERSSTv6; 1991-2020 baseline; three-month running mean,degrees_C_anomaly,True,True
1952,OND,1952-10-01,1952-12-31,-0.1,https://www.cpc.ncep.noaa.gov/data/indices/RONI.ascii.txt,Relative ERSSTv6; 1991-2020 baseline; three-month running mean,degrees_C_anomaly,True,True
1952,NDJ,1952-11-01,1953-01-31,0.1,https://www.cpc.ncep.noaa.gov/data/indices/RONI.ascii.txt,Relative ERSSTv6; 1991-2020 baseline; three-month running mean,degrees_C_anomaly,True,True
1953,DJF,1952-12-01,1953-02-28,0.4,https://www.cpc.ncep.noaa.gov/data/indices/RONI.ascii.txt,Relative ERSSTv6; 1991-2020 baseline; three-month running mean,degrees_C_anomaly,True,True
1953,JFM,1953-01-01,1953-03-31,0.67,https://www.cpc.ncep.noaa.gov/data/indices/RONI.ascii.txt,Relative ERSSTv6; 1991-2020 baseline; three-month running mean,degrees_C_anomaly,True,True
1953,FMA,1953-02-01,1953-04-30,0.68,https://www.cpc.ncep.noaa.gov/data/indices/RONI.ascii.txt,Relative ERSSTv6; 1991-2020 baseline; three-month running mean,degrees_C_anomaly,True,True
1953,MAM,1953-03-01,1953-05-31,0.72,https://www.cpc.ncep.noaa.gov/data/indices/RONI.ascii.txt,Relative ERSSTv6; 1991-2020 baseline; three-month running mean,degrees_C_anomaly,True,True
1953,AMJ,1953-04-01,1953-06-30,0.94,https://www.cpc.ncep.noaa.gov/data/indices/RONI.ascii.txt,Relative ERSSTv6; 1991-2020 baseline; three-month running mean,degrees_C_anomaly,True,True
1953,MJJ,1953-05-01,1953-07-31,0.84,https://www.cpc.ncep.noaa.gov/data/indices/RONI.ascii.txt,Relative ERSSTv6; 1991-2020 baseline; three-month running mean,degrees_C_anomaly,True,True
1953,JJA,1953-06-01,1953-08-31,0.68,https://www.cpc.ncep.noaa.gov/data/indices/RONI.ascii.txt,Relative ERSSTv6; 1991-2020 baseline; three-month running mean,degrees_C_anomaly,True,True
1953,JAS,1953-07-01,1953-09-30,0.73,https://www.cpc.ncep.noaa.gov/data/indices/RONI.ascii.txt,Relative ERSSTv6; 1991-2020 baseline; three-month running mean,degrees_C_anomaly,True,True
1953,ASO,1953-08-01,1953-10-31,0.65,https://www.cpc.ncep.noaa.gov/data/indices/RONI.ascii.txt,Relative ERSSTv6; 1991-2020 baseline; three-month running mean,degrees_C_anomaly,True,True
1953,SON,1953-09-01,1953-11-30,0.84,https://www.cpc.ncep.noaa.gov/data/indices/RONI.ascii.txt,Relative ERSSTv6; 1991-2020 baseline; three-month running mean,degrees_C_anomaly,True,True
1953,OND,1953-10-01,1953-12-31,0.57,https://www.cpc.ncep.noaa.gov/data/indices/RONI.ascii.txt,Relative ERSSTv6; 1991-2020 baseline; three-month running mean,degrees_C_anomaly,True,True
1953,NDJ,1953-11-01,1954-01-31,0.66,https://www.cpc.ncep.noaa.gov/data/indices/RONI.ascii.txt,Relative ERSSTv6; 1991-2020 baseline; three-month running mean,degrees_C_anomaly,True,True
1954,DJF,1953-12-01,1954-02-28,0.63,https://www.cpc.ncep.noaa.gov/data/indices/RONI.ascii.txt,Relative ERSSTv6; 1991-2020 baseline; three-month running mean,degrees_C_anomaly,True,True
1954,JFM,1954-01-01,1954-03-31,0.63,https://www.cpc.ncep.noaa.gov/data/indices/RONI.ascii.txt,Relative ERSSTv6; 1991-2020 baseline; three-month running mean,degrees_C_anomaly,True,True
1954,FMA,1954-02-01,1954-04-30,0.31,https://www.cpc.ncep.noaa.gov/data/indices/RONI.ascii.txt,Relative ERSSTv6; 1991-2020 baseline; three-month running mean,degrees_C_anomaly,True,True
1954,MAM,1954-03-01,1954-05-31,-0.02,https://www.cpc.ncep.noaa.gov/data/indices/RONI.ascii.txt,Relative ERSSTv6; 1991-2020 baseline; three-month running mean,degrees_C_anomaly,True,True
1954,AMJ,1954-04-01,1954-06-30,-0.24,https://www.cpc.ncep.noaa.gov/data/indices/RONI.ascii.txt,Relative ERSSTv6; 1991-2020 baseline; three-month running mean,degrees_C_anomaly,True,True
1954,MJJ,1954-05-01,1954-07-31,-0.21,https://www.cpc.ncep.noaa.gov/data/indices/RONI.ascii.txt,Relative ERSSTv6; 1991-2020 baseline; three-month running mean,degrees_C_anomaly,True,True
1954,JJA,1954-06-01,1954-08-31,-0.45,https://www.cpc.ncep.noaa.gov/data/indices/RONI.ascii.txt,Relative ERSSTv6; 1991-2020 baseline; three-month running mean,degrees_C_anomaly,True,True
1954,JAS,1954-07-01,1954-09-30,-0.62,https://www.cpc.ncep.noaa.gov/data/indices/RONI.ascii.txt,Relative ERSSTv6; 1991-2020 baseline; three-month running mean,degrees_C_anomaly,True,True
1954,ASO,1954-08-01,1954-10-31,-0.54,https://www.cpc.ncep.noaa.gov/data/indices/RONI.ascii.txt,Relative ERSSTv6; 1991-2020 baseline; three-month running mean,degrees_C_anomaly,True,True
1954,SON,1954-09-01,1954-11-30,-0.31,https://www.cpc.ncep.noaa.gov/data/indices/RONI.ascii.txt,Relative ERSSTv6; 1991-2020 baseline; three-month running mean,degrees_C_anomaly,True,True
1954,OND,1954-10-01,1954-12-31,-0.09,https://www.cpc.ncep.noaa.gov/data/indices/RONI.ascii.txt,Relative ERSSTv6; 1991-2020 baseline; three-month running mean,degrees_C_anomaly,True,True
1954,NDJ,1954-11-01,1955-01-31,-0.18,https://www.cpc.ncep.noaa.gov/data/indices/RONI.ascii.txt,Relative ERSSTv6; 1991-2020 baseline; three-month running mean,degrees_C_anomaly,True,True
1955,DJF,1954-12-01,1955-02-28,-0.12,https://www.cpc.ncep.noaa.gov/data/indices/RONI.ascii.txt,Relative ERSSTv6; 1991-2020 baseline; three-month running mean,degrees_C_anomaly,True,True
1955,JFM,1955-01-01,1955-03-31,-0.14,https://www.cpc.ncep.noaa.gov/data/indices/RONI.ascii.txt,Relative ERSSTv6; 1991-2020 baseline; three-month running mean,degrees_C_anomaly,True,True
1955,FMA,1955-02-01,1955-04-30,-0.13,https://www.cpc.ncep.noaa.gov/data/indices/RONI.ascii.txt,Relative ERSSTv6; 1991-2020 baseline; three-month running mean,degrees_C_anomaly,True,True
1955,MAM,1955-03-01,1955-05-31,-0.38,https://www.cpc.ncep.noaa.gov/data/indices/RONI.ascii.txt,Relative ERSSTv6; 1991-2020 baseline; three-month running mean,degrees_C_anomaly,True,True
1955,AMJ,1955-04-01,1955-06-30,-0.36,https://www.cpc.ncep.noaa.gov/data/indices/RONI.ascii.txt,Relative ERSSTv6; 1991-2020 baseline; three-month running mean,degrees_C_anomaly,True,True
1955,MJJ,1955-05-01,1955-07-31,-0.52,https://www.cpc.ncep.noaa.gov/data/indices/RONI.ascii.txt,Relative ERSSTv6; 1991-2020 baseline; three-month running mean,degrees_C_anomaly,True,True
1955,JJA,1955-06-01,1955-08-31,-0.4,https://www.cpc.ncep.noaa.gov/data/indices/RONI.ascii.txt,Relative ERSSTv6; 1991-2020 baseline; three-month running mean,degrees_C_anomaly,True,True
1955,JAS,1955-07-01,1955-09-30,-0.7,https://www.cpc.ncep.noaa.gov/data/indices/RONI.ascii.txt,Relative ERSSTv6; 1991-2020 baseline; three-month running mean,degrees_C_anomaly,True,True
1955,ASO,1955-08-01,1955-10-31,-0.9,https://www.cpc.ncep.noaa.gov/data/indices/RONI.ascii.txt,Relative ERSSTv6; 1991-2020 baseline; three-month running mean,degrees_C_anomaly,True,True
1955,SON,1955-09-01,1955-11-30,-1.31,https://www.cpc.ncep.noaa.gov/data/indices/RONI.ascii.txt,Relative ERSSTv6; 1991-2020 baseline; three-month running mean,degrees_C_anomaly,True,True
1955,OND,1955-10-01,1955-12-31,-1.4,https://www.cpc.ncep.noaa.gov/data/indices/RONI.ascii.txt,Relative ERSSTv6; 1991-2020 baseline; three-month running mean,degrees_C_anomaly,True,True
1955,NDJ,1955-11-01,1956-01-31,-1.31,https://www.cpc.ncep.noaa.gov/data/indices/RONI.ascii.txt,Relative ERSSTv6; 1991-2020 baseline; three-month running mean,degrees_C_anomaly,True,True
1956,DJF,1955-12-01,1956-02-29,-0.81,https://www.cpc.ncep.noaa.gov/data/indices/RONI.ascii.txt,Relative ERSSTv6; 1991-2020 baseline; three-month running mean,degrees_C_anomaly,True,True
1956,JFM,1956-01-01,1956-03-31,-0.4,https://www.cpc.ncep.noaa.gov/data/indices/RONI.ascii.txt,Relative ERSSTv6; 1991-2020 baseline; three-month running mean,degrees_C_anomaly,True,True
1956,FMA,1956-02-01,1956-04-30,-0.12,https://www.cpc.ncep.noaa.gov/data/indices/RONI.ascii.txt,Relative ERSSTv6; 1991-2020 baseline; three-month running mean,degrees_C_anomaly,True,True
1956,MAM,1956-03-01,1956-05-31,-0.09,https://www.cpc.ncep.noaa.gov/data/indices/RONI.ascii.txt,Relative ERSSTv6; 1991-2020 baseline; three-month running mean,degrees_C_anomaly,True,True
1956,AMJ,1956-04-01,1956-06-30,-0.03,https://www.cpc.ncep.noaa.gov/data/indices/RONI.ascii.txt,Relative ERSSTv6; 1991-2020 baseline; three-month running mean,degrees_C_anomaly,True,True
1956,MJJ,1956-05-01,1956-07-31,-0.01,https://www.cpc.ncep.noaa.gov/data/indices/RONI.ascii.txt,Relative ERSSTv6; 1991-2020 baseline; three-month running mean,degrees_C_anomaly,True,True
1956,JJA,1956-06-01,1956-08-31,-0.15,https://www.cpc.ncep.noaa.gov/data/indices/RONI.ascii.txt,Relative ERSSTv6; 1991-2020 baseline; three-month running mean,degrees_C_anomaly,True,True
1956,JAS,1956-07-01,1956-09-30,-0.18,https://www.cpc.ncep.noaa.gov/data/indices/RONI.ascii.txt,Relative ERSSTv6; 1991-2020 baseline; three-month running mean,degrees_C_anomaly,True,True
1956,ASO,1956-08-01,1956-10-31,-0.12,https://www.cpc.ncep.noaa.gov/data/indices/RONI.ascii.txt,Relative ERSSTv6; 1991-2020 baseline; three-month running mean,degrees_C_anomaly,True,True
1956,SON,1956-09-01,1956-11-30,-0.14,https://www.cpc.ncep.noaa.gov/data/indices/RONI.ascii.txt,Relative ERSSTv6; 1991-2020 baseline; three-month running mean,degrees_C_anomaly,True,True
1956,OND,1956-10-01,1956-12-31,-0.14,https://www.cpc.ncep.noaa.gov/data/indices/RONI.ascii.txt,Relative ERSSTv6; 1991-2020 baseline; three-month running mean,degrees_C_anomaly,True,True
1956,NDJ,1956-11-01,1957-01-31,-0.17,https://www.cpc.ncep.noaa.gov/data/indices/RONI.ascii.txt,Relative ERSSTv6; 1991-2020 baseline; three-month running mean,degrees_C_anomaly,True,True
1957,DJF,1956-12-01,1957-02-28,0.0,https://www.cpc.ncep.noaa.gov/data/indices/RONI.ascii.txt,Relative ERSSTv6; 1991-2020 baseline; three-month running mean,degrees_C_anomaly,True,True
1957,JFM,1957-01-01,1957-03-31,0.22,https://www.cpc.ncep.noaa.gov/data/indices/RONI.ascii.txt,Relative ERSSTv6; 1991-2020 baseline; three-month running mean,degrees_C_anomaly,True,True
1957,FMA,1957-02-01,1957-04-30,0.53,https://www.cpc.ncep.noaa.gov/data/indices/RONI.ascii.txt,Relative ERSSTv6; 1991-2020 baseline; three-month running mean,degrees_C_anomaly,True,True
1957,MAM,1957-03-01,1957-05-31,0.83,https://www.cpc.ncep.noaa.gov/data/indices/RONI.ascii.txt,Relative ERSSTv6; 1991-2020 baseline; three-month running mean,degrees_C_anomaly,True,True
1957,AMJ,1957-04-01,1957-06-30,0.88,https://www.cpc.ncep.noaa.gov/data/indices/RONI.ascii.txt,Relative ERSSTv6; 1991-2020 baseline; three-month running mean,degrees_C_anomaly,True,True
1957,MJJ,1957-05-01,1957-07-31,0.9,https://www.cpc.ncep.noaa.gov/data/indices/RONI.ascii.txt,Relative ERSSTv6; 1991-2020 baseline; three-month running mean,degrees_C_anomaly,True,True
1957,JJA,1957-06-01,1957-08-31,1.03,https://www.cpc.ncep.noaa.gov/data/indices/RONI.ascii.txt,Relative ERSSTv6; 1991-2020 baseline; three-month running mean,degrees_C_anomaly,True,True
1957,JAS,1957-07-01,1957-09-30,1.05,https://www.cpc.ncep.noaa.gov/data/indices/RONI.ascii.txt,Relative ERSSTv6; 1991-2020 baseline; three-month running mean,degrees_C_anomaly,True,True
1957,ASO,1957-08-01,1957-10-31,1.14,https://www.cpc.ncep.noaa.gov/data/indices/RONI.ascii.txt,Relative ERSSTv6; 1991-2020 baseline; three-month running mean,degrees_C_anomaly,True,True
1957,SON,1957-09-01,1957-11-30,1.16,https://www.cpc.ncep.noaa.gov/data/indices/RONI.ascii.txt,Relative ERSSTv6; 1991-2020 baseline; three-month running mean,degrees_C_anomaly,True,True
1957,OND,1957-10-01,1957-12-31,1.45,https://www.cpc.ncep.noaa.gov/data/indices/RONI.ascii.txt,Relative ERSSTv6; 1991-2020 baseline; three-month running mean,degrees_C_anomaly,True,True
1957,NDJ,1957-11-01,1958-01-31,1.75,https://www.cpc.ncep.noaa.gov/data/indices/RONI.ascii.txt,Relative ERSSTv6; 1991-2020 baseline; three-month running mean,degrees_C_anomaly,True,True
1958,DJF,1957-12-01,1958-02-28,1.89,https://www.cpc.ncep.noaa.gov/data/indices/RONI.ascii.txt,Relative ERSSTv6; 1991-2020 baseline; three-month running mean,degrees_C_anomaly,True,True
1958,JFM,1958-01-01,1958-03-31,1.79,https://www.cpc.ncep.noaa.gov/data/indices/RONI.ascii.txt,Relative ERSSTv6; 1991-2020 baseline; three-month running mean,degrees_C_anomaly,True,True
1958,FMA,1958-02-01,1958-04-30,1.31,https://www.cpc.ncep.noaa.gov/data/indices/RONI.ascii.txt,Relative ERSSTv6; 1991-2020 baseline; three-month running mean,degrees_C_anomaly,True,True
1958,MAM,1958-03-01,1958-05-31,0.95,https://www.cpc.ncep.noaa.gov/data/indices/RONI.ascii.txt,Relative ERSSTv6; 1991-2020 baseline; three-month running mean,degrees_C_anomaly,True,True
1958,AMJ,1958-04-01,1958-06-30,0.66,https://www.cpc.ncep.noaa.gov/data/indices/RONI.ascii.txt,Relative ERSSTv6; 1991-2020 baseline; three-month running mean,degrees_C_anomaly,True,True
1958,MJJ,1958-05-01,1958-07-31,0.56,https://www.cpc.ncep.noaa.gov/data/indices/RONI.ascii.txt,Relative ERSSTv6; 1991-2020 baseline; three-month running mean,degrees_C_anomaly,True,True
1958,JJA,1958-06-01,1958-08-31,0.45,https://www.cpc.ncep.noaa.gov/data/indices/RONI.ascii.txt,Relative ERSSTv6; 1991-2020 baseline; three-month running mean,degrees_C_anomaly,True,True
1958,JAS,1958-07-01,1958-09-30,0.26,https://www.cpc.ncep.noaa.gov/data/indices/RONI.ascii.txt,Relative ERSSTv6; 1991-2020 baseline; three-month running mean,degrees_C_anomaly,True,True
1958,ASO,1958-08-01,1958-10-31,0.23,https://www.cpc.ncep.noaa.gov/data/indices/RONI.ascii.txt,Relative ERSSTv6; 1991-2020 baseline; three-month running mean,degrees_C_anomaly,True,True
1958,SON,1958-09-01,1958-11-30,0.24,https://www.cpc.ncep.noaa.gov/data/indices/RONI.ascii.txt,Relative ERSSTv6; 1991-2020 baseline; three-month running mean,degrees_C_anomaly,True,True
1958,OND,1958-10-01,1958-12-31,0.36,https://www.cpc.ncep.noaa.gov/data/indices/RONI.ascii.txt,Relative ERSSTv6; 1991-2020 baseline; three-month running mean,degrees_C_anomaly,True,True
1958,NDJ,1958-11-01,1959-01-31,0.64,https://www.cpc.ncep.noaa.gov/data/indices/RONI.ascii.txt,Relative ERSSTv6; 1991-2020 baseline; three-month running mean,degrees_C_anomaly,True,True
1959,DJF,1958-12-01,1959-02-28,0.77,https://www.cpc.ncep.noaa.gov/data/indices/RONI.ascii.txt,Relative ERSSTv6; 1991-2020 baseline; three-month running mean,degrees_C_anomaly,True,True
1959,JFM,1959-01-01,1959-03-31,0.83,https://www.cpc.ncep.noaa.gov/data/indices/RONI.ascii.txt,Relative ERSSTv6; 1991-2020 baseline; three-month running mean,degrees_C_anomaly,True,True
1959,FMA,1959-02-01,1959-04-30,0.64,https://www.cpc.ncep.noaa.gov/data/indices/RONI.ascii.txt,Relative ERSSTv6; 1991-2020 baseline; three-month running mean,degrees_C_anomaly,True,True
1959,MAM,1959-03-01,1959-05-31,0.48,https://www.cpc.ncep.noaa.gov/data/indices/RONI.ascii.txt,Relative ERSSTv6; 1991-2020 baseline; three-month running mean,degrees_C_anomaly,True,True
1959,AMJ,1959-04-01,1959-06-30,0.33,https://www.cpc.ncep.noaa.gov/data/indices/RONI.ascii.txt,Relative ERSSTv6; 1991-2020 baseline; three-month running mean,degrees_C_anomaly,True,True
1959,MJJ,1959-05-01,1959-07-31,0.09,https://www.cpc.ncep.noaa.gov/data/indices/RONI.ascii.txt,Relative ERSSTv6; 1991-2020 baseline; three-month running mean,degrees_C_anomaly,True,True
1959,JJA,1959-06-01,1959-08-31,-0.11,https://www.cpc.ncep.noaa.gov/data/indices/RONI.ascii.txt,Relative ERSSTv6; 1991-2020 baseline; three-month running mean,degrees_C_anomaly,True,True
1959,JAS,1959-07-01,1959-09-30,-0.23,https://www.cpc.ncep.noaa.gov/data/indices/RONI.ascii.txt,Relative ERSSTv6; 1991-2020 baseline; three-month running mean,degrees_C_anomaly,True,True
1959,ASO,1959-08-01,1959-10-31,-0.07,https://www.cpc.ncep.noaa.gov/data/indices/RONI.ascii.txt,Relative ERSSTv6; 1991-2020 baseline; three-month running mean,degrees_C_anomaly,True,True
1959,SON,1959-09-01,1959-11-30,0.04,https://www.cpc.ncep.noaa.gov/data/indices/RONI.ascii.txt,Relative ERSSTv6; 1991-2020 baseline; three-month running mean,degrees_C_anomaly,True,True
1959,OND,1959-10-01,1959-12-31,0.24,https://www.cpc.ncep.noaa.gov/data/indices/RONI.ascii.txt,Relative ERSSTv6; 1991-2020 baseline; three-month running mean,degrees_C_anomaly,True,True
1959,NDJ,1959-11-01,1960-01-31,0.22,https://www.cpc.ncep.noaa.gov/data/indices/RONI.ascii.txt,Relative ERSSTv6; 1991-2020 baseline; three-month running mean,degrees_C_anomaly,True,True
1960,DJF,1959-12-01,1960-02-29,0.2,https://www.cpc.ncep.noaa.gov/data/indices/RONI.ascii.txt,Relative ERSSTv6; 1991-2020 baseline; three-month running mean,degrees_C_anomaly,True,True
1960,JFM,1960-01-01,1960-03-31,0.19,https://www.cpc.ncep.noaa.gov/data/indices/RONI.ascii.txt,Relative ERSSTv6; 1991-2020 baseline; three-month running mean,degrees_C_anomaly,True,True
1960,FMA,1960-02-01,1960-04-30,0.21,https://www.cpc.ncep.noaa.gov/data/indices/RONI.ascii.txt,Relative ERSSTv6; 1991-2020 baseline; three-month running mean,degrees_C_anomaly,True,True
1960,MAM,1960-03-01,1960-05-31,0.25,https://www.cpc.ncep.noaa.gov/data/indices/RONI.ascii.txt,Relative ERSSTv6; 1991-2020 baseline; three-month running mean,degrees_C_anomaly,True,True
1960,AMJ,1960-04-01,1960-06-30,0.16,https://www.cpc.ncep.noaa.gov/data/indices/RONI.ascii.txt,Relative ERSSTv6; 1991-2020 baseline; three-month running mean,degrees_C_anomaly,True,True
1960,MJJ,1960-05-01,1960-07-31,0.06,https://www.cpc.ncep.noaa.gov/data/indices/RONI.ascii.txt,Relative ERSSTv6; 1991-2020 baseline; three-month running mean,degrees_C_anomaly,True,True
1960,JJA,1960-06-01,1960-08-31,0.12,https://www.cpc.ncep.noaa.gov/data/indices/RONI.ascii.txt,Relative ERSSTv6; 1991-2020 baseline; three-month running mean,degrees_C_anomaly,True,True
1960,JAS,1960-07-01,1960-09-30,0.2,https://www.cpc.ncep.noaa.gov/data/indices/RONI.ascii.txt,Relative ERSSTv6; 1991-2020 baseline; three-month running mean,degrees_C_anomaly,True,True
1960,ASO,1960-08-01,1960-10-31,0.26,https://www.cpc.ncep.noaa.gov/data/indices/RONI.ascii.txt,Relative ERSSTv6; 1991-2020 baseline; three-month running mean,degrees_C_anomaly,True,True
1960,SON,1960-09-01,1960-11-30,0.08,https://www.cpc.ncep.noaa.gov/data/indices/RONI.ascii.txt,Relative ERSSTv6; 1991-2020 baseline; three-month running mean,degrees_C_anomaly,True,True
1960,OND,1960-10-01,1960-12-31,-0.07,https://www.cpc.ncep.noaa.gov/data/indices/RONI.ascii.txt,Relative ERSSTv6; 1991-2020 baseline; three-month running mean,degrees_C_anomaly,True,True
1960,NDJ,1960-11-01,1961-01-31,-0.09,https://www.cpc.ncep.noaa.gov/data/indices/RONI.ascii.txt,Relative ERSSTv6; 1991-2020 baseline; three-month running mean,degrees_C_anomaly,True,True
1961,DJF,1960-12-01,1961-02-28,0.03,https://www.cpc.ncep.noaa.gov/data/indices/RONI.ascii.txt,Relative ERSSTv6; 1991-2020 baseline; three-month running mean,degrees_C_anomaly,True,True
1961,JFM,1961-01-01,1961-03-31,0.08,https://www.cpc.ncep.noaa.gov/data/indices/RONI.ascii.txt,Relative ERSSTv6; 1991-2020 baseline; three-month running mean,degrees_C_anomaly,True,True
1961,FMA,1961-02-01,1961-04-30,0.03,https://www.cpc.ncep.noaa.gov/data/indices/RONI.ascii.txt,Relative ERSSTv6; 1991-2020 baseline; three-month running mean,degrees_C_anomaly,True,True
1961,MAM,1961-03-01,1961-05-31,0.06,https://www.cpc.ncep.noaa.gov/data/indices/RONI.ascii.txt,Relative ERSSTv6; 1991-2020 baseline; three-month running mean,degrees_C_anomaly,True,True
1961,AMJ,1961-04-01,1961-06-30,0.24,https://www.cpc.ncep.noaa.gov/data/indices/RONI.ascii.txt,Relative ERSSTv6; 1991-2020 baseline; three-month running mean,degrees_C_anomaly,True,True
1961,MJJ,1961-05-01,1961-07-31,0.3,https://www.cpc.ncep.noaa.gov/data/indices/RONI.ascii.txt,Relative ERSSTv6; 1991-2020 baseline; three-month running mean,degrees_C_anomaly,True,True
1961,JJA,1961-06-01,1961-08-31,0.2,https://www.cpc.ncep.noaa.gov/data/indices/RONI.ascii.txt,Relative ERSSTv6; 1991-2020 baseline; three-month running mean,degrees_C_anomaly,True,True
1961,JAS,1961-07-01,1961-09-30,-0.07,https://www.cpc.ncep.noaa.gov/data/indices/RONI.ascii.txt,Relative ERSSTv6; 1991-2020 baseline; three-month running mean,degrees_C_anomaly,True,True
1961,ASO,1961-08-01,1961-10-31,-0.23,https://www.cpc.ncep.noaa.gov/data/indices/RONI.ascii.txt,Relative ERSSTv6; 1991-2020 baseline; three-month running mean,degrees_C_anomaly,True,True
1961,SON,1961-09-01,1961-11-30,-0.16,https://www.cpc.ncep.noaa.gov/data/indices/RONI.ascii.txt,Relative ERSSTv6; 1991-2020 baseline; three-month running mean,degrees_C_anomaly,True,True
1961,OND,1961-10-01,1961-12-31,-0.06,https://www.cpc.ncep.noaa.gov/data/indices/RONI.ascii.txt,Relative ERSSTv6; 1991-2020 baseline; three-month running mean,degrees_C_anomaly,True,True
1961,NDJ,1961-11-01,1962-01-31,0.02,https://www.cpc.ncep.noaa.gov/data/indices/RONI.ascii.txt,Relative ERSSTv6; 1991-2020 baseline; three-month running mean,degrees_C_anomaly,True,True
1962,DJF,1961-12-01,1962-02-28,-0.01,https://www.cpc.ncep.noaa.gov/data/indices/RONI.ascii.txt,Relative ERSSTv6; 1991-2020 baseline; three-month running mean,degrees_C_anomaly,True,True
1962,JFM,1962-01-01,1962-03-31,-0.01,https://www.cpc.ncep.noaa.gov/data/indices/RONI.ascii.txt,Relative ERSSTv6; 1991-2020 baseline; three-month running mean,degrees_C_anomaly,True,True
1962,FMA,1962-02-01,1962-04-30,0.0,https://www.cpc.ncep.noaa.gov/data/indices/RONI.ascii.txt,Relative ERSSTv6; 1991-2020 baseline; three-month running mean,degrees_C_anomaly,True,True
1962,MAM,1962-03-01,1962-05-31,-0.16,https://www.cpc.ncep.noaa.gov/data/indices/RONI.ascii.txt,Relative ERSSTv6; 1991-2020 baseline; three-month running mean,degrees_C_anomaly,True,True
1962,AMJ,1962-04-01,1962-06-30,-0.17,https://www.cpc.ncep.noaa.gov/data/indices/RONI.ascii.txt,Relative ERSSTv6; 1991-2020 baseline; three-month running mean,degrees_C_anomaly,True,True
1962,MJJ,1962-05-01,1962-07-31,-0.14,https://www.cpc.ncep.noaa.gov/data/indices/RONI.ascii.txt,Relative ERSSTv6; 1991-2020 baseline; three-month running mean,degrees_C_anomaly,True,True
1962,JJA,1962-06-01,1962-08-31,0.01,https://www.cpc.ncep.noaa.gov/data/indices/RONI.ascii.txt,Relative ERSSTv6; 1991-2020 baseline; three-month running mean,degrees_C_anomaly,True,True
1962,JAS,1962-07-01,1962-09-30,-0.1,https://www.cpc.ncep.noaa.gov/data/indices/RONI.ascii.txt,Relative ERSSTv6; 1991-2020 baseline; three-month running mean,degrees_C_anomaly,True,True
1962,ASO,1962-08-01,1962-10-31,-0.15,https://www.cpc.ncep.noaa.gov/data/indices/RONI.ascii.txt,Relative ERSSTv6; 1991-2020 baseline; three-month running mean,degrees_C_anomaly,True,True
1962,SON,1962-09-01,1962-11-30,-0.3,https://www.cpc.ncep.noaa.gov/data/indices/RONI.ascii.txt,Relative ERSSTv6; 1991-2020 baseline; three-month running mean,degrees_C_anomaly,True,True
1962,OND,1962-10-01,1962-12-31,-0.29,https://www.cpc.ncep.noaa.gov/data/indices/RONI.ascii.txt,Relative ERSSTv6; 1991-2020 baseline; three-month running mean,degrees_C_anomaly,True,True
1962,NDJ,1962-11-01,1963-01-31,-0.37,https://www.cpc.ncep.noaa.gov/data/indices/RONI.ascii.txt,Relative ERSSTv6; 1991-2020 baseline; three-month running mean,degrees_C_anomaly,True,True
1963,DJF,1962-12-01,1963-02-28,-0.29,https://www.cpc.ncep.noaa.gov/data/indices/RONI.ascii.txt,Relative ERSSTv6; 1991-2020 baseline; three-month running mean,degrees_C_anomaly,True,True
1963,JFM,1963-01-01,1963-03-31,-0.12,https://www.cpc.ncep.noaa.gov/data/indices/RONI.ascii.txt,Relative ERSSTv6; 1991-2020 baseline; three-month running mean,degrees_C_anomaly,True,True
1963,FMA,1963-02-01,1963-04-30,0.04,https://www.cpc.ncep.noaa.gov/data/indices/RONI.ascii.txt,Relative ERSSTv6; 1991-2020 baseline; three-month running mean,degrees_C_anomaly,True,True
1963,MAM,1963-03-01,1963-05-31,0.06,https://www.cpc.ncep.noaa.gov/data/indices/RONI.ascii.txt,Relative ERSSTv6; 1991-2020 baseline; three-month running mean,degrees_C_anomaly,True,True
1963,AMJ,1963-04-01,1963-06-30,0.01,https://www.cpc.ncep.noaa.gov/data/indices/RONI.ascii.txt,Relative ERSSTv6; 1991-2020 baseline; three-month running mean,degrees_C_anomaly,True,True
1963,MJJ,1963-05-01,1963-07-31,0.37,https://www.cpc.ncep.noaa.gov/data/indices/RONI.ascii.txt,Relative ERSSTv6; 1991-2020 baseline; three-month running mean,degrees_C_anomaly,True,True
1963,JJA,1963-06-01,1963-08-31,0.73,https://www.cpc.ncep.noaa.gov/data/indices/RONI.ascii.txt,Relative ERSSTv6; 1991-2020 baseline; three-month running mean,degrees_C_anomaly,True,True
1963,JAS,1963-07-01,1963-09-30,1.08,https://www.cpc.ncep.noaa.gov/data/indices/RONI.ascii.txt,Relative ERSSTv6; 1991-2020 baseline; three-month running mean,degrees_C_anomaly,True,True
1963,ASO,1963-08-01,1963-10-31,1.07,https://www.cpc.ncep.noaa.gov/data/indices/RONI.ascii.txt,Relative ERSSTv6; 1991-2020 baseline; three-month running mean,degrees_C_anomaly,True,True
1963,SON,1963-09-01,1963-11-30,1.06,https://www.cpc.ncep.noaa.gov/data/indices/RONI.ascii.txt,Relative ERSSTv6; 1991-2020 baseline; three-month running mean,degrees_C_anomaly,True,True
1963,OND,1963-10-01,1963-12-31,1.11,https://www.cpc.ncep.noaa.gov/data/indices/RONI.ascii.txt,Relative ERSSTv6; 1991-2020 baseline; three-month running mean,degrees_C_anomaly,True,True
1963,NDJ,1963-11-01,1964-01-31,1.07,https://www.cpc.ncep.noaa.gov/data/indices/RONI.ascii.txt,Relative ERSSTv6; 1991-2020 baseline; three-month running mean,degrees_C_anomaly,True,True
1964,DJF,1963-12-01,1964-02-29,1.0,https://www.cpc.ncep.noaa.gov/data/indices/RONI.ascii.txt,Relative ERSSTv6; 1991-2020 baseline; three-month running mean,degrees_C_anomaly,True,True
1964,JFM,1964-01-01,1964-03-31,0.6,https://www.cpc.ncep.noaa.gov/data/indices/RONI.ascii.txt,Relative ERSSTv6; 1991-2020 baseline; three-month running mean,degrees_C_anomaly,True,True
1964,FMA,1964-02-01,1964-04-30,0.1,https://www.cpc.ncep.noaa.gov/data/indices/RONI.ascii.txt,Relative ERSSTv6; 1991-2020 baseline; three-month running mean,degrees_C_anomaly,True,True
1964,MAM,1964-03-01,1964-05-31,-0.37,https://www.cpc.ncep.noaa.gov/data/indices/RONI.ascii.txt,Relative ERSSTv6; 1991-2020 baseline; three-month running mean,degrees_C_anomaly,True,True
1964,AMJ,1964-04-01,1964-06-30,-0.66,https://www.cpc.ncep.noaa.gov/data/indices/RONI.ascii.txt,Relative ERSSTv6; 1991-2020 baseline; three-month running mean,degrees_C_anomaly,True,True
1964,MJJ,1964-05-01,1964-07-31,-0.66,https://www.cpc.ncep.noaa.gov/data/indices/RONI.ascii.txt,Relative ERSSTv6; 1991-2020 baseline; three-month running mean,degrees_C_anomaly,True,True
1964,JJA,1964-06-01,1964-08-31,-0.59,https://www.cpc.ncep.noaa.gov/data/indices/RONI.ascii.txt,Relative ERSSTv6; 1991-2020 baseline; three-month running mean,degrees_C_anomaly,True,True
1964,JAS,1964-07-01,1964-09-30,-0.55,https://www.cpc.ncep.noaa.gov/data/indices/RONI.ascii.txt,Relative ERSSTv6; 1991-2020 baseline; three-month running mean,degrees_C_anomaly,True,True
1964,ASO,1964-08-01,1964-10-31,-0.53,https://www.cpc.ncep.noaa.gov/data/indices/RONI.ascii.txt,Relative ERSSTv6; 1991-2020 baseline; three-month running mean,degrees_C_anomaly,True,True
1964,SON,1964-09-01,1964-11-30,-0.64,https://www.cpc.ncep.noaa.gov/data/indices/RONI.ascii.txt,Relative ERSSTv6; 1991-2020 baseline; three-month running mean,degrees_C_anomaly,True,True
1964,OND,1964-10-01,1964-12-31,-0.58,https://www.cpc.ncep.noaa.gov/data/indices/RONI.ascii.txt,Relative ERSSTv6; 1991-2020 baseline; three-month running mean,degrees_C_anomaly,True,True
1964,NDJ,1964-11-01,1965-01-31,-0.48,https://www.cpc.ncep.noaa.gov/data/indices/RONI.ascii.txt,Relative ERSSTv6; 1991-2020 baseline; three-month running mean,degrees_C_anomaly,True,True
1965,DJF,1964-12-01,1965-02-28,-0.16,https://www.cpc.ncep.noaa.gov/data/indices/RONI.ascii.txt,Relative ERSSTv6; 1991-2020 baseline; three-month running mean,degrees_C_anomaly,True,True
1965,JFM,1965-01-01,1965-03-31,0.1,https://www.cpc.ncep.noaa.gov/data/indices/RONI.ascii.txt,Relative ERSSTv6; 1991-2020 baseline; three-month running mean,degrees_C_anomaly,True,True
1965,FMA,1965-02-01,1965-04-30,0.22,https://www.cpc.ncep.noaa.gov/data/indices/RONI.ascii.txt,Relative ERSSTv6; 1991-2020 baseline; three-month running mean,degrees_C_anomaly,True,True
1965,MAM,1965-03-01,1965-05-31,0.36,https://www.cpc.ncep.noaa.gov/data/indices/RONI.ascii.txt,Relative ERSSTv6; 1991-2020 baseline; three-month running mean,degrees_C_anomaly,True,True
1965,AMJ,1965-04-01,1965-06-30,0.64,https://www.cpc.ncep.noaa.gov/data/indices/RONI.ascii.txt,Relative ERSSTv6; 1991-2020 baseline; three-month running mean,degrees_C_anomaly,True,True
1965,MJJ,1965-05-01,1965-07-31,1.01,https://www.cpc.ncep.noaa.gov/data/indices/RONI.ascii.txt,Relative ERSSTv6; 1991-2020 baseline; three-month running mean,degrees_C_anomaly,True,True
1965,JJA,1965-06-01,1965-08-31,1.33,https://www.cpc.ncep.noaa.gov/data/indices/RONI.ascii.txt,Relative ERSSTv6; 1991-2020 baseline; three-month running mean,degrees_C_anomaly,True,True
1965,JAS,1965-07-01,1965-09-30,1.49,https://www.cpc.ncep.noaa.gov/data/indices/RONI.ascii.txt,Relative ERSSTv6; 1991-2020 baseline; three-month running mean,degrees_C_anomaly,True,True
1965,ASO,1965-08-01,1965-10-31,1.76,https://www.cpc.ncep.noaa.gov/data/indices/RONI.ascii.txt,Relative ERSSTv6; 1991-2020 baseline; three-month running mean,degrees_C_anomaly,True,True
1965,SON,1965-09-01,1965-11-30,1.86,https://www.cpc.ncep.noaa.gov/data/indices/RONI.ascii.txt,Relative ERSSTv6; 1991-2020 baseline; three-month running mean,degrees_C_anomaly,True,True
1965,OND,1965-10-01,1965-12-31,1.99,https://www.cpc.ncep.noaa.gov/data/indices/RONI.ascii.txt,Relative ERSSTv6; 1991-2020 baseline; three-month running mean,degrees_C_anomaly,True,True
1965,NDJ,1965-11-01,1966-01-31,1.81,https://www.cpc.ncep.noaa.gov/data/indices/RONI.ascii.txt,Relative ERSSTv6; 1991-2020 baseline; three-month running mean,degrees_C_anomaly,True,True
1966,DJF,1965-12-01,1966-02-28,1.53,https://www.cpc.ncep.noaa.gov/data/indices/RONI.ascii.txt,Relative ERSSTv6; 1991-2020 baseline; three-month running mean,degrees_C_anomaly,True,True
1966,JFM,1966-01-01,1966-03-31,1.29,https://www.cpc.ncep.noaa.gov/data/indices/RONI.ascii.txt,Relative ERSSTv6; 1991-2020 baseline; three-month running mean,degrees_C_anomaly,True,True
1966,FMA,1966-02-01,1966-04-30,1.04,https://www.cpc.ncep.noaa.gov/data/indices/RONI.ascii.txt,Relative ERSSTv6; 1991-2020 baseline; three-month running mean,degrees_C_anomaly,True,True
1966,MAM,1966-03-01,1966-05-31,0.59,https://www.cpc.ncep.noaa.gov/data/indices/RONI.ascii.txt,Relative ERSSTv6; 1991-2020 baseline; three-month running mean,degrees_C_anomaly,True,True
1966,AMJ,1966-04-01,1966-06-30,0.31,https://www.cpc.ncep.noaa.gov/data/indices/RONI.ascii.txt,Relative ERSSTv6; 1991-2020 baseline; three-month running mean,degrees_C_anomaly,True,True
1966,MJJ,1966-05-01,1966-07-31,0.22,https://www.cpc.ncep.noaa.gov/data/indices/RONI.ascii.txt,Relative ERSSTv6; 1991-2020 baseline; three-month running mean,degrees_C_anomaly,True,True
1966,JJA,1966-06-01,1966-08-31,0.32,https://www.cpc.ncep.noaa.gov/data/indices/RONI.ascii.txt,Relative ERSSTv6; 1991-2020 baseline; three-month running mean,degrees_C_anomaly,True,True
1966,JAS,1966-07-01,1966-09-30,0.19,https://www.cpc.ncep.noaa.gov/data/indices/RONI.ascii.txt,Relative ERSSTv6; 1991-2020 baseline; three-month running mean,degrees_C_anomaly,True,True
1966,ASO,1966-08-01,1966-10-31,0.0,https://www.cpc.ncep.noaa.gov/data/indices/RONI.ascii.txt,Relative ERSSTv6; 1991-2020 baseline; three-month running mean,degrees_C_anomaly,True,True
1966,SON,1966-09-01,1966-11-30,-0.03,https://www.cpc.ncep.noaa.gov/data/indices/RONI.ascii.txt,Relative ERSSTv6; 1991-2020 baseline; three-month running mean,degrees_C_anomaly,True,True
1966,OND,1966-10-01,1966-12-31,-0.12,https://www.cpc.ncep.noaa.gov/data/indices/RONI.ascii.txt,Relative ERSSTv6; 1991-2020 baseline; three-month running mean,degrees_C_anomaly,True,True
1966,NDJ,1966-11-01,1967-01-31,-0.22,https://www.cpc.ncep.noaa.gov/data/indices/RONI.ascii.txt,Relative ERSSTv6; 1991-2020 baseline; three-month running mean,degrees_C_anomaly,True,True
1967,DJF,1966-12-01,1967-02-28,-0.26,https://www.cpc.ncep.noaa.gov/data/indices/RONI.ascii.txt,Relative ERSSTv6; 1991-2020 baseline; three-month running mean,degrees_C_anomaly,True,True
1967,JFM,1967-01-01,1967-03-31,-0.24,https://www.cpc.ncep.noaa.gov/data/indices/RONI.ascii.txt,Relative ERSSTv6; 1991-2020 baseline; three-month running mean,degrees_C_anomaly,True,True
1967,FMA,1967-02-01,1967-04-30,-0.35,https://www.cpc.ncep.noaa.gov/data/indices/RONI.ascii.txt,Relative ERSSTv6; 1991-2020 baseline; three-month running mean,degrees_C_anomaly,True,True
1967,MAM,1967-03-01,1967-05-31,-0.31,https://www.cpc.ncep.noaa.gov/data/indices/RONI.ascii.txt,Relative ERSSTv6; 1991-2020 baseline; three-month running mean,degrees_C_anomaly,True,True
1967,AMJ,1967-04-01,1967-06-30,-0.09,https://www.cpc.ncep.noaa.gov/data/indices/RONI.ascii.txt,Relative ERSSTv6; 1991-2020 baseline; three-month running mean,degrees_C_anomaly,True,True
1967,MJJ,1967-05-01,1967-07-31,0.21,https://www.cpc.ncep.noaa.gov/data/indices/RONI.ascii.txt,Relative ERSSTv6; 1991-2020 baseline; three-month running mean,degrees_C_anomaly,True,True
1967,JJA,1967-06-01,1967-08-31,0.25,https://www.cpc.ncep.noaa.gov/data/indices/RONI.ascii.txt,Relative ERSSTv6; 1991-2020 baseline; three-month running mean,degrees_C_anomaly,True,True
1967,JAS,1967-07-01,1967-09-30,-0.01,https://www.cpc.ncep.noaa.gov/data/indices/RONI.ascii.txt,Relative ERSSTv6; 1991-2020 baseline; three-month running mean,degrees_C_anomaly,True,True
1967,ASO,1967-08-01,1967-10-31,-0.11,https://www.cpc.ncep.noaa.gov/data/indices/RONI.ascii.txt,Relative ERSSTv6; 1991-2020 baseline; three-month running mean,degrees_C_anomaly,True,True
1967,SON,1967-09-01,1967-11-30,-0.08,https://www.cpc.ncep.noaa.gov/data/indices/RONI.ascii.txt,Relative ERSSTv6; 1991-2020 baseline; three-month running mean,degrees_C_anomaly,True,True
1967,OND,1967-10-01,1967-12-31,0.01,https://www.cpc.ncep.noaa.gov/data/indices/RONI.ascii.txt,Relative ERSSTv6; 1991-2020 baseline; three-month running mean,degrees_C_anomaly,True,True
1967,NDJ,1967-11-01,1968-01-31,-0.03,https://www.cpc.ncep.noaa.gov/data/indices/RONI.ascii.txt,Relative ERSSTv6; 1991-2020 baseline; three-month running mean,degrees_C_anomaly,True,True
1968,DJF,1967-12-01,1968-02-29,-0.23,https://www.cpc.ncep.noaa.gov/data/indices/RONI.ascii.txt,Relative ERSSTv6; 1991-2020 baseline; three-month running mean,degrees_C_anomaly,True,True
1968,JFM,1968-01-01,1968-03-31,-0.36,https://www.cpc.ncep.noaa.gov/data/indices/RONI.ascii.txt,Relative ERSSTv6; 1991-2020 baseline; three-month running mean,degrees_C_anomaly,True,True
1968,FMA,1968-02-01,1968-04-30,-0.32,https://www.cpc.ncep.noaa.gov/data/indices/RONI.ascii.txt,Relative ERSSTv6; 1991-2020 baseline; three-month running mean,degrees_C_anomaly,True,True
1968,MAM,1968-03-01,1968-05-31,-0.26,https://www.cpc.ncep.noaa.gov/data/indices/RONI.ascii.txt,Relative ERSSTv6; 1991-2020 baseline; three-month running mean,degrees_C_anomaly,True,True
1968,AMJ,1968-04-01,1968-06-30,0.07,https://www.cpc.ncep.noaa.gov/data/indices/RONI.ascii.txt,Relative ERSSTv6; 1991-2020 baseline; three-month running mean,degrees_C_anomaly,True,True
1968,MJJ,1968-05-01,1968-07-31,0.32,https://www.cpc.ncep.noaa.gov/data/indices/RONI.ascii.txt,Relative ERSSTv6; 1991-2020 baseline; three-month running mean,degrees_C_anomaly,True,True
1968,JJA,1968-06-01,1968-08-31,0.56,https://www.cpc.ncep.noaa.gov/data/indices/RONI.ascii.txt,Relative ERSSTv6; 1991-2020 baseline; three-month running mean,degrees_C_anomaly,True,True
1968,JAS,1968-07-01,1968-09-30,0.46,https://www.cpc.ncep.noaa.gov/data/indices/RONI.ascii.txt,Relative ERSSTv6; 1991-2020 baseline; three-month running mean,degrees_C_anomaly,True,True
1968,ASO,1968-08-01,1968-10-31,0.39,https://www.cpc.ncep.noaa.gov/data/indices/RONI.ascii.txt,Relative ERSSTv6; 1991-2020 baseline; three-month running mean,degrees_C_anomaly,True,True
1968,SON,1968-09-01,1968-11-30,0.56,https://www.cpc.ncep.noaa.gov/data/indices/RONI.ascii.txt,Relative ERSSTv6; 1991-2020 baseline; three-month running mean,degrees_C_anomaly,True,True
1968,OND,1968-10-01,1968-12-31,0.74,https://www.cpc.ncep.noaa.gov/data/indices/RONI.ascii.txt,Relative ERSSTv6; 1991-2020 baseline; three-month running mean,degrees_C_anomaly,True,True
1968,NDJ,1968-11-01,1969-01-31,1.02,https://www.cpc.ncep.noaa.gov/data/indices/RONI.ascii.txt,Relative ERSSTv6; 1991-2020 baseline; three-month running mean,degrees_C_anomaly,True,True
1969,DJF,1968-12-01,1969-02-28,1.07,https://www.cpc.ncep.noaa.gov/data/indices/RONI.ascii.txt,Relative ERSSTv6; 1991-2020 baseline; three-month running mean,degrees_C_anomaly,True,True
1969,JFM,1969-01-01,1969-03-31,1.0,https://www.cpc.ncep.noaa.gov/data/indices/RONI.ascii.txt,Relative ERSSTv6; 1991-2020 baseline; three-month running mean,degrees_C_anomaly,True,True
1969,FMA,1969-02-01,1969-04-30,0.67,https://www.cpc.ncep.noaa.gov/data/indices/RONI.ascii.txt,Relative ERSSTv6; 1991-2020 baseline; three-month running mean,degrees_C_anomaly,True,True
1969,MAM,1969-03-01,1969-05-31,0.44,https://www.cpc.ncep.noaa.gov/data/indices/RONI.ascii.txt,Relative ERSSTv6; 1991-2020 baseline; three-month running mean,degrees_C_anomaly,True,True
1969,AMJ,1969-04-01,1969-06-30,0.37,https://www.cpc.ncep.noaa.gov/data/indices/RONI.ascii.txt,Relative ERSSTv6; 1991-2020 baseline; three-month running mean,degrees_C_anomaly,True,True
1969,MJJ,1969-05-01,1969-07-31,0.3,https://www.cpc.ncep.noaa.gov/data/indices/RONI.ascii.txt,Relative ERSSTv6; 1991-2020 baseline; three-month running mean,degrees_C_anomaly,True,True
1969,JJA,1969-06-01,1969-08-31,0.28,https://www.cpc.ncep.noaa.gov/data/indices/RONI.ascii.txt,Relative ERSSTv6; 1991-2020 baseline; three-month running mean,degrees_C_anomaly,True,True
1969,JAS,1969-07-01,1969-09-30,0.34,https://www.cpc.ncep.noaa.gov/data/indices/RONI.ascii.txt,Relative ERSSTv6; 1991-2020 baseline; three-month running mean,degrees_C_anomaly,True,True
1969,ASO,1969-08-01,1969-10-31,0.57,https://www.cpc.ncep.noaa.gov/data/indices/RONI.ascii.txt,Relative ERSSTv6; 1991-2020 baseline; three-month running mean,degrees_C_anomaly,True,True
1969,SON,1969-09-01,1969-11-30,0.67,https://www.cpc.ncep.noaa.gov/data/indices/RONI.ascii.txt,Relative ERSSTv6; 1991-2020 baseline; three-month running mean,degrees_C_anomaly,True,True
1969,OND,1969-10-01,1969-12-31,0.81,https://www.cpc.ncep.noaa.gov/data/indices/RONI.ascii.txt,Relative ERSSTv6; 1991-2020 baseline; three-month running mean,degrees_C_anomaly,True,True
1969,NDJ,1969-11-01,1970-01-31,0.68,https://www.cpc.ncep.noaa.gov/data/indices/RONI.ascii.txt,Relative ERSSTv6; 1991-2020 baseline; three-month running mean,degrees_C_anomaly,True,True
1970,DJF,1969-12-01,1970-02-28,0.46,https://www.cpc.ncep.noaa.gov/data/indices/RONI.ascii.txt,Relative ERSSTv6; 1991-2020 baseline; three-month running mean,degrees_C_anomaly,True,True
1970,JFM,1970-01-01,1970-03-31,0.21,https://www.cpc.ncep.noaa.gov/data/indices/RONI.ascii.txt,Relative ERSSTv6; 1991-2020 baseline; three-month running mean,degrees_C_anomaly,True,True
1970,FMA,1970-02-01,1970-04-30,0.24,https://www.cpc.ncep.noaa.gov/data/indices/RONI.ascii.txt,Relative ERSSTv6; 1991-2020 baseline; three-month running mean,degrees_C_anomaly,True,True
1970,MAM,1970-03-01,1970-05-31,0.24,https://www.cpc.ncep.noaa.gov/data/indices/RONI.ascii.txt,Relative ERSSTv6; 1991-2020 baseline; three-month running mean,degrees_C_anomaly,True,True
1970,AMJ,1970-04-01,1970-06-30,0.12,https://www.cpc.ncep.noaa.gov/data/indices/RONI.ascii.txt,Relative ERSSTv6; 1991-2020 baseline; three-month running mean,degrees_C_anomaly,True,True
1970,MJJ,1970-05-01,1970-07-31,-0.23,https://www.cpc.ncep.noaa.gov/data/indices/RONI.ascii.txt,Relative ERSSTv6; 1991-2020 baseline; three-month running mean,degrees_C_anomaly,True,True
1970,JJA,1970-06-01,1970-08-31,-0.47,https://www.cpc.ncep.noaa.gov/data/indices/RONI.ascii.txt,Relative ERSSTv6; 1991-2020 baseline; three-month running mean,degrees_C_anomaly,True,True
1970,JAS,1970-07-01,1970-09-30,-0.64,https://www.cpc.ncep.noaa.gov/data/indices/RONI.ascii.txt,Relative ERSSTv6; 1991-2020 baseline; three-month running mean,degrees_C_anomaly,True,True
1970,ASO,1970-08-01,1970-10-31,-0.55,https://www.cpc.ncep.noaa.gov/data/indices/RONI.ascii.txt,Relative ERSSTv6; 1991-2020 baseline; three-month running mean,degrees_C_anomaly,True,True
1970,SON,1970-09-01,1970-11-30,-0.57,https://www.cpc.ncep.noaa.gov/data/indices/RONI.ascii.txt,Relative ERSSTv6; 1991-2020 baseline; three-month running mean,degrees_C_anomaly,True,True
1970,OND,1970-10-01,1970-12-31,-0.55,https://www.cpc.ncep.noaa.gov/data/indices/RONI.ascii.txt,Relative ERSSTv6; 1991-2020 baseline; three-month running mean,degrees_C_anomaly,True,True
1970,NDJ,1970-11-01,1971-01-31,-0.85,https://www.cpc.ncep.noaa.gov/data/indices/RONI.ascii.txt,Relative ERSSTv6; 1991-2020 baseline; three-month running mean,degrees_C_anomaly,True,True
1971,DJF,1970-12-01,1971-02-28,-0.95,https://www.cpc.ncep.noaa.gov/data/indices/RONI.ascii.txt,Relative ERSSTv6; 1991-2020 baseline; three-month running mean,degrees_C_anomaly,True,True
1971,JFM,1971-01-01,1971-03-31,-1.0,https://www.cpc.ncep.noaa.gov/data/indices/RONI.ascii.txt,Relative ERSSTv6; 1991-2020 baseline; three-month running mean,degrees_C_anomaly,True,True
1971,FMA,1971-02-01,1971-04-30,-0.78,https://www.cpc.ncep.noaa.gov/data/indices/RONI.ascii.txt,Relative ERSSTv6; 1991-2020 baseline; three-month running mean,degrees_C_anomaly,True,True
1971,MAM,1971-03-01,1971-05-31,-0.57,https://www.cpc.ncep.noaa.gov/data/indices/RONI.ascii.txt,Relative ERSSTv6; 1991-2020 baseline; three-month running mean,degrees_C_anomaly,True,True
1971,AMJ,1971-04-01,1971-06-30,-0.48,https://www.cpc.ncep.noaa.gov/data/indices/RONI.ascii.txt,Relative ERSSTv6; 1991-2020 baseline; three-month running mean,degrees_C_anomaly,True,True
1971,MJJ,1971-05-01,1971-07-31,-0.37,https://www.cpc.ncep.noaa.gov/data/indices/RONI.ascii.txt,Relative ERSSTv6; 1991-2020 baseline; three-month running mean,degrees_C_anomaly,True,True
1971,JJA,1971-06-01,1971-08-31,-0.3,https://www.cpc.ncep.noaa.gov/data/indices/RONI.ascii.txt,Relative ERSSTv6; 1991-2020 baseline; three-month running mean,degrees_C_anomaly,True,True
1971,JAS,1971-07-01,1971-09-30,-0.25,https://www.cpc.ncep.noaa.gov/data/indices/RONI.ascii.txt,Relative ERSSTv6; 1991-2020 baseline; three-month running mean,degrees_C_anomaly,True,True
1971,ASO,1971-08-01,1971-10-31,-0.3,https://www.cpc.ncep.noaa.gov/data/indices/RONI.ascii.txt,Relative ERSSTv6; 1991-2020 baseline; three-month running mean,degrees_C_anomaly,True,True
1971,SON,1971-09-01,1971-11-30,-0.4,https://www.cpc.ncep.noaa.gov/data/indices/RONI.ascii.txt,Relative ERSSTv6; 1991-2020 baseline; three-month running mean,degrees_C_anomaly,True,True
1971,OND,1971-10-01,1971-12-31,-0.41,https://www.cpc.ncep.noaa.gov/data/indices/RONI.ascii.txt,Relative ERSSTv6; 1991-2020 baseline; three-month running mean,degrees_C_anomaly,True,True
1971,NDJ,1971-11-01,1972-01-31,-0.38,https://www.cpc.ncep.noaa.gov/data/indices/RONI.ascii.txt,Relative ERSSTv6; 1991-2020 baseline; three-month running mean,degrees_C_anomaly,True,True
1972,DJF,1971-12-01,1972-02-29,-0.21,https://www.cpc.ncep.noaa.gov/data/indices/RONI.ascii.txt,Relative ERSSTv6; 1991-2020 baseline; three-month running mean,degrees_C_anomaly,True,True
1972,JFM,1972-01-01,1972-03-31,0.03,https://www.cpc.ncep.noaa.gov/data/indices/RONI.ascii.txt,Relative ERSSTv6; 1991-2020 baseline; three-month running mean,degrees_C_anomaly,True,True
1972,FMA,1972-02-01,1972-04-30,0.32,https://www.cpc.ncep.noaa.gov/data/indices/RONI.ascii.txt,Relative ERSSTv6; 1991-2020 baseline; three-month running mean,degrees_C_anomaly,True,True
1972,MAM,1972-03-01,1972-05-31,0.51,https://www.cpc.ncep.noaa.gov/data/indices/RONI.ascii.txt,Relative ERSSTv6; 1991-2020 baseline; three-month running mean,degrees_C_anomaly,True,True
1972,AMJ,1972-04-01,1972-06-30,0.66,https://www.cpc.ncep.noaa.gov/data/indices/RONI.ascii.txt,Relative ERSSTv6; 1991-2020 baseline; three-month running mean,degrees_C_anomaly,True,True
1972,MJJ,1972-05-01,1972-07-31,0.87,https://www.cpc.ncep.noaa.gov/data/indices/RONI.ascii.txt,Relative ERSSTv6; 1991-2020 baseline; three-month running mean,degrees_C_anomaly,True,True
1972,JJA,1972-06-01,1972-08-31,1.14,https://www.cpc.ncep.noaa.gov/data/indices/RONI.ascii.txt,Relative ERSSTv6; 1991-2020 baseline; three-month running mean,degrees_C_anomaly,True,True
1972,JAS,1972-07-01,1972-09-30,1.4,https://www.cpc.ncep.noaa.gov/data/indices/RONI.ascii.txt,Relative ERSSTv6; 1991-2020 baseline; three-month running mean,degrees_C_anomaly,True,True
1972,ASO,1972-08-01,1972-10-31,1.64,https://www.cpc.ncep.noaa.gov/data/indices/RONI.ascii.txt,Relative ERSSTv6; 1991-2020 baseline; three-month running mean,degrees_C_anomaly,True,True
1972,SON,1972-09-01,1972-11-30,1.82,https://www.cpc.ncep.noaa.gov/data/indices/RONI.ascii.txt,Relative ERSSTv6; 1991-2020 baseline; three-month running mean,degrees_C_anomaly,True,True
1972,OND,1972-10-01,1972-12-31,1.97,https://www.cpc.ncep.noaa.gov/data/indices/RONI.ascii.txt,Relative ERSSTv6; 1991-2020 baseline; three-month running mean,degrees_C_anomaly,True,True
1972,NDJ,1972-11-01,1973-01-31,1.88,https://www.cpc.ncep.noaa.gov/data/indices/RONI.ascii.txt,Relative ERSSTv6; 1991-2020 baseline; three-month running mean,degrees_C_anomaly,True,True
1973,DJF,1972-12-01,1973-02-28,1.69,https://www.cpc.ncep.noaa.gov/data/indices/RONI.ascii.txt,Relative ERSSTv6; 1991-2020 baseline; three-month running mean,degrees_C_anomaly,True,True
1973,JFM,1973-01-01,1973-03-31,1.25,https://www.cpc.ncep.noaa.gov/data/indices/RONI.ascii.txt,Relative ERSSTv6; 1991-2020 baseline; three-month running mean,degrees_C_anomaly,True,True
1973,FMA,1973-02-01,1973-04-30,0.58,https://www.cpc.ncep.noaa.gov/data/indices/RONI.ascii.txt,Relative ERSSTv6; 1991-2020 baseline; three-month running mean,degrees_C_anomaly,True,True
1973,MAM,1973-03-01,1973-05-31,-0.17,https://www.cpc.ncep.noaa.gov/data/indices/RONI.ascii.txt,Relative ERSSTv6; 1991-2020 baseline; three-month running mean,degrees_C_anomaly,True,True
1973,AMJ,1973-04-01,1973-06-30,-0.73,https://www.cpc.ncep.noaa.gov/data/indices/RONI.ascii.txt,Relative ERSSTv6; 1991-2020 baseline; three-month running mean,degrees_C_anomaly,True,True
1973,MJJ,1973-05-01,1973-07-31,-0.98,https://www.cpc.ncep.noaa.gov/data/indices/RONI.ascii.txt,Relative ERSSTv6; 1991-2020 baseline; three-month running mean,degrees_C_anomaly,True,True
1973,JJA,1973-06-01,1973-08-31,-1.1,https://www.cpc.ncep.noaa.gov/data/indices/RONI.ascii.txt,Relative ERSSTv6; 1991-2020 baseline; three-month running mean,degrees_C_anomaly,True,True
1973,JAS,1973-07-01,1973-09-30,-1.19,https://www.cpc.ncep.noaa.gov/data/indices/RONI.ascii.txt,Relative ERSSTv6; 1991-2020 baseline; three-month running mean,degrees_C_anomaly,True,True
1973,ASO,1973-08-01,1973-10-31,-1.3,https://www.cpc.ncep.noaa.gov/data/indices/RONI.ascii.txt,Relative ERSSTv6; 1991-2020 baseline; three-month running mean,degrees_C_anomaly,True,True
1973,SON,1973-09-01,1973-11-30,-1.63,https://www.cpc.ncep.noaa.gov/data/indices/RONI.ascii.txt,Relative ERSSTv6; 1991-2020 baseline; three-month running mean,degrees_C_anomaly,True,True
1973,OND,1973-10-01,1973-12-31,-1.86,https://www.cpc.ncep.noaa.gov/data/indices/RONI.ascii.txt,Relative ERSSTv6; 1991-2020 baseline; three-month running mean,degrees_C_anomaly,True,True
1973,NDJ,1973-11-01,1974-01-31,-1.91,https://www.cpc.ncep.noaa.gov/data/indices/RONI.ascii.txt,Relative ERSSTv6; 1991-2020 baseline; three-month running mean,degrees_C_anomaly,True,True
1974,DJF,1973-12-01,1974-02-28,-1.6,https://www.cpc.ncep.noaa.gov/data/indices/RONI.ascii.txt,Relative ERSSTv6; 1991-2020 baseline; three-month running mean,degrees_C_anomaly,True,True
1974,JFM,1974-01-01,1974-03-31,-1.28,https://www.cpc.ncep.noaa.gov/data/indices/RONI.ascii.txt,Relative ERSSTv6; 1991-2020 baseline; three-month running mean,degrees_C_anomaly,True,True
1974,FMA,1974-02-01,1974-04-30,-0.97,https://www.cpc.ncep.noaa.gov/data/indices/RONI.ascii.txt,Relative ERSSTv6; 1991-2020 baseline; three-month running mean,degrees_C_anomaly,True,True
1974,MAM,1974-03-01,1974-05-31,-0.84,https://www.cpc.ncep.noaa.gov/data/indices/RONI.ascii.txt,Relative ERSSTv6; 1991-2020 baseline; three-month running mean,degrees_C_anomaly,True,True
1974,AMJ,1974-04-01,1974-06-30,-0.57,https://www.cpc.ncep.noaa.gov/data/indices/RONI.ascii.txt,Relative ERSSTv6; 1991-2020 baseline; three-month running mean,degrees_C_anomaly,True,True
1974,MJJ,1974-05-01,1974-07-31,-0.5,https://www.cpc.ncep.noaa.gov/data/indices/RONI.ascii.txt,Relative ERSSTv6; 1991-2020 baseline; three-month running mean,degrees_C_anomaly,True,True
1974,JJA,1974-06-01,1974-08-31,-0.27,https://www.cpc.ncep.noaa.gov/data/indices/RONI.ascii.txt,Relative ERSSTv6; 1991-2020 baseline; three-month running mean,degrees_C_anomaly,True,True
1974,JAS,1974-07-01,1974-09-30,-0.21,https://www.cpc.ncep.noaa.gov/data/indices/RONI.ascii.txt,Relative ERSSTv6; 1991-2020 baseline; three-month running mean,degrees_C_anomaly,True,True
1974,ASO,1974-08-01,1974-10-31,-0.24,https://www.cpc.ncep.noaa.gov/data/indices/RONI.ascii.txt,Relative ERSSTv6; 1991-2020 baseline; three-month running mean,degrees_C_anomaly,True,True
1974,SON,1974-09-01,1974-11-30,-0.45,https://www.cpc.ncep.noaa.gov/data/indices/RONI.ascii.txt,Relative ERSSTv6; 1991-2020 baseline; three-month running mean,degrees_C_anomaly,True,True
1974,OND,1974-10-01,1974-12-31,-0.59,https://www.cpc.ncep.noaa.gov/data/indices/RONI.ascii.txt,Relative ERSSTv6; 1991-2020 baseline; three-month running mean,degrees_C_anomaly,True,True
1974,NDJ,1974-11-01,1975-01-31,-0.35,https://www.cpc.ncep.noaa.gov/data/indices/RONI.ascii.txt,Relative ERSSTv6; 1991-2020 baseline; three-month running mean,degrees_C_anomaly,True,True
1975,DJF,1974-12-01,1975-02-28,-0.12,https://www.cpc.ncep.noaa.gov/data/indices/RONI.ascii.txt,Relative ERSSTv6; 1991-2020 baseline; three-month running mean,degrees_C_anomaly,True,True
1975,JFM,1975-01-01,1975-03-31,-0.13,https://www.cpc.ncep.noaa.gov/data/indices/RONI.ascii.txt,Relative ERSSTv6; 1991-2020 baseline; three-month running mean,degrees_C_anomaly,True,True
1975,FMA,1975-02-01,1975-04-30,-0.29,https://www.cpc.ncep.noaa.gov/data/indices/RONI.ascii.txt,Relative ERSSTv6; 1991-2020 baseline; three-month running mean,degrees_C_anomaly,True,True
1975,MAM,1975-03-01,1975-05-31,-0.42,https://www.cpc.ncep.noaa.gov/data/indices/RONI.ascii.txt,Relative ERSSTv6; 1991-2020 baseline; three-month running mean,degrees_C_anomaly,True,True
1975,AMJ,1975-04-01,1975-06-30,-0.61,https://www.cpc.ncep.noaa.gov/data/indices/RONI.ascii.txt,Relative ERSSTv6; 1991-2020 baseline; three-month running mean,degrees_C_anomaly,True,True
1975,MJJ,1975-05-01,1975-07-31,-0.73,https://www.cpc.ncep.noaa.gov/data/indices/RONI.ascii.txt,Relative ERSSTv6; 1991-2020 baseline; three-month running mean,degrees_C_anomaly,True,True
1975,JJA,1975-06-01,1975-08-31,-0.87,https://www.cpc.ncep.noaa.gov/data/indices/RONI.ascii.txt,Relative ERSSTv6; 1991-2020 baseline; three-month running mean,degrees_C_anomaly,True,True
1975,JAS,1975-07-01,1975-09-30,-0.88,https://www.cpc.ncep.noaa.gov/data/indices/RONI.ascii.txt,Relative ERSSTv6; 1991-2020 baseline; three-month running mean,degrees_C_anomaly,True,True
1975,ASO,1975-08-01,1975-10-31,-0.98,https://www.cpc.ncep.noaa.gov/data/indices/RONI.ascii.txt,Relative ERSSTv6; 1991-2020 baseline; three-month running mean,degrees_C_anomaly,True,True
1975,SON,1975-09-01,1975-11-30,-0.95,https://www.cpc.ncep.noaa.gov/data/indices/RONI.ascii.txt,Relative ERSSTv6; 1991-2020 baseline; three-month running mean,degrees_C_anomaly,True,True
1975,OND,1975-10-01,1975-12-31,-1.02,https://www.cpc.ncep.noaa.gov/data/indices/RONI.ascii.txt,Relative ERSSTv6; 1991-2020 baseline; three-month running mean,degrees_C_anomaly,True,True
1975,NDJ,1975-11-01,1976-01-31,-1.11,https://www.cpc.ncep.noaa.gov/data/indices/RONI.ascii.txt,Relative ERSSTv6; 1991-2020 baseline; three-month running mean,degrees_C_anomaly,True,True
1976,DJF,1975-12-01,1976-02-29,-1.0,https://www.cpc.ncep.noaa.gov/data/indices/RONI.ascii.txt,Relative ERSSTv6; 1991-2020 baseline; three-month running mean,degrees_C_anomaly,True,True
1976,JFM,1976-01-01,1976-03-31,-0.65,https://www.cpc.ncep.noaa.gov/data/indices/RONI.ascii.txt,Relative ERSSTv6; 1991-2020 baseline; three-month running mean,degrees_C_anomaly,True,True
1976,FMA,1976-02-01,1976-04-30,-0.26,https://www.cpc.ncep.noaa.gov/data/indices/RONI.ascii.txt,Relative ERSSTv6; 1991-2020 baseline; three-month running mean,degrees_C_anomaly,True,True
1976,MAM,1976-03-01,1976-05-31,-0.14,https://www.cpc.ncep.noaa.gov/data/indices/RONI.ascii.txt,Relative ERSSTv6; 1991-2020 baseline; three-month running mean,degrees_C_anomaly,True,True
1976,AMJ,1976-04-01,1976-06-30,0.01,https://www.cpc.ncep.noaa.gov/data/indices/RONI.ascii.txt,Relative ERSSTv6; 1991-2020 baseline; three-month running mean,degrees_C_anomaly,True,True
1976,MJJ,1976-05-01,1976-07-31,0.27,https://www.cpc.ncep.noaa.gov/data/indices/RONI.ascii.txt,Relative ERSSTv6; 1991-2020 baseline; three-month running mean,degrees_C_anomaly,True,True
1976,JJA,1976-06-01,1976-08-31,0.52,https://www.cpc.ncep.noaa.gov/data/indices/RONI.ascii.txt,Relative ERSSTv6; 1991-2020 baseline; three-month running mean,degrees_C_anomaly,True,True
1976,JAS,1976-07-01,1976-09-30,0.72,https://www.cpc.ncep.noaa.gov/data/indices/RONI.ascii.txt,Relative ERSSTv6; 1991-2020 baseline; three-month running mean,degrees_C_anomaly,True,True
1976,ASO,1976-08-01,1976-10-31,0.89,https://www.cpc.ncep.noaa.gov/data/indices/RONI.ascii.txt,Relative ERSSTv6; 1991-2020 baseline; three-month running mean,degrees_C_anomaly,True,True
1976,SON,1976-09-01,1976-11-30,1.04,https://www.cpc.ncep.noaa.gov/data/indices/RONI.ascii.txt,Relative ERSSTv6; 1991-2020 baseline; three-month running mean,degrees_C_anomaly,True,True
1976,OND,1976-10-01,1976-12-31,1.05,https://www.cpc.ncep.noaa.gov/data/indices/RONI.ascii.txt,Relative ERSSTv6; 1991-2020 baseline; three-month running mean,degrees_C_anomaly,True,True
1976,NDJ,1976-11-01,1977-01-31,1.08,https://www.cpc.ncep.noaa.gov/data/indices/RONI.ascii.txt,Relative ERSSTv6; 1991-2020 baseline; three-month running mean,degrees_C_anomaly,True,True
1977,DJF,1976-12-01,1977-02-28,0.96,https://www.cpc.ncep.noaa.gov/data/indices/RONI.ascii.txt,Relative ERSSTv6; 1991-2020 baseline; three-month running mean,degrees_C_anomaly,True,True
1977,JFM,1977-01-01,1977-03-31,0.89,https://www.cpc.ncep.noaa.gov/data/indices/RONI.ascii.txt,Relative ERSSTv6; 1991-2020 baseline; three-month running mean,degrees_C_anomaly,True,True
1977,FMA,1977-02-01,1977-04-30,0.46,https://www.cpc.ncep.noaa.gov/data/indices/RONI.ascii.txt,Relative ERSSTv6; 1991-2020 baseline; three-month running mean,degrees_C_anomaly,True,True
1977,MAM,1977-03-01,1977-05-31,0.32,https://www.cpc.ncep.noaa.gov/data/indices/RONI.ascii.txt,Relative ERSSTv6; 1991-2020 baseline; three-month running mean,degrees_C_anomaly,True,True
1977,AMJ,1977-04-01,1977-06-30,0.25,https://www.cpc.ncep.noaa.gov/data/indices/RONI.ascii.txt,Relative ERSSTv6; 1991-2020 baseline; three-month running mean,degrees_C_anomaly,True,True
1977,MJJ,1977-05-01,1977-07-31,0.51,https://www.cpc.ncep.noaa.gov/data/indices/RONI.ascii.txt,Relative ERSSTv6; 1991-2020 baseline; three-month running mean,degrees_C_anomaly,True,True
1977,JJA,1977-06-01,1977-08-31,0.48,https://www.cpc.ncep.noaa.gov/data/indices/RONI.ascii.txt,Relative ERSSTv6; 1991-2020 baseline; three-month running mean,degrees_C_anomaly,True,True
1977,JAS,1977-07-01,1977-09-30,0.48,https://www.cpc.ncep.noaa.gov/data/indices/RONI.ascii.txt,Relative ERSSTv6; 1991-2020 baseline; three-month running mean,degrees_C_anomaly,True,True
1977,ASO,1977-08-01,1977-10-31,0.62,https://www.cpc.ncep.noaa.gov/data/indices/RONI.ascii.txt,Relative ERSSTv6; 1991-2020 baseline; three-month running mean,degrees_C_anomaly,True,True
1977,SON,1977-09-01,1977-11-30,0.89,https://www.cpc.ncep.noaa.gov/data/indices/RONI.ascii.txt,Relative ERSSTv6; 1991-2020 baseline; three-month running mean,degrees_C_anomaly,True,True
1977,OND,1977-10-01,1977-12-31,1.1,https://www.cpc.ncep.noaa.gov/data/indices/RONI.ascii.txt,Relative ERSSTv6; 1991-2020 baseline; three-month running mean,degrees_C_anomaly,True,True
1977,NDJ,1977-11-01,1978-01-31,1.05,https://www.cpc.ncep.noaa.gov/data/indices/RONI.ascii.txt,Relative ERSSTv6; 1991-2020 baseline; three-month running mean,degrees_C_anomaly,True,True
1978,DJF,1977-12-01,1978-02-28,0.96,https://www.cpc.ncep.noaa.gov/data/indices/RONI.ascii.txt,Relative ERSSTv6; 1991-2020 baseline; three-month running mean,degrees_C_anomaly,True,True
1978,JFM,1978-01-01,1978-03-31,0.71,https://www.cpc.ncep.noaa.gov/data/indices/RONI.ascii.txt,Relative ERSSTv6; 1991-2020 baseline; three-month running mean,degrees_C_anomaly,True,True
1978,FMA,1978-02-01,1978-04-30,0.26,https://www.cpc.ncep.noaa.gov/data/indices/RONI.ascii.txt,Relative ERSSTv6; 1991-2020 baseline; three-month running mean,degrees_C_anomaly,True,True
1978,MAM,1978-03-01,1978-05-31,-0.07,https://www.cpc.ncep.noaa.gov/data/indices/RONI.ascii.txt,Relative ERSSTv6; 1991-2020 baseline; three-month running mean,degrees_C_anomaly,True,True
1978,AMJ,1978-04-01,1978-06-30,-0.33,https://www.cpc.ncep.noaa.gov/data/indices/RONI.ascii.txt,Relative ERSSTv6; 1991-2020 baseline; three-month running mean,degrees_C_anomaly,True,True
1978,MJJ,1978-05-01,1978-07-31,-0.25,https://www.cpc.ncep.noaa.gov/data/indices/RONI.ascii.txt,Relative ERSSTv6; 1991-2020 baseline; three-month running mean,degrees_C_anomaly,True,True
1978,JJA,1978-06-01,1978-08-31,-0.32,https://www.cpc.ncep.noaa.gov/data/indices/RONI.ascii.txt,Relative ERSSTv6; 1991-2020 baseline; three-month running mean,degrees_C_anomaly,True,True
1978,JAS,1978-07-01,1978-09-30,-0.27,https://www.cpc.ncep.noaa.gov/data/indices/RONI.ascii.txt,Relative ERSSTv6; 1991-2020 baseline; three-month running mean,degrees_C_anomaly,True,True
1978,ASO,1978-08-01,1978-10-31,-0.27,https://www.cpc.ncep.noaa.gov/data/indices/RONI.ascii.txt,Relative ERSSTv6; 1991-2020 baseline; three-month running mean,degrees_C_anomaly,True,True
1978,SON,1978-09-01,1978-11-30,-0.08,https://www.cpc.ncep.noaa.gov/data/indices/RONI.ascii.txt,Relative ERSSTv6; 1991-2020 baseline; three-month running mean,degrees_C_anomaly,True,True
1978,OND,1978-10-01,1978-12-31,0.15,https://www.cpc.ncep.noaa.gov/data/indices/RONI.ascii.txt,Relative ERSSTv6; 1991-2020 baseline; three-month running mean,degrees_C_anomaly,True,True
1978,NDJ,1978-11-01,1979-01-31,0.27,https://www.cpc.ncep.noaa.gov/data/indices/RONI.ascii.txt,Relative ERSSTv6; 1991-2020 baseline; three-month running mean,degrees_C_anomaly,True,True
1979,DJF,1978-12-01,1979-02-28,0.35,https://www.cpc.ncep.noaa.gov/data/indices/RONI.ascii.txt,Relative ERSSTv6; 1991-2020 baseline; three-month running mean,degrees_C_anomaly,True,True
1979,JFM,1979-01-01,1979-03-31,0.3,https://www.cpc.ncep.noaa.gov/data/indices/RONI.ascii.txt,Relative ERSSTv6; 1991-2020 baseline; three-month running mean,degrees_C_anomaly,True,True
1979,FMA,1979-02-01,1979-04-30,0.3,https://www.cpc.ncep.noaa.gov/data/indices/RONI.ascii.txt,Relative ERSSTv6; 1991-2020 baseline; three-month running mean,degrees_C_anomaly,True,True
1979,MAM,1979-03-01,1979-05-31,0.23,https://www.cpc.ncep.noaa.gov/data/indices/RONI.ascii.txt,Relative ERSSTv6; 1991-2020 baseline; three-month running mean,degrees_C_anomaly,True,True
1979,AMJ,1979-04-01,1979-06-30,0.13,https://www.cpc.ncep.noaa.gov/data/indices/RONI.ascii.txt,Relative ERSSTv6; 1991-2020 baseline; three-month running mean,degrees_C_anomaly,True,True
1979,MJJ,1979-05-01,1979-07-31,0.03,https://www.cpc.ncep.noaa.gov/data/indices/RONI.ascii.txt,Relative ERSSTv6; 1991-2020 baseline; three-month running mean,degrees_C_anomaly,True,True
1979,JJA,1979-06-01,1979-08-31,0.04,https://www.cpc.ncep.noaa.gov/data/indices/RONI.ascii.txt,Relative ERSSTv6; 1991-2020 baseline; three-month running mean,degrees_C_anomaly,True,True
1979,JAS,1979-07-01,1979-09-30,0.26,https://www.cpc.ncep.noaa.gov/data/indices/RONI.ascii.txt,Relative ERSSTv6; 1991-2020 baseline; three-month running mean,degrees_C_anomaly,True,True
1979,ASO,1979-08-01,1979-10-31,0.41,https://www.cpc.ncep.noaa.gov/data/indices/RONI.ascii.txt,Relative ERSSTv6; 1991-2020 baseline; three-month running mean,degrees_C_anomaly,True,True
1979,SON,1979-09-01,1979-11-30,0.52,https://www.cpc.ncep.noaa.gov/data/indices/RONI.ascii.txt,Relative ERSSTv6; 1991-2020 baseline; three-month running mean,degrees_C_anomaly,True,True
1979,OND,1979-10-01,1979-12-31,0.52,https://www.cpc.ncep.noaa.gov/data/indices/RONI.ascii.txt,Relative ERSSTv6; 1991-2020 baseline; three-month running mean,degrees_C_anomaly,True,True
1979,NDJ,1979-11-01,1980-01-31,0.64,https://www.cpc.ncep.noaa.gov/data/indices/RONI.ascii.txt,Relative ERSSTv6; 1991-2020 baseline; three-month running mean,degrees_C_anomaly,True,True
1980,DJF,1979-12-01,1980-02-29,0.65,https://www.cpc.ncep.noaa.gov/data/indices/RONI.ascii.txt,Relative ERSSTv6; 1991-2020 baseline; three-month running mean,degrees_C_anomaly,True,True
1980,JFM,1980-01-01,1980-03-31,0.45,https://www.cpc.ncep.noaa.gov/data/indices/RONI.ascii.txt,Relative ERSSTv6; 1991-2020 baseline; three-month running mean,degrees_C_anomaly,True,True
1980,FMA,1980-02-01,1980-04-30,0.25,https://www.cpc.ncep.noaa.gov/data/indices/RONI.ascii.txt,Relative ERSSTv6; 1991-2020 baseline; three-month running mean,degrees_C_anomaly,True,True
1980,MAM,1980-03-01,1980-05-31,0.14,https://www.cpc.ncep.noaa.gov/data/indices/RONI.ascii.txt,Relative ERSSTv6; 1991-2020 baseline; three-month running mean,degrees_C_anomaly,True,True
1980,AMJ,1980-04-01,1980-06-30,0.27,https://www.cpc.ncep.noaa.gov/data/indices/RONI.ascii.txt,Relative ERSSTv6; 1991-2020 baseline; three-month running mean,degrees_C_anomaly,True,True
1980,MJJ,1980-05-01,1980-07-31,0.28,https://www.cpc.ncep.noaa.gov/data/indices/RONI.ascii.txt,Relative ERSSTv6; 1991-2020 baseline; three-month running mean,degrees_C_anomaly,True,True
1980,JJA,1980-06-01,1980-08-31,0.14,https://www.cpc.ncep.noaa.gov/data/indices/RONI.ascii.txt,Relative ERSSTv6; 1991-2020 baseline; three-month running mean,degrees_C_anomaly,True,True
1980,JAS,1980-07-01,1980-09-30,-0.1,https://www.cpc.ncep.noaa.gov/data/indices/RONI.ascii.txt,Relative ERSSTv6; 1991-2020 baseline; three-month running mean,degrees_C_anomaly,True,True
1980,ASO,1980-08-01,1980-10-31,-0.18,https://www.cpc.ncep.noaa.gov/data/indices/RONI.ascii.txt,Relative ERSSTv6; 1991-2020 baseline; three-month running mean,degrees_C_anomaly,True,True
1980,SON,1980-09-01,1980-11-30,-0.06,https://www.cpc.ncep.noaa.gov/data/indices/RONI.ascii.txt,Relative ERSSTv6; 1991-2020 baseline; three-month running mean,degrees_C_anomaly,True,True
1980,OND,1980-10-01,1980-12-31,0.14,https://www.cpc.ncep.noaa.gov/data/indices/RONI.ascii.txt,Relative ERSSTv6; 1991-2020 baseline; three-month running mean,degrees_C_anomaly,True,True
1980,NDJ,1980-11-01,1981-01-31,0.09,https://www.cpc.ncep.noaa.gov/data/indices/RONI.ascii.txt,Relative ERSSTv6; 1991-2020 baseline; three-month running mean,degrees_C_anomaly,True,True
1981,DJF,1980-12-01,1981-02-28,-0.03,https://www.cpc.ncep.noaa.gov/data/indices/RONI.ascii.txt,Relative ERSSTv6; 1991-2020 baseline; three-month running mean,degrees_C_anomaly,True,True
1981,JFM,1981-01-01,1981-03-31,-0.18,https://www.cpc.ncep.noaa.gov/data/indices/RONI.ascii.txt,Relative ERSSTv6; 1991-2020 baseline; three-month running mean,degrees_C_anomaly,True,True
1981,FMA,1981-02-01,1981-04-30,-0.28,https://www.cpc.ncep.noaa.gov/data/indices/RONI.ascii.txt,Relative ERSSTv6; 1991-2020 baseline; three-month running mean,degrees_C_anomaly,True,True
1981,MAM,1981-03-01,1981-05-31,-0.24,https://www.cpc.ncep.noaa.gov/data/indices/RONI.ascii.txt,Relative ERSSTv6; 1991-2020 baseline; three-month running mean,degrees_C_anomaly,True,True
1981,AMJ,1981-04-01,1981-06-30,-0.3,https://www.cpc.ncep.noaa.gov/data/indices/RONI.ascii.txt,Relative ERSSTv6; 1991-2020 baseline; three-month running mean,degrees_C_anomaly,True,True
1981,MJJ,1981-05-01,1981-07-31,-0.26,https://www.cpc.ncep.noaa.gov/data/indices/RONI.ascii.txt,Relative ERSSTv6; 1991-2020 baseline; three-month running mean,degrees_C_anomaly,True,True
1981,JJA,1981-06-01,1981-08-31,-0.23,https://www.cpc.ncep.noaa.gov/data/indices/RONI.ascii.txt,Relative ERSSTv6; 1991-2020 baseline; three-month running mean,degrees_C_anomaly,True,True
1981,JAS,1981-07-01,1981-09-30,-0.16,https://www.cpc.ncep.noaa.gov/data/indices/RONI.ascii.txt,Relative ERSSTv6; 1991-2020 baseline; three-month running mean,degrees_C_anomaly,True,True
1981,ASO,1981-08-01,1981-10-31,-0.02,https://www.cpc.ncep.noaa.gov/data/indices/RONI.ascii.txt,Relative ERSSTv6; 1991-2020 baseline; three-month running mean,degrees_C_anomaly,True,True
1981,SON,1981-09-01,1981-11-30,-0.17,https://www.cpc.ncep.noaa.gov/data/indices/RONI.ascii.txt,Relative ERSSTv6; 1991-2020 baseline; three-month running mean,degrees_C_anomaly,True,True
1981,OND,1981-10-01,1981-12-31,-0.21,https://www.cpc.ncep.noaa.gov/data/indices/RONI.ascii.txt,Relative ERSSTv6; 1991-2020 baseline; three-month running mean,degrees_C_anomaly,True,True
1981,NDJ,1981-11-01,1982-01-31,-0.08,https://www.cpc.ncep.noaa.gov/data/indices/RONI.ascii.txt,Relative ERSSTv6; 1991-2020 baseline; three-month running mean,degrees_C_anomaly,True,True
1982,DJF,1981-12-01,1982-02-28,0.11,https://www.cpc.ncep.noaa.gov/data/indices/RONI.ascii.txt,Relative ERSSTv6; 1991-2020 baseline; three-month running mean,degrees_C_anomaly,True,True
1982,JFM,1982-01-01,1982-03-31,0.22,https://www.cpc.ncep.noaa.gov/data/indices/RONI.ascii.txt,Relative ERSSTv6; 1991-2020 baseline; three-month running mean,degrees_C_anomaly,True,True
1982,FMA,1982-02-01,1982-04-30,0.23,https://www.cpc.ncep.noaa.gov/data/indices/RONI.ascii.txt,Relative ERSSTv6; 1991-2020 baseline; three-month running mean,degrees_C_anomaly,True,True
1982,MAM,1982-03-01,1982-05-31,0.46,https://www.cpc.ncep.noaa.gov/data/indices/RONI.ascii.txt,Relative ERSSTv6; 1991-2020 baseline; three-month running mean,degrees_C_anomaly,True,True
1982,AMJ,1982-04-01,1982-06-30,0.74,https://www.cpc.ncep.noaa.gov/data/indices/RONI.ascii.txt,Relative ERSSTv6; 1991-2020 baseline; three-month running mean,degrees_C_anomaly,True,True
1982,MJJ,1982-05-01,1982-07-31,0.84,https://www.cpc.ncep.noaa.gov/data/indices/RONI.ascii.txt,Relative ERSSTv6; 1991-2020 baseline; three-month running mean,degrees_C_anomaly,True,True
1982,JJA,1982-06-01,1982-08-31,0.89,https://www.cpc.ncep.noaa.gov/data/indices/RONI.ascii.txt,Relative ERSSTv6; 1991-2020 baseline; three-month running mean,degrees_C_anomaly,True,True
1982,JAS,1982-07-01,1982-09-30,1.14,https://www.cpc.ncep.noaa.gov/data/indices/RONI.ascii.txt,Relative ERSSTv6; 1991-2020 baseline; three-month running mean,degrees_C_anomaly,True,True
1982,ASO,1982-08-01,1982-10-31,1.64,https://www.cpc.ncep.noaa.gov/data/indices/RONI.ascii.txt,Relative ERSSTv6; 1991-2020 baseline; three-month running mean,degrees_C_anomaly,True,True
1982,SON,1982-09-01,1982-11-30,2.03,https://www.cpc.ncep.noaa.gov/data/indices/RONI.ascii.txt,Relative ERSSTv6; 1991-2020 baseline; three-month running mean,degrees_C_anomaly,True,True
1982,OND,1982-10-01,1982-12-31,2.24,https://www.cpc.ncep.noaa.gov/data/indices/RONI.ascii.txt,Relative ERSSTv6; 1991-2020 baseline; three-month running mean,degrees_C_anomaly,True,True
1982,NDJ,1982-11-01,1983-01-31,2.36,https://www.cpc.ncep.noaa.gov/data/indices/RONI.ascii.txt,Relative ERSSTv6; 1991-2020 baseline; three-month running mean,degrees_C_anomaly,True,True
1983,DJF,1982-12-01,1983-02-28,2.4,https://www.cpc.ncep.noaa.gov/data/indices/RONI.ascii.txt,Relative ERSSTv6; 1991-2020 baseline; three-month running mean,degrees_C_anomaly,True,True
1983,JFM,1983-01-01,1983-03-31,2.15,https://www.cpc.ncep.noaa.gov/data/indices/RONI.ascii.txt,Relative ERSSTv6; 1991-2020 baseline; three-month running mean,degrees_C_anomaly,True,True
1983,FMA,1983-02-01,1983-04-30,1.67,https://www.cpc.ncep.noaa.gov/data/indices/RONI.ascii.txt,Relative ERSSTv6; 1991-2020 baseline; three-month running mean,degrees_C_anomaly,True,True
1983,MAM,1983-03-01,1983-05-31,1.3,https://www.cpc.ncep.noaa.gov/data/indices/RONI.ascii.txt,Relative ERSSTv6; 1991-2020 baseline; three-month running mean,degrees_C_anomaly,True,True
1983,AMJ,1983-04-01,1983-06-30,0.87,https://www.cpc.ncep.noaa.gov/data/indices/RONI.ascii.txt,Relative ERSSTv6; 1991-2020 baseline; three-month running mean,degrees_C_anomaly,True,True
1983,MJJ,1983-05-01,1983-07-31,0.47,https://www.cpc.ncep.noaa.gov/data/indices/RONI.ascii.txt,Relative ERSSTv6; 1991-2020 baseline; three-month running mean,degrees_C_anomaly,True,True
1983,JJA,1983-06-01,1983-08-31,0.03,https://www.cpc.ncep.noaa.gov/data/indices/RONI.ascii.txt,Relative ERSSTv6; 1991-2020 baseline; three-month running mean,degrees_C_anomaly,True,True
1983,JAS,1983-07-01,1983-09-30,-0.23,https://www.cpc.ncep.noaa.gov/data/indices/RONI.ascii.txt,Relative ERSSTv6; 1991-2020 baseline; three-month running mean,degrees_C_anomaly,True,True
1983,ASO,1983-08-01,1983-10-31,-0.59,https://www.cpc.ncep.noaa.gov/data/indices/RONI.ascii.txt,Relative ERSSTv6; 1991-2020 baseline; three-month running mean,degrees_C_anomaly,True,True
1983,SON,1983-09-01,1983-11-30,-0.9,https://www.cpc.ncep.noaa.gov/data/indices/RONI.ascii.txt,Relative ERSSTv6; 1991-2020 baseline; three-month running mean,degrees_C_anomaly,True,True
1983,OND,1983-10-01,1983-12-31,-1.1,https://www.cpc.ncep.noaa.gov/data/indices/RONI.ascii.txt,Relative ERSSTv6; 1991-2020 baseline; three-month running mean,degrees_C_anomaly,True,True
1983,NDJ,1983-11-01,1984-01-31,-0.96,https://www.cpc.ncep.noaa.gov/data/indices/RONI.ascii.txt,Relative ERSSTv6; 1991-2020 baseline; three-month running mean,degrees_C_anomaly,True,True
1984,DJF,1983-12-01,1984-02-29,-0.63,https://www.cpc.ncep.noaa.gov/data/indices/RONI.ascii.txt,Relative ERSSTv6; 1991-2020 baseline; three-month running mean,degrees_C_anomaly,True,True
1984,JFM,1984-01-01,1984-03-31,-0.52,https://www.cpc.ncep.noaa.gov/data/indices/RONI.ascii.txt,Relative ERSSTv6; 1991-2020 baseline; three-month running mean,degrees_C_anomaly,True,True
1984,FMA,1984-02-01,1984-04-30,-0.45,https://www.cpc.ncep.noaa.gov/data/indices/RONI.ascii.txt,Relative ERSSTv6; 1991-2020 baseline; three-month running mean,degrees_C_anomaly,True,True
1984,MAM,1984-03-01,1984-05-31,-0.59,https://www.cpc.ncep.noaa.gov/data/indices/RONI.ascii.txt,Relative ERSSTv6; 1991-2020 baseline; three-month running mean,degrees_C_anomaly,True,True
1984,AMJ,1984-04-01,1984-06-30,-0.62,https://www.cpc.ncep.noaa.gov/data/indices/RONI.ascii.txt,Relative ERSSTv6; 1991-2020 baseline; three-month running mean,degrees_C_anomaly,True,True
1984,MJJ,1984-05-01,1984-07-31,-0.51,https://www.cpc.ncep.noaa.gov/data/indices/RONI.ascii.txt,Relative ERSSTv6; 1991-2020 baseline; three-month running mean,degrees_C_anomaly,True,True
1984,JJA,1984-06-01,1984-08-31,-0.32,https://www.cpc.ncep.noaa.gov/data/indices/RONI.ascii.txt,Relative ERSSTv6; 1991-2020 baseline; three-month running mean,degrees_C_anomaly,True,True
1984,JAS,1984-07-01,1984-09-30,-0.17,https://www.cpc.ncep.noaa.gov/data/indices/RONI.ascii.txt,Relative ERSSTv6; 1991-2020 baseline; three-month running mean,degrees_C_anomaly,True,True
1984,ASO,1984-08-01,1984-10-31,-0.28,https://www.cpc.ncep.noaa.gov/data/indices/RONI.ascii.txt,Relative ERSSTv6; 1991-2020 baseline; three-month running mean,degrees_C_anomaly,True,True
1984,SON,1984-09-01,1984-11-30,-0.61,https://www.cpc.ncep.noaa.gov/data/indices/RONI.ascii.txt,Relative ERSSTv6; 1991-2020 baseline; three-month running mean,degrees_C_anomaly,True,True
1984,OND,1984-10-01,1984-12-31,-0.88,https://www.cpc.ncep.noaa.gov/data/indices/RONI.ascii.txt,Relative ERSSTv6; 1991-2020 baseline; three-month running mean,degrees_C_anomaly,True,True
1984,NDJ,1984-11-01,1985-01-31,-0.93,https://www.cpc.ncep.noaa.gov/data/indices/RONI.ascii.txt,Relative ERSSTv6; 1991-2020 baseline; three-month running mean,degrees_C_anomaly,True,True
1985,DJF,1984-12-01,1985-02-28,-0.83,https://www.cpc.ncep.noaa.gov/data/indices/RONI.ascii.txt,Relative ERSSTv6; 1991-2020 baseline; three-month running mean,degrees_C_anomaly,True,True
1985,JFM,1985-01-01,1985-03-31,-0.68,https://www.cpc.ncep.noaa.gov/data/indices/RONI.ascii.txt,Relative ERSSTv6; 1991-2020 baseline; three-month running mean,degrees_C_anomaly,True,True
1985,FMA,1985-02-01,1985-04-30,-0.75,https://www.cpc.ncep.noaa.gov/data/indices/RONI.ascii.txt,Relative ERSSTv6; 1991-2020 baseline; three-month running mean,degrees_C_anomaly,True,True
1985,MAM,1985-03-01,1985-05-31,-0.76,https://www.cpc.ncep.noaa.gov/data/indices/RONI.ascii.txt,Relative ERSSTv6; 1991-2020 baseline; three-month running mean,degrees_C_anomaly,True,True
1985,AMJ,1985-04-01,1985-06-30,-0.77,https://www.cpc.ncep.noaa.gov/data/indices/RONI.ascii.txt,Relative ERSSTv6; 1991-2020 baseline; three-month running mean,degrees_C_anomaly,True,True
1985,MJJ,1985-05-01,1985-07-31,-0.55,https://www.cpc.ncep.noaa.gov/data/indices/RONI.ascii.txt,Relative ERSSTv6; 1991-2020 baseline; three-month running mean,degrees_C_anomaly,True,True
1985,JJA,1985-06-01,1985-08-31,-0.33,https://www.cpc.ncep.noaa.gov/data/indices/RONI.ascii.txt,Relative ERSSTv6; 1991-2020 baseline; three-month running mean,degrees_C_anomaly,True,True
1985,JAS,1985-07-01,1985-09-30,-0.2,https://www.cpc.ncep.noaa.gov/data/indices/RONI.ascii.txt,Relative ERSSTv6; 1991-2020 baseline; three-month running mean,degrees_C_anomaly,True,True
1985,ASO,1985-08-01,1985-10-31,-0.16,https://www.cpc.ncep.noaa.gov/data/indices/RONI.ascii.txt,Relative ERSSTv6; 1991-2020 baseline; three-month running mean,degrees_C_anomaly,True,True
1985,SON,1985-09-01,1985-11-30,-0.18,https://www.cpc.ncep.noaa.gov/data/indices/RONI.ascii.txt,Relative ERSSTv6; 1991-2020 baseline; three-month running mean,degrees_C_anomaly,True,True
1985,OND,1985-10-01,1985-12-31,-0.14,https://www.cpc.ncep.noaa.gov/data/indices/RONI.ascii.txt,Relative ERSSTv6; 1991-2020 baseline; three-month running mean,degrees_C_anomaly,True,True
1985,NDJ,1985-11-01,1986-01-31,-0.21,https://www.cpc.ncep.noaa.gov/data/indices/RONI.ascii.txt,Relative ERSSTv6; 1991-2020 baseline; three-month running mean,degrees_C_anomaly,True,True
1986,DJF,1985-12-01,1986-02-28,-0.26,https://www.cpc.ncep.noaa.gov/data/indices/RONI.ascii.txt,Relative ERSSTv6; 1991-2020 baseline; three-month running mean,degrees_C_anomaly,True,True
1986,JFM,1986-01-01,1986-03-31,-0.27,https://www.cpc.ncep.noaa.gov/data/indices/RONI.ascii.txt,Relative ERSSTv6; 1991-2020 baseline; three-month running mean,degrees_C_anomaly,True,True
1986,FMA,1986-02-01,1986-04-30,-0.19,https://www.cpc.ncep.noaa.gov/data/indices/RONI.ascii.txt,Relative ERSSTv6; 1991-2020 baseline; three-month running mean,degrees_C_anomaly,True,True
1986,MAM,1986-03-01,1986-05-31,-0.14,https://www.cpc.ncep.noaa.gov/data/indices/RONI.ascii.txt,Relative ERSSTv6; 1991-2020 baseline; three-month running mean,degrees_C_anomaly,True,True
1986,AMJ,1986-04-01,1986-06-30,-0.11,https://www.cpc.ncep.noaa.gov/data/indices/RONI.ascii.txt,Relative ERSSTv6; 1991-2020 baseline; three-month running mean,degrees_C_anomaly,True,True
1986,MJJ,1986-05-01,1986-07-31,-0.01,https://www.cpc.ncep.noaa.gov/data/indices/RONI.ascii.txt,Relative ERSSTv6; 1991-2020 baseline; three-month running mean,degrees_C_anomaly,True,True
1986,JJA,1986-06-01,1986-08-31,0.26,https://www.cpc.ncep.noaa.gov/data/indices/RONI.ascii.txt,Relative ERSSTv6; 1991-2020 baseline; three-month running mean,degrees_C_anomaly,True,True
1986,JAS,1986-07-01,1986-09-30,0.57,https://www.cpc.ncep.noaa.gov/data/indices/RONI.ascii.txt,Relative ERSSTv6; 1991-2020 baseline; three-month running mean,degrees_C_anomaly,True,True
1986,ASO,1986-08-01,1986-10-31,0.79,https://www.cpc.ncep.noaa.gov/data/indices/RONI.ascii.txt,Relative ERSSTv6; 1991-2020 baseline; three-month running mean,degrees_C_anomaly,True,True
1986,SON,1986-09-01,1986-11-30,1.0,https://www.cpc.ncep.noaa.gov/data/indices/RONI.ascii.txt,Relative ERSSTv6; 1991-2020 baseline; three-month running mean,degrees_C_anomaly,True,True
1986,OND,1986-10-01,1986-12-31,1.22,https://www.cpc.ncep.noaa.gov/data/indices/RONI.ascii.txt,Relative ERSSTv6; 1991-2020 baseline; three-month running mean,degrees_C_anomaly,True,True
1986,NDJ,1986-11-01,1987-01-31,1.42,https://www.cpc.ncep.noaa.gov/data/indices/RONI.ascii.txt,Relative ERSSTv6; 1991-2020 baseline; three-month running mean,degrees_C_anomaly,True,True
1987,DJF,1986-12-01,1987-02-28,1.46,https://www.cpc.ncep.noaa.gov/data/indices/RONI.ascii.txt,Relative ERSSTv6; 1991-2020 baseline; three-month running mean,degrees_C_anomaly,True,True
1987,JFM,1987-01-01,1987-03-31,1.35,https://www.cpc.ncep.noaa.gov/data/indices/RONI.ascii.txt,Relative ERSSTv6; 1991-2020 baseline; three-month running mean,degrees_C_anomaly,True,True
1987,FMA,1987-02-01,1987-04-30,1.14,https://www.cpc.ncep.noaa.gov/data/indices/RONI.ascii.txt,Relative ERSSTv6; 1991-2020 baseline; three-month running mean,degrees_C_anomaly,True,True
1987,MAM,1987-03-01,1987-05-31,0.93,https://www.cpc.ncep.noaa.gov/data/indices/RONI.ascii.txt,Relative ERSSTv6; 1991-2020 baseline; three-month running mean,degrees_C_anomaly,True,True
1987,AMJ,1987-04-01,1987-06-30,0.85,https://www.cpc.ncep.noaa.gov/data/indices/RONI.ascii.txt,Relative ERSSTv6; 1991-2020 baseline; three-month running mean,degrees_C_anomaly,True,True
1987,MJJ,1987-05-01,1987-07-31,0.94,https://www.cpc.ncep.noaa.gov/data/indices/RONI.ascii.txt,Relative ERSSTv6; 1991-2020 baseline; three-month running mean,degrees_C_anomaly,True,True
1987,JJA,1987-06-01,1987-08-31,1.11,https://www.cpc.ncep.noaa.gov/data/indices/RONI.ascii.txt,Relative ERSSTv6; 1991-2020 baseline; three-month running mean,degrees_C_anomaly,True,True
1987,JAS,1987-07-01,1987-09-30,1.3,https://www.cpc.ncep.noaa.gov/data/indices/RONI.ascii.txt,Relative ERSSTv6; 1991-2020 baseline; three-month running mean,degrees_C_anomaly,True,True
1987,ASO,1987-08-01,1987-10-31,1.34,https://www.cpc.ncep.noaa.gov/data/indices/RONI.ascii.txt,Relative ERSSTv6; 1991-2020 baseline; three-month running mean,degrees_C_anomaly,True,True
1987,SON,1987-09-01,1987-11-30,1.2,https://www.cpc.ncep.noaa.gov/data/indices/RONI.ascii.txt,Relative ERSSTv6; 1991-2020 baseline; three-month running mean,degrees_C_anomaly,True,True
1987,OND,1987-10-01,1987-12-31,0.98,https://www.cpc.ncep.noaa.gov/data/indices/RONI.ascii.txt,Relative ERSSTv6; 1991-2020 baseline; three-month running mean,degrees_C_anomaly,True,True
1987,NDJ,1987-11-01,1988-01-31,0.8,https://www.cpc.ncep.noaa.gov/data/indices/RONI.ascii.txt,Relative ERSSTv6; 1991-2020 baseline; three-month running mean,degrees_C_anomaly,True,True
1988,DJF,1987-12-01,1988-02-29,0.45,https://www.cpc.ncep.noaa.gov/data/indices/RONI.ascii.txt,Relative ERSSTv6; 1991-2020 baseline; three-month running mean,degrees_C_anomaly,True,True
1988,JFM,1988-01-01,1988-03-31,0.11,https://www.cpc.ncep.noaa.gov/data/indices/RONI.ascii.txt,Relative ERSSTv6; 1991-2020 baseline; three-month running mean,degrees_C_anomaly,True,True
1988,FMA,1988-02-01,1988-04-30,-0.4,https://www.cpc.ncep.noaa.gov/data/indices/RONI.ascii.txt,Relative ERSSTv6; 1991-2020 baseline; three-month running mean,degrees_C_anomaly,True,True
1988,MAM,1988-03-01,1988-05-31,-0.91,https://www.cpc.ncep.noaa.gov/data/indices/RONI.ascii.txt,Relative ERSSTv6; 1991-2020 baseline; three-month running mean,degrees_C_anomaly,True,True
1988,AMJ,1988-04-01,1988-06-30,-1.49,https://www.cpc.ncep.noaa.gov/data/indices/RONI.ascii.txt,Relative ERSSTv6; 1991-2020 baseline; three-month running mean,degrees_C_anomaly,True,True
1988,MJJ,1988-05-01,1988-07-31,-1.74,https://www.cpc.ncep.noaa.gov/data/indices/RONI.ascii.txt,Relative ERSSTv6; 1991-2020 baseline; three-month running mean,degrees_C_anomaly,True,True
1988,JJA,1988-06-01,1988-08-31,-1.64,https://www.cpc.ncep.noaa.gov/data/indices/RONI.ascii.txt,Relative ERSSTv6; 1991-2020 baseline; three-month running mean,degrees_C_anomaly,True,True
1988,JAS,1988-07-01,1988-09-30,-1.36,https://www.cpc.ncep.noaa.gov/data/indices/RONI.ascii.txt,Relative ERSSTv6; 1991-2020 baseline; three-month running mean,degrees_C_anomaly,True,True
1988,ASO,1988-08-01,1988-10-31,-1.44,https://www.cpc.ncep.noaa.gov/data/indices/RONI.ascii.txt,Relative ERSSTv6; 1991-2020 baseline; three-month running mean,degrees_C_anomaly,True,True
1988,SON,1988-09-01,1988-11-30,-1.71,https://www.cpc.ncep.noaa.gov/data/indices/RONI.ascii.txt,Relative ERSSTv6; 1991-2020 baseline; three-month running mean,degrees_C_anomaly,True,True
1988,OND,1988-10-01,1988-12-31,-1.95,https://www.cpc.ncep.noaa.gov/data/indices/RONI.ascii.txt,Relative ERSSTv6; 1991-2020 baseline; three-month running mean,degrees_C_anomaly,True,True
1988,NDJ,1988-11-01,1989-01-31,-1.94,https://www.cpc.ncep.noaa.gov/data/indices/RONI.ascii.txt,Relative ERSSTv6; 1991-2020 baseline; three-month running mean,degrees_C_anomaly,True,True
1989,DJF,1988-12-01,1989-02-28,-1.64,https://www.cpc.ncep.noaa.gov/data/indices/RONI.ascii.txt,Relative ERSSTv6; 1991-2020 baseline; three-month running mean,degrees_C_anomaly,True,True
1989,JFM,1989-01-01,1989-03-31,-1.37,https://www.cpc.ncep.noaa.gov/data/indices/RONI.ascii.txt,Relative ERSSTv6; 1991-2020 baseline; three-month running mean,degrees_C_anomaly,True,True
1989,FMA,1989-02-01,1989-04-30,-1.11,https://www.cpc.ncep.noaa.gov/data/indices/RONI.ascii.txt,Relative ERSSTv6; 1991-2020 baseline; three-month running mean,degrees_C_anomaly,True,True
1989,MAM,1989-03-01,1989-05-31,-0.89,https://www.cpc.ncep.noaa.gov/data/indices/RONI.ascii.txt,Relative ERSSTv6; 1991-2020 baseline; three-month running mean,degrees_C_anomaly,True,True
1989,AMJ,1989-04-01,1989-06-30,-0.65,https://www.cpc.ncep.noaa.gov/data/indices/RONI.ascii.txt,Relative ERSSTv6; 1991-2020 baseline; three-month running mean,degrees_C_anomaly,True,True
1989,MJJ,1989-05-01,1989-07-31,-0.43,https://www.cpc.ncep.noaa.gov/data/indices/RONI.ascii.txt,Relative ERSSTv6; 1991-2020 baseline; three-month running mean,degrees_C_anomaly,True,True
1989,JJA,1989-06-01,1989-08-31,-0.41,https://www.cpc.ncep.noaa.gov/data/indices/RONI.ascii.txt,Relative ERSSTv6; 1991-2020 baseline; three-month running mean,degrees_C_anomaly,True,True
1989,JAS,1989-07-01,1989-09-30,-0.38,https://www.cpc.ncep.noaa.gov/data/indices/RONI.ascii.txt,Relative ERSSTv6; 1991-2020 baseline; three-month running mean,degrees_C_anomaly,True,True
1989,ASO,1989-08-01,1989-10-31,-0.31,https://www.cpc.ncep.noaa.gov/data/indices/RONI.ascii.txt,Relative ERSSTv6; 1991-2020 baseline; three-month running mean,degrees_C_anomaly,True,True
1989,SON,1989-09-01,1989-11-30,-0.23,https://www.cpc.ncep.noaa.gov/data/indices/RONI.ascii.txt,Relative ERSSTv6; 1991-2020 baseline; three-month running mean,degrees_C_anomaly,True,True
1989,OND,1989-10-01,1989-12-31,-0.08,https://www.cpc.ncep.noaa.gov/data/indices/RONI.ascii.txt,Relative ERSSTv6; 1991-2020 baseline; three-month running mean,degrees_C_anomaly,True,True
1989,NDJ,1989-11-01,1990-01-31,0.06,https://www.cpc.ncep.noaa.gov/data/indices/RONI.ascii.txt,Relative ERSSTv6; 1991-2020 baseline; three-month running mean,degrees_C_anomaly,True,True
1990,DJF,1989-12-01,1990-02-28,0.32,https://www.cpc.ncep.noaa.gov/data/indices/RONI.ascii.txt,Relative ERSSTv6; 1991-2020 baseline; three-month running mean,degrees_C_anomaly,True,True
1990,JFM,1990-01-01,1990-03-31,0.3,https://www.cpc.ncep.noaa.gov/data/indices/RONI.ascii.txt,Relative ERSSTv6; 1991-2020 baseline; three-month running mean,degrees_C_anomaly,True,True
1990,FMA,1990-02-01,1990-04-30,0.32,https://www.cpc.ncep.noaa.gov/data/indices/RONI.ascii.txt,Relative ERSSTv6; 1991-2020 baseline; three-month running mean,degrees_C_anomaly,True,True
1990,MAM,1990-03-01,1990-05-31,0.26,https://www.cpc.ncep.noaa.gov/data/indices/RONI.ascii.txt,Relative ERSSTv6; 1991-2020 baseline; three-month running mean,degrees_C_anomaly,True,True
1990,AMJ,1990-04-01,1990-06-30,0.19,https://www.cpc.ncep.noaa.gov/data/indices/RONI.ascii.txt,Relative ERSSTv6; 1991-2020 baseline; three-month running mean,degrees_C_anomaly,True,True
1990,MJJ,1990-05-01,1990-07-31,0.2,https://www.cpc.ncep.noaa.gov/data/indices/RONI.ascii.txt,Relative ERSSTv6; 1991-2020 baseline; three-month running mean,degrees_C_anomaly,True,True
1990,JJA,1990-06-01,1990-08-31,0.21,https://www.cpc.ncep.noaa.gov/data/indices/RONI.ascii.txt,Relative ERSSTv6; 1991-2020 baseline; three-month running mean,degrees_C_anomaly,True,True
1990,JAS,1990-07-01,1990-09-30,0.33,https://www.cpc.ncep.noaa.gov/data/indices/RONI.ascii.txt,Relative ERSSTv6; 1991-2020 baseline; three-month running mean,degrees_C_anomaly,True,True
1990,ASO,1990-08-01,1990-10-31,0.33,https://www.cpc.ncep.noaa.gov/data/indices/RONI.ascii.txt,Relative ERSSTv6; 1991-2020 baseline; three-month running mean,degrees_C_anomaly,True,True
1990,SON,1990-09-01,1990-11-30,0.27,https://www.cpc.ncep.noaa.gov/data/indices/RONI.ascii.txt,Relative ERSSTv6; 1991-2020 baseline; three-month running mean,degrees_C_anomaly,True,True
1990,OND,1990-10-01,1990-12-31,0.3,https://www.cpc.ncep.noaa.gov/data/indices/RONI.ascii.txt,Relative ERSSTv6; 1991-2020 baseline; three-month running mean,degrees_C_anomaly,True,True
1990,NDJ,1990-11-01,1991-01-31,0.43,https://www.cpc.ncep.noaa.gov/data/indices/RONI.ascii.txt,Relative ERSSTv6; 1991-2020 baseline; three-month running mean,degrees_C_anomaly,True,True
1991,DJF,1990-12-01,1991-02-28,0.57,https://www.cpc.ncep.noaa.gov/data/indices/RONI.ascii.txt,Relative ERSSTv6; 1991-2020 baseline; three-month running mean,degrees_C_anomaly,True,True
1991,JFM,1991-01-01,1991-03-31,0.53,https://www.cpc.ncep.noaa.gov/data/indices/RONI.ascii.txt,Relative ERSSTv6; 1991-2020 baseline; three-month running mean,degrees_C_anomaly,True,True
1991,FMA,1991-02-01,1991-04-30,0.42,https://www.cpc.ncep.noaa.gov/data/indices/RONI.ascii.txt,Relative ERSSTv6; 1991-2020 baseline; three-month running mean,degrees_C_anomaly,True,True
1991,MAM,1991-03-01,1991-05-31,0.42,https://www.cpc.ncep.noaa.gov/data/indices/RONI.ascii.txt,Relative ERSSTv6; 1991-2020 baseline; three-month running mean,degrees_C_anomaly,True,True
1991,AMJ,1991-04-01,1991-06-30,0.56,https://www.cpc.ncep.noaa.gov/data/indices/RONI.ascii.txt,Relative ERSSTv6; 1991-2020 baseline; three-month running mean,degrees_C_anomaly,True,True
1991,MJJ,1991-05-01,1991-07-31,0.7,https://www.cpc.ncep.noaa.gov/data/indices/RONI.ascii.txt,Relative ERSSTv6; 1991-2020 baseline; three-month running mean,degrees_C_anomaly,True,True
1991,JJA,1991-06-01,1991-08-31,0.86,https://www.cpc.ncep.noaa.gov/data/indices/RONI.ascii.txt,Relative ERSSTv6; 1991-2020 baseline; three-month running mean,degrees_C_anomaly,True,True
1991,JAS,1991-07-01,1991-09-30,0.83,https://www.cpc.ncep.noaa.gov/data/indices/RONI.ascii.txt,Relative ERSSTv6; 1991-2020 baseline; three-month running mean,degrees_C_anomaly,True,True
1991,ASO,1991-08-01,1991-10-31,1.01,https://www.cpc.ncep.noaa.gov/data/indices/RONI.ascii.txt,Relative ERSSTv6; 1991-2020 baseline; three-month running mean,degrees_C_anomaly,True,True
1991,SON,1991-09-01,1991-11-30,1.2,https://www.cpc.ncep.noaa.gov/data/indices/RONI.ascii.txt,Relative ERSSTv6; 1991-2020 baseline; three-month running mean,degrees_C_anomaly,True,True
1991,OND,1991-10-01,1991-12-31,1.66,https://www.cpc.ncep.noaa.gov/data/indices/RONI.ascii.txt,Relative ERSSTv6; 1991-2020 baseline; three-month running mean,degrees_C_anomaly,True,True
1991,NDJ,1991-11-01,1992-01-31,1.97,https://www.cpc.ncep.noaa.gov/data/indices/RONI.ascii.txt,Relative ERSSTv6; 1991-2020 baseline; three-month running mean,degrees_C_anomaly,True,True
1992,DJF,1991-12-01,1992-02-29,2.12,https://www.cpc.ncep.noaa.gov/data/indices/RONI.ascii.txt,Relative ERSSTv6; 1991-2020 baseline; three-month running mean,degrees_C_anomaly,True,True
1992,JFM,1992-01-01,1992-03-31,2.08,https://www.cpc.ncep.noaa.gov/data/indices/RONI.ascii.txt,Relative ERSSTv6; 1991-2020 baseline; three-month running mean,degrees_C_anomaly,True,True
1992,FMA,1992-02-01,1992-04-30,1.94,https://www.cpc.ncep.noaa.gov/data/indices/RONI.ascii.txt,Relative ERSSTv6; 1991-2020 baseline; three-month running mean,degrees_C_anomaly,True,True
1992,MAM,1992-03-01,1992-05-31,1.76,https://www.cpc.ncep.noaa.gov/data/indices/RONI.ascii.txt,Relative ERSSTv6; 1991-2020 baseline; three-month running mean,degrees_C_anomaly,True,True
1992,AMJ,1992-04-01,1992-06-30,1.4,https://www.cpc.ncep.noaa.gov/data/indices/RONI.ascii.txt,Relative ERSSTv6; 1991-2020 baseline; three-month running mean,degrees_C_anomaly,True,True
1992,MJJ,1992-05-01,1992-07-31,0.93,https://www.cpc.ncep.noaa.gov/data/indices/RONI.ascii.txt,Relative ERSSTv6; 1991-2020 baseline; three-month running mean,degrees_C_anomaly,True,True
1992,JJA,1992-06-01,1992-08-31,0.52,https://www.cpc.ncep.noaa.gov/data/indices/RONI.ascii.txt,Relative ERSSTv6; 1991-2020 baseline; three-month running mean,degrees_C_anomaly,True,True
1992,JAS,1992-07-01,1992-09-30,0.3,https://www.cpc.ncep.noaa.gov/data/indices/RONI.ascii.txt,Relative ERSSTv6; 1991-2020 baseline; three-month running mean,degrees_C_anomaly,True,True
1992,ASO,1992-08-01,1992-10-31,0.13,https://www.cpc.ncep.noaa.gov/data/indices/RONI.ascii.txt,Relative ERSSTv6; 1991-2020 baseline; three-month running mean,degrees_C_anomaly,True,True
1992,SON,1992-09-01,1992-11-30,0.1,https://www.cpc.ncep.noaa.gov/data/indices/RONI.ascii.txt,Relative ERSSTv6; 1991-2020 baseline; three-month running mean,degrees_C_anomaly,True,True
1992,OND,1992-10-01,1992-12-31,0.12,https://www.cpc.ncep.noaa.gov/data/indices/RONI.ascii.txt,Relative ERSSTv6; 1991-2020 baseline; three-month running mean,degrees_C_anomaly,True,True
1992,NDJ,1992-11-01,1993-01-31,0.35,https://www.cpc.ncep.noaa.gov/data/indices/RONI.ascii.txt,Relative ERSSTv6; 1991-2020 baseline; three-month running mean,degrees_C_anomaly,True,True
1993,DJF,1992-12-01,1993-02-28,0.55,https://www.cpc.ncep.noaa.gov/data/indices/RONI.ascii.txt,Relative ERSSTv6; 1991-2020 baseline; three-month running mean,degrees_C_anomaly,True,True
1993,JFM,1993-01-01,1993-03-31,0.7,https://www.cpc.ncep.noaa.gov/data/indices/RONI.ascii.txt,Relative ERSSTv6; 1991-2020 baseline; three-month running mean,degrees_C_anomaly,True,True
1993,FMA,1993-02-01,1993-04-30,0.86,https://www.cpc.ncep.noaa.gov/data/indices/RONI.ascii.txt,Relative ERSSTv6; 1991-2020 baseline; three-month running mean,degrees_C_anomaly,True,True
1993,MAM,1993-03-01,1993-05-31,1.06,https://www.cpc.ncep.noaa.gov/data/indices/RONI.ascii.txt,Relative ERSSTv6; 1991-2020 baseline; three-month running mean,degrees_C_anomaly,True,True
1993,AMJ,1993-04-01,1993-06-30,1.0,https://www.cpc.ncep.noaa.gov/data/indices/RONI.ascii.txt,Relative ERSSTv6; 1991-2020 baseline; three-month running mean,degrees_C_anomaly,True,True
1993,MJJ,1993-05-01,1993-07-31,0.77,https://www.cpc.ncep.noaa.gov/data/indices/RONI.ascii.txt,Relative ERSSTv6; 1991-2020 baseline; three-month running mean,degrees_C_anomaly,True,True
1993,JJA,1993-06-01,1993-08-31,0.45,https://www.cpc.ncep.noaa.gov/data/indices/RONI.ascii.txt,Relative ERSSTv6; 1991-2020 baseline; three-month running mean,degrees_C_anomaly,True,True
1993,JAS,1993-07-01,1993-09-30,0.46,https://www.cpc.ncep.noaa.gov/data/indices/RONI.ascii.txt,Relative ERSSTv6; 1991-2020 baseline; three-month running mean,degrees_C_anomaly,True,True
1993,ASO,1993-08-01,1993-10-31,0.48,https://www.cpc.ncep.noaa.gov/data/indices/RONI.ascii.txt,Relative ERSSTv6; 1991-2020 baseline; three-month running mean,degrees_C_anomaly,True,True
1993,SON,1993-09-01,1993-11-30,0.46,https://www.cpc.ncep.noaa.gov/data/indices/RONI.ascii.txt,Relative ERSSTv6; 1991-2020 baseline; three-month running mean,degrees_C_anomaly,True,True
1993,OND,1993-10-01,1993-12-31,0.44,https://www.cpc.ncep.noaa.gov/data/indices/RONI.ascii.txt,Relative ERSSTv6; 1991-2020 baseline; three-month running mean,degrees_C_anomaly,True,True
1993,NDJ,1993-11-01,1994-01-31,0.42,https://www.cpc.ncep.noaa.gov/data/indices/RONI.ascii.txt,Relative ERSSTv6; 1991-2020 baseline; three-month running mean,degrees_C_anomaly,True,True
1994,DJF,1993-12-01,1994-02-28,0.33,https://www.cpc.ncep.noaa.gov/data/indices/RONI.ascii.txt,Relative ERSSTv6; 1991-2020 baseline; three-month running mean,degrees_C_anomaly,True,True
1994,JFM,1994-01-01,1994-03-31,0.24,https://www.cpc.ncep.noaa.gov/data/indices/RONI.ascii.txt,Relative ERSSTv6; 1991-2020 baseline; three-month running mean,degrees_C_anomaly,True,True
1994,FMA,1994-02-01,1994-04-30,0.23,https://www.cpc.ncep.noaa.gov/data/indices/RONI.ascii.txt,Relative ERSSTv6; 1991-2020 baseline; three-month running mean,degrees_C_anomaly,True,True
1994,MAM,1994-03-01,1994-05-31,0.32,https://www.cpc.ncep.noaa.gov/data/indices/RONI.ascii.txt,Relative ERSSTv6; 1991-2020 baseline; three-month running mean,degrees_C_anomaly,True,True
1994,AMJ,1994-04-01,1994-06-30,0.4,https://www.cpc.ncep.noaa.gov/data/indices/RONI.ascii.txt,Relative ERSSTv6; 1991-2020 baseline; three-month running mean,degrees_C_anomaly,True,True
1994,MJJ,1994-05-01,1994-07-31,0.41,https://www.cpc.ncep.noaa.gov/data/indices/RONI.ascii.txt,Relative ERSSTv6; 1991-2020 baseline; three-month running mean,degrees_C_anomaly,True,True
1994,JJA,1994-06-01,1994-08-31,0.53,https://www.cpc.ncep.noaa.gov/data/indices/RONI.ascii.txt,Relative ERSSTv6; 1991-2020 baseline; three-month running mean,degrees_C_anomaly,True,True
1994,JAS,1994-07-01,1994-09-30,0.6,https://www.cpc.ncep.noaa.gov/data/indices/RONI.ascii.txt,Relative ERSSTv6; 1991-2020 baseline; three-month running mean,degrees_C_anomaly,True,True
1994,ASO,1994-08-01,1994-10-31,0.79,https://www.cpc.ncep.noaa.gov/data/indices/RONI.ascii.txt,Relative ERSSTv6; 1991-2020 baseline; three-month running mean,degrees_C_anomaly,True,True
1994,SON,1994-09-01,1994-11-30,0.97,https://www.cpc.ncep.noaa.gov/data/indices/RONI.ascii.txt,Relative ERSSTv6; 1991-2020 baseline; three-month running mean,degrees_C_anomaly,True,True
1994,OND,1994-10-01,1994-12-31,1.23,https://www.cpc.ncep.noaa.gov/data/indices/RONI.ascii.txt,Relative ERSSTv6; 1991-2020 baseline; three-month running mean,degrees_C_anomaly,True,True
1994,NDJ,1994-11-01,1995-01-31,1.28,https://www.cpc.ncep.noaa.gov/data/indices/RONI.ascii.txt,Relative ERSSTv6; 1991-2020 baseline; three-month running mean,degrees_C_anomaly,True,True
1995,DJF,1994-12-01,1995-02-28,1.17,https://www.cpc.ncep.noaa.gov/data/indices/RONI.ascii.txt,Relative ERSSTv6; 1991-2020 baseline; three-month running mean,degrees_C_anomaly,True,True
1995,JFM,1995-01-01,1995-03-31,0.86,https://www.cpc.ncep.noaa.gov/data/indices/RONI.ascii.txt,Relative ERSSTv6; 1991-2020 baseline; three-month running mean,degrees_C_anomaly,True,True
1995,FMA,1995-02-01,1995-04-30,0.55,https://www.cpc.ncep.noaa.gov/data/indices/RONI.ascii.txt,Relative ERSSTv6; 1991-2020 baseline; three-month running mean,degrees_C_anomaly,True,True
1995,MAM,1995-03-01,1995-05-31,0.2,https://www.cpc.ncep.noaa.gov/data/indices/RONI.ascii.txt,Relative ERSSTv6; 1991-2020 baseline; three-month running mean,degrees_C_anomaly,True,True
1995,AMJ,1995-04-01,1995-06-30,-0.07,https://www.cpc.ncep.noaa.gov/data/indices/RONI.ascii.txt,Relative ERSSTv6; 1991-2020 baseline; three-month running mean,degrees_C_anomaly,True,True
1995,MJJ,1995-05-01,1995-07-31,-0.23,https://www.cpc.ncep.noaa.gov/data/indices/RONI.ascii.txt,Relative ERSSTv6; 1991-2020 baseline; three-month running mean,degrees_C_anomaly,True,True
1995,JJA,1995-06-01,1995-08-31,-0.41,https://www.cpc.ncep.noaa.gov/data/indices/RONI.ascii.txt,Relative ERSSTv6; 1991-2020 baseline; three-month running mean,degrees_C_anomaly,True,True
1995,JAS,1995-07-01,1995-09-30,-0.57,https://www.cpc.ncep.noaa.gov/data/indices/RONI.ascii.txt,Relative ERSSTv6; 1991-2020 baseline; three-month running mean,degrees_C_anomaly,True,True
1995,ASO,1995-08-01,1995-10-31,-0.76,https://www.cpc.ncep.noaa.gov/data/indices/RONI.ascii.txt,Relative ERSSTv6; 1991-2020 baseline; three-month running mean,degrees_C_anomaly,True,True
1995,SON,1995-09-01,1995-11-30,-0.93,https://www.cpc.ncep.noaa.gov/data/indices/RONI.ascii.txt,Relative ERSSTv6; 1991-2020 baseline; three-month running mean,degrees_C_anomaly,True,True
1995,OND,1995-10-01,1995-12-31,-1.02,https://www.cpc.ncep.noaa.gov/data/indices/RONI.ascii.txt,Relative ERSSTv6; 1991-2020 baseline; three-month running mean,degrees_C_anomaly,True,True
1995,NDJ,1995-11-01,1996-01-31,-0.99,https://www.cpc.ncep.noaa.gov/data/indices/RONI.ascii.txt,Relative ERSSTv6; 1991-2020 baseline; three-month running mean,degrees_C_anomaly,True,True
1996,DJF,1995-12-01,1996-02-29,-0.87,https://www.cpc.ncep.noaa.gov/data/indices/RONI.ascii.txt,Relative ERSSTv6; 1991-2020 baseline; three-month running mean,degrees_C_anomaly,True,True
1996,JFM,1996-01-01,1996-03-31,-0.75,https://www.cpc.ncep.noaa.gov/data/indices/RONI.ascii.txt,Relative ERSSTv6; 1991-2020 baseline; three-month running mean,degrees_C_anomaly,True,True
1996,FMA,1996-02-01,1996-04-30,-0.58,https://www.cpc.ncep.noaa.gov/data/indices/RONI.ascii.txt,Relative ERSSTv6; 1991-2020 baseline; three-month running mean,degrees_C_anomaly,True,True
1996,MAM,1996-03-01,1996-05-31,-0.37,https://www.cpc.ncep.noaa.gov/data/indices/RONI.ascii.txt,Relative ERSSTv6; 1991-2020 baseline; three-month running mean,degrees_C_anomaly,True,True
1996,AMJ,1996-04-01,1996-06-30,-0.25,https://www.cpc.ncep.noaa.gov/data/indices/RONI.ascii.txt,Relative ERSSTv6; 1991-2020 baseline; three-month running mean,degrees_C_anomaly,True,True
1996,MJJ,1996-05-01,1996-07-31,-0.24,https://www.cpc.ncep.noaa.gov/data/indices/RONI.ascii.txt,Relative ERSSTv6; 1991-2020 baseline; three-month running mean,degrees_C_anomaly,True,True
1996,JJA,1996-06-01,1996-08-31,-0.2,https://www.cpc.ncep.noaa.gov/data/indices/RONI.ascii.txt,Relative ERSSTv6; 1991-2020 baseline; three-month running mean,degrees_C_anomaly,True,True
1996,JAS,1996-07-01,1996-09-30,-0.2,https://www.cpc.ncep.noaa.gov/data/indices/RONI.ascii.txt,Relative ERSSTv6; 1991-2020 baseline; three-month running mean,degrees_C_anomaly,True,True
1996,ASO,1996-08-01,1996-10-31,-0.2,https://www.cpc.ncep.noaa.gov/data/indices/RONI.ascii.txt,Relative ERSSTv6; 1991-2020 baseline; three-month running mean,degrees_C_anomaly,True,True
1996,SON,1996-09-01,1996-11-30,-0.25,https://www.cpc.ncep.noaa.gov/data/indices/RONI.ascii.txt,Relative ERSSTv6; 1991-2020 baseline; three-month running mean,degrees_C_anomaly,True,True
1996,OND,1996-10-01,1996-12-31,-0.3,https://www.cpc.ncep.noaa.gov/data/indices/RONI.ascii.txt,Relative ERSSTv6; 1991-2020 baseline; three-month running mean,degrees_C_anomaly,True,True
1996,NDJ,1996-11-01,1997-01-31,-0.29,https://www.cpc.ncep.noaa.gov/data/indices/RONI.ascii.txt,Relative ERSSTv6; 1991-2020 baseline; three-month running mean,degrees_C_anomaly,True,True
1997,DJF,1996-12-01,1997-02-28,-0.21,https://www.cpc.ncep.noaa.gov/data/indices/RONI.ascii.txt,Relative ERSSTv6; 1991-2020 baseline; three-month running mean,degrees_C_anomaly,True,True
1997,JFM,1997-01-01,1997-03-31,-0.03,https://www.cpc.ncep.noaa.gov/data/indices/RONI.ascii.txt,Relative ERSSTv6; 1991-2020 baseline; three-month running mean,degrees_C_anomaly,True,True
1997,FMA,1997-02-01,1997-04-30,0.17,https://www.cpc.ncep.noaa.gov/data/indices/RONI.ascii.txt,Relative ERSSTv6; 1991-2020 baseline; three-month running mean,degrees_C_anomaly,True,True
1997,MAM,1997-03-01,1997-05-31,0.47,https://www.cpc.ncep.noaa.gov/data/indices/RONI.ascii.txt,Relative ERSSTv6; 1991-2020 baseline; three-month running mean,degrees_C_anomaly,True,True
1997,AMJ,1997-04-01,1997-06-30,0.83,https://www.cpc.ncep.noaa.gov/data/indices/RONI.ascii.txt,Relative ERSSTv6; 1991-2020 baseline; three-month running mean,degrees_C_anomaly,True,True
1997,MJJ,1997-05-01,1997-07-31,1.2,https://www.cpc.ncep.noaa.gov/data/indices/RONI.ascii.txt,Relative ERSSTv6; 1991-2020 baseline; three-month running mean,degrees_C_anomaly,True,True
1997,JJA,1997-06-01,1997-08-31,1.5,https://www.cpc.ncep.noaa.gov/data/indices/RONI.ascii.txt,Relative ERSSTv6; 1991-2020 baseline; three-month running mean,degrees_C_anomaly,True,True
1997,JAS,1997-07-01,1997-09-30,1.84,https://www.cpc.ncep.noaa.gov/data/indices/RONI.ascii.txt,Relative ERSSTv6; 1991-2020 baseline; three-month running mean,degrees_C_anomaly,True,True
1997,ASO,1997-08-01,1997-10-31,2.07,https://www.cpc.ncep.noaa.gov/data/indices/RONI.ascii.txt,Relative ERSSTv6; 1991-2020 baseline; three-month running mean,degrees_C_anomaly,True,True
1997,SON,1997-09-01,1997-11-30,2.22,https://www.cpc.ncep.noaa.gov/data/indices/RONI.ascii.txt,Relative ERSSTv6; 1991-2020 baseline; three-month running mean,degrees_C_anomaly,True,True
1997,OND,1997-10-01,1997-12-31,2.25,https://www.cpc.ncep.noaa.gov/data/indices/RONI.ascii.txt,Relative ERSSTv6; 1991-2020 baseline; three-month running mean,degrees_C_anomaly,True,True
1997,NDJ,1997-11-01,1998-01-31,2.28,https://www.cpc.ncep.noaa.gov/data/indices/RONI.ascii.txt,Relative ERSSTv6; 1991-2020 baseline; three-month running mean,degrees_C_anomaly,True,True
1998,DJF,1997-12-01,1998-02-28,2.13,https://www.cpc.ncep.noaa.gov/data/indices/RONI.ascii.txt,Relative ERSSTv6; 1991-2020 baseline; three-month running mean,degrees_C_anomaly,True,True
1998,JFM,1998-01-01,1998-03-31,1.82,https://www.cpc.ncep.noaa.gov/data/indices/RONI.ascii.txt,Relative ERSSTv6; 1991-2020 baseline; three-month running mean,degrees_C_anomaly,True,True
1998,FMA,1998-02-01,1998-04-30,1.22,https://www.cpc.ncep.noaa.gov/data/indices/RONI.ascii.txt,Relative ERSSTv6; 1991-2020 baseline; three-month running mean,degrees_C_anomaly,True,True
1998,MAM,1998-03-01,1998-05-31,0.81,https://www.cpc.ncep.noaa.gov/data/indices/RONI.ascii.txt,Relative ERSSTv6; 1991-2020 baseline; three-month running mean,degrees_C_anomaly,True,True
1998,AMJ,1998-04-01,1998-06-30,0.07,https://www.cpc.ncep.noaa.gov/data/indices/RONI.ascii.txt,Relative ERSSTv6; 1991-2020 baseline; three-month running mean,degrees_C_anomaly,True,True
1998,MJJ,1998-05-01,1998-07-31,-0.46,https://www.cpc.ncep.noaa.gov/data/indices/RONI.ascii.txt,Relative ERSSTv6; 1991-2020 baseline; three-month running mean,degrees_C_anomaly,True,True
1998,JJA,1998-06-01,1998-08-31,-1.05,https://www.cpc.ncep.noaa.gov/data/indices/RONI.ascii.txt,Relative ERSSTv6; 1991-2020 baseline; three-month running mean,degrees_C_anomaly,True,True
1998,JAS,1998-07-01,1998-09-30,-1.14,https://www.cpc.ncep.noaa.gov/data/indices/RONI.ascii.txt,Relative ERSSTv6; 1991-2020 baseline; three-month running mean,degrees_C_anomaly,True,True
1998,ASO,1998-08-01,1998-10-31,-1.24,https://www.cpc.ncep.noaa.gov/data/indices/RONI.ascii.txt,Relative ERSSTv6; 1991-2020 baseline; three-month running mean,degrees_C_anomaly,True,True
1998,SON,1998-09-01,1998-11-30,-1.33,https://www.cpc.ncep.noaa.gov/data/indices/RONI.ascii.txt,Relative ERSSTv6; 1991-2020 baseline; three-month running mean,degrees_C_anomaly,True,True
1998,OND,1998-10-01,1998-12-31,-1.51,https://www.cpc.ncep.noaa.gov/data/indices/RONI.ascii.txt,Relative ERSSTv6; 1991-2020 baseline; three-month running mean,degrees_C_anomaly,True,True
1998,NDJ,1998-11-01,1999-01-31,-1.61,https://www.cpc.ncep.noaa.gov/data/indices/RONI.ascii.txt,Relative ERSSTv6; 1991-2020 baseline; three-month running mean,degrees_C_anomaly,True,True
1999,DJF,1998-12-01,1999-02-28,-1.56,https://www.cpc.ncep.noaa.gov/data/indices/RONI.ascii.txt,Relative ERSSTv6; 1991-2020 baseline; three-month running mean,degrees_C_anomaly,True,True
1999,JFM,1999-01-01,1999-03-31,-1.28,https://www.cpc.ncep.noaa.gov/data/indices/RONI.ascii.txt,Relative ERSSTv6; 1991-2020 baseline; three-month running mean,degrees_C_anomaly,True,True
1999,FMA,1999-02-01,1999-04-30,-0.99,https://www.cpc.ncep.noaa.gov/data/indices/RONI.ascii.txt,Relative ERSSTv6; 1991-2020 baseline; three-month running mean,degrees_C_anomaly,True,True
1999,MAM,1999-03-01,1999-05-31,-0.88,https://www.cpc.ncep.noaa.gov/data/indices/RONI.ascii.txt,Relative ERSSTv6; 1991-2020 baseline; three-month running mean,degrees_C_anomaly,True,True
1999,AMJ,1999-04-01,1999-06-30,-0.81,https://www.cpc.ncep.noaa.gov/data/indices/RONI.ascii.txt,Relative ERSSTv6; 1991-2020 baseline; three-month running mean,degrees_C_anomaly,True,True
1999,MJJ,1999-05-01,1999-07-31,-0.82,https://www.cpc.ncep.noaa.gov/data/indices/RONI.ascii.txt,Relative ERSSTv6; 1991-2020 baseline; three-month running mean,degrees_C_anomaly,True,True
1999,JJA,1999-06-01,1999-08-31,-0.83,https://www.cpc.ncep.noaa.gov/data/indices/RONI.ascii.txt,Relative ERSSTv6; 1991-2020 baseline; three-month running mean,degrees_C_anomaly,True,True
1999,JAS,1999-07-01,1999-09-30,-0.86,https://www.cpc.ncep.noaa.gov/data/indices/RONI.ascii.txt,Relative ERSSTv6; 1991-2020 baseline; three-month running mean,degrees_C_anomaly,True,True
1999,ASO,1999-08-01,1999-10-31,-0.87,https://www.cpc.ncep.noaa.gov/data/indices/RONI.ascii.txt,Relative ERSSTv6; 1991-2020 baseline; three-month running mean,degrees_C_anomaly,True,True
1999,SON,1999-09-01,1999-11-30,-1.06,https://www.cpc.ncep.noaa.gov/data/indices/RONI.ascii.txt,Relative ERSSTv6; 1991-2020 baseline; three-month running mean,degrees_C_anomaly,True,True
1999,OND,1999-10-01,1999-12-31,-1.33,https://www.cpc.ncep.noaa.gov/data/indices/RONI.ascii.txt,Relative ERSSTv6; 1991-2020 baseline; three-month running mean,degrees_C_anomaly,True,True
1999,NDJ,1999-11-01,2000-01-31,-1.56,https://www.cpc.ncep.noaa.gov/data/indices/RONI.ascii.txt,Relative ERSSTv6; 1991-2020 baseline; three-month running mean,degrees_C_anomaly,True,True
2000,DJF,1999-12-01,2000-02-29,-1.5,https://www.cpc.ncep.noaa.gov/data/indices/RONI.ascii.txt,Relative ERSSTv6; 1991-2020 baseline; three-month running mean,degrees_C_anomaly,True,True
2000,JFM,2000-01-01,2000-03-31,-1.31,https://www.cpc.ncep.noaa.gov/data/indices/RONI.ascii.txt,Relative ERSSTv6; 1991-2020 baseline; three-month running mean,degrees_C_anomaly,True,True
2000,FMA,2000-02-01,2000-04-30,-1.06,https://www.cpc.ncep.noaa.gov/data/indices/RONI.ascii.txt,Relative ERSSTv6; 1991-2020 baseline; three-month running mean,degrees_C_anomaly,True,True
2000,MAM,2000-03-01,2000-05-31,-0.88,https://www.cpc.ncep.noaa.gov/data/indices/RONI.ascii.txt,Relative ERSSTv6; 1991-2020 baseline; three-month running mean,degrees_C_anomaly,True,True
2000,AMJ,2000-04-01,2000-06-30,-0.68,https://www.cpc.ncep.noaa.gov/data/indices/RONI.ascii.txt,Relative ERSSTv6; 1991-2020 baseline; three-month running mean,degrees_C_anomaly,True,True
2000,MJJ,2000-05-01,2000-07-31,-0.54,https://www.cpc.ncep.noaa.gov/data/indices/RONI.ascii.txt,Relative ERSSTv6; 1991-2020 baseline; three-month running mean,degrees_C_anomaly,True,True
2000,JJA,2000-06-01,2000-08-31,-0.35,https://www.cpc.ncep.noaa.gov/data/indices/RONI.ascii.txt,Relative ERSSTv6; 1991-2020 baseline; three-month running mean,degrees_C_anomaly,True,True
2000,JAS,2000-07-01,2000-09-30,-0.29,https://www.cpc.ncep.noaa.gov/data/indices/RONI.ascii.txt,Relative ERSSTv6; 1991-2020 baseline; three-month running mean,degrees_C_anomaly,True,True
2000,ASO,2000-08-01,2000-10-31,-0.36,https://www.cpc.ncep.noaa.gov/data/indices/RONI.ascii.txt,Relative ERSSTv6; 1991-2020 baseline; three-month running mean,degrees_C_anomaly,True,True
2000,SON,2000-09-01,2000-11-30,-0.55,https://www.cpc.ncep.noaa.gov/data/indices/RONI.ascii.txt,Relative ERSSTv6; 1991-2020 baseline; three-month running mean,degrees_C_anomaly,True,True
2000,OND,2000-10-01,2000-12-31,-0.79,https://www.cpc.ncep.noaa.gov/data/indices/RONI.ascii.txt,Relative ERSSTv6; 1991-2020 baseline; three-month running mean,degrees_C_anomaly,True,True
2000,NDJ,2000-11-01,2001-01-31,-0.82,https://www.cpc.ncep.noaa.gov/data/indices/RONI.ascii.txt,Relative ERSSTv6; 1991-2020 baseline; three-month running mean,degrees_C_anomaly,True,True
2001,DJF,2000-12-01,2001-02-28,-0.79,https://www.cpc.ncep.noaa.gov/data/indices/RONI.ascii.txt,Relative ERSSTv6; 1991-2020 baseline; three-month running mean,degrees_C_anomaly,True,True
2001,JFM,2001-01-01,2001-03-31,-0.62,https://www.cpc.ncep.noaa.gov/data/indices/RONI.ascii.txt,Relative ERSSTv6; 1991-2020 baseline; three-month running mean,degrees_C_anomaly,True,True
2001,FMA,2001-02-01,2001-04-30,-0.55,https://www.cpc.ncep.noaa.gov/data/indices/RONI.ascii.txt,Relative ERSSTv6; 1991-2020 baseline; three-month running mean,degrees_C_anomaly,True,True
2001,MAM,2001-03-01,2001-05-31,-0.41,https://www.cpc.ncep.noaa.gov/data/indices/RONI.ascii.txt,Relative ERSSTv6; 1991-2020 baseline; three-month running mean,degrees_C_anomaly,True,True
2001,AMJ,2001-04-01,2001-06-30,-0.28,https://www.cpc.ncep.noaa.gov/data/indices/RONI.ascii.txt,Relative ERSSTv6; 1991-2020 baseline; three-month running mean,degrees_C_anomaly,True,True
2001,MJJ,2001-05-01,2001-07-31,-0.08,https://www.cpc.ncep.noaa.gov/data/indices/RONI.ascii.txt,Relative ERSSTv6; 1991-2020 baseline; three-month running mean,degrees_C_anomaly,True,True
2001,JJA,2001-06-01,2001-08-31,0.01,https://www.cpc.ncep.noaa.gov/data/indices/RONI.ascii.txt,Relative ERSSTv6; 1991-2020 baseline; three-month running mean,degrees_C_anomaly,True,True
2001,JAS,2001-07-01,2001-09-30,-0.02,https://www.cpc.ncep.noaa.gov/data/indices/RONI.ascii.txt,Relative ERSSTv6; 1991-2020 baseline; three-month running mean,degrees_C_anomaly,True,True
2001,ASO,2001-08-01,2001-10-31,-0.05,https://www.cpc.ncep.noaa.gov/data/indices/RONI.ascii.txt,Relative ERSSTv6; 1991-2020 baseline; three-month running mean,degrees_C_anomaly,True,True
2001,SON,2001-09-01,2001-11-30,-0.18,https://www.cpc.ncep.noaa.gov/data/indices/RONI.ascii.txt,Relative ERSSTv6; 1991-2020 baseline; three-month running mean,degrees_C_anomaly,True,True
2001,OND,2001-10-01,2001-12-31,-0.27,https://www.cpc.ncep.noaa.gov/data/indices/RONI.ascii.txt,Relative ERSSTv6; 1991-2020 baseline; three-month running mean,degrees_C_anomaly,True,True
2001,NDJ,2001-11-01,2002-01-31,-0.32,https://www.cpc.ncep.noaa.gov/data/indices/RONI.ascii.txt,Relative ERSSTv6; 1991-2020 baseline; three-month running mean,degrees_C_anomaly,True,True
2002,DJF,2001-12-01,2002-02-28,-0.16,https://www.cpc.ncep.noaa.gov/data/indices/RONI.ascii.txt,Relative ERSSTv6; 1991-2020 baseline; three-month running mean,degrees_C_anomaly,True,True
2002,JFM,2002-01-01,2002-03-31,0.01,https://www.cpc.ncep.noaa.gov/data/indices/RONI.ascii.txt,Relative ERSSTv6; 1991-2020 baseline; three-month running mean,degrees_C_anomaly,True,True
2002,FMA,2002-02-01,2002-04-30,0.03,https://www.cpc.ncep.noaa.gov/data/indices/RONI.ascii.txt,Relative ERSSTv6; 1991-2020 baseline; three-month running mean,degrees_C_anomaly,True,True
2002,MAM,2002-03-01,2002-05-31,0.05,https://www.cpc.ncep.noaa.gov/data/indices/RONI.ascii.txt,Relative ERSSTv6; 1991-2020 baseline; three-month running mean,degrees_C_anomaly,True,True
2002,AMJ,2002-04-01,2002-06-30,0.22,https://www.cpc.ncep.noaa.gov/data/indices/RONI.ascii.txt,Relative ERSSTv6; 1991-2020 baseline; three-month running mean,degrees_C_anomaly,True,True
2002,MJJ,2002-05-01,2002-07-31,0.44,https://www.cpc.ncep.noaa.gov/data/indices/RONI.ascii.txt,Relative ERSSTv6; 1991-2020 baseline; three-month running mean,degrees_C_anomaly,True,True
2002,JJA,2002-06-01,2002-08-31,0.64,https://www.cpc.ncep.noaa.gov/data/indices/RONI.ascii.txt,Relative ERSSTv6; 1991-2020 baseline; three-month running mean,degrees_C_anomaly,True,True
2002,JAS,2002-07-01,2002-09-30,0.8,https://www.cpc.ncep.noaa.gov/data/indices/RONI.ascii.txt,Relative ERSSTv6; 1991-2020 baseline; three-month running mean,degrees_C_anomaly,True,True
2002,ASO,2002-08-01,2002-10-31,0.97,https://www.cpc.ncep.noaa.gov/data/indices/RONI.ascii.txt,Relative ERSSTv6; 1991-2020 baseline; three-month running mean,degrees_C_anomaly,True,True
2002,SON,2002-09-01,2002-11-30,1.18,https://www.cpc.ncep.noaa.gov/data/indices/RONI.ascii.txt,Relative ERSSTv6; 1991-2020 baseline; three-month running mean,degrees_C_anomaly,True,True
2002,OND,2002-10-01,2002-12-31,1.33,https://www.cpc.ncep.noaa.gov/data/indices/RONI.ascii.txt,Relative ERSSTv6; 1991-2020 baseline; three-month running mean,degrees_C_anomaly,True,True
2002,NDJ,2002-11-01,2003-01-31,1.13,https://www.cpc.ncep.noaa.gov/data/indices/RONI.ascii.txt,Relative ERSSTv6; 1991-2020 baseline; three-month running mean,degrees_C_anomaly,True,True
2003,DJF,2002-12-01,2003-02-28,0.85,https://www.cpc.ncep.noaa.gov/data/indices/RONI.ascii.txt,Relative ERSSTv6; 1991-2020 baseline; three-month running mean,degrees_C_anomaly,True,True
2003,JFM,2003-01-01,2003-03-31,0.47,https://www.cpc.ncep.noaa.gov/data/indices/RONI.ascii.txt,Relative ERSSTv6; 1991-2020 baseline; three-month running mean,degrees_C_anomaly,True,True
2003,FMA,2003-02-01,2003-04-30,0.23,https://www.cpc.ncep.noaa.gov/data/indices/RONI.ascii.txt,Relative ERSSTv6; 1991-2020 baseline; three-month running mean,degrees_C_anomaly,True,True
2003,MAM,2003-03-01,2003-05-31,-0.19,https://www.cpc.ncep.noaa.gov/data/indices/RONI.ascii.txt,Relative ERSSTv6; 1991-2020 baseline; three-month running mean,degrees_C_anomaly,True,True
2003,AMJ,2003-04-01,2003-06-30,-0.34,https://www.cpc.ncep.noaa.gov/data/indices/RONI.ascii.txt,Relative ERSSTv6; 1991-2020 baseline; three-month running mean,degrees_C_anomaly,True,True
2003,MJJ,2003-05-01,2003-07-31,-0.24,https://www.cpc.ncep.noaa.gov/data/indices/RONI.ascii.txt,Relative ERSSTv6; 1991-2020 baseline; three-month running mean,degrees_C_anomaly,True,True
2003,JJA,2003-06-01,2003-08-31,0.04,https://www.cpc.ncep.noaa.gov/data/indices/RONI.ascii.txt,Relative ERSSTv6; 1991-2020 baseline; three-month running mean,degrees_C_anomaly,True,True
2003,JAS,2003-07-01,2003-09-30,0.09,https://www.cpc.ncep.noaa.gov/data/indices/RONI.ascii.txt,Relative ERSSTv6; 1991-2020 baseline; three-month running mean,degrees_C_anomaly,True,True
2003,ASO,2003-08-01,2003-10-31,0.17,https://www.cpc.ncep.noaa.gov/data/indices/RONI.ascii.txt,Relative ERSSTv6; 1991-2020 baseline; three-month running mean,degrees_C_anomaly,True,True
2003,SON,2003-09-01,2003-11-30,0.17,https://www.cpc.ncep.noaa.gov/data/indices/RONI.ascii.txt,Relative ERSSTv6; 1991-2020 baseline; three-month running mean,degrees_C_anomaly,True,True
2003,OND,2003-10-01,2003-12-31,0.25,https://www.cpc.ncep.noaa.gov/data/indices/RONI.ascii.txt,Relative ERSSTv6; 1991-2020 baseline; three-month running mean,degrees_C_anomaly,True,True
2003,NDJ,2003-11-01,2004-01-31,0.22,https://www.cpc.ncep.noaa.gov/data/indices/RONI.ascii.txt,Relative ERSSTv6; 1991-2020 baseline; three-month running mean,degrees_C_anomaly,True,True
2004,DJF,2003-12-01,2004-02-29,0.23,https://www.cpc.ncep.noaa.gov/data/indices/RONI.ascii.txt,Relative ERSSTv6; 1991-2020 baseline; three-month running mean,degrees_C_anomaly,True,True
2004,JFM,2004-01-01,2004-03-31,0.12,https://www.cpc.ncep.noaa.gov/data/indices/RONI.ascii.txt,Relative ERSSTv6; 1991-2020 baseline; three-month running mean,degrees_C_anomaly,True,True
2004,FMA,2004-02-01,2004-04-30,0.07,https://www.cpc.ncep.noaa.gov/data/indices/RONI.ascii.txt,Relative ERSSTv6; 1991-2020 baseline; three-month running mean,degrees_C_anomaly,True,True
2004,MAM,2004-03-01,2004-05-31,0.09,https://www.cpc.ncep.noaa.gov/data/indices/RONI.ascii.txt,Relative ERSSTv6; 1991-2020 baseline; three-month running mean,degrees_C_anomaly,True,True
2004,AMJ,2004-04-01,2004-06-30,0.18,https://www.cpc.ncep.noaa.gov/data/indices/RONI.ascii.txt,Relative ERSSTv6; 1991-2020 baseline; three-month running mean,degrees_C_anomaly,True,True
2004,MJJ,2004-05-01,2004-07-31,0.36,https://www.cpc.ncep.noaa.gov/data/indices/RONI.ascii.txt,Relative ERSSTv6; 1991-2020 baseline; three-month running mean,degrees_C_anomaly,True,True
2004,JJA,2004-06-01,2004-08-31,0.54,https://www.cpc.ncep.noaa.gov/data/indices/RONI.ascii.txt,Relative ERSSTv6; 1991-2020 baseline; three-month running mean,degrees_C_anomaly,True,True
2004,JAS,2004-07-01,2004-09-30,0.69,https://www.cpc.ncep.noaa.gov/data/indices/RONI.ascii.txt,Relative ERSSTv6; 1991-2020 baseline; three-month running mean,degrees_C_anomaly,True,True
2004,ASO,2004-08-01,2004-10-31,0.71,https://www.cpc.ncep.noaa.gov/data/indices/RONI.ascii.txt,Relative ERSSTv6; 1991-2020 baseline; three-month running mean,degrees_C_anomaly,True,True
2004,SON,2004-09-01,2004-11-30,0.7,https://www.cpc.ncep.noaa.gov/data/indices/RONI.ascii.txt,Relative ERSSTv6; 1991-2020 baseline; three-month running mean,degrees_C_anomaly,True,True
2004,OND,2004-10-01,2004-12-31,0.7,https://www.cpc.ncep.noaa.gov/data/indices/RONI.ascii.txt,Relative ERSSTv6; 1991-2020 baseline; three-month running mean,degrees_C_anomaly,True,True
2004,NDJ,2004-11-01,2005-01-31,0.69,https://www.cpc.ncep.noaa.gov/data/indices/RONI.ascii.txt,Relative ERSSTv6; 1991-2020 baseline; three-month running mean,degrees_C_anomaly,True,True
2005,DJF,2004-12-01,2005-02-28,0.54,https://www.cpc.ncep.noaa.gov/data/indices/RONI.ascii.txt,Relative ERSSTv6; 1991-2020 baseline; three-month running mean,degrees_C_anomaly,True,True
2005,JFM,2005-01-01,2005-03-31,0.4,https://www.cpc.ncep.noaa.gov/data/indices/RONI.ascii.txt,Relative ERSSTv6; 1991-2020 baseline; three-month running mean,degrees_C_anomaly,True,True
2005,FMA,2005-02-01,2005-04-30,0.26,https://www.cpc.ncep.noaa.gov/data/indices/RONI.ascii.txt,Relative ERSSTv6; 1991-2020 baseline; three-month running mean,degrees_C_anomaly,True,True
2005,MAM,2005-03-01,2005-05-31,0.25,https://www.cpc.ncep.noaa.gov/data/indices/RONI.ascii.txt,Relative ERSSTv6; 1991-2020 baseline; three-month running mean,degrees_C_anomaly,True,True
2005,AMJ,2005-04-01,2005-06-30,0.2,https://www.cpc.ncep.noaa.gov/data/indices/RONI.ascii.txt,Relative ERSSTv6; 1991-2020 baseline; three-month running mean,degrees_C_anomaly,True,True
2005,MJJ,2005-05-01,2005-07-31,0.05,https://www.cpc.ncep.noaa.gov/data/indices/RONI.ascii.txt,Relative ERSSTv6; 1991-2020 baseline; three-month running mean,degrees_C_anomaly,True,True
2005,JJA,2005-06-01,2005-08-31,-0.06,https://www.cpc.ncep.noaa.gov/data/indices/RONI.ascii.txt,Relative ERSSTv6; 1991-2020 baseline; three-month running mean,degrees_C_anomaly,True,True
2005,JAS,2005-07-01,2005-09-30,-0.11,https://www.cpc.ncep.noaa.gov/data/indices/RONI.ascii.txt,Relative ERSSTv6; 1991-2020 baseline; three-month running mean,degrees_C_anomaly,True,True
2005,ASO,2005-08-01,2005-10-31,-0.04,https://www.cpc.ncep.noaa.gov/data/indices/RONI.ascii.txt,Relative ERSSTv6; 1991-2020 baseline; three-month running mean,degrees_C_anomaly,True,True
2005,SON,2005-09-01,2005-11-30,-0.18,https://www.cpc.ncep.noaa.gov/data/indices/RONI.ascii.txt,Relative ERSSTv6; 1991-2020 baseline; three-month running mean,degrees_C_anomaly,True,True
2005,OND,2005-10-01,2005-12-31,-0.5,https://www.cpc.ncep.noaa.gov/data/indices/RONI.ascii.txt,Relative ERSSTv6; 1991-2020 baseline; three-month running mean,degrees_C_anomaly,True,True
2005,NDJ,2005-11-01,2006-01-31,-0.81,https://www.cpc.ncep.noaa.gov/data/indices/RONI.ascii.txt,Relative ERSSTv6; 1991-2020 baseline; three-month running mean,degrees_C_anomaly,True,True
2006,DJF,2005-12-01,2006-02-28,-0.9,https://www.cpc.ncep.noaa.gov/data/indices/RONI.ascii.txt,Relative ERSSTv6; 1991-2020 baseline; three-month running mean,degrees_C_anomaly,True,True
2006,JFM,2006-01-01,2006-03-31,-0.87,https://www.cpc.ncep.noaa.gov/data/indices/RONI.ascii.txt,Relative ERSSTv6; 1991-2020 baseline; three-month running mean,degrees_C_anomaly,True,True
2006,FMA,2006-02-01,2006-04-30,-0.69,https://www.cpc.ncep.noaa.gov/data/indices/RONI.ascii.txt,Relative ERSSTv6; 1991-2020 baseline; three-month running mean,degrees_C_anomaly,True,True
2006,MAM,2006-03-01,2006-05-31,-0.49,https://www.cpc.ncep.noaa.gov/data/indices/RONI.ascii.txt,Relative ERSSTv6; 1991-2020 baseline; three-month running mean,degrees_C_anomaly,True,True
2006,AMJ,2006-04-01,2006-06-30,-0.19,https://www.cpc.ncep.noaa.gov/data/indices/RONI.ascii.txt,Relative ERSSTv6; 1991-2020 baseline; three-month running mean,degrees_C_anomaly,True,True
2006,MJJ,2006-05-01,2006-07-31,-0.05,https://www.cpc.ncep.noaa.gov/data/indices/RONI.ascii.txt,Relative ERSSTv6; 1991-2020 baseline; three-month running mean,degrees_C_anomaly,True,True
2006,JJA,2006-06-01,2006-08-31,0.15,https://www.cpc.ncep.noaa.gov/data/indices/RONI.ascii.txt,Relative ERSSTv6; 1991-2020 baseline; three-month running mean,degrees_C_anomaly,True,True
2006,JAS,2006-07-01,2006-09-30,0.36,https://www.cpc.ncep.noaa.gov/data/indices/RONI.ascii.txt,Relative ERSSTv6; 1991-2020 baseline; three-month running mean,degrees_C_anomaly,True,True
2006,ASO,2006-08-01,2006-10-31,0.57,https://www.cpc.ncep.noaa.gov/data/indices/RONI.ascii.txt,Relative ERSSTv6; 1991-2020 baseline; three-month running mean,degrees_C_anomaly,True,True
2006,SON,2006-09-01,2006-11-30,0.73,https://www.cpc.ncep.noaa.gov/data/indices/RONI.ascii.txt,Relative ERSSTv6; 1991-2020 baseline; three-month running mean,degrees_C_anomaly,True,True
2006,OND,2006-10-01,2006-12-31,0.91,https://www.cpc.ncep.noaa.gov/data/indices/RONI.ascii.txt,Relative ERSSTv6; 1991-2020 baseline; three-month running mean,degrees_C_anomaly,True,True
2006,NDJ,2006-11-01,2007-01-31,0.89,https://www.cpc.ncep.noaa.gov/data/indices/RONI.ascii.txt,Relative ERSSTv6; 1991-2020 baseline; three-month running mean,degrees_C_anomaly,True,True
2007,DJF,2006-12-01,2007-02-28,0.6,https://www.cpc.ncep.noaa.gov/data/indices/RONI.ascii.txt,Relative ERSSTv6; 1991-2020 baseline; three-month running mean,degrees_C_anomaly,True,True
2007,JFM,2007-01-01,2007-03-31,0.16,https://www.cpc.ncep.noaa.gov/data/indices/RONI.ascii.txt,Relative ERSSTv6; 1991-2020 baseline; three-month running mean,degrees_C_anomaly,True,True
2007,FMA,2007-02-01,2007-04-30,-0.15,https://www.cpc.ncep.noaa.gov/data/indices/RONI.ascii.txt,Relative ERSSTv6; 1991-2020 baseline; three-month running mean,degrees_C_anomaly,True,True
2007,MAM,2007-03-01,2007-05-31,-0.33,https://www.cpc.ncep.noaa.gov/data/indices/RONI.ascii.txt,Relative ERSSTv6; 1991-2020 baseline; three-month running mean,degrees_C_anomaly,True,True
2007,AMJ,2007-04-01,2007-06-30,-0.36,https://www.cpc.ncep.noaa.gov/data/indices/RONI.ascii.txt,Relative ERSSTv6; 1991-2020 baseline; three-month running mean,degrees_C_anomaly,True,True
2007,MJJ,2007-05-01,2007-07-31,-0.44,https://www.cpc.ncep.noaa.gov/data/indices/RONI.ascii.txt,Relative ERSSTv6; 1991-2020 baseline; three-month running mean,degrees_C_anomaly,True,True
2007,JJA,2007-06-01,2007-08-31,-0.5,https://www.cpc.ncep.noaa.gov/data/indices/RONI.ascii.txt,Relative ERSSTv6; 1991-2020 baseline; three-month running mean,degrees_C_anomaly,True,True
2007,JAS,2007-07-01,2007-09-30,-0.79,https://www.cpc.ncep.noaa.gov/data/indices/RONI.ascii.txt,Relative ERSSTv6; 1991-2020 baseline; three-month running mean,degrees_C_anomaly,True,True
2007,ASO,2007-08-01,2007-10-31,-1.04,https://www.cpc.ncep.noaa.gov/data/indices/RONI.ascii.txt,Relative ERSSTv6; 1991-2020 baseline; three-month running mean,degrees_C_anomaly,True,True
2007,SON,2007-09-01,2007-11-30,-1.33,https://www.cpc.ncep.noaa.gov/data/indices/RONI.ascii.txt,Relative ERSSTv6; 1991-2020 baseline; three-month running mean,degrees_C_anomaly,True,True
2007,OND,2007-10-01,2007-12-31,-1.49,https://www.cpc.ncep.noaa.gov/data/indices/RONI.ascii.txt,Relative ERSSTv6; 1991-2020 baseline; three-month running mean,degrees_C_anomaly,True,True
2007,NDJ,2007-11-01,2008-01-31,-1.65,https://www.cpc.ncep.noaa.gov/data/indices/RONI.ascii.txt,Relative ERSSTv6; 1991-2020 baseline; three-month running mean,degrees_C_anomaly,True,True
2008,DJF,2007-12-01,2008-02-29,-1.73,https://www.cpc.ncep.noaa.gov/data/indices/RONI.ascii.txt,Relative ERSSTv6; 1991-2020 baseline; three-month running mean,degrees_C_anomaly,True,True
2008,JFM,2008-01-01,2008-03-31,-1.62,https://www.cpc.ncep.noaa.gov/data/indices/RONI.ascii.txt,Relative ERSSTv6; 1991-2020 baseline; three-month running mean,degrees_C_anomaly,True,True
2008,FMA,2008-02-01,2008-04-30,-1.39,https://www.cpc.ncep.noaa.gov/data/indices/RONI.ascii.txt,Relative ERSSTv6; 1991-2020 baseline; three-month running mean,degrees_C_anomaly,True,True
2008,MAM,2008-03-01,2008-05-31,-1.04,https://www.cpc.ncep.noaa.gov/data/indices/RONI.ascii.txt,Relative ERSSTv6; 1991-2020 baseline; three-month running mean,degrees_C_anomaly,True,True
2008,AMJ,2008-04-01,2008-06-30,-0.8,https://www.cpc.ncep.noaa.gov/data/indices/RONI.ascii.txt,Relative ERSSTv6; 1991-2020 baseline; three-month running mean,degrees_C_anomaly,True,True
2008,MJJ,2008-05-01,2008-07-31,-0.46,https://www.cpc.ncep.noaa.gov/data/indices/RONI.ascii.txt,Relative ERSSTv6; 1991-2020 baseline; three-month running mean,degrees_C_anomaly,True,True
2008,JJA,2008-06-01,2008-08-31,-0.24,https://www.cpc.ncep.noaa.gov/data/indices/RONI.ascii.txt,Relative ERSSTv6; 1991-2020 baseline; three-month running mean,degrees_C_anomaly,True,True
2008,JAS,2008-07-01,2008-09-30,-0.17,https://www.cpc.ncep.noaa.gov/data/indices/RONI.ascii.txt,Relative ERSSTv6; 1991-2020 baseline; three-month running mean,degrees_C_anomaly,True,True
2008,ASO,2008-08-01,2008-10-31,-0.26,https://www.cpc.ncep.noaa.gov/data/indices/RONI.ascii.txt,Relative ERSSTv6; 1991-2020 baseline; three-month running mean,degrees_C_anomaly,True,True
2008,SON,2008-09-01,2008-11-30,-0.38,https://www.cpc.ncep.noaa.gov/data/indices/RONI.ascii.txt,Relative ERSSTv6; 1991-2020 baseline; three-month running mean,degrees_C_anomaly,True,True
2008,OND,2008-10-01,2008-12-31,-0.6,https://www.cpc.ncep.noaa.gov/data/indices/RONI.ascii.txt,Relative ERSSTv6; 1991-2020 baseline; three-month running mean,degrees_C_anomaly,True,True
2008,NDJ,2008-11-01,2009-01-31,-0.86,https://www.cpc.ncep.noaa.gov/data/indices/RONI.ascii.txt,Relative ERSSTv6; 1991-2020 baseline; three-month running mean,degrees_C_anomaly,True,True
2009,DJF,2008-12-01,2009-02-28,-0.96,https://www.cpc.ncep.noaa.gov/data/indices/RONI.ascii.txt,Relative ERSSTv6; 1991-2020 baseline; three-month running mean,degrees_C_anomaly,True,True
2009,JFM,2009-01-01,2009-03-31,-0.92,https://www.cpc.ncep.noaa.gov/data/indices/RONI.ascii.txt,Relative ERSSTv6; 1991-2020 baseline; three-month running mean,degrees_C_anomaly,True,True
2009,FMA,2009-02-01,2009-04-30,-0.7,https://www.cpc.ncep.noaa.gov/data/indices/RONI.ascii.txt,Relative ERSSTv6; 1991-2020 baseline; three-month running mean,degrees_C_anomaly,True,True
2009,MAM,2009-03-01,2009-05-31,-0.43,https://www.cpc.ncep.noaa.gov/data/indices/RONI.ascii.txt,Relative ERSSTv6; 1991-2020 baseline; three-month running mean,degrees_C_anomaly,True,True
2009,AMJ,2009-04-01,2009-06-30,-0.05,https://www.cpc.ncep.noaa.gov/data/indices/RONI.ascii.txt,Relative ERSSTv6; 1991-2020 baseline; three-month running mean,degrees_C_anomaly,True,True
2009,MJJ,2009-05-01,2009-07-31,0.24,https://www.cpc.ncep.noaa.gov/data/indices/RONI.ascii.txt,Relative ERSSTv6; 1991-2020 baseline; three-month running mean,degrees_C_anomaly,True,True
2009,JJA,2009-06-01,2009-08-31,0.35,https://www.cpc.ncep.noaa.gov/data/indices/RONI.ascii.txt,Relative ERSSTv6; 1991-2020 baseline; three-month running mean,degrees_C_anomaly,True,True
2009,JAS,2009-07-01,2009-09-30,0.42,https://www.cpc.ncep.noaa.gov/data/indices/RONI.ascii.txt,Relative ERSSTv6; 1991-2020 baseline; three-month running mean,degrees_C_anomaly,True,True
2009,ASO,2009-08-01,2009-10-31,0.53,https://www.cpc.ncep.noaa.gov/data/indices/RONI.ascii.txt,Relative ERSSTv6; 1991-2020 baseline; three-month running mean,degrees_C_anomaly,True,True
2009,SON,2009-09-01,2009-11-30,0.86,https://www.cpc.ncep.noaa.gov/data/indices/RONI.ascii.txt,Relative ERSSTv6; 1991-2020 baseline; three-month running mean,degrees_C_anomaly,True,True
2009,OND,2009-10-01,2009-12-31,1.29,https://www.cpc.ncep.noaa.gov/data/indices/RONI.ascii.txt,Relative ERSSTv6; 1991-2020 baseline; three-month running mean,degrees_C_anomaly,True,True
2009,NDJ,2009-11-01,2010-01-31,1.5,https://www.cpc.ncep.noaa.gov/data/indices/RONI.ascii.txt,Relative ERSSTv6; 1991-2020 baseline; three-month running mean,degrees_C_anomaly,True,True
2010,DJF,2009-12-01,2010-02-28,1.44,https://www.cpc.ncep.noaa.gov/data/indices/RONI.ascii.txt,Relative ERSSTv6; 1991-2020 baseline; three-month running mean,degrees_C_anomaly,True,True
2010,JFM,2010-01-01,2010-03-31,1.11,https://www.cpc.ncep.noaa.gov/data/indices/RONI.ascii.txt,Relative ERSSTv6; 1991-2020 baseline; three-month running mean,degrees_C_anomaly,True,True
2010,FMA,2010-02-01,2010-04-30,0.69,https://www.cpc.ncep.noaa.gov/data/indices/RONI.ascii.txt,Relative ERSSTv6; 1991-2020 baseline; three-month running mean,degrees_C_anomaly,True,True
2010,MAM,2010-03-01,2010-05-31,0.1,https://www.cpc.ncep.noaa.gov/data/indices/RONI.ascii.txt,Relative ERSSTv6; 1991-2020 baseline; three-month running mean,degrees_C_anomaly,True,True
2010,AMJ,2010-04-01,2010-06-30,-0.5,https://www.cpc.ncep.noaa.gov/data/indices/RONI.ascii.txt,Relative ERSSTv6; 1991-2020 baseline; three-month running mean,degrees_C_anomaly,True,True
2010,MJJ,2010-05-01,2010-07-31,-0.97,https://www.cpc.ncep.noaa.gov/data/indices/RONI.ascii.txt,Relative ERSSTv6; 1991-2020 baseline; three-month running mean,degrees_C_anomaly,True,True
2010,JJA,2010-06-01,2010-08-31,-1.21,https://www.cpc.ncep.noaa.gov/data/indices/RONI.ascii.txt,Relative ERSSTv6; 1991-2020 baseline; three-month running mean,degrees_C_anomaly,True,True
2010,JAS,2010-07-01,2010-09-30,-1.39,https://www.cpc.ncep.noaa.gov/data/indices/RONI.ascii.txt,Relative ERSSTv6; 1991-2020 baseline; three-month running mean,degrees_C_anomaly,True,True
2010,ASO,2010-08-01,2010-10-31,-1.54,https://www.cpc.ncep.noaa.gov/data/indices/RONI.ascii.txt,Relative ERSSTv6; 1991-2020 baseline; three-month running mean,degrees_C_anomaly,True,True
2010,SON,2010-09-01,2010-11-30,-1.61,https://www.cpc.ncep.noaa.gov/data/indices/RONI.ascii.txt,Relative ERSSTv6; 1991-2020 baseline; three-month running mean,degrees_C_anomaly,True,True
2010,OND,2010-10-01,2010-12-31,-1.63,https://www.cpc.ncep.noaa.gov/data/indices/RONI.ascii.txt,Relative ERSSTv6; 1991-2020 baseline; three-month running mean,degrees_C_anomaly,True,True
2010,NDJ,2010-11-01,2011-01-31,-1.55,https://www.cpc.ncep.noaa.gov/data/indices/RONI.ascii.txt,Relative ERSSTv6; 1991-2020 baseline; three-month running mean,degrees_C_anomaly,True,True
2011,DJF,2010-12-01,2011-02-28,-1.42,https://www.cpc.ncep.noaa.gov/data/indices/RONI.ascii.txt,Relative ERSSTv6; 1991-2020 baseline; three-month running mean,degrees_C_anomaly,True,True
2011,JFM,2011-01-01,2011-03-31,-1.21,https://www.cpc.ncep.noaa.gov/data/indices/RONI.ascii.txt,Relative ERSSTv6; 1991-2020 baseline; three-month running mean,degrees_C_anomaly,True,True
2011,FMA,2011-02-01,2011-04-30,-0.97,https://www.cpc.ncep.noaa.gov/data/indices/RONI.ascii.txt,Relative ERSSTv6; 1991-2020 baseline; three-month running mean,degrees_C_anomaly,True,True
2011,MAM,2011-03-01,2011-05-31,-0.76,https://www.cpc.ncep.noaa.gov/data/indices/RONI.ascii.txt,Relative ERSSTv6; 1991-2020 baseline; three-month running mean,degrees_C_anomaly,True,True
2011,AMJ,2011-04-01,2011-06-30,-0.52,https://www.cpc.ncep.noaa.gov/data/indices/RONI.ascii.txt,Relative ERSSTv6; 1991-2020 baseline; three-month running mean,degrees_C_anomaly,True,True
2011,MJJ,2011-05-01,2011-07-31,-0.29,https://www.cpc.ncep.noaa.gov/data/indices/RONI.ascii.txt,Relative ERSSTv6; 1991-2020 baseline; three-month running mean,degrees_C_anomaly,True,True
2011,JJA,2011-06-01,2011-08-31,-0.29,https://www.cpc.ncep.noaa.gov/data/indices/RONI.ascii.txt,Relative ERSSTv6; 1991-2020 baseline; three-month running mean,degrees_C_anomaly,True,True
2011,JAS,2011-07-01,2011-09-30,-0.41,https://www.cpc.ncep.noaa.gov/data/indices/RONI.ascii.txt,Relative ERSSTv6; 1991-2020 baseline; three-month running mean,degrees_C_anomaly,True,True
2011,ASO,2011-08-01,2011-10-31,-0.7,https://www.cpc.ncep.noaa.gov/data/indices/RONI.ascii.txt,Relative ERSSTv6; 1991-2020 baseline; three-month running mean,degrees_C_anomaly,True,True
2011,SON,2011-09-01,2011-11-30,-0.91,https://www.cpc.ncep.noaa.gov/data/indices/RONI.ascii.txt,Relative ERSSTv6; 1991-2020 baseline; three-month running mean,degrees_C_anomaly,True,True
2011,OND,2011-10-01,2011-12-31,-1.02,https://www.cpc.ncep.noaa.gov/data/indices/RONI.ascii.txt,Relative ERSSTv6; 1991-2020 baseline; three-month running mean,degrees_C_anomaly,True,True
2011,NDJ,2011-11-01,2012-01-31,-0.96,https://www.cpc.ncep.noaa.gov/data/indices/RONI.ascii.txt,Relative ERSSTv6; 1991-2020 baseline; three-month running mean,degrees_C_anomaly,True,True
2012,DJF,2011-12-01,2012-02-29,-0.77,https://www.cpc.ncep.noaa.gov/data/indices/RONI.ascii.txt,Relative ERSSTv6; 1991-2020 baseline; three-month running mean,degrees_C_anomaly,True,True
2012,JFM,2012-01-01,2012-03-31,-0.6,https://www.cpc.ncep.noaa.gov/data/indices/RONI.ascii.txt,Relative ERSSTv6; 1991-2020 baseline; three-month running mean,degrees_C_anomaly,True,True
2012,FMA,2012-02-01,2012-04-30,-0.5,https://www.cpc.ncep.noaa.gov/data/indices/RONI.ascii.txt,Relative ERSSTv6; 1991-2020 baseline; three-month running mean,degrees_C_anomaly,True,True
2012,MAM,2012-03-01,2012-05-31,-0.42,https://www.cpc.ncep.noaa.gov/data/indices/RONI.ascii.txt,Relative ERSSTv6; 1991-2020 baseline; three-month running mean,degrees_C_anomaly,True,True
2012,AMJ,2012-04-01,2012-06-30,-0.26,https://www.cpc.ncep.noaa.gov/data/indices/RONI.ascii.txt,Relative ERSSTv6; 1991-2020 baseline; three-month running mean,degrees_C_anomaly,True,True
2012,MJJ,2012-05-01,2012-07-31,0.01,https://www.cpc.ncep.noaa.gov/data/indices/RONI.ascii.txt,Relative ERSSTv6; 1991-2020 baseline; three-month running mean,degrees_C_anomaly,True,True
2012,JJA,2012-06-01,2012-08-31,0.33,https://www.cpc.ncep.noaa.gov/data/indices/RONI.ascii.txt,Relative ERSSTv6; 1991-2020 baseline; three-month running mean,degrees_C_anomaly,True,True
2012,JAS,2012-07-01,2012-09-30,0.43,https://www.cpc.ncep.noaa.gov/data/indices/RONI.ascii.txt,Relative ERSSTv6; 1991-2020 baseline; three-month running mean,degrees_C_anomaly,True,True
2012,ASO,2012-08-01,2012-10-31,0.37,https://www.cpc.ncep.noaa.gov/data/indices/RONI.ascii.txt,Relative ERSSTv6; 1991-2020 baseline; three-month running mean,degrees_C_anomaly,True,True
2012,SON,2012-09-01,2012-11-30,0.21,https://www.cpc.ncep.noaa.gov/data/indices/RONI.ascii.txt,Relative ERSSTv6; 1991-2020 baseline; three-month running mean,degrees_C_anomaly,True,True
2012,OND,2012-10-01,2012-12-31,-0.03,https://www.cpc.ncep.noaa.gov/data/indices/RONI.ascii.txt,Relative ERSSTv6; 1991-2020 baseline; three-month running mean,degrees_C_anomaly,True,True
2012,NDJ,2012-11-01,2013-01-31,-0.27,https://www.cpc.ncep.noaa.gov/data/indices/RONI.ascii.txt,Relative ERSSTv6; 1991-2020 baseline; three-month running mean,degrees_C_anomaly,True,True
2013,DJF,2012-12-01,2013-02-28,-0.55,https://www.cpc.ncep.noaa.gov/data/indices/RONI.ascii.txt,Relative ERSSTv6; 1991-2020 baseline; three-month running mean,degrees_C_anomaly,True,True
2013,JFM,2013-01-01,2013-03-31,-0.57,https://www.cpc.ncep.noaa.gov/data/indices/RONI.ascii.txt,Relative ERSSTv6; 1991-2020 baseline; three-month running mean,degrees_C_anomaly,True,True
2013,FMA,2013-02-01,2013-04-30,-0.49,https://www.cpc.ncep.noaa.gov/data/indices/RONI.ascii.txt,Relative ERSSTv6; 1991-2020 baseline; three-month running mean,degrees_C_anomaly,True,True
2013,MAM,2013-03-01,2013-05-31,-0.44,https://www.cpc.ncep.noaa.gov/data/indices/RONI.ascii.txt,Relative ERSSTv6; 1991-2020 baseline; three-month running mean,degrees_C_anomaly,True,True
2013,AMJ,2013-04-01,2013-06-30,-0.48,https://www.cpc.ncep.noaa.gov/data/indices/RONI.ascii.txt,Relative ERSSTv6; 1991-2020 baseline; three-month running mean,degrees_C_anomaly,True,True
2013,MJJ,2013-05-01,2013-07-31,-0.48,https://www.cpc.ncep.noaa.gov/data/indices/RONI.ascii.txt,Relative ERSSTv6; 1991-2020 baseline; three-month running mean,degrees_C_anomaly,True,True
2013,JJA,2013-06-01,2013-08-31,-0.48,https://www.cpc.ncep.noaa.gov/data/indices/RONI.ascii.txt,Relative ERSSTv6; 1991-2020 baseline; three-month running mean,degrees_C_anomaly,True,True
2013,JAS,2013-07-01,2013-09-30,-0.38,https://www.cpc.ncep.noaa.gov/data/indices/RONI.ascii.txt,Relative ERSSTv6; 1991-2020 baseline; three-month running mean,degrees_C_anomaly,True,True
2013,ASO,2013-08-01,2013-10-31,-0.38,https://www.cpc.ncep.noaa.gov/data/indices/RONI.ascii.txt,Relative ERSSTv6; 1991-2020 baseline; three-month running mean,degrees_C_anomaly,True,True
2013,SON,2013-09-01,2013-11-30,-0.22,https://www.cpc.ncep.noaa.gov/data/indices/RONI.ascii.txt,Relative ERSSTv6; 1991-2020 baseline; three-month running mean,degrees_C_anomaly,True,True
2013,OND,2013-10-01,2013-12-31,-0.23,https://www.cpc.ncep.noaa.gov/data/indices/RONI.ascii.txt,Relative ERSSTv6; 1991-2020 baseline; three-month running mean,degrees_C_anomaly,True,True
2013,NDJ,2013-11-01,2014-01-31,-0.27,https://www.cpc.ncep.noaa.gov/data/indices/RONI.ascii.txt,Relative ERSSTv6; 1991-2020 baseline; three-month running mean,degrees_C_anomaly,True,True
2014,DJF,2013-12-01,2014-02-28,-0.43,https://www.cpc.ncep.noaa.gov/data/indices/RONI.ascii.txt,Relative ERSSTv6; 1991-2020 baseline; three-month running mean,degrees_C_anomaly,True,True
2014,JFM,2014-01-01,2014-03-31,-0.38,https://www.cpc.ncep.noaa.gov/data/indices/RONI.ascii.txt,Relative ERSSTv6; 1991-2020 baseline; three-month running mean,degrees_C_anomaly,True,True
2014,FMA,2014-02-01,2014-04-30,-0.15,https://www.cpc.ncep.noaa.gov/data/indices/RONI.ascii.txt,Relative ERSSTv6; 1991-2020 baseline; three-month running mean,degrees_C_anomaly,True,True
2014,MAM,2014-03-01,2014-05-31,0.11,https://www.cpc.ncep.noaa.gov/data/indices/RONI.ascii.txt,Relative ERSSTv6; 1991-2020 baseline; three-month running mean,degrees_C_anomaly,True,True
2014,AMJ,2014-04-01,2014-06-30,0.15,https://www.cpc.ncep.noaa.gov/data/indices/RONI.ascii.txt,Relative ERSSTv6; 1991-2020 baseline; three-month running mean,degrees_C_anomaly,True,True
2014,MJJ,2014-05-01,2014-07-31,0.0,https://www.cpc.ncep.noaa.gov/data/indices/RONI.ascii.txt,Relative ERSSTv6; 1991-2020 baseline; three-month running mean,degrees_C_anomaly,True,True
2014,JJA,2014-06-01,2014-08-31,-0.14,https://www.cpc.ncep.noaa.gov/data/indices/RONI.ascii.txt,Relative ERSSTv6; 1991-2020 baseline; three-month running mean,degrees_C_anomaly,True,True
2014,JAS,2014-07-01,2014-09-30,-0.09,https://www.cpc.ncep.noaa.gov/data/indices/RONI.ascii.txt,Relative ERSSTv6; 1991-2020 baseline; three-month running mean,degrees_C_anomaly,True,True
2014,ASO,2014-08-01,2014-10-31,0.06,https://www.cpc.ncep.noaa.gov/data/indices/RONI.ascii.txt,Relative ERSSTv6; 1991-2020 baseline; three-month running mean,degrees_C_anomaly,True,True
2014,SON,2014-09-01,2014-11-30,0.35,https://www.cpc.ncep.noaa.gov/data/indices/RONI.ascii.txt,Relative ERSSTv6; 1991-2020 baseline; three-month running mean,degrees_C_anomaly,True,True
2014,OND,2014-10-01,2014-12-31,0.54,https://www.cpc.ncep.noaa.gov/data/indices/RONI.ascii.txt,Relative ERSSTv6; 1991-2020 baseline; three-month running mean,degrees_C_anomaly,True,True
2014,NDJ,2014-11-01,2015-01-31,0.62,https://www.cpc.ncep.noaa.gov/data/indices/RONI.ascii.txt,Relative ERSSTv6; 1991-2020 baseline; three-month running mean,degrees_C_anomaly,True,True
2015,DJF,2014-12-01,2015-02-28,0.54,https://www.cpc.ncep.noaa.gov/data/indices/RONI.ascii.txt,Relative ERSSTv6; 1991-2020 baseline; three-month running mean,degrees_C_anomaly,True,True
2015,JFM,2015-01-01,2015-03-31,0.47,https://www.cpc.ncep.noaa.gov/data/indices/RONI.ascii.txt,Relative ERSSTv6; 1991-2020 baseline; three-month running mean,degrees_C_anomaly,True,True
2015,FMA,2015-02-01,2015-04-30,0.59,https://www.cpc.ncep.noaa.gov/data/indices/RONI.ascii.txt,Relative ERSSTv6; 1991-2020 baseline; three-month running mean,degrees_C_anomaly,True,True
2015,MAM,2015-03-01,2015-05-31,0.72,https://www.cpc.ncep.noaa.gov/data/indices/RONI.ascii.txt,Relative ERSSTv6; 1991-2020 baseline; three-month running mean,degrees_C_anomaly,True,True
2015,AMJ,2015-04-01,2015-06-30,0.89,https://www.cpc.ncep.noaa.gov/data/indices/RONI.ascii.txt,Relative ERSSTv6; 1991-2020 baseline; three-month running mean,degrees_C_anomaly,True,True
2015,MJJ,2015-05-01,2015-07-31,1.02,https://www.cpc.ncep.noaa.gov/data/indices/RONI.ascii.txt,Relative ERSSTv6; 1991-2020 baseline; three-month running mean,degrees_C_anomaly,True,True
2015,JJA,2015-06-01,2015-08-31,1.27,https://www.cpc.ncep.noaa.gov/data/indices/RONI.ascii.txt,Relative ERSSTv6; 1991-2020 baseline; three-month running mean,degrees_C_anomaly,True,True
2015,JAS,2015-07-01,2015-09-30,1.54,https://www.cpc.ncep.noaa.gov/data/indices/RONI.ascii.txt,Relative ERSSTv6; 1991-2020 baseline; three-month running mean,degrees_C_anomaly,True,True
2015,ASO,2015-08-01,2015-10-31,1.8,https://www.cpc.ncep.noaa.gov/data/indices/RONI.ascii.txt,Relative ERSSTv6; 1991-2020 baseline; three-month running mean,degrees_C_anomaly,True,True
2015,SON,2015-09-01,2015-11-30,2.03,https://www.cpc.ncep.noaa.gov/data/indices/RONI.ascii.txt,Relative ERSSTv6; 1991-2020 baseline; three-month running mean,degrees_C_anomaly,True,True
2015,OND,2015-10-01,2015-12-31,2.18,https://www.cpc.ncep.noaa.gov/data/indices/RONI.ascii.txt,Relative ERSSTv6; 1991-2020 baseline; three-month running mean,degrees_C_anomaly,True,True
2015,NDJ,2015-11-01,2016-01-31,2.25,https://www.cpc.ncep.noaa.gov/data/indices/RONI.ascii.txt,Relative ERSSTv6; 1991-2020 baseline; three-month running mean,degrees_C_anomaly,True,True
2016,DJF,2015-12-01,2016-02-29,2.14,https://www.cpc.ncep.noaa.gov/data/indices/RONI.ascii.txt,Relative ERSSTv6; 1991-2020 baseline; three-month running mean,degrees_C_anomaly,True,True
2016,JFM,2016-01-01,2016-03-31,1.81,https://www.cpc.ncep.noaa.gov/data/indices/RONI.ascii.txt,Relative ERSSTv6; 1991-2020 baseline; three-month running mean,degrees_C_anomaly,True,True
2016,FMA,2016-02-01,2016-04-30,1.3,https://www.cpc.ncep.noaa.gov/data/indices/RONI.ascii.txt,Relative ERSSTv6; 1991-2020 baseline; three-month running mean,degrees_C_anomaly,True,True
2016,MAM,2016-03-01,2016-05-31,0.65,https://www.cpc.ncep.noaa.gov/data/indices/RONI.ascii.txt,Relative ERSSTv6; 1991-2020 baseline; three-month running mean,degrees_C_anomaly,True,True
2016,AMJ,2016-04-01,2016-06-30,0.08,https://www.cpc.ncep.noaa.gov/data/indices/RONI.ascii.txt,Relative ERSSTv6; 1991-2020 baseline; three-month running mean,degrees_C_anomaly,True,True
2016,MJJ,2016-05-01,2016-07-31,-0.43,https://www.cpc.ncep.noaa.gov/data/indices/RONI.ascii.txt,Relative ERSSTv6; 1991-2020 baseline; three-month running mean,degrees_C_anomaly,True,True
2016,JJA,2016-06-01,2016-08-31,-0.7,https://www.cpc.ncep.noaa.gov/data/indices/RONI.ascii.txt,Relative ERSSTv6; 1991-2020 baseline; three-month running mean,degrees_C_anomaly,True,True
2016,JAS,2016-07-01,2016-09-30,-0.81,https://www.cpc.ncep.noaa.gov/data/indices/RONI.ascii.txt,Relative ERSSTv6; 1991-2020 baseline; three-month running mean,degrees_C_anomaly,True,True
2016,ASO,2016-08-01,2016-10-31,-0.88,https://www.cpc.ncep.noaa.gov/data/indices/RONI.ascii.txt,Relative ERSSTv6; 1991-2020 baseline; three-month running mean,degrees_C_anomaly,True,True
2016,SON,2016-09-01,2016-11-30,-0.96,https://www.cpc.ncep.noaa.gov/data/indices/RONI.ascii.txt,Relative ERSSTv6; 1991-2020 baseline; three-month running mean,degrees_C_anomaly,True,True
2016,OND,2016-10-01,2016-12-31,-0.96,https://www.cpc.ncep.noaa.gov/data/indices/RONI.ascii.txt,Relative ERSSTv6; 1991-2020 baseline; three-month running mean,degrees_C_anomaly,True,True
2016,NDJ,2016-11-01,2017-01-31,-0.89,https://www.cpc.ncep.noaa.gov/data/indices/RONI.ascii.txt,Relative ERSSTv6; 1991-2020 baseline; three-month running mean,degrees_C_anomaly,True,True
2017,DJF,2016-12-01,2017-02-28,-0.6,https://www.cpc.ncep.noaa.gov/data/indices/RONI.ascii.txt,Relative ERSSTv6; 1991-2020 baseline; three-month running mean,degrees_C_anomaly,True,True
2017,JFM,2017-01-01,2017-03-31,-0.44,https://www.cpc.ncep.noaa.gov/data/indices/RONI.ascii.txt,Relative ERSSTv6; 1991-2020 baseline; three-month running mean,degrees_C_anomaly,True,True
2017,FMA,2017-02-01,2017-04-30,-0.18,https://www.cpc.ncep.noaa.gov/data/indices/RONI.ascii.txt,Relative ERSSTv6; 1991-2020 baseline; three-month running mean,degrees_C_anomaly,True,True
2017,MAM,2017-03-01,2017-05-31,-0.1,https://www.cpc.ncep.noaa.gov/data/indices/RONI.ascii.txt,Relative ERSSTv6; 1991-2020 baseline; three-month running mean,degrees_C_anomaly,True,True
2017,AMJ,2017-04-01,2017-06-30,-0.02,https://www.cpc.ncep.noaa.gov/data/indices/RONI.ascii.txt,Relative ERSSTv6; 1991-2020 baseline; three-month running mean,degrees_C_anomaly,True,True
2017,MJJ,2017-05-01,2017-07-31,-0.04,https://www.cpc.ncep.noaa.gov/data/indices/RONI.ascii.txt,Relative ERSSTv6; 1991-2020 baseline; three-month running mean,degrees_C_anomaly,True,True
2017,JJA,2017-06-01,2017-08-31,-0.23,https://www.cpc.ncep.noaa.gov/data/indices/RONI.ascii.txt,Relative ERSSTv6; 1991-2020 baseline; three-month running mean,degrees_C_anomaly,True,True
2017,JAS,2017-07-01,2017-09-30,-0.46,https://www.cpc.ncep.noaa.gov/data/indices/RONI.ascii.txt,Relative ERSSTv6; 1991-2020 baseline; three-month running mean,degrees_C_anomaly,True,True
2017,ASO,2017-08-01,2017-10-31,-0.62,https://www.cpc.ncep.noaa.gov/data/indices/RONI.ascii.txt,Relative ERSSTv6; 1991-2020 baseline; three-month running mean,degrees_C_anomaly,True,True
2017,SON,2017-09-01,2017-11-30,-0.82,https://www.cpc.ncep.noaa.gov/data/indices/RONI.ascii.txt,Relative ERSSTv6; 1991-2020 baseline; three-month running mean,degrees_C_anomaly,True,True
2017,OND,2017-10-01,2017-12-31,-0.97,https://www.cpc.ncep.noaa.gov/data/indices/RONI.ascii.txt,Relative ERSSTv6; 1991-2020 baseline; three-month running mean,degrees_C_anomaly,True,True
2017,NDJ,2017-11-01,2018-01-31,-1.14,https://www.cpc.ncep.noaa.gov/data/indices/RONI.ascii.txt,Relative ERSSTv6; 1991-2020 baseline; three-month running mean,degrees_C_anomaly,True,True
2018,DJF,2017-12-01,2018-02-28,-1.08,https://www.cpc.ncep.noaa.gov/data/indices/RONI.ascii.txt,Relative ERSSTv6; 1991-2020 baseline; three-month running mean,degrees_C_anomaly,True,True
2018,JFM,2018-01-01,2018-03-31,-1.04,https://www.cpc.ncep.noaa.gov/data/indices/RONI.ascii.txt,Relative ERSSTv6; 1991-2020 baseline; three-month running mean,degrees_C_anomaly,True,True
2018,FMA,2018-02-01,2018-04-30,-0.9,https://www.cpc.ncep.noaa.gov/data/indices/RONI.ascii.txt,Relative ERSSTv6; 1991-2020 baseline; three-month running mean,degrees_C_anomaly,True,True
2018,MAM,2018-03-01,2018-05-31,-0.69,https://www.cpc.ncep.noaa.gov/data/indices/RONI.ascii.txt,Relative ERSSTv6; 1991-2020 baseline; three-month running mean,degrees_C_anomaly,True,True
2018,AMJ,2018-04-01,2018-06-30,-0.33,https://www.cpc.ncep.noaa.gov/data/indices/RONI.ascii.txt,Relative ERSSTv6; 1991-2020 baseline; three-month running mean,degrees_C_anomaly,True,True
2018,MJJ,2018-05-01,2018-07-31,-0.02,https://www.cpc.ncep.noaa.gov/data/indices/RONI.ascii.txt,Relative ERSSTv6; 1991-2020 baseline; three-month running mean,degrees_C_anomaly,True,True
2018,JJA,2018-06-01,2018-08-31,0.08,https://www.cpc.ncep.noaa.gov/data/indices/RONI.ascii.txt,Relative ERSSTv6; 1991-2020 baseline; three-month running mean,degrees_C_anomaly,True,True
2018,JAS,2018-07-01,2018-09-30,0.16,https://www.cpc.ncep.noaa.gov/data/indices/RONI.ascii.txt,Relative ERSSTv6; 1991-2020 baseline; three-month running mean,degrees_C_anomaly,True,True
2018,ASO,2018-08-01,2018-10-31,0.35,https://www.cpc.ncep.noaa.gov/data/indices/RONI.ascii.txt,Relative ERSSTv6; 1991-2020 baseline; three-month running mean,degrees_C_anomaly,True,True
2018,SON,2018-09-01,2018-11-30,0.62,https://www.cpc.ncep.noaa.gov/data/indices/RONI.ascii.txt,Relative ERSSTv6; 1991-2020 baseline; three-month running mean,degrees_C_anomaly,True,True
2018,OND,2018-10-01,2018-12-31,0.82,https://www.cpc.ncep.noaa.gov/data/indices/RONI.ascii.txt,Relative ERSSTv6; 1991-2020 baseline; three-month running mean,degrees_C_anomaly,True,True
2018,NDJ,2018-11-01,2019-01-31,0.78,https://www.cpc.ncep.noaa.gov/data/indices/RONI.ascii.txt,Relative ERSSTv6; 1991-2020 baseline; three-month running mean,degrees_C_anomaly,True,True
2019,DJF,2018-12-01,2019-02-28,0.68,https://www.cpc.ncep.noaa.gov/data/indices/RONI.ascii.txt,Relative ERSSTv6; 1991-2020 baseline; three-month running mean,degrees_C_anomaly,True,True
2019,JFM,2019-01-01,2019-03-31,0.64,https://www.cpc.ncep.noaa.gov/data/indices/RONI.ascii.txt,Relative ERSSTv6; 1991-2020 baseline; three-month running mean,degrees_C_anomaly,True,True
2019,FMA,2019-02-01,2019-04-30,0.57,https://www.cpc.ncep.noaa.gov/data/indices/RONI.ascii.txt,Relative ERSSTv6; 1991-2020 baseline; three-month running mean,degrees_C_anomaly,True,True
2019,MAM,2019-03-01,2019-05-31,0.53,https://www.cpc.ncep.noaa.gov/data/indices/RONI.ascii.txt,Relative ERSSTv6; 1991-2020 baseline; three-month running mean,degrees_C_anomaly,True,True
2019,AMJ,2019-04-01,2019-06-30,0.37,https://www.cpc.ncep.noaa.gov/data/indices/RONI.ascii.txt,Relative ERSSTv6; 1991-2020 baseline; three-month running mean,degrees_C_anomaly,True,True
2019,MJJ,2019-05-01,2019-07-31,0.24,https://www.cpc.ncep.noaa.gov/data/indices/RONI.ascii.txt,Relative ERSSTv6; 1991-2020 baseline; three-month running mean,degrees_C_anomaly,True,True
2019,JJA,2019-06-01,2019-08-31,0.04,https://www.cpc.ncep.noaa.gov/data/indices/RONI.ascii.txt,Relative ERSSTv6; 1991-2020 baseline; three-month running mean,degrees_C_anomaly,True,True
2019,JAS,2019-07-01,2019-09-30,-0.12,https://www.cpc.ncep.noaa.gov/data/indices/RONI.ascii.txt,Relative ERSSTv6; 1991-2020 baseline; three-month running mean,degrees_C_anomaly,True,True
2019,ASO,2019-08-01,2019-10-31,-0.01,https://www.cpc.ncep.noaa.gov/data/indices/RONI.ascii.txt,Relative ERSSTv6; 1991-2020 baseline; three-month running mean,degrees_C_anomaly,True,True
2019,SON,2019-09-01,2019-11-30,0.15,https://www.cpc.ncep.noaa.gov/data/indices/RONI.ascii.txt,Relative ERSSTv6; 1991-2020 baseline; three-month running mean,degrees_C_anomaly,True,True
2019,OND,2019-10-01,2019-12-31,0.29,https://www.cpc.ncep.noaa.gov/data/indices/RONI.ascii.txt,Relative ERSSTv6; 1991-2020 baseline; three-month running mean,degrees_C_anomaly,True,True
2019,NDJ,2019-11-01,2020-01-31,0.22,https://www.cpc.ncep.noaa.gov/data/indices/RONI.ascii.txt,Relative ERSSTv6; 1991-2020 baseline; three-month running mean,degrees_C_anomaly,True,True
2020,DJF,2019-12-01,2020-02-29,0.14,https://www.cpc.ncep.noaa.gov/data/indices/RONI.ascii.txt,Relative ERSSTv6; 1991-2020 baseline; three-month running mean,degrees_C_anomaly,True,True
2020,JFM,2020-01-01,2020-03-31,0.1,https://www.cpc.ncep.noaa.gov/data/indices/RONI.ascii.txt,Relative ERSSTv6; 1991-2020 baseline; three-month running mean,degrees_C_anomaly,True,True
2020,FMA,2020-02-01,2020-04-30,0.02,https://www.cpc.ncep.noaa.gov/data/indices/RONI.ascii.txt,Relative ERSSTv6; 1991-2020 baseline; three-month running mean,degrees_C_anomaly,True,True
2020,MAM,2020-03-01,2020-05-31,-0.25,https://www.cpc.ncep.noaa.gov/data/indices/RONI.ascii.txt,Relative ERSSTv6; 1991-2020 baseline; three-month running mean,degrees_C_anomaly,True,True
2020,AMJ,2020-04-01,2020-06-30,-0.55,https://www.cpc.ncep.noaa.gov/data/indices/RONI.ascii.txt,Relative ERSSTv6; 1991-2020 baseline; three-month running mean,degrees_C_anomaly,True,True
2020,MJJ,2020-05-01,2020-07-31,-0.72,https://www.cpc.ncep.noaa.gov/data/indices/RONI.ascii.txt,Relative ERSSTv6; 1991-2020 baseline; three-month running mean,degrees_C_anomaly,True,True
2020,JJA,2020-06-01,2020-08-31,-0.76,https://www.cpc.ncep.noaa.gov/data/indices/RONI.ascii.txt,Relative ERSSTv6; 1991-2020 baseline; three-month running mean,degrees_C_anomaly,True,True
2020,JAS,2020-07-01,2020-09-30,-0.85,https://www.cpc.ncep.noaa.gov/data/indices/RONI.ascii.txt,Relative ERSSTv6; 1991-2020 baseline; three-month running mean,degrees_C_anomaly,True,True
2020,ASO,2020-08-01,2020-10-31,-1.16,https://www.cpc.ncep.noaa.gov/data/indices/RONI.ascii.txt,Relative ERSSTv6; 1991-2020 baseline; three-month running mean,degrees_C_anomaly,True,True
2020,SON,2020-09-01,2020-11-30,-1.37,https://www.cpc.ncep.noaa.gov/data/indices/RONI.ascii.txt,Relative ERSSTv6; 1991-2020 baseline; three-month running mean,degrees_C_anomaly,True,True
2020,OND,2020-10-01,2020-12-31,-1.46,https://www.cpc.ncep.noaa.gov/data/indices/RONI.ascii.txt,Relative ERSSTv6; 1991-2020 baseline; three-month running mean,degrees_C_anomaly,True,True
2020,NDJ,2020-11-01,2021-01-31,-1.39,https://www.cpc.ncep.noaa.gov/data/indices/RONI.ascii.txt,Relative ERSSTv6; 1991-2020 baseline; three-month running mean,degrees_C_anomaly,True,True
2021,DJF,2020-12-01,2021-02-28,-1.32,https://www.cpc.ncep.noaa.gov/data/indices/RONI.ascii.txt,Relative ERSSTv6; 1991-2020 baseline; three-month running mean,degrees_C_anomaly,True,True
2021,JFM,2021-01-01,2021-03-31,-1.18,https://www.cpc.ncep.noaa.gov/data/indices/RONI.ascii.txt,Relative ERSSTv6; 1991-2020 baseline; three-month running mean,degrees_C_anomaly,True,True
2021,FMA,2021-02-01,2021-04-30,-1.08,https://www.cpc.ncep.noaa.gov/data/indices/RONI.ascii.txt,Relative ERSSTv6; 1991-2020 baseline; three-month running mean,degrees_C_anomaly,True,True
2021,MAM,2021-03-01,2021-05-31,-0.89,https://www.cpc.ncep.noaa.gov/data/indices/RONI.ascii.txt,Relative ERSSTv6; 1991-2020 baseline; three-month running mean,degrees_C_anomaly,True,True
2021,AMJ,2021-04-01,2021-06-30,-0.68,https://www.cpc.ncep.noaa.gov/data/indices/RONI.ascii.txt,Relative ERSSTv6; 1991-2020 baseline; three-month running mean,degrees_C_anomaly,True,True
2021,MJJ,2021-05-01,2021-07-31,-0.57,https://www.cpc.ncep.noaa.gov/data/indices/RONI.ascii.txt,Relative ERSSTv6; 1991-2020 baseline; three-month running mean,degrees_C_anomaly,True,True
2021,JJA,2021-06-01,2021-08-31,-0.6,https://www.cpc.ncep.noaa.gov/data/indices/RONI.ascii.txt,Relative ERSSTv6; 1991-2020 baseline; three-month running mean,degrees_C_anomaly,True,True
2021,JAS,2021-07-01,2021-09-30,-0.76,https://www.cpc.ncep.noaa.gov/data/indices/RONI.ascii.txt,Relative ERSSTv6; 1991-2020 baseline; three-month running mean,degrees_C_anomaly,True,True
2021,ASO,2021-08-01,2021-10-31,-0.95,https://www.cpc.ncep.noaa.gov/data/indices/RONI.ascii.txt,Relative ERSSTv6; 1991-2020 baseline; three-month running mean,degrees_C_anomaly,True,True
2021,SON,2021-09-01,2021-11-30,-1.08,https://www.cpc.ncep.noaa.gov/data/indices/RONI.ascii.txt,Relative ERSSTv6; 1991-2020 baseline; three-month running mean,degrees_C_anomaly,True,True
2021,OND,2021-10-01,2021-12-31,-1.24,https://www.cpc.ncep.noaa.gov/data/indices/RONI.ascii.txt,Relative ERSSTv6; 1991-2020 baseline; three-month running mean,degrees_C_anomaly,True,True
2021,NDJ,2021-11-01,2022-01-31,-1.22,https://www.cpc.ncep.noaa.gov/data/indices/RONI.ascii.txt,Relative ERSSTv6; 1991-2020 baseline; three-month running mean,degrees_C_anomaly,True,True
2022,DJF,2021-12-01,2022-02-28,-1.18,https://www.cpc.ncep.noaa.gov/data/indices/RONI.ascii.txt,Relative ERSSTv6; 1991-2020 baseline; three-month running mean,degrees_C_anomaly,True,True
2022,JFM,2022-01-01,2022-03-31,-1.13,https://www.cpc.ncep.noaa.gov/data/indices/RONI.ascii.txt,Relative ERSSTv6; 1991-2020 baseline; three-month running mean,degrees_C_anomaly,True,True
2022,FMA,2022-02-01,2022-04-30,-1.19,https://www.cpc.ncep.noaa.gov/data/indices/RONI.ascii.txt,Relative ERSSTv6; 1991-2020 baseline; three-month running mean,degrees_C_anomaly,True,True
2022,MAM,2022-03-01,2022-05-31,-1.26,https://www.cpc.ncep.noaa.gov/data/indices/RONI.ascii.txt,Relative ERSSTv6; 1991-2020 baseline; three-month running mean,degrees_C_anomaly,True,True
2022,AMJ,2022-04-01,2022-06-30,-1.17,https://www.cpc.ncep.noaa.gov/data/indices/RONI.ascii.txt,Relative ERSSTv6; 1991-2020 baseline; three-month running mean,degrees_C_anomaly,True,True
2022,MJJ,2022-05-01,2022-07-31,-0.95,https://www.cpc.ncep.noaa.gov/data/indices/RONI.ascii.txt,Relative ERSSTv6; 1991-2020 baseline; three-month running mean,degrees_C_anomaly,True,True
2022,JJA,2022-06-01,2022-08-31,-0.86,https://www.cpc.ncep.noaa.gov/data/indices/RONI.ascii.txt,Relative ERSSTv6; 1991-2020 baseline; three-month running mean,degrees_C_anomaly,True,True
2022,JAS,2022-07-01,2022-09-30,-0.94,https://www.cpc.ncep.noaa.gov/data/indices/RONI.ascii.txt,Relative ERSSTv6; 1991-2020 baseline; three-month running mean,degrees_C_anomaly,True,True
2022,ASO,2022-08-01,2022-10-31,-1.07,https://www.cpc.ncep.noaa.gov/data/indices/RONI.ascii.txt,Relative ERSSTv6; 1991-2020 baseline; three-month running mean,degrees_C_anomaly,True,True
2022,SON,2022-09-01,2022-11-30,-1.1,https://www.cpc.ncep.noaa.gov/data/indices/RONI.ascii.txt,Relative ERSSTv6; 1991-2020 baseline; three-month running mean,degrees_C_anomaly,True,True
2022,OND,2022-10-01,2022-12-31,-1.05,https://www.cpc.ncep.noaa.gov/data/indices/RONI.ascii.txt,Relative ERSSTv6; 1991-2020 baseline; three-month running mean,degrees_C_anomaly,True,True
2022,NDJ,2022-11-01,2023-01-31,-0.99,https://www.cpc.ncep.noaa.gov/data/indices/RONI.ascii.txt,Relative ERSSTv6; 1991-2020 baseline; three-month running mean,degrees_C_anomaly,True,True
2023,DJF,2022-12-01,2023-02-28,-0.86,https://www.cpc.ncep.noaa.gov/data/indices/RONI.ascii.txt,Relative ERSSTv6; 1991-2020 baseline; three-month running mean,degrees_C_anomaly,True,True
2023,JFM,2023-01-01,2023-03-31,-0.68,https://www.cpc.ncep.noaa.gov/data/indices/RONI.ascii.txt,Relative ERSSTv6; 1991-2020 baseline; three-month running mean,degrees_C_anomaly,True,True
2023,FMA,2023-02-01,2023-04-30,-0.55,https://www.cpc.ncep.noaa.gov/data/indices/RONI.ascii.txt,Relative ERSSTv6; 1991-2020 baseline; three-month running mean,degrees_C_anomaly,True,True
2023,MAM,2023-03-01,2023-05-31,-0.31,https://www.cpc.ncep.noaa.gov/data/indices/RONI.ascii.txt,Relative ERSSTv6; 1991-2020 baseline; three-month running mean,degrees_C_anomaly,True,True
2023,AMJ,2023-04-01,2023-06-30,-0.04,https://www.cpc.ncep.noaa.gov/data/indices/RONI.ascii.txt,Relative ERSSTv6; 1991-2020 baseline; three-month running mean,degrees_C_anomaly,True,True
2023,MJJ,2023-05-01,2023-07-31,0.28,https://www.cpc.ncep.noaa.gov/data/indices/RONI.ascii.txt,Relative ERSSTv6; 1991-2020 baseline; three-month running mean,degrees_C_anomaly,True,True
2023,JJA,2023-06-01,2023-08-31,0.54,https://www.cpc.ncep.noaa.gov/data/indices/RONI.ascii.txt,Relative ERSSTv6; 1991-2020 baseline; three-month running mean,degrees_C_anomaly,True,True
2023,JAS,2023-07-01,2023-09-30,0.79,https://www.cpc.ncep.noaa.gov/data/indices/RONI.ascii.txt,Relative ERSSTv6; 1991-2020 baseline; three-month running mean,degrees_C_anomaly,True,True
2023,ASO,2023-08-01,2023-10-31,1.04,https://www.cpc.ncep.noaa.gov/data/indices/RONI.ascii.txt,Relative ERSSTv6; 1991-2020 baseline; three-month running mean,degrees_C_anomaly,True,True
2023,SON,2023-09-01,2023-11-30,1.3,https://www.cpc.ncep.noaa.gov/data/indices/RONI.ascii.txt,Relative ERSSTv6; 1991-2020 baseline; three-month running mean,degrees_C_anomaly,True,True
2023,OND,2023-10-01,2023-12-31,1.42,https://www.cpc.ncep.noaa.gov/data/indices/RONI.ascii.txt,Relative ERSSTv6; 1991-2020 baseline; three-month running mean,degrees_C_anomaly,True,True
2023,NDJ,2023-11-01,2024-01-31,1.4,https://www.cpc.ncep.noaa.gov/data/indices/RONI.ascii.txt,Relative ERSSTv6; 1991-2020 baseline; three-month running mean,degrees_C_anomaly,True,True
2024,DJF,2023-12-01,2024-02-29,1.13,https://www.cpc.ncep.noaa.gov/data/indices/RONI.ascii.txt,Relative ERSSTv6; 1991-2020 baseline; three-month running mean,degrees_C_anomaly,True,True
2024,JFM,2024-01-01,2024-03-31,0.78,https://www.cpc.ncep.noaa.gov/data/indices/RONI.ascii.txt,Relative ERSSTv6; 1991-2020 baseline; three-month running mean,degrees_C_anomaly,True,True
2024,FMA,2024-02-01,2024-04-30,0.42,https://www.cpc.ncep.noaa.gov/data/indices/RONI.ascii.txt,Relative ERSSTv6; 1991-2020 baseline; three-month running mean,degrees_C_anomaly,True,True
2024,MAM,2024-03-01,2024-05-31,0.04,https://www.cpc.ncep.noaa.gov/data/indices/RONI.ascii.txt,Relative ERSSTv6; 1991-2020 baseline; three-month running mean,degrees_C_anomaly,True,True
2024,AMJ,2024-04-01,2024-06-30,-0.28,https://www.cpc.ncep.noaa.gov/data/indices/RONI.ascii.txt,Relative ERSSTv6; 1991-2020 baseline; three-month running mean,degrees_C_anomaly,True,True
2024,MJJ,2024-05-01,2024-07-31,-0.45,https://www.cpc.ncep.noaa.gov/data/indices/RONI.ascii.txt,Relative ERSSTv6; 1991-2020 baseline; three-month running mean,degrees_C_anomaly,True,True
2024,JJA,2024-06-01,2024-08-31,-0.49,https://www.cpc.ncep.noaa.gov/data/indices/RONI.ascii.txt,Relative ERSSTv6; 1991-2020 baseline; three-month running mean,degrees_C_anomaly,True,True
2024,JAS,2024-07-01,2024-09-30,-0.56,https://www.cpc.ncep.noaa.gov/data/indices/RONI.ascii.txt,Relative ERSSTv6; 1991-2020 baseline; three-month running mean,degrees_C_anomaly,True,True
2024,ASO,2024-08-01,2024-10-31,-0.67,https://www.cpc.ncep.noaa.gov/data/indices/RONI.ascii.txt,Relative ERSSTv6; 1991-2020 baseline; three-month running mean,degrees_C_anomaly,True,True
2024,SON,2024-09-01,2024-11-30,-0.76,https://www.cpc.ncep.noaa.gov/data/indices/RONI.ascii.txt,Relative ERSSTv6; 1991-2020 baseline; three-month running mean,degrees_C_anomaly,True,True
2024,OND,2024-10-01,2024-12-31,-0.88,https://www.cpc.ncep.noaa.gov/data/indices/RONI.ascii.txt,Relative ERSSTv6; 1991-2020 baseline; three-month running mean,degrees_C_anomaly,True,True
2024,NDJ,2024-11-01,2025-01-31,-1.05,https://www.cpc.ncep.noaa.gov/data/indices/RONI.ascii.txt,Relative ERSSTv6; 1991-2020 baseline; three-month running mean,degrees_C_anomaly,True,True
2025,DJF,2024-12-01,2025-02-28,-1.1,https://www.cpc.ncep.noaa.gov/data/indices/RONI.ascii.txt,Relative ERSSTv6; 1991-2020 baseline; three-month running mean,degrees_C_anomaly,True,True
2025,JFM,2025-01-01,2025-03-31,-0.85,https://www.cpc.ncep.noaa.gov/data/indices/RONI.ascii.txt,Relative ERSSTv6; 1991-2020 baseline; three-month running mean,degrees_C_anomaly,True,True
2025,FMA,2025-02-01,2025-04-30,-0.66,https://www.cpc.ncep.noaa.gov/data/indices/RONI.ascii.txt,Relative ERSSTv6; 1991-2020 baseline; three-month running mean,degrees_C_anomaly,True,True
2025,MAM,2025-03-01,2025-05-31,-0.5,https://www.cpc.ncep.noaa.gov/data/indices/RONI.ascii.txt,Relative ERSSTv6; 1991-2020 baseline; three-month running mean,degrees_C_anomaly,True,True
2025,AMJ,2025-04-01,2025-06-30,-0.48,https://www.cpc.ncep.noaa.gov/data/indices/RONI.ascii.txt,Relative ERSSTv6; 1991-2020 baseline; three-month running mean,degrees_C_anomaly,True,True
2025,MJJ,2025-05-01,2025-07-31,-0.36,https://www.cpc.ncep.noaa.gov/data/indices/RONI.ascii.txt,Relative ERSSTv6; 1991-2020 baseline; three-month running mean,degrees_C_anomaly,True,True
2025,JJA,2025-06-01,2025-08-31,-0.41,https://www.cpc.ncep.noaa.gov/data/indices/RONI.ascii.txt,Relative ERSSTv6; 1991-2020 baseline; three-month running mean,degrees_C_anomaly,True,True
2025,JAS,2025-07-01,2025-09-30,-0.59,https://www.cpc.ncep.noaa.gov/data/indices/RONI.ascii.txt,Relative ERSSTv6; 1991-2020 baseline; three-month running mean,degrees_C_anomaly,True,True
2025,ASO,2025-08-01,2025-10-31,-0.78,https://www.cpc.ncep.noaa.gov/data/indices/RONI.ascii.txt,Relative ERSSTv6; 1991-2020 baseline; three-month running mean,degrees_C_anomaly,True,True
2025,SON,2025-09-01,2025-11-30,-0.93,https://www.cpc.ncep.noaa.gov/data/indices/RONI.ascii.txt,Relative ERSSTv6; 1991-2020 baseline; three-month running mean,degrees_C_anomaly,True,True
2025,OND,2025-10-01,2025-12-31,-0.98,https://www.cpc.ncep.noaa.gov/data/indices/RONI.ascii.txt,Relative ERSSTv6; 1991-2020 baseline; three-month running mean,degrees_C_anomaly,True,True
2025,NDJ,2025-11-01,2026-01-31,-1.04,https://www.cpc.ncep.noaa.gov/data/indices/RONI.ascii.txt,Relative ERSSTv6; 1991-2020 baseline; three-month running mean,degrees_C_anomaly,True,True
2026,DJF,2025-12-01,2026-02-28,-0.91,https://www.cpc.ncep.noaa.gov/data/indices/RONI.ascii.txt,Relative ERSSTv6; 1991-2020 baseline; three-month running mean,degrees_C_anomaly,True,True
2026,JFM,2026-01-01,2026-03-31,-0.76,https://www.cpc.ncep.noaa.gov/data/indices/RONI.ascii.txt,Relative ERSSTv6; 1991-2020 baseline; three-month running mean,degrees_C_anomaly,True,True
2026,FMA,2026-02-01,2026-04-30,-0.44,https://www.cpc.ncep.noaa.gov/data/indices/RONI.ascii.txt,Relative ERSSTv6; 1991-2020 baseline; three-month running mean,degrees_C_anomaly,True,True
2026,MAM,2026-03-01,2026-05-31,-0.04,https://www.cpc.ncep.noaa.gov/data/indices/RONI.ascii.txt,Relative ERSSTv6; 1991-2020 baseline; three-month running mean,degrees_C_anomaly,True,True
2026,AMJ,2026-04-01,2026-06-30,0.49,https://www.cpc.ncep.noaa.gov/data/indices/RONI.ascii.txt,Relative ERSSTv6; 1991-2020 baseline; three-month running mean,degrees_C_anomaly,True,True
2026,MJJ,2026-05-01,2026-07-31,0.97,https://www.cpc.ncep.noaa.gov/data/indices/RONI.ascii.txt,Relative ERSSTv6; 1991-2020 baseline; three-month running mean,degrees_C_anomaly,True,True
2026,JJA,2026-06-01,2026-08-31,1.36,https://www.cpc.ncep.noaa.gov/data/indices/RONI.ascii.txt,Relative ERSSTv6; 1991-2020 baseline; three-month running mean,degrees_C_anomaly,True,True
