year,kind,global_type,global_events,jerusalem_visible_events,visibility_denominator,status
1900,solar,P,0,0,all global events of this source type/year; fixed Jerusalem point,past modeled year
1900,solar,A,1,0,all global events of this source type/year; fixed Jerusalem point,past modeled year
1900,solar,T,1,1,all global events of this source type/year; fixed Jerusalem point,past modeled year
1900,solar,H,0,0,all global events of this source type/year; fixed Jerusalem point,past modeled year
1900,lunar,N,2,1,all global events of this source type/year; fixed Jerusalem point,past modeled year
1900,lunar,P,0,0,all global events of this source type/year; fixed Jerusalem point,past modeled year
1900,lunar,T,0,0,all global events of this source type/year; fixed Jerusalem point,past modeled year
1901,solar,P,0,0,all global events of this source type/year; fixed Jerusalem point,past modeled year
1901,solar,A,1,1,all global events of this source type/year; fixed Jerusalem point,past modeled year
1901,solar,T,1,0,all global events of this source type/year; fixed Jerusalem point,past modeled year
1901,solar,H,0,0,all global events of this source type/year; fixed Jerusalem point,past modeled year
1901,lunar,N,1,1,all global events of this source type/year; fixed Jerusalem point,past modeled year
1901,lunar,P,1,1,all global events of this source type/year; fixed Jerusalem point,past modeled year
1901,lunar,T,0,0,all global events of this source type/year; fixed Jerusalem point,past modeled year
1902,solar,P,3,0,all global events of this source type/year; fixed Jerusalem point,past modeled year
1902,solar,A,0,0,all global events of this source type/year; fixed Jerusalem point,past modeled year
1902,solar,T,0,0,all global events of this source type/year; fixed Jerusalem point,past modeled year
1902,solar,H,0,0,all global events of this source type/year; fixed Jerusalem point,past modeled year
1902,lunar,N,0,0,all global events of this source type/year; fixed Jerusalem point,past modeled year
1902,lunar,P,0,0,all global events of this source type/year; fixed Jerusalem point,past modeled year
1902,lunar,T,2,2,all global events of this source type/year; fixed Jerusalem point,past modeled year
1903,solar,P,0,0,all global events of this source type/year; fixed Jerusalem point,past modeled year
1903,solar,A,1,0,all global events of this source type/year; fixed Jerusalem point,past modeled year
1903,solar,T,1,0,all global events of this source type/year; fixed Jerusalem point,past modeled year
1903,solar,H,0,0,all global events of this source type/year; fixed Jerusalem point,past modeled year
1903,lunar,N,0,0,all global events of this source type/year; fixed Jerusalem point,past modeled year
1903,lunar,P,2,2,all global events of this source type/year; fixed Jerusalem point,past modeled year
1903,lunar,T,0,0,all global events of this source type/year; fixed Jerusalem point,past modeled year
1904,solar,P,0,0,all global events of this source type/year; fixed Jerusalem point,past modeled year
1904,solar,A,1,0,all global events of this source type/year; fixed Jerusalem point,past modeled year
1904,solar,T,1,0,all global events of this source type/year; fixed Jerusalem point,past modeled year
1904,solar,H,0,0,all global events of this source type/year; fixed Jerusalem point,past modeled year
1904,lunar,N,3,2,all global events of this source type/year; fixed Jerusalem point,past modeled year
1904,lunar,P,0,0,all global events of this source type/year; fixed Jerusalem point,past modeled year
1904,lunar,T,0,0,all global events of this source type/year; fixed Jerusalem point,past modeled year
1905,solar,P,0,0,all global events of this source type/year; fixed Jerusalem point,past modeled year
1905,solar,A,1,0,all global events of this source type/year; fixed Jerusalem point,past modeled year
1905,solar,T,1,1,all global events of this source type/year; fixed Jerusalem point,past modeled year
1905,solar,H,0,0,all global events of this source type/year; fixed Jerusalem point,past modeled year
1905,lunar,N,0,0,all global events of this source type/year; fixed Jerusalem point,past modeled year
1905,lunar,P,2,2,all global events of this source type/year; fixed Jerusalem point,past modeled year
1905,lunar,T,0,0,all global events of this source type/year; fixed Jerusalem point,past modeled year
1906,solar,P,3,0,all global events of this source type/year; fixed Jerusalem point,past modeled year
1906,solar,A,0,0,all global events of this source type/year; fixed Jerusalem point,past modeled year
1906,solar,T,0,0,all global events of this source type/year; fixed Jerusalem point,past modeled year
1906,solar,H,0,0,all global events of this source type/year; fixed Jerusalem point,past modeled year
1906,lunar,N,0,0,all global events of this source type/year; fixed Jerusalem point,past modeled year
1906,lunar,P,0,0,all global events of this source type/year; fixed Jerusalem point,past modeled year
1906,lunar,T,2,0,all global events of this source type/year; fixed Jerusalem point,past modeled year
1907,solar,P,0,0,all global events of this source type/year; fixed Jerusalem point,past modeled year
1907,solar,A,1,0,all global events of this source type/year; fixed Jerusalem point,past modeled year
1907,solar,T,1,1,all global events of this source type/year; fixed Jerusalem point,past modeled year
1907,solar,H,0,0,all global events of this source type/year; fixed Jerusalem point,past modeled year
1907,lunar,N,0,0,all global events of this source type/year; fixed Jerusalem point,past modeled year
1907,lunar,P,2,2,all global events of this source type/year; fixed Jerusalem point,past modeled year
1907,lunar,T,0,0,all global events of this source type/year; fixed Jerusalem point,past modeled year
1908,solar,P,0,0,all global events of this source type/year; fixed Jerusalem point,past modeled year
1908,solar,A,1,0,all global events of this source type/year; fixed Jerusalem point,past modeled year
1908,solar,T,1,0,all global events of this source type/year; fixed Jerusalem point,past modeled year
1908,solar,H,1,0,all global events of this source type/year; fixed Jerusalem point,past modeled year
1908,lunar,N,4,3,all global events of this source type/year; fixed Jerusalem point,past modeled year
1908,lunar,P,0,0,all global events of this source type/year; fixed Jerusalem point,past modeled year
1908,lunar,T,0,0,all global events of this source type/year; fixed Jerusalem point,past modeled year
1909,solar,P,1,0,all global events of this source type/year; fixed Jerusalem point,past modeled year
1909,solar,A,0,0,all global events of this source type/year; fixed Jerusalem point,past modeled year
1909,solar,T,0,0,all global events of this source type/year; fixed Jerusalem point,past modeled year
1909,solar,H,1,0,all global events of this source type/year; fixed Jerusalem point,past modeled year
1909,lunar,N,0,0,all global events of this source type/year; fixed Jerusalem point,past modeled year
1909,lunar,P,0,0,all global events of this source type/year; fixed Jerusalem point,past modeled year
1909,lunar,T,2,1,all global events of this source type/year; fixed Jerusalem point,past modeled year
1910,solar,P,1,0,all global events of this source type/year; fixed Jerusalem point,past modeled year
1910,solar,A,0,0,all global events of this source type/year; fixed Jerusalem point,past modeled year
1910,solar,T,1,0,all global events of this source type/year; fixed Jerusalem point,past modeled year
1910,solar,H,0,0,all global events of this source type/year; fixed Jerusalem point,past modeled year
1910,lunar,N,0,0,all global events of this source type/year; fixed Jerusalem point,past modeled year
1910,lunar,P,0,0,all global events of this source type/year; fixed Jerusalem point,past modeled year
1910,lunar,T,2,1,all global events of this source type/year; fixed Jerusalem point,past modeled year
1911,solar,P,0,0,all global events of this source type/year; fixed Jerusalem point,past modeled year
1911,solar,A,1,0,all global events of this source type/year; fixed Jerusalem point,past modeled year
1911,solar,T,1,0,all global events of this source type/year; fixed Jerusalem point,past modeled year
1911,solar,H,0,0,all global events of this source type/year; fixed Jerusalem point,past modeled year
1911,lunar,N,2,1,all global events of this source type/year; fixed Jerusalem point,past modeled year
1911,lunar,P,0,0,all global events of this source type/year; fixed Jerusalem point,past modeled year
1911,lunar,T,0,0,all global events of this source type/year; fixed Jerusalem point,past modeled year
1912,solar,P,0,0,all global events of this source type/year; fixed Jerusalem point,past modeled year
1912,solar,A,0,0,all global events of this source type/year; fixed Jerusalem point,past modeled year
1912,solar,T,1,0,all global events of this source type/year; fixed Jerusalem point,past modeled year
1912,solar,H,1,1,all global events of this source type/year; fixed Jerusalem point,past modeled year
1912,lunar,N,0,0,all global events of this source type/year; fixed Jerusalem point,past modeled year
1912,lunar,P,2,1,all global events of this source type/year; fixed Jerusalem point,past modeled year
1912,lunar,T,0,0,all global events of this source type/year; fixed Jerusalem point,past modeled year
1913,solar,P,3,0,all global events of this source type/year; fixed Jerusalem point,past modeled year
1913,solar,A,0,0,all global events of this source type/year; fixed Jerusalem point,past modeled year
1913,solar,T,0,0,all global events of this source type/year; fixed Jerusalem point,past modeled year
1913,solar,H,0,0,all global events of this source type/year; fixed Jerusalem point,past modeled year
1913,lunar,N,0,0,all global events of this source type/year; fixed Jerusalem point,past modeled year
1913,lunar,P,0,0,all global events of this source type/year; fixed Jerusalem point,past modeled year
1913,lunar,T,2,1,all global events of this source type/year; fixed Jerusalem point,past modeled year
1914,solar,P,0,0,all global events of this source type/year; fixed Jerusalem point,past modeled year
1914,solar,A,1,0,all global events of this source type/year; fixed Jerusalem point,past modeled year
1914,solar,T,1,1,all global events of this source type/year; fixed Jerusalem point,past modeled year
1914,solar,H,0,0,all global events of this source type/year; fixed Jerusalem point,past modeled year
1914,lunar,N,0,0,all global events of this source type/year; fixed Jerusalem point,past modeled year
1914,lunar,P,2,2,all global events of this source type/year; fixed Jerusalem point,past modeled year
1914,lunar,T,0,0,all global events of this source type/year; fixed Jerusalem point,past modeled year
1915,solar,P,0,0,all global events of this source type/year; fixed Jerusalem point,past modeled year
1915,solar,A,2,0,all global events of this source type/year; fixed Jerusalem point,past modeled year
1915,solar,T,0,0,all global events of this source type/year; fixed Jerusalem point,past modeled year
1915,solar,H,0,0,all global events of this source type/year; fixed Jerusalem point,past modeled year
1915,lunar,N,4,3,all global events of this source type/year; fixed Jerusalem point,past modeled year
1915,lunar,P,0,0,all global events of this source type/year; fixed Jerusalem point,past modeled year
1915,lunar,T,0,0,all global events of this source type/year; fixed Jerusalem point,past modeled year
1916,solar,P,1,0,all global events of this source type/year; fixed Jerusalem point,past modeled year
1916,solar,A,1,0,all global events of this source type/year; fixed Jerusalem point,past modeled year
1916,solar,T,1,0,all global events of this source type/year; fixed Jerusalem point,past modeled year
1916,solar,H,0,0,all global events of this source type/year; fixed Jerusalem point,past modeled year
1916,lunar,N,0,0,all global events of this source type/year; fixed Jerusalem point,past modeled year
1916,lunar,P,2,1,all global events of this source type/year; fixed Jerusalem point,past modeled year
1916,lunar,T,0,0,all global events of this source type/year; fixed Jerusalem point,past modeled year
1917,solar,P,3,1,all global events of this source type/year; fixed Jerusalem point,past modeled year
1917,solar,A,1,0,all global events of this source type/year; fixed Jerusalem point,past modeled year
1917,solar,T,0,0,all global events of this source type/year; fixed Jerusalem point,past modeled year
1917,solar,H,0,0,all global events of this source type/year; fixed Jerusalem point,past modeled year
1917,lunar,N,0,0,all global events of this source type/year; fixed Jerusalem point,past modeled year
1917,lunar,P,0,0,all global events of this source type/year; fixed Jerusalem point,past modeled year
1917,lunar,T,3,1,all global events of this source type/year; fixed Jerusalem point,past modeled year
1918,solar,P,0,0,all global events of this source type/year; fixed Jerusalem point,past modeled year
1918,solar,A,1,0,all global events of this source type/year; fixed Jerusalem point,past modeled year
1918,solar,T,1,0,all global events of this source type/year; fixed Jerusalem point,past modeled year
1918,solar,H,0,0,all global events of this source type/year; fixed Jerusalem point,past modeled year
1918,lunar,N,1,1,all global events of this source type/year; fixed Jerusalem point,past modeled year
1918,lunar,P,1,0,all global events of this source type/year; fixed Jerusalem point,past modeled year
1918,lunar,T,0,0,all global events of this source type/year; fixed Jerusalem point,past modeled year
1919,solar,P,0,0,all global events of this source type/year; fixed Jerusalem point,past modeled year
1919,solar,A,1,0,all global events of this source type/year; fixed Jerusalem point,past modeled year
1919,solar,T,1,0,all global events of this source type/year; fixed Jerusalem point,past modeled year
1919,solar,H,0,0,all global events of this source type/year; fixed Jerusalem point,past modeled year
1919,lunar,N,1,1,all global events of this source type/year; fixed Jerusalem point,past modeled year
1919,lunar,P,1,1,all global events of this source type/year; fixed Jerusalem point,past modeled year
1919,lunar,T,0,0,all global events of this source type/year; fixed Jerusalem point,past modeled year
1920,solar,P,2,0,all global events of this source type/year; fixed Jerusalem point,past modeled year
1920,solar,A,0,0,all global events of this source type/year; fixed Jerusalem point,past modeled year
1920,solar,T,0,0,all global events of this source type/year; fixed Jerusalem point,past modeled year
1920,solar,H,0,0,all global events of this source type/year; fixed Jerusalem point,past modeled year
1920,lunar,N,0,0,all global events of this source type/year; fixed Jerusalem point,past modeled year
1920,lunar,P,0,0,all global events of this source type/year; fixed Jerusalem point,past modeled year
1920,lunar,T,2,2,all global events of this source type/year; fixed Jerusalem point,past modeled year
1921,solar,P,0,0,all global events of this source type/year; fixed Jerusalem point,past modeled year
1921,solar,A,1,1,all global events of this source type/year; fixed Jerusalem point,past modeled year
1921,solar,T,1,0,all global events of this source type/year; fixed Jerusalem point,past modeled year
1921,solar,H,0,0,all global events of this source type/year; fixed Jerusalem point,past modeled year
1921,lunar,N,0,0,all global events of this source type/year; fixed Jerusalem point,past modeled year
1921,lunar,P,1,1,all global events of this source type/year; fixed Jerusalem point,past modeled year
1921,lunar,T,1,0,all global events of this source type/year; fixed Jerusalem point,past modeled year
1922,solar,P,0,0,all global events of this source type/year; fixed Jerusalem point,past modeled year
1922,solar,A,1,1,all global events of this source type/year; fixed Jerusalem point,past modeled year
1922,solar,T,1,1,all global events of this source type/year; fixed Jerusalem point,past modeled year
1922,solar,H,0,0,all global events of this source type/year; fixed Jerusalem point,past modeled year
1922,lunar,N,3,2,all global events of this source type/year; fixed Jerusalem point,past modeled year
1922,lunar,P,0,0,all global events of this source type/year; fixed Jerusalem point,past modeled year
1922,lunar,T,0,0,all global events of this source type/year; fixed Jerusalem point,past modeled year
1923,solar,P,0,0,all global events of this source type/year; fixed Jerusalem point,past modeled year
1923,solar,A,1,0,all global events of this source type/year; fixed Jerusalem point,past modeled year
1923,solar,T,1,0,all global events of this source type/year; fixed Jerusalem point,past modeled year
1923,solar,H,0,0,all global events of this source type/year; fixed Jerusalem point,past modeled year
1923,lunar,N,0,0,all global events of this source type/year; fixed Jerusalem point,past modeled year
1923,lunar,P,2,1,all global events of this source type/year; fixed Jerusalem point,past modeled year
1923,lunar,T,0,0,all global events of this source type/year; fixed Jerusalem point,past modeled year
1924,solar,P,3,0,all global events of this source type/year; fixed Jerusalem point,past modeled year
1924,solar,A,0,0,all global events of this source type/year; fixed Jerusalem point,past modeled year
1924,solar,T,0,0,all global events of this source type/year; fixed Jerusalem point,past modeled year
1924,solar,H,0,0,all global events of this source type/year; fixed Jerusalem point,past modeled year
1924,lunar,N,0,0,all global events of this source type/year; fixed Jerusalem point,past modeled year
1924,lunar,P,0,0,all global events of this source type/year; fixed Jerusalem point,past modeled year
1924,lunar,T,2,2,all global events of this source type/year; fixed Jerusalem point,past modeled year
1925,solar,P,0,0,all global events of this source type/year; fixed Jerusalem point,past modeled year
1925,solar,A,1,0,all global events of this source type/year; fixed Jerusalem point,past modeled year
1925,solar,T,1,0,all global events of this source type/year; fixed Jerusalem point,past modeled year
1925,solar,H,0,0,all global events of this source type/year; fixed Jerusalem point,past modeled year
1925,lunar,N,0,0,all global events of this source type/year; fixed Jerusalem point,past modeled year
1925,lunar,P,2,1,all global events of this source type/year; fixed Jerusalem point,past modeled year
1925,lunar,T,0,0,all global events of this source type/year; fixed Jerusalem point,past modeled year
1926,solar,P,0,0,all global events of this source type/year; fixed Jerusalem point,past modeled year
1926,solar,A,1,0,all global events of this source type/year; fixed Jerusalem point,past modeled year
1926,solar,T,1,1,all global events of this source type/year; fixed Jerusalem point,past modeled year
1926,solar,H,0,0,all global events of this source type/year; fixed Jerusalem point,past modeled year
1926,lunar,N,4,3,all global events of this source type/year; fixed Jerusalem point,past modeled year
1926,lunar,P,0,0,all global events of this source type/year; fixed Jerusalem point,past modeled year
1926,lunar,T,0,0,all global events of this source type/year; fixed Jerusalem point,past modeled year
1927,solar,P,1,0,all global events of this source type/year; fixed Jerusalem point,past modeled year
1927,solar,A,1,0,all global events of this source type/year; fixed Jerusalem point,past modeled year
1927,solar,T,1,1,all global events of this source type/year; fixed Jerusalem point,past modeled year
1927,solar,H,0,0,all global events of this source type/year; fixed Jerusalem point,past modeled year
1927,lunar,N,0,0,all global events of this source type/year; fixed Jerusalem point,past modeled year
1927,lunar,P,0,0,all global events of this source type/year; fixed Jerusalem point,past modeled year
1927,lunar,T,2,1,all global events of this source type/year; fixed Jerusalem point,past modeled year
1928,solar,P,2,1,all global events of this source type/year; fixed Jerusalem point,past modeled year
1928,solar,A,0,0,all global events of this source type/year; fixed Jerusalem point,past modeled year
1928,solar,T,1,0,all global events of this source type/year; fixed Jerusalem point,past modeled year
1928,solar,H,0,0,all global events of this source type/year; fixed Jerusalem point,past modeled year
1928,lunar,N,0,0,all global events of this source type/year; fixed Jerusalem point,past modeled year
1928,lunar,P,0,0,all global events of this source type/year; fixed Jerusalem point,past modeled year
1928,lunar,T,2,0,all global events of this source type/year; fixed Jerusalem point,past modeled year
1929,solar,P,0,0,all global events of this source type/year; fixed Jerusalem point,past modeled year
1929,solar,A,1,1,all global events of this source type/year; fixed Jerusalem point,past modeled year
1929,solar,T,1,0,all global events of this source type/year; fixed Jerusalem point,past modeled year
1929,solar,H,0,0,all global events of this source type/year; fixed Jerusalem point,past modeled year
1929,lunar,N,2,1,all global events of this source type/year; fixed Jerusalem point,past modeled year
1929,lunar,P,0,0,all global events of this source type/year; fixed Jerusalem point,past modeled year
1929,lunar,T,0,0,all global events of this source type/year; fixed Jerusalem point,past modeled year
1930,solar,P,0,0,all global events of this source type/year; fixed Jerusalem point,past modeled year
1930,solar,A,0,0,all global events of this source type/year; fixed Jerusalem point,past modeled year
1930,solar,T,1,0,all global events of this source type/year; fixed Jerusalem point,past modeled year
1930,solar,H,1,0,all global events of this source type/year; fixed Jerusalem point,past modeled year
1930,lunar,N,0,0,all global events of this source type/year; fixed Jerusalem point,past modeled year
1930,lunar,P,2,1,all global events of this source type/year; fixed Jerusalem point,past modeled year
1930,lunar,T,0,0,all global events of this source type/year; fixed Jerusalem point,past modeled year
1931,solar,P,3,0,all global events of this source type/year; fixed Jerusalem point,past modeled year
1931,solar,A,0,0,all global events of this source type/year; fixed Jerusalem point,past modeled year
1931,solar,T,0,0,all global events of this source type/year; fixed Jerusalem point,past modeled year
1931,solar,H,0,0,all global events of this source type/year; fixed Jerusalem point,past modeled year
1931,lunar,N,0,0,all global events of this source type/year; fixed Jerusalem point,past modeled year
1931,lunar,P,0,0,all global events of this source type/year; fixed Jerusalem point,past modeled year
1931,lunar,T,2,2,all global events of this source type/year; fixed Jerusalem point,past modeled year
1932,solar,P,0,0,all global events of this source type/year; fixed Jerusalem point,past modeled year
1932,solar,A,1,0,all global events of this source type/year; fixed Jerusalem point,past modeled year
1932,solar,T,1,0,all global events of this source type/year; fixed Jerusalem point,past modeled year
1932,solar,H,0,0,all global events of this source type/year; fixed Jerusalem point,past modeled year
1932,lunar,N,0,0,all global events of this source type/year; fixed Jerusalem point,past modeled year
1932,lunar,P,2,1,all global events of this source type/year; fixed Jerusalem point,past modeled year
1932,lunar,T,0,0,all global events of this source type/year; fixed Jerusalem point,past modeled year
1933,solar,P,0,0,all global events of this source type/year; fixed Jerusalem point,past modeled year
1933,solar,A,2,2,all global events of this source type/year; fixed Jerusalem point,past modeled year
1933,solar,T,0,0,all global events of this source type/year; fixed Jerusalem point,past modeled year
1933,solar,H,0,0,all global events of this source type/year; fixed Jerusalem point,past modeled year
1933,lunar,N,4,3,all global events of this source type/year; fixed Jerusalem point,past modeled year
1933,lunar,P,0,0,all global events of this source type/year; fixed Jerusalem point,past modeled year
1933,lunar,T,0,0,all global events of this source type/year; fixed Jerusalem point,past modeled year
1934,solar,P,0,0,all global events of this source type/year; fixed Jerusalem point,past modeled year
1934,solar,A,1,0,all global events of this source type/year; fixed Jerusalem point,past modeled year
1934,solar,T,1,0,all global events of this source type/year; fixed Jerusalem point,past modeled year
1934,solar,H,0,0,all global events of this source type/year; fixed Jerusalem point,past modeled year
1934,lunar,N,0,0,all global events of this source type/year; fixed Jerusalem point,past modeled year
1934,lunar,P,2,1,all global events of this source type/year; fixed Jerusalem point,past modeled year
1934,lunar,T,0,0,all global events of this source type/year; fixed Jerusalem point,past modeled year
1935,solar,P,4,0,all global events of this source type/year; fixed Jerusalem point,past modeled year
1935,solar,A,1,0,all global events of this source type/year; fixed Jerusalem point,past modeled year
1935,solar,T,0,0,all global events of this source type/year; fixed Jerusalem point,past modeled year
1935,solar,H,0,0,all global events of this source type/year; fixed Jerusalem point,past modeled year
1935,lunar,N,0,0,all global events of this source type/year; fixed Jerusalem point,past modeled year
1935,lunar,P,0,0,all global events of this source type/year; fixed Jerusalem point,past modeled year
1935,lunar,T,2,2,all global events of this source type/year; fixed Jerusalem point,past modeled year
1936,solar,P,0,0,all global events of this source type/year; fixed Jerusalem point,past modeled year
1936,solar,A,1,0,all global events of this source type/year; fixed Jerusalem point,past modeled year
1936,solar,T,1,1,all global events of this source type/year; fixed Jerusalem point,past modeled year
1936,solar,H,0,0,all global events of this source type/year; fixed Jerusalem point,past modeled year
1936,lunar,N,1,1,all global events of this source type/year; fixed Jerusalem point,past modeled year
1936,lunar,P,1,1,all global events of this source type/year; fixed Jerusalem point,past modeled year
1936,lunar,T,1,1,all global events of this source type/year; fixed Jerusalem point,past modeled year
1937,solar,P,0,0,all global events of this source type/year; fixed Jerusalem point,past modeled year
1937,solar,A,1,0,all global events of this source type/year; fixed Jerusalem point,past modeled year
1937,solar,T,1,0,all global events of this source type/year; fixed Jerusalem point,past modeled year
1937,solar,H,0,0,all global events of this source type/year; fixed Jerusalem point,past modeled year
1937,lunar,N,1,0,all global events of this source type/year; fixed Jerusalem point,past modeled year
1937,lunar,P,1,0,all global events of this source type/year; fixed Jerusalem point,past modeled year
1937,lunar,T,0,0,all global events of this source type/year; fixed Jerusalem point,past modeled year
1938,solar,P,1,0,all global events of this source type/year; fixed Jerusalem point,past modeled year
1938,solar,A,0,0,all global events of this source type/year; fixed Jerusalem point,past modeled year
1938,solar,T,1,0,all global events of this source type/year; fixed Jerusalem point,past modeled year
1938,solar,H,0,0,all global events of this source type/year; fixed Jerusalem point,past modeled year
1938,lunar,N,0,0,all global events of this source type/year; fixed Jerusalem point,past modeled year
1938,lunar,P,0,0,all global events of this source type/year; fixed Jerusalem point,past modeled year
1938,lunar,T,2,1,all global events of this source type/year; fixed Jerusalem point,past modeled year
1939,solar,P,0,0,all global events of this source type/year; fixed Jerusalem point,past modeled year
1939,solar,A,1,0,all global events of this source type/year; fixed Jerusalem point,past modeled year
1939,solar,T,1,0,all global events of this source type/year; fixed Jerusalem point,past modeled year
1939,solar,H,0,0,all global events of this source type/year; fixed Jerusalem point,past modeled year
1939,lunar,N,0,0,all global events of this source type/year; fixed Jerusalem point,past modeled year
1939,lunar,P,1,1,all global events of this source type/year; fixed Jerusalem point,past modeled year
1939,lunar,T,1,1,all global events of this source type/year; fixed Jerusalem point,past modeled year
1940,solar,P,0,0,all global events of this source type/year; fixed Jerusalem point,past modeled year
1940,solar,A,1,0,all global events of this source type/year; fixed Jerusalem point,past modeled year
1940,solar,T,1,0,all global events of this source type/year; fixed Jerusalem point,past modeled year
1940,solar,H,0,0,all global events of this source type/year; fixed Jerusalem point,past modeled year
1940,lunar,N,3,2,all global events of this source type/year; fixed Jerusalem point,past modeled year
1940,lunar,P,0,0,all global events of this source type/year; fixed Jerusalem point,past modeled year
1940,lunar,T,0,0,all global events of this source type/year; fixed Jerusalem point,past modeled year
1941,solar,P,0,0,all global events of this source type/year; fixed Jerusalem point,past modeled year
1941,solar,A,1,0,all global events of this source type/year; fixed Jerusalem point,past modeled year
1941,solar,T,1,1,all global events of this source type/year; fixed Jerusalem point,past modeled year
1941,solar,H,0,0,all global events of this source type/year; fixed Jerusalem point,past modeled year
1941,lunar,N,0,0,all global events of this source type/year; fixed Jerusalem point,past modeled year
1941,lunar,P,2,1,all global events of this source type/year; fixed Jerusalem point,past modeled year
1941,lunar,T,0,0,all global events of this source type/year; fixed Jerusalem point,past modeled year
1942,solar,P,3,0,all global events of this source type/year; fixed Jerusalem point,past modeled year
1942,solar,A,0,0,all global events of this source type/year; fixed Jerusalem point,past modeled year
1942,solar,T,0,0,all global events of this source type/year; fixed Jerusalem point,past modeled year
1942,solar,H,0,0,all global events of this source type/year; fixed Jerusalem point,past modeled year
1942,lunar,N,0,0,all global events of this source type/year; fixed Jerusalem point,past modeled year
1942,lunar,P,0,0,all global events of this source type/year; fixed Jerusalem point,past modeled year
1942,lunar,T,2,2,all global events of this source type/year; fixed Jerusalem point,past modeled year
1943,solar,P,0,0,all global events of this source type/year; fixed Jerusalem point,past modeled year
1943,solar,A,1,0,all global events of this source type/year; fixed Jerusalem point,past modeled year
1943,solar,T,1,0,all global events of this source type/year; fixed Jerusalem point,past modeled year
1943,solar,H,0,0,all global events of this source type/year; fixed Jerusalem point,past modeled year
1943,lunar,N,0,0,all global events of this source type/year; fixed Jerusalem point,past modeled year
1943,lunar,P,2,2,all global events of this source type/year; fixed Jerusalem point,past modeled year
1943,lunar,T,0,0,all global events of this source type/year; fixed Jerusalem point,past modeled year
1944,solar,P,0,0,all global events of this source type/year; fixed Jerusalem point,past modeled year
1944,solar,A,1,1,all global events of this source type/year; fixed Jerusalem point,past modeled year
1944,solar,T,1,0,all global events of this source type/year; fixed Jerusalem point,past modeled year
1944,solar,H,0,0,all global events of this source type/year; fixed Jerusalem point,past modeled year
1944,lunar,N,4,2,all global events of this source type/year; fixed Jerusalem point,past modeled year
1944,lunar,P,0,0,all global events of this source type/year; fixed Jerusalem point,past modeled year
1944,lunar,T,0,0,all global events of this source type/year; fixed Jerusalem point,past modeled year
1945,solar,P,0,0,all global events of this source type/year; fixed Jerusalem point,past modeled year
1945,solar,A,1,0,all global events of this source type/year; fixed Jerusalem point,past modeled year
1945,solar,T,1,1,all global events of this source type/year; fixed Jerusalem point,past modeled year
1945,solar,H,0,0,all global events of this source type/year; fixed Jerusalem point,past modeled year
1945,lunar,N,0,0,all global events of this source type/year; fixed Jerusalem point,past modeled year
1945,lunar,P,1,1,all global events of this source type/year; fixed Jerusalem point,past modeled year
1945,lunar,T,1,1,all global events of this source type/year; fixed Jerusalem point,past modeled year
1946,solar,P,4,0,all global events of this source type/year; fixed Jerusalem point,past modeled year
1946,solar,A,0,0,all global events of this source type/year; fixed Jerusalem point,past modeled year
1946,solar,T,0,0,all global events of this source type/year; fixed Jerusalem point,past modeled year
1946,solar,H,0,0,all global events of this source type/year; fixed Jerusalem point,past modeled year
1946,lunar,N,0,0,all global events of this source type/year; fixed Jerusalem point,past modeled year
1946,lunar,P,0,0,all global events of this source type/year; fixed Jerusalem point,past modeled year
1946,lunar,T,2,2,all global events of this source type/year; fixed Jerusalem point,past modeled year
1947,solar,P,0,0,all global events of this source type/year; fixed Jerusalem point,past modeled year
1947,solar,A,1,0,all global events of this source type/year; fixed Jerusalem point,past modeled year
1947,solar,T,1,0,all global events of this source type/year; fixed Jerusalem point,past modeled year
1947,solar,H,0,0,all global events of this source type/year; fixed Jerusalem point,past modeled year
1947,lunar,N,1,0,all global events of this source type/year; fixed Jerusalem point,past modeled year
1947,lunar,P,1,1,all global events of this source type/year; fixed Jerusalem point,past modeled year
1947,lunar,T,0,0,all global events of this source type/year; fixed Jerusalem point,past modeled year
1948,solar,P,0,0,all global events of this source type/year; fixed Jerusalem point,past modeled year
1948,solar,A,1,0,all global events of this source type/year; fixed Jerusalem point,past modeled year
1948,solar,T,1,1,all global events of this source type/year; fixed Jerusalem point,past modeled year
1948,solar,H,0,0,all global events of this source type/year; fixed Jerusalem point,past modeled year
1948,lunar,N,1,1,all global events of this source type/year; fixed Jerusalem point,past modeled year
1948,lunar,P,1,0,all global events of this source type/year; fixed Jerusalem point,past modeled year
1948,lunar,T,0,0,all global events of this source type/year; fixed Jerusalem point,past modeled year
1949,solar,P,2,0,all global events of this source type/year; fixed Jerusalem point,past modeled year
1949,solar,A,0,0,all global events of this source type/year; fixed Jerusalem point,past modeled year
1949,solar,T,0,0,all global events of this source type/year; fixed Jerusalem point,past modeled year
1949,solar,H,0,0,all global events of this source type/year; fixed Jerusalem point,past modeled year
1949,lunar,N,0,0,all global events of this source type/year; fixed Jerusalem point,past modeled year
1949,lunar,P,0,0,all global events of this source type/year; fixed Jerusalem point,past modeled year
1949,lunar,T,2,2,all global events of this source type/year; fixed Jerusalem point,past modeled year
1950,solar,P,0,0,all global events of this source type/year; fixed Jerusalem point,past modeled year
1950,solar,A,1,0,all global events of this source type/year; fixed Jerusalem point,past modeled year
1950,solar,T,1,0,all global events of this source type/year; fixed Jerusalem point,past modeled year
1950,solar,H,0,0,all global events of this source type/year; fixed Jerusalem point,past modeled year
1950,lunar,N,0,0,all global events of this source type/year; fixed Jerusalem point,past modeled year
1950,lunar,P,0,0,all global events of this source type/year; fixed Jerusalem point,past modeled year
1950,lunar,T,2,2,all global events of this source type/year; fixed Jerusalem point,past modeled year
1951,solar,P,0,0,all global events of this source type/year; fixed Jerusalem point,past modeled year
1951,solar,A,2,0,all global events of this source type/year; fixed Jerusalem point,past modeled year
1951,solar,T,0,0,all global events of this source type/year; fixed Jerusalem point,past modeled year
1951,solar,H,0,0,all global events of this source type/year; fixed Jerusalem point,past modeled year
1951,lunar,N,3,1,all global events of this source type/year; fixed Jerusalem point,past modeled year
1951,lunar,P,0,0,all global events of this source type/year; fixed Jerusalem point,past modeled year
1951,lunar,T,0,0,all global events of this source type/year; fixed Jerusalem point,past modeled year
1952,solar,P,0,0,all global events of this source type/year; fixed Jerusalem point,past modeled year
1952,solar,A,1,0,all global events of this source type/year; fixed Jerusalem point,past modeled year
1952,solar,T,1,1,all global events of this source type/year; fixed Jerusalem point,past modeled year
1952,solar,H,0,0,all global events of this source type/year; fixed Jerusalem point,past modeled year
1952,lunar,N,0,0,all global events of this source type/year; fixed Jerusalem point,past modeled year
1952,lunar,P,2,2,all global events of this source type/year; fixed Jerusalem point,past modeled year
1952,lunar,T,0,0,all global events of this source type/year; fixed Jerusalem point,past modeled year
1953,solar,P,3,0,all global events of this source type/year; fixed Jerusalem point,past modeled year
1953,solar,A,0,0,all global events of this source type/year; fixed Jerusalem point,past modeled year
1953,solar,T,0,0,all global events of this source type/year; fixed Jerusalem point,past modeled year
1953,solar,H,0,0,all global events of this source type/year; fixed Jerusalem point,past modeled year
1953,lunar,N,0,0,all global events of this source type/year; fixed Jerusalem point,past modeled year
1953,lunar,P,0,0,all global events of this source type/year; fixed Jerusalem point,past modeled year
1953,lunar,T,2,1,all global events of this source type/year; fixed Jerusalem point,past modeled year
1954,solar,P,0,0,all global events of this source type/year; fixed Jerusalem point,past modeled year
1954,solar,A,2,0,all global events of this source type/year; fixed Jerusalem point,past modeled year
1954,solar,T,1,1,all global events of this source type/year; fixed Jerusalem point,past modeled year
1954,solar,H,0,0,all global events of this source type/year; fixed Jerusalem point,past modeled year
1954,lunar,N,0,0,all global events of this source type/year; fixed Jerusalem point,past modeled year
1954,lunar,P,1,1,all global events of this source type/year; fixed Jerusalem point,past modeled year
1954,lunar,T,1,1,all global events of this source type/year; fixed Jerusalem point,past modeled year
1955,solar,P,0,0,all global events of this source type/year; fixed Jerusalem point,past modeled year
1955,solar,A,1,1,all global events of this source type/year; fixed Jerusalem point,past modeled year
1955,solar,T,1,0,all global events of this source type/year; fixed Jerusalem point,past modeled year
1955,solar,H,0,0,all global events of this source type/year; fixed Jerusalem point,past modeled year
1955,lunar,N,2,0,all global events of this source type/year; fixed Jerusalem point,past modeled year
1955,lunar,P,1,1,all global events of this source type/year; fixed Jerusalem point,past modeled year
1955,lunar,T,0,0,all global events of this source type/year; fixed Jerusalem point,past modeled year
1956,solar,P,1,1,all global events of this source type/year; fixed Jerusalem point,past modeled year
1956,solar,A,0,0,all global events of this source type/year; fixed Jerusalem point,past modeled year
1956,solar,T,1,0,all global events of this source type/year; fixed Jerusalem point,past modeled year
1956,solar,H,0,0,all global events of this source type/year; fixed Jerusalem point,past modeled year
1956,lunar,N,0,0,all global events of this source type/year; fixed Jerusalem point,past modeled year
1956,lunar,P,1,1,all global events of this source type/year; fixed Jerusalem point,past modeled year
1956,lunar,T,1,1,all global events of this source type/year; fixed Jerusalem point,past modeled year
1957,solar,P,0,0,all global events of this source type/year; fixed Jerusalem point,past modeled year
1957,solar,A,1,0,all global events of this source type/year; fixed Jerusalem point,past modeled year
1957,solar,T,1,0,all global events of this source type/year; fixed Jerusalem point,past modeled year
1957,solar,H,0,0,all global events of this source type/year; fixed Jerusalem point,past modeled year
1957,lunar,N,0,0,all global events of this source type/year; fixed Jerusalem point,past modeled year
1957,lunar,P,0,0,all global events of this source type/year; fixed Jerusalem point,past modeled year
1957,lunar,T,2,2,all global events of this source type/year; fixed Jerusalem point,past modeled year
1958,solar,P,0,0,all global events of this source type/year; fixed Jerusalem point,past modeled year
1958,solar,A,1,0,all global events of this source type/year; fixed Jerusalem point,past modeled year
1958,solar,T,1,0,all global events of this source type/year; fixed Jerusalem point,past modeled year
1958,solar,H,0,0,all global events of this source type/year; fixed Jerusalem point,past modeled year
1958,lunar,N,2,1,all global events of this source type/year; fixed Jerusalem point,past modeled year
1958,lunar,P,1,0,all global events of this source type/year; fixed Jerusalem point,past modeled year
1958,lunar,T,0,0,all global events of this source type/year; fixed Jerusalem point,past modeled year
1959,solar,P,0,0,all global events of this source type/year; fixed Jerusalem point,past modeled year
1959,solar,A,1,0,all global events of this source type/year; fixed Jerusalem point,past modeled year
1959,solar,T,1,1,all global events of this source type/year; fixed Jerusalem point,past modeled year
1959,solar,H,0,0,all global events of this source type/year; fixed Jerusalem point,past modeled year
1959,lunar,N,1,1,all global events of this source type/year; fixed Jerusalem point,past modeled year
1959,lunar,P,1,1,all global events of this source type/year; fixed Jerusalem point,past modeled year
1959,lunar,T,0,0,all global events of this source type/year; fixed Jerusalem point,past modeled year
1960,solar,P,2,0,all global events of this source type/year; fixed Jerusalem point,past modeled year
1960,solar,A,0,0,all global events of this source type/year; fixed Jerusalem point,past modeled year
1960,solar,T,0,0,all global events of this source type/year; fixed Jerusalem point,past modeled year
1960,solar,H,0,0,all global events of this source type/year; fixed Jerusalem point,past modeled year
1960,lunar,N,0,0,all global events of this source type/year; fixed Jerusalem point,past modeled year
1960,lunar,P,0,0,all global events of this source type/year; fixed Jerusalem point,past modeled year
1960,lunar,T,2,0,all global events of this source type/year; fixed Jerusalem point,past modeled year
1961,solar,P,0,0,all global events of this source type/year; fixed Jerusalem point,past modeled year
1961,solar,A,1,0,all global events of this source type/year; fixed Jerusalem point,past modeled year
1961,solar,T,1,1,all global events of this source type/year; fixed Jerusalem point,past modeled year
1961,solar,H,0,0,all global events of this source type/year; fixed Jerusalem point,past modeled year
1961,lunar,N,0,0,all global events of this source type/year; fixed Jerusalem point,past modeled year
1961,lunar,P,2,2,all global events of this source type/year; fixed Jerusalem point,past modeled year
1961,lunar,T,0,0,all global events of this source type/year; fixed Jerusalem point,past modeled year
1962,solar,P,0,0,all global events of this source type/year; fixed Jerusalem point,past modeled year
1962,solar,A,1,0,all global events of this source type/year; fixed Jerusalem point,past modeled year
1962,solar,T,1,0,all global events of this source type/year; fixed Jerusalem point,past modeled year
1962,solar,H,0,0,all global events of this source type/year; fixed Jerusalem point,past modeled year
1962,lunar,N,3,1,all global events of this source type/year; fixed Jerusalem point,past modeled year
1962,lunar,P,0,0,all global events of this source type/year; fixed Jerusalem point,past modeled year
1962,lunar,T,0,0,all global events of this source type/year; fixed Jerusalem point,past modeled year
1963,solar,P,0,0,all global events of this source type/year; fixed Jerusalem point,past modeled year
1963,solar,A,1,0,all global events of this source type/year; fixed Jerusalem point,past modeled year
1963,solar,T,1,0,all global events of this source type/year; fixed Jerusalem point,past modeled year
1963,solar,H,0,0,all global events of this source type/year; fixed Jerusalem point,past modeled year
1963,lunar,N,1,1,all global events of this source type/year; fixed Jerusalem point,past modeled year
1963,lunar,P,1,1,all global events of this source type/year; fixed Jerusalem point,past modeled year
1963,lunar,T,1,0,all global events of this source type/year; fixed Jerusalem point,past modeled year
1964,solar,P,4,0,all global events of this source type/year; fixed Jerusalem point,past modeled year
1964,solar,A,0,0,all global events of this source type/year; fixed Jerusalem point,past modeled year
1964,solar,T,0,0,all global events of this source type/year; fixed Jerusalem point,past modeled year
1964,solar,H,0,0,all global events of this source type/year; fixed Jerusalem point,past modeled year
1964,lunar,N,0,0,all global events of this source type/year; fixed Jerusalem point,past modeled year
1964,lunar,P,0,0,all global events of this source type/year; fixed Jerusalem point,past modeled year
1964,lunar,T,2,2,all global events of this source type/year; fixed Jerusalem point,past modeled year
1965,solar,P,0,0,all global events of this source type/year; fixed Jerusalem point,past modeled year
1965,solar,A,1,0,all global events of this source type/year; fixed Jerusalem point,past modeled year
1965,solar,T,1,0,all global events of this source type/year; fixed Jerusalem point,past modeled year
1965,solar,H,0,0,all global events of this source type/year; fixed Jerusalem point,past modeled year
1965,lunar,N,1,1,all global events of this source type/year; fixed Jerusalem point,past modeled year
1965,lunar,P,1,1,all global events of this source type/year; fixed Jerusalem point,past modeled year
1965,lunar,T,0,0,all global events of this source type/year; fixed Jerusalem point,past modeled year
1966,solar,P,0,0,all global events of this source type/year; fixed Jerusalem point,past modeled year
1966,solar,A,1,1,all global events of this source type/year; fixed Jerusalem point,past modeled year
1966,solar,T,1,0,all global events of this source type/year; fixed Jerusalem point,past modeled year
1966,solar,H,0,0,all global events of this source type/year; fixed Jerusalem point,past modeled year
1966,lunar,N,2,1,all global events of this source type/year; fixed Jerusalem point,past modeled year
1966,lunar,P,0,0,all global events of this source type/year; fixed Jerusalem point,past modeled year
1966,lunar,T,0,0,all global events of this source type/year; fixed Jerusalem point,past modeled year
1967,solar,P,1,0,all global events of this source type/year; fixed Jerusalem point,past modeled year
1967,solar,A,0,0,all global events of this source type/year; fixed Jerusalem point,past modeled year
1967,solar,T,1,0,all global events of this source type/year; fixed Jerusalem point,past modeled year
1967,solar,H,0,0,all global events of this source type/year; fixed Jerusalem point,past modeled year
1967,lunar,N,0,0,all global events of this source type/year; fixed Jerusalem point,past modeled year
1967,lunar,P,0,0,all global events of this source type/year; fixed Jerusalem point,past modeled year
1967,lunar,T,2,0,all global events of this source type/year; fixed Jerusalem point,past modeled year
1968,solar,P,1,0,all global events of this source type/year; fixed Jerusalem point,past modeled year
1968,solar,A,0,0,all global events of this source type/year; fixed Jerusalem point,past modeled year
1968,solar,T,1,1,all global events of this source type/year; fixed Jerusalem point,past modeled year
1968,solar,H,0,0,all global events of this source type/year; fixed Jerusalem point,past modeled year
1968,lunar,N,0,0,all global events of this source type/year; fixed Jerusalem point,past modeled year
1968,lunar,P,0,0,all global events of this source type/year; fixed Jerusalem point,past modeled year
1968,lunar,T,2,1,all global events of this source type/year; fixed Jerusalem point,past modeled year
1969,solar,P,0,0,all global events of this source type/year; fixed Jerusalem point,past modeled year
1969,solar,A,2,0,all global events of this source type/year; fixed Jerusalem point,past modeled year
1969,solar,T,0,0,all global events of this source type/year; fixed Jerusalem point,past modeled year
1969,solar,H,0,0,all global events of this source type/year; fixed Jerusalem point,past modeled year
1969,lunar,N,3,2,all global events of this source type/year; fixed Jerusalem point,past modeled year
1969,lunar,P,0,0,all global events of this source type/year; fixed Jerusalem point,past modeled year
1969,lunar,T,0,0,all global events of this source type/year; fixed Jerusalem point,past modeled year
1970,solar,P,0,0,all global events of this source type/year; fixed Jerusalem point,past modeled year
1970,solar,A,1,0,all global events of this source type/year; fixed Jerusalem point,past modeled year
1970,solar,T,1,0,all global events of this source type/year; fixed Jerusalem point,past modeled year
1970,solar,H,0,0,all global events of this source type/year; fixed Jerusalem point,past modeled year
1970,lunar,N,0,0,all global events of this source type/year; fixed Jerusalem point,past modeled year
1970,lunar,P,2,1,all global events of this source type/year; fixed Jerusalem point,past modeled year
1970,lunar,T,0,0,all global events of this source type/year; fixed Jerusalem point,past modeled year
1971,solar,P,3,0,all global events of this source type/year; fixed Jerusalem point,past modeled year
1971,solar,A,0,0,all global events of this source type/year; fixed Jerusalem point,past modeled year
1971,solar,T,0,0,all global events of this source type/year; fixed Jerusalem point,past modeled year
1971,solar,H,0,0,all global events of this source type/year; fixed Jerusalem point,past modeled year
1971,lunar,N,0,0,all global events of this source type/year; fixed Jerusalem point,past modeled year
1971,lunar,P,0,0,all global events of this source type/year; fixed Jerusalem point,past modeled year
1971,lunar,T,2,1,all global events of this source type/year; fixed Jerusalem point,past modeled year
1972,solar,P,0,0,all global events of this source type/year; fixed Jerusalem point,past modeled year
1972,solar,A,1,0,all global events of this source type/year; fixed Jerusalem point,past modeled year
1972,solar,T,1,0,all global events of this source type/year; fixed Jerusalem point,past modeled year
1972,solar,H,0,0,all global events of this source type/year; fixed Jerusalem point,past modeled year
1972,lunar,N,0,0,all global events of this source type/year; fixed Jerusalem point,past modeled year
1972,lunar,P,1,0,all global events of this source type/year; fixed Jerusalem point,past modeled year
1972,lunar,T,1,0,all global events of this source type/year; fixed Jerusalem point,past modeled year
1973,solar,P,0,0,all global events of this source type/year; fixed Jerusalem point,past modeled year
1973,solar,A,2,0,all global events of this source type/year; fixed Jerusalem point,past modeled year
1973,solar,T,1,1,all global events of this source type/year; fixed Jerusalem point,past modeled year
1973,solar,H,0,0,all global events of this source type/year; fixed Jerusalem point,past modeled year
1973,lunar,N,3,2,all global events of this source type/year; fixed Jerusalem point,past modeled year
1973,lunar,P,1,1,all global events of this source type/year; fixed Jerusalem point,past modeled year
1973,lunar,T,0,0,all global events of this source type/year; fixed Jerusalem point,past modeled year
1974,solar,P,1,0,all global events of this source type/year; fixed Jerusalem point,past modeled year
1974,solar,A,0,0,all global events of this source type/year; fixed Jerusalem point,past modeled year
1974,solar,T,1,0,all global events of this source type/year; fixed Jerusalem point,past modeled year
1974,solar,H,0,0,all global events of this source type/year; fixed Jerusalem point,past modeled year
1974,lunar,N,0,0,all global events of this source type/year; fixed Jerusalem point,past modeled year
1974,lunar,P,1,1,all global events of this source type/year; fixed Jerusalem point,past modeled year
1974,lunar,T,1,1,all global events of this source type/year; fixed Jerusalem point,past modeled year
1975,solar,P,2,0,all global events of this source type/year; fixed Jerusalem point,past modeled year
1975,solar,A,0,0,all global events of this source type/year; fixed Jerusalem point,past modeled year
1975,solar,T,0,0,all global events of this source type/year; fixed Jerusalem point,past modeled year
1975,solar,H,0,0,all global events of this source type/year; fixed Jerusalem point,past modeled year
1975,lunar,N,0,0,all global events of this source type/year; fixed Jerusalem point,past modeled year
1975,lunar,P,0,0,all global events of this source type/year; fixed Jerusalem point,past modeled year
1975,lunar,T,2,1,all global events of this source type/year; fixed Jerusalem point,past modeled year
1976,solar,P,0,0,all global events of this source type/year; fixed Jerusalem point,past modeled year
1976,solar,A,1,1,all global events of this source type/year; fixed Jerusalem point,past modeled year
1976,solar,T,1,0,all global events of this source type/year; fixed Jerusalem point,past modeled year
1976,solar,H,0,0,all global events of this source type/year; fixed Jerusalem point,past modeled year
1976,lunar,N,1,1,all global events of this source type/year; fixed Jerusalem point,past modeled year
1976,lunar,P,1,1,all global events of this source type/year; fixed Jerusalem point,past modeled year
1976,lunar,T,0,0,all global events of this source type/year; fixed Jerusalem point,past modeled year
1977,solar,P,0,0,all global events of this source type/year; fixed Jerusalem point,past modeled year
1977,solar,A,1,0,all global events of this source type/year; fixed Jerusalem point,past modeled year
1977,solar,T,1,0,all global events of this source type/year; fixed Jerusalem point,past modeled year
1977,solar,H,0,0,all global events of this source type/year; fixed Jerusalem point,past modeled year
1977,lunar,N,1,0,all global events of this source type/year; fixed Jerusalem point,past modeled year
1977,lunar,P,1,1,all global events of this source type/year; fixed Jerusalem point,past modeled year
1977,lunar,T,0,0,all global events of this source type/year; fixed Jerusalem point,past modeled year
1978,solar,P,2,0,all global events of this source type/year; fixed Jerusalem point,past modeled year
1978,solar,A,0,0,all global events of this source type/year; fixed Jerusalem point,past modeled year
1978,solar,T,0,0,all global events of this source type/year; fixed Jerusalem point,past modeled year
1978,solar,H,0,0,all global events of this source type/year; fixed Jerusalem point,past modeled year
1978,lunar,N,0,0,all global events of this source type/year; fixed Jerusalem point,past modeled year
1978,lunar,P,0,0,all global events of this source type/year; fixed Jerusalem point,past modeled year
1978,lunar,T,2,2,all global events of this source type/year; fixed Jerusalem point,past modeled year
1979,solar,P,0,0,all global events of this source type/year; fixed Jerusalem point,past modeled year
1979,solar,A,1,0,all global events of this source type/year; fixed Jerusalem point,past modeled year
1979,solar,T,1,0,all global events of this source type/year; fixed Jerusalem point,past modeled year
1979,solar,H,0,0,all global events of this source type/year; fixed Jerusalem point,past modeled year
1979,lunar,N,0,0,all global events of this source type/year; fixed Jerusalem point,past modeled year
1979,lunar,P,1,1,all global events of this source type/year; fixed Jerusalem point,past modeled year
1979,lunar,T,1,0,all global events of this source type/year; fixed Jerusalem point,past modeled year
1980,solar,P,0,0,all global events of this source type/year; fixed Jerusalem point,past modeled year
1980,solar,A,1,0,all global events of this source type/year; fixed Jerusalem point,past modeled year
1980,solar,T,1,1,all global events of this source type/year; fixed Jerusalem point,past modeled year
1980,solar,H,0,0,all global events of this source type/year; fixed Jerusalem point,past modeled year
1980,lunar,N,3,3,all global events of this source type/year; fixed Jerusalem point,past modeled year
1980,lunar,P,0,0,all global events of this source type/year; fixed Jerusalem point,past modeled year
1980,lunar,T,0,0,all global events of this source type/year; fixed Jerusalem point,past modeled year
1981,solar,P,0,0,all global events of this source type/year; fixed Jerusalem point,past modeled year
1981,solar,A,1,0,all global events of this source type/year; fixed Jerusalem point,past modeled year
1981,solar,T,1,1,all global events of this source type/year; fixed Jerusalem point,past modeled year
1981,solar,H,0,0,all global events of this source type/year; fixed Jerusalem point,past modeled year
1981,lunar,N,1,0,all global events of this source type/year; fixed Jerusalem point,past modeled year
1981,lunar,P,1,1,all global events of this source type/year; fixed Jerusalem point,past modeled year
1981,lunar,T,0,0,all global events of this source type/year; fixed Jerusalem point,past modeled year
1982,solar,P,4,1,all global events of this source type/year; fixed Jerusalem point,past modeled year
1982,solar,A,0,0,all global events of this source type/year; fixed Jerusalem point,past modeled year
1982,solar,T,0,0,all global events of this source type/year; fixed Jerusalem point,past modeled year
1982,solar,H,0,0,all global events of this source type/year; fixed Jerusalem point,past modeled year
1982,lunar,N,0,0,all global events of this source type/year; fixed Jerusalem point,past modeled year
1982,lunar,P,0,0,all global events of this source type/year; fixed Jerusalem point,past modeled year
1982,lunar,T,3,1,all global events of this source type/year; fixed Jerusalem point,past modeled year
1983,solar,P,0,0,all global events of this source type/year; fixed Jerusalem point,past modeled year
1983,solar,A,1,1,all global events of this source type/year; fixed Jerusalem point,past modeled year
1983,solar,T,1,0,all global events of this source type/year; fixed Jerusalem point,past modeled year
1983,solar,H,0,0,all global events of this source type/year; fixed Jerusalem point,past modeled year
1983,lunar,N,1,1,all global events of this source type/year; fixed Jerusalem point,past modeled year
1983,lunar,P,1,0,all global events of this source type/year; fixed Jerusalem point,past modeled year
1983,lunar,T,0,0,all global events of this source type/year; fixed Jerusalem point,past modeled year
1984,solar,P,0,0,all global events of this source type/year; fixed Jerusalem point,past modeled year
1984,solar,A,1,0,all global events of this source type/year; fixed Jerusalem point,past modeled year
1984,solar,T,1,0,all global events of this source type/year; fixed Jerusalem point,past modeled year
1984,solar,H,0,0,all global events of this source type/year; fixed Jerusalem point,past modeled year
1984,lunar,N,3,2,all global events of this source type/year; fixed Jerusalem point,past modeled year
1984,lunar,P,0,0,all global events of this source type/year; fixed Jerusalem point,past modeled year
1984,lunar,T,0,0,all global events of this source type/year; fixed Jerusalem point,past modeled year
1985,solar,P,1,0,all global events of this source type/year; fixed Jerusalem point,past modeled year
1985,solar,A,0,0,all global events of this source type/year; fixed Jerusalem point,past modeled year
1985,solar,T,1,0,all global events of this source type/year; fixed Jerusalem point,past modeled year
1985,solar,H,0,0,all global events of this source type/year; fixed Jerusalem point,past modeled year
1985,lunar,N,0,0,all global events of this source type/year; fixed Jerusalem point,past modeled year
1985,lunar,P,0,0,all global events of this source type/year; fixed Jerusalem point,past modeled year
1985,lunar,T,2,2,all global events of this source type/year; fixed Jerusalem point,past modeled year
1986,solar,P,1,0,all global events of this source type/year; fixed Jerusalem point,past modeled year
1986,solar,A,0,0,all global events of this source type/year; fixed Jerusalem point,past modeled year
1986,solar,T,0,0,all global events of this source type/year; fixed Jerusalem point,past modeled year
1986,solar,H,1,0,all global events of this source type/year; fixed Jerusalem point,past modeled year
1986,lunar,N,0,0,all global events of this source type/year; fixed Jerusalem point,past modeled year
1986,lunar,P,0,0,all global events of this source type/year; fixed Jerusalem point,past modeled year
1986,lunar,T,2,1,all global events of this source type/year; fixed Jerusalem point,past modeled year
1987,solar,P,0,0,all global events of this source type/year; fixed Jerusalem point,past modeled year
1987,solar,A,1,0,all global events of this source type/year; fixed Jerusalem point,past modeled year
1987,solar,T,0,0,all global events of this source type/year; fixed Jerusalem point,past modeled year
1987,solar,H,1,1,all global events of this source type/year; fixed Jerusalem point,past modeled year
1987,lunar,N,2,2,all global events of this source type/year; fixed Jerusalem point,past modeled year
1987,lunar,P,0,0,all global events of this source type/year; fixed Jerusalem point,past modeled year
1987,lunar,T,0,0,all global events of this source type/year; fixed Jerusalem point,past modeled year
1988,solar,P,0,0,all global events of this source type/year; fixed Jerusalem point,past modeled year
1988,solar,A,1,0,all global events of this source type/year; fixed Jerusalem point,past modeled year
1988,solar,T,1,0,all global events of this source type/year; fixed Jerusalem point,past modeled year
1988,solar,H,0,0,all global events of this source type/year; fixed Jerusalem point,past modeled year
1988,lunar,N,1,1,all global events of this source type/year; fixed Jerusalem point,past modeled year
1988,lunar,P,1,0,all global events of this source type/year; fixed Jerusalem point,past modeled year
1988,lunar,T,0,0,all global events of this source type/year; fixed Jerusalem point,past modeled year
1989,solar,P,2,0,all global events of this source type/year; fixed Jerusalem point,past modeled year
1989,solar,A,0,0,all global events of this source type/year; fixed Jerusalem point,past modeled year
1989,solar,T,0,0,all global events of this source type/year; fixed Jerusalem point,past modeled year
1989,solar,H,0,0,all global events of this source type/year; fixed Jerusalem point,past modeled year
1989,lunar,N,0,0,all global events of this source type/year; fixed Jerusalem point,past modeled year
1989,lunar,P,0,0,all global events of this source type/year; fixed Jerusalem point,past modeled year
1989,lunar,T,2,2,all global events of this source type/year; fixed Jerusalem point,past modeled year
1990,solar,P,0,0,all global events of this source type/year; fixed Jerusalem point,past modeled year
1990,solar,A,1,0,all global events of this source type/year; fixed Jerusalem point,past modeled year
1990,solar,T,1,0,all global events of this source type/year; fixed Jerusalem point,past modeled year
1990,solar,H,0,0,all global events of this source type/year; fixed Jerusalem point,past modeled year
1990,lunar,N,0,0,all global events of this source type/year; fixed Jerusalem point,past modeled year
1990,lunar,P,1,1,all global events of this source type/year; fixed Jerusalem point,past modeled year
1990,lunar,T,1,1,all global events of this source type/year; fixed Jerusalem point,past modeled year
1991,solar,P,0,0,all global events of this source type/year; fixed Jerusalem point,past modeled year
1991,solar,A,1,0,all global events of this source type/year; fixed Jerusalem point,past modeled year
1991,solar,T,1,0,all global events of this source type/year; fixed Jerusalem point,past modeled year
1991,solar,H,0,0,all global events of this source type/year; fixed Jerusalem point,past modeled year
1991,lunar,N,3,3,all global events of this source type/year; fixed Jerusalem point,past modeled year
1991,lunar,P,1,0,all global events of this source type/year; fixed Jerusalem point,past modeled year
1991,lunar,T,0,0,all global events of this source type/year; fixed Jerusalem point,past modeled year
1992,solar,P,1,0,all global events of this source type/year; fixed Jerusalem point,past modeled year
1992,solar,A,1,0,all global events of this source type/year; fixed Jerusalem point,past modeled year
1992,solar,T,1,0,all global events of this source type/year; fixed Jerusalem point,past modeled year
1992,solar,H,0,0,all global events of this source type/year; fixed Jerusalem point,past modeled year
1992,lunar,N,0,0,all global events of this source type/year; fixed Jerusalem point,past modeled year
1992,lunar,P,1,1,all global events of this source type/year; fixed Jerusalem point,past modeled year
1992,lunar,T,1,1,all global events of this source type/year; fixed Jerusalem point,past modeled year
1993,solar,P,2,0,all global events of this source type/year; fixed Jerusalem point,past modeled year
1993,solar,A,0,0,all global events of this source type/year; fixed Jerusalem point,past modeled year
1993,solar,T,0,0,all global events of this source type/year; fixed Jerusalem point,past modeled year
1993,solar,H,0,0,all global events of this source type/year; fixed Jerusalem point,past modeled year
1993,lunar,N,0,0,all global events of this source type/year; fixed Jerusalem point,past modeled year
1993,lunar,P,0,0,all global events of this source type/year; fixed Jerusalem point,past modeled year
1993,lunar,T,2,1,all global events of this source type/year; fixed Jerusalem point,past modeled year
1994,solar,P,0,0,all global events of this source type/year; fixed Jerusalem point,past modeled year
1994,solar,A,1,0,all global events of this source type/year; fixed Jerusalem point,past modeled year
1994,solar,T,1,0,all global events of this source type/year; fixed Jerusalem point,past modeled year
1994,solar,H,0,0,all global events of this source type/year; fixed Jerusalem point,past modeled year
1994,lunar,N,1,0,all global events of this source type/year; fixed Jerusalem point,past modeled year
1994,lunar,P,1,1,all global events of this source type/year; fixed Jerusalem point,past modeled year
1994,lunar,T,0,0,all global events of this source type/year; fixed Jerusalem point,past modeled year
1995,solar,P,0,0,all global events of this source type/year; fixed Jerusalem point,past modeled year
1995,solar,A,1,0,all global events of this source type/year; fixed Jerusalem point,past modeled year
1995,solar,T,1,0,all global events of this source type/year; fixed Jerusalem point,past modeled year
1995,solar,H,0,0,all global events of this source type/year; fixed Jerusalem point,past modeled year
1995,lunar,N,1,1,all global events of this source type/year; fixed Jerusalem point,past modeled year
1995,lunar,P,1,0,all global events of this source type/year; fixed Jerusalem point,past modeled year
1995,lunar,T,0,0,all global events of this source type/year; fixed Jerusalem point,past modeled year
1996,solar,P,2,1,all global events of this source type/year; fixed Jerusalem point,past modeled year
1996,solar,A,0,0,all global events of this source type/year; fixed Jerusalem point,past modeled year
1996,solar,T,0,0,all global events of this source type/year; fixed Jerusalem point,past modeled year
1996,solar,H,0,0,all global events of this source type/year; fixed Jerusalem point,past modeled year
1996,lunar,N,0,0,all global events of this source type/year; fixed Jerusalem point,past modeled year
1996,lunar,P,0,0,all global events of this source type/year; fixed Jerusalem point,past modeled year
1996,lunar,T,2,2,all global events of this source type/year; fixed Jerusalem point,past modeled year
1997,solar,P,1,0,all global events of this source type/year; fixed Jerusalem point,past modeled year
1997,solar,A,0,0,all global events of this source type/year; fixed Jerusalem point,past modeled year
1997,solar,T,1,0,all global events of this source type/year; fixed Jerusalem point,past modeled year
1997,solar,H,0,0,all global events of this source type/year; fixed Jerusalem point,past modeled year
1997,lunar,N,0,0,all global events of this source type/year; fixed Jerusalem point,past modeled year
1997,lunar,P,1,1,all global events of this source type/year; fixed Jerusalem point,past modeled year
1997,lunar,T,1,1,all global events of this source type/year; fixed Jerusalem point,past modeled year
1998,solar,P,0,0,all global events of this source type/year; fixed Jerusalem point,past modeled year
1998,solar,A,1,0,all global events of this source type/year; fixed Jerusalem point,past modeled year
1998,solar,T,1,0,all global events of this source type/year; fixed Jerusalem point,past modeled year
1998,solar,H,0,0,all global events of this source type/year; fixed Jerusalem point,past modeled year
1998,lunar,N,3,2,all global events of this source type/year; fixed Jerusalem point,past modeled year
1998,lunar,P,0,0,all global events of this source type/year; fixed Jerusalem point,past modeled year
1998,lunar,T,0,0,all global events of this source type/year; fixed Jerusalem point,past modeled year
1999,solar,P,0,0,all global events of this source type/year; fixed Jerusalem point,past modeled year
1999,solar,A,1,0,all global events of this source type/year; fixed Jerusalem point,past modeled year
1999,solar,T,1,1,all global events of this source type/year; fixed Jerusalem point,past modeled year
1999,solar,H,0,0,all global events of this source type/year; fixed Jerusalem point,past modeled year
1999,lunar,N,1,1,all global events of this source type/year; fixed Jerusalem point,past modeled year
1999,lunar,P,1,0,all global events of this source type/year; fixed Jerusalem point,past modeled year
1999,lunar,T,0,0,all global events of this source type/year; fixed Jerusalem point,past modeled year
2000,solar,P,4,0,all global events of this source type/year; fixed Jerusalem point,past modeled year
2000,solar,A,0,0,all global events of this source type/year; fixed Jerusalem point,past modeled year
2000,solar,T,0,0,all global events of this source type/year; fixed Jerusalem point,past modeled year
2000,solar,H,0,0,all global events of this source type/year; fixed Jerusalem point,past modeled year
2000,lunar,N,0,0,all global events of this source type/year; fixed Jerusalem point,past modeled year
2000,lunar,P,0,0,all global events of this source type/year; fixed Jerusalem point,past modeled year
2000,lunar,T,2,2,all global events of this source type/year; fixed Jerusalem point,past modeled year
2001,solar,P,0,0,all global events of this source type/year; fixed Jerusalem point,past modeled year
2001,solar,A,1,0,all global events of this source type/year; fixed Jerusalem point,past modeled year
2001,solar,T,1,0,all global events of this source type/year; fixed Jerusalem point,past modeled year
2001,solar,H,0,0,all global events of this source type/year; fixed Jerusalem point,past modeled year
2001,lunar,N,1,0,all global events of this source type/year; fixed Jerusalem point,past modeled year
2001,lunar,P,1,1,all global events of this source type/year; fixed Jerusalem point,past modeled year
2001,lunar,T,1,1,all global events of this source type/year; fixed Jerusalem point,past modeled year
2002,solar,P,0,0,all global events of this source type/year; fixed Jerusalem point,past modeled year
2002,solar,A,1,0,all global events of this source type/year; fixed Jerusalem point,past modeled year
2002,solar,T,1,0,all global events of this source type/year; fixed Jerusalem point,past modeled year
2002,solar,H,0,0,all global events of this source type/year; fixed Jerusalem point,past modeled year
2002,lunar,N,3,2,all global events of this source type/year; fixed Jerusalem point,past modeled year
2002,lunar,P,0,0,all global events of this source type/year; fixed Jerusalem point,past modeled year
2002,lunar,T,0,0,all global events of this source type/year; fixed Jerusalem point,past modeled year
2003,solar,P,0,0,all global events of this source type/year; fixed Jerusalem point,past modeled year
2003,solar,A,1,1,all global events of this source type/year; fixed Jerusalem point,past modeled year
2003,solar,T,1,0,all global events of this source type/year; fixed Jerusalem point,past modeled year
2003,solar,H,0,0,all global events of this source type/year; fixed Jerusalem point,past modeled year
2003,lunar,N,0,0,all global events of this source type/year; fixed Jerusalem point,past modeled year
2003,lunar,P,0,0,all global events of this source type/year; fixed Jerusalem point,past modeled year
2003,lunar,T,2,2,all global events of this source type/year; fixed Jerusalem point,past modeled year
2004,solar,P,2,0,all global events of this source type/year; fixed Jerusalem point,past modeled year
2004,solar,A,0,0,all global events of this source type/year; fixed Jerusalem point,past modeled year
2004,solar,T,0,0,all global events of this source type/year; fixed Jerusalem point,past modeled year
2004,solar,H,0,0,all global events of this source type/year; fixed Jerusalem point,past modeled year
2004,lunar,N,0,0,all global events of this source type/year; fixed Jerusalem point,past modeled year
2004,lunar,P,0,0,all global events of this source type/year; fixed Jerusalem point,past modeled year
2004,lunar,T,2,2,all global events of this source type/year; fixed Jerusalem point,past modeled year
2005,solar,P,0,0,all global events of this source type/year; fixed Jerusalem point,past modeled year
2005,solar,A,1,1,all global events of this source type/year; fixed Jerusalem point,past modeled year
2005,solar,T,0,0,all global events of this source type/year; fixed Jerusalem point,past modeled year
2005,solar,H,1,0,all global events of this source type/year; fixed Jerusalem point,past modeled year
2005,lunar,N,1,0,all global events of this source type/year; fixed Jerusalem point,past modeled year
2005,lunar,P,1,0,all global events of this source type/year; fixed Jerusalem point,past modeled year
2005,lunar,T,0,0,all global events of this source type/year; fixed Jerusalem point,past modeled year
2006,solar,P,0,0,all global events of this source type/year; fixed Jerusalem point,past modeled year
2006,solar,A,1,0,all global events of this source type/year; fixed Jerusalem point,past modeled year
2006,solar,T,1,1,all global events of this source type/year; fixed Jerusalem point,past modeled year
2006,solar,H,0,0,all global events of this source type/year; fixed Jerusalem point,past modeled year
2006,lunar,N,1,1,all global events of this source type/year; fixed Jerusalem point,past modeled year
2006,lunar,P,1,1,all global events of this source type/year; fixed Jerusalem point,past modeled year
2006,lunar,T,0,0,all global events of this source type/year; fixed Jerusalem point,past modeled year
2007,solar,P,2,0,all global events of this source type/year; fixed Jerusalem point,past modeled year
2007,solar,A,0,0,all global events of this source type/year; fixed Jerusalem point,past modeled year
2007,solar,T,0,0,all global events of this source type/year; fixed Jerusalem point,past modeled year
2007,solar,H,0,0,all global events of this source type/year; fixed Jerusalem point,past modeled year
2007,lunar,N,0,0,all global events of this source type/year; fixed Jerusalem point,past modeled year
2007,lunar,P,0,0,all global events of this source type/year; fixed Jerusalem point,past modeled year
2007,lunar,T,2,1,all global events of this source type/year; fixed Jerusalem point,past modeled year
2008,solar,P,0,0,all global events of this source type/year; fixed Jerusalem point,past modeled year
2008,solar,A,1,0,all global events of this source type/year; fixed Jerusalem point,past modeled year
2008,solar,T,1,1,all global events of this source type/year; fixed Jerusalem point,past modeled year
2008,solar,H,0,0,all global events of this source type/year; fixed Jerusalem point,past modeled year
2008,lunar,N,0,0,all global events of this source type/year; fixed Jerusalem point,past modeled year
2008,lunar,P,1,1,all global events of this source type/year; fixed Jerusalem point,past modeled year
2008,lunar,T,1,1,all global events of this source type/year; fixed Jerusalem point,past modeled year
2009,solar,P,0,0,all global events of this source type/year; fixed Jerusalem point,past modeled year
2009,solar,A,1,0,all global events of this source type/year; fixed Jerusalem point,past modeled year
2009,solar,T,1,0,all global events of this source type/year; fixed Jerusalem point,past modeled year
2009,solar,H,0,0,all global events of this source type/year; fixed Jerusalem point,past modeled year
2009,lunar,N,3,2,all global events of this source type/year; fixed Jerusalem point,past modeled year
2009,lunar,P,1,1,all global events of this source type/year; fixed Jerusalem point,past modeled year
2009,lunar,T,0,0,all global events of this source type/year; fixed Jerusalem point,past modeled year
2010,solar,P,0,0,all global events of this source type/year; fixed Jerusalem point,past modeled year
2010,solar,A,1,1,all global events of this source type/year; fixed Jerusalem point,past modeled year
2010,solar,T,1,0,all global events of this source type/year; fixed Jerusalem point,past modeled year
2010,solar,H,0,0,all global events of this source type/year; fixed Jerusalem point,past modeled year
2010,lunar,N,0,0,all global events of this source type/year; fixed Jerusalem point,past modeled year
2010,lunar,P,1,0,all global events of this source type/year; fixed Jerusalem point,past modeled year
2010,lunar,T,1,0,all global events of this source type/year; fixed Jerusalem point,past modeled year
2011,solar,P,4,1,all global events of this source type/year; fixed Jerusalem point,past modeled year
2011,solar,A,0,0,all global events of this source type/year; fixed Jerusalem point,past modeled year
2011,solar,T,0,0,all global events of this source type/year; fixed Jerusalem point,past modeled year
2011,solar,H,0,0,all global events of this source type/year; fixed Jerusalem point,past modeled year
2011,lunar,N,0,0,all global events of this source type/year; fixed Jerusalem point,past modeled year
2011,lunar,P,0,0,all global events of this source type/year; fixed Jerusalem point,past modeled year
2011,lunar,T,2,2,all global events of this source type/year; fixed Jerusalem point,past modeled year
2012,solar,P,0,0,all global events of this source type/year; fixed Jerusalem point,past modeled year
2012,solar,A,1,0,all global events of this source type/year; fixed Jerusalem point,past modeled year
2012,solar,T,1,0,all global events of this source type/year; fixed Jerusalem point,past modeled year
2012,solar,H,0,0,all global events of this source type/year; fixed Jerusalem point,past modeled year
2012,lunar,N,1,1,all global events of this source type/year; fixed Jerusalem point,past modeled year
2012,lunar,P,1,0,all global events of this source type/year; fixed Jerusalem point,past modeled year
2012,lunar,T,0,0,all global events of this source type/year; fixed Jerusalem point,past modeled year
2013,solar,P,0,0,all global events of this source type/year; fixed Jerusalem point,past modeled year
2013,solar,A,1,0,all global events of this source type/year; fixed Jerusalem point,past modeled year
2013,solar,T,0,0,all global events of this source type/year; fixed Jerusalem point,past modeled year
2013,solar,H,1,1,all global events of this source type/year; fixed Jerusalem point,past modeled year
2013,lunar,N,2,1,all global events of this source type/year; fixed Jerusalem point,past modeled year
2013,lunar,P,1,1,all global events of this source type/year; fixed Jerusalem point,past modeled year
2013,lunar,T,0,0,all global events of this source type/year; fixed Jerusalem point,past modeled year
2014,solar,P,1,0,all global events of this source type/year; fixed Jerusalem point,past modeled year
2014,solar,A,1,0,all global events of this source type/year; fixed Jerusalem point,past modeled year
2014,solar,T,0,0,all global events of this source type/year; fixed Jerusalem point,past modeled year
2014,solar,H,0,0,all global events of this source type/year; fixed Jerusalem point,past modeled year
2014,lunar,N,0,0,all global events of this source type/year; fixed Jerusalem point,past modeled year
2014,lunar,P,0,0,all global events of this source type/year; fixed Jerusalem point,past modeled year
2014,lunar,T,2,0,all global events of this source type/year; fixed Jerusalem point,past modeled year
2015,solar,P,1,0,all global events of this source type/year; fixed Jerusalem point,past modeled year
2015,solar,A,0,0,all global events of this source type/year; fixed Jerusalem point,past modeled year
2015,solar,T,1,1,all global events of this source type/year; fixed Jerusalem point,past modeled year
2015,solar,H,0,0,all global events of this source type/year; fixed Jerusalem point,past modeled year
2015,lunar,N,0,0,all global events of this source type/year; fixed Jerusalem point,past modeled year
2015,lunar,P,0,0,all global events of this source type/year; fixed Jerusalem point,past modeled year
2015,lunar,T,2,1,all global events of this source type/year; fixed Jerusalem point,past modeled year
2016,solar,P,0,0,all global events of this source type/year; fixed Jerusalem point,past modeled year
2016,solar,A,1,0,all global events of this source type/year; fixed Jerusalem point,past modeled year
2016,solar,T,1,0,all global events of this source type/year; fixed Jerusalem point,past modeled year
2016,solar,H,0,0,all global events of this source type/year; fixed Jerusalem point,past modeled year
2016,lunar,N,2,1,all global events of this source type/year; fixed Jerusalem point,past modeled year
2016,lunar,P,0,0,all global events of this source type/year; fixed Jerusalem point,past modeled year
2016,lunar,T,0,0,all global events of this source type/year; fixed Jerusalem point,past modeled year
2017,solar,P,0,0,all global events of this source type/year; fixed Jerusalem point,past modeled year
2017,solar,A,1,0,all global events of this source type/year; fixed Jerusalem point,past modeled year
2017,solar,T,1,0,all global events of this source type/year; fixed Jerusalem point,past modeled year
2017,solar,H,0,0,all global events of this source type/year; fixed Jerusalem point,past modeled year
2017,lunar,N,1,1,all global events of this source type/year; fixed Jerusalem point,past modeled year
2017,lunar,P,1,1,all global events of this source type/year; fixed Jerusalem point,past modeled year
2017,lunar,T,0,0,all global events of this source type/year; fixed Jerusalem point,past modeled year
2018,solar,P,3,0,all global events of this source type/year; fixed Jerusalem point,past modeled year
2018,solar,A,0,0,all global events of this source type/year; fixed Jerusalem point,past modeled year
2018,solar,T,0,0,all global events of this source type/year; fixed Jerusalem point,past modeled year
2018,solar,H,0,0,all global events of this source type/year; fixed Jerusalem point,past modeled year
2018,lunar,N,0,0,all global events of this source type/year; fixed Jerusalem point,past modeled year
2018,lunar,P,0,0,all global events of this source type/year; fixed Jerusalem point,past modeled year
2018,lunar,T,2,2,all global events of this source type/year; fixed Jerusalem point,past modeled year
2019,solar,P,1,0,all global events of this source type/year; fixed Jerusalem point,past modeled year
2019,solar,A,1,1,all global events of this source type/year; fixed Jerusalem point,past modeled year
2019,solar,T,1,0,all global events of this source type/year; fixed Jerusalem point,past modeled year
2019,solar,H,0,0,all global events of this source type/year; fixed Jerusalem point,past modeled year
2019,lunar,N,0,0,all global events of this source type/year; fixed Jerusalem point,past modeled year
2019,lunar,P,1,1,all global events of this source type/year; fixed Jerusalem point,past modeled year
2019,lunar,T,1,1,all global events of this source type/year; fixed Jerusalem point,past modeled year
2020,solar,P,0,0,all global events of this source type/year; fixed Jerusalem point,past modeled year
2020,solar,A,1,1,all global events of this source type/year; fixed Jerusalem point,past modeled year
2020,solar,T,1,0,all global events of this source type/year; fixed Jerusalem point,past modeled year
2020,solar,H,0,0,all global events of this source type/year; fixed Jerusalem point,past modeled year
2020,lunar,N,4,2,all global events of this source type/year; fixed Jerusalem point,past modeled year
2020,lunar,P,0,0,all global events of this source type/year; fixed Jerusalem point,past modeled year
2020,lunar,T,0,0,all global events of this source type/year; fixed Jerusalem point,past modeled year
2021,solar,P,0,0,all global events of this source type/year; fixed Jerusalem point,past modeled year
2021,solar,A,1,0,all global events of this source type/year; fixed Jerusalem point,past modeled year
2021,solar,T,1,0,all global events of this source type/year; fixed Jerusalem point,past modeled year
2021,solar,H,0,0,all global events of this source type/year; fixed Jerusalem point,past modeled year
2021,lunar,N,0,0,all global events of this source type/year; fixed Jerusalem point,past modeled year
2021,lunar,P,1,0,all global events of this source type/year; fixed Jerusalem point,past modeled year
2021,lunar,T,1,0,all global events of this source type/year; fixed Jerusalem point,past modeled year
2022,solar,P,2,1,all global events of this source type/year; fixed Jerusalem point,past modeled year
2022,solar,A,0,0,all global events of this source type/year; fixed Jerusalem point,past modeled year
2022,solar,T,0,0,all global events of this source type/year; fixed Jerusalem point,past modeled year
2022,solar,H,0,0,all global events of this source type/year; fixed Jerusalem point,past modeled year
2022,lunar,N,0,0,all global events of this source type/year; fixed Jerusalem point,past modeled year
2022,lunar,P,0,0,all global events of this source type/year; fixed Jerusalem point,past modeled year
2022,lunar,T,2,1,all global events of this source type/year; fixed Jerusalem point,past modeled year
2023,solar,P,0,0,all global events of this source type/year; fixed Jerusalem point,past modeled year
2023,solar,A,1,0,all global events of this source type/year; fixed Jerusalem point,past modeled year
2023,solar,T,0,0,all global events of this source type/year; fixed Jerusalem point,past modeled year
2023,solar,H,1,0,all global events of this source type/year; fixed Jerusalem point,past modeled year
2023,lunar,N,1,1,all global events of this source type/year; fixed Jerusalem point,past modeled year
2023,lunar,P,1,1,all global events of this source type/year; fixed Jerusalem point,past modeled year
2023,lunar,T,0,0,all global events of this source type/year; fixed Jerusalem point,past modeled year
2024,solar,P,0,0,all global events of this source type/year; fixed Jerusalem point,past modeled year
2024,solar,A,1,0,all global events of this source type/year; fixed Jerusalem point,past modeled year
2024,solar,T,1,0,all global events of this source type/year; fixed Jerusalem point,past modeled year
2024,solar,H,0,0,all global events of this source type/year; fixed Jerusalem point,past modeled year
2024,lunar,N,1,0,all global events of this source type/year; fixed Jerusalem point,past modeled year
2024,lunar,P,1,1,all global events of this source type/year; fixed Jerusalem point,past modeled year
2024,lunar,T,0,0,all global events of this source type/year; fixed Jerusalem point,past modeled year
2025,solar,P,2,0,all global events of this source type/year; fixed Jerusalem point,past modeled year
2025,solar,A,0,0,all global events of this source type/year; fixed Jerusalem point,past modeled year
2025,solar,T,0,0,all global events of this source type/year; fixed Jerusalem point,past modeled year
2025,solar,H,0,0,all global events of this source type/year; fixed Jerusalem point,past modeled year
2025,lunar,N,0,0,all global events of this source type/year; fixed Jerusalem point,past modeled year
2025,lunar,P,0,0,all global events of this source type/year; fixed Jerusalem point,past modeled year
2025,lunar,T,2,1,all global events of this source type/year; fixed Jerusalem point,past modeled year
2026,solar,P,0,0,all global events of this source type/year; fixed Jerusalem point,current model year; includes future scheduled dates
2026,solar,A,1,0,all global events of this source type/year; fixed Jerusalem point,current model year; includes future scheduled dates
2026,solar,T,1,0,all global events of this source type/year; fixed Jerusalem point,current model year; includes future scheduled dates
2026,solar,H,0,0,all global events of this source type/year; fixed Jerusalem point,current model year; includes future scheduled dates
2026,lunar,N,0,0,all global events of this source type/year; fixed Jerusalem point,current model year; includes future scheduled dates
2026,lunar,P,1,1,all global events of this source type/year; fixed Jerusalem point,current model year; includes future scheduled dates
2026,lunar,T,1,0,all global events of this source type/year; fixed Jerusalem point,current model year; includes future scheduled dates
2027,solar,P,0,0,all global events of this source type/year; fixed Jerusalem point,future model year
2027,solar,A,1,0,all global events of this source type/year; fixed Jerusalem point,future model year
2027,solar,T,1,1,all global events of this source type/year; fixed Jerusalem point,future model year
2027,solar,H,0,0,all global events of this source type/year; fixed Jerusalem point,future model year
2027,lunar,N,3,1,all global events of this source type/year; fixed Jerusalem point,future model year
2027,lunar,P,0,0,all global events of this source type/year; fixed Jerusalem point,future model year
2027,lunar,T,0,0,all global events of this source type/year; fixed Jerusalem point,future model year
2028,solar,P,0,0,all global events of this source type/year; fixed Jerusalem point,future model year
2028,solar,A,1,0,all global events of this source type/year; fixed Jerusalem point,future model year
2028,solar,T,1,0,all global events of this source type/year; fixed Jerusalem point,future model year
2028,solar,H,0,0,all global events of this source type/year; fixed Jerusalem point,future model year
2028,lunar,N,0,0,all global events of this source type/year; fixed Jerusalem point,future model year
2028,lunar,P,2,2,all global events of this source type/year; fixed Jerusalem point,future model year
2028,lunar,T,1,1,all global events of this source type/year; fixed Jerusalem point,future model year
2029,solar,P,4,0,all global events of this source type/year; fixed Jerusalem point,future model year
2029,solar,A,0,0,all global events of this source type/year; fixed Jerusalem point,future model year
2029,solar,T,0,0,all global events of this source type/year; fixed Jerusalem point,future model year
2029,solar,H,0,0,all global events of this source type/year; fixed Jerusalem point,future model year
2029,lunar,N,0,0,all global events of this source type/year; fixed Jerusalem point,future model year
2029,lunar,P,0,0,all global events of this source type/year; fixed Jerusalem point,future model year
2029,lunar,T,2,2,all global events of this source type/year; fixed Jerusalem point,future model year
2030,solar,P,0,0,all global events of this source type/year; fixed Jerusalem point,future model year
2030,solar,A,1,1,all global events of this source type/year; fixed Jerusalem point,future model year
2030,solar,T,1,0,all global events of this source type/year; fixed Jerusalem point,future model year
2030,solar,H,0,0,all global events of this source type/year; fixed Jerusalem point,future model year
2030,lunar,N,1,1,all global events of this source type/year; fixed Jerusalem point,future model year
2030,lunar,P,1,1,all global events of this source type/year; fixed Jerusalem point,future model year
2030,lunar,T,0,0,all global events of this source type/year; fixed Jerusalem point,future model year
2031,solar,P,0,0,all global events of this source type/year; fixed Jerusalem point,future model year
2031,solar,A,1,0,all global events of this source type/year; fixed Jerusalem point,future model year
2031,solar,T,0,0,all global events of this source type/year; fixed Jerusalem point,future model year
2031,solar,H,1,0,all global events of this source type/year; fixed Jerusalem point,future model year
2031,lunar,N,3,1,all global events of this source type/year; fixed Jerusalem point,future model year
2031,lunar,P,0,0,all global events of this source type/year; fixed Jerusalem point,future model year
2031,lunar,T,0,0,all global events of this source type/year; fixed Jerusalem point,future model year
2032,solar,P,1,0,all global events of this source type/year; fixed Jerusalem point,future model year
2032,solar,A,1,0,all global events of this source type/year; fixed Jerusalem point,future model year
2032,solar,T,0,0,all global events of this source type/year; fixed Jerusalem point,future model year
2032,solar,H,0,0,all global events of this source type/year; fixed Jerusalem point,future model year
2032,lunar,N,0,0,all global events of this source type/year; fixed Jerusalem point,future model year
2032,lunar,P,0,0,all global events of this source type/year; fixed Jerusalem point,future model year
2032,lunar,T,2,2,all global events of this source type/year; fixed Jerusalem point,future model year
2033,solar,P,1,0,all global events of this source type/year; fixed Jerusalem point,future model year
2033,solar,A,0,0,all global events of this source type/year; fixed Jerusalem point,future model year
2033,solar,T,1,0,all global events of this source type/year; fixed Jerusalem point,future model year
2033,solar,H,0,0,all global events of this source type/year; fixed Jerusalem point,future model year
2033,lunar,N,0,0,all global events of this source type/year; fixed Jerusalem point,future model year
2033,lunar,P,0,0,all global events of this source type/year; fixed Jerusalem point,future model year
2033,lunar,T,2,1,all global events of this source type/year; fixed Jerusalem point,future model year
2034,solar,P,0,0,all global events of this source type/year; fixed Jerusalem point,future model year
2034,solar,A,1,0,all global events of this source type/year; fixed Jerusalem point,future model year
2034,solar,T,1,1,all global events of this source type/year; fixed Jerusalem point,future model year
2034,solar,H,0,0,all global events of this source type/year; fixed Jerusalem point,future model year
2034,lunar,N,1,1,all global events of this source type/year; fixed Jerusalem point,future model year
2034,lunar,P,1,1,all global events of this source type/year; fixed Jerusalem point,future model year
2034,lunar,T,0,0,all global events of this source type/year; fixed Jerusalem point,future model year
2035,solar,P,0,0,all global events of this source type/year; fixed Jerusalem point,future model year
2035,solar,A,1,0,all global events of this source type/year; fixed Jerusalem point,future model year
2035,solar,T,1,0,all global events of this source type/year; fixed Jerusalem point,future model year
2035,solar,H,0,0,all global events of this source type/year; fixed Jerusalem point,future model year
2035,lunar,N,1,0,all global events of this source type/year; fixed Jerusalem point,future model year
2035,lunar,P,1,1,all global events of this source type/year; fixed Jerusalem point,future model year
2035,lunar,T,0,0,all global events of this source type/year; fixed Jerusalem point,future model year
2036,solar,P,3,0,all global events of this source type/year; fixed Jerusalem point,future model year
2036,solar,A,0,0,all global events of this source type/year; fixed Jerusalem point,future model year
2036,solar,T,0,0,all global events of this source type/year; fixed Jerusalem point,future model year
2036,solar,H,0,0,all global events of this source type/year; fixed Jerusalem point,future model year
2036,lunar,N,0,0,all global events of this source type/year; fixed Jerusalem point,future model year
2036,lunar,P,0,0,all global events of this source type/year; fixed Jerusalem point,future model year
2036,lunar,T,2,2,all global events of this source type/year; fixed Jerusalem point,future model year
2037,solar,P,1,1,all global events of this source type/year; fixed Jerusalem point,future model year
2037,solar,A,0,0,all global events of this source type/year; fixed Jerusalem point,future model year
2037,solar,T,1,0,all global events of this source type/year; fixed Jerusalem point,future model year
2037,solar,H,0,0,all global events of this source type/year; fixed Jerusalem point,future model year
2037,lunar,N,0,0,all global events of this source type/year; fixed Jerusalem point,future model year
2037,lunar,P,1,1,all global events of this source type/year; fixed Jerusalem point,future model year
2037,lunar,T,1,1,all global events of this source type/year; fixed Jerusalem point,future model year
2038,solar,P,0,0,all global events of this source type/year; fixed Jerusalem point,future model year
2038,solar,A,2,2,all global events of this source type/year; fixed Jerusalem point,future model year
2038,solar,T,1,0,all global events of this source type/year; fixed Jerusalem point,future model year
2038,solar,H,0,0,all global events of this source type/year; fixed Jerusalem point,future model year
2038,lunar,N,4,3,all global events of this source type/year; fixed Jerusalem point,future model year
2038,lunar,P,0,0,all global events of this source type/year; fixed Jerusalem point,future model year
2038,lunar,T,0,0,all global events of this source type/year; fixed Jerusalem point,future model year
2039,solar,P,0,0,all global events of this source type/year; fixed Jerusalem point,future model year
2039,solar,A,1,0,all global events of this source type/year; fixed Jerusalem point,future model year
2039,solar,T,1,0,all global events of this source type/year; fixed Jerusalem point,future model year
2039,solar,H,0,0,all global events of this source type/year; fixed Jerusalem point,future model year
2039,lunar,N,0,0,all global events of this source type/year; fixed Jerusalem point,future model year
2039,lunar,P,2,2,all global events of this source type/year; fixed Jerusalem point,future model year
2039,lunar,T,0,0,all global events of this source type/year; fixed Jerusalem point,future model year
2040,solar,P,2,0,all global events of this source type/year; fixed Jerusalem point,future model year
2040,solar,A,0,0,all global events of this source type/year; fixed Jerusalem point,future model year
2040,solar,T,0,0,all global events of this source type/year; fixed Jerusalem point,future model year
2040,solar,H,0,0,all global events of this source type/year; fixed Jerusalem point,future model year
2040,lunar,N,0,0,all global events of this source type/year; fixed Jerusalem point,future model year
2040,lunar,P,0,0,all global events of this source type/year; fixed Jerusalem point,future model year
2040,lunar,T,2,1,all global events of this source type/year; fixed Jerusalem point,future model year
2041,solar,P,0,0,all global events of this source type/year; fixed Jerusalem point,future model year
2041,solar,A,1,0,all global events of this source type/year; fixed Jerusalem point,future model year
2041,solar,T,1,1,all global events of this source type/year; fixed Jerusalem point,future model year
2041,solar,H,0,0,all global events of this source type/year; fixed Jerusalem point,future model year
2041,lunar,N,0,0,all global events of this source type/year; fixed Jerusalem point,future model year
2041,lunar,P,2,2,all global events of this source type/year; fixed Jerusalem point,future model year
2041,lunar,T,0,0,all global events of this source type/year; fixed Jerusalem point,future model year
2042,solar,P,0,0,all global events of this source type/year; fixed Jerusalem point,future model year
2042,solar,A,1,0,all global events of this source type/year; fixed Jerusalem point,future model year
2042,solar,T,1,0,all global events of this source type/year; fixed Jerusalem point,future model year
2042,solar,H,0,0,all global events of this source type/year; fixed Jerusalem point,future model year
2042,lunar,N,2,1,all global events of this source type/year; fixed Jerusalem point,future model year
2042,lunar,P,0,0,all global events of this source type/year; fixed Jerusalem point,future model year
2042,lunar,T,0,0,all global events of this source type/year; fixed Jerusalem point,future model year
2043,solar,P,0,0,all global events of this source type/year; fixed Jerusalem point,future model year
2043,solar,A,1,0,all global events of this source type/year; fixed Jerusalem point,future model year
2043,solar,T,1,0,all global events of this source type/year; fixed Jerusalem point,future model year
2043,solar,H,0,0,all global events of this source type/year; fixed Jerusalem point,future model year
2043,lunar,N,0,0,all global events of this source type/year; fixed Jerusalem point,future model year
2043,lunar,P,0,0,all global events of this source type/year; fixed Jerusalem point,future model year
2043,lunar,T,2,2,all global events of this source type/year; fixed Jerusalem point,future model year
2044,solar,P,0,0,all global events of this source type/year; fixed Jerusalem point,future model year
2044,solar,A,1,0,all global events of this source type/year; fixed Jerusalem point,future model year
2044,solar,T,1,0,all global events of this source type/year; fixed Jerusalem point,future model year
2044,solar,H,0,0,all global events of this source type/year; fixed Jerusalem point,future model year
2044,lunar,N,0,0,all global events of this source type/year; fixed Jerusalem point,future model year
2044,lunar,P,0,0,all global events of this source type/year; fixed Jerusalem point,future model year
2044,lunar,T,2,1,all global events of this source type/year; fixed Jerusalem point,future model year
2045,solar,P,0,0,all global events of this source type/year; fixed Jerusalem point,future model year
2045,solar,A,1,0,all global events of this source type/year; fixed Jerusalem point,future model year
2045,solar,T,1,0,all global events of this source type/year; fixed Jerusalem point,future model year
2045,solar,H,0,0,all global events of this source type/year; fixed Jerusalem point,future model year
2045,lunar,N,2,0,all global events of this source type/year; fixed Jerusalem point,future model year
2045,lunar,P,0,0,all global events of this source type/year; fixed Jerusalem point,future model year
2045,lunar,T,0,0,all global events of this source type/year; fixed Jerusalem point,future model year
2046,solar,P,0,0,all global events of this source type/year; fixed Jerusalem point,future model year
2046,solar,A,1,0,all global events of this source type/year; fixed Jerusalem point,future model year
2046,solar,T,1,0,all global events of this source type/year; fixed Jerusalem point,future model year
2046,solar,H,0,0,all global events of this source type/year; fixed Jerusalem point,future model year
2046,lunar,N,0,0,all global events of this source type/year; fixed Jerusalem point,future model year
2046,lunar,P,2,1,all global events of this source type/year; fixed Jerusalem point,future model year
2046,lunar,T,0,0,all global events of this source type/year; fixed Jerusalem point,future model year
2047,solar,P,4,0,all global events of this source type/year; fixed Jerusalem point,future model year
2047,solar,A,0,0,all global events of this source type/year; fixed Jerusalem point,future model year
2047,solar,T,0,0,all global events of this source type/year; fixed Jerusalem point,future model year
2047,solar,H,0,0,all global events of this source type/year; fixed Jerusalem point,future model year
2047,lunar,N,0,0,all global events of this source type/year; fixed Jerusalem point,future model year
2047,lunar,P,0,0,all global events of this source type/year; fixed Jerusalem point,future model year
2047,lunar,T,2,1,all global events of this source type/year; fixed Jerusalem point,future model year
2048,solar,P,0,0,all global events of this source type/year; fixed Jerusalem point,future model year
2048,solar,A,1,1,all global events of this source type/year; fixed Jerusalem point,future model year
2048,solar,T,1,0,all global events of this source type/year; fixed Jerusalem point,future model year
2048,solar,H,0,0,all global events of this source type/year; fixed Jerusalem point,future model year
2048,lunar,N,1,1,all global events of this source type/year; fixed Jerusalem point,future model year
2048,lunar,P,1,1,all global events of this source type/year; fixed Jerusalem point,future model year
2048,lunar,T,1,1,all global events of this source type/year; fixed Jerusalem point,future model year
2049,solar,P,0,0,all global events of this source type/year; fixed Jerusalem point,future model year
2049,solar,A,1,0,all global events of this source type/year; fixed Jerusalem point,future model year
2049,solar,T,0,0,all global events of this source type/year; fixed Jerusalem point,future model year
2049,solar,H,1,1,all global events of this source type/year; fixed Jerusalem point,future model year
2049,lunar,N,3,2,all global events of this source type/year; fixed Jerusalem point,future model year
2049,lunar,P,0,0,all global events of this source type/year; fixed Jerusalem point,future model year
2049,lunar,T,0,0,all global events of this source type/year; fixed Jerusalem point,future model year
2050,solar,P,1,1,all global events of this source type/year; fixed Jerusalem point,future model year
2050,solar,A,0,0,all global events of this source type/year; fixed Jerusalem point,future model year
2050,solar,T,0,0,all global events of this source type/year; fixed Jerusalem point,future model year
2050,solar,H,1,0,all global events of this source type/year; fixed Jerusalem point,future model year
2050,lunar,N,0,0,all global events of this source type/year; fixed Jerusalem point,future model year
2050,lunar,P,0,0,all global events of this source type/year; fixed Jerusalem point,future model year
2050,lunar,T,2,2,all global events of this source type/year; fixed Jerusalem point,future model year
2051,solar,P,2,0,all global events of this source type/year; fixed Jerusalem point,future model year
2051,solar,A,0,0,all global events of this source type/year; fixed Jerusalem point,future model year
2051,solar,T,0,0,all global events of this source type/year; fixed Jerusalem point,future model year
2051,solar,H,0,0,all global events of this source type/year; fixed Jerusalem point,future model year
2051,lunar,N,0,0,all global events of this source type/year; fixed Jerusalem point,future model year
2051,lunar,P,0,0,all global events of this source type/year; fixed Jerusalem point,future model year
2051,lunar,T,2,2,all global events of this source type/year; fixed Jerusalem point,future model year
2052,solar,P,0,0,all global events of this source type/year; fixed Jerusalem point,future model year
2052,solar,A,1,0,all global events of this source type/year; fixed Jerusalem point,future model year
2052,solar,T,1,0,all global events of this source type/year; fixed Jerusalem point,future model year
2052,solar,H,0,0,all global events of this source type/year; fixed Jerusalem point,future model year
2052,lunar,N,1,1,all global events of this source type/year; fixed Jerusalem point,future model year
2052,lunar,P,1,0,all global events of this source type/year; fixed Jerusalem point,future model year
2052,lunar,T,0,0,all global events of this source type/year; fixed Jerusalem point,future model year
2053,solar,P,0,0,all global events of this source type/year; fixed Jerusalem point,future model year
2053,solar,A,1,0,all global events of this source type/year; fixed Jerusalem point,future model year
2053,solar,T,1,1,all global events of this source type/year; fixed Jerusalem point,future model year
2053,solar,H,0,0,all global events of this source type/year; fixed Jerusalem point,future model year
2053,lunar,N,2,1,all global events of this source type/year; fixed Jerusalem point,future model year
2053,lunar,P,0,0,all global events of this source type/year; fixed Jerusalem point,future model year
2053,lunar,T,0,0,all global events of this source type/year; fixed Jerusalem point,future model year
2054,solar,P,3,0,all global events of this source type/year; fixed Jerusalem point,future model year
2054,solar,A,0,0,all global events of this source type/year; fixed Jerusalem point,future model year
2054,solar,T,0,0,all global events of this source type/year; fixed Jerusalem point,future model year
2054,solar,H,0,0,all global events of this source type/year; fixed Jerusalem point,future model year
2054,lunar,N,0,0,all global events of this source type/year; fixed Jerusalem point,future model year
2054,lunar,P,0,0,all global events of this source type/year; fixed Jerusalem point,future model year
2054,lunar,T,2,0,all global events of this source type/year; fixed Jerusalem point,future model year
2055,solar,P,1,0,all global events of this source type/year; fixed Jerusalem point,future model year
2055,solar,A,0,0,all global events of this source type/year; fixed Jerusalem point,future model year
2055,solar,T,1,0,all global events of this source type/year; fixed Jerusalem point,future model year
2055,solar,H,0,0,all global events of this source type/year; fixed Jerusalem point,future model year
2055,lunar,N,0,0,all global events of this source type/year; fixed Jerusalem point,future model year
2055,lunar,P,1,0,all global events of this source type/year; fixed Jerusalem point,future model year
2055,lunar,T,1,1,all global events of this source type/year; fixed Jerusalem point,future model year
2056,solar,P,0,0,all global events of this source type/year; fixed Jerusalem point,future model year
2056,solar,A,2,0,all global events of this source type/year; fixed Jerusalem point,future model year
2056,solar,T,0,0,all global events of this source type/year; fixed Jerusalem point,future model year
2056,solar,H,0,0,all global events of this source type/year; fixed Jerusalem point,future model year
2056,lunar,N,4,2,all global events of this source type/year; fixed Jerusalem point,future model year
2056,lunar,P,0,0,all global events of this source type/year; fixed Jerusalem point,future model year
2056,lunar,T,0,0,all global events of this source type/year; fixed Jerusalem point,future model year
2057,solar,P,0,0,all global events of this source type/year; fixed Jerusalem point,future model year
2057,solar,A,1,0,all global events of this source type/year; fixed Jerusalem point,future model year
2057,solar,T,2,0,all global events of this source type/year; fixed Jerusalem point,future model year
2057,solar,H,0,0,all global events of this source type/year; fixed Jerusalem point,future model year
2057,lunar,N,0,0,all global events of this source type/year; fixed Jerusalem point,future model year
2057,lunar,P,2,2,all global events of this source type/year; fixed Jerusalem point,future model year
2057,lunar,T,0,0,all global events of this source type/year; fixed Jerusalem point,future model year
2058,solar,P,3,0,all global events of this source type/year; fixed Jerusalem point,future model year
2058,solar,A,0,0,all global events of this source type/year; fixed Jerusalem point,future model year
2058,solar,T,0,0,all global events of this source type/year; fixed Jerusalem point,future model year
2058,solar,H,0,0,all global events of this source type/year; fixed Jerusalem point,future model year
2058,lunar,N,0,0,all global events of this source type/year; fixed Jerusalem point,future model year
2058,lunar,P,0,0,all global events of this source type/year; fixed Jerusalem point,future model year
2058,lunar,T,2,2,all global events of this source type/year; fixed Jerusalem point,future model year
2059,solar,P,0,0,all global events of this source type/year; fixed Jerusalem point,future model year
2059,solar,A,1,1,all global events of this source type/year; fixed Jerusalem point,future model year
2059,solar,T,1,0,all global events of this source type/year; fixed Jerusalem point,future model year
2059,solar,H,0,0,all global events of this source type/year; fixed Jerusalem point,future model year
2059,lunar,N,0,0,all global events of this source type/year; fixed Jerusalem point,future model year
2059,lunar,P,2,1,all global events of this source type/year; fixed Jerusalem point,future model year
2059,lunar,T,0,0,all global events of this source type/year; fixed Jerusalem point,future model year
2060,solar,P,0,0,all global events of this source type/year; fixed Jerusalem point,future model year
2060,solar,A,1,0,all global events of this source type/year; fixed Jerusalem point,future model year
2060,solar,T,1,1,all global events of this source type/year; fixed Jerusalem point,future model year
2060,solar,H,0,0,all global events of this source type/year; fixed Jerusalem point,future model year
2060,lunar,N,3,3,all global events of this source type/year; fixed Jerusalem point,future model year
2060,lunar,P,0,0,all global events of this source type/year; fixed Jerusalem point,future model year
2060,lunar,T,0,0,all global events of this source type/year; fixed Jerusalem point,future model year
2061,solar,P,0,0,all global events of this source type/year; fixed Jerusalem point,future model year
2061,solar,A,1,0,all global events of this source type/year; fixed Jerusalem point,future model year
2061,solar,T,1,0,all global events of this source type/year; fixed Jerusalem point,future model year
2061,solar,H,0,0,all global events of this source type/year; fixed Jerusalem point,future model year
2061,lunar,N,0,0,all global events of this source type/year; fixed Jerusalem point,future model year
2061,lunar,P,0,0,all global events of this source type/year; fixed Jerusalem point,future model year
2061,lunar,T,2,1,all global events of this source type/year; fixed Jerusalem point,future model year
2062,solar,P,2,0,all global events of this source type/year; fixed Jerusalem point,future model year
2062,solar,A,0,0,all global events of this source type/year; fixed Jerusalem point,future model year
2062,solar,T,0,0,all global events of this source type/year; fixed Jerusalem point,future model year
2062,solar,H,0,0,all global events of this source type/year; fixed Jerusalem point,future model year
2062,lunar,N,0,0,all global events of this source type/year; fixed Jerusalem point,future model year
2062,lunar,P,0,0,all global events of this source type/year; fixed Jerusalem point,future model year
2062,lunar,T,2,2,all global events of this source type/year; fixed Jerusalem point,future model year
2063,solar,P,0,0,all global events of this source type/year; fixed Jerusalem point,future model year
2063,solar,A,1,0,all global events of this source type/year; fixed Jerusalem point,future model year
2063,solar,T,1,0,all global events of this source type/year; fixed Jerusalem point,future model year
2063,solar,H,0,0,all global events of this source type/year; fixed Jerusalem point,future model year
2063,lunar,N,1,1,all global events of this source type/year; fixed Jerusalem point,future model year
2063,lunar,P,1,1,all global events of this source type/year; fixed Jerusalem point,future model year
2063,lunar,T,0,0,all global events of this source type/year; fixed Jerusalem point,future model year
2064,solar,P,0,0,all global events of this source type/year; fixed Jerusalem point,future model year
2064,solar,A,1,1,all global events of this source type/year; fixed Jerusalem point,future model year
2064,solar,T,1,0,all global events of this source type/year; fixed Jerusalem point,future model year
2064,solar,H,0,0,all global events of this source type/year; fixed Jerusalem point,future model year
2064,lunar,N,0,0,all global events of this source type/year; fixed Jerusalem point,future model year
2064,lunar,P,2,1,all global events of this source type/year; fixed Jerusalem point,future model year
2064,lunar,T,0,0,all global events of this source type/year; fixed Jerusalem point,future model year
2065,solar,P,4,1,all global events of this source type/year; fixed Jerusalem point,future model year
2065,solar,A,0,0,all global events of this source type/year; fixed Jerusalem point,future model year
2065,solar,T,0,0,all global events of this source type/year; fixed Jerusalem point,future model year
2065,solar,H,0,0,all global events of this source type/year; fixed Jerusalem point,future model year
2065,lunar,N,0,0,all global events of this source type/year; fixed Jerusalem point,future model year
2065,lunar,P,0,0,all global events of this source type/year; fixed Jerusalem point,future model year
2065,lunar,T,2,1,all global events of this source type/year; fixed Jerusalem point,future model year
2066,solar,P,0,0,all global events of this source type/year; fixed Jerusalem point,future model year
2066,solar,A,1,0,all global events of this source type/year; fixed Jerusalem point,future model year
2066,solar,T,1,0,all global events of this source type/year; fixed Jerusalem point,future model year
2066,solar,H,0,0,all global events of this source type/year; fixed Jerusalem point,future model year
2066,lunar,N,1,1,all global events of this source type/year; fixed Jerusalem point,future model year
2066,lunar,P,1,0,all global events of this source type/year; fixed Jerusalem point,future model year
2066,lunar,T,1,1,all global events of this source type/year; fixed Jerusalem point,future model year
2067,solar,P,0,0,all global events of this source type/year; fixed Jerusalem point,future model year
2067,solar,A,1,0,all global events of this source type/year; fixed Jerusalem point,future model year
2067,solar,T,0,0,all global events of this source type/year; fixed Jerusalem point,future model year
2067,solar,H,1,0,all global events of this source type/year; fixed Jerusalem point,future model year
2067,lunar,N,3,3,all global events of this source type/year; fixed Jerusalem point,future model year
2067,lunar,P,0,0,all global events of this source type/year; fixed Jerusalem point,future model year
2067,lunar,T,0,0,all global events of this source type/year; fixed Jerusalem point,future model year
2068,solar,P,1,0,all global events of this source type/year; fixed Jerusalem point,future model year
2068,solar,A,0,0,all global events of this source type/year; fixed Jerusalem point,future model year
2068,solar,T,1,0,all global events of this source type/year; fixed Jerusalem point,future model year
2068,solar,H,0,0,all global events of this source type/year; fixed Jerusalem point,future model year
2068,lunar,N,0,0,all global events of this source type/year; fixed Jerusalem point,future model year
2068,lunar,P,1,0,all global events of this source type/year; fixed Jerusalem point,future model year
2068,lunar,T,1,0,all global events of this source type/year; fixed Jerusalem point,future model year
2069,solar,P,3,0,all global events of this source type/year; fixed Jerusalem point,future model year
2069,solar,A,0,0,all global events of this source type/year; fixed Jerusalem point,future model year
2069,solar,T,0,0,all global events of this source type/year; fixed Jerusalem point,future model year
2069,solar,H,0,0,all global events of this source type/year; fixed Jerusalem point,future model year
2069,lunar,N,0,0,all global events of this source type/year; fixed Jerusalem point,future model year
2069,lunar,P,0,0,all global events of this source type/year; fixed Jerusalem point,future model year
2069,lunar,T,2,1,all global events of this source type/year; fixed Jerusalem point,future model year
2070,solar,P,0,0,all global events of this source type/year; fixed Jerusalem point,future model year
2070,solar,A,1,0,all global events of this source type/year; fixed Jerusalem point,future model year
2070,solar,T,1,0,all global events of this source type/year; fixed Jerusalem point,future model year
2070,solar,H,0,0,all global events of this source type/year; fixed Jerusalem point,future model year
2070,lunar,N,1,0,all global events of this source type/year; fixed Jerusalem point,future model year
2070,lunar,P,1,1,all global events of this source type/year; fixed Jerusalem point,future model year
2070,lunar,T,0,0,all global events of this source type/year; fixed Jerusalem point,future model year
2071,solar,P,0,0,all global events of this source type/year; fixed Jerusalem point,future model year
2071,solar,A,1,0,all global events of this source type/year; fixed Jerusalem point,future model year
2071,solar,T,1,0,all global events of this source type/year; fixed Jerusalem point,future model year
2071,solar,H,0,0,all global events of this source type/year; fixed Jerusalem point,future model year
2071,lunar,N,2,2,all global events of this source type/year; fixed Jerusalem point,future model year
2071,lunar,P,0,0,all global events of this source type/year; fixed Jerusalem point,future model year
2071,lunar,T,0,0,all global events of this source type/year; fixed Jerusalem point,future model year
2072,solar,P,1,0,all global events of this source type/year; fixed Jerusalem point,future model year
2072,solar,A,0,0,all global events of this source type/year; fixed Jerusalem point,future model year
2072,solar,T,1,0,all global events of this source type/year; fixed Jerusalem point,future model year
2072,solar,H,0,0,all global events of this source type/year; fixed Jerusalem point,future model year
2072,lunar,N,0,0,all global events of this source type/year; fixed Jerusalem point,future model year
2072,lunar,P,0,0,all global events of this source type/year; fixed Jerusalem point,future model year
2072,lunar,T,2,2,all global events of this source type/year; fixed Jerusalem point,future model year
2073,solar,P,1,0,all global events of this source type/year; fixed Jerusalem point,future model year
2073,solar,A,0,0,all global events of this source type/year; fixed Jerusalem point,future model year
2073,solar,T,1,0,all global events of this source type/year; fixed Jerusalem point,future model year
2073,solar,H,0,0,all global events of this source type/year; fixed Jerusalem point,future model year
2073,lunar,N,0,0,all global events of this source type/year; fixed Jerusalem point,future model year
2073,lunar,P,0,0,all global events of this source type/year; fixed Jerusalem point,future model year
2073,lunar,T,2,1,all global events of this source type/year; fixed Jerusalem point,future model year
2074,solar,P,0,0,all global events of this source type/year; fixed Jerusalem point,future model year
2074,solar,A,2,1,all global events of this source type/year; fixed Jerusalem point,future model year
2074,solar,T,0,0,all global events of this source type/year; fixed Jerusalem point,future model year
2074,solar,H,0,0,all global events of this source type/year; fixed Jerusalem point,future model year
2074,lunar,N,3,3,all global events of this source type/year; fixed Jerusalem point,future model year
2074,lunar,P,0,0,all global events of this source type/year; fixed Jerusalem point,future model year
2074,lunar,T,0,0,all global events of this source type/year; fixed Jerusalem point,future model year
2075,solar,P,0,0,all global events of this source type/year; fixed Jerusalem point,future model year
2075,solar,A,1,1,all global events of this source type/year; fixed Jerusalem point,future model year
2075,solar,T,1,0,all global events of this source type/year; fixed Jerusalem point,future model year
2075,solar,H,0,0,all global events of this source type/year; fixed Jerusalem point,future model year
2075,lunar,N,1,0,all global events of this source type/year; fixed Jerusalem point,future model year
2075,lunar,P,2,0,all global events of this source type/year; fixed Jerusalem point,future model year
2075,lunar,T,0,0,all global events of this source type/year; fixed Jerusalem point,future model year
2076,solar,P,3,1,all global events of this source type/year; fixed Jerusalem point,future model year
2076,solar,A,0,0,all global events of this source type/year; fixed Jerusalem point,future model year
2076,solar,T,1,0,all global events of this source type/year; fixed Jerusalem point,future model year
2076,solar,H,0,0,all global events of this source type/year; fixed Jerusalem point,future model year
2076,lunar,N,0,0,all global events of this source type/year; fixed Jerusalem point,future model year
2076,lunar,P,0,0,all global events of this source type/year; fixed Jerusalem point,future model year
2076,lunar,T,2,1,all global events of this source type/year; fixed Jerusalem point,future model year
2077,solar,P,0,0,all global events of this source type/year; fixed Jerusalem point,future model year
2077,solar,A,1,0,all global events of this source type/year; fixed Jerusalem point,future model year
2077,solar,T,1,0,all global events of this source type/year; fixed Jerusalem point,future model year
2077,solar,H,0,0,all global events of this source type/year; fixed Jerusalem point,future model year
2077,lunar,N,0,0,all global events of this source type/year; fixed Jerusalem point,future model year
2077,lunar,P,2,2,all global events of this source type/year; fixed Jerusalem point,future model year
2077,lunar,T,0,0,all global events of this source type/year; fixed Jerusalem point,future model year
2078,solar,P,0,0,all global events of this source type/year; fixed Jerusalem point,future model year
2078,solar,A,1,0,all global events of this source type/year; fixed Jerusalem point,future model year
2078,solar,T,1,0,all global events of this source type/year; fixed Jerusalem point,future model year
2078,solar,H,0,0,all global events of this source type/year; fixed Jerusalem point,future model year
2078,lunar,N,3,2,all global events of this source type/year; fixed Jerusalem point,future model year
2078,lunar,P,0,0,all global events of this source type/year; fixed Jerusalem point,future model year
2078,lunar,T,0,0,all global events of this source type/year; fixed Jerusalem point,future model year
2079,solar,P,0,0,all global events of this source type/year; fixed Jerusalem point,future model year
2079,solar,A,1,0,all global events of this source type/year; fixed Jerusalem point,future model year
2079,solar,T,1,0,all global events of this source type/year; fixed Jerusalem point,future model year
2079,solar,H,0,0,all global events of this source type/year; fixed Jerusalem point,future model year
2079,lunar,N,0,0,all global events of this source type/year; fixed Jerusalem point,future model year
2079,lunar,P,1,1,all global events of this source type/year; fixed Jerusalem point,future model year
2079,lunar,T,1,1,all global events of this source type/year; fixed Jerusalem point,future model year
2080,solar,P,2,0,all global events of this source type/year; fixed Jerusalem point,future model year
2080,solar,A,0,0,all global events of this source type/year; fixed Jerusalem point,future model year
2080,solar,T,0,0,all global events of this source type/year; fixed Jerusalem point,future model year
2080,solar,H,0,0,all global events of this source type/year; fixed Jerusalem point,future model year
2080,lunar,N,0,0,all global events of this source type/year; fixed Jerusalem point,future model year
2080,lunar,P,0,0,all global events of this source type/year; fixed Jerusalem point,future model year
2080,lunar,T,2,1,all global events of this source type/year; fixed Jerusalem point,future model year
2081,solar,P,0,0,all global events of this source type/year; fixed Jerusalem point,future model year
2081,solar,A,1,0,all global events of this source type/year; fixed Jerusalem point,future model year
2081,solar,T,1,1,all global events of this source type/year; fixed Jerusalem point,future model year
2081,solar,H,0,0,all global events of this source type/year; fixed Jerusalem point,future model year
2081,lunar,N,1,1,all global events of this source type/year; fixed Jerusalem point,future model year
2081,lunar,P,1,1,all global events of this source type/year; fixed Jerusalem point,future model year
2081,lunar,T,0,0,all global events of this source type/year; fixed Jerusalem point,future model year
2082,solar,P,0,0,all global events of this source type/year; fixed Jerusalem point,future model year
2082,solar,A,1,0,all global events of this source type/year; fixed Jerusalem point,future model year
2082,solar,T,1,0,all global events of this source type/year; fixed Jerusalem point,future model year
2082,solar,H,0,0,all global events of this source type/year; fixed Jerusalem point,future model year
2082,lunar,N,1,1,all global events of this source type/year; fixed Jerusalem point,future model year
2082,lunar,P,1,1,all global events of this source type/year; fixed Jerusalem point,future model year
2082,lunar,T,0,0,all global events of this source type/year; fixed Jerusalem point,future model year
2083,solar,P,3,0,all global events of this source type/year; fixed Jerusalem point,future model year
2083,solar,A,0,0,all global events of this source type/year; fixed Jerusalem point,future model year
2083,solar,T,0,0,all global events of this source type/year; fixed Jerusalem point,future model year
2083,solar,H,0,0,all global events of this source type/year; fixed Jerusalem point,future model year
2083,lunar,N,0,0,all global events of this source type/year; fixed Jerusalem point,future model year
2083,lunar,P,0,0,all global events of this source type/year; fixed Jerusalem point,future model year
2083,lunar,T,2,2,all global events of this source type/year; fixed Jerusalem point,future model year
2084,solar,P,1,0,all global events of this source type/year; fixed Jerusalem point,future model year
2084,solar,A,1,0,all global events of this source type/year; fixed Jerusalem point,future model year
2084,solar,T,1,0,all global events of this source type/year; fixed Jerusalem point,future model year
2084,solar,H,0,0,all global events of this source type/year; fixed Jerusalem point,future model year
2084,lunar,N,0,0,all global events of this source type/year; fixed Jerusalem point,future model year
2084,lunar,P,1,1,all global events of this source type/year; fixed Jerusalem point,future model year
2084,lunar,T,1,1,all global events of this source type/year; fixed Jerusalem point,future model year
2085,solar,P,0,0,all global events of this source type/year; fixed Jerusalem point,future model year
2085,solar,A,2,0,all global events of this source type/year; fixed Jerusalem point,future model year
2085,solar,T,0,0,all global events of this source type/year; fixed Jerusalem point,future model year
2085,solar,H,0,0,all global events of this source type/year; fixed Jerusalem point,future model year
2085,lunar,N,4,2,all global events of this source type/year; fixed Jerusalem point,future model year
2085,lunar,P,0,0,all global events of this source type/year; fixed Jerusalem point,future model year
2085,lunar,T,0,0,all global events of this source type/year; fixed Jerusalem point,future model year
2086,solar,P,1,1,all global events of this source type/year; fixed Jerusalem point,future model year
2086,solar,A,0,0,all global events of this source type/year; fixed Jerusalem point,future model year
2086,solar,T,1,0,all global events of this source type/year; fixed Jerusalem point,future model year
2086,solar,H,0,0,all global events of this source type/year; fixed Jerusalem point,future model year
2086,lunar,N,0,0,all global events of this source type/year; fixed Jerusalem point,future model year
2086,lunar,P,2,1,all global events of this source type/year; fixed Jerusalem point,future model year
2086,lunar,T,0,0,all global events of this source type/year; fixed Jerusalem point,future model year
2087,solar,P,3,0,all global events of this source type/year; fixed Jerusalem point,future model year
2087,solar,A,0,0,all global events of this source type/year; fixed Jerusalem point,future model year
2087,solar,T,0,0,all global events of this source type/year; fixed Jerusalem point,future model year
2087,solar,H,0,0,all global events of this source type/year; fixed Jerusalem point,future model year
2087,lunar,N,0,0,all global events of this source type/year; fixed Jerusalem point,future model year
2087,lunar,P,0,0,all global events of this source type/year; fixed Jerusalem point,future model year
2087,lunar,T,2,1,all global events of this source type/year; fixed Jerusalem point,future model year
2088,solar,P,0,0,all global events of this source type/year; fixed Jerusalem point,future model year
2088,solar,A,1,0,all global events of this source type/year; fixed Jerusalem point,future model year
2088,solar,T,1,1,all global events of this source type/year; fixed Jerusalem point,future model year
2088,solar,H,0,0,all global events of this source type/year; fixed Jerusalem point,future model year
2088,lunar,N,0,0,all global events of this source type/year; fixed Jerusalem point,future model year
2088,lunar,P,2,2,all global events of this source type/year; fixed Jerusalem point,future model year
2088,lunar,T,0,0,all global events of this source type/year; fixed Jerusalem point,future model year
2089,solar,P,0,0,all global events of this source type/year; fixed Jerusalem point,future model year
2089,solar,A,1,0,all global events of this source type/year; fixed Jerusalem point,future model year
2089,solar,T,1,0,all global events of this source type/year; fixed Jerusalem point,future model year
2089,solar,H,0,0,all global events of this source type/year; fixed Jerusalem point,future model year
2089,lunar,N,2,1,all global events of this source type/year; fixed Jerusalem point,future model year
2089,lunar,P,0,0,all global events of this source type/year; fixed Jerusalem point,future model year
2089,lunar,T,0,0,all global events of this source type/year; fixed Jerusalem point,future model year
2090,solar,P,1,0,all global events of this source type/year; fixed Jerusalem point,future model year
2090,solar,A,0,0,all global events of this source type/year; fixed Jerusalem point,future model year
2090,solar,T,1,0,all global events of this source type/year; fixed Jerusalem point,future model year
2090,solar,H,0,0,all global events of this source type/year; fixed Jerusalem point,future model year
2090,lunar,N,0,0,all global events of this source type/year; fixed Jerusalem point,future model year
2090,lunar,P,0,0,all global events of this source type/year; fixed Jerusalem point,future model year
2090,lunar,T,2,2,all global events of this source type/year; fixed Jerusalem point,future model year
2091,solar,P,1,1,all global events of this source type/year; fixed Jerusalem point,future model year
2091,solar,A,0,0,all global events of this source type/year; fixed Jerusalem point,future model year
2091,solar,T,1,0,all global events of this source type/year; fixed Jerusalem point,future model year
2091,solar,H,0,0,all global events of this source type/year; fixed Jerusalem point,future model year
2091,lunar,N,0,0,all global events of this source type/year; fixed Jerusalem point,future model year
2091,lunar,P,0,0,all global events of this source type/year; fixed Jerusalem point,future model year
2091,lunar,T,2,2,all global events of this source type/year; fixed Jerusalem point,future model year
2092,solar,P,0,0,all global events of this source type/year; fixed Jerusalem point,future model year
2092,solar,A,2,1,all global events of this source type/year; fixed Jerusalem point,future model year
2092,solar,T,0,0,all global events of this source type/year; fixed Jerusalem point,future model year
2092,solar,H,0,0,all global events of this source type/year; fixed Jerusalem point,future model year
2092,lunar,N,3,2,all global events of this source type/year; fixed Jerusalem point,future model year
2092,lunar,P,0,0,all global events of this source type/year; fixed Jerusalem point,future model year
2092,lunar,T,0,0,all global events of this source type/year; fixed Jerusalem point,future model year
2093,solar,P,0,0,all global events of this source type/year; fixed Jerusalem point,future model year
2093,solar,A,1,1,all global events of this source type/year; fixed Jerusalem point,future model year
2093,solar,T,1,0,all global events of this source type/year; fixed Jerusalem point,future model year
2093,solar,H,0,0,all global events of this source type/year; fixed Jerusalem point,future model year
2093,lunar,N,1,1,all global events of this source type/year; fixed Jerusalem point,future model year
2093,lunar,P,1,1,all global events of this source type/year; fixed Jerusalem point,future model year
2093,lunar,T,0,0,all global events of this source type/year; fixed Jerusalem point,future model year
2094,solar,P,3,0,all global events of this source type/year; fixed Jerusalem point,future model year
2094,solar,A,0,0,all global events of this source type/year; fixed Jerusalem point,future model year
2094,solar,T,1,0,all global events of this source type/year; fixed Jerusalem point,future model year
2094,solar,H,0,0,all global events of this source type/year; fixed Jerusalem point,future model year
2094,lunar,N,0,0,all global events of this source type/year; fixed Jerusalem point,future model year
2094,lunar,P,1,1,all global events of this source type/year; fixed Jerusalem point,future model year
2094,lunar,T,2,1,all global events of this source type/year; fixed Jerusalem point,future model year
2095,solar,P,0,0,all global events of this source type/year; fixed Jerusalem point,future model year
2095,solar,A,1,0,all global events of this source type/year; fixed Jerusalem point,future model year
2095,solar,T,1,0,all global events of this source type/year; fixed Jerusalem point,future model year
2095,solar,H,0,0,all global events of this source type/year; fixed Jerusalem point,future model year
2095,lunar,N,0,0,all global events of this source type/year; fixed Jerusalem point,future model year
2095,lunar,P,2,2,all global events of this source type/year; fixed Jerusalem point,future model year
2095,lunar,T,0,0,all global events of this source type/year; fixed Jerusalem point,future model year
2096,solar,P,0,0,all global events of this source type/year; fixed Jerusalem point,future model year
2096,solar,A,1,0,all global events of this source type/year; fixed Jerusalem point,future model year
2096,solar,T,1,0,all global events of this source type/year; fixed Jerusalem point,future model year
2096,solar,H,0,0,all global events of this source type/year; fixed Jerusalem point,future model year
2096,lunar,N,4,1,all global events of this source type/year; fixed Jerusalem point,future model year
2096,lunar,P,0,0,all global events of this source type/year; fixed Jerusalem point,future model year
2096,lunar,T,0,0,all global events of this source type/year; fixed Jerusalem point,future model year
2097,solar,P,0,0,all global events of this source type/year; fixed Jerusalem point,future model year
2097,solar,A,1,0,all global events of this source type/year; fixed Jerusalem point,future model year
2097,solar,T,1,0,all global events of this source type/year; fixed Jerusalem point,future model year
2097,solar,H,0,0,all global events of this source type/year; fixed Jerusalem point,future model year
2097,lunar,N,0,0,all global events of this source type/year; fixed Jerusalem point,future model year
2097,lunar,P,1,0,all global events of this source type/year; fixed Jerusalem point,future model year
2097,lunar,T,1,1,all global events of this source type/year; fixed Jerusalem point,future model year
2098,solar,P,3,0,all global events of this source type/year; fixed Jerusalem point,future model year
2098,solar,A,0,0,all global events of this source type/year; fixed Jerusalem point,future model year
2098,solar,T,0,0,all global events of this source type/year; fixed Jerusalem point,future model year
2098,solar,H,0,0,all global events of this source type/year; fixed Jerusalem point,future model year
2098,lunar,N,0,0,all global events of this source type/year; fixed Jerusalem point,future model year
2098,lunar,P,0,0,all global events of this source type/year; fixed Jerusalem point,future model year
2098,lunar,T,2,1,all global events of this source type/year; fixed Jerusalem point,future model year
2099,solar,P,0,0,all global events of this source type/year; fixed Jerusalem point,future model year
2099,solar,A,1,0,all global events of this source type/year; fixed Jerusalem point,future model year
2099,solar,T,1,0,all global events of this source type/year; fixed Jerusalem point,future model year
2099,solar,H,0,0,all global events of this source type/year; fixed Jerusalem point,future model year
2099,lunar,N,1,0,all global events of this source type/year; fixed Jerusalem point,future model year
2099,lunar,P,1,0,all global events of this source type/year; fixed Jerusalem point,future model year
2099,lunar,T,0,0,all global events of this source type/year; fixed Jerusalem point,future model year
2100,solar,P,0,0,all global events of this source type/year; fixed Jerusalem point,future model year
2100,solar,A,1,0,all global events of this source type/year; fixed Jerusalem point,future model year
2100,solar,T,1,1,all global events of this source type/year; fixed Jerusalem point,future model year
2100,solar,H,0,0,all global events of this source type/year; fixed Jerusalem point,future model year
2100,lunar,N,2,2,all global events of this source type/year; fixed Jerusalem point,future model year
2100,lunar,P,0,0,all global events of this source type/year; fixed Jerusalem point,future model year
2100,lunar,T,0,0,all global events of this source type/year; fixed Jerusalem point,future model year
