event_id,kind,catalog_number,catalog_date_td,greatest_td,global_type,source_type_code,type_qualifier,delta_t_seconds,greatest_ut1,lunation_number,saros,quincena,gamma_earth_radii,source_url,source_sha256,source_century,time_scale,source_row,global_magnitude,greatest_latitude_deg,greatest_longitude_deg,greatest_sun_altitude_deg,path_width_km,central_duration_seconds,penumbral_magnitude,umbral_magnitude,penumbral_duration_seconds,umbral_duration_seconds,total_duration_seconds
solar-09281,solar,09281,1900-05-28,1900-05-28T14:53:56,T,T,,-2.0,1900-05-28T14:53:58,-1232,126,-n,0.3943,https://eclipse.gsfc.nasa.gov/SEcat5/SE1801-1900.html,fad2174dd56b9c663db73975a83bedc1136a4bb3a79248f6ff0fcab9f51a848f,1801-1900,catalog TD and modeled UT1; not exact UTC,09281  1900 May 28  14:53:56     -2  -1232  126   T   -n   0.3943  1.0249  45N  46W  67   92  02m10s,1.0249,45.0,-46.0,67.0,92.0,130,,,,,
lunar-09420,lunar,09420,1900-06-13,1900-06-13T03:27:37,N,Nx,x,-2.0,1900-06-13T03:27:39,-1232,138,t-,1.0134,https://eclipse.gsfc.nasa.gov/LEcat5/LE1801-1900.html,56be857a3c5c7088d2cc8f6370684ebabc61bb97b3209ee13602c9f1173cce34,1801-1900,catalog TD and modeled UT1; not exact UTC,09420  1900 Jun 13  03:27:37     -2  -1232  138   Nx  t-   1.0134  1.0010 -0.0040  261.9    -      -     22S   52W,,-22.0,-52.0,,,,1.001,-0.004,15713.999999999998,,
solar-09282,solar,09282,1900-11-22,1900-11-22T07:19:43,A,A,,-2.0,1900-11-22T07:19:45,-1226,131,-n,-0.2245,https://eclipse.gsfc.nasa.gov/SEcat5/SE1801-1900.html,fad2174dd56b9c663db73975a83bedc1136a4bb3a79248f6ff0fcab9f51a848f,1801-1900,catalog TD and modeled UT1; not exact UTC,09282  1900 Nov 22  07:19:43     -2  -1226  131   A   -n  -0.2245  0.9421  33S  65E  77  220  06m42s,0.9421,-33.0,65.0,77.0,220.0,402,,,,,
lunar-09421,lunar,09421,1900-12-06,1900-12-06T10:26:29,N,N,,-1.0,1900-12-06T10:26:30,-1226,143,a-,-1.1125,https://eclipse.gsfc.nasa.gov/LEcat5/LE1801-1900.html,56be857a3c5c7088d2cc8f6370684ebabc61bb97b3209ee13602c9f1173cce34,1801-1900,catalog TD and modeled UT1; not exact UTC,09421  1900 Dec 06  10:26:29     -1  -1226  143   N   a-  -1.1125  0.8183 -0.1851  233.7    -      -     21N  159W,,21.0,-159.0,,,,0.8183,-0.1851,14022.0,,
lunar-09422,lunar,09422,1901-05-03,1901-05-03T18:30:38,N,Nx,x,-1.0,1901-05-03T18:30:39,-1221,110,-t,-1.0101,https://eclipse.gsfc.nasa.gov/LEcat5/LE1901-2000.html,972e37819ec3f8e8b3f48fd38a06984636f6733812a1fa2557e25600d2204532,1901-2000,catalog TD and modeled UT1; not exact UTC,09422  1901 May 03  18:30:38     -1  -1221  110   Nx  -t  -1.0101  1.0431 -0.0334  288.2    -      -     17S   81E,,-17.0,81.0,,,,1.0431,-0.0334,17292.0,,
solar-09283,solar,09283,1901-05-18,1901-05-18T05:33:48,T,T,,-1.0,1901-05-18T05:33:49,-1220,136,n-,-0.3626,https://eclipse.gsfc.nasa.gov/SEcat5/SE1901-2000.html,1daf90d8b3f1763a09b45cc0d838150fc09edbef711fe1be80f2e0c0d8f6d5ff,1901-2000,catalog TD and modeled UT1; not exact UTC,09283  1901 May 18  05:33:48     -1  -1220  136   T   n-  -0.3626  1.0680   2S  98E  69  238  06m29s,1.068,-2.0,98.0,69.0,238.0,389,,,,,
lunar-09423,lunar,09423,1901-10-27,1901-10-27T15:15:18,P,P,,-0.0,1901-10-27T15:15:18,-1215,115,-a,0.9021,https://eclipse.gsfc.nasa.gov/LEcat5/LE1901-2000.html,972e37819ec3f8e8b3f48fd38a06984636f6733812a1fa2557e25600d2204532,1901-2000,catalog TD and modeled UT1; not exact UTC,09423  1901 Oct 27  15:15:18     -0  -1215  115   P   -a   0.9021  1.1841  0.2208  259.6   99.4    -     14N  127E,,14.0,127.0,,,,1.1841,0.2208,15576.000000000002,5964.0,
solar-09284,solar,09284,1901-11-11,1901-11-11T07:28:21,A,A,,-0.0,1901-11-11T07:28:21,-1214,141,p-,0.4758,https://eclipse.gsfc.nasa.gov/SEcat5/SE1901-2000.html,1daf90d8b3f1763a09b45cc0d838150fc09edbef711fe1be80f2e0c0d8f6d5ff,1901-2000,catalog TD and modeled UT1; not exact UTC,09284  1901 Nov 11  07:28:21     -0  -1214  141   A   p-   0.4758  0.9216  11N  69E  62  336  11m01s,0.9216,11.0,69.0,62.0,336.0,661,,,,,
solar-09285,solar,09285,1902-04-08,1902-04-08T14:05:06,P,Pe,e,0.0,1902-04-08T14:05:06,-1209,108,-t,1.5024,https://eclipse.gsfc.nasa.gov/SEcat5/SE1901-2000.html,1daf90d8b3f1763a09b45cc0d838150fc09edbef711fe1be80f2e0c0d8f6d5ff,1901-2000,catalog TD and modeled UT1; not exact UTC,09285  1902 Apr 08  14:05:06      0  -1209  108   Pe  -t   1.5024  0.0643  72N 142W   0,0.0643,72.0,-142.0,0.0,,,,,,,
lunar-09424,lunar,09424,1902-04-22,1902-04-22T18:52:40,T,T-,-,0.0,1902-04-22T18:52:40,-1209,120,pp,-0.268,https://eclipse.gsfc.nasa.gov/LEcat5/LE1901-2000.html,972e37819ec3f8e8b3f48fd38a06984636f6733812a1fa2557e25600d2204532,1901-2000,catalog TD and modeled UT1; not exact UTC,09424  1902 Apr 22  18:52:40      0  -1209  120   T-  pp  -0.2680  2.4002  1.3327  364.3  224.6   84.6   12S   76E,,-12.0,76.0,,,,2.4002,1.3327,21858.0,13476.0,5076.0
solar-09286,solar,09286,1902-05-07,1902-05-07T22:34:16,P,P,,0.0,1902-05-07T22:34:16,-1208,146,t-,-1.0831,https://eclipse.gsfc.nasa.gov/SEcat5/SE1901-2000.html,1daf90d8b3f1763a09b45cc0d838150fc09edbef711fe1be80f2e0c0d8f6d5ff,1901-2000,catalog TD and modeled UT1; not exact UTC,09286  1902 May 07  22:34:16      0  -1208  146   P   t-  -1.0831  0.8593  70S 125W   0,0.8593,-70.0,-125.0,0.0,,,,,,,
lunar-09425,lunar,09425,1902-10-17,1902-10-17T06:03:26,T,T+,+,1.0,1902-10-17T06:03:25,-1203,125,-p,0.2201,https://eclipse.gsfc.nasa.gov/LEcat5/LE1901-2000.html,972e37819ec3f8e8b3f48fd38a06984636f6733812a1fa2557e25600d2204532,1901-2000,catalog TD and modeled UT1; not exact UTC,09425  1902 Oct 17  06:03:26      1  -1203  125   T+  -p   0.2201  2.4514  1.4566  330.4  212.3   88.8    9N   95W,,9.0,-95.0,,,,2.4514,1.4566,19824.0,12738.0,5328.0
solar-09287,solar,09287,1902-10-31,1902-10-31T08:00:18,P,P,,1.0,1902-10-31T08:00:17,-1202,151,t-,1.1556,https://eclipse.gsfc.nasa.gov/SEcat5/SE1901-2000.html,1daf90d8b3f1763a09b45cc0d838150fc09edbef711fe1be80f2e0c0d8f6d5ff,1901-2000,catalog TD and modeled UT1; not exact UTC,09287  1902 Oct 31  08:00:18      1  -1202  151   P   t-   1.1556  0.6960  71N 101E   0,0.696,71.0,101.0,0.0,,,,,,,
solar-09288,solar,09288,1903-03-29,1903-03-29T01:35:23,A,A,,2.0,1903-03-29T01:35:21,-1197,118,-p,0.8413,https://eclipse.gsfc.nasa.gov/SEcat5/SE1901-2000.html,1daf90d8b3f1763a09b45cc0d838150fc09edbef711fe1be80f2e0c0d8f6d5ff,1901-2000,catalog TD and modeled UT1; not exact UTC,09288  1903 Mar 29  01:35:23      2  -1197  118   A   -p   0.8413  0.9767  56N 130E  32  153  01m53s,0.9767,56.0,130.0,32.0,153.0,113,,,,,
lunar-09426,lunar,09426,1903-04-12,1903-04-12T00:12:59,P,P,,2.0,1903-04-12T00:12:57,-1197,130,a-,0.4798,https://eclipse.gsfc.nasa.gov/LEcat5/LE1901-2000.html,972e37819ec3f8e8b3f48fd38a06984636f6733812a1fa2557e25600d2204532,1901-2000,catalog TD and modeled UT1; not exact UTC,09426  1903 Apr 12  00:12:59      2  -1197  130   P   a-   0.4798  1.9877  0.9677  330.1  196.5    -      8S    3W,,-8.0,-3.0,,,,1.9877,0.9677,19806.0,11790.0,
solar-09289,solar,09289,1903-09-21,1903-09-21T04:39:52,T,T,,2.0,1903-09-21T04:39:50,-1191,123,-p,-0.8967,https://eclipse.gsfc.nasa.gov/SEcat5/SE1901-2000.html,1daf90d8b3f1763a09b45cc0d838150fc09edbef711fe1be80f2e0c0d8f6d5ff,1901-2000,catalog TD and modeled UT1; not exact UTC,09289  1903 Sep 21  04:39:52      2  -1191  123   T   -p  -0.8967  1.0316  58S  77E  26  241  02m12s,1.0316,-58.0,77.0,26.0,241.0,132,,,,,
lunar-09427,lunar,09427,1903-10-06,1903-10-06T15:17:33,P,P,,2.0,1903-10-06T15:17:31,-1191,135,t-,-0.528,https://eclipse.gsfc.nasa.gov/LEcat5/LE1901-2000.html,972e37819ec3f8e8b3f48fd38a06984636f6733812a1fa2557e25600d2204532,1901-2000,catalog TD and modeled UT1; not exact UTC,09427  1903 Oct 06  15:17:33      2  -1191  135   P   t-  -0.5280  1.9133  0.8654  337.5  193.7    -      4N  128E,,4.0,128.0,,,,1.9133,0.8654,20250.0,11622.0,
lunar-09428,lunar,09428,1904-03-02,1904-03-02T03:02:34,N,N,,3.0,1904-03-02T03:02:31,-1186,102,-a,-1.4528,https://eclipse.gsfc.nasa.gov/LEcat5/LE1901-2000.html,972e37819ec3f8e8b3f48fd38a06984636f6733812a1fa2557e25600d2204532,1901-2000,catalog TD and modeled UT1; not exact UTC,09428  1904 Mar 02  03:02:34      3  -1186  102   N   -a  -1.4528  0.1748 -0.7910  110.5    -      -      6N   43W,,6.0,-43.0,,,,0.1748,-0.791,6630.0,,
solar-09290,solar,09290,1904-03-17,1904-03-17T05:40:44,A,A,,3.0,1904-03-17T05:40:41,-1185,128,nn,0.1299,https://eclipse.gsfc.nasa.gov/SEcat5/SE1901-2000.html,1daf90d8b3f1763a09b45cc0d838150fc09edbef711fe1be80f2e0c0d8f6d5ff,1901-2000,catalog TD and modeled UT1; not exact UTC,09290  1904 Mar 17  05:40:44      3  -1185  128   A   nn   0.1299  0.9367   6N  95E  82  237  08m07s,0.9367,6.0,95.0,82.0,237.0,487,,,,,
lunar-09429,lunar,09429,1904-03-31,1904-03-31T12:32:28,N,N,,3.0,1904-03-31T12:32:25,-1185,140,a-,1.1665,https://eclipse.gsfc.nasa.gov/LEcat5/LE1901-2000.html,972e37819ec3f8e8b3f48fd38a06984636f6733812a1fa2557e25600d2204532,1901-2000,catalog TD and modeled UT1; not exact UTC,09429  1904 Mar 31  12:32:28      3  -1185  140   N   a-   1.1665  0.7036 -0.2688  214.2    -      -      3S  173E,,-3.0,173.0,,,,0.7036,-0.2688,12852.0,,
solar-09291,solar,09291,1904-09-09,1904-09-09T20:44:21,T,T,,3.0,1904-09-09T20:44:18,-1179,133,-n,-0.1625,https://eclipse.gsfc.nasa.gov/SEcat5/SE1901-2000.html,1daf90d8b3f1763a09b45cc0d838150fc09edbef711fe1be80f2e0c0d8f6d5ff,1901-2000,catalog TD and modeled UT1; not exact UTC,09291  1904 Sep 09  20:44:21      3  -1179  133   T   -n  -0.1625  1.0709   4S 135W  81  234  06m20s,1.0709,-4.0,-135.0,81.0,234.0,380,,,,,
lunar-09430,lunar,09430,1904-09-24,1904-09-24T17:34:44,N,N,,3.0,1904-09-24T17:34:41,-1179,145,t-,-1.2837,https://eclipse.gsfc.nasa.gov/LEcat5/LE1901-2000.html,972e37819ec3f8e8b3f48fd38a06984636f6733812a1fa2557e25600d2204532,1901-2000,catalog TD and modeled UT1; not exact UTC,09430  1904 Sep 24  17:34:44      3  -1179  145   N   t-  -1.2837  0.5440 -0.5384  219.1    -      -      1S   95E,,-1.0,95.0,,,,0.544,-0.5384,13146.0,,
lunar-09431,lunar,09431,1905-02-19,1905-02-19T19:00:02,P,P,,4.0,1905-02-19T18:59:58,-1174,112,-a,-0.7984,https://eclipse.gsfc.nasa.gov/LEcat5/LE1901-2000.html,972e37819ec3f8e8b3f48fd38a06984636f6733812a1fa2557e25600d2204532,1901-2000,catalog TD and modeled UT1; not exact UTC,09431  1905 Feb 19  19:00:02      4  -1174  112   P   -a  -0.7984  1.3809  0.4049  277.2  132.1    -     11N   78E,,11.0,78.0,,,,1.3809,0.4049,16632.0,7926.0,
solar-09292,solar,09292,1905-03-06,1905-03-06T05:12:26,A,A,,4.0,1905-03-06T05:12:22,-1173,138,p-,-0.5768,https://eclipse.gsfc.nasa.gov/SEcat5/SE1901-2000.html,1daf90d8b3f1763a09b45cc0d838150fc09edbef711fe1be80f2e0c0d8f6d5ff,1901-2000,catalog TD and modeled UT1; not exact UTC,09292  1905 Mar 06  05:12:26      4  -1173  138   A   p-  -0.5768  0.9269  40S 117E  55  334  07m58s,0.9269,-40.0,117.0,55.0,334.0,478,,,,,
lunar-09432,lunar,09432,1905-08-15,1905-08-15T03:40:59,P,P,,5.0,1905-08-15T03:40:54,-1168,117,-t,0.8456,https://eclipse.gsfc.nasa.gov/LEcat5/LE1901-2000.html,972e37819ec3f8e8b3f48fd38a06984636f6733812a1fa2557e25600d2204532,1901-2000,catalog TD and modeled UT1; not exact UTC,09432  1905 Aug 15  03:40:59      5  -1168  117   P   -t   0.8456  1.3259  0.2871  302.3  123.1    -     14S   54W,,-14.0,-54.0,,,,1.3259,0.2871,18138.0,7386.0,
solar-09293,solar,09293,1905-08-30,1905-08-30T13:07:26,T,T,,5.0,1905-08-30T13:07:21,-1167,143,p-,0.5708,https://eclipse.gsfc.nasa.gov/SEcat5/SE1901-2000.html,1daf90d8b3f1763a09b45cc0d838150fc09edbef711fe1be80f2e0c0d8f6d5ff,1901-2000,catalog TD and modeled UT1; not exact UTC,09293  1905 Aug 30  13:07:26      5  -1167  143   T   p-   0.5708  1.0477  42N   4W  55  192  03m46s,1.0477,42.0,-4.0,55.0,192.0,226,,,,,
lunar-09433,lunar,09433,1906-02-09,1906-02-09T07:46:58,T,T-,-,5.0,1906-02-09T07:46:53,-1162,122,-p,-0.1199,https://eclipse.gsfc.nasa.gov/LEcat5/LE1901-2000.html,972e37819ec3f8e8b3f48fd38a06984636f6733812a1fa2557e25600d2204532,1901-2000,catalog TD and modeled UT1; not exact UTC,09433  1906 Feb 09  07:46:58      5  -1162  122   T-  -p  -0.1199  2.6507  1.6254  342.8  219.4   97.8   15N  113W,,15.0,-113.0,,,,2.6507,1.6254,20568.0,13164.0,5868.0
solar-09294,solar,09294,1906-02-23,1906-02-23T07:43:20,P,P,,5.0,1906-02-23T07:43:15,-1161,148,t-,-1.2479,https://eclipse.gsfc.nasa.gov/SEcat5/SE1901-2000.html,1daf90d8b3f1763a09b45cc0d838150fc09edbef711fe1be80f2e0c0d8f6d5ff,1901-2000,catalog TD and modeled UT1; not exact UTC,09294  1906 Feb 23  07:43:20      5  -1161  148   P   t-  -1.2479  0.5386  71S 170W   0,0.5386,-71.0,-170.0,0.0,,,,,,,
solar-09295,solar,09295,1906-07-21,1906-07-21T13:14:19,P,P,,6.0,1906-07-21T13:14:13,-1156,115,-t,-1.3637,https://eclipse.gsfc.nasa.gov/SEcat5/SE1901-2000.html,1daf90d8b3f1763a09b45cc0d838150fc09edbef711fe1be80f2e0c0d8f6d5ff,1901-2000,catalog TD and modeled UT1; not exact UTC,09295  1906 Jul 21  13:14:19      6  -1156  115   P   -t  -1.3637  0.3355  69S  33W   0,0.3355,-69.0,-33.0,0.0,,,,,,,
lunar-09434,lunar,09434,1906-08-04,1906-08-04T13:00:10,T,T+,+,6.0,1906-08-04T13:00:04,-1156,127,pp,0.0477,https://eclipse.gsfc.nasa.gov/LEcat5/LE1901-2000.html,972e37819ec3f8e8b3f48fd38a06984636f6733812a1fa2557e25600d2204532,1901-2000,catalog TD and modeled UT1; not exact UTC,09434  1906 Aug 04  13:00:10      6  -1156  127   T+  pp   0.0477  2.7615  1.7793  333.9  218.7  101.2   17S  166E,,-17.0,166.0,,,,2.7615,1.7793,20034.0,13122.0,6072.0
solar-09296,solar,09296,1906-08-20,1906-08-20T01:12:50,P,P,,6.0,1906-08-20T01:12:44,-1155,153,t-,1.3731,https://eclipse.gsfc.nasa.gov/SEcat5/SE1901-2000.html,1daf90d8b3f1763a09b45cc0d838150fc09edbef711fe1be80f2e0c0d8f6d5ff,1901-2000,catalog TD and modeled UT1; not exact UTC,09296  1906 Aug 20  01:12:50      6  -1155  153   P   t-   1.3731  0.3147  71N  66W   0,0.3147,71.0,-66.0,0.0,,,,,,,
solar-09297,solar,09297,1907-01-14,1907-01-14T06:05:43,T,T,,6.0,1907-01-14T06:05:37,-1150,120,-p,0.8628,https://eclipse.gsfc.nasa.gov/SEcat5/SE1901-2000.html,1daf90d8b3f1763a09b45cc0d838150fc09edbef711fe1be80f2e0c0d8f6d5ff,1901-2000,catalog TD and modeled UT1; not exact UTC,09297  1907 Jan 14  06:05:43      6  -1150  120   T   -p   0.8628  1.0281  38N  86E  30  189  02m25s,1.0281,38.0,86.0,30.0,189.0,145,,,,,
lunar-09435,lunar,09435,1907-01-29,1907-01-29T13:38:00,P,P,,6.0,1907-01-29T13:37:54,-1150,132,t-,0.6027,https://eclipse.gsfc.nasa.gov/LEcat5/LE1901-2000.html,972e37819ec3f8e8b3f48fd38a06984636f6733812a1fa2557e25600d2204532,1901-2000,catalog TD and modeled UT1; not exact UTC,09435  1907 Jan 29  13:38:00      6  -1150  132   P   t-   0.6027  1.7936  0.7110  341.1  183.5    -     19N  159E,,19.0,159.0,,,,1.7936,0.711,20466.0,11010.0,
solar-09298,solar,09298,1907-07-10,1907-07-10T15:24:32,A,A,,7.0,1907-07-10T15:24:25,-1144,125,-p,-0.6313,https://eclipse.gsfc.nasa.gov/SEcat5/SE1901-2000.html,1daf90d8b3f1763a09b45cc0d838150fc09edbef711fe1be80f2e0c0d8f6d5ff,1901-2000,catalog TD and modeled UT1; not exact UTC,09298  1907 Jul 10  15:24:32      7  -1144  125   A   -p  -0.6313  0.9456  17S  51W  51  258  07m23s,0.9456,-17.0,-51.0,51.0,258.0,443,,,,,
lunar-09436,lunar,09436,1907-07-25,1907-07-25T04:22:27,P,P,,7.0,1907-07-25T04:22:20,-1144,137,a-,-0.6924,https://eclipse.gsfc.nasa.gov/LEcat5/LE1901-2000.html,972e37819ec3f8e8b3f48fd38a06984636f6733812a1fa2557e25600d2204532,1901-2000,catalog TD and modeled UT1; not exact UTC,09436  1907 Jul 25  04:22:27      7  -1144  137   P   a-  -0.6924  1.5595  0.6149  284.5  156.8    -     21S   64W,,-21.0,-64.0,,,,1.5595,0.6149,17070.0,9408.0,
solar-09299,solar,09299,1908-01-03,1908-01-03T21:45:22,T,T,,8.0,1908-01-03T21:45:14,-1138,130,-n,0.1934,https://eclipse.gsfc.nasa.gov/SEcat5/SE1901-2000.html,1daf90d8b3f1763a09b45cc0d838150fc09edbef711fe1be80f2e0c0d8f6d5ff,1901-2000,catalog TD and modeled UT1; not exact UTC,09299  1908 Jan 03  21:45:22      8  -1138  130   T   -n   0.1934  1.0437  12S 145W  79  149  04m14s,1.0437,-12.0,-145.0,79.0,149.0,254,,,,,
lunar-09437,lunar,09437,1908-01-18,1908-01-18T13:21:36,N,N,,8.0,1908-01-18T13:21:28,-1138,142,t-,1.2939,https://eclipse.gsfc.nasa.gov/LEcat5/LE1901-2000.html,972e37819ec3f8e8b3f48fd38a06984636f6733812a1fa2557e25600d2204532,1901-2000,catalog TD and modeled UT1; not exact UTC,09437  1908 Jan 18  13:21:36      8  -1138  142   N   t-   1.2939  0.5370 -0.5685  219.5    -      -     22N  162E,,22.0,162.0,,,,0.537,-0.5685,13170.0,,
lunar-09438,lunar,09438,1908-06-14,1908-06-14T14:06:32,N,N,,8.0,1908-06-14T14:06:24,-1133,109,-a,1.1053,https://eclipse.gsfc.nasa.gov/LEcat5/LE1901-2000.html,972e37819ec3f8e8b3f48fd38a06984636f6733812a1fa2557e25600d2204532,1901-2000,catalog TD and modeled UT1; not exact UTC,09438  1908 Jun 14  14:06:32      8  -1133  109   N   -a   1.1053  0.8135 -0.1541  229.9    -      -     22S  149E,,-22.0,149.0,,,,0.8135,-0.1541,13794.0,,
solar-09300,solar,09300,1908-06-28,1908-06-28T16:29:51,A,A,,8.0,1908-06-28T16:29:43,-1132,135,nn,0.1389,https://eclipse.gsfc.nasa.gov/SEcat5/SE1901-2000.html,1daf90d8b3f1763a09b45cc0d838150fc09edbef711fe1be80f2e0c0d8f6d5ff,1901-2000,catalog TD and modeled UT1; not exact UTC,09300  1908 Jun 28  16:29:51      8  -1132  135   A   nn   0.1389  0.9655  31N  67W  82  126  04m00s,0.9655,31.0,-67.0,82.0,126.0,240,,,,,
lunar-09439,lunar,09439,1908-07-13,1908-07-13T21:33:55,N,N,,8.0,1908-07-13T21:33:47,-1132,147,a-,-1.4185,https://eclipse.gsfc.nasa.gov/LEcat5/LE1901-2000.html,972e37819ec3f8e8b3f48fd38a06984636f6733812a1fa2557e25600d2204532,1901-2000,catalog TD and modeled UT1; not exact UTC,09439  1908 Jul 13  21:33:55      8  -1132  147   N   a-  -1.4185  0.2292 -0.7195  126.3    -      -     23S   38E,,-23.0,38.0,,,,0.2292,-0.7195,7578.0,,
lunar-09440,lunar,09440,1908-12-07,1908-12-07T21:55:09,N,Nx,x,9.0,1908-12-07T21:55:00,-1127,114,-h,-1.0059,https://eclipse.gsfc.nasa.gov/LEcat5/LE1901-2000.html,972e37819ec3f8e8b3f48fd38a06984636f6733812a1fa2557e25600d2204532,1901-2000,catalog TD and modeled UT1; not exact UTC,09440  1908 Dec 07  21:55:09      9  -1127  114   Nx  -h  -1.0059  1.0344 -0.0096  269.7    -      -     22N   29E,,22.0,29.0,,,,1.0344,-0.0096,16182.0,,
solar-09301,solar,09301,1908-12-23,1908-12-23T11:44:28,H,H,,9.0,1908-12-23T11:44:19,-1126,140,n-,-0.4985,https://eclipse.gsfc.nasa.gov/SEcat5/SE1901-2000.html,1daf90d8b3f1763a09b45cc0d838150fc09edbef711fe1be80f2e0c0d8f6d5ff,1901-2000,catalog TD and modeled UT1; not exact UTC,09301  1908 Dec 23  11:44:28      9  -1126  140   H   n-  -0.4985  1.0024  53S   1W  60   10  00m12s,1.0024,-53.0,-1.0,60.0,10.0,12,,,,,
lunar-09441,lunar,09441,1909-06-04,1909-06-04T01:28:51,T,T,,10.0,1909-06-04T01:28:41,-1121,119,-h,0.3755,https://eclipse.gsfc.nasa.gov/LEcat5/LE1901-2000.html,972e37819ec3f8e8b3f48fd38a06984636f6733812a1fa2557e25600d2204532,1901-2000,catalog TD and modeled UT1; not exact UTC,09441  1909 Jun 04  01:28:51     10  -1121  119   T   -h   0.3755  2.1800  1.1580  341.6  210.2   60.4   22S   23W,,-22.0,-23.0,,,,2.18,1.158,20496.0,12612.0,3624.0
solar-09302,solar,09302,1909-06-17,1909-06-17T23:18:38,H,H,,10.0,1909-06-17T23:18:28,-1120,145,t-,0.8957,https://eclipse.gsfc.nasa.gov/SEcat5/SE1901-2000.html,1daf90d8b3f1763a09b45cc0d838150fc09edbef711fe1be80f2e0c0d8f6d5ff,1901-2000,catalog TD and modeled UT1; not exact UTC,09302  1909 Jun 17  23:18:38     10  -1120  145   H   t-   0.8957  1.0065  83N 124E  26   51  00m24s,1.0065,83.0,124.0,26.0,51.0,24,,,,,
lunar-09442,lunar,09442,1909-11-27,1909-11-27T08:54:41,T,T-,-,10.0,1909-11-27T08:54:31,-1115,124,-p,-0.2712,https://eclipse.gsfc.nasa.gov/LEcat5/LE1901-2000.html,972e37819ec3f8e8b3f48fd38a06984636f6733812a1fa2557e25600d2204532,1901-2000,catalog TD and modeled UT1; not exact UTC,09442  1909 Nov 27  08:54:41     10  -1115  124   T-  -p  -0.2712  2.3544  1.3660  322.8  206.5   81.2   21N  137W,,21.0,-137.0,,,,2.3544,1.366,19368.0,12390.0,4872.0
solar-09303,solar,09303,1909-12-12,1909-12-12T19:44:48,P,P,,10.0,1909-12-12T19:44:38,-1114,150,t-,-1.2456,https://eclipse.gsfc.nasa.gov/SEcat5/SE1901-2000.html,1daf90d8b3f1763a09b45cc0d838150fc09edbef711fe1be80f2e0c0d8f6d5ff,1901-2000,catalog TD and modeled UT1; not exact UTC,09303  1909 Dec 12  19:44:48     10  -1114  150   P   t-  -1.2456  0.5424  65S  86E   0,0.5424,-65.0,86.0,0.0,,,,,,,
solar-09304,solar,09304,1910-05-09,1910-05-09T05:42:13,T,T,,11.0,1910-05-09T05:42:02,-1109,117,-t,-0.9437,https://eclipse.gsfc.nasa.gov/SEcat5/SE1901-2000.html,1daf90d8b3f1763a09b45cc0d838150fc09edbef711fe1be80f2e0c0d8f6d5ff,1901-2000,catalog TD and modeled UT1; not exact UTC,09304  1910 May 09  05:42:13     11  -1109  117   T   -t  -0.9437  1.0600  48S 125E  19  594  04m15s,1.06,-48.0,125.0,19.0,594.0,255,,,,,
lunar-09443,lunar,09443,1910-05-24,1910-05-24T05:34:16,T,T,,11.0,1910-05-24T05:34:05,-1109,129,t-,-0.3975,https://eclipse.gsfc.nasa.gov/LEcat5/LE1901-2000.html,972e37819ec3f8e8b3f48fd38a06984636f6733812a1fa2557e25600d2204532,1901-2000,catalog TD and modeled UT1; not exact UTC,09443  1910 May 24  05:34:16     11  -1109  129   T   t-  -0.3975  2.1625  1.0950  360.3  215.4   49.5   21S   85W,,-21.0,-85.0,,,,2.1625,1.095,21618.0,12924.0,2970.0
solar-09305,solar,09305,1910-11-02,1910-11-02T02:08:32,P,P,,12.0,1910-11-02T02:08:20,-1103,122,-t,1.0603,https://eclipse.gsfc.nasa.gov/SEcat5/SE1901-2000.html,1daf90d8b3f1763a09b45cc0d838150fc09edbef711fe1be80f2e0c0d8f6d5ff,1901-2000,catalog TD and modeled UT1; not exact UTC,09305  1910 Nov 02  02:08:32     12  -1103  122   P   -t   1.0603  0.8515  62N 155W   0,0.8515,62.0,-155.0,0.0,,,,,,,
lunar-09444,lunar,09444,1910-11-17,1910-11-17T00:20:52,T,T,,12.0,1910-11-17T00:20:40,-1103,134,p-,0.4089,https://eclipse.gsfc.nasa.gov/LEcat5/LE1901-2000.html,972e37819ec3f8e8b3f48fd38a06984636f6733812a1fa2557e25600d2204532,1901-2000,catalog TD and modeled UT1; not exact UTC,09444  1910 Nov 17  00:20:52     12  -1103  134   T   p-   0.4089  2.0905  1.1246  307.7  193.0   50.6   19N    9W,,19.0,-9.0,,,,2.0905,1.1246,18462.0,11580.0,3036.0
solar-09306,solar,09306,1911-04-28,1911-04-28T22:27:22,T,T,,12.0,1911-04-28T22:27:10,-1097,127,-n,-0.2294,https://eclipse.gsfc.nasa.gov/SEcat5/SE1901-2000.html,1daf90d8b3f1763a09b45cc0d838150fc09edbef711fe1be80f2e0c0d8f6d5ff,1901-2000,catalog TD and modeled UT1; not exact UTC,09306  1911 Apr 28  22:27:22     12  -1097  127   T   -n  -0.2294  1.0562   2N 152W  77  190  04m57s,1.0562,2.0,-152.0,77.0,190.0,297,,,,,
lunar-09445,lunar,09445,1911-05-13,1911-05-13T05:56:24,N,N,,12.0,1911-05-13T05:56:12,-1097,139,t-,-1.1413,https://eclipse.gsfc.nasa.gov/LEcat5/LE1901-2000.html,972e37819ec3f8e8b3f48fd38a06984636f6733812a1fa2557e25600d2204532,1901-2000,catalog TD and modeled UT1; not exact UTC,09445  1911 May 13  05:56:24     12  -1097  139   N   t-  -1.1413  0.7987 -0.2706  257.0    -      -     19S   90W,,-19.0,-90.0,,,,0.7987,-0.2706,15420.0,,
solar-09307,solar,09307,1911-10-22,1911-10-22T04:13:02,A,A,,13.0,1911-10-22T04:12:49,-1091,132,-n,0.3224,https://eclipse.gsfc.nasa.gov/SEcat5/SE1901-2000.html,1daf90d8b3f1763a09b45cc0d838150fc09edbef711fe1be80f2e0c0d8f6d5ff,1901-2000,catalog TD and modeled UT1; not exact UTC,09307  1911 Oct 22  04:13:02     13  -1091  132   A   -n   0.3224  0.9650   6N 121E  71  133  03m47s,0.965,6.0,121.0,71.0,133.0,227,,,,,
lunar-09446,lunar,09446,1911-11-06,1911-11-06T15:36:45,N,N,,13.0,1911-11-06T15:36:32,-1091,144,a-,1.11,https://eclipse.gsfc.nasa.gov/LEcat5/LE1901-2000.html,972e37819ec3f8e8b3f48fd38a06984636f6733812a1fa2557e25600d2204532,1901-2000,catalog TD and modeled UT1; not exact UTC,09446  1911 Nov 06  15:36:45     13  -1091  144   N   a-   1.1100  0.8154 -0.1733  230.6    -      -     17N  121E,,17.0,121.0,,,,0.8154,-0.1733,13836.0,,
lunar-09447,lunar,09447,1912-04-01,1912-04-01T22:14:16,P,P,,13.0,1912-04-01T22:14:03,-1086,111,-h,0.9116,https://eclipse.gsfc.nasa.gov/LEcat5/LE1901-2000.html,972e37819ec3f8e8b3f48fd38a06984636f6733812a1fa2557e25600d2204532,1901-2000,catalog TD and modeled UT1; not exact UTC,09447  1912 Apr 01  22:14:16     13  -1086  111   P   -h   0.9116  1.1884  0.1820  275.8   95.2    -      4S   28E,,-4.0,28.0,,,,1.1884,0.182,16548.0,5712.0,
solar-09308,solar,09308,1912-04-17,1912-04-17T11:34:22,H,H,,14.0,1912-04-17T11:34:08,-1085,137,p-,0.528,https://eclipse.gsfc.nasa.gov/SEcat5/SE1901-2000.html,1daf90d8b3f1763a09b45cc0d838150fc09edbef711fe1be80f2e0c0d8f6d5ff,1901-2000,catalog TD and modeled UT1; not exact UTC,09308  1912 Apr 17  11:34:22     14  -1085  137   H   p-   0.5280  1.0003  38N  11W  58    1  00m02s,1.0003,38.0,-11.0,58.0,1.0,2,,,,,
lunar-09448,lunar,09448,1912-09-26,1912-09-26T11:44:50,P,P,,14.0,1912-09-26T11:44:36,-1080,116,-t,-0.932,https://eclipse.gsfc.nasa.gov/LEcat5/LE1901-2000.html,972e37819ec3f8e8b3f48fd38a06984636f6733812a1fa2557e25600d2204532,1901-2000,catalog TD and modeled UT1; not exact UTC,09448  1912 Sep 26  11:44:50     14  -1080  116   P   -t  -0.9320  1.1779  0.1183  293.9   81.7    -      0N  178W,,0.0,-178.0,,,,1.1779,0.1183,17634.0,4902.0,
solar-09309,solar,09309,1912-10-10,1912-10-10T13:36:14,T,T,,14.0,1912-10-10T13:36:00,-1079,142,p-,-0.4149,https://eclipse.gsfc.nasa.gov/SEcat5/SE1901-2000.html,1daf90d8b3f1763a09b45cc0d838150fc09edbef711fe1be80f2e0c0d8f6d5ff,1901-2000,catalog TD and modeled UT1; not exact UTC,09309  1912 Oct 10  13:36:14     14  -1079  142   T   p-  -0.4149  1.0229  28S  40W  65   85  01m55s,1.0229,-28.0,-40.0,65.0,85.0,115,,,,,
lunar-09449,lunar,09449,1913-03-22,1913-03-22T11:57:49,T,T+,+,15.0,1913-03-22T11:57:34,-1074,121,-p,0.1671,https://eclipse.gsfc.nasa.gov/LEcat5/LE1901-2000.html,972e37819ec3f8e8b3f48fd38a06984636f6733812a1fa2557e25600d2204532,1901-2000,catalog TD and modeled UT1; not exact UTC,09449  1913 Mar 22  11:57:49     15  -1074  121   T+  -p   0.1671  2.5340  1.5683  319.7  209.4   92.8    0S  178W,,-0.0,-178.0,,,,2.534,1.5683,19182.0,12564.0,5568.0
solar-09310,solar,09310,1913-04-06,1913-04-06T17:33:07,P,P,,15.0,1913-04-06T17:32:52,-1073,147,t-,1.3147,https://eclipse.gsfc.nasa.gov/SEcat5/SE1901-2000.html,1daf90d8b3f1763a09b45cc0d838150fc09edbef711fe1be80f2e0c0d8f6d5ff,1901-2000,catalog TD and modeled UT1; not exact UTC,09310  1913 Apr 06  17:33:07     15  -1073  147   P   t-   1.3147  0.4244  61N 176E   0,0.4244,61.0,176.0,0.0,,,,,,,
solar-09311,solar,09311,1913-08-31,1913-08-31T20:52:12,P,P,,15.0,1913-08-31T20:51:57,-1068,114,-t,1.4512,https://eclipse.gsfc.nasa.gov/SEcat5/SE1901-2000.html,1daf90d8b3f1763a09b45cc0d838150fc09edbef711fe1be80f2e0c0d8f6d5ff,1901-2000,catalog TD and modeled UT1; not exact UTC,09311  1913 Aug 31  20:52:12     15  -1068  114   P   -t   1.4512  0.1513  61N  27W   0,0.1513,61.0,-27.0,0.0,,,,,,,
lunar-09450,lunar,09450,1913-09-15,1913-09-15T12:48:19,T,T-,-,15.0,1913-09-15T12:48:04,-1068,126,pp,-0.2109,https://eclipse.gsfc.nasa.gov/LEcat5/LE1901-2000.html,972e37819ec3f8e8b3f48fd38a06984636f6733812a1fa2557e25600d2204532,1901-2000,catalog TD and modeled UT1; not exact UTC,09450  1913 Sep 15  12:48:19     15  -1068  126   T-  pp  -0.2109  2.5122  1.4304  373.0  230.5   93.5    3S  167E,,-3.0,167.0,,,,2.5122,1.4304,22380.0,13830.0,5610.0
solar-09312,solar,09312,1913-09-30,1913-09-30T04:45:49,P,P,,15.0,1913-09-30T04:45:34,-1067,152,t-,-1.1005,https://eclipse.gsfc.nasa.gov/SEcat5/SE1901-2000.html,1daf90d8b3f1763a09b45cc0d838150fc09edbef711fe1be80f2e0c0d8f6d5ff,1901-2000,catalog TD and modeled UT1; not exact UTC,09312  1913 Sep 30  04:45:49     15  -1067  152   P   t-  -1.1005  0.8252  61S  12E   0,0.8252,-61.0,12.0,0.0,,,,,,,
solar-09313,solar,09313,1914-02-25,1914-02-25T00:13:01,A,A,,16.0,1914-02-25T00:12:45,-1062,119,-p,-0.9416,https://eclipse.gsfc.nasa.gov/SEcat5/SE1901-2000.html,1daf90d8b3f1763a09b45cc0d838150fc09edbef711fe1be80f2e0c0d8f6d5ff,1901-2000,catalog TD and modeled UT1; not exact UTC,09313  1914 Feb 25  00:13:01     16  -1062  119   A   -p  -0.9416  0.9248  62S 113W  19  839  05m35s,0.9248,-62.0,-113.0,19.0,839.0,335,,,,,
lunar-09451,lunar,09451,1914-03-12,1914-03-12T04:13:08,P,P,,16.0,1914-03-12T04:12:52,-1062,131,a-,-0.5254,https://eclipse.gsfc.nasa.gov/LEcat5/LE1901-2000.html,972e37819ec3f8e8b3f48fd38a06984636f6733812a1fa2557e25600d2204532,1901-2000,catalog TD and modeled UT1; not exact UTC,09451  1914 Mar 12  04:13:08     16  -1062  131   P   a-  -0.5254  1.8764  0.9111  301.5  181.5    -      3N   61W,,3.0,-61.0,,,,1.8764,0.9111,18090.0,10890.0,
solar-09314,solar,09314,1914-08-21,1914-08-21T12:34:27,T,T,,17.0,1914-08-21T12:34:10,-1056,124,-p,0.7655,https://eclipse.gsfc.nasa.gov/SEcat5/SE1901-2000.html,1daf90d8b3f1763a09b45cc0d838150fc09edbef711fe1be80f2e0c0d8f6d5ff,1901-2000,catalog TD and modeled UT1; not exact UTC,09314  1914 Aug 21  12:34:27     17  -1056  124   T   -p   0.7655  1.0328  54N  27E  40  170  02m14s,1.0328,54.0,27.0,40.0,170.0,134,,,,,
lunar-09452,lunar,09452,1914-09-04,1914-09-04T13:54:57,P,P,,17.0,1914-09-04T13:54:40,-1056,136,t-,0.5301,https://eclipse.gsfc.nasa.gov/LEcat5/LE1901-2000.html,972e37819ec3f8e8b3f48fd38a06984636f6733812a1fa2557e25600d2204532,1901-2000,catalog TD and modeled UT1; not exact UTC,09452  1914 Sep 04  13:54:57     17  -1056  136   P   t-   0.5301  1.9127  0.8585  343.2  196.0    -      7S  151E,,-7.0,151.0,,,,1.9127,0.8585,20592.0,11760.0,
lunar-09453,lunar,09453,1915-01-31,1915-01-31T04:57:42,N,N,,17.0,1915-01-31T04:57:25,-1051,103,-a,1.545,https://eclipse.gsfc.nasa.gov/LEcat5/LE1901-2000.html,972e37819ec3f8e8b3f48fd38a06984636f6733812a1fa2557e25600d2204532,1901-2000,catalog TD and modeled UT1; not exact UTC,09453  1915 Jan 31  04:57:42     17  -1051  103   N   -a   1.5450  0.0451 -0.9989   62.0    -      -     19N   70W,,19.0,-70.0,,,,0.0451,-0.9989,3720.0,,
solar-09315,solar,09315,1915-02-14,1915-02-14T04:33:20,A,A,,17.0,1915-02-14T04:33:03,-1050,129,nn,-0.2024,https://eclipse.gsfc.nasa.gov/SEcat5/SE1901-2000.html,1daf90d8b3f1763a09b45cc0d838150fc09edbef711fe1be80f2e0c0d8f6d5ff,1901-2000,catalog TD and modeled UT1; not exact UTC,09315  1915 Feb 14  04:33:20     17  -1050  129   A   nn  -0.2024  0.9789  24S 121E  78   77  02m04s,0.9789,-24.0,121.0,78.0,77.0,124,,,,,
lunar-09454,lunar,09454,1915-03-01,1915-03-01T18:19:32,N,N,,17.0,1915-03-01T18:19:15,-1050,141,a-,-1.2573,https://eclipse.gsfc.nasa.gov/LEcat5/LE1901-2000.html,972e37819ec3f8e8b3f48fd38a06984636f6733812a1fa2557e25600d2204532,1901-2000,catalog TD and modeled UT1; not exact UTC,09454  1915 Mar 01  18:19:32     17  -1050  141   N   a-  -1.2573  0.5548 -0.4528  199.8    -      -      7N   88E,,7.0,88.0,,,,0.5548,-0.4528,11988.0,,
lunar-09455,lunar,09455,1915-07-26,1915-07-26T12:24:39,N,N,,18.0,1915-07-26T12:24:21,-1045,108,-a,-1.3553,https://eclipse.gsfc.nasa.gov/LEcat5/LE1901-2000.html,972e37819ec3f8e8b3f48fd38a06984636f6733812a1fa2557e25600d2204532,1901-2000,catalog TD and modeled UT1; not exact UTC,09455  1915 Jul 26  12:24:39     18  -1045  108   N   -a  -1.3553  0.3545 -0.6129  158.7    -      -     21S  176E,,-21.0,176.0,,,,0.3545,-0.6129,9522.0,,
solar-09316,solar,09316,1915-08-10,1915-08-10T22:52:25,A,A,,18.0,1915-08-10T22:52:07,-1044,134,nn,0.0124,https://eclipse.gsfc.nasa.gov/SEcat5/SE1901-2000.html,1daf90d8b3f1763a09b45cc0d838150fc09edbef711fe1be80f2e0c0d8f6d5ff,1901-2000,catalog TD and modeled UT1; not exact UTC,09316  1915 Aug 10  22:52:25     18  -1044  134   A   nn   0.0124  0.9853  16N 161W  89   52  01m33s,0.9853,16.0,-161.0,89.0,52.0,93,,,,,
lunar-09456,lunar,09456,1915-08-24,1915-08-24T21:27:17,N,N,,18.0,1915-08-24T21:26:59,-1044,146,a-,1.2435,https://eclipse.gsfc.nasa.gov/LEcat5/LE1901-2000.html,972e37819ec3f8e8b3f48fd38a06984636f6733812a1fa2557e25600d2204532,1901-2000,catalog TD and modeled UT1; not exact UTC,09456  1915 Aug 24  21:27:17     18  -1044  146   N   a-   1.2435  0.5750 -0.4226  204.4    -      -     10S   38E,,-10.0,38.0,,,,0.575,-0.4226,12264.0,,
lunar-09457,lunar,09457,1916-01-20,1916-01-20T08:39:41,P,P,,18.0,1916-01-20T08:39:23,-1039,113,-t,0.9146,https://eclipse.gsfc.nasa.gov/LEcat5/LE1901-2000.html,972e37819ec3f8e8b3f48fd38a06984636f6733812a1fa2557e25600d2204532,1901-2000,catalog TD and modeled UT1; not exact UTC,09457  1916 Jan 20  08:39:41     18  -1039  113   P   -t   0.9146  1.2277  0.1327  305.7   87.7    -     21N  127W,,21.0,-127.0,,,,1.2277,0.1327,18342.0,5262.0,
solar-09317,solar,09317,1916-02-03,1916-02-03T16:00:21,T,T,,18.0,1916-02-03T16:00:03,-1038,139,p-,0.4987,https://eclipse.gsfc.nasa.gov/SEcat5/SE1901-2000.html,1daf90d8b3f1763a09b45cc0d838150fc09edbef711fe1be80f2e0c0d8f6d5ff,1901-2000,catalog TD and modeled UT1; not exact UTC,09317  1916 Feb 03  16:00:21     18  -1038  139   T   p-   0.4987  1.0280  11N  68W  60  108  02m36s,1.028,11.0,-68.0,60.0,108.0,156,,,,,
lunar-09458,lunar,09458,1916-07-15,1916-07-15T04:46:07,P,P,,19.0,1916-07-15T04:45:48,-1033,118,-a,-0.5956,https://eclipse.gsfc.nasa.gov/LEcat5/LE1901-2000.html,972e37819ec3f8e8b3f48fd38a06984636f6733812a1fa2557e25600d2204532,1901-2000,catalog TD and modeled UT1; not exact UTC,09458  1916 Jul 15  04:46:07     19  -1033  118   P   -a  -0.5956  1.7351  0.7944  292.4  172.5    -     22S   70W,,-22.0,-70.0,,,,1.7351,0.7944,17544.0,10350.0,
solar-09318,solar,09318,1916-07-30,1916-07-30T02:06:10,A,A,,19.0,1916-07-30T02:05:51,-1032,144,p-,-0.7709,https://eclipse.gsfc.nasa.gov/SEcat5/SE1901-2000.html,1daf90d8b3f1763a09b45cc0d838150fc09edbef711fe1be80f2e0c0d8f6d5ff,1901-2000,catalog TD and modeled UT1; not exact UTC,09318  1916 Jul 30  02:06:10     19  -1032  144   A   p-  -0.7709  0.9447  29S 132E  39  313  06m24s,0.9447,-29.0,132.0,39.0,313.0,384,,,,,
solar-09319,solar,09319,1916-12-24,1916-12-24T20:46:22,P,P,,19.0,1916-12-24T20:46:03,-1027,111,-t,-1.5321,https://eclipse.gsfc.nasa.gov/SEcat5/SE1901-2000.html,1daf90d8b3f1763a09b45cc0d838150fc09edbef711fe1be80f2e0c0d8f6d5ff,1901-2000,catalog TD and modeled UT1; not exact UTC,09319  1916 Dec 24  20:46:22     19  -1027  111   P   -t  -1.5321  0.0114  66S  32E   0,0.0114,-66.0,32.0,0.0,,,,,,,
lunar-09459,lunar,09459,1917-01-08,1917-01-08T07:44:48,T,T+,+,19.0,1917-01-08T07:44:29,-1027,123,pp,0.2415,https://eclipse.gsfc.nasa.gov/LEcat5/LE1901-2000.html,972e37819ec3f8e8b3f48fd38a06984636f6733812a1fa2557e25600d2204532,1901-2000,catalog TD and modeled UT1; not exact UTC,09459  1917 Jan 08  07:44:48     19  -1027  123   T+  pp   0.2415  2.4663  1.3642  373.1  227.3   87.6   23N  114W,,23.0,-114.0,,,,2.4663,1.3642,22386.0,13638.0,5256.0
solar-09320,solar,09320,1917-01-23,1917-01-23T07:28:31,P,P,,19.0,1917-01-23T07:28:12,-1026,149,t-,1.1508,https://eclipse.gsfc.nasa.gov/SEcat5/SE1901-2000.html,1daf90d8b3f1763a09b45cc0d838150fc09edbef711fe1be80f2e0c0d8f6d5ff,1901-2000,catalog TD and modeled UT1; not exact UTC,09320  1917 Jan 23  07:28:31     19  -1026  149   P   t-   1.1508  0.7254  63N  26E   0,0.7254,63.0,26.0,0.0,,,,,,,
solar-09321,solar,09321,1917-06-19,1917-06-19T13:16:21,P,P,,20.0,1917-06-19T13:16:01,-1021,116,-t,1.2857,https://eclipse.gsfc.nasa.gov/SEcat5/SE1901-2000.html,1daf90d8b3f1763a09b45cc0d838150fc09edbef711fe1be80f2e0c0d8f6d5ff,1901-2000,catalog TD and modeled UT1; not exact UTC,09321  1917 Jun 19  13:16:21     20  -1021  116   P   -t   1.2857  0.4729  66N 150E   0,0.4729,66.0,150.0,0.0,,,,,,,
lunar-09460,lunar,09460,1917-07-04,1917-07-04T21:39:04,T,T+,+,20.0,1917-07-04T21:38:44,-1021,128,pp,0.1419,https://eclipse.gsfc.nasa.gov/LEcat5/LE1901-2000.html,972e37819ec3f8e8b3f48fd38a06984636f6733812a1fa2557e25600d2204532,1901-2000,catalog TD and modeled UT1; not exact UTC,09460  1917 Jul 04  21:39:04     20  -1021  128   T+  pp   0.1419  2.5762  1.6185  322.9  212.8   96.0   23S   36E,,-23.0,36.0,,,,2.5762,1.6185,19374.0,12768.0,5760.0
solar-09322,solar,09322,1917-07-19,1917-07-19T02:42:42,P,Pb,b,20.0,1917-07-19T02:42:22,-1020,154,t-,-1.5101,https://eclipse.gsfc.nasa.gov/SEcat5/SE1901-2000.html,1daf90d8b3f1763a09b45cc0d838150fc09edbef711fe1be80f2e0c0d8f6d5ff,1901-2000,catalog TD and modeled UT1; not exact UTC,09322  1917 Jul 19  02:42:42     20  -1020  154   Pb  t-  -1.5101  0.0863  64S 102E   0,0.0863,-64.0,102.0,0.0,,,,,,,
solar-09323,solar,09323,1917-12-14,1917-12-14T09:27:20,A,A,,20.0,1917-12-14T09:27:00,-1015,121,-t,-0.9157,https://eclipse.gsfc.nasa.gov/SEcat5/SE1901-2000.html,1daf90d8b3f1763a09b45cc0d838150fc09edbef711fe1be80f2e0c0d8f6d5ff,1901-2000,catalog TD and modeled UT1; not exact UTC,09323  1917 Dec 14  09:27:20     20  -1015  121   A   -t  -0.9157  0.9791  88S 125E  23  189  01m17s,0.9791,-88.0,125.0,23.0,189.0,77,,,,,
lunar-09461,lunar,09461,1917-12-28,1917-12-28T09:46:32,T,T,,20.0,1917-12-28T09:46:12,-1015,133,a-,-0.4484,https://eclipse.gsfc.nasa.gov/LEcat5/LE1901-2000.html,972e37819ec3f8e8b3f48fd38a06984636f6733812a1fa2557e25600d2204532,1901-2000,catalog TD and modeled UT1; not exact UTC,09461  1917 Dec 28  09:46:32     20  -1015  133   T   a-  -0.4484  2.0652  1.0056  343.0  202.3   12.0   23N  146W,,23.0,-146.0,,,,2.0652,1.0056,20580.0,12138.0,720.0
solar-09324,solar,09324,1918-06-08,1918-06-08T22:07:43,T,T,,20.0,1918-06-08T22:07:23,-1009,126,-p,0.4658,https://eclipse.gsfc.nasa.gov/SEcat5/SE1901-2000.html,1daf90d8b3f1763a09b45cc0d838150fc09edbef711fe1be80f2e0c0d8f6d5ff,1901-2000,catalog TD and modeled UT1; not exact UTC,09324  1918 Jun 08  22:07:43     20  -1009  126   T   -p   0.4658  1.0292  51N 152W  62  112  02m23s,1.0292,51.0,-152.0,62.0,112.0,143,,,,,
lunar-09462,lunar,09462,1918-06-24,1918-06-24T10:28:03,P,P,,20.0,1918-06-24T10:27:43,-1009,138,t-,0.9397,https://eclipse.gsfc.nasa.gov/LEcat5/LE1901-2000.html,972e37819ec3f8e8b3f48fd38a06984636f6733812a1fa2557e25600d2204532,1901-2000,catalog TD and modeled UT1; not exact UTC,09462  1918 Jun 24  10:28:03     20  -1009  138   P   t-   0.9397  1.1376  0.1297  276.3   82.4    -     23S  157W,,-23.0,-157.0,,,,1.1376,0.1297,16578.0,4944.0,
solar-09325,solar,09325,1918-12-03,1918-12-03T15:22:02,A,A,,21.0,1918-12-03T15:21:41,-1003,131,-n,-0.2387,https://eclipse.gsfc.nasa.gov/SEcat5/SE1901-2000.html,1daf90d8b3f1763a09b45cc0d838150fc09edbef711fe1be80f2e0c0d8f6d5ff,1901-2000,catalog TD and modeled UT1; not exact UTC,09325  1918 Dec 03  15:22:02     21  -1003  131   A   -n  -0.2387  0.9383  36S  54W  76  236  07m06s,0.9383,-36.0,-54.0,76.0,236.0,426,,,,,
lunar-09463,lunar,09463,1918-12-17,1918-12-17T19:06:01,N,N,,21.0,1918-12-17T19:05:40,-1003,143,a-,-1.1035,https://eclipse.gsfc.nasa.gov/LEcat5/LE1901-2000.html,972e37819ec3f8e8b3f48fd38a06984636f6733812a1fa2557e25600d2204532,1901-2000,catalog TD and modeled UT1; not exact UTC,09463  1918 Dec 17  19:06:01     21  -1003  143   N   a-  -1.1035  0.8340 -0.1679  234.9    -      -     22N   73E,,22.0,73.0,,,,0.834,-0.1679,14094.0,,
lunar-09464,lunar,09464,1919-05-15,1919-05-15T01:14:00,N,N,,21.0,1919-05-15T01:13:39,-998,110,-t,-1.082,https://eclipse.gsfc.nasa.gov/LEcat5/LE1901-2000.html,972e37819ec3f8e8b3f48fd38a06984636f6733812a1fa2557e25600d2204532,1901-2000,catalog TD and modeled UT1; not exact UTC,09464  1919 May 15  01:14:00     21   -998  110   N   -t  -1.0820  0.9103 -0.1644  273.1    -      -     20S   20W,,-20.0,-20.0,,,,0.9103,-0.1644,16386.0,,
solar-09326,solar,09326,1919-05-29,1919-05-29T13:08:55,T,T,,21.0,1919-05-29T13:08:34,-997,136,n-,-0.2955,https://eclipse.gsfc.nasa.gov/SEcat5/SE1901-2000.html,1daf90d8b3f1763a09b45cc0d838150fc09edbef711fe1be80f2e0c0d8f6d5ff,1901-2000,catalog TD and modeled UT1; not exact UTC,09326  1919 May 29  13:08:55     21   -997  136   T   n-  -0.2955  1.0719   4N  17W  73  244  06m51s,1.0719,4.0,-17.0,73.0,244.0,411,,,,,
lunar-09465,lunar,09465,1919-11-07,1919-11-07T23:44:28,P,P,,21.0,1919-11-07T23:44:07,-992,115,-a,0.9246,https://eclipse.gsfc.nasa.gov/LEcat5/LE1901-2000.html,972e37819ec3f8e8b3f48fd38a06984636f6733812a1fa2557e25600d2204532,1901-2000,catalog TD and modeled UT1; not exact UTC,09465  1919 Nov 07  23:44:28     21   -992  115   P   -a   0.9246  1.1445  0.1780  256.7   89.8    -     17N    0W,,17.0,-0.0,,,,1.1445,0.178,15402.0,5388.0,
solar-09327,solar,09327,1919-11-22,1919-11-22T15:14:12,A,A,,21.0,1919-11-22T15:13:51,-991,141,p-,0.4549,https://eclipse.gsfc.nasa.gov/SEcat5/SE1901-2000.html,1daf90d8b3f1763a09b45cc0d838150fc09edbef711fe1be80f2e0c0d8f6d5ff,1901-2000,catalog TD and modeled UT1; not exact UTC,09327  1919 Nov 22  15:14:12     21   -991  141   A   p-   0.4549  0.9198   7N  49W  63  341  11m37s,0.9198,7.0,-49.0,63.0,341.0,697,,,,,
lunar-09466,lunar,09466,1920-05-03,1920-05-03T01:51:08,T,T,,21.0,1920-05-03T01:50:47,-986,120,-p,-0.3312,https://eclipse.gsfc.nasa.gov/LEcat5/LE1901-2000.html,972e37819ec3f8e8b3f48fd38a06984636f6733812a1fa2557e25600d2204532,1901-2000,catalog TD and modeled UT1; not exact UTC,09466  1920 May 03  01:51:08     21   -986  120   T   -p  -0.3312  2.2818  1.2194  360.1  219.7   71.5   16S   29W,,-16.0,-29.0,,,,2.2818,1.2194,21606.0,13182.0,4290.0
solar-09328,solar,09328,1920-05-18,1920-05-18T06:14:55,P,P,,21.0,1920-05-18T06:14:34,-985,146,t-,-1.0239,https://eclipse.gsfc.nasa.gov/SEcat5/SE1901-2000.html,1daf90d8b3f1763a09b45cc0d838150fc09edbef711fe1be80f2e0c0d8f6d5ff,1901-2000,catalog TD and modeled UT1; not exact UTC,09328  1920 May 18  06:14:55     21   -985  146   P   t-  -1.0239  0.9734  69S 108E   0,0.9734,-69.0,108.0,0.0,,,,,,,
lunar-09467,lunar,09467,1920-10-27,1920-10-27T14:11:38,T,T+,+,22.0,1920-10-27T14:11:16,-980,125,-p,0.2502,https://eclipse.gsfc.nasa.gov/LEcat5/LE1901-2000.html,972e37819ec3f8e8b3f48fd38a06984636f6733812a1fa2557e25600d2204532,1901-2000,catalog TD and modeled UT1; not exact UTC,09467  1920 Oct 27  14:11:38     22   -980  125   T+  -p   0.2502  2.3992  1.3987  330.9  211.1   85.0   13N  143E,,13.0,143.0,,,,2.3992,1.3987,19854.0,12666.0,5100.0
solar-09329,solar,09329,1920-11-10,1920-11-10T15:52:15,P,P,,22.0,1920-11-10T15:51:53,-979,151,t-,1.1287,https://eclipse.gsfc.nasa.gov/SEcat5/SE1901-2000.html,1daf90d8b3f1763a09b45cc0d838150fc09edbef711fe1be80f2e0c0d8f6d5ff,1901-2000,catalog TD and modeled UT1; not exact UTC,09329  1920 Nov 10  15:52:15     22   -979  151   P   t-   1.1287  0.7420  70N  30W   0,0.742,70.0,-30.0,0.0,,,,,,,
solar-09330,solar,09330,1921-04-08,1921-04-08T09:15:01,A,A,,22.0,1921-04-08T09:14:39,-974,118,-t,0.8869,https://eclipse.gsfc.nasa.gov/SEcat5/SE1901-2000.html,1daf90d8b3f1763a09b45cc0d838150fc09edbef711fe1be80f2e0c0d8f6d5ff,1901-2000,catalog TD and modeled UT1; not exact UTC,09330  1921 Apr 08  09:15:01     22   -974  118   A   -t   0.8869  0.9753  64N   6E  27  192  01m50s,0.9753,64.0,6.0,27.0,192.0,110,,,,,
lunar-09468,lunar,09468,1921-04-22,1921-04-22T07:44:39,T,T,,22.0,1921-04-22T07:44:17,-974,130,a-,0.4269,https://eclipse.gsfc.nasa.gov/LEcat5/LE1901-2000.html,972e37819ec3f8e8b3f48fd38a06984636f6733812a1fa2557e25600d2204532,1901-2000,catalog TD and modeled UT1; not exact UTC,09468  1921 Apr 22  07:44:39     22   -974  130   T   a-   0.4269  2.0816  1.0678  331.9  202.0   40.1   12S  116W,,-12.0,-116.0,,,,2.0816,1.0678,19914.0,12120.0,2406.0
solar-09331,solar,09331,1921-10-01,1921-10-01T12:35:58,T,T,,22.0,1921-10-01T12:35:36,-968,123,-p,-0.9383,https://eclipse.gsfc.nasa.gov/SEcat5/SE1901-2000.html,1daf90d8b3f1763a09b45cc0d838150fc09edbef711fe1be80f2e0c0d8f6d5ff,1901-2000,catalog TD and modeled UT1; not exact UTC,09331  1921 Oct 01  12:35:58     22   -968  123   T   -p  -0.9383  1.0293  66S  56W  20  291  01m52s,1.0293,-66.0,-56.0,20.0,291.0,112,,,,,
lunar-09469,lunar,09469,1921-10-16,1921-10-16T22:53:59,P,P,,22.0,1921-10-16T22:53:37,-968,135,t-,-0.4902,https://eclipse.gsfc.nasa.gov/LEcat5/LE1901-2000.html,972e37819ec3f8e8b3f48fd38a06984636f6733812a1fa2557e25600d2204532,1901-2000,catalog TD and modeled UT1; not exact UTC,09469  1921 Oct 16  22:53:59     22   -968  135   P   t-  -0.4902  1.9858  0.9317  342.1  199.1    -      9N   13E,,9.0,13.0,,,,1.9858,0.9317,20526.0,11946.0,
lunar-09470,lunar,09470,1922-03-13,1922-03-13T11:28:48,N,N,,23.0,1922-03-13T11:28:25,-963,102,-a,-1.4752,https://eclipse.gsfc.nasa.gov/LEcat5/LE1901-2000.html,972e37819ec3f8e8b3f48fd38a06984636f6733812a1fa2557e25600d2204532,1901-2000,catalog TD and modeled UT1; not exact UTC,09470  1922 Mar 13  11:28:48     23   -963  102   N   -a  -1.4752  0.1320 -0.8304   96.3    -      -      2N  170W,,2.0,-170.0,,,,0.132,-0.8304,5778.0,,
solar-09332,solar,09332,1922-03-28,1922-03-28T13:05:26,A,A,,23.0,1922-03-28T13:05:03,-962,128,nn,0.1711,https://eclipse.gsfc.nasa.gov/SEcat5/SE1901-2000.html,1daf90d8b3f1763a09b45cc0d838150fc09edbef711fe1be80f2e0c0d8f6d5ff,1901-2000,catalog TD and modeled UT1; not exact UTC,09332  1922 Mar 28  13:05:26     23   -962  128   A   nn   0.1711  0.9381  12N  18W  80  233  07m50s,0.9381,12.0,-18.0,80.0,233.0,470,,,,,
lunar-09471,lunar,09471,1922-04-11,1922-04-11T20:32:12,N,N,,23.0,1922-04-11T20:31:49,-962,140,a-,1.1228,https://eclipse.gsfc.nasa.gov/LEcat5/LE1901-2000.html,972e37819ec3f8e8b3f48fd38a06984636f6733812a1fa2557e25600d2204532,1901-2000,catalog TD and modeled UT1; not exact UTC,09471  1922 Apr 11  20:32:12     23   -962  140   N   a-   1.1228  0.7812 -0.1863  223.2    -      -      7S   53E,,-7.0,53.0,,,,0.7812,-0.1863,13392.0,,
solar-09333,solar,09333,1922-09-21,1922-09-21T04:40:31,T,T,,23.0,1922-09-21T04:40:08,-956,133,-n,-0.213,https://eclipse.gsfc.nasa.gov/SEcat5/SE1901-2000.html,1daf90d8b3f1763a09b45cc0d838150fc09edbef711fe1be80f2e0c0d8f6d5ff,1901-2000,catalog TD and modeled UT1; not exact UTC,09333  1922 Sep 21  04:40:31     23   -956  133   T   -n  -0.2130  1.0678  11S 105E  78  226  05m59s,1.0678,-11.0,105.0,78.0,226.0,359,,,,,
lunar-09472,lunar,09472,1922-10-06,1922-10-06T00:43:50,N,N,,23.0,1922-10-06T00:43:27,-956,145,t-,-1.2348,https://eclipse.gsfc.nasa.gov/LEcat5/LE1901-2000.html,972e37819ec3f8e8b3f48fd38a06984636f6733812a1fa2557e25600d2204532,1901-2000,catalog TD and modeled UT1; not exact UTC,09472  1922 Oct 06  00:43:50     23   -956  145   N   t-  -1.2348  0.6358 -0.4508  235.2    -      -      4N   13W,,4.0,-13.0,,,,0.6358,-0.4508,14112.0,,
lunar-09473,lunar,09473,1923-03-03,1923-03-03T03:32:09,P,P,,23.0,1923-03-03T03:31:46,-951,112,-a,-0.8175,https://eclipse.gsfc.nasa.gov/LEcat5/LE1901-2000.html,972e37819ec3f8e8b3f48fd38a06984636f6733812a1fa2557e25600d2204532,1901-2000,catalog TD and modeled UT1; not exact UTC,09473  1923 Mar 03  03:32:09     23   -951  112   P   -a  -0.8175  1.3453  0.3701  275.2  127.1    -      6N   50W,,6.0,-50.0,,,,1.3453,0.3701,16512.0,7626.0,
solar-09334,solar,09334,1923-03-17,1923-03-17T12:44:58,A,A,,23.0,1923-03-17T12:44:35,-950,138,p-,-0.5438,https://eclipse.gsfc.nasa.gov/SEcat5/SE1901-2000.html,1daf90d8b3f1763a09b45cc0d838150fc09edbef711fe1be80f2e0c0d8f6d5ff,1901-2000,catalog TD and modeled UT1; not exact UTC,09334  1923 Mar 17  12:44:58     23   -950  138   A   p-  -0.5438  0.9310  33S   2E  57  305  07m51s,0.931,-33.0,2.0,57.0,305.0,471,,,,,
lunar-09474,lunar,09474,1923-08-26,1923-08-26T10:39:52,P,P,,23.0,1923-08-26T10:39:29,-945,117,-t,0.9133,https://eclipse.gsfc.nasa.gov/LEcat5/LE1901-2000.html,972e37819ec3f8e8b3f48fd38a06984636f6733812a1fa2557e25600d2204532,1901-2000,catalog TD and modeled UT1; not exact UTC,09474  1923 Aug 26  10:39:52     23   -945  117   P   -t   0.9133  1.2013  0.1634  290.8   94.2    -     10S  160W,,-10.0,-160.0,,,,1.2013,0.1634,17448.0,5652.0,
solar-09335,solar,09335,1923-09-10,1923-09-10T20:47:29,T,T,,23.0,1923-09-10T20:47:06,-944,143,p-,0.5149,https://eclipse.gsfc.nasa.gov/SEcat5/SE1901-2000.html,1daf90d8b3f1763a09b45cc0d838150fc09edbef711fe1be80f2e0c0d8f6d5ff,1901-2000,catalog TD and modeled UT1; not exact UTC,09335  1923 Sep 10  20:47:29     23   -944  143   T   p-   0.5149  1.0430  35N 122W  59  167  03m37s,1.043,35.0,-122.0,59.0,167.0,217,,,,,
lunar-09475,lunar,09475,1924-02-20,1924-02-20T16:08:55,T,T-,-,24.0,1924-02-20T16:08:31,-939,122,-p,-0.1338,https://eclipse.gsfc.nasa.gov/LEcat5/LE1901-2000.html,972e37819ec3f8e8b3f48fd38a06984636f6733812a1fa2557e25600d2204532,1901-2000,catalog TD and modeled UT1; not exact UTC,09475  1924 Feb 20  16:08:55     24   -939  122   T-  -p  -0.1338  2.6256  1.5995  343.6  219.7   97.1   11N  121E,,11.0,121.0,,,,2.6256,1.5995,20616.0,13182.0,5826.0
solar-09336,solar,09336,1924-03-05,1924-03-05T15:44:20,P,P,,24.0,1924-03-05T15:43:56,-938,148,t-,-1.2232,https://eclipse.gsfc.nasa.gov/SEcat5/SE1901-2000.html,1daf90d8b3f1763a09b45cc0d838150fc09edbef711fe1be80f2e0c0d8f6d5ff,1901-2000,catalog TD and modeled UT1; not exact UTC,09336  1924 Mar 05  15:44:20     24   -938  148   P   t-  -1.2232  0.5819  72S  56E   0,0.5819,-72.0,56.0,0.0,,,,,,,
solar-09337,solar,09337,1924-07-31,1924-07-31T19:58:20,P,P,,24.0,1924-07-31T19:57:56,-933,115,-t,-1.4459,https://eclipse.gsfc.nasa.gov/SEcat5/SE1901-2000.html,1daf90d8b3f1763a09b45cc0d838150fc09edbef711fe1be80f2e0c0d8f6d5ff,1901-2000,catalog TD and modeled UT1; not exact UTC,09337  1924 Jul 31  19:58:20     24   -933  115   P   -t  -1.4459  0.1920  70S 146W   0,0.192,-70.0,-146.0,0.0,,,,,,,
lunar-09476,lunar,09476,1924-08-14,1924-08-14T20:20:30,T,T+,+,24.0,1924-08-14T20:20:06,-933,127,pp,0.1175,https://eclipse.gsfc.nasa.gov/LEcat5/LE1901-2000.html,972e37819ec3f8e8b3f48fd38a06984636f6733812a1fa2557e25600d2204532,1901-2000,catalog TD and modeled UT1; not exact UTC,09476  1924 Aug 14  20:20:30     24   -933  127   T+  pp   0.1175  2.6326  1.6519  332.0  216.9   98.2   14S   56E,,-14.0,56.0,,,,2.6326,1.6519,19920.0,13014.0,5892.0
solar-09338,solar,09338,1924-08-30,1924-08-30T08:23:00,P,P,,24.0,1924-08-30T08:22:36,-932,153,t-,1.3123,https://eclipse.gsfc.nasa.gov/SEcat5/SE1901-2000.html,1daf90d8b3f1763a09b45cc0d838150fc09edbef711fe1be80f2e0c0d8f6d5ff,1901-2000,catalog TD and modeled UT1; not exact UTC,09338  1924 Aug 30  08:23:00     24   -932  153   P   t-   1.3123  0.4245  71N 173E   0,0.4245,71.0,173.0,0.0,,,,,,,
solar-09339,solar,09339,1925-01-24,1925-01-24T14:54:03,T,T,,24.0,1925-01-24T14:53:39,-927,120,-p,0.8661,https://eclipse.gsfc.nasa.gov/SEcat5/SE1901-2000.html,1daf90d8b3f1763a09b45cc0d838150fc09edbef711fe1be80f2e0c0d8f6d5ff,1901-2000,catalog TD and modeled UT1; not exact UTC,09339  1925 Jan 24  14:54:03     24   -927  120   T   -p   0.8661  1.0304  40N  50W  30  206  02m32s,1.0304,40.0,-50.0,30.0,206.0,152,,,,,
lunar-09477,lunar,09477,1925-02-08,1925-02-08T21:42:22,P,P,,24.0,1925-02-08T21:41:58,-927,132,t-,0.5921,https://eclipse.gsfc.nasa.gov/LEcat5/LE1901-2000.html,972e37819ec3f8e8b3f48fd38a06984636f6733812a1fa2557e25600d2204532,1901-2000,catalog TD and modeled UT1; not exact UTC,09477  1925 Feb 08  21:42:22     24   -927  132   P   t-   0.5921  1.8134  0.7304  342.9  185.7    -     15N   38E,,15.0,38.0,,,,1.8134,0.7304,20574.0,11142.0,
solar-09340,solar,09340,1925-07-20,1925-07-20T21:48:42,A,A,,24.0,1925-07-20T21:48:18,-921,125,-p,-0.7193,https://eclipse.gsfc.nasa.gov/SEcat5/SE1901-2000.html,1daf90d8b3f1763a09b45cc0d838150fc09edbef711fe1be80f2e0c0d8f6d5ff,1901-2000,catalog TD and modeled UT1; not exact UTC,09340  1925 Jul 20  21:48:42     24   -921  125   A   -p  -0.7193  0.9436  25S 150W  44  300  07m15s,0.9436,-25.0,-150.0,44.0,300.0,435,,,,,
lunar-09478,lunar,09478,1925-08-04,1925-08-04T11:52:57,P,P,,24.0,1925-08-04T11:52:33,-921,137,a-,-0.6208,https://eclipse.gsfc.nasa.gov/LEcat5/LE1901-2000.html,972e37819ec3f8e8b3f48fd38a06984636f6733812a1fa2557e25600d2204532,1901-2000,catalog TD and modeled UT1; not exact UTC,09478  1925 Aug 04  11:52:57     24   -921  137   P   a-  -0.6208  1.6909  0.7463  291.2  168.9    -     18S  177W,,-18.0,-177.0,,,,1.6909,0.7463,17472.0,10134.0,
solar-09341,solar,09341,1926-01-14,1926-01-14T06:36:58,T,T,,24.0,1926-01-14T06:36:34,-915,130,-n,0.1973,https://eclipse.gsfc.nasa.gov/SEcat5/SE1901-2000.html,1daf90d8b3f1763a09b45cc0d838150fc09edbef711fe1be80f2e0c0d8f6d5ff,1901-2000,catalog TD and modeled UT1; not exact UTC,09341  1926 Jan 14  06:36:58     24   -915  130   T   -n   0.1973  1.0430  10S  82E  79  147  04m11s,1.043,-10.0,82.0,79.0,147.0,251,,,,,
lunar-09479,lunar,09479,1926-01-28,1926-01-28T21:20:24,N,N,,24.0,1926-01-28T21:20:00,-915,142,t-,1.2836,https://eclipse.gsfc.nasa.gov/LEcat5/LE1901-2000.html,972e37819ec3f8e8b3f48fd38a06984636f6733812a1fa2557e25600d2204532,1901-2000,catalog TD and modeled UT1; not exact UTC,09479  1926 Jan 28  21:20:24     24   -915  142   N   t-   1.2836  0.5551 -0.5488  222.6    -      -     19N   43E,,19.0,43.0,,,,0.5551,-0.5488,13356.0,,
lunar-09480,lunar,09480,1926-06-25,1926-06-25T21:25:07,N,N,,24.0,1926-06-25T21:24:43,-910,109,-a,1.1814,https://eclipse.gsfc.nasa.gov/LEcat5/LE1901-2000.html,972e37819ec3f8e8b3f48fd38a06984636f6733812a1fa2557e25600d2204532,1901-2000,catalog TD and modeled UT1; not exact UTC,09480  1926 Jun 25  21:25:07     24   -910  109   N   -a   1.1814  0.6749 -0.2948  213.1    -      -     22S   40E,,-22.0,40.0,,,,0.6749,-0.2948,12786.0,,
solar-09342,solar,09342,1926-07-09,1926-07-09T23:06:02,A,A,,24.0,1926-07-09T23:05:38,-909,135,nn,0.0538,https://eclipse.gsfc.nasa.gov/SEcat5/SE1901-2000.html,1daf90d8b3f1763a09b45cc0d838150fc09edbef711fe1be80f2e0c0d8f6d5ff,1901-2000,catalog TD and modeled UT1; not exact UTC,09342  1926 Jul 09  23:06:02     24   -909  135   A   nn   0.0538  0.9680  26N 165W  87  115  03m51s,0.968,26.0,-165.0,87.0,115.0,231,,,,,
lunar-09481,lunar,09481,1926-07-25,1926-07-25T05:00:12,N,N,,24.0,1926-07-25T04:59:48,-909,147,a-,-1.3511,https://eclipse.gsfc.nasa.gov/LEcat5/LE1901-2000.html,972e37819ec3f8e8b3f48fd38a06984636f6733812a1fa2557e25600d2204532,1901-2000,catalog TD and modeled UT1; not exact UTC,09481  1926 Jul 25  05:00:12     24   -909  147   N   a-  -1.3511  0.3542 -0.5970  155.5    -      -     21S   73W,,-21.0,-73.0,,,,0.3542,-0.597,9330.0,,
lunar-09482,lunar,09482,1926-12-19,1926-12-19T06:20:07,N,Nx,x,24.0,1926-12-19T06:19:43,-904,114,-a,-1.0101,https://eclipse.gsfc.nasa.gov/LEcat5/LE1901-2000.html,972e37819ec3f8e8b3f48fd38a06984636f6733812a1fa2557e25600d2204532,1901-2000,catalog TD and modeled UT1; not exact UTC,09482  1926 Dec 19  06:20:07     24   -904  114   Nx  -a  -1.0101  1.0257 -0.0163  268.0    -      -     22N   96W,,22.0,-96.0,,,,1.0257,-0.0163,16080.0,,
solar-09343,solar,09343,1927-01-03,1927-01-03T20:22:53,A,A,,24.0,1927-01-03T20:22:29,-903,140,n-,-0.4956,https://eclipse.gsfc.nasa.gov/SEcat5/SE1901-2000.html,1daf90d8b3f1763a09b45cc0d838150fc09edbef711fe1be80f2e0c0d8f6d5ff,1901-2000,catalog TD and modeled UT1; not exact UTC,09343  1927 Jan 03  20:22:53     24   -903  140   A   n-  -0.4956  0.9995  53S 125W  60    2  00m03s,0.9995,-53.0,-125.0,60.0,2.0,3,,,,,
lunar-09483,lunar,09483,1927-06-15,1927-06-15T08:24:41,T,T,,24.0,1927-06-15T08:24:17,-898,119,-t,0.4543,https://eclipse.gsfc.nasa.gov/LEcat5/LE1901-2000.html,972e37819ec3f8e8b3f48fd38a06984636f6733812a1fa2557e25600d2204532,1901-2000,catalog TD and modeled UT1; not exact UTC,09483  1927 Jun 15  08:24:41     24   -898  119   T   -t   0.4543  2.0365  1.0123  338.1  202.8   17.7   23S  126W,,-23.0,-126.0,,,,2.0365,1.0123,20286.0,12168.0,1062.0
solar-09344,solar,09344,1927-06-29,1927-06-29T06:23:27,T,T,,24.0,1927-06-29T06:23:03,-897,145,t-,0.8163,https://eclipse.gsfc.nasa.gov/SEcat5/SE1901-2000.html,1daf90d8b3f1763a09b45cc0d838150fc09edbef711fe1be80f2e0c0d8f6d5ff,1901-2000,catalog TD and modeled UT1; not exact UTC,09344  1927 Jun 29  06:23:27     24   -897  145   T   t-   0.8163  1.0128  78N  74E  35   77  00m50s,1.0128,78.0,74.0,35.0,77.0,50,,,,,
lunar-09484,lunar,09484,1927-12-08,1927-12-08T17:35:10,T,T,,24.0,1927-12-08T17:34:46,-892,124,-p,-0.2796,https://eclipse.gsfc.nasa.gov/LEcat5/LE1901-2000.html,972e37819ec3f8e8b3f48fd38a06984636f6733812a1fa2557e25600d2204532,1901-2000,catalog TD and modeled UT1; not exact UTC,09484  1927 Dec 08  17:35:10     24   -892  124   T   -p  -0.2796  2.3389  1.3510  321.8  205.6   79.8   22N   94E,,22.0,94.0,,,,2.3389,1.351,19308.0,12336.0,4788.0
solar-09345,solar,09345,1927-12-24,1927-12-24T03:59:41,P,P,,24.0,1927-12-24T03:59:17,-891,150,t-,-1.2416,https://eclipse.gsfc.nasa.gov/SEcat5/SE1901-2000.html,1daf90d8b3f1763a09b45cc0d838150fc09edbef711fe1be80f2e0c0d8f6d5ff,1901-2000,catalog TD and modeled UT1; not exact UTC,09345  1927 Dec 24  03:59:41     24   -891  150   P   t-  -1.2416  0.5490  66S  48W   0,0.549,-66.0,-48.0,0.0,,,,,,,
solar-09346,solar,09346,1928-05-19,1928-05-19T13:24:20,T,T-,-,24.0,1928-05-19T13:23:56,-886,117,-t,-1.0048,https://eclipse.gsfc.nasa.gov/SEcat5/SE1901-2000.html,1daf90d8b3f1763a09b45cc0d838150fc09edbef711fe1be80f2e0c0d8f6d5ff,1901-2000,catalog TD and modeled UT1; not exact UTC,09346  1928 May 19  13:24:20     24   -886  117   T-  -t  -1.0048  1.0140  63S  22E   0,1.014,-63.0,22.0,0.0,,,,,,,
lunar-09485,lunar,09485,1928-06-03,1928-06-03T12:09:57,T,T,,24.0,1928-06-03T12:09:33,-886,129,tp,-0.3175,https://eclipse.gsfc.nasa.gov/LEcat5/LE1901-2000.html,972e37819ec3f8e8b3f48fd38a06984636f6733812a1fa2557e25600d2204532,1901-2000,catalog TD and modeled UT1; not exact UTC,09485  1928 Jun 03  12:09:57     24   -886  129   T   tp  -0.3175  2.3092  1.2421  365.2  223.0   75.3   23S  177E,,-23.0,177.0,,,,2.3092,1.2421,21912.0,13380.0,4518.0
solar-09347,solar,09347,1928-06-17,1928-06-17T20:27:28,P,Pb,b,24.0,1928-06-17T20:27:04,-885,155,t-,1.5107,https://eclipse.gsfc.nasa.gov/SEcat5/SE1901-2000.html,1daf90d8b3f1763a09b45cc0d838150fc09edbef711fe1be80f2e0c0d8f6d5ff,1901-2000,catalog TD and modeled UT1; not exact UTC,09347  1928 Jun 17  20:27:28     24   -885  155   Pb  t-   1.5107  0.0375  66N  71E   0,0.0375,66.0,71.0,0.0,,,,,,,
solar-09348,solar,09348,1928-11-12,1928-11-12T09:48:24,P,P,,24.0,1928-11-12T09:48:00,-880,122,-t,1.0861,https://eclipse.gsfc.nasa.gov/SEcat5/SE1901-2000.html,1daf90d8b3f1763a09b45cc0d838150fc09edbef711fe1be80f2e0c0d8f6d5ff,1901-2000,catalog TD and modeled UT1; not exact UTC,09348  1928 Nov 12  09:48:24     24   -880  122   P   -t   1.0861  0.8078  63N  81E   0,0.8078,63.0,81.0,0.0,,,,,,,
lunar-09486,lunar,09486,1928-11-27,1928-11-27T09:01:47,T,T,,24.0,1928-11-27T09:01:23,-880,134,p-,0.3952,https://eclipse.gsfc.nasa.gov/LEcat5/LE1901-2000.html,972e37819ec3f8e8b3f48fd38a06984636f6733812a1fa2557e25600d2204532,1901-2000,catalog TD and modeled UT1; not exact UTC,09486  1928 Nov 27  09:01:47     24   -880  134   T   p-   0.3952  2.1166  1.1486  308.7  194.2   54.8   22N  139W,,22.0,-139.0,,,,2.1166,1.1486,18522.0,11652.0,3288.0
solar-09349,solar,09349,1929-05-09,1929-05-09T06:10:34,T,T,,24.0,1929-05-09T06:10:10,-874,127,-n,-0.2887,https://eclipse.gsfc.nasa.gov/SEcat5/SE1901-2000.html,1daf90d8b3f1763a09b45cc0d838150fc09edbef711fe1be80f2e0c0d8f6d5ff,1901-2000,catalog TD and modeled UT1; not exact UTC,09349  1929 May 09  06:10:34     24   -874  127   T   -n  -0.2887  1.0562   2N  93E  73  193  05m07s,1.0562,2.0,93.0,73.0,193.0,307,,,,,
lunar-09487,lunar,09487,1929-05-23,1929-05-23T12:37:45,N,N,,24.0,1929-05-23T12:37:21,-874,139,t-,-1.065,https://eclipse.gsfc.nasa.gov/LEcat5/LE1901-2000.html,972e37819ec3f8e8b3f48fd38a06984636f6733812a1fa2557e25600d2204532,1901-2000,catalog TD and modeled UT1; not exact UTC,09487  1929 May 23  12:37:45     24   -874  139   N   t-  -1.0650  0.9367 -0.1287  273.7    -      -     21S  169E,,-21.0,169.0,,,,0.9367,-0.1287,16422.0,,
solar-09350,solar,09350,1929-11-01,1929-11-01T12:05:10,A,A,,24.0,1929-11-01T12:04:46,-868,132,-n,0.3514,https://eclipse.gsfc.nasa.gov/SEcat5/SE1901-2000.html,1daf90d8b3f1763a09b45cc0d838150fc09edbef711fe1be80f2e0c0d8f6d5ff,1901-2000,catalog TD and modeled UT1; not exact UTC,09350  1929 Nov 01  12:05:10     24   -868  132   A   -n   0.3514  0.9649   4N   3E  69  134  03m54s,0.9649,4.0,3.0,69.0,134.0,234,,,,,
lunar-09488,lunar,09488,1929-11-17,1929-11-17T00:03:13,N,N,,24.0,1929-11-17T00:02:49,-868,144,a-,1.0947,https://eclipse.gsfc.nasa.gov/LEcat5/LE1901-2000.html,972e37819ec3f8e8b3f48fd38a06984636f6733812a1fa2557e25600d2204532,1901-2000,catalog TD and modeled UT1; not exact UTC,09488  1929 Nov 17  00:03:13     24   -868  144   N   a-   1.0947  0.8460 -0.1474  235.0    -      -     20N    5W,,20.0,-5.0,,,,0.846,-0.1474,14100.0,,
lunar-09489,lunar,09489,1930-04-13,1930-04-13T05:58:54,P,P,,24.0,1930-04-13T05:58:30,-863,111,-h,0.9545,https://eclipse.gsfc.nasa.gov/LEcat5/LE1901-2000.html,972e37819ec3f8e8b3f48fd38a06984636f6733812a1fa2557e25600d2204532,1901-2000,catalog TD and modeled UT1; not exact UTC,09489  1930 Apr 13  05:58:54     24   -863  111   P   -h   0.9545  1.1066  0.1064  267.3   73.4    -      8S   89W,,-8.0,-89.0,,,,1.1066,0.1064,16038.0,4404.0,
solar-09351,solar,09351,1930-04-28,1930-04-28T19:03:34,H,H,,24.0,1930-04-28T19:03:10,-862,137,p-,0.473,https://eclipse.gsfc.nasa.gov/SEcat5/SE1901-2000.html,1daf90d8b3f1763a09b45cc0d838150fc09edbef711fe1be80f2e0c0d8f6d5ff,1901-2000,catalog TD and modeled UT1; not exact UTC,09351  1930 Apr 28  19:03:34     24   -862  137   H   p-   0.4730  1.0003  39N 121W  62    1  00m01s,1.0003,39.0,-121.0,62.0,1.0,1,,,,,
lunar-09490,lunar,09490,1930-10-07,1930-10-07T19:07:10,P,P,,24.0,1930-10-07T19:06:46,-857,116,-t,-0.9811,https://eclipse.gsfc.nasa.gov/LEcat5/LE1901-2000.html,972e37819ec3f8e8b3f48fd38a06984636f6733812a1fa2557e25600d2204532,1901-2000,catalog TD and modeled UT1; not exact UTC,09490  1930 Oct 07  19:07:10     24   -857  116   P   -t  -0.9811  1.0906  0.0252  286.6   38.3    -      5N   71E,,5.0,71.0,,,,1.0906,0.0252,17196.0,2298.0,
solar-09352,solar,09352,1930-10-21,1930-10-21T21:43:53,T,T,,24.0,1930-10-21T21:43:29,-856,142,p-,-0.3804,https://eclipse.gsfc.nasa.gov/SEcat5/SE1901-2000.html,1daf90d8b3f1763a09b45cc0d838150fc09edbef711fe1be80f2e0c0d8f6d5ff,1901-2000,catalog TD and modeled UT1; not exact UTC,09352  1930 Oct 21  21:43:53     24   -856  142   T   p-  -0.3804  1.0230  31S 161W  67   84  01m55s,1.023,-31.0,-161.0,67.0,84.0,115,,,,,
lunar-09491,lunar,09491,1931-04-02,1931-04-02T20:07:55,T,T+,+,24.0,1931-04-02T20:07:31,-851,121,-p,0.2043,https://eclipse.gsfc.nasa.gov/LEcat5/LE1901-2000.html,972e37819ec3f8e8b3f48fd38a06984636f6733812a1fa2557e25600d2204532,1901-2000,catalog TD and modeled UT1; not exact UTC,09491  1931 Apr 02  20:07:55     24   -851  121   T+  -p   0.2043  2.4637  1.5021  317.9  207.8   89.6    5S   59E,,-5.0,59.0,,,,2.4637,1.5021,19074.0,12468.0,5376.0
solar-09353,solar,09353,1931-04-18,1931-04-18T00:45:35,P,P,,24.0,1931-04-18T00:45:11,-850,147,t-,1.2643,https://eclipse.gsfc.nasa.gov/SEcat5/SE1901-2000.html,1daf90d8b3f1763a09b45cc0d838150fc09edbef711fe1be80f2e0c0d8f6d5ff,1901-2000,catalog TD and modeled UT1; not exact UTC,09353  1931 Apr 18  00:45:35     24   -850  147   P   t-   1.2643  0.5107  61N  59E   0,0.5107,61.0,59.0,0.0,,,,,,,
solar-09354,solar,09354,1931-09-12,1931-09-12T04:41:25,P,Pe,e,24.0,1931-09-12T04:41:01,-845,114,-t,1.506,https://eclipse.gsfc.nasa.gov/SEcat5/SE1901-2000.html,1daf90d8b3f1763a09b45cc0d838150fc09edbef711fe1be80f2e0c0d8f6d5ff,1901-2000,catalog TD and modeled UT1; not exact UTC,09354  1931 Sep 12  04:41:25     24   -845  114   Pe  -t   1.5060  0.0471  61N 153W   0,0.0471,61.0,-153.0,0.0,,,,,,,
lunar-09492,lunar,09492,1931-09-26,1931-09-26T19:48:29,T,T-,-,24.0,1931-09-26T19:48:05,-845,126,pp,-0.2698,https://eclipse.gsfc.nasa.gov/LEcat5/LE1901-2000.html,972e37819ec3f8e8b3f48fd38a06984636f6733812a1fa2557e25600d2204532,1901-2000,catalog TD and modeled UT1; not exact UTC,09492  1931 Sep 26  19:48:29     24   -845  126   T-  pp  -0.2698  2.4058  1.3208  371.2  226.9   84.2    1N   61E,,1.0,61.0,,,,2.4058,1.3208,22272.0,13614.0,5052.0
solar-09355,solar,09355,1931-10-11,1931-10-11T12:55:40,P,P,,24.0,1931-10-11T12:55:16,-844,152,t-,-1.0607,https://eclipse.gsfc.nasa.gov/SEcat5/SE1901-2000.html,1daf90d8b3f1763a09b45cc0d838150fc09edbef711fe1be80f2e0c0d8f6d5ff,1901-2000,catalog TD and modeled UT1; not exact UTC,09355  1931 Oct 11  12:55:40     24   -844  152   P   t-  -1.0607  0.9005  61S 119W   0,0.9005,-61.0,-119.0,0.0,,,,,,,
solar-09356,solar,09356,1932-03-07,1932-03-07T07:55:50,A,A,,24.0,1932-03-07T07:55:26,-839,119,-p,-0.9673,https://eclipse.gsfc.nasa.gov/SEcat5/SE1901-2000.html,1daf90d8b3f1763a09b45cc0d838150fc09edbef711fe1be80f2e0c0d8f6d5ff,1901-2000,catalog TD and modeled UT1; not exact UTC,09356  1932 Mar 07  07:55:50     24   -839  119   A   -p  -0.9673  0.9277  61S 134E  14 1083  05m19s,0.9277,-61.0,134.0,14.0,1083.0,319,,,,,
lunar-09493,lunar,09493,1932-03-22,1932-03-22T12:32:39,P,P,,24.0,1932-03-22T12:32:15,-839,131,a-,-0.4956,https://eclipse.gsfc.nasa.gov/LEcat5/LE1901-2000.html,972e37819ec3f8e8b3f48fd38a06984636f6733812a1fa2557e25600d2204532,1901-2000,catalog TD and modeled UT1; not exact UTC,09493  1932 Mar 22  12:32:39     24   -839  131   P   a-  -0.4956  1.9303  0.9666  303.8  185.3    -      1S  173E,,-1.0,173.0,,,,1.9303,0.9666,18228.0,11118.0,
solar-09357,solar,09357,1932-08-31,1932-08-31T20:03:41,T,T,,24.0,1932-08-31T20:03:17,-833,124,-p,0.8307,https://eclipse.gsfc.nasa.gov/SEcat5/SE1901-2000.html,1daf90d8b3f1763a09b45cc0d838150fc09edbef711fe1be80f2e0c0d8f6d5ff,1901-2000,catalog TD and modeled UT1; not exact UTC,09357  1932 Aug 31  20:03:41     24   -833  124   T   -p   0.8307  1.0257  54N  79W  34  155  01m45s,1.0257,54.0,-79.0,34.0,155.0,105,,,,,
lunar-09494,lunar,09494,1932-09-14,1932-09-14T21:01:00,P,P,,24.0,1932-09-14T21:00:36,-833,136,t-,0.4664,https://eclipse.gsfc.nasa.gov/LEcat5/LE1901-2000.html,972e37819ec3f8e8b3f48fd38a06984636f6733812a1fa2557e25600d2204532,1901-2000,catalog TD and modeled UT1; not exact UTC,09494  1932 Sep 14  21:01:00     24   -833  136   P   t-   0.4664  2.0296  0.9752  347.2  204.0    -      3S   43E,,-3.0,43.0,,,,2.0296,0.9752,20832.0,12240.0,
lunar-09495,lunar,09495,1933-02-10,1933-02-10T13:17:33,N,N,,24.0,1933-02-10T13:17:09,-828,103,-a,1.56,https://eclipse.gsfc.nasa.gov/LEcat5/LE1901-2000.html,972e37819ec3f8e8b3f48fd38a06984636f6733812a1fa2557e25600d2204532,1901-2000,catalog TD and modeled UT1; not exact UTC,09495  1933 Feb 10  13:17:33     24   -828  103   N   -a   1.5600  0.0182 -1.0270   39.6    -      -     16N  165E,,16.0,165.0,,,,0.0182,-1.027,2376.0,,
solar-09358,solar,09358,1933-02-24,1933-02-24T12:46:39,A,A,,24.0,1933-02-24T12:46:15,-827,129,nn,-0.2191,https://eclipse.gsfc.nasa.gov/SEcat5/SE1901-2000.html,1daf90d8b3f1763a09b45cc0d838150fc09edbef711fe1be80f2e0c0d8f6d5ff,1901-2000,catalog TD and modeled UT1; not exact UTC,09358  1933 Feb 24  12:46:39     24   -827  129   A   nn  -0.2191  0.9841  21S   2W  77   58  01m32s,0.9841,-21.0,-2.0,77.0,58.0,92,,,,,
lunar-09496,lunar,09496,1933-03-12,1933-03-12T02:33:03,N,N,,24.0,1933-03-12T02:32:39,-827,141,a-,-1.2369,https://eclipse.gsfc.nasa.gov/LEcat5/LE1901-2000.html,972e37819ec3f8e8b3f48fd38a06984636f6733812a1fa2557e25600d2204532,1901-2000,catalog TD and modeled UT1; not exact UTC,09496  1933 Mar 12  02:33:03     24   -827  141   N   a-  -1.2369  0.5923 -0.4154  206.3    -      -      2N   36W,,2.0,-36.0,,,,0.5923,-0.4154,12378.0,,
lunar-09497,lunar,09497,1933-08-05,1933-08-05T19:46:05,N,N,,24.0,1933-08-05T19:45:41,-822,108,-a,-1.4216,https://eclipse.gsfc.nasa.gov/LEcat5/LE1901-2000.html,972e37819ec3f8e8b3f48fd38a06984636f6733812a1fa2557e25600d2204532,1901-2000,catalog TD and modeled UT1; not exact UTC,09497  1933 Aug 05  19:46:05     24   -822  108   N   -a  -1.4216  0.2322 -0.7338  129.5    -      -     18S   66E,,-18.0,66.0,,,,0.2322,-0.7338,7770.0,,
solar-09359,solar,09359,1933-08-21,1933-08-21T05:49:11,A,A,,24.0,1933-08-21T05:48:47,-821,134,nn,0.0869,https://eclipse.gsfc.nasa.gov/SEcat5/SE1901-2000.html,1daf90d8b3f1763a09b45cc0d838150fc09edbef711fe1be80f2e0c0d8f6d5ff,1901-2000,catalog TD and modeled UT1; not exact UTC,09359  1933 Aug 21  05:49:11     24   -821  134   A   nn   0.0869  0.9801  17N  96E  85   71  02m04s,0.9801,17.0,96.0,85.0,71.0,124,,,,,
lunar-09498,lunar,09498,1933-09-04,1933-09-04T04:52:20,N,N,,24.0,1933-09-04T04:51:56,-821,146,a-,1.1776,https://eclipse.gsfc.nasa.gov/LEcat5/LE1901-2000.html,972e37819ec3f8e8b3f48fd38a06984636f6733812a1fa2557e25600d2204532,1901-2000,catalog TD and modeled UT1; not exact UTC,09498  1933 Sep 04  04:52:20     24   -821  146   N   a-   1.1776  0.6955 -0.3013  221.4    -      -      6S   74W,,-6.0,-74.0,,,,0.6955,-0.3013,13284.0,,
lunar-09499,lunar,09499,1934-01-30,1934-01-30T16:42:42,P,P,,24.0,1934-01-30T16:42:18,-816,113,-t,0.9258,https://eclipse.gsfc.nasa.gov/LEcat5/LE1901-2000.html,972e37819ec3f8e8b3f48fd38a06984636f6733812a1fa2557e25600d2204532,1901-2000,catalog TD and modeled UT1; not exact UTC,09499  1934 Jan 30  16:42:42     24   -816  113   P   -t   0.9258  1.2073  0.1120  304.3   80.9    -     18N  113E,,18.0,113.0,,,,1.2073,0.112,18258.0,4854.0,
solar-09360,solar,09360,1934-02-14,1934-02-14T00:38:41,T,T,,24.0,1934-02-14T00:38:17,-815,139,p-,0.4868,https://eclipse.gsfc.nasa.gov/SEcat5/SE1901-2000.html,1daf90d8b3f1763a09b45cc0d838150fc09edbef711fe1be80f2e0c0d8f6d5ff,1901-2000,catalog TD and modeled UT1; not exact UTC,09360  1934 Feb 14  00:38:41     24   -815  139   T   p-   0.4868  1.0321  13N 162E  61  123  02m53s,1.0321,13.0,162.0,61.0,123.0,173,,,,,
lunar-09500,lunar,09500,1934-07-26,1934-07-26T12:15:38,P,P,,24.0,1934-07-26T12:15:14,-810,118,-a,-0.6681,https://eclipse.gsfc.nasa.gov/LEcat5/LE1901-2000.html,972e37819ec3f8e8b3f48fd38a06984636f6733812a1fa2557e25600d2204532,1901-2000,catalog TD and modeled UT1; not exact UTC,09500  1934 Jul 26  12:15:38     24   -810  118   P   -a  -0.6681  1.6025  0.6612  285.7  160.8    -     20S  178E,,-20.0,178.0,,,,1.6025,0.6612,17142.0,9648.0,
solar-09361,solar,09361,1934-08-10,1934-08-10T08:37:48,A,A,,24.0,1934-08-10T08:37:24,-809,144,p-,-0.689,https://eclipse.gsfc.nasa.gov/SEcat5/SE1901-2000.html,1daf90d8b3f1763a09b45cc0d838150fc09edbef711fe1be80f2e0c0d8f6d5ff,1901-2000,catalog TD and modeled UT1; not exact UTC,09361  1934 Aug 10  08:37:48     24   -809  144   A   p-  -0.6890  0.9436  25S  35E  46  280  06m33s,0.9436,-25.0,35.0,46.0,280.0,393,,,,,
solar-09362,solar,09362,1935-01-05,1935-01-05T05:35:46,P,Pe,e,24.0,1935-01-05T05:35:22,-804,111,-t,-1.5381,https://eclipse.gsfc.nasa.gov/SEcat5/SE1901-2000.html,1daf90d8b3f1763a09b45cc0d838150fc09edbef711fe1be80f2e0c0d8f6d5ff,1901-2000,catalog TD and modeled UT1; not exact UTC,09362  1935 Jan 05  05:35:46     24   -804  111   Pe  -t  -1.5381  0.0013  65S 110W   0,0.0013,-65.0,-110.0,0.0,,,,,,,
lunar-09501,lunar,09501,1935-01-19,1935-01-19T15:47:35,T,T+,+,24.0,1935-01-19T15:47:11,-804,123,pp,0.2498,https://eclipse.gsfc.nasa.gov/LEcat5/LE1901-2000.html,972e37819ec3f8e8b3f48fd38a06984636f6733812a1fa2557e25600d2204532,1901-2000,catalog TD and modeled UT1; not exact UTC,09501  1935 Jan 19  15:47:35     24   -804  123   T+  pp   0.2498  2.4502  1.3499  372.1  226.7   86.3   21N  126E,,21.0,126.0,,,,2.4502,1.3499,22326.0,13602.0,5178.0
solar-09363,solar,09363,1935-02-03,1935-02-03T16:16:20,P,P,,24.0,1935-02-03T16:15:56,-803,149,t-,1.1438,https://eclipse.gsfc.nasa.gov/SEcat5/SE1901-2000.html,1daf90d8b3f1763a09b45cc0d838150fc09edbef711fe1be80f2e0c0d8f6d5ff,1901-2000,catalog TD and modeled UT1; not exact UTC,09363  1935 Feb 03  16:16:20     24   -803  149   P   t-   1.1438  0.7390  62N 115W   0,0.739,62.0,-115.0,0.0,,,,,,,
solar-09364,solar,09364,1935-06-30,1935-06-30T19:59:46,P,P,,24.0,1935-06-30T19:59:22,-798,116,-t,1.3623,https://eclipse.gsfc.nasa.gov/SEcat5/SE1901-2000.html,1daf90d8b3f1763a09b45cc0d838150fc09edbef711fe1be80f2e0c0d8f6d5ff,1901-2000,catalog TD and modeled UT1; not exact UTC,09364  1935 Jun 30  19:59:46     24   -798  116   P   -t   1.3623  0.3375  65N  39E   0,0.3375,65.0,39.0,0.0,,,,,,,
lunar-09502,lunar,09502,1935-07-16,1935-07-16T05:00:05,T,T+,+,24.0,1935-07-16T04:59:41,-798,128,pp,0.0672,https://eclipse.gsfc.nasa.gov/LEcat5/LE1901-2000.html,972e37819ec3f8e8b3f48fd38a06984636f6733812a1fa2557e25600d2204532,1901-2000,catalog TD and modeled UT1; not exact UTC,09502  1935 Jul 16  05:00:05     24   -798  128   T+  pp   0.0672  2.7146  1.7542  325.0  214.8   99.6   21S   73W,,-21.0,-73.0,,,,2.7146,1.7542,19500.0,12888.0,5976.0
solar-09365,solar,09365,1935-07-30,1935-07-30T09:16:28,P,P,,24.0,1935-07-30T09:16:04,-797,154,t-,-1.4259,https://eclipse.gsfc.nasa.gov/SEcat5/SE1901-2000.html,1daf90d8b3f1763a09b45cc0d838150fc09edbef711fe1be80f2e0c0d8f6d5ff,1901-2000,catalog TD and modeled UT1; not exact UTC,09365  1935 Jul 30  09:16:28     24   -797  154   P   t-  -1.4259  0.2315  63S   6W   0,0.2315,-63.0,-6.0,0.0,,,,,,,
solar-09366,solar,09366,1935-12-25,1935-12-25T17:59:52,A,A,,24.0,1935-12-25T17:59:28,-792,121,-t,-0.9228,https://eclipse.gsfc.nasa.gov/SEcat5/SE1901-2000.html,1daf90d8b3f1763a09b45cc0d838150fc09edbef711fe1be80f2e0c0d8f6d5ff,1901-2000,catalog TD and modeled UT1; not exact UTC,09366  1935 Dec 25  17:59:52     24   -792  121   A   -t  -0.9228  0.9752  84S   9E  22  234  01m30s,0.9752,-84.0,9.0,22.0,234.0,90,,,,,
lunar-09503,lunar,09503,1936-01-08,1936-01-08T18:09:58,T,T,,24.0,1936-01-08T18:09:34,-792,133,a-,-0.4428,https://eclipse.gsfc.nasa.gov/LEcat5/LE1901-2000.html,972e37819ec3f8e8b3f48fd38a06984636f6733812a1fa2557e25600d2204532,1901-2000,catalog TD and modeled UT1; not exact UTC,09503  1936 Jan 08  18:09:58     24   -792  133   T   a-  -0.4428  2.0740  1.0173  342.1  202.5   20.8   22N   89E,,22.0,89.0,,,,2.074,1.0173,20526.0,12150.0,1248.0
solar-09367,solar,09367,1936-06-19,1936-06-19T05:20:31,T,T,,24.0,1936-06-19T05:20:07,-786,126,-p,0.5389,https://eclipse.gsfc.nasa.gov/SEcat5/SE1901-2000.html,1daf90d8b3f1763a09b45cc0d838150fc09edbef711fe1be80f2e0c0d8f6d5ff,1901-2000,catalog TD and modeled UT1; not exact UTC,09367  1936 Jun 19  05:20:31     24   -786  126   T   -p   0.5389  1.0329  56N 105E  57  132  02m31s,1.0329,56.0,105.0,57.0,132.0,151,,,,,
lunar-09504,lunar,09504,1936-07-04,1936-07-04T17:25:23,P,P,,24.0,1936-07-04T17:24:59,-786,138,t-,0.8642,https://eclipse.gsfc.nasa.gov/LEcat5/LE1901-2000.html,972e37819ec3f8e8b3f48fd38a06984636f6733812a1fa2557e25600d2204532,1901-2000,catalog TD and modeled UT1; not exact UTC,09504  1936 Jul 04  17:25:23     24   -786  138   P   t-   0.8642  1.2778  0.2668  289.5  116.3    -     22S  100E,,-22.0,100.0,,,,1.2778,0.2668,17370.0,6978.0,
solar-09368,solar,09368,1936-12-13,1936-12-13T23:28:12,A,A,,24.0,1936-12-13T23:27:48,-780,131,-n,-0.2493,https://eclipse.gsfc.nasa.gov/SEcat5/SE1901-2000.html,1daf90d8b3f1763a09b45cc0d838150fc09edbef711fe1be80f2e0c0d8f6d5ff,1901-2000,catalog TD and modeled UT1; not exact UTC,09368  1936 Dec 13  23:28:12     24   -780  131   A   -n  -0.2493  0.9349  38S 173W  75  251  07m25s,0.9349,-38.0,-173.0,75.0,251.0,445,,,,,
lunar-09505,lunar,09505,1936-12-28,1936-12-28T03:49:09,N,N,,24.0,1936-12-28T03:48:45,-780,143,a-,-1.097,https://eclipse.gsfc.nasa.gov/LEcat5/LE1901-2000.html,972e37819ec3f8e8b3f48fd38a06984636f6733812a1fa2557e25600d2204532,1901-2000,catalog TD and modeled UT1; not exact UTC,09505  1936 Dec 28  03:49:09     24   -780  143   N   a-  -1.0970  0.8451 -0.1550  235.5    -      -     22N   57W,,22.0,-57.0,,,,0.8451,-0.155,14130.0,,
lunar-09506,lunar,09506,1937-05-25,1937-05-25T07:51:34,N,N,,24.0,1937-05-25T07:51:10,-775,110,-t,-1.1581,https://eclipse.gsfc.nasa.gov/LEcat5/LE1901-2000.html,972e37819ec3f8e8b3f48fd38a06984636f6733812a1fa2557e25600d2204532,1901-2000,catalog TD and modeled UT1; not exact UTC,09506  1937 May 25  07:51:34     24   -775  110   N   -t  -1.1581  0.7697 -0.3033  254.7    -      -     22S  119W,,-22.0,-119.0,,,,0.7697,-0.3033,15282.0,,
solar-09369,solar,09369,1937-06-08,1937-06-08T20:41:02,T,T,,24.0,1937-06-08T20:40:38,-774,136,n-,-0.2253,https://eclipse.gsfc.nasa.gov/SEcat5/SE1901-2000.html,1daf90d8b3f1763a09b45cc0d838150fc09edbef711fe1be80f2e0c0d8f6d5ff,1901-2000,catalog TD and modeled UT1; not exact UTC,09369  1937 Jun 08  20:41:02     24   -774  136   T   n-  -0.2253  1.0751  10N 131W  77  250  07m04s,1.0751,10.0,-131.0,77.0,250.0,424,,,,,
lunar-09507,lunar,09507,1937-11-18,1937-11-18T08:19:26,P,P,,24.0,1937-11-18T08:19:02,-769,115,-a,0.9421,https://eclipse.gsfc.nasa.gov/LEcat5/LE1901-2000.html,972e37819ec3f8e8b3f48fd38a06984636f6733812a1fa2557e25600d2204532,1901-2000,catalog TD and modeled UT1; not exact UTC,09507  1937 Nov 18  08:19:26     24   -769  115   P   -a   0.9421  1.1141  0.1443  254.5   81.3    -     20N  129W,,20.0,-129.0,,,,1.1141,0.1443,15270.0,4878.0,
solar-09370,solar,09370,1937-12-02,1937-12-02T23:05:45,A,A,,24.0,1937-12-02T23:05:21,-768,141,p-,0.4389,https://eclipse.gsfc.nasa.gov/SEcat5/SE1901-2000.html,1daf90d8b3f1763a09b45cc0d838150fc09edbef711fe1be80f2e0c0d8f6d5ff,1901-2000,catalog TD and modeled UT1; not exact UTC,09370  1937 Dec 02  23:05:45     24   -768  141   A   p-   0.4389  0.9184   4N 168W  64  344  12m00s,0.9184,4.0,-168.0,64.0,344.0,720,,,,,
lunar-09508,lunar,09508,1938-05-14,1938-05-14T08:44:00,T,T,,24.0,1938-05-14T08:43:36,-763,120,-t,-0.3994,https://eclipse.gsfc.nasa.gov/LEcat5/LE1901-2000.html,972e37819ec3f8e8b3f48fd38a06984636f6733812a1fa2557e25600d2204532,1901-2000,catalog TD and modeled UT1; not exact UTC,09508  1938 May 14  08:44:00     24   -763  120   T   -t  -0.3994  2.1540  1.0966  354.9  213.1   49.4   19S  132W,,-19.0,-132.0,,,,2.154,1.0966,21294.0,12786.0,2964.0
solar-09371,solar,09371,1938-05-29,1938-05-29T13:50:19,T,T,,24.0,1938-05-29T13:49:55,-762,146,t-,-0.9607,https://eclipse.gsfc.nasa.gov/SEcat5/SE1901-2000.html,1daf90d8b3f1763a09b45cc0d838150fc09edbef711fe1be80f2e0c0d8f6d5ff,1901-2000,catalog TD and modeled UT1; not exact UTC,09371  1938 May 29  13:50:19     24   -762  146   T   t-  -0.9607  1.0552  53S  22W  16  675  04m05s,1.0552,-53.0,-22.0,16.0,675.0,245,,,,,
lunar-09509,lunar,09509,1938-11-07,1938-11-07T22:26:42,T,T,,24.0,1938-11-07T22:26:18,-757,125,-p,0.2738,https://eclipse.gsfc.nasa.gov/LEcat5/LE1901-2000.html,972e37819ec3f8e8b3f48fd38a06984636f6733812a1fa2557e25600d2204532,1901-2000,catalog TD and modeled UT1; not exact UTC,09509  1938 Nov 07  22:26:42     24   -757  125   T   -p   0.2738  2.3585  1.3525  331.5  210.2   81.4   17N   19E,,17.0,19.0,,,,2.3585,1.3525,19890.0,12612.0,4884.0
solar-09372,solar,09372,1938-11-21,1938-11-21T23:52:25,P,P,,24.0,1938-11-21T23:52:01,-756,151,t-,1.1077,https://eclipse.gsfc.nasa.gov/SEcat5/SE1901-2000.html,1daf90d8b3f1763a09b45cc0d838150fc09edbef711fe1be80f2e0c0d8f6d5ff,1901-2000,catalog TD and modeled UT1; not exact UTC,09372  1938 Nov 21  23:52:25     24   -756  151   P   t-   1.1077  0.7781  69N 162W   0,0.7781,69.0,-162.0,0.0,,,,,,,
solar-09373,solar,09373,1939-04-19,1939-04-19T16:45:53,A,A,,24.0,1939-04-19T16:45:29,-751,118,-t,0.9388,https://eclipse.gsfc.nasa.gov/SEcat5/SE1901-2000.html,1daf90d8b3f1763a09b45cc0d838150fc09edbef711fe1be80f2e0c0d8f6d5ff,1901-2000,catalog TD and modeled UT1; not exact UTC,09373  1939 Apr 19  16:45:53     24   -751  118   A   -t   0.9388  0.9731  73N 129W  20  285  01m49s,0.9731,73.0,-129.0,20.0,285.0,109,,,,,
lunar-09510,lunar,09510,1939-05-03,1939-05-03T15:11:43,T,T,,24.0,1939-05-03T15:11:19,-751,130,a-,0.3693,https://eclipse.gsfc.nasa.gov/LEcat5/LE1901-2000.html,972e37819ec3f8e8b3f48fd38a06984636f6733812a1fa2557e25600d2204532,1901-2000,catalog TD and modeled UT1; not exact UTC,09510  1939 May 03  15:11:43     24   -751  130   T   a-   0.3693  2.1842  1.1765  333.5  207.1   62.4   15S  131E,,-15.0,131.0,,,,2.1842,1.1765,20010.0,12426.0,3744.0
solar-09374,solar,09374,1939-10-12,1939-10-12T20:40:23,T,T,,24.0,1939-10-12T20:39:59,-745,123,-p,-0.9737,https://eclipse.gsfc.nasa.gov/SEcat5/SE1901-2000.html,1daf90d8b3f1763a09b45cc0d838150fc09edbef711fe1be80f2e0c0d8f6d5ff,1901-2000,catalog TD and modeled UT1; not exact UTC,09374  1939 Oct 12  20:40:23     24   -745  123   T   -p  -0.9737  1.0266  73S 155E  12  418  01m32s,1.0266,-73.0,155.0,12.0,418.0,92,,,,,
lunar-09511,lunar,09511,1939-10-28,1939-10-28T06:36:43,P,P,,24.0,1939-10-28T06:36:19,-745,135,t-,-0.4581,https://eclipse.gsfc.nasa.gov/LEcat5/LE1901-2000.html,972e37819ec3f8e8b3f48fd38a06984636f6733812a1fa2557e25600d2204532,1901-2000,catalog TD and modeled UT1; not exact UTC,09511  1939 Oct 28  06:36:43     24   -745  135   P   t-  -0.4581  2.0477  0.9877  346.1  203.4    -     12N  103W,,12.0,-103.0,,,,2.0477,0.9877,20766.0,12204.0,
lunar-09512,lunar,09512,1940-03-23,1940-03-23T19:48:19,N,N,,24.0,1940-03-23T19:47:55,-740,102,-a,-1.5033,https://eclipse.gsfc.nasa.gov/LEcat5/LE1901-2000.html,972e37819ec3f8e8b3f48fd38a06984636f6733812a1fa2557e25600d2204532,1901-2000,catalog TD and modeled UT1; not exact UTC,09512  1940 Mar 23  19:48:19     24   -740  102   N   -a  -1.5033  0.0788 -0.8803   74.6    -      -      3S   64E,,-3.0,64.0,,,,0.0788,-0.8803,4476.0,,
solar-09375,solar,09375,1940-04-07,1940-04-07T20:21:21,A,A,,24.0,1940-04-07T20:20:57,-739,128,nn,0.219,https://eclipse.gsfc.nasa.gov/SEcat5/SE1901-2000.html,1daf90d8b3f1763a09b45cc0d838150fc09edbef711fe1be80f2e0c0d8f6d5ff,1901-2000,catalog TD and modeled UT1; not exact UTC,09375  1940 Apr 07  20:21:21     24   -739  128   A   nn   0.2190  0.9394  19N 129W  77  230  07m30s,0.9394,19.0,-129.0,77.0,230.0,450,,,,,
lunar-09513,lunar,09513,1940-04-22,1940-04-22T04:26:25,N,N,,25.0,1940-04-22T04:26:00,-739,140,a-,1.0741,https://eclipse.gsfc.nasa.gov/LEcat5/LE1901-2000.html,972e37819ec3f8e8b3f48fd38a06984636f6733812a1fa2557e25600d2204532,1901-2000,catalog TD and modeled UT1; not exact UTC,09513  1940 Apr 22  04:26:25     25   -739  140   N   a-   1.0741  0.8683 -0.0945  232.5    -      -     11S   67W,,-11.0,-67.0,,,,0.8683,-0.0945,13950.0,,
solar-09376,solar,09376,1940-10-01,1940-10-01T12:44:06,T,T,,25.0,1940-10-01T12:43:41,-733,133,-n,-0.2573,https://eclipse.gsfc.nasa.gov/SEcat5/SE1901-2000.html,1daf90d8b3f1763a09b45cc0d838150fc09edbef711fe1be80f2e0c0d8f6d5ff,1901-2000,catalog TD and modeled UT1; not exact UTC,09376  1940 Oct 01  12:44:06     25   -733  133   T   -n  -0.2573  1.0645  18S  18W  75  218  05m35s,1.0645,-18.0,-18.0,75.0,218.0,335,,,,,
lunar-09514,lunar,09514,1940-10-16,1940-10-16T08:01:17,N,N,,25.0,1940-10-16T08:00:52,-733,145,t-,-1.1924,https://eclipse.gsfc.nasa.gov/LEcat5/LE1901-2000.html,972e37819ec3f8e8b3f48fd38a06984636f6733812a1fa2557e25600d2204532,1901-2000,catalog TD and modeled UT1; not exact UTC,09514  1940 Oct 16  08:01:17     25   -733  145   N   t-  -1.1924  0.7156 -0.3749  248.0    -      -      8N  124W,,8.0,-124.0,,,,0.7156,-0.3749,14880.0,,
lunar-09515,lunar,09515,1941-03-13,1941-03-13T11:55:47,P,P,,25.0,1941-03-13T11:55:22,-728,112,-a,-0.8436,https://eclipse.gsfc.nasa.gov/LEcat5/LE1901-2000.html,972e37819ec3f8e8b3f48fd38a06984636f6733812a1fa2557e25600d2204532,1901-2000,catalog TD and modeled UT1; not exact UTC,09515  1941 Mar 13  11:55:47     25   -728  112   P   -a  -0.8436  1.2970  0.3226  272.2  119.8    -      2N  177W,,2.0,-177.0,,,,1.297,0.3226,16332.0,7188.0,
solar-09377,solar,09377,1941-03-27,1941-03-27T20:08:08,A,A,,25.0,1941-03-27T20:07:43,-727,138,p-,-0.5025,https://eclipse.gsfc.nasa.gov/SEcat5/SE1901-2000.html,1daf90d8b3f1763a09b45cc0d838150fc09edbef711fe1be80f2e0c0d8f6d5ff,1901-2000,catalog TD and modeled UT1; not exact UTC,09377  1941 Mar 27  20:08:08     25   -727  138   A   p-  -0.5025  0.9355  26S 111W  60  276  07m41s,0.9355,-26.0,-111.0,60.0,276.0,461,,,,,
lunar-09516,lunar,09516,1941-09-05,1941-09-05T17:47:15,P,P,,25.0,1941-09-05T17:46:50,-722,117,-t,0.9746,https://eclipse.gsfc.nasa.gov/LEcat5/LE1901-2000.html,972e37819ec3f8e8b3f48fd38a06984636f6733812a1fa2557e25600d2204532,1901-2000,catalog TD and modeled UT1; not exact UTC,09516  1941 Sep 05  17:47:15     25   -722  117   P   -t   0.9746  1.0884  0.0511  279.3   53.4    -      6S   93E,,-6.0,93.0,,,,1.0884,0.0511,16758.0,3204.0,
solar-09378,solar,09378,1941-09-21,1941-09-21T04:34:03,T,T,,25.0,1941-09-21T04:33:38,-721,143,p-,0.4649,https://eclipse.gsfc.nasa.gov/SEcat5/SE1901-2000.html,1daf90d8b3f1763a09b45cc0d838150fc09edbef711fe1be80f2e0c0d8f6d5ff,1901-2000,catalog TD and modeled UT1; not exact UTC,09378  1941 Sep 21  04:34:03     25   -721  143   T   p-   0.4649  1.0379  27N 119E  62  143  03m22s,1.0379,27.0,119.0,62.0,143.0,202,,,,,
lunar-09517,lunar,09517,1942-03-03,1942-03-03T00:21:54,T,T-,-,25.0,1942-03-03T00:21:29,-716,122,-p,-0.1545,https://eclipse.gsfc.nasa.gov/LEcat5/LE1901-2000.html,972e37819ec3f8e8b3f48fd38a06984636f6733812a1fa2557e25600d2204532,1901-2000,catalog TD and modeled UT1; not exact UTC,09517  1942 Mar 03  00:21:54     25   -716  122   T-  -p  -0.1545  2.5879  1.5612  344.3  219.7   95.9    7N    2W,,7.0,-2.0,,,,2.5879,1.5612,20658.0,13182.0,5754.0
solar-09379,solar,09379,1942-03-16,1942-03-16T23:37:07,P,P,,25.0,1942-03-16T23:36:42,-715,148,t-,-1.1908,https://eclipse.gsfc.nasa.gov/SEcat5/SE1901-2000.html,1daf90d8b3f1763a09b45cc0d838150fc09edbef711fe1be80f2e0c0d8f6d5ff,1901-2000,catalog TD and modeled UT1; not exact UTC,09379  1942 Mar 16  23:37:07     25   -715  148   P   t-  -1.1908  0.6393  72S  77W   0,0.6393,-72.0,-77.0,0.0,,,,,,,
solar-09380,solar,09380,1942-08-12,1942-08-12T02:45:12,P,Pe,e,26.0,1942-08-12T02:44:46,-710,115,-t,-1.5244,https://eclipse.gsfc.nasa.gov/SEcat5/SE1901-2000.html,1daf90d8b3f1763a09b45cc0d838150fc09edbef711fe1be80f2e0c0d8f6d5ff,1901-2000,catalog TD and modeled UT1; not exact UTC,09380  1942 Aug 12  02:45:12     26   -710  115   Pe  -t  -1.5244  0.0561  70S 100E   0,0.0561,-70.0,100.0,0.0,,,,,,,
lunar-09518,lunar,09518,1942-08-26,1942-08-26T03:48:25,T,T+,+,26.0,1942-08-26T03:47:59,-710,127,pp,0.1818,https://eclipse.gsfc.nasa.gov/LEcat5/LE1901-2000.html,972e37819ec3f8e8b3f48fd38a06984636f6733812a1fa2557e25600d2204532,1901-2000,catalog TD and modeled UT1; not exact UTC,09518  1942 Aug 26  03:48:25     26   -710  127   T+  pp   0.1818  2.5142  1.5344  329.5  214.2   93.4   10S   57W,,-10.0,-57.0,,,,2.5142,1.5344,19770.0,12852.0,5604.0
solar-09381,solar,09381,1942-09-10,1942-09-10T15:39:32,P,P,,26.0,1942-09-10T15:39:06,-709,153,t-,1.2571,https://eclipse.gsfc.nasa.gov/SEcat5/SE1901-2000.html,1daf90d8b3f1763a09b45cc0d838150fc09edbef711fe1be80f2e0c0d8f6d5ff,1901-2000,catalog TD and modeled UT1; not exact UTC,09381  1942 Sep 10  15:39:32     26   -709  153   P   t-   1.2571  0.5230  72N  50E   0,0.523,72.0,50.0,0.0,,,,,,,
solar-09382,solar,09382,1943-02-04,1943-02-04T23:38:10,T,T,,26.0,1943-02-04T23:37:44,-704,120,-p,0.8734,https://eclipse.gsfc.nasa.gov/SEcat5/SE1901-2000.html,1daf90d8b3f1763a09b45cc0d838150fc09edbef711fe1be80f2e0c0d8f6d5ff,1901-2000,catalog TD and modeled UT1; not exact UTC,09382  1943 Feb 04  23:38:10     26   -704  120   T   -p   0.8734  1.0331  44N 175E  29  229  02m39s,1.0331,44.0,175.0,29.0,229.0,159,,,,,
lunar-09519,lunar,09519,1943-02-20,1943-02-20T05:38:23,P,P,,26.0,1943-02-20T05:37:57,-704,132,t-,0.5751,https://eclipse.gsfc.nasa.gov/LEcat5/LE1901-2000.html,972e37819ec3f8e8b3f48fd38a06984636f6733812a1fa2557e25600d2204532,1901-2000,catalog TD and modeled UT1; not exact UTC,09519  1943 Feb 20  05:38:23     26   -704  132   P   t-   0.5751  1.8444  0.7616  345.1  189.0    -     12N   81W,,12.0,-81.0,,,,1.8444,0.7616,20706.0,11340.0,
solar-09383,solar,09383,1943-08-01,1943-08-01T04:16:13,A,A,,26.0,1943-08-01T04:15:47,-698,125,-p,-0.8041,https://eclipse.gsfc.nasa.gov/SEcat5/SE1901-2000.html,1daf90d8b3f1763a09b45cc0d838150fc09edbef711fe1be80f2e0c0d8f6d5ff,1901-2000,catalog TD and modeled UT1; not exact UTC,09383  1943 Aug 01  04:16:13     26   -698  125   A   -p  -0.8041  0.9409  35S 109E  36  367  06m59s,0.9409,-35.0,109.0,36.0,367.0,419,,,,,
lunar-09520,lunar,09520,1943-08-15,1943-08-15T19:28:46,P,P,,26.0,1943-08-15T19:28:20,-698,137,a-,-0.5533,https://eclipse.gsfc.nasa.gov/LEcat5/LE1901-2000.html,972e37819ec3f8e8b3f48fd38a06984636f6733812a1fa2557e25600d2204532,1901-2000,catalog TD and modeled UT1; not exact UTC,09520  1943 Aug 15  19:28:46     26   -698  137   P   a-  -0.5533  1.8152  0.8697  296.7  178.4    -     15S   69E,,-15.0,69.0,,,,1.8152,0.8697,17802.0,10704.0,
solar-09384,solar,09384,1944-01-25,1944-01-25T15:26:42,T,T,,26.0,1944-01-25T15:26:16,-692,130,-n,0.2025,https://eclipse.gsfc.nasa.gov/SEcat5/SE1901-2000.html,1daf90d8b3f1763a09b45cc0d838150fc09edbef711fe1be80f2e0c0d8f6d5ff,1901-2000,catalog TD and modeled UT1; not exact UTC,09384  1944 Jan 25  15:26:42     26   -692  130   T   -n   0.2025  1.0428   8S  50W  78  146  04m09s,1.0428,-8.0,-50.0,78.0,146.0,249,,,,,
lunar-09521,lunar,09521,1944-02-09,1944-02-09T05:14:57,N,N,,26.0,1944-02-09T05:14:31,-692,142,t-,1.2698,https://eclipse.gsfc.nasa.gov/LEcat5/LE1901-2000.html,972e37819ec3f8e8b3f48fd38a06984636f6733812a1fa2557e25600d2204532,1901-2000,catalog TD and modeled UT1; not exact UTC,09521  1944 Feb 09  05:14:57     26   -692  142   N   t-   1.2698  0.5792 -0.5223  226.7    -      -     16N   75W,,16.0,-75.0,,,,0.5792,-0.5223,13602.0,,
lunar-09522,lunar,09522,1944-07-06,1944-07-06T04:40:01,N,N,,27.0,1944-07-06T04:39:34,-687,109,-a,1.2596,https://eclipse.gsfc.nasa.gov/LEcat5/LE1901-2000.html,972e37819ec3f8e8b3f48fd38a06984636f6733812a1fa2557e25600d2204532,1901-2000,catalog TD and modeled UT1; not exact UTC,09522  1944 Jul 06  04:40:01     27   -687  109   N   -a   1.2596  0.5328 -0.4398  192.7    -      -     21S   69W,,-21.0,-69.0,,,,0.5328,-0.4398,11562.0,,
solar-09385,solar,09385,1944-07-20,1944-07-20T05:43:13,A,A,,27.0,1944-07-20T05:42:46,-686,135,nn,-0.0314,https://eclipse.gsfc.nasa.gov/SEcat5/SE1901-2000.html,1daf90d8b3f1763a09b45cc0d838150fc09edbef711fe1be80f2e0c0d8f6d5ff,1901-2000,catalog TD and modeled UT1; not exact UTC,09385  1944 Jul 20  05:43:13     27   -686  135   A   nn  -0.0314  0.9700  19N  96E  88  108  03m42s,0.97,19.0,96.0,88.0,108.0,222,,,,,
lunar-09523,lunar,09523,1944-08-04,1944-08-04T12:26:51,N,N,,27.0,1944-08-04T12:26:24,-686,147,a-,-1.2842,https://eclipse.gsfc.nasa.gov/LEcat5/LE1901-2000.html,972e37819ec3f8e8b3f48fd38a06984636f6733812a1fa2557e25600d2204532,1901-2000,catalog TD and modeled UT1; not exact UTC,09523  1944 Aug 04  12:26:51     27   -686  147   N   a-  -1.2842  0.4785 -0.4758  179.1    -      -     18S  175E,,-18.0,175.0,,,,0.4785,-0.4758,10746.0,,
lunar-09524,lunar,09524,1944-12-29,1944-12-29T14:49:35,N,Nx,x,27.0,1944-12-29T14:49:08,-681,114,-a,-1.0114,https://eclipse.gsfc.nasa.gov/LEcat5/LE1901-2000.html,972e37819ec3f8e8b3f48fd38a06984636f6733812a1fa2557e25600d2204532,1901-2000,catalog TD and modeled UT1; not exact UTC,09524  1944 Dec 29  14:49:35     27   -681  114   Nx  -a  -1.0114  1.0220 -0.0176  266.6    -      -     22N  138E,,22.0,138.0,,,,1.022,-0.0176,15996.000000000002,,
solar-09386,solar,09386,1945-01-14,1945-01-14T05:01:43,A,A,,27.0,1945-01-14T05:01:16,-680,140,n-,-0.4937,https://eclipse.gsfc.nasa.gov/SEcat5/SE1901-2000.html,1daf90d8b3f1763a09b45cc0d838150fc09edbef711fe1be80f2e0c0d8f6d5ff,1901-2000,catalog TD and modeled UT1; not exact UTC,09386  1945 Jan 14  05:01:43     27   -680  140   A   n-  -0.4937  0.9970  51S 110E  60   12  00m15s,0.997,-51.0,110.0,60.0,12.0,15,,,,,
lunar-09525,lunar,09525,1945-06-25,1945-06-25T15:14:22,P,P,,27.0,1945-06-25T15:13:55,-675,119,-t,0.537,https://eclipse.gsfc.nasa.gov/LEcat5/LE1901-2000.html,972e37819ec3f8e8b3f48fd38a06984636f6733812a1fa2557e25600d2204532,1901-2000,catalog TD and modeled UT1; not exact UTC,09525  1945 Jun 25  15:14:22     27   -675  119   P   -t   0.5370  1.8862  0.8593  333.3  192.7    -     23S  132E,,-23.0,132.0,,,,1.8862,0.8593,19998.0,11562.0,
solar-09387,solar,09387,1945-07-09,1945-07-09T13:27:45,T,T,,27.0,1945-07-09T13:27:18,-674,145,p-,0.7356,https://eclipse.gsfc.nasa.gov/SEcat5/SE1901-2000.html,1daf90d8b3f1763a09b45cc0d838150fc09edbef711fe1be80f2e0c0d8f6d5ff,1901-2000,catalog TD and modeled UT1; not exact UTC,09387  1945 Jul 09  13:27:45     27   -674  145   T   p-   0.7356  1.0180  70N  17W  42   92  01m15s,1.018,70.0,-17.0,42.0,92.0,75,,,,,
lunar-09526,lunar,09526,1945-12-19,1945-12-19T02:20:47,T,T,,27.0,1945-12-19T02:20:20,-669,124,-p,-0.2845,https://eclipse.gsfc.nasa.gov/LEcat5/LE1901-2000.html,972e37819ec3f8e8b3f48fd38a06984636f6733812a1fa2557e25600d2204532,1901-2000,catalog TD and modeled UT1; not exact UTC,09526  1945 Dec 19  02:20:47     27   -669  124   T   -p  -0.2845  2.3293  1.3424  320.9  204.9   78.9   23N   36W,,23.0,-36.0,,,,2.3293,1.3424,19254.0,12294.0,4734.0
solar-09388,solar,09388,1946-01-03,1946-01-03T12:16:11,P,P,,27.0,1946-01-03T12:15:44,-668,150,t-,-1.2392,https://eclipse.gsfc.nasa.gov/SEcat5/SE1901-2000.html,1daf90d8b3f1763a09b45cc0d838150fc09edbef711fe1be80f2e0c0d8f6d5ff,1901-2000,catalog TD and modeled UT1; not exact UTC,09388  1946 Jan 03  12:16:11     27   -668  150   P   t-  -1.2392  0.5529  67S 178E   0,0.5529,-67.0,178.0,0.0,,,,,,,
solar-09389,solar,09389,1946-05-30,1946-05-30T21:00:24,P,P,,28.0,1946-05-30T20:59:56,-663,117,-t,-1.0711,https://eclipse.gsfc.nasa.gov/SEcat5/SE1901-2000.html,1daf90d8b3f1763a09b45cc0d838150fc09edbef711fe1be80f2e0c0d8f6d5ff,1901-2000,catalog TD and modeled UT1; not exact UTC,09389  1946 May 30  21:00:24     28   -663  117   P   -t  -1.0711  0.8865  64S 101W   0,0.8865,-64.0,-101.0,0.0,,,,,,,
lunar-09527,lunar,09527,1946-06-14,1946-06-14T18:39:17,T,T-,-,28.0,1946-06-14T18:38:49,-663,129,pp,-0.2324,https://eclipse.gsfc.nasa.gov/LEcat5/LE1901-2000.html,972e37819ec3f8e8b3f48fd38a06984636f6733812a1fa2557e25600d2204532,1901-2000,catalog TD and modeled UT1; not exact UTC,09527  1946 Jun 14  18:39:17     28   -663  129   T-  pp  -0.2324  2.4654  1.3983  369.2  229.0   91.1   23S   80E,,-23.0,80.0,,,,2.4654,1.3983,22152.0,13740.0,5466.0
solar-09390,solar,09390,1946-06-29,1946-06-29T03:51:58,P,P,,28.0,1946-06-29T03:51:30,-662,155,t-,1.4361,https://eclipse.gsfc.nasa.gov/SEcat5/SE1901-2000.html,1daf90d8b3f1763a09b45cc0d838150fc09edbef711fe1be80f2e0c0d8f6d5ff,1901-2000,catalog TD and modeled UT1; not exact UTC,09390  1946 Jun 29  03:51:58     28   -662  155   P   t-   1.4361  0.1802  67N  51W   0,0.1802,67.0,-51.0,0.0,,,,,,,
solar-09391,solar,09391,1946-11-23,1946-11-23T17:37:12,P,P,,28.0,1946-11-23T17:36:44,-657,122,-t,1.105,https://eclipse.gsfc.nasa.gov/SEcat5/SE1901-2000.html,1daf90d8b3f1763a09b45cc0d838150fc09edbef711fe1be80f2e0c0d8f6d5ff,1901-2000,catalog TD and modeled UT1; not exact UTC,09391  1946 Nov 23  17:37:12     28   -657  122   P   -t   1.1050  0.7758  63N  45W   0,0.7758,63.0,-45.0,0.0,,,,,,,
lunar-09528,lunar,09528,1946-12-08,1946-12-08T17:48:28,T,T,,28.0,1946-12-08T17:48:00,-657,134,p-,0.3864,https://eclipse.gsfc.nasa.gov/LEcat5/LE1901-2000.html,972e37819ec3f8e8b3f48fd38a06984636f6733812a1fa2557e25600d2204532,1901-2000,catalog TD and modeled UT1; not exact UTC,09528  1946 Dec 08  17:48:28     28   -657  134   T   p-   0.3864  2.1337  1.1639  309.5  194.9   57.3   23N   91E,,23.0,91.0,,,,2.1337,1.1639,18570.0,11694.0,3438.0
solar-09392,solar,09392,1947-05-20,1947-05-20T13:47:47,T,T,,28.0,1947-05-20T13:47:19,-651,127,-p,-0.3528,https://eclipse.gsfc.nasa.gov/SEcat5/SE1901-2000.html,1daf90d8b3f1763a09b45cc0d838150fc09edbef711fe1be80f2e0c0d8f6d5ff,1901-2000,catalog TD and modeled UT1; not exact UTC,09392  1947 May 20  13:47:47     28   -651  127   T   -p  -0.3528  1.0557   0N  21W  69  196  05m13s,1.0557,0.0,-21.0,69.0,196.0,313,,,,,
lunar-09529,lunar,09529,1947-06-03,1947-06-03T19:15:44,P,P,,28.0,1947-06-03T19:15:16,-651,139,t-,-0.9849,https://eclipse.gsfc.nasa.gov/LEcat5/LE1901-2000.html,972e37819ec3f8e8b3f48fd38a06984636f6733812a1fa2557e25600d2204532,1901-2000,catalog TD and modeled UT1; not exact UTC,09529  1947 Jun 03  19:15:44     28   -651  139   P   t-  -0.9849  1.0818  0.0202  288.9   34.7    -     23S   70E,,-23.0,70.0,,,,1.0818,0.0202,17334.0,2082.0,
solar-09393,solar,09393,1947-11-12,1947-11-12T20:05:37,A,A,,28.0,1947-11-12T20:05:09,-645,132,-n,0.3743,https://eclipse.gsfc.nasa.gov/SEcat5/SE1901-2000.html,1daf90d8b3f1763a09b45cc0d838150fc09edbef711fe1be80f2e0c0d8f6d5ff,1901-2000,catalog TD and modeled UT1; not exact UTC,09393  1947 Nov 12  20:05:37     28   -645  132   A   -n   0.3743  0.9650   3N 117W  68  135  03m59s,0.965,3.0,-117.0,68.0,135.0,239,,,,,
lunar-09530,lunar,09530,1947-11-28,1947-11-28T08:34:29,N,N,,28.0,1947-11-28T08:34:01,-645,144,a-,1.0838,https://eclipse.gsfc.nasa.gov/LEcat5/LE1901-2000.html,972e37819ec3f8e8b3f48fd38a06984636f6733812a1fa2557e25600d2204532,1901-2000,catalog TD and modeled UT1; not exact UTC,09530  1947 Nov 28  08:34:29     28   -645  144   N   a-   1.0838  0.8683 -0.1297  238.3    -      -     22N  132W,,22.0,-132.0,,,,0.8683,-0.1297,14298.0,,
lunar-09531,lunar,09531,1948-04-23,1948-04-23T13:39:18,P,P,,28.0,1948-04-23T13:38:50,-640,111,-a,1.0016,https://eclipse.gsfc.nasa.gov/LEcat5/LE1901-2000.html,972e37819ec3f8e8b3f48fd38a06984636f6733812a1fa2557e25600d2204532,1901-2000,catalog TD and modeled UT1; not exact UTC,09531  1948 Apr 23  13:39:18     28   -640  111   P   -a   1.0016  1.0171  0.0229  257.6   34.3    -     12S  155E,,-12.0,155.0,,,,1.0171,0.0229,15456.000000000002,2058.0,
solar-09394,solar,09394,1948-05-09,1948-05-09T02:26:04,A,A,,28.0,1948-05-09T02:25:36,-639,137,p-,0.4133,https://eclipse.gsfc.nasa.gov/SEcat5/SE1901-2000.html,1daf90d8b3f1763a09b45cc0d838150fc09edbef711fe1be80f2e0c0d8f6d5ff,1901-2000,catalog TD and modeled UT1; not exact UTC,09394  1948 May 09  02:26:04     28   -639  137   A   p-   0.4133  0.9999  40N 131E  65    0  00m00s,0.9999,40.0,131.0,65.0,0.0,0,,,,,
lunar-09532,lunar,09532,1948-10-18,1948-10-18T02:35:41,N,Nx,x,29.0,1948-10-18T02:35:12,-634,116,-t,-1.0245,https://eclipse.gsfc.nasa.gov/LEcat5/LE1901-2000.html,972e37819ec3f8e8b3f48fd38a06984636f6733812a1fa2557e25600d2204532,1901-2000,catalog TD and modeled UT1; not exact UTC,09532  1948 Oct 18  02:35:41     29   -634  116   Nx  -t  -1.0245  1.0140 -0.0572  279.7    -      -      9N   42W,,9.0,-42.0,,,,1.014,-0.0572,16782.0,,
solar-09395,solar,09395,1948-11-01,1948-11-01T05:59:18,T,T,,29.0,1948-11-01T05:58:49,-633,142,n-,-0.3517,https://eclipse.gsfc.nasa.gov/SEcat5/SE1901-2000.html,1daf90d8b3f1763a09b45cc0d838150fc09edbef711fe1be80f2e0c0d8f6d5ff,1901-2000,catalog TD and modeled UT1; not exact UTC,09395  1948 Nov 01  05:59:18     29   -633  142   T   n-  -0.3517  1.0231  33S  76E  69   84  01m56s,1.0231,-33.0,76.0,69.0,84.0,116,,,,,
lunar-09533,lunar,09533,1949-04-13,1949-04-13T04:11:25,T,T+,+,29.0,1949-04-13T04:10:56,-628,121,-p,0.2474,https://eclipse.gsfc.nasa.gov/LEcat5/LE1901-2000.html,972e37819ec3f8e8b3f48fd38a06984636f6733812a1fa2557e25600d2204532,1901-2000,catalog TD and modeled UT1; not exact UTC,09533  1949 Apr 13  04:11:25     29   -628  121   T+  -p   0.2474  2.3825  1.4251  315.8  205.7   84.9    9S   62W,,-9.0,-62.0,,,,2.3825,1.4251,18948.0,12342.0,5094.0
solar-09396,solar,09396,1949-04-28,1949-04-28T07:48:53,P,P,,29.0,1949-04-28T07:48:24,-627,147,t-,1.2068,https://eclipse.gsfc.nasa.gov/SEcat5/SE1901-2000.html,1daf90d8b3f1763a09b45cc0d838150fc09edbef711fe1be80f2e0c0d8f6d5ff,1901-2000,catalog TD and modeled UT1; not exact UTC,09396  1949 Apr 28  07:48:53     29   -627  147   P   t-   1.2068  0.6092  62N  56W   0,0.6092,62.0,-56.0,0.0,,,,,,,
lunar-09534,lunar,09534,1949-10-07,1949-10-07T02:56:55,T,T,,29.0,1949-10-07T02:56:26,-622,126,-p,-0.3219,https://eclipse.gsfc.nasa.gov/LEcat5/LE1901-2000.html,972e37819ec3f8e8b3f48fd38a06984636f6733812a1fa2557e25600d2204532,1901-2000,catalog TD and modeled UT1; not exact UTC,09534  1949 Oct 07  02:56:55     29   -622  126   T   -p  -0.3219  2.3118  1.2236  369.2  222.9   72.8    5N   47W,,5.0,-47.0,,,,2.3118,1.2236,22152.0,13374.0,4368.0
solar-09397,solar,09397,1949-10-21,1949-10-21T21:13:01,P,P,,29.0,1949-10-21T21:12:32,-621,152,t-,-1.027,https://eclipse.gsfc.nasa.gov/SEcat5/SE1901-2000.html,1daf90d8b3f1763a09b45cc0d838150fc09edbef711fe1be80f2e0c0d8f6d5ff,1901-2000,catalog TD and modeled UT1; not exact UTC,09397  1949 Oct 21  21:13:01     29   -621  152   P   t-  -1.0270  0.9638  62S 107E   0,0.9638,-62.0,107.0,0.0,,,,,,,
solar-09398,solar,09398,1950-03-18,1950-03-18T15:32:01,A,A-,-,29.0,1950-03-18T15:31:32,-616,119,-t,-0.9988,https://eclipse.gsfc.nasa.gov/SEcat5/SE1901-2000.html,1daf90d8b3f1763a09b45cc0d838150fc09edbef711fe1be80f2e0c0d8f6d5ff,1901-2000,catalog TD and modeled UT1; not exact UTC,09398  1950 Mar 18  15:32:01     29   -616  119   A-  -t  -0.9988  0.9620  61S  41E   0,0.962,-61.0,41.0,0.0,,,,,,,
lunar-09535,lunar,09535,1950-04-02,1950-04-02T20:44:34,T,T,,29.0,1950-04-02T20:44:05,-616,131,a-,-0.4598,https://eclipse.gsfc.nasa.gov/LEcat5/LE1901-2000.html,972e37819ec3f8e8b3f48fd38a06984636f6733812a1fa2557e25600d2204532,1901-2000,catalog TD and modeled UT1; not exact UTC,09535  1950 Apr 02  20:44:34     29   -616  131   T   a-  -0.4598  1.9951  1.0329  306.5  189.6   26.9    5S   50E,,-5.0,50.0,,,,1.9951,1.0329,18390.0,11376.0,1614.0
solar-09399,solar,09399,1950-09-12,1950-09-12T03:38:47,T,T,,29.0,1950-09-12T03:38:18,-610,124,-t,0.8903,https://eclipse.gsfc.nasa.gov/SEcat5/SE1901-2000.html,1daf90d8b3f1763a09b45cc0d838150fc09edbef711fe1be80f2e0c0d8f6d5ff,1901-2000,catalog TD and modeled UT1; not exact UTC,09399  1950 Sep 12  03:38:47     29   -610  124   T   -t   0.8903  1.0182  55N 172E  27  134  01m14s,1.0182,55.0,172.0,27.0,134.0,74,,,,,
lunar-09536,lunar,09536,1950-09-26,1950-09-26T04:17:11,T,T,,29.0,1950-09-26T04:16:42,-610,136,t-,0.4101,https://eclipse.gsfc.nasa.gov/LEcat5/LE1901-2000.html,972e37819ec3f8e8b3f48fd38a06984636f6733812a1fa2557e25600d2204532,1901-2000,catalog TD and modeled UT1; not exact UTC,09536  1950 Sep 26  04:17:11     29   -610  136   T   t-   0.4101  2.1331  1.0783  350.1  209.8   44.3    1N   66W,,1.0,-66.0,,,,2.1331,1.0783,21006.0,12588.0,2658.0
solar-09400,solar,09400,1951-03-07,1951-03-07T20:53:40,A,A,,30.0,1951-03-07T20:53:10,-604,129,-n,-0.242,https://eclipse.gsfc.nasa.gov/SEcat5/SE1901-2000.html,1daf90d8b3f1763a09b45cc0d838150fc09edbef711fe1be80f2e0c0d8f6d5ff,1901-2000,catalog TD and modeled UT1; not exact UTC,09400  1951 Mar 07  20:53:40     30   -604  129   A   -n  -0.2420  0.9896  18S 124W  76   38  00m59s,0.9896,-18.0,-124.0,76.0,38.0,59,,,,,
lunar-09537,lunar,09537,1951-03-23,1951-03-23T10:37:33,N,N,,30.0,1951-03-23T10:37:03,-604,141,a-,-1.2099,https://eclipse.gsfc.nasa.gov/LEcat5/LE1901-2000.html,972e37819ec3f8e8b3f48fd38a06984636f6733812a1fa2557e25600d2204532,1901-2000,catalog TD and modeled UT1; not exact UTC,09537  1951 Mar 23  10:37:33     30   -604  141   N   a-  -1.2099  0.6418 -0.3661  214.3    -      -      2S  158W,,-2.0,-158.0,,,,0.6418,-0.3661,12858.0,,
lunar-09538,lunar,09538,1951-08-17,1951-08-17T03:14:39,N,N,,30.0,1951-08-17T03:14:09,-599,108,-a,-1.4828,https://eclipse.gsfc.nasa.gov/LEcat5/LE1901-2000.html,972e37819ec3f8e8b3f48fd38a06984636f6733812a1fa2557e25600d2204532,1901-2000,catalog TD and modeled UT1; not exact UTC,09538  1951 Aug 17  03:14:39     30   -599  108   N   -a  -1.4828  0.1195 -0.8456   93.6    -      -     15S   47W,,-15.0,-47.0,,,,0.1195,-0.8456,5616.0,,
solar-09401,solar,09401,1951-09-01,1951-09-01T12:51:51,A,A,,30.0,1951-09-01T12:51:21,-598,134,nn,0.1557,https://eclipse.gsfc.nasa.gov/SEcat5/SE1901-2000.html,1daf90d8b3f1763a09b45cc0d838150fc09edbef711fe1be80f2e0c0d8f6d5ff,1901-2000,catalog TD and modeled UT1; not exact UTC,09401  1951 Sep 01  12:51:51     30   -598  134   A   nn   0.1557  0.9747  16N   8W  81   91  02m36s,0.9747,16.0,-8.0,81.0,91.0,156,,,,,
lunar-09539,lunar,09539,1951-09-15,1951-09-15T12:27:06,N,N,,30.0,1951-09-15T12:26:36,-598,146,a-,1.1186,https://eclipse.gsfc.nasa.gov/LEcat5/LE1901-2000.html,972e37819ec3f8e8b3f48fd38a06984636f6733812a1fa2557e25600d2204532,1901-2000,catalog TD and modeled UT1; not exact UTC,09539  1951 Sep 15  12:27:06     30   -598  146   N   a-   1.1186  0.8034 -0.1928  234.6    -      -      2S  172E,,-2.0,172.0,,,,0.8034,-0.1928,14076.0,,
lunar-09540,lunar,09540,1952-02-11,1952-02-11T00:39:48,P,P,,30.0,1952-02-11T00:39:18,-593,113,-t,0.9416,https://eclipse.gsfc.nasa.gov/LEcat5/LE1901-2000.html,972e37819ec3f8e8b3f48fd38a06984636f6733812a1fa2557e25600d2204532,1901-2000,catalog TD and modeled UT1; not exact UTC,09540  1952 Feb 11  00:39:48     30   -593  113   P   -t   0.9416  1.1781  0.0832  301.9   70.1    -     15N    6W,,15.0,-6.0,,,,1.1781,0.0832,18114.0,4206.0,
solar-09402,solar,09402,1952-02-25,1952-02-25T09:11:35,T,T,,30.0,1952-02-25T09:11:05,-592,139,p-,0.4697,https://eclipse.gsfc.nasa.gov/SEcat5/SE1901-2000.html,1daf90d8b3f1763a09b45cc0d838150fc09edbef711fe1be80f2e0c0d8f6d5ff,1901-2000,catalog TD and modeled UT1; not exact UTC,09402  1952 Feb 25  09:11:35     30   -592  139   T   p-   0.4697  1.0366  16N  33E  62  138  03m09s,1.0366,16.0,33.0,62.0,138.0,189,,,,,
lunar-09541,lunar,09541,1952-08-05,1952-08-05T19:47:55,P,P,,30.0,1952-08-05T19:47:25,-587,118,-a,-0.7383,https://eclipse.gsfc.nasa.gov/LEcat5/LE1901-2000.html,972e37819ec3f8e8b3f48fd38a06984636f6733812a1fa2557e25600d2204532,1901-2000,catalog TD and modeled UT1; not exact UTC,09541  1952 Aug 05  19:47:55     30   -587  118   P   -a  -0.7383  1.4741  0.5317  278.4  147.2    -     18S   65E,,-18.0,65.0,,,,1.4741,0.5317,16704.0,8832.0,
solar-09403,solar,09403,1952-08-20,1952-08-20T15:13:35,A,A,,30.0,1952-08-20T15:13:05,-586,144,p-,-0.6102,https://eclipse.gsfc.nasa.gov/SEcat5/SE1901-2000.html,1daf90d8b3f1763a09b45cc0d838150fc09edbef711fe1be80f2e0c0d8f6d5ff,1901-2000,catalog TD and modeled UT1; not exact UTC,09403  1952 Aug 20  15:13:35     30   -586  144   A   p-  -0.6102  0.9420  22S  64W  52  264  06m40s,0.942,-22.0,-64.0,52.0,264.0,400,,,,,
lunar-09542,lunar,09542,1953-01-29,1953-01-29T23:47:49,T,T+,+,30.0,1953-01-29T23:47:19,-581,123,-p,0.2606,https://eclipse.gsfc.nasa.gov/LEcat5/LE1901-2000.html,972e37819ec3f8e8b3f48fd38a06984636f6733812a1fa2557e25600d2204532,1901-2000,catalog TD and modeled UT1; not exact UTC,09542  1953 Jan 29  23:47:49     30   -581  123   T+  -p   0.2606  2.4291  1.3314  371.0  225.8   84.5   18N    7E,,18.0,7.0,,,,2.4291,1.3314,22260.0,13548.0,5070.0
solar-09404,solar,09404,1953-02-14,1953-02-14T00:59:30,P,P,,30.0,1953-02-14T00:59:00,-580,149,t-,1.1331,https://eclipse.gsfc.nasa.gov/SEcat5/SE1901-2000.html,1daf90d8b3f1763a09b45cc0d838150fc09edbef711fe1be80f2e0c0d8f6d5ff,1901-2000,catalog TD and modeled UT1; not exact UTC,09404  1953 Feb 14  00:59:30     30   -580  149   P   t-   1.1331  0.7596  62N 105E   0,0.7596,62.0,105.0,0.0,,,,,,,
solar-09405,solar,09405,1953-07-11,1953-07-11T02:44:14,P,P,,30.0,1953-07-11T02:43:44,-575,116,-t,1.4388,https://eclipse.gsfc.nasa.gov/SEcat5/SE1901-2000.html,1daf90d8b3f1763a09b45cc0d838150fc09edbef711fe1be80f2e0c0d8f6d5ff,1901-2000,catalog TD and modeled UT1; not exact UTC,09405  1953 Jul 11  02:44:14     30   -575  116   P   -t   1.4388  0.2015  64N  72W   0,0.2015,64.0,-72.0,0.0,,,,,,,
lunar-09543,lunar,09543,1953-07-26,1953-07-26T12:21:10,T,T-,-,30.0,1953-07-26T12:20:40,-575,128,pp,-0.0071,https://eclipse.gsfc.nasa.gov/LEcat5/LE1901-2000.html,972e37819ec3f8e8b3f48fd38a06984636f6733812a1fa2557e25600d2204532,1901-2000,catalog TD and modeled UT1; not exact UTC,09543  1953 Jul 26  12:21:10     30   -575  128   T-  pp  -0.0071  2.8265  1.8628  326.5  215.7  100.7   19S  176E,,-19.0,176.0,,,,2.8265,1.8628,19590.0,12942.0,6042.0
solar-09406,solar,09406,1953-08-09,1953-08-09T15:55:03,P,P,,30.0,1953-08-09T15:54:33,-574,154,t-,-1.344,https://eclipse.gsfc.nasa.gov/SEcat5/SE1901-2000.html,1daf90d8b3f1763a09b45cc0d838150fc09edbef711fe1be80f2e0c0d8f6d5ff,1901-2000,catalog TD and modeled UT1; not exact UTC,09406  1953 Aug 09  15:55:03     30   -574  154   P   t-  -1.3440  0.3729  62S 115W   0,0.3729,-62.0,-115.0,0.0,,,,,,,
solar-09407,solar,09407,1954-01-05,1954-01-05T02:32:01,A,A,,31.0,1954-01-05T02:31:30,-569,121,-t,-0.9296,https://eclipse.gsfc.nasa.gov/SEcat5/SE1901-2000.html,1daf90d8b3f1763a09b45cc0d838150fc09edbef711fe1be80f2e0c0d8f6d5ff,1901-2000,catalog TD and modeled UT1; not exact UTC,09407  1954 Jan 05  02:32:01     31   -569  121   A   -t  -0.9296  0.9720  79S 121W  21  278  01m42s,0.972,-79.0,-121.0,21.0,278.0,102,,,,,
lunar-09544,lunar,09544,1954-01-19,1954-01-19T02:32:21,T,T,,31.0,1954-01-19T02:31:50,-569,133,a-,-0.4357,https://eclipse.gsfc.nasa.gov/LEcat5/LE1901-2000.html,972e37819ec3f8e8b3f48fd38a06984636f6733812a1fa2557e25600d2204532,1901-2000,catalog TD and modeled UT1; not exact UTC,09544  1954 Jan 19  02:32:21     31   -569  133   T   a-  -0.4357  2.0853  1.0322  341.2  202.9   28.2   20N   35W,,20.0,-35.0,,,,2.0853,1.0322,20472.0,12174.0,1692.0
solar-09408,solar,09408,1954-06-30,1954-06-30T12:32:38,T,T,,31.0,1954-06-30T12:32:07,-563,126,-p,0.6135,https://eclipse.gsfc.nasa.gov/SEcat5/SE1901-2000.html,1daf90d8b3f1763a09b45cc0d838150fc09edbef711fe1be80f2e0c0d8f6d5ff,1901-2000,catalog TD and modeled UT1; not exact UTC,09408  1954 Jun 30  12:32:38     31   -563  126   T   -p   0.6135  1.0357  60N   4E  52  153  02m35s,1.0357,60.0,4.0,52.0,153.0,155,,,,,
lunar-09545,lunar,09545,1954-07-16,1954-07-16T00:20:51,P,P,,31.0,1954-07-16T00:20:20,-563,138,t-,0.7876,https://eclipse.gsfc.nasa.gov/LEcat5/LE1901-2000.html,972e37819ec3f8e8b3f48fd38a06984636f6733812a1fa2557e25600d2204532,1901-2000,catalog TD and modeled UT1; not exact UTC,09545  1954 Jul 16  00:20:51     31   -563  138   P   t-   0.7876  1.4202  0.4054  301.6  140.9    -     21S    4W,,-21.0,-4.0,,,,1.4202,0.4054,18096.0,8454.0,
solar-09409,solar,09409,1954-12-25,1954-12-25T07:36:42,A,A,,31.0,1954-12-25T07:36:11,-557,131,-n,-0.2576,https://eclipse.gsfc.nasa.gov/SEcat5/SE1901-2000.html,1daf90d8b3f1763a09b45cc0d838150fc09edbef711fe1be80f2e0c0d8f6d5ff,1901-2000,catalog TD and modeled UT1; not exact UTC,09409  1954 Dec 25  07:36:42     31   -557  131   A   -n  -0.2576  0.9323  38S  68E  75  262  07m39s,0.9323,-38.0,68.0,75.0,262.0,459,,,,,
lunar-09546,lunar,09546,1955-01-08,1955-01-08T12:33:20,N,N,,31.0,1955-01-08T12:32:49,-557,143,a-,-1.0906,https://eclipse.gsfc.nasa.gov/LEcat5/LE1901-2000.html,972e37819ec3f8e8b3f48fd38a06984636f6733812a1fa2557e25600d2204532,1901-2000,catalog TD and modeled UT1; not exact UTC,09546  1955 Jan 08  12:33:20     31   -557  143   N   a-  -1.0906  0.8555 -0.1421  236.0    -      -     21N  173E,,21.0,173.0,,,,0.8555,-0.1421,14160.0,,
lunar-09547,lunar,09547,1955-06-05,1955-06-05T14:23:23,N,N,,31.0,1955-06-05T14:22:52,-552,110,-t,-1.2383,https://eclipse.gsfc.nasa.gov/LEcat5/LE1901-2000.html,972e37819ec3f8e8b3f48fd38a06984636f6733812a1fa2557e25600d2204532,1901-2000,catalog TD and modeled UT1; not exact UTC,09547  1955 Jun 05  14:23:23     31   -552  110   N   -t  -1.2383  0.6218 -0.4498  232.3    -      -     24S  144E,,-24.0,144.0,,,,0.6218,-0.4498,13938.0,,
solar-09410,solar,09410,1955-06-20,1955-06-20T04:10:42,T,T,,31.0,1955-06-20T04:10:11,-551,136,n-,-0.1528,https://eclipse.gsfc.nasa.gov/SEcat5/SE1901-2000.html,1daf90d8b3f1763a09b45cc0d838150fc09edbef711fe1be80f2e0c0d8f6d5ff,1901-2000,catalog TD and modeled UT1; not exact UTC,09410  1955 Jun 20  04:10:42     31   -551  136   T   n-  -0.1528  1.0776  15N 117E  81  254  07m08s,1.0776,15.0,117.0,81.0,254.0,428,,,,,
lunar-09548,lunar,09548,1955-11-29,1955-11-29T17:00:00,P,P,,31.0,1955-11-29T16:59:29,-546,115,-a,0.9551,https://eclipse.gsfc.nasa.gov/LEcat5/LE1901-2000.html,972e37819ec3f8e8b3f48fd38a06984636f6733812a1fa2557e25600d2204532,1901-2000,catalog TD and modeled UT1; not exact UTC,09548  1955 Nov 29  17:00:00     31   -546  115   P   -a   0.9551  1.0917  0.1190  253.0   74.2    -     22N  102E,,22.0,102.0,,,,1.0917,0.119,15180.0,4452.0,
solar-09411,solar,09411,1955-12-14,1955-12-14T07:02:25,A,A,,31.0,1955-12-14T07:01:54,-545,141,p-,0.4266,https://eclipse.gsfc.nasa.gov/SEcat5/SE1901-2000.html,1daf90d8b3f1763a09b45cc0d838150fc09edbef711fe1be80f2e0c0d8f6d5ff,1901-2000,catalog TD and modeled UT1; not exact UTC,09411  1955 Dec 14  07:02:25     31   -545  141   A   p-   0.4266  0.9176   2N  72E  65  346  12m09s,0.9176,2.0,72.0,65.0,346.0,729,,,,,
lunar-09549,lunar,09549,1956-05-24,1956-05-24T15:31:52,P,P,,32.0,1956-05-24T15:31:20,-540,120,-t,-0.4726,https://eclipse.gsfc.nasa.gov/LEcat5/LE1901-2000.html,972e37819ec3f8e8b3f48fd38a06984636f6733812a1fa2557e25600d2204532,1901-2000,catalog TD and modeled UT1; not exact UTC,09549  1956 May 24  15:31:52     32   -540  120   P   -t  -0.4726  2.0174  0.9647  348.5  204.5    -     21S  126E,,-21.0,126.0,,,,2.0174,0.9647,20910.0,12270.0,
solar-09412,solar,09412,1956-06-08,1956-06-08T21:20:39,T,T,,32.0,1956-06-08T21:20:07,-539,146,p-,-0.8934,https://eclipse.gsfc.nasa.gov/SEcat5/SE1901-2000.html,1daf90d8b3f1763a09b45cc0d838150fc09edbef711fe1be80f2e0c0d8f6d5ff,1901-2000,catalog TD and modeled UT1; not exact UTC,09412  1956 Jun 08  21:20:39     32   -539  146   T   p-  -0.8934  1.0581  41S 141W  26  429  04m45s,1.0581,-41.0,-141.0,26.0,429.0,285,,,,,
lunar-09550,lunar,09550,1956-11-18,1956-11-18T06:48:16,T,T,,32.0,1956-11-18T06:47:44,-534,125,-p,0.2917,https://eclipse.gsfc.nasa.gov/LEcat5/LE1901-2000.html,972e37819ec3f8e8b3f48fd38a06984636f6733812a1fa2557e25600d2204532,1901-2000,catalog TD and modeled UT1; not exact UTC,09550  1956 Nov 18  06:48:16     32   -534  125   T   -p   0.2917  2.3285  1.3172  332.2  209.5   78.4   20N  106W,,20.0,-106.0,,,,2.3285,1.3172,19932.0,12570.0,4704.0
solar-09413,solar,09413,1956-12-02,1956-12-02T08:00:35,P,P,,32.0,1956-12-02T08:00:03,-533,151,t-,1.0923,https://eclipse.gsfc.nasa.gov/SEcat5/SE1901-2000.html,1daf90d8b3f1763a09b45cc0d838150fc09edbef711fe1be80f2e0c0d8f6d5ff,1901-2000,catalog TD and modeled UT1; not exact UTC,09413  1956 Dec 02  08:00:35     32   -533  151   P   t-   1.0923  0.8047  68N  65E   0,0.8047,68.0,65.0,0.0,,,,,,,
solar-09414,solar,09414,1957-04-30,1957-04-30T00:05:28,A,A+,+,32.0,1957-04-30T00:04:56,-528,118,-t,0.9992,https://eclipse.gsfc.nasa.gov/SEcat5/SE1901-2000.html,1daf90d8b3f1763a09b45cc0d838150fc09edbef711fe1be80f2e0c0d8f6d5ff,1901-2000,catalog TD and modeled UT1; not exact UTC,09414  1957 Apr 30  00:05:28     32   -528  118   A+  -t   0.9992  0.9799  71N  40E   0,0.9799,71.0,40.0,0.0,,,,,,,
lunar-09551,lunar,09551,1957-05-13,1957-05-13T22:31:28,T,T,,32.0,1957-05-13T22:30:56,-528,130,a-,0.3045,https://eclipse.gsfc.nasa.gov/LEcat5/LE1901-2000.html,972e37819ec3f8e8b3f48fd38a06984636f6733812a1fa2557e25600d2204532,1901-2000,catalog TD and modeled UT1; not exact UTC,09551  1957 May 13  22:31:28     32   -528  130   T   a-   0.3045  2.3001  1.2982  335.0  211.6   77.6   18S   21E,,-18.0,21.0,,,,2.3001,1.2982,20100.0,12696.0,4656.0
solar-09415,solar,09415,1957-10-23,1957-10-23T04:54:02,T,T-,-,32.0,1957-10-23T04:53:30,-522,123,-t,-1.0022,https://eclipse.gsfc.nasa.gov/SEcat5/SE1901-2000.html,1daf90d8b3f1763a09b45cc0d838150fc09edbef711fe1be80f2e0c0d8f6d5ff,1901-2000,catalog TD and modeled UT1; not exact UTC,09415  1957 Oct 23  04:54:02     32   -522  123   T-  -t  -1.0022  1.0013  71S  23W   0,1.0013,-71.0,-23.0,0.0,,,,,,,
lunar-09552,lunar,09552,1957-11-07,1957-11-07T14:27:30,T,T,,32.0,1957-11-07T14:26:58,-522,135,t-,-0.4332,https://eclipse.gsfc.nasa.gov/LEcat5/LE1901-2000.html,972e37819ec3f8e8b3f48fd38a06984636f6733812a1fa2557e25600d2204532,1901-2000,catalog TD and modeled UT1; not exact UTC,09552  1957 Nov 07  14:27:30     32   -522  135   T   t-  -0.4332  2.0963  1.0305  349.3  206.5   27.9   16N  139E,,16.0,139.0,,,,2.0963,1.0305,20958.0,12390.0,1674.0
lunar-09553,lunar,09553,1958-04-04,1958-04-04T04:00:15,N,Ne,e,32.0,1958-04-04T03:59:43,-517,102,-a,-1.538,https://eclipse.gsfc.nasa.gov/LEcat5/LE1901-2000.html,972e37819ec3f8e8b3f48fd38a06984636f6733812a1fa2557e25600d2204532,1901-2000,catalog TD and modeled UT1; not exact UTC,09553  1958 Apr 04  04:00:15     32   -517  102   Ne  -a  -1.5380  0.0135 -0.9422   31.0    -      -      7S   60W,,-7.0,-60.0,,,,0.0135,-0.9422,1860.0,,
solar-09416,solar,09416,1958-04-19,1958-04-19T03:27:17,A,A,,32.0,1958-04-19T03:26:45,-516,128,np,0.275,https://eclipse.gsfc.nasa.gov/SEcat5/SE1901-2000.html,1daf90d8b3f1763a09b45cc0d838150fc09edbef711fe1be80f2e0c0d8f6d5ff,1901-2000,catalog TD and modeled UT1; not exact UTC,09416  1958 Apr 19  03:27:17     32   -516  128   A   np   0.2750  0.9408  26N 124E  74  228  07m07s,0.9408,26.0,124.0,74.0,228.0,427,,,,,
lunar-09554,lunar,09554,1958-05-03,1958-05-03T12:13:29,P,P,,32.0,1958-05-03T12:12:57,-516,140,a-,1.0188,https://eclipse.gsfc.nasa.gov/LEcat5/LE1901-2000.html,972e37819ec3f8e8b3f48fd38a06984636f6733812a1fa2557e25600d2204532,1901-2000,catalog TD and modeled UT1; not exact UTC,09554  1958 May 03  12:13:29     32   -516  140   P   a-   1.0188  0.9676  0.0092  242.2   21.0    -     15S  176E,,-15.0,176.0,,,,0.9676,0.0092,14532.0,1260.0,
solar-09417,solar,09417,1958-10-12,1958-10-12T20:55:28,T,T,,33.0,1958-10-12T20:54:55,-510,133,-n,-0.2951,https://eclipse.gsfc.nasa.gov/SEcat5/SE1901-2000.html,1daf90d8b3f1763a09b45cc0d838150fc09edbef711fe1be80f2e0c0d8f6d5ff,1901-2000,catalog TD and modeled UT1; not exact UTC,09417  1958 Oct 12  20:55:28     33   -510  133   T   -n  -0.2951  1.0608  24S 142W  73  209  05m11s,1.0608,-24.0,-142.0,73.0,209.0,311,,,,,
lunar-09555,lunar,09555,1958-10-27,1958-10-27T15:27:50,N,N,,33.0,1958-10-27T15:27:17,-510,145,t-,-1.157,https://eclipse.gsfc.nasa.gov/LEcat5/LE1901-2000.html,972e37819ec3f8e8b3f48fd38a06984636f6733812a1fa2557e25600d2204532,1901-2000,catalog TD and modeled UT1; not exact UTC,09555  1958 Oct 27  15:27:50     33   -510  145   N   t-  -1.1570  0.7825 -0.3118  257.9    -      -     12N  124E,,12.0,124.0,,,,0.7825,-0.3118,15473.999999999998,,
lunar-09556,lunar,09556,1959-03-24,1959-03-24T20:11:57,P,P,,33.0,1959-03-24T20:11:24,-505,112,-a,-0.8757,https://eclipse.gsfc.nasa.gov/LEcat5/LE1901-2000.html,972e37819ec3f8e8b3f48fd38a06984636f6733812a1fa2557e25600d2204532,1901-2000,catalog TD and modeled UT1; not exact UTC,09556  1959 Mar 24  20:11:57     33   -505  112   P   -a  -0.8757  1.2379  0.2643  268.2  109.5    -      2S   58E,,-2.0,58.0,,,,1.2379,0.2643,16092.0,6570.0,
solar-09418,solar,09418,1959-04-08,1959-04-08T03:24:08,A,A,,33.0,1959-04-08T03:23:35,-504,138,p-,-0.4546,https://eclipse.gsfc.nasa.gov/SEcat5/SE1901-2000.html,1daf90d8b3f1763a09b45cc0d838150fc09edbef711fe1be80f2e0c0d8f6d5ff,1901-2000,catalog TD and modeled UT1; not exact UTC,09418  1959 Apr 08  03:24:08     33   -504  138   A   p-  -0.4546  0.9401  19S 138E  63  247  07m26s,0.9401,-19.0,138.0,63.0,247.0,446,,,,,
lunar-09557,lunar,09557,1959-09-17,1959-09-17T01:03:37,N,N,,33.0,1959-09-17T01:03:04,-499,117,-t,1.0296,https://eclipse.gsfc.nasa.gov/LEcat5/LE1901-2000.html,972e37819ec3f8e8b3f48fd38a06984636f6733812a1fa2557e25600d2204532,1901-2000,catalog TD and modeled UT1; not exact UTC,09557  1959 Sep 17  01:03:37     33   -499  117   N   -t   1.0296  0.9874 -0.0496  268.0    -      -      2S   17W,,-2.0,-17.0,,,,0.9874,-0.0496,16080.0,,
solar-09419,solar,09419,1959-10-02,1959-10-02T12:27:00,T,T,,33.0,1959-10-02T12:26:27,-498,143,n-,0.4207,https://eclipse.gsfc.nasa.gov/SEcat5/SE1901-2000.html,1daf90d8b3f1763a09b45cc0d838150fc09edbef711fe1be80f2e0c0d8f6d5ff,1901-2000,catalog TD and modeled UT1; not exact UTC,09419  1959 Oct 02  12:27:00     33   -498  143   T   n-   0.4207  1.0325  20N   1W  65  120  03m02s,1.0325,20.0,-1.0,65.0,120.0,182,,,,,
lunar-09558,lunar,09558,1960-03-13,1960-03-13T08:28:21,T,T-,-,33.0,1960-03-13T08:27:48,-493,122,-p,-0.1799,https://eclipse.gsfc.nasa.gov/LEcat5/LE1901-2000.html,972e37819ec3f8e8b3f48fd38a06984636f6733812a1fa2557e25600d2204532,1901-2000,catalog TD and modeled UT1; not exact UTC,09558  1960 Mar 13  08:28:21     33   -493  122   T-  -p  -0.1799  2.5415  1.5145  344.8  219.4   94.0    3N  125W,,3.0,-125.0,,,,2.5415,1.5145,20688.0,13164.0,5640.0
solar-09420,solar,09420,1960-03-27,1960-03-27T07:25:07,P,P,,33.0,1960-03-27T07:24:34,-492,148,t-,-1.1537,https://eclipse.gsfc.nasa.gov/SEcat5/SE1901-2000.html,1daf90d8b3f1763a09b45cc0d838150fc09edbef711fe1be80f2e0c0d8f6d5ff,1901-2000,catalog TD and modeled UT1; not exact UTC,09420  1960 Mar 27  07:25:07     33   -492  148   P   t-  -1.1537  0.7058  72S 152E   0,0.7058,-72.0,152.0,0.0,,,,,,,
lunar-09559,lunar,09559,1960-09-05,1960-09-05T11:21:51,T,T+,+,33.0,1960-09-05T11:21:18,-487,127,-p,0.2422,https://eclipse.gsfc.nasa.gov/LEcat5/LE1901-2000.html,972e37819ec3f8e8b3f48fd38a06984636f6733812a1fa2557e25600d2204532,1901-2000,catalog TD and modeled UT1; not exact UTC,09559  1960 Sep 05  11:21:51     33   -487  127   T+  -p   0.2422  2.4031  1.4239  326.7  210.8   86.7    6S  171W,,-6.0,-171.0,,,,2.4031,1.4239,19602.0,12648.0,5202.0
solar-09421,solar,09421,1960-09-20,1960-09-20T22:59:56,P,P,,33.0,1960-09-20T22:59:23,-486,153,t-,1.2057,https://eclipse.gsfc.nasa.gov/SEcat5/SE1901-2000.html,1daf90d8b3f1763a09b45cc0d838150fc09edbef711fe1be80f2e0c0d8f6d5ff,1901-2000,catalog TD and modeled UT1; not exact UTC,09421  1960 Sep 20  22:59:56     33   -486  153   P   t-   1.2057  0.6139  72N  74W   0,0.6139,72.0,-74.0,0.0,,,,,,,
solar-09422,solar,09422,1961-02-15,1961-02-15T08:19:48,T,T,,34.0,1961-02-15T08:19:14,-481,120,-p,0.883,https://eclipse.gsfc.nasa.gov/SEcat5/SE1901-2000.html,1daf90d8b3f1763a09b45cc0d838150fc09edbef711fe1be80f2e0c0d8f6d5ff,1901-2000,catalog TD and modeled UT1; not exact UTC,09422  1961 Feb 15  08:19:48     34   -481  120   T   -p   0.8830  1.0360  47N  40E  28  258  02m45s,1.036,47.0,40.0,28.0,258.0,165,,,,,
lunar-09560,lunar,09560,1961-03-02,1961-03-02T13:28:40,P,P,,34.0,1961-03-02T13:28:06,-481,132,t-,0.554,https://eclipse.gsfc.nasa.gov/LEcat5/LE1901-2000.html,972e37819ec3f8e8b3f48fd38a06984636f6733812a1fa2557e25600d2204532,1901-2000,catalog TD and modeled UT1; not exact UTC,09560  1961 Mar 02  13:28:40     34   -481  132   P   t-   0.5540  1.8828  0.8006  347.6  192.9    -      8N  161E,,8.0,161.0,,,,1.8828,0.8006,20856.0,11574.0,
solar-09423,solar,09423,1961-08-11,1961-08-11T10:46:47,A,A,,34.0,1961-08-11T10:46:13,-475,125,-p,-0.8859,https://eclipse.gsfc.nasa.gov/SEcat5/SE1901-2000.html,1daf90d8b3f1763a09b45cc0d838150fc09edbef711fe1be80f2e0c0d8f6d5ff,1901-2000,catalog TD and modeled UT1; not exact UTC,09423  1961 Aug 11  10:46:47     34   -475  125   A   -p  -0.8859  0.9375  46S   4E  27  499  06m35s,0.9375,-46.0,4.0,27.0,499.0,395,,,,,
lunar-09561,lunar,09561,1961-08-26,1961-08-26T03:08:51,P,P,,34.0,1961-08-26T03:08:17,-475,137,a-,-0.4894,https://eclipse.gsfc.nasa.gov/LEcat5/LE1901-2000.html,972e37819ec3f8e8b3f48fd38a06984636f6733812a1fa2557e25600d2204532,1901-2000,catalog TD and modeled UT1; not exact UTC,09561  1961 Aug 26  03:08:51     34   -475  137   P   a-  -0.4894  1.9330  0.9863  301.4  186.0    -     11S   46W,,-11.0,-46.0,,,,1.933,0.9863,18084.0,11160.0,
solar-09424,solar,09424,1962-02-05,1962-02-05T00:12:38,T,T,,34.0,1962-02-05T00:12:04,-469,130,-n,0.2107,https://eclipse.gsfc.nasa.gov/SEcat5/SE1901-2000.html,1daf90d8b3f1763a09b45cc0d838150fc09edbef711fe1be80f2e0c0d8f6d5ff,1901-2000,catalog TD and modeled UT1; not exact UTC,09424  1962 Feb 05  00:12:38     34   -469  130   T   -n   0.2107  1.0430   4S 178E  78  147  04m08s,1.043,-4.0,178.0,78.0,147.0,248,,,,,
lunar-09562,lunar,09562,1962-02-19,1962-02-19T13:03:42,N,N,,34.0,1962-02-19T13:03:08,-469,142,t-,1.2511,https://eclipse.gsfc.nasa.gov/LEcat5/LE1901-2000.html,972e37819ec3f8e8b3f48fd38a06984636f6733812a1fa2557e25600d2204532,1901-2000,catalog TD and modeled UT1; not exact UTC,09562  1962 Feb 19  13:03:42     34   -469  142   N   t-   1.2511  0.6120 -0.4865  231.9    -      -     12N  168E,,12.0,168.0,,,,0.612,-0.4865,13914.0,,
lunar-09563,lunar,09563,1962-07-17,1962-07-17T11:54:49,N,N,,34.0,1962-07-17T11:54:15,-464,109,-a,1.337,https://eclipse.gsfc.nasa.gov/LEcat5/LE1901-2000.html,972e37819ec3f8e8b3f48fd38a06984636f6733812a1fa2557e25600d2204532,1901-2000,catalog TD and modeled UT1; not exact UTC,09563  1962 Jul 17  11:54:49     34   -464  109   N   -a   1.3370  0.3924 -0.5835  168.3    -      -     20S  177W,,-20.0,-177.0,,,,0.3924,-0.5835,10098.0,,
solar-09425,solar,09425,1962-07-31,1962-07-31T12:25:33,A,Am,m,34.0,1962-07-31T12:24:59,-463,135,nn,-0.113,https://eclipse.gsfc.nasa.gov/SEcat5/SE1901-2000.html,1daf90d8b3f1763a09b45cc0d838150fc09edbef711fe1be80f2e0c0d8f6d5ff,1901-2000,catalog TD and modeled UT1; not exact UTC,09425  1962 Jul 31  12:25:33     34   -463  135   Am  nn  -0.1130  0.9716  12N   6W  84  103  03m33s,0.9716,12.0,-6.0,84.0,103.0,213,,,,,
lunar-09564,lunar,09564,1962-08-15,1962-08-15T19:57:30,N,N,,34.0,1962-08-15T19:56:56,-463,147,a-,-1.221,https://eclipse.gsfc.nasa.gov/LEcat5/LE1901-2000.html,972e37819ec3f8e8b3f48fd38a06984636f6733812a1fa2557e25600d2204532,1901-2000,catalog TD and modeled UT1; not exact UTC,09564  1962 Aug 15  19:57:30     34   -463  147   N   a-  -1.2210  0.5963 -0.3616  198.2    -      -     15S   62E,,-15.0,62.0,,,,0.5963,-0.3616,11892.0,,
lunar-09565,lunar,09565,1963-01-09,1963-01-09T23:19:42,N,Nx,x,35.0,1963-01-09T23:19:07,-458,114,-a,-1.0128,https://eclipse.gsfc.nasa.gov/LEcat5/LE1901-2000.html,972e37819ec3f8e8b3f48fd38a06984636f6733812a1fa2557e25600d2204532,1901-2000,catalog TD and modeled UT1; not exact UTC,09565  1963 Jan 09  23:19:42     35   -458  114   Nx  -a  -1.0128  1.0180 -0.0185  265.3    -      -     21N   12E,,21.0,12.0,,,,1.018,-0.0185,15918.0,,
solar-09426,solar,09426,1963-01-25,1963-01-25T13:37:12,A,A,,35.0,1963-01-25T13:36:37,-457,140,n-,-0.4898,https://eclipse.gsfc.nasa.gov/SEcat5/SE1901-2000.html,1daf90d8b3f1763a09b45cc0d838150fc09edbef711fe1be80f2e0c0d8f6d5ff,1901-2000,catalog TD and modeled UT1; not exact UTC,09426  1963 Jan 25  13:37:12     35   -457  140   A   n-  -0.4898  0.9951  48S  15W  60   20  00m25s,0.9951,-48.0,-15.0,60.0,20.0,25,,,,,
lunar-09566,lunar,09566,1963-07-06,1963-07-06T22:02:59,P,P,,35.0,1963-07-06T22:02:24,-452,119,-t,0.6197,https://eclipse.gsfc.nasa.gov/LEcat5/LE1901-2000.html,972e37819ec3f8e8b3f48fd38a06984636f6733812a1fa2557e25600d2204532,1901-2000,catalog TD and modeled UT1; not exact UTC,09566  1963 Jul 06  22:02:59     35   -452  119   P   -t   0.6197  1.7360  0.7060  327.2  179.9    -     22S   31E,,-22.0,31.0,,,,1.736,0.706,19632.0,10794.0,
solar-09427,solar,09427,1963-07-20,1963-07-20T20:36:13,T,T,,35.0,1963-07-20T20:35:38,-451,145,p-,0.6571,https://eclipse.gsfc.nasa.gov/SEcat5/SE1901-2000.html,1daf90d8b3f1763a09b45cc0d838150fc09edbef711fe1be80f2e0c0d8f6d5ff,1901-2000,catalog TD and modeled UT1; not exact UTC,09427  1963 Jul 20  20:36:13     35   -451  145   T   p-   0.6571  1.0224  62N 120W  49  101  01m40s,1.0224,62.0,-120.0,49.0,101.0,100,,,,,
lunar-09567,lunar,09567,1963-12-30,1963-12-30T11:07:25,T,T,,35.0,1963-12-30T11:06:50,-446,124,-p,-0.2889,https://eclipse.gsfc.nasa.gov/LEcat5/LE1901-2000.html,972e37819ec3f8e8b3f48fd38a06984636f6733812a1fa2557e25600d2204532,1901-2000,catalog TD and modeled UT1; not exact UTC,09567  1963 Dec 30  11:07:25     35   -446  124   T   -p  -0.2889  2.3206  1.3350  320.0  204.3   78.1   23N  166W,,23.0,-166.0,,,,2.3206,1.335,19200.0,12258.0,4686.0
solar-09428,solar,09428,1964-01-14,1964-01-14T20:30:08,P,P,,35.0,1964-01-14T20:29:33,-445,150,t-,-1.2354,https://eclipse.gsfc.nasa.gov/SEcat5/SE1901-2000.html,1daf90d8b3f1763a09b45cc0d838150fc09edbef711fe1be80f2e0c0d8f6d5ff,1901-2000,catalog TD and modeled UT1; not exact UTC,09428  1964 Jan 14  20:30:08     35   -445  150   P   t-  -1.2354  0.5591  68S  43E   0,0.5591,-68.0,43.0,0.0,,,,,,,
solar-09429,solar,09429,1964-06-10,1964-06-10T04:34:07,P,P,,35.0,1964-06-10T04:33:32,-440,117,-t,-1.1393,https://eclipse.gsfc.nasa.gov/SEcat5/SE1901-2000.html,1daf90d8b3f1763a09b45cc0d838150fc09edbef711fe1be80f2e0c0d8f6d5ff,1901-2000,catalog TD and modeled UT1; not exact UTC,09429  1964 Jun 10  04:34:07     35   -440  117   P   -t  -1.1393  0.7545  65S 136E   0,0.7545,-65.0,136.0,0.0,,,,,,,
lunar-09568,lunar,09568,1964-06-25,1964-06-25T01:06:50,T,T-,-,35.0,1964-06-25T01:06:15,-440,129,pp,-0.1461,https://eclipse.gsfc.nasa.gov/LEcat5/LE1901-2000.html,972e37819ec3f8e8b3f48fd38a06984636f6733812a1fa2557e25600d2204532,1901-2000,catalog TD and modeled UT1; not exact UTC,09568  1964 Jun 25  01:06:50     35   -440  129   T-  pp  -0.1461  2.6238  1.5565  372.1  233.2  100.8   24S   16W,,-24.0,-16.0,,,,2.6238,1.5565,22326.0,13992.0,6048.0
solar-09430,solar,09430,1964-07-09,1964-07-09T11:17:53,P,P,,35.0,1964-07-09T11:17:18,-439,155,t-,1.3623,https://eclipse.gsfc.nasa.gov/SEcat5/SE1901-2000.html,1daf90d8b3f1763a09b45cc0d838150fc09edbef711fe1be80f2e0c0d8f6d5ff,1901-2000,catalog TD and modeled UT1; not exact UTC,09430  1964 Jul 09  11:17:53     35   -439  155   P   t-   1.3623  0.3221  68N 173W   0,0.3221,68.0,-173.0,0.0,,,,,,,
solar-09431,solar,09431,1964-12-04,1964-12-04T01:31:54,P,P,,36.0,1964-12-04T01:31:18,-434,122,-t,1.1193,https://eclipse.gsfc.nasa.gov/SEcat5/SE1901-2000.html,1daf90d8b3f1763a09b45cc0d838150fc09edbef711fe1be80f2e0c0d8f6d5ff,1901-2000,catalog TD and modeled UT1; not exact UTC,09431  1964 Dec 04  01:31:54     36   -434  122   P   -t   1.1193  0.7518  64N 173W   0,0.7518,64.0,-173.0,0.0,,,,,,,
lunar-09569,lunar,09569,1964-12-19,1964-12-19T02:37:54,T,T,,36.0,1964-12-19T02:37:18,-434,134,p-,0.3801,https://eclipse.gsfc.nasa.gov/LEcat5/LE1901-2000.html,972e37819ec3f8e8b3f48fd38a06984636f6733812a1fa2557e25600d2204532,1901-2000,catalog TD and modeled UT1; not exact UTC,09569  1964 Dec 19  02:37:54     36   -434  134   T   p-   0.3801  2.1461  1.1748  310.1  195.5   58.9   24N   40W,,24.0,-40.0,,,,2.1461,1.1748,18606.0,11730.0,3534.0
solar-09432,solar,09432,1965-05-30,1965-05-30T21:17:31,T,T,,36.0,1965-05-30T21:16:55,-428,127,-p,-0.4225,https://eclipse.gsfc.nasa.gov/SEcat5/SE1901-2000.html,1daf90d8b3f1763a09b45cc0d838150fc09edbef711fe1be80f2e0c0d8f6d5ff,1901-2000,catalog TD and modeled UT1; not exact UTC,09432  1965 May 30  21:17:31     36   -428  127   T   -p  -0.4225  1.0544   2S 134W  65  198  05m15s,1.0544,-2.0,-134.0,65.0,198.0,315,,,,,
lunar-09570,lunar,09570,1965-06-14,1965-06-14T01:49:26,P,P,,36.0,1965-06-14T01:48:50,-428,139,t-,-0.9005,https://eclipse.gsfc.nasa.gov/LEcat5/LE1901-2000.html,972e37819ec3f8e8b3f48fd38a06984636f6733812a1fa2557e25600d2204532,1901-2000,catalog TD and modeled UT1; not exact UTC,09570  1965 Jun 14  01:49:26     36   -428  139   P   t-  -0.9005  1.2351  0.1767  302.7  100.3    -     24S   27W,,-24.0,-27.0,,,,1.2351,0.1767,18162.0,6018.0,
solar-09433,solar,09433,1965-11-23,1965-11-23T04:14:51,A,A,,36.0,1965-11-23T04:14:15,-422,132,-n,0.3906,https://eclipse.gsfc.nasa.gov/SEcat5/SE1901-2000.html,1daf90d8b3f1763a09b45cc0d838150fc09edbef711fe1be80f2e0c0d8f6d5ff,1901-2000,catalog TD and modeled UT1; not exact UTC,09433  1965 Nov 23  04:14:51     36   -422  132   A   -n   0.3906  0.9656   2N 120E  67  134  04m02s,0.9656,2.0,120.0,67.0,134.0,242,,,,,
lunar-09571,lunar,09571,1965-12-08,1965-12-08T17:10:32,N,N,,36.0,1965-12-08T17:09:56,-422,144,a-,1.0774,https://eclipse.gsfc.nasa.gov/LEcat5/LE1901-2000.html,972e37819ec3f8e8b3f48fd38a06984636f6733812a1fa2557e25600d2204532,1901-2000,catalog TD and modeled UT1; not exact UTC,09571  1965 Dec 08  17:10:32     36   -422  144   N   a-   1.0774  0.8820 -0.1201  240.7    -      -     24N  100E,,24.0,100.0,,,,0.882,-0.1201,14442.0,,
lunar-09572,lunar,09572,1966-05-04,1966-05-04T21:12:06,N,N,,37.0,1966-05-04T21:11:29,-417,111,-a,1.0553,https://eclipse.gsfc.nasa.gov/LEcat5/LE1901-2000.html,972e37819ec3f8e8b3f48fd38a06984636f6733812a1fa2557e25600d2204532,1901-2000,catalog TD and modeled UT1; not exact UTC,09572  1966 May 04  21:12:06     37   -417  111   N   -a   1.0553  0.9157 -0.0728  246.0    -      -     15S   42E,,-15.0,42.0,,,,0.9157,-0.0728,14760.0,,
solar-09434,solar,09434,1966-05-20,1966-05-20T09:39:02,A,A,,37.0,1966-05-20T09:38:25,-416,137,n-,0.3467,https://eclipse.gsfc.nasa.gov/SEcat5/SE1901-2000.html,1daf90d8b3f1763a09b45cc0d838150fc09edbef711fe1be80f2e0c0d8f6d5ff,1901-2000,catalog TD and modeled UT1; not exact UTC,09434  1966 May 20  09:39:02     37   -416  137   A   n-   0.3467  0.9991  39N  26E  70    3  00m05s,0.9991,39.0,26.0,70.0,3.0,5,,,,,
lunar-09573,lunar,09573,1966-10-29,1966-10-29T10:12:53,N,N,,37.0,1966-10-29T10:12:16,-411,116,-t,-1.0599,https://eclipse.gsfc.nasa.gov/LEcat5/LE1901-2000.html,972e37819ec3f8e8b3f48fd38a06984636f6733812a1fa2557e25600d2204532,1901-2000,catalog TD and modeled UT1; not exact UTC,09573  1966 Oct 29  10:12:53     37   -411  116   N   -t  -1.0599  0.9517 -0.1249  273.7    -      -     12N  157W,,12.0,-157.0,,,,0.9517,-0.1249,16422.0,,
solar-09435,solar,09435,1966-11-12,1966-11-12T14:23:28,T,T,,37.0,1966-11-12T14:22:51,-410,142,n-,-0.33,https://eclipse.gsfc.nasa.gov/SEcat5/SE1901-2000.html,1daf90d8b3f1763a09b45cc0d838150fc09edbef711fe1be80f2e0c0d8f6d5ff,1901-2000,catalog TD and modeled UT1; not exact UTC,09435  1966 Nov 12  14:23:28     37   -410  142   T   n-  -0.3300  1.0234  36S  48W  71   84  01m57s,1.0234,-36.0,-48.0,71.0,84.0,117,,,,,
lunar-09574,lunar,09574,1967-04-24,1967-04-24T12:07:04,T,T,,38.0,1967-04-24T12:06:26,-405,121,-p,0.2972,https://eclipse.gsfc.nasa.gov/LEcat5/LE1901-2000.html,972e37819ec3f8e8b3f48fd38a06984636f6733812a1fa2557e25600d2204532,1901-2000,catalog TD and modeled UT1; not exact UTC,09574  1967 Apr 24  12:07:04     38   -405  121   T   -p   0.2972  2.2892  1.3356  313.3  202.8   77.9   12S  178E,,-12.0,178.0,,,,2.2892,1.3356,18798.0,12168.0,4674.0
solar-09436,solar,09436,1967-05-09,1967-05-09T14:42:48,P,P,,38.0,1967-05-09T14:42:10,-404,147,t-,1.1422,https://eclipse.gsfc.nasa.gov/SEcat5/SE1901-2000.html,1daf90d8b3f1763a09b45cc0d838150fc09edbef711fe1be80f2e0c0d8f6d5ff,1901-2000,catalog TD and modeled UT1; not exact UTC,09436  1967 May 09  14:42:48     38   -404  147   P   t-   1.1422  0.7201  63N 168W   0,0.7201,63.0,-168.0,0.0,,,,,,,
lunar-09575,lunar,09575,1967-10-18,1967-10-18T10:15:48,T,T,,38.0,1967-10-18T10:15:10,-399,126,-t,-0.3653,https://eclipse.gsfc.nasa.gov/LEcat5/LE1901-2000.html,972e37819ec3f8e8b3f48fd38a06984636f6733812a1fa2557e25600d2204532,1901-2000,catalog TD and modeled UT1; not exact UTC,09575  1967 Oct 18  10:15:48     38   -399  126   T   -t  -0.3653  2.2337  1.1426  367.1  218.9   59.8    9N  157W,,9.0,-157.0,,,,2.2337,1.1426,22026.0,13134.0,3588.0
solar-09437,solar,09437,1967-11-02,1967-11-02T05:38:56,T,T-,-,38.0,1967-11-02T05:38:18,-398,152,t-,-1.0007,https://eclipse.gsfc.nasa.gov/SEcat5/SE1901-2000.html,1daf90d8b3f1763a09b45cc0d838150fc09edbef711fe1be80f2e0c0d8f6d5ff,1901-2000,catalog TD and modeled UT1; not exact UTC,09437  1967 Nov 02  05:38:56     38   -398  152   T-  t-  -1.0007  1.0126  62S  28W   0,1.0126,-62.0,-28.0,0.0,,,,,,,
solar-09438,solar,09438,1968-03-28,1968-03-28T23:00:30,P,P,,38.0,1968-03-28T22:59:52,-393,119,-t,-1.037,https://eclipse.gsfc.nasa.gov/SEcat5/SE1901-2000.html,1daf90d8b3f1763a09b45cc0d838150fc09edbef711fe1be80f2e0c0d8f6d5ff,1901-2000,catalog TD and modeled UT1; not exact UTC,09438  1968 Mar 28  23:00:30     38   -393  119   P   -t  -1.0370  0.8990  61S  80W   0,0.899,-61.0,-80.0,0.0,,,,,,,
lunar-09576,lunar,09576,1968-04-13,1968-04-13T04:48:01,T,T,,39.0,1968-04-13T04:47:22,-393,131,p-,-0.4173,https://eclipse.gsfc.nasa.gov/LEcat5/LE1901-2000.html,972e37819ec3f8e8b3f48fd38a06984636f6733812a1fa2557e25600d2204532,1901-2000,catalog TD and modeled UT1; not exact UTC,09576  1968 Apr 13  04:48:01     39   -393  131   T   p-  -0.4173  2.0725  1.1116  309.5  194.1   48.5    9S   72W,,-9.0,-72.0,,,,2.0725,1.1116,18570.0,11646.0,2910.0
solar-09439,solar,09439,1968-09-22,1968-09-22T11:18:46,T,T,,39.0,1968-09-22T11:18:07,-387,124,-t,0.9451,https://eclipse.gsfc.nasa.gov/SEcat5/SE1901-2000.html,1daf90d8b3f1763a09b45cc0d838150fc09edbef711fe1be80f2e0c0d8f6d5ff,1901-2000,catalog TD and modeled UT1; not exact UTC,09439  1968 Sep 22  11:18:46     39   -387  124   T   -t   0.9451  1.0099  56N  64E  19  104  00m40s,1.0099,56.0,64.0,19.0,104.0,40,,,,,
lunar-09577,lunar,09577,1968-10-06,1968-10-06T11:42:35,T,T,,39.0,1968-10-06T11:41:56,-387,136,t-,0.3605,https://eclipse.gsfc.nasa.gov/LEcat5/LE1901-2000.html,972e37819ec3f8e8b3f48fd38a06984636f6733812a1fa2557e25600d2204532,1901-2000,catalog TD and modeled UT1; not exact UTC,09577  1968 Oct 06  11:42:35     39   -387  136   T   t-   0.3605  2.2242  1.1691  352.0  213.9   63.0    6N  179W,,6.0,-179.0,,,,2.2242,1.1691,21120.0,12834.0,3780.0
solar-09440,solar,09440,1969-03-18,1969-03-18T04:54:57,A,A,,39.0,1969-03-18T04:54:18,-381,129,-n,-0.2704,https://eclipse.gsfc.nasa.gov/SEcat5/SE1901-2000.html,1daf90d8b3f1763a09b45cc0d838150fc09edbef711fe1be80f2e0c0d8f6d5ff,1901-2000,catalog TD and modeled UT1; not exact UTC,09440  1969 Mar 18  04:54:57     39   -381  129   A   -n  -0.2704  0.9954  15S 116E  74   16  00m26s,0.9954,-15.0,116.0,74.0,16.0,26,,,,,
lunar-09578,lunar,09578,1969-04-02,1969-04-02T18:33:06,N,N,,39.0,1969-04-02T18:32:27,-381,141,a-,-1.1764,https://eclipse.gsfc.nasa.gov/LEcat5/LE1901-2000.html,972e37819ec3f8e8b3f48fd38a06984636f6733812a1fa2557e25600d2204532,1901-2000,catalog TD and modeled UT1; not exact UTC,09578  1969 Apr 02  18:33:06     39   -381  141   N   a-  -1.1764  0.7033 -0.3047  223.7    -      -      6S   82E,,-6.0,82.0,,,,0.7033,-0.3047,13422.0,,
lunar-09579,lunar,09579,1969-08-27,1969-08-27T10:48:15,N,Ne,e,40.0,1969-08-27T10:47:35,-376,108,-a,-1.5407,https://eclipse.gsfc.nasa.gov/LEcat5/LE1901-2000.html,972e37819ec3f8e8b3f48fd38a06984636f6733812a1fa2557e25600d2204532,1901-2000,catalog TD and modeled UT1; not exact UTC,09579  1969 Aug 27  10:48:15     40   -376  108   Ne  -a  -1.5407  0.0131 -0.9516   31.3    -      -     11S  161W,,-11.0,-161.0,,,,0.0131,-0.9516,1878.0,,
solar-09441,solar,09441,1969-09-11,1969-09-11T19:58:59,A,A,,40.0,1969-09-11T19:58:19,-375,134,nn,0.2201,https://eclipse.gsfc.nasa.gov/SEcat5/SE1901-2000.html,1daf90d8b3f1763a09b45cc0d838150fc09edbef711fe1be80f2e0c0d8f6d5ff,1901-2000,catalog TD and modeled UT1; not exact UTC,09441  1969 Sep 11  19:58:59     40   -375  134   A   nn   0.2201  0.9690  16N 114W  77  114  03m11s,0.969,16.0,-114.0,77.0,114.0,191,,,,,
lunar-09580,lunar,09580,1969-09-25,1969-09-25T20:10:19,N,N,,40.0,1969-09-25T20:09:39,-375,146,a-,1.0655,https://eclipse.gsfc.nasa.gov/LEcat5/LE1901-2000.html,972e37819ec3f8e8b3f48fd38a06984636f6733812a1fa2557e25600d2204532,1901-2000,catalog TD and modeled UT1; not exact UTC,09580  1969 Sep 25  20:10:19     40   -375  146   N   a-   1.0655  0.9007 -0.0953  245.1    -      -      2N   55E,,2.0,55.0,,,,0.9007,-0.0953,14706.0,,
lunar-09581,lunar,09581,1970-02-21,1970-02-21T08:30:43,P,P,,40.0,1970-02-21T08:30:03,-370,113,-t,0.9619,https://eclipse.gsfc.nasa.gov/LEcat5/LE1901-2000.html,972e37819ec3f8e8b3f48fd38a06984636f6733812a1fa2557e25600d2204532,1901-2000,catalog TD and modeled UT1; not exact UTC,09581  1970 Feb 21  08:30:43     40   -370  113   P   -t   0.9619  1.1402  0.0463  298.5   52.7    -     11N  124W,,11.0,-124.0,,,,1.1402,0.0463,17910.0,3162.0,
solar-09442,solar,09442,1970-03-07,1970-03-07T17:38:30,T,T,,40.0,1970-03-07T17:37:50,-369,139,p-,0.4473,https://eclipse.gsfc.nasa.gov/SEcat5/SE1901-2000.html,1daf90d8b3f1763a09b45cc0d838150fc09edbef711fe1be80f2e0c0d8f6d5ff,1901-2000,catalog TD and modeled UT1; not exact UTC,09442  1970 Mar 07  17:38:30     40   -369  139   T   p-   0.4473  1.0414  18N  95W  63  153  03m28s,1.0414,18.0,-95.0,63.0,153.0,208,,,,,
lunar-09582,lunar,09582,1970-08-17,1970-08-17T03:24:06,P,P,,41.0,1970-08-17T03:23:25,-364,118,-a,-0.8053,https://eclipse.gsfc.nasa.gov/LEcat5/LE1901-2000.html,972e37819ec3f8e8b3f48fd38a06984636f6733812a1fa2557e25600d2204532,1901-2000,catalog TD and modeled UT1; not exact UTC,09582  1970 Aug 17  03:24:06     41   -364  118   P   -a  -0.8053  1.3521  0.4079  270.6  131.3    -     14S   49W,,-14.0,-49.0,,,,1.3521,0.4079,16236.000000000002,7878.000000000001,
solar-09443,solar,09443,1970-08-31,1970-08-31T21:55:30,A,A,,41.0,1970-08-31T21:54:49,-363,144,p-,-0.5364,https://eclipse.gsfc.nasa.gov/SEcat5/SE1901-2000.html,1daf90d8b3f1763a09b45cc0d838150fc09edbef711fe1be80f2e0c0d8f6d5ff,1901-2000,catalog TD and modeled UT1; not exact UTC,09443  1970 Aug 31  21:55:30     41   -363  144   A   p-  -0.5364  0.9400  20S 164W  57  258  06m47s,0.94,-20.0,-164.0,57.0,258.0,407,,,,,
lunar-09583,lunar,09583,1971-02-10,1971-02-10T07:45:21,T,T,,41.0,1971-02-10T07:44:40,-358,123,-p,0.2741,https://eclipse.gsfc.nasa.gov/LEcat5/LE1901-2000.html,972e37819ec3f8e8b3f48fd38a06984636f6733812a1fa2557e25600d2204532,1901-2000,catalog TD and modeled UT1; not exact UTC,09583  1971 Feb 10  07:45:21     41   -358  123   T   -p   0.2741  2.4026  1.3082  369.5  224.7   82.2   15N  112W,,15.0,-112.0,,,,2.4026,1.3082,22170.0,13482.0,4932.0
solar-09444,solar,09444,1971-02-25,1971-02-25T09:38:07,P,P,,41.0,1971-02-25T09:37:26,-357,149,t-,1.1188,https://eclipse.gsfc.nasa.gov/SEcat5/SE1901-2000.html,1daf90d8b3f1763a09b45cc0d838150fc09edbef711fe1be80f2e0c0d8f6d5ff,1901-2000,catalog TD and modeled UT1; not exact UTC,09444  1971 Feb 25  09:38:07     41   -357  149   P   t-   1.1188  0.7872  61N  34W   0,0.7872,61.0,-34.0,0.0,,,,,,,
solar-09445,solar,09445,1971-07-22,1971-07-22T09:31:55,P,Pe,e,42.0,1971-07-22T09:31:13,-352,116,-t,1.513,https://eclipse.gsfc.nasa.gov/SEcat5/SE1901-2000.html,1daf90d8b3f1763a09b45cc0d838150fc09edbef711fe1be80f2e0c0d8f6d5ff,1901-2000,catalog TD and modeled UT1; not exact UTC,09445  1971 Jul 22  09:31:55     42   -352  116   Pe  -t   1.5130  0.0689  64N 177E   0,0.0689,64.0,177.0,0.0,,,,,,,
lunar-09584,lunar,09584,1971-08-06,1971-08-06T19:43:52,T,T-,-,42.0,1971-08-06T19:43:10,-352,128,pp,-0.0794,https://eclipse.gsfc.nasa.gov/LEcat5/LE1901-2000.html,972e37819ec3f8e8b3f48fd38a06984636f6733812a1fa2557e25600d2204532,1901-2000,catalog TD and modeled UT1; not exact UTC,09584  1971 Aug 06  19:43:52     42   -352  128   T-  pp  -0.0794  2.6958  1.7283  327.3  215.5   99.4   17S   66E,,-17.0,66.0,,,,2.6958,1.7283,19638.0,12930.0,5964.0
solar-09446,solar,09446,1971-08-20,1971-08-20T22:39:31,P,P,,42.0,1971-08-20T22:38:49,-351,154,t-,-1.2659,https://eclipse.gsfc.nasa.gov/SEcat5/SE1901-2000.html,1daf90d8b3f1763a09b45cc0d838150fc09edbef711fe1be80f2e0c0d8f6d5ff,1901-2000,catalog TD and modeled UT1; not exact UTC,09446  1971 Aug 20  22:39:31     42   -351  154   P   t-  -1.2659  0.5080  62S 135E   0,0.508,-62.0,135.0,0.0,,,,,,,
solar-09447,solar,09447,1972-01-16,1972-01-16T11:03:22,A,A,,42.0,1972-01-16T11:02:40,-346,121,-t,-0.9365,https://eclipse.gsfc.nasa.gov/SEcat5/SE1901-2000.html,1daf90d8b3f1763a09b45cc0d838150fc09edbef711fe1be80f2e0c0d8f6d5ff,1901-2000,catalog TD and modeled UT1; not exact UTC,09447  1972 Jan 16  11:03:22     42   -346  121   A   -t  -0.9365  0.9692  75S 108E  20  321  01m53s,0.9692,-75.0,108.0,20.0,321.0,113,,,,,
lunar-09585,lunar,09585,1972-01-30,1972-01-30T10:54:05,T,T,,42.0,1972-01-30T10:53:23,-346,133,a-,-0.4273,https://eclipse.gsfc.nasa.gov/LEcat5/LE1901-2000.html,972e37819ec3f8e8b3f48fd38a06984636f6733812a1fa2557e25600d2204532,1901-2000,catalog TD and modeled UT1; not exact UTC,09585  1972 Jan 30  10:54:05     42   -346  133   T   a-  -0.4273  2.0987  1.0497  340.3  203.4   34.8   17N  160W,,17.0,-160.0,,,,2.0987,1.0497,20418.0,12204.0,2088.0
solar-09448,solar,09448,1972-07-10,1972-07-10T19:46:38,T,T,,43.0,1972-07-10T19:45:55,-340,126,-p,0.6872,https://eclipse.gsfc.nasa.gov/SEcat5/SE1901-2000.html,1daf90d8b3f1763a09b45cc0d838150fc09edbef711fe1be80f2e0c0d8f6d5ff,1901-2000,catalog TD and modeled UT1; not exact UTC,09448  1972 Jul 10  19:46:38     43   -340  126   T   -p   0.6872  1.0379  64N  94W  46  175  02m36s,1.0379,64.0,-94.0,46.0,175.0,156,,,,,
lunar-09586,lunar,09586,1972-07-26,1972-07-26T07:16:22,P,P,,43.0,1972-07-26T07:15:39,-340,138,t-,0.7116,https://eclipse.gsfc.nasa.gov/LEcat5/LE1901-2000.html,972e37819ec3f8e8b3f48fd38a06984636f6733812a1fa2557e25600d2204532,1901-2000,catalog TD and modeled UT1; not exact UTC,09586  1972 Jul 26  07:16:22     43   -340  138   P   t-   0.7116  1.5618  0.5427  312.4  160.1    -     19S  108W,,-19.0,-108.0,,,,1.5618,0.5427,18744.0,9606.0,
solar-09449,solar,09449,1973-01-04,1973-01-04T15:46:21,A,A,,43.0,1973-01-04T15:45:38,-334,131,-n,-0.2644,https://eclipse.gsfc.nasa.gov/SEcat5/SE1901-2000.html,1daf90d8b3f1763a09b45cc0d838150fc09edbef711fe1be80f2e0c0d8f6d5ff,1901-2000,catalog TD and modeled UT1; not exact UTC,09449  1973 Jan 04  15:46:21     43   -334  131   A   -n  -0.2644  0.9303  38S  51W  74  271  07m49s,0.9303,-38.0,-51.0,74.0,271.0,469,,,,,
lunar-09587,lunar,09587,1973-01-18,1973-01-18T21:17:58,N,N,,43.0,1973-01-18T21:17:15,-334,143,a-,-1.0844,https://eclipse.gsfc.nasa.gov/LEcat5/LE1901-2000.html,972e37819ec3f8e8b3f48fd38a06984636f6733812a1fa2557e25600d2204532,1901-2000,catalog TD and modeled UT1; not exact UTC,09587  1973 Jan 18  21:17:58     43   -334  143   N   a-  -1.0844  0.8655 -0.1293  236.5    -      -     19N   43E,,19.0,43.0,,,,0.8655,-0.1293,14190.0,,
lunar-09588,lunar,09588,1973-06-15,1973-06-15T20:50:41,N,N,,44.0,1973-06-15T20:49:57,-329,110,-t,-1.3216,https://eclipse.gsfc.nasa.gov/LEcat5/LE1901-2000.html,972e37819ec3f8e8b3f48fd38a06984636f6733812a1fa2557e25600d2204532,1901-2000,catalog TD and modeled UT1; not exact UTC,09588  1973 Jun 15  20:50:41     44   -329  110   N   -t  -1.3216  0.4685 -0.6020  204.6    -      -     25S   48E,,-25.0,48.0,,,,0.4685,-0.602,12276.0,,
solar-09450,solar,09450,1973-06-30,1973-06-30T11:38:41,T,T,,44.0,1973-06-30T11:37:57,-328,136,nn,-0.0785,https://eclipse.gsfc.nasa.gov/SEcat5/SE1901-2000.html,1daf90d8b3f1763a09b45cc0d838150fc09edbef711fe1be80f2e0c0d8f6d5ff,1901-2000,catalog TD and modeled UT1; not exact UTC,09450  1973 Jun 30  11:38:41     44   -328  136   T   nn  -0.0785  1.0792  19N   6E  86  256  07m04s,1.0792,19.0,6.0,86.0,256.0,424,,,,,
lunar-09589,lunar,09589,1973-07-15,1973-07-15T11:39:19,N,Nb,b,44.0,1973-07-15T11:38:35,-328,148,t-,1.5177,https://eclipse.gsfc.nasa.gov/LEcat5/LE1901-2000.html,972e37819ec3f8e8b3f48fd38a06984636f6733812a1fa2557e25600d2204532,1901-2000,catalog TD and modeled UT1; not exact UTC,09589  1973 Jul 15  11:39:19     44   -328  148   Nb  t-   1.5177  0.1046 -0.9581   99.1    -      -     20S  174W,,-20.0,-174.0,,,,0.1046,-0.9581,5946.0,,
lunar-09590,lunar,09590,1973-12-10,1973-12-10T01:45:06,P,P,,44.0,1973-12-10T01:44:22,-323,115,-a,0.9644,https://eclipse.gsfc.nasa.gov/LEcat5/LE1901-2000.html,972e37819ec3f8e8b3f48fd38a06984636f6733812a1fa2557e25600d2204532,1901-2000,catalog TD and modeled UT1; not exact UTC,09590  1973 Dec 10  01:45:06     44   -323  115   P   -a   0.9644  1.0760  0.1007  252.0   68.5    -     24N   28W,,24.0,-28.0,,,,1.076,0.1007,15120.0,4110.0,
solar-09451,solar,09451,1973-12-24,1973-12-24T15:02:44,A,A,,44.0,1973-12-24T15:02:00,-322,141,p-,0.4171,https://eclipse.gsfc.nasa.gov/SEcat5/SE1901-2000.html,1daf90d8b3f1763a09b45cc0d838150fc09edbef711fe1be80f2e0c0d8f6d5ff,1901-2000,catalog TD and modeled UT1; not exact UTC,09451  1973 Dec 24  15:02:44     44   -322  141   A   p-   0.4171  0.9174   1N  48W  65  345  12m02s,0.9174,1.0,-48.0,65.0,345.0,722,,,,,
lunar-09591,lunar,09591,1974-06-04,1974-06-04T22:16:44,P,P,,45.0,1974-06-04T22:15:59,-317,120,-t,-0.5488,https://eclipse.gsfc.nasa.gov/LEcat5/LE1901-2000.html,972e37819ec3f8e8b3f48fd38a06984636f6733812a1fa2557e25600d2204532,1901-2000,catalog TD and modeled UT1; not exact UTC,09591  1974 Jun 04  22:16:44     45   -317  120   P   -t  -0.5488  1.8752  0.8269  341.0  193.6    -     23S   26E,,-23.0,26.0,,,,1.8752,0.8269,20460.0,11616.0,
solar-09452,solar,09452,1974-06-20,1974-06-20T04:48:04,T,T,,45.0,1974-06-20T04:47:19,-316,146,p-,-0.8239,https://eclipse.gsfc.nasa.gov/SEcat5/SE1901-2000.html,1daf90d8b3f1763a09b45cc0d838150fc09edbef711fe1be80f2e0c0d8f6d5ff,1901-2000,catalog TD and modeled UT1; not exact UTC,09452  1974 Jun 20  04:48:04     45   -316  146   T   p-  -0.8239  1.0592  32S 104E  34  344  05m09s,1.0592,-32.0,104.0,34.0,344.0,309,,,,,
lunar-09592,lunar,09592,1974-11-29,1974-11-29T15:14:07,T,T,,45.0,1974-11-29T15:13:22,-311,125,-p,0.3054,https://eclipse.gsfc.nasa.gov/LEcat5/LE1901-2000.html,972e37819ec3f8e8b3f48fd38a06984636f6733812a1fa2557e25600d2204532,1901-2000,catalog TD and modeled UT1; not exact UTC,09592  1974 Nov 29  15:14:07     45   -311  125   T   -p   0.3054  2.3057  1.2896  333.1  208.9   75.7   22N  129E,,22.0,129.0,,,,2.3057,1.2896,19986.0,12534.0,4542.0
solar-09453,solar,09453,1974-12-13,1974-12-13T16:13:13,P,P,,45.0,1974-12-13T16:12:28,-310,151,t-,1.0797,https://eclipse.gsfc.nasa.gov/SEcat5/SE1901-2000.html,1daf90d8b3f1763a09b45cc0d838150fc09edbef711fe1be80f2e0c0d8f6d5ff,1901-2000,catalog TD and modeled UT1; not exact UTC,09453  1974 Dec 13  16:13:13     45   -310  151   P   t-   1.0797  0.8266  67N  69W   0,0.8266,67.0,-69.0,0.0,,,,,,,
solar-09454,solar,09454,1975-05-11,1975-05-11T07:17:33,P,P,,46.0,1975-05-11T07:16:47,-305,118,-t,1.0647,https://eclipse.gsfc.nasa.gov/SEcat5/SE1901-2000.html,1daf90d8b3f1763a09b45cc0d838150fc09edbef711fe1be80f2e0c0d8f6d5ff,1901-2000,catalog TD and modeled UT1; not exact UTC,09454  1975 May 11  07:17:33     46   -305  118   P   -t   1.0647  0.8636  70N  80W   0,0.8636,70.0,-80.0,0.0,,,,,,,
lunar-09593,lunar,09593,1975-05-25,1975-05-25T05:48:47,T,T+,+,46.0,1975-05-25T05:48:01,-305,130,p-,0.2367,https://eclipse.gsfc.nasa.gov/LEcat5/LE1901-2000.html,972e37819ec3f8e8b3f48fd38a06984636f6733812a1fa2557e25600d2204532,1901-2000,catalog TD and modeled UT1; not exact UTC,09593  1975 May 25  05:48:47     46   -305  130   T+  p-   0.2367  2.4218  1.4253  335.9  215.2   88.3   21S   88W,,-21.0,-88.0,,,,2.4218,1.4253,20154.0,12912.0,5298.0
solar-09455,solar,09455,1975-11-03,1975-11-03T13:15:54,P,P,,46.0,1975-11-03T13:15:08,-299,123,-t,-1.0248,https://eclipse.gsfc.nasa.gov/SEcat5/SE1901-2000.html,1daf90d8b3f1763a09b45cc0d838150fc09edbef711fe1be80f2e0c0d8f6d5ff,1901-2000,catalog TD and modeled UT1; not exact UTC,09455  1975 Nov 03  13:15:54     46   -299  123   P   -t  -1.0248  0.9588  70S 162W   0,0.9588,-70.0,-162.0,0.0,,,,,,,
lunar-09594,lunar,09594,1975-11-18,1975-11-18T22:24:12,T,T,,46.0,1975-11-18T22:23:26,-299,135,p-,-0.4134,https://eclipse.gsfc.nasa.gov/LEcat5/LE1901-2000.html,972e37819ec3f8e8b3f48fd38a06984636f6733812a1fa2557e25600d2204532,1901-2000,catalog TD and modeled UT1; not exact UTC,09594  1975 Nov 18  22:24:12     46   -299  135   T   p-  -0.4134  2.1352  1.0642  352.1  209.0   40.2   19N   20E,,19.0,20.0,,,,2.1352,1.0642,21126.0,12540.0,2412.0
solar-09456,solar,09456,1976-04-29,1976-04-29T10:24:18,A,A,,47.0,1976-04-29T10:23:31,-293,128,-p,0.3378,https://eclipse.gsfc.nasa.gov/SEcat5/SE1901-2000.html,1daf90d8b3f1763a09b45cc0d838150fc09edbef711fe1be80f2e0c0d8f6d5ff,1901-2000,catalog TD and modeled UT1; not exact UTC,09456  1976 Apr 29  10:24:18     47   -293  128   A   -p   0.3378  0.9421  34N  18E  70  227  06m41s,0.9421,34.0,18.0,70.0,227.0,401,,,,,
lunar-09595,lunar,09595,1976-05-13,1976-05-13T19:55:08,P,P,,47.0,1976-05-13T19:54:21,-293,140,a-,0.9585,https://eclipse.gsfc.nasa.gov/LEcat5/LE1901-2000.html,972e37819ec3f8e8b3f48fd38a06984636f6733812a1fa2557e25600d2204532,1901-2000,catalog TD and modeled UT1; not exact UTC,09595  1976 May 13  19:55:08     47   -293  140   P   a-   0.9585  1.0761  0.1217  251.8   75.4    -     18S   61E,,-18.0,61.0,,,,1.0761,0.1217,15108.0,4524.0,
solar-09457,solar,09457,1976-10-23,1976-10-23T05:13:45,T,T,,47.0,1976-10-23T05:12:58,-287,133,-n,-0.327,https://eclipse.gsfc.nasa.gov/SEcat5/SE1901-2000.html,1daf90d8b3f1763a09b45cc0d838150fc09edbef711fe1be80f2e0c0d8f6d5ff,1901-2000,catalog TD and modeled UT1; not exact UTC,09457  1976 Oct 23  05:13:45     47   -287  133   T   -n  -0.3270  1.0572  30S  92E  71  199  04m46s,1.0572,-30.0,92.0,71.0,199.0,286,,,,,
lunar-09596,lunar,09596,1976-11-06,1976-11-06T23:01:59,N,N,,47.0,1976-11-06T23:01:12,-287,145,t-,-1.1275,https://eclipse.gsfc.nasa.gov/LEcat5/LE1901-2000.html,972e37819ec3f8e8b3f48fd38a06984636f6733812a1fa2557e25600d2204532,1901-2000,catalog TD and modeled UT1; not exact UTC,09596  1976 Nov 06  23:01:59     47   -287  145   N   t-  -1.1275  0.8383 -0.2594  265.8    -      -     15N   11E,,15.0,11.0,,,,0.8383,-0.2594,15948.0,,
lunar-09597,lunar,09597,1977-04-04,1977-04-04T04:19:04,P,P,,48.0,1977-04-04T04:18:16,-282,112,-a,-0.9148,https://eclipse.gsfc.nasa.gov/LEcat5/LE1901-2000.html,972e37819ec3f8e8b3f48fd38a06984636f6733812a1fa2557e25600d2204532,1901-2000,catalog TD and modeled UT1; not exact UTC,09597  1977 Apr 04  04:19:04     48   -282  112   P   -a  -0.9148  1.1657  0.1928  262.9   94.7    -      7S   64W,,-7.0,-64.0,,,,1.1657,0.1928,15773.999999999998,5682.0,
solar-09458,solar,09458,1977-04-18,1977-04-18T10:31:30,A,A,,48.0,1977-04-18T10:30:42,-281,138,p-,-0.399,https://eclipse.gsfc.nasa.gov/SEcat5/SE1901-2000.html,1daf90d8b3f1763a09b45cc0d838150fc09edbef711fe1be80f2e0c0d8f6d5ff,1901-2000,catalog TD and modeled UT1; not exact UTC,09458  1977 Apr 18  10:31:30     48   -281  138   A   p-  -0.3990  0.9449  12S  28E  66  220  07m04s,0.9449,-12.0,28.0,66.0,220.0,424,,,,,
lunar-09598,lunar,09598,1977-09-27,1977-09-27T08:30:08,N,N,,48.0,1977-09-27T08:29:20,-276,117,-t,1.0768,https://eclipse.gsfc.nasa.gov/LEcat5/LE1901-2000.html,972e37819ec3f8e8b3f48fd38a06984636f6733812a1fa2557e25600d2204532,1901-2000,catalog TD and modeled UT1; not exact UTC,09598  1977 Sep 27  08:30:08     48   -276  117   N   -t   1.0768  0.9007 -0.1361  257.5    -      -      3N  130W,,3.0,-130.0,,,,0.9007,-0.1361,15450.0,,
solar-09459,solar,09459,1977-10-12,1977-10-12T20:27:27,T,T,,48.0,1977-10-12T20:26:39,-275,143,n-,0.3836,https://eclipse.gsfc.nasa.gov/SEcat5/SE1901-2000.html,1daf90d8b3f1763a09b45cc0d838150fc09edbef711fe1be80f2e0c0d8f6d5ff,1901-2000,catalog TD and modeled UT1; not exact UTC,09459  1977 Oct 12  20:27:27     48   -275  143   T   n-   0.3836  1.0269  14N 124W  67   99  02m37s,1.0269,14.0,-124.0,67.0,99.0,157,,,,,
lunar-09599,lunar,09599,1978-03-24,1978-03-24T16:23:11,T,T-,-,49.0,1978-03-24T16:22:22,-270,122,-p,-0.214,https://eclipse.gsfc.nasa.gov/LEcat5/LE1901-2000.html,972e37819ec3f8e8b3f48fd38a06984636f6733812a1fa2557e25600d2204532,1901-2000,catalog TD and modeled UT1; not exact UTC,09599  1978 Mar 24  16:23:11     49   -270  122   T-  -p  -0.2140  2.4790  1.4518  344.9  218.5   90.7    2S  116E,,-2.0,116.0,,,,2.479,1.4518,20694.0,13110.0,5442.0
solar-09460,solar,09460,1978-04-07,1978-04-07T15:03:47,P,P,,49.0,1978-04-07T15:02:58,-269,148,t-,-1.1081,https://eclipse.gsfc.nasa.gov/SEcat5/SE1901-2000.html,1daf90d8b3f1763a09b45cc0d838150fc09edbef711fe1be80f2e0c0d8f6d5ff,1901-2000,catalog TD and modeled UT1; not exact UTC,09460  1978 Apr 07  15:03:47     49   -269  148   P   t-  -1.1081  0.7883  72S  23E   0,0.7883,-72.0,23.0,0.0,,,,,,,
lunar-09600,lunar,09600,1978-09-16,1978-09-16T19:05:01,T,T,,49.0,1978-09-16T19:04:12,-264,127,-p,0.2951,https://eclipse.gsfc.nasa.gov/LEcat5/LE1901-2000.html,972e37819ec3f8e8b3f48fd38a06984636f6733812a1fa2557e25600d2204532,1901-2000,catalog TD and modeled UT1; not exact UTC,09600  1978 Sep 16  19:05:01     49   -264  127   T   -p   0.2951  2.3060  1.3268  323.8  207.2   78.6    2S   73E,,-2.0,73.0,,,,2.306,1.3268,19428.0,12432.0,4716.0
solar-09461,solar,09461,1978-10-02,1978-10-02T06:28:43,P,P,,49.0,1978-10-02T06:27:54,-263,153,t-,1.1616,https://eclipse.gsfc.nasa.gov/SEcat5/SE1901-2000.html,1daf90d8b3f1763a09b45cc0d838150fc09edbef711fe1be80f2e0c0d8f6d5ff,1901-2000,catalog TD and modeled UT1; not exact UTC,09461  1978 Oct 02  06:28:43     49   -263  153   P   t-   1.1616  0.6905  72N 160E   0,0.6905,72.0,160.0,0.0,,,,,,,
solar-09462,solar,09462,1979-02-26,1979-02-26T16:55:06,T,T,,50.0,1979-02-26T16:54:16,-258,120,-p,0.8981,https://eclipse.gsfc.nasa.gov/SEcat5/SE1901-2000.html,1daf90d8b3f1763a09b45cc0d838150fc09edbef711fe1be80f2e0c0d8f6d5ff,1901-2000,catalog TD and modeled UT1; not exact UTC,09462  1979 Feb 26  16:55:06     50   -258  120   T   -p   0.8981  1.0391  52N  94W  26  298  02m49s,1.0391,52.0,-94.0,26.0,298.0,169,,,,,
lunar-09601,lunar,09601,1979-03-13,1979-03-13T21:08:52,P,P,,50.0,1979-03-13T21:08:02,-258,132,t-,0.5253,https://eclipse.gsfc.nasa.gov/LEcat5/LE1901-2000.html,972e37819ec3f8e8b3f48fd38a06984636f6733812a1fa2557e25600d2204532,1901-2000,catalog TD and modeled UT1; not exact UTC,09601  1979 Mar 13  21:08:52     50   -258  132   P   t-   0.5253  1.9350  0.8538  350.6  197.7    -      3N   46E,,3.0,46.0,,,,1.935,0.8538,21036.0,11862.0,
solar-09463,solar,09463,1979-08-22,1979-08-22T17:22:38,A,A,,50.0,1979-08-22T17:21:48,-252,125,-t,-0.9632,https://eclipse.gsfc.nasa.gov/SEcat5/SE1901-2000.html,1daf90d8b3f1763a09b45cc0d838150fc09edbef711fe1be80f2e0c0d8f6d5ff,1901-2000,catalog TD and modeled UT1; not exact UTC,09463  1979 Aug 22  17:22:38     50   -252  125   A   -t  -0.9632  0.9329  60S 109W  15  953  06m03s,0.9329,-60.0,-109.0,15.0,953.0,363,,,,,
lunar-09602,lunar,09602,1979-09-06,1979-09-06T10:55:02,T,T,,50.0,1979-09-06T10:54:12,-252,137,a-,-0.4305,https://eclipse.gsfc.nasa.gov/LEcat5/LE1901-2000.html,972e37819ec3f8e8b3f48fd38a06984636f6733812a1fa2557e25600d2204532,1901-2000,catalog TD and modeled UT1; not exact UTC,09602  1979 Sep 06  10:55:02     50   -252  137   T   a-  -0.4305  2.0421  1.0936  305.1  191.9   44.4    7S  164W,,-7.0,-164.0,,,,2.0421,1.0936,18306.0,11514.0,2664.0
solar-09464,solar,09464,1980-02-16,1980-02-16T08:54:01,T,T,,51.0,1980-02-16T08:53:10,-246,130,-n,0.2224,https://eclipse.gsfc.nasa.gov/SEcat5/SE1901-2000.html,1daf90d8b3f1763a09b45cc0d838150fc09edbef711fe1be80f2e0c0d8f6d5ff,1901-2000,catalog TD and modeled UT1; not exact UTC,09464  1980 Feb 16  08:54:01     51   -246  130   T   -n   0.2224  1.0434   0S  47E  77  149  04m08s,1.0434,-0.0,47.0,77.0,149.0,248,,,,,
lunar-09603,lunar,09603,1980-03-01,1980-03-01T20:46:03,N,N,,51.0,1980-03-01T20:45:12,-246,142,t-,1.2269,https://eclipse.gsfc.nasa.gov/LEcat5/LE1901-2000.html,972e37819ec3f8e8b3f48fd38a06984636f6733812a1fa2557e25600d2204532,1901-2000,catalog TD and modeled UT1; not exact UTC,09603  1980 Mar 01  20:46:03     51   -246  142   N   t-   1.2269  0.6545 -0.4405  238.5    -      -      8N   52E,,8.0,52.0,,,,0.6545,-0.4405,14310.0,,
lunar-09604,lunar,09604,1980-07-27,1980-07-27T19:08:59,N,N,,51.0,1980-07-27T19:08:08,-241,109,-a,1.4138,https://eclipse.gsfc.nasa.gov/LEcat5/LE1901-2000.html,972e37819ec3f8e8b3f48fd38a06984636f6733812a1fa2557e25600d2204532,1901-2000,catalog TD and modeled UT1; not exact UTC,09604  1980 Jul 27  19:08:59     51   -241  109   N   -a   1.4138  0.2535 -0.7264  137.5    -      -     18S   74E,,-18.0,74.0,,,,0.2535,-0.7264,8250.0,,
solar-09465,solar,09465,1980-08-10,1980-08-10T19:12:21,A,A,,51.0,1980-08-10T19:11:30,-240,135,nn,-0.1915,https://eclipse.gsfc.nasa.gov/SEcat5/SE1901-2000.html,1daf90d8b3f1763a09b45cc0d838150fc09edbef711fe1be80f2e0c0d8f6d5ff,1901-2000,catalog TD and modeled UT1; not exact UTC,09465  1980 Aug 10  19:12:21     51   -240  135   A   nn  -0.1915  0.9727   5N 109W  79  100  03m23s,0.9727,5.0,-109.0,79.0,100.0,203,,,,,
lunar-09605,lunar,09605,1980-08-26,1980-08-26T03:31:20,N,N,,51.0,1980-08-26T03:30:29,-240,147,a-,-1.1608,https://eclipse.gsfc.nasa.gov/LEcat5/LE1901-2000.html,972e37819ec3f8e8b3f48fd38a06984636f6733812a1fa2557e25600d2204532,1901-2000,catalog TD and modeled UT1; not exact UTC,09605  1980 Aug 26  03:31:20     51   -240  147   N   a-  -1.1608  0.7089 -0.2531  214.4    -      -     12S   52W,,-12.0,-52.0,,,,0.7089,-0.2531,12864.0,,
lunar-09606,lunar,09606,1981-01-20,1981-01-20T07:50:48,N,Nx,x,51.0,1981-01-20T07:49:57,-235,114,-a,-1.0141,https://eclipse.gsfc.nasa.gov/LEcat5/LE1901-2000.html,972e37819ec3f8e8b3f48fd38a06984636f6733812a1fa2557e25600d2204532,1901-2000,catalog TD and modeled UT1; not exact UTC,09606  1981 Jan 20  07:50:48     51   -235  114   Nx  -a  -1.0141  1.0136 -0.0192  263.8    -      -     19N  115W,,19.0,-115.0,,,,1.0136,-0.0192,15828.0,,
solar-09466,solar,09466,1981-02-04,1981-02-04T22:09:24,A,A,,51.0,1981-02-04T22:08:33,-234,140,n-,-0.4838,https://eclipse.gsfc.nasa.gov/SEcat5/SE1901-2000.html,1daf90d8b3f1763a09b45cc0d838150fc09edbef711fe1be80f2e0c0d8f6d5ff,1901-2000,catalog TD and modeled UT1; not exact UTC,09466  1981 Feb 04  22:09:24     51   -234  140   A   n-  -0.4838  0.9937  44S 141W  61   25  00m33s,0.9937,-44.0,-141.0,61.0,25.0,33,,,,,
lunar-09607,lunar,09607,1981-07-17,1981-07-17T04:47:40,P,P,,52.0,1981-07-17T04:46:48,-229,119,-t,0.7045,https://eclipse.gsfc.nasa.gov/LEcat5/LE1901-2000.html,972e37819ec3f8e8b3f48fd38a06984636f6733812a1fa2557e25600d2204532,1901-2000,catalog TD and modeled UT1; not exact UTC,09607  1981 Jul 17  04:47:40     52   -229  119   P   -t   0.7045  1.5822  0.5486  319.6  163.2    -     21S   70W,,-21.0,-70.0,,,,1.5822,0.5486,19176.0,9792.0,
solar-09467,solar,09467,1981-07-31,1981-07-31T03:46:37,T,T,,52.0,1981-07-31T03:45:45,-228,145,p-,0.5792,https://eclipse.gsfc.nasa.gov/SEcat5/SE1901-2000.html,1daf90d8b3f1763a09b45cc0d838150fc09edbef711fe1be80f2e0c0d8f6d5ff,1901-2000,catalog TD and modeled UT1; not exact UTC,09467  1981 Jul 31  03:46:37     52   -228  145   T   p-   0.5792  1.0258  53N 134E  54  108  02m02s,1.0258,53.0,134.0,54.0,108.0,122,,,,,
lunar-09608,lunar,09608,1982-01-09,1982-01-09T19:56:44,T,T,,52.0,1982-01-09T19:55:52,-223,124,-p,-0.2916,https://eclipse.gsfc.nasa.gov/LEcat5/LE1901-2000.html,972e37819ec3f8e8b3f48fd38a06984636f6733812a1fa2557e25600d2204532,1901-2000,catalog TD and modeled UT1; not exact UTC,09608  1982 Jan 09  19:56:44     52   -223  124   T   -p  -0.2916  2.3147  1.3310  319.1  203.8   77.7   22N   63E,,22.0,63.0,,,,2.3147,1.331,19146.0,12228.0,4662.0
solar-09468,solar,09468,1982-01-25,1982-01-25T04:42:53,P,P,,52.0,1982-01-25T04:42:01,-222,150,t-,-1.2311,https://eclipse.gsfc.nasa.gov/SEcat5/SE1901-2000.html,1daf90d8b3f1763a09b45cc0d838150fc09edbef711fe1be80f2e0c0d8f6d5ff,1901-2000,catalog TD and modeled UT1; not exact UTC,09468  1982 Jan 25  04:42:53     52   -222  150   P   t-  -1.2311  0.5663  69S  92W   0,0.5663,-69.0,-92.0,0.0,,,,,,,
solar-09469,solar,09469,1982-06-21,1982-06-21T12:04:33,P,P,,53.0,1982-06-21T12:03:40,-217,117,-t,-1.2102,https://eclipse.gsfc.nasa.gov/SEcat5/SE1901-2000.html,1daf90d8b3f1763a09b45cc0d838150fc09edbef711fe1be80f2e0c0d8f6d5ff,1901-2000,catalog TD and modeled UT1; not exact UTC,09469  1982 Jun 21  12:04:33     53   -217  117   P   -t  -1.2102  0.6168  66S  13E   0,0.6168,-66.0,13.0,0.0,,,,,,,
lunar-09609,lunar,09609,1982-07-06,1982-07-06T07:31:47,T,T-,-,53.0,1982-07-06T07:30:54,-217,129,pp,-0.0579,https://eclipse.gsfc.nasa.gov/LEcat5/LE1901-2000.html,972e37819ec3f8e8b3f48fd38a06984636f6733812a1fa2557e25600d2204532,1901-2000,catalog TD and modeled UT1; not exact UTC,09609  1982 Jul 06  07:31:47     53   -217  129   T-  pp  -0.0579  2.7860  1.7179  373.8  235.6  105.7   23S  112W,,-23.0,-112.0,,,,2.786,1.7179,22428.0,14136.0,6342.0
solar-09470,solar,09470,1982-07-20,1982-07-20T18:44:44,P,P,,53.0,1982-07-20T18:43:51,-216,155,t-,1.2886,https://eclipse.gsfc.nasa.gov/SEcat5/SE1901-2000.html,1daf90d8b3f1763a09b45cc0d838150fc09edbef711fe1be80f2e0c0d8f6d5ff,1901-2000,catalog TD and modeled UT1; not exact UTC,09470  1982 Jul 20  18:44:44     53   -216  155   P   t-   1.2886  0.4643  69N  64E   0,0.4643,69.0,64.0,0.0,,,,,,,
solar-09471,solar,09471,1982-12-15,1982-12-15T09:32:09,P,P,,53.0,1982-12-15T09:31:16,-211,122,-t,1.1293,https://eclipse.gsfc.nasa.gov/SEcat5/SE1901-2000.html,1daf90d8b3f1763a09b45cc0d838150fc09edbef711fe1be80f2e0c0d8f6d5ff,1901-2000,catalog TD and modeled UT1; not exact UTC,09471  1982 Dec 15  09:32:09     53   -211  122   P   -t   1.1293  0.7350  65N  57E   0,0.735,65.0,57.0,0.0,,,,,,,
lunar-09610,lunar,09610,1982-12-30,1982-12-30T11:29:37,T,T,,53.0,1982-12-30T11:28:44,-211,134,p-,0.3758,https://eclipse.gsfc.nasa.gov/LEcat5/LE1901-2000.html,972e37819ec3f8e8b3f48fd38a06984636f6733812a1fa2557e25600d2204532,1901-2000,catalog TD and modeled UT1; not exact UTC,09610  1982 Dec 30  11:29:37     53   -211  134   T   p-   0.3758  2.1545  1.1822  310.6  195.9   60.0   24N  172W,,24.0,-172.0,,,,2.1545,1.1822,18636.0,11754.0,3600.0
solar-09472,solar,09472,1983-06-11,1983-06-11T04:43:33,T,T,,53.0,1983-06-11T04:42:40,-205,127,-p,-0.4947,https://eclipse.gsfc.nasa.gov/SEcat5/SE1901-2000.html,1daf90d8b3f1763a09b45cc0d838150fc09edbef711fe1be80f2e0c0d8f6d5ff,1901-2000,catalog TD and modeled UT1; not exact UTC,09472  1983 Jun 11  04:43:33     53   -205  127   T   -p  -0.4947  1.0524   6S 114E  60  199  05m11s,1.0524,-6.0,114.0,60.0,199.0,311,,,,,
lunar-09611,lunar,09611,1983-06-25,1983-06-25T08:23:11,P,P,,53.0,1983-06-25T08:22:18,-205,139,t-,-0.8151,https://eclipse.gsfc.nasa.gov/LEcat5/LE1901-2000.html,972e37819ec3f8e8b3f48fd38a06984636f6733812a1fa2557e25600d2204532,1901-2000,catalog TD and modeled UT1; not exact UTC,09611  1983 Jun 25  08:23:11     53   -205  139   P   t-  -0.8151  1.3901  0.3348  314.7  134.6    -     24S  125W,,-24.0,-125.0,,,,1.3901,0.3348,18882.0,8076.0,
solar-09473,solar,09473,1983-12-04,1983-12-04T12:31:15,A,A,,54.0,1983-12-04T12:30:21,-199,132,-n,0.4015,https://eclipse.gsfc.nasa.gov/SEcat5/SE1901-2000.html,1daf90d8b3f1763a09b45cc0d838150fc09edbef711fe1be80f2e0c0d8f6d5ff,1901-2000,catalog TD and modeled UT1; not exact UTC,09473  1983 Dec 04  12:31:15     54   -199  132   A   -n   0.4015  0.9666   1N   5W  66  131  04m01s,0.9666,1.0,-5.0,66.0,131.0,241,,,,,
lunar-09612,lunar,09612,1983-12-20,1983-12-20T01:49:57,N,N,,54.0,1983-12-20T01:49:03,-199,144,a-,1.0746,https://eclipse.gsfc.nasa.gov/LEcat5/LE1901-2000.html,972e37819ec3f8e8b3f48fd38a06984636f6733812a1fa2557e25600d2204532,1901-2000,catalog TD and modeled UT1; not exact UTC,09612  1983 Dec 20  01:49:57     54   -199  144   N   a-   1.0746  0.8890 -0.1167  242.3    -      -     24N   28W,,24.0,-28.0,,,,0.889,-0.1167,14538.0,,
lunar-09613,lunar,09613,1984-05-15,1984-05-15T04:41:03,N,N,,54.0,1984-05-15T04:40:09,-194,111,-a,1.113,https://eclipse.gsfc.nasa.gov/LEcat5/LE1901-2000.html,972e37819ec3f8e8b3f48fd38a06984636f6733812a1fa2557e25600d2204532,1901-2000,catalog TD and modeled UT1; not exact UTC,09613  1984 May 15  04:41:03     54   -194  111   N   -a   1.1130  0.8071 -0.1760  232.5    -      -     18S   71W,,-18.0,-71.0,,,,0.8071,-0.176,13950.0,,
solar-09474,solar,09474,1984-05-30,1984-05-30T16:45:41,A,A,,54.0,1984-05-30T16:44:47,-193,137,nn,0.2755,https://eclipse.gsfc.nasa.gov/SEcat5/SE1901-2000.html,1daf90d8b3f1763a09b45cc0d838150fc09edbef711fe1be80f2e0c0d8f6d5ff,1901-2000,catalog TD and modeled UT1; not exact UTC,09474  1984 May 30  16:45:41     54   -193  137   A   nn   0.2755  0.9980  37N  77W  74    7  00m11s,0.998,37.0,-77.0,74.0,7.0,11,,,,,
lunar-09614,lunar,09614,1984-06-13,1984-06-13T14:26:39,N,Nb,b,54.0,1984-06-13T14:25:45,-193,149,a-,-1.5239,https://eclipse.gsfc.nasa.gov/LEcat5/LE1901-2000.html,972e37819ec3f8e8b3f48fd38a06984636f6733812a1fa2557e25600d2204532,1901-2000,catalog TD and modeled UT1; not exact UTC,09614  1984 Jun 13  14:26:39     54   -193  149   Nb  a-  -1.5239  0.0647 -0.9414   73.0    -      -     25S  143E,,-25.0,143.0,,,,0.0647,-0.9414,4380.0,,
lunar-09615,lunar,09615,1984-11-08,1984-11-08T17:56:08,N,N,,54.0,1984-11-08T17:55:14,-188,116,-t,-1.0899,https://eclipse.gsfc.nasa.gov/LEcat5/LE1901-2000.html,972e37819ec3f8e8b3f48fd38a06984636f6733812a1fa2557e25600d2204532,1901-2000,catalog TD and modeled UT1; not exact UTC,09615  1984 Nov 08  17:56:08     54   -188  116   N   -t  -1.0899  0.8992 -0.1825  268.4    -      -     16N   88E,,16.0,88.0,,,,0.8992,-0.1825,16103.999999999998,,
solar-09475,solar,09475,1984-11-22,1984-11-22T22:54:17,T,T,,54.0,1984-11-22T22:53:23,-187,142,n-,-0.3132,https://eclipse.gsfc.nasa.gov/SEcat5/SE1901-2000.html,1daf90d8b3f1763a09b45cc0d838150fc09edbef711fe1be80f2e0c0d8f6d5ff,1901-2000,catalog TD and modeled UT1; not exact UTC,09475  1984 Nov 22  22:54:17     54   -187  142   T   n-  -0.3132  1.0237  38S 174W  72   85  02m00s,1.0237,-38.0,-174.0,72.0,85.0,120,,,,,
lunar-09616,lunar,09616,1985-05-04,1985-05-04T19:57:19,T,T,,55.0,1985-05-04T19:56:24,-182,121,-p,0.3519,https://eclipse.gsfc.nasa.gov/LEcat5/LE1901-2000.html,972e37819ec3f8e8b3f48fd38a06984636f6733812a1fa2557e25600d2204532,1901-2000,catalog TD and modeled UT1; not exact UTC,09616  1985 May 04  19:57:19     55   -182  121   T   -p   0.3519  2.1870  1.2369  310.2  198.9   67.7   16S   60E,,-16.0,60.0,,,,2.187,1.2369,18612.0,11934.0,4062.0
solar-09476,solar,09476,1985-05-19,1985-05-19T21:29:38,P,P,,55.0,1985-05-19T21:28:43,-181,147,t-,1.072,https://eclipse.gsfc.nasa.gov/SEcat5/SE1901-2000.html,1daf90d8b3f1763a09b45cc0d838150fc09edbef711fe1be80f2e0c0d8f6d5ff,1901-2000,catalog TD and modeled UT1; not exact UTC,09476  1985 May 19  21:29:38     55   -181  147   P   t-   1.0720  0.8406  63N  81E   0,0.8406,63.0,81.0,0.0,,,,,,,
lunar-09617,lunar,09617,1985-10-28,1985-10-28T17:43:17,T,T,,55.0,1985-10-28T17:42:22,-176,126,-t,-0.4022,https://eclipse.gsfc.nasa.gov/LEcat5/LE1901-2000.html,972e37819ec3f8e8b3f48fd38a06984636f6733812a1fa2557e25600d2204532,1901-2000,catalog TD and modeled UT1; not exact UTC,09617  1985 Oct 28  17:43:17     55   -176  126   T   -t  -0.4022  2.1673  1.0736  365.1  214.9   43.9   13N   91E,,13.0,91.0,,,,2.1673,1.0736,21906.0,12894.0,2634.0
solar-09477,solar,09477,1985-11-12,1985-11-12T14:11:27,T,T,,55.0,1985-11-12T14:10:32,-175,152,t-,-0.9795,https://eclipse.gsfc.nasa.gov/SEcat5/SE1901-2000.html,1daf90d8b3f1763a09b45cc0d838150fc09edbef711fe1be80f2e0c0d8f6d5ff,1901-2000,catalog TD and modeled UT1; not exact UTC,09477  1985 Nov 12  14:11:27     55   -175  152   T   t-  -0.9795  1.0388  69S 143W  11  690  01m59s,1.0388,-69.0,-143.0,11.0,690.0,119,,,,,
solar-09478,solar,09478,1986-04-09,1986-04-09T06:21:22,P,P,,55.0,1986-04-09T06:20:27,-170,119,-t,-1.0822,https://eclipse.gsfc.nasa.gov/SEcat5/SE1901-2000.html,1daf90d8b3f1763a09b45cc0d838150fc09edbef711fe1be80f2e0c0d8f6d5ff,1901-2000,catalog TD and modeled UT1; not exact UTC,09478  1986 Apr 09  06:21:22     55   -170  119   P   -t  -1.0822  0.8236  61S 161E   0,0.8236,-61.0,161.0,0.0,,,,,,,
lunar-09618,lunar,09618,1986-04-24,1986-04-24T12:43:30,T,T,,55.0,1986-04-24T12:42:35,-170,131,p-,-0.3682,https://eclipse.gsfc.nasa.gov/LEcat5/LE1901-2000.html,972e37819ec3f8e8b3f48fd38a06984636f6733812a1fa2557e25600d2204532,1901-2000,catalog TD and modeled UT1; not exact UTC,09618  1986 Apr 24  12:43:30     55   -170  131   T   p-  -0.3682  2.1620  1.2022  312.6  198.8   63.6   13S  169E,,-13.0,169.0,,,,2.162,1.2022,18756.0,11928.0,3816.0
solar-09479,solar,09479,1986-10-03,1986-10-03T19:06:15,H,H,,55.0,1986-10-03T19:05:20,-164,124,-t,0.9931,https://eclipse.gsfc.nasa.gov/SEcat5/SE1901-2000.html,1daf90d8b3f1763a09b45cc0d838150fc09edbef711fe1be80f2e0c0d8f6d5ff,1901-2000,catalog TD and modeled UT1; not exact UTC,09479  1986 Oct 03  19:06:15     55   -164  124   H   -t   0.9931  1.0000  60N  37W   5    1  00m00s,1.0,60.0,-37.0,5.0,1.0,0,,,,,
lunar-09619,lunar,09619,1986-10-17,1986-10-17T19:18:54,T,T,,55.0,1986-10-17T19:17:59,-164,136,h-,0.3188,https://eclipse.gsfc.nasa.gov/LEcat5/LE1901-2000.html,972e37819ec3f8e8b3f48fd38a06984636f6733812a1fa2557e25600d2204532,1901-2000,catalog TD and modeled UT1; not exact UTC,09619  1986 Oct 17  19:18:54     55   -164  136   T   h-   0.3188  2.3008  1.2455  353.2  216.8   73.7   10N   67E,,10.0,67.0,,,,2.3008,1.2455,21192.0,13008.0,4422.0
solar-09480,solar,09480,1987-03-29,1987-03-29T12:49:47,H,H,,55.0,1987-03-29T12:48:52,-158,129,-n,-0.3053,https://eclipse.gsfc.nasa.gov/SEcat5/SE1901-2000.html,1daf90d8b3f1763a09b45cc0d838150fc09edbef711fe1be80f2e0c0d8f6d5ff,1901-2000,catalog TD and modeled UT1; not exact UTC,09480  1987 Mar 29  12:49:47     55   -158  129   H   -n  -0.3053  1.0013  12S   2W  72    5  00m08s,1.0013,-12.0,-2.0,72.0,5.0,8,,,,,
lunar-09620,lunar,09620,1987-04-14,1987-04-14T02:19:50,N,N,,55.0,1987-04-14T02:18:55,-158,141,h-,-1.1364,https://eclipse.gsfc.nasa.gov/LEcat5/LE1901-2000.html,972e37819ec3f8e8b3f48fd38a06984636f6733812a1fa2557e25600d2204532,1901-2000,catalog TD and modeled UT1; not exact UTC,09620  1987 Apr 14  02:19:50     55   -158  141   N   h-  -1.1364  0.7769 -0.2313  234.1    -      -     10S   35W,,-10.0,-35.0,,,,0.7769,-0.2313,14046.0,,
solar-09481,solar,09481,1987-09-23,1987-09-23T03:12:22,A,A,,56.0,1987-09-23T03:11:26,-152,134,-n,0.2787,https://eclipse.gsfc.nasa.gov/SEcat5/SE1901-2000.html,1daf90d8b3f1763a09b45cc0d838150fc09edbef711fe1be80f2e0c0d8f6d5ff,1901-2000,catalog TD and modeled UT1; not exact UTC,09481  1987 Sep 23  03:12:22     56   -152  134   A   -n   0.2787  0.9634  14N 138E  74  137  03m49s,0.9634,14.0,138.0,74.0,137.0,229,,,,,
lunar-09621,lunar,09621,1987-10-07,1987-10-07T04:02:30,N,N,,56.0,1987-10-07T04:01:34,-152,146,a-,1.0189,https://eclipse.gsfc.nasa.gov/LEcat5/LE1901-2000.html,972e37819ec3f8e8b3f48fd38a06984636f6733812a1fa2557e25600d2204532,1901-2000,catalog TD and modeled UT1; not exact UTC,09621  1987 Oct 07  04:02:30     56   -152  146   N   a-   1.0189  0.9863 -0.0096  253.5    -      -      6N   64W,,6.0,-64.0,,,,0.9863,-0.0096,15210.0,,
lunar-09622,lunar,09622,1988-03-03,1988-03-03T16:13:41,N,Nx,x,56.0,1988-03-03T16:12:45,-147,113,-t,0.9885,https://eclipse.gsfc.nasa.gov/LEcat5/LE1901-2000.html,972e37819ec3f8e8b3f48fd38a06984636f6733812a1fa2557e25600d2204532,1901-2000,catalog TD and modeled UT1; not exact UTC,09622  1988 Mar 03  16:13:41     56   -147  113   Nx  -t   0.9885  1.0907 -0.0017  293.8    -      -      7N  120E,,7.0,120.0,,,,1.0907,-0.0017,17628.0,,
solar-09482,solar,09482,1988-03-18,1988-03-18T01:58:56,T,T,,56.0,1988-03-18T01:58:00,-146,139,n-,0.4188,https://eclipse.gsfc.nasa.gov/SEcat5/SE1901-2000.html,1daf90d8b3f1763a09b45cc0d838150fc09edbef711fe1be80f2e0c0d8f6d5ff,1901-2000,catalog TD and modeled UT1; not exact UTC,09482  1988 Mar 18  01:58:56     56   -146  139   T   n-   0.4188  1.0464  21N 140E  65  169  03m46s,1.0464,21.0,140.0,65.0,169.0,226,,,,,
lunar-09623,lunar,09623,1988-08-27,1988-08-27T11:05:29,P,P,,56.0,1988-08-27T11:04:33,-141,118,-a,-0.8681,https://eclipse.gsfc.nasa.gov/LEcat5/LE1901-2000.html,972e37819ec3f8e8b3f48fd38a06984636f6733812a1fa2557e25600d2204532,1901-2000,catalog TD and modeled UT1; not exact UTC,09623  1988 Aug 27  11:05:29     56   -141  118   P   -a  -0.8681  1.2380  0.2915  262.5  113.0    -     11S  165W,,-11.0,-165.0,,,,1.238,0.2915,15750.0,6780.0,
solar-09483,solar,09483,1988-09-11,1988-09-11T04:44:29,A,A,,56.0,1988-09-11T04:43:33,-140,144,p-,-0.4681,https://eclipse.gsfc.nasa.gov/SEcat5/SE1901-2000.html,1daf90d8b3f1763a09b45cc0d838150fc09edbef711fe1be80f2e0c0d8f6d5ff,1901-2000,catalog TD and modeled UT1; not exact UTC,09483  1988 Sep 11  04:44:29     56   -140  144   A   p-  -0.4681  0.9377  20S  94E  62  258  06m57s,0.9377,-20.0,94.0,62.0,258.0,417,,,,,
lunar-09624,lunar,09624,1989-02-20,1989-02-20T15:36:18,T,T,,56.0,1989-02-20T15:35:22,-135,123,-p,0.2934,https://eclipse.gsfc.nasa.gov/LEcat5/LE1901-2000.html,972e37819ec3f8e8b3f48fd38a06984636f6733812a1fa2557e25600d2204532,1901-2000,catalog TD and modeled UT1; not exact UTC,09624  1989 Feb 20  15:36:18     56   -135  123   T   -p   0.2934  2.3651  1.2747  367.7  223.1   78.5   11N  130E,,11.0,130.0,,,,2.3651,1.2747,22062.0,13386.0,4710.0
solar-09484,solar,09484,1989-03-07,1989-03-07T18:08:41,P,P,,56.0,1989-03-07T18:07:45,-134,149,t-,1.0981,https://eclipse.gsfc.nasa.gov/SEcat5/SE1901-2000.html,1daf90d8b3f1763a09b45cc0d838150fc09edbef711fe1be80f2e0c0d8f6d5ff,1901-2000,catalog TD and modeled UT1; not exact UTC,09484  1989 Mar 07  18:08:41     56   -134  149   P   t-   1.0981  0.8268  61N 170W   0,0.8268,61.0,-170.0,0.0,,,,,,,
lunar-09625,lunar,09625,1989-08-17,1989-08-17T03:09:07,T,T-,-,57.0,1989-08-17T03:08:10,-129,128,-p,-0.149,https://eclipse.gsfc.nasa.gov/LEcat5/LE1901-2000.html,972e37819ec3f8e8b3f48fd38a06984636f6733812a1fa2557e25600d2204532,1901-2000,catalog TD and modeled UT1; not exact UTC,09625  1989 Aug 17  03:09:07     57   -129  128   T-  -p  -0.1490  2.5703  1.5984  327.5  214.3   95.8   14S   46W,,-14.0,-46.0,,,,2.5703,1.5984,19650.0,12858.0,5748.0
solar-09485,solar,09485,1989-08-31,1989-08-31T05:31:47,P,P,,57.0,1989-08-31T05:30:50,-128,154,t-,-1.1928,https://eclipse.gsfc.nasa.gov/SEcat5/SE1901-2000.html,1daf90d8b3f1763a09b45cc0d838150fc09edbef711fe1be80f2e0c0d8f6d5ff,1901-2000,catalog TD and modeled UT1; not exact UTC,09485  1989 Aug 31  05:31:47     57   -128  154   P   t-  -1.1928  0.6344  61S  24E   0,0.6344,-61.0,24.0,0.0,,,,,,,
solar-09486,solar,09486,1990-01-26,1990-01-26T19:31:24,A,A,,57.0,1990-01-26T19:30:27,-123,121,-t,-0.9457,https://eclipse.gsfc.nasa.gov/SEcat5/SE1901-2000.html,1daf90d8b3f1763a09b45cc0d838150fc09edbef711fe1be80f2e0c0d8f6d5ff,1901-2000,catalog TD and modeled UT1; not exact UTC,09486  1990 Jan 26  19:31:24     57   -123  121   A   -t  -0.9457  0.9670  71S  22W  18  373  02m03s,0.967,-71.0,-22.0,18.0,373.0,123,,,,,
lunar-09626,lunar,09626,1990-02-09,1990-02-09T19:12:02,T,T,,57.0,1990-02-09T19:11:05,-123,133,a-,-0.4148,https://eclipse.gsfc.nasa.gov/LEcat5/LE1901-2000.html,972e37819ec3f8e8b3f48fd38a06984636f6733812a1fa2557e25600d2204532,1901-2000,catalog TD and modeled UT1; not exact UTC,09626  1990 Feb 09  19:12:02     57   -123  133   T   a-  -0.4148  2.1191  1.0750  339.6  204.3   42.3   14N   76E,,14.0,76.0,,,,2.1191,1.075,20376.0,12258.0,2538.0
solar-09487,solar,09487,1990-07-22,1990-07-22T03:03:07,T,T,,57.0,1990-07-22T03:02:10,-117,126,-p,0.7597,https://eclipse.gsfc.nasa.gov/SEcat5/SE1901-2000.html,1daf90d8b3f1763a09b45cc0d838150fc09edbef711fe1be80f2e0c0d8f6d5ff,1901-2000,catalog TD and modeled UT1; not exact UTC,09487  1990 Jul 22  03:03:07     57   -117  126   T   -p   0.7597  1.0391  65N 169E  40  201  02m33s,1.0391,65.0,169.0,40.0,201.0,153,,,,,
lunar-09627,lunar,09627,1990-08-06,1990-08-06T14:13:16,P,P,,57.0,1990-08-06T14:12:19,-117,138,t-,0.6374,https://eclipse.gsfc.nasa.gov/LEcat5/LE1901-2000.html,972e37819ec3f8e8b3f48fd38a06984636f6733812a1fa2557e25600d2204532,1901-2000,catalog TD and modeled UT1; not exact UTC,09627  1990 Aug 06  14:13:16     57   -117  138   P   t-   0.6374  1.7005  0.6766  322.0  175.5    -     16S  148E,,-16.0,148.0,,,,1.7005,0.6766,19320.0,10530.0,
solar-09488,solar,09488,1991-01-15,1991-01-15T23:53:51,A,A,,58.0,1991-01-15T23:52:53,-111,131,-n,-0.2727,https://eclipse.gsfc.nasa.gov/SEcat5/SE1901-2000.html,1daf90d8b3f1763a09b45cc0d838150fc09edbef711fe1be80f2e0c0d8f6d5ff,1901-2000,catalog TD and modeled UT1; not exact UTC,09488  1991 Jan 15  23:53:51     58   -111  131   A   -n  -0.2727  0.9290  36S 170W  74  277  07m53s,0.929,-36.0,-170.0,74.0,277.0,473,,,,,
lunar-09628,lunar,09628,1991-01-30,1991-01-30T05:59:38,N,N,,58.0,1991-01-30T05:58:40,-111,143,a-,-1.0752,https://eclipse.gsfc.nasa.gov/LEcat5/LE1901-2000.html,972e37819ec3f8e8b3f48fd38a06984636f6733812a1fa2557e25600d2204532,1901-2000,catalog TD and modeled UT1; not exact UTC,09628  1991 Jan 30  05:59:38     58   -111  143   N   a-  -1.0752  0.8807 -0.1106  237.5    -      -     17N   87W,,17.0,-87.0,,,,0.8807,-0.1106,14250.0,,
lunar-09629,lunar,09629,1991-06-27,1991-06-27T03:15:41,N,N,,58.0,1991-06-27T03:14:43,-106,110,-t,-1.4063,https://eclipse.gsfc.nasa.gov/LEcat5/LE1901-2000.html,972e37819ec3f8e8b3f48fd38a06984636f6733812a1fa2557e25600d2204532,1901-2000,catalog TD and modeled UT1; not exact UTC,09629  1991 Jun 27  03:15:41     58   -106  110   N   -t  -1.4063  0.3126 -0.7572  169.5    -      -     25S   48W,,-25.0,-48.0,,,,0.3126,-0.7572,10170.0,,
solar-09489,solar,09489,1991-07-11,1991-07-11T19:07:01,T,Tm,m,58.0,1991-07-11T19:06:03,-105,136,nn,-0.0041,https://eclipse.gsfc.nasa.gov/SEcat5/SE1901-2000.html,1daf90d8b3f1763a09b45cc0d838150fc09edbef711fe1be80f2e0c0d8f6d5ff,1901-2000,catalog TD and modeled UT1; not exact UTC,09489  1991 Jul 11  19:07:01     58   -105  136   Tm  nn  -0.0041  1.0800  22N 105W  90  258  06m53s,1.08,22.0,-105.0,90.0,258.0,413,,,,,
lunar-09630,lunar,09630,1991-07-26,1991-07-26T18:08:50,N,N,,58.0,1991-07-26T18:07:52,-105,148,t-,1.4369,https://eclipse.gsfc.nasa.gov/LEcat5/LE1901-2000.html,972e37819ec3f8e8b3f48fd38a06984636f6733812a1fa2557e25600d2204532,1901-2000,catalog TD and modeled UT1; not exact UTC,09630  1991 Jul 26  18:08:50     58   -105  148   N   t-   1.4369  0.2542 -0.8110  152.7    -      -     18S   89E,,-18.0,89.0,,,,0.2542,-0.811,9162.0,,
lunar-09631,lunar,09631,1991-12-21,1991-12-21T10:34:00,P,P,,58.0,1991-12-21T10:33:02,-100,115,-a,0.9709,https://eclipse.gsfc.nasa.gov/LEcat5/LE1901-2000.html,972e37819ec3f8e8b3f48fd38a06984636f6733812a1fa2557e25600d2204532,1901-2000,catalog TD and modeled UT1; not exact UTC,09631  1991 Dec 21  10:34:00     58   -100  115   P   -a   0.9709  1.0651  0.0876  251.5   64.1    -     24N  159W,,24.0,-159.0,,,,1.0651,0.0876,15090.0,3845.9999999999995,
solar-09490,solar,09490,1992-01-04,1992-01-04T23:05:37,A,A,,58.0,1992-01-04T23:04:39,-99,141,p-,0.4091,https://eclipse.gsfc.nasa.gov/SEcat5/SE1901-2000.html,1daf90d8b3f1763a09b45cc0d838150fc09edbef711fe1be80f2e0c0d8f6d5ff,1901-2000,catalog TD and modeled UT1; not exact UTC,09490  1992 Jan 04  23:05:37     58    -99  141   A   p-   0.4091  0.9179   1N 170W  66  340  11m41s,0.9179,1.0,-170.0,66.0,340.0,701,,,,,
lunar-09632,lunar,09632,1992-06-15,1992-06-15T04:57:57,P,P,,59.0,1992-06-15T04:56:58,-94,120,-t,-0.6288,https://eclipse.gsfc.nasa.gov/LEcat5/LE1901-2000.html,972e37819ec3f8e8b3f48fd38a06984636f6733812a1fa2557e25600d2204532,1901-2000,catalog TD and modeled UT1; not exact UTC,09632  1992 Jun 15  04:57:57     59    -94  120   P   -t  -0.6288  1.7264  0.6822  332.2  179.8    -     24S   74W,,-24.0,-74.0,,,,1.7264,0.6822,19932.0,10788.0,
solar-09491,solar,09491,1992-06-30,1992-06-30T12:11:22,T,T,,59.0,1992-06-30T12:10:23,-93,146,p-,-0.7512,https://eclipse.gsfc.nasa.gov/SEcat5/SE1901-2000.html,1daf90d8b3f1763a09b45cc0d838150fc09edbef711fe1be80f2e0c0d8f6d5ff,1901-2000,catalog TD and modeled UT1; not exact UTC,09491  1992 Jun 30  12:11:22     59    -93  146   T   p-  -0.7512  1.0592  25S   9W  41  294  05m21s,1.0592,-25.0,-9.0,41.0,294.0,321,,,,,
lunar-09633,lunar,09633,1992-12-09,1992-12-09T23:45:05,T,T,,59.0,1992-12-09T23:44:06,-88,125,-p,0.3144,https://eclipse.gsfc.nasa.gov/LEcat5/LE1901-2000.html,972e37819ec3f8e8b3f48fd38a06984636f6733812a1fa2557e25600d2204532,1901-2000,catalog TD and modeled UT1; not exact UTC,09633  1992 Dec 09  23:45:05     59    -88  125   T   -p   0.3144  2.2915  1.2709  334.1  208.7   73.9   23N    2E,,23.0,2.0,,,,2.2915,1.2709,20046.0,12522.0,4434.0
solar-09492,solar,09492,1992-12-24,1992-12-24T00:31:41,P,P,,59.0,1992-12-24T00:30:42,-87,151,t-,1.0711,https://eclipse.gsfc.nasa.gov/SEcat5/SE1901-2000.html,1daf90d8b3f1763a09b45cc0d838150fc09edbef711fe1be80f2e0c0d8f6d5ff,1901-2000,catalog TD and modeled UT1; not exact UTC,09492  1992 Dec 24  00:31:41     59    -87  151   P   t-   1.0711  0.8422  66N 156E   0,0.8422,66.0,156.0,0.0,,,,,,,
solar-09493,solar,09493,1993-05-21,1993-05-21T14:20:15,P,P,,59.0,1993-05-21T14:19:16,-82,118,-t,1.1372,https://eclipse.gsfc.nasa.gov/SEcat5/SE1901-2000.html,1daf90d8b3f1763a09b45cc0d838150fc09edbef711fe1be80f2e0c0d8f6d5ff,1901-2000,catalog TD and modeled UT1; not exact UTC,09493  1993 May 21  14:20:15     59    -82  118   P   -t   1.1372  0.7352  69N 162E   0,0.7352,69.0,162.0,0.0,,,,,,,
lunar-09634,lunar,09634,1993-06-04,1993-06-04T13:01:26,T,T+,+,59.0,1993-06-04T13:00:27,-82,130,p-,0.1638,https://eclipse.gsfc.nasa.gov/LEcat5/LE1901-2000.html,972e37819ec3f8e8b3f48fd38a06984636f6733812a1fa2557e25600d2204532,1901-2000,catalog TD and modeled UT1; not exact UTC,09634  1993 Jun 04  13:01:26     59    -82  130   T+  p-   0.1638  2.5532  1.5617  336.3  217.8   95.8   22S  164E,,-22.0,164.0,,,,2.5532,1.5617,20178.0,13068.0,5748.0
solar-09494,solar,09494,1993-11-13,1993-11-13T21:45:51,P,P,,60.0,1993-11-13T21:44:51,-76,123,-t,-1.0411,https://eclipse.gsfc.nasa.gov/SEcat5/SE1901-2000.html,1daf90d8b3f1763a09b45cc0d838150fc09edbef711fe1be80f2e0c0d8f6d5ff,1901-2000,catalog TD and modeled UT1; not exact UTC,09494  1993 Nov 13  21:45:51     60    -76  123   P   -t  -1.0411  0.9280  70S  58E   0,0.928,-70.0,58.0,0.0,,,,,,,
lunar-09635,lunar,09635,1993-11-29,1993-11-29T06:27:06,T,T,,60.0,1993-11-29T06:26:06,-76,135,p-,-0.3994,https://eclipse.gsfc.nasa.gov/LEcat5/LE1901-2000.html,972e37819ec3f8e8b3f48fd38a06984636f6733812a1fa2557e25600d2204532,1901-2000,catalog TD and modeled UT1; not exact UTC,09635  1993 Nov 29  06:27:06     60    -76  135   T   p-  -0.3994  2.1633  1.0876  354.4  210.8   46.7   21N   99W,,21.0,-99.0,,,,2.1633,1.0876,21264.0,12648.0,2802.0
solar-09495,solar,09495,1994-05-10,1994-05-10T17:12:26,A,A,,60.0,1994-05-10T17:11:26,-70,128,-p,0.4077,https://eclipse.gsfc.nasa.gov/SEcat5/SE1901-2000.html,1daf90d8b3f1763a09b45cc0d838150fc09edbef711fe1be80f2e0c0d8f6d5ff,1901-2000,catalog TD and modeled UT1; not exact UTC,09495  1994 May 10  17:12:26     60    -70  128   A   -p   0.4077  0.9431  42N  84W  66  230  06m13s,0.9431,42.0,-84.0,66.0,230.0,373,,,,,
lunar-09636,lunar,09636,1994-05-25,1994-05-25T03:31:20,P,P,,60.0,1994-05-25T03:30:20,-70,140,a-,0.8933,https://eclipse.gsfc.nasa.gov/LEcat5/LE1901-2000.html,972e37819ec3f8e8b3f48fd38a06984636f6733812a1fa2557e25600d2204532,1901-2000,catalog TD and modeled UT1; not exact UTC,09636  1994 May 25  03:31:20     60    -70  140   P   a-   0.8933  1.1941  0.2432  261.2  104.6    -     20S   53W,,-20.0,-53.0,,,,1.1941,0.2432,15672.0,6276.0,
solar-09496,solar,09496,1994-11-03,1994-11-03T13:40:06,T,T,,61.0,1994-11-03T13:39:05,-64,133,-n,-0.3522,https://eclipse.gsfc.nasa.gov/SEcat5/SE1901-2000.html,1daf90d8b3f1763a09b45cc0d838150fc09edbef711fe1be80f2e0c0d8f6d5ff,1901-2000,catalog TD and modeled UT1; not exact UTC,09496  1994 Nov 03  13:40:06     61    -64  133   T   -n  -0.3522  1.0535  35S  34W  69  189  04m23s,1.0535,-35.0,-34.0,69.0,189.0,263,,,,,
lunar-09637,lunar,09637,1994-11-18,1994-11-18T06:44:54,N,N,,61.0,1994-11-18T06:43:53,-64,145,t-,-1.1047,https://eclipse.gsfc.nasa.gov/LEcat5/LE1901-2000.html,972e37819ec3f8e8b3f48fd38a06984636f6733812a1fa2557e25600d2204532,1901-2000,catalog TD and modeled UT1; not exact UTC,09637  1994 Nov 18  06:44:54     61    -64  145   N   t-  -1.1047  0.8815 -0.2189  271.6    -      -     18N  105W,,18.0,-105.0,,,,0.8815,-0.2189,16296.000000000002,,
lunar-09638,lunar,09638,1995-04-15,1995-04-15T12:19:04,P,P,,61.0,1995-04-15T12:18:03,-59,112,-a,-0.9593,https://eclipse.gsfc.nasa.gov/LEcat5/LE1901-2000.html,972e37819ec3f8e8b3f48fd38a06984636f6733812a1fa2557e25600d2204532,1901-2000,catalog TD and modeled UT1; not exact UTC,09638  1995 Apr 15  12:19:04     61    -59  112   P   -a  -0.9593  1.0836  0.1114  256.3   73.0    -     11S  175E,,-11.0,175.0,,,,1.0836,0.1114,15378.0,4380.0,
solar-09497,solar,09497,1995-04-29,1995-04-29T17:33:21,A,A,,61.0,1995-04-29T17:32:20,-58,138,p-,-0.3382,https://eclipse.gsfc.nasa.gov/SEcat5/SE1901-2000.html,1daf90d8b3f1763a09b45cc0d838150fc09edbef711fe1be80f2e0c0d8f6d5ff,1901-2000,catalog TD and modeled UT1; not exact UTC,09497  1995 Apr 29  17:33:21     61    -58  138   A   p-  -0.3382  0.9497   5S  79W  70  196  06m37s,0.9497,-5.0,-79.0,70.0,196.0,397,,,,,
lunar-09639,lunar,09639,1995-10-08,1995-10-08T16:05:12,N,N,,61.0,1995-10-08T16:04:11,-53,117,-t,1.1179,https://eclipse.gsfc.nasa.gov/LEcat5/LE1901-2000.html,972e37819ec3f8e8b3f48fd38a06984636f6733812a1fa2557e25600d2204532,1901-2000,catalog TD and modeled UT1; not exact UTC,09639  1995 Oct 08  16:05:12     61    -53  117   N   -t   1.1179  0.8252 -0.2115  247.6    -      -      7N  116E,,7.0,116.0,,,,0.8252,-0.2115,14856.0,,
solar-09498,solar,09498,1995-10-24,1995-10-24T04:33:30,T,T,,61.0,1995-10-24T04:32:29,-52,143,n-,0.3518,https://eclipse.gsfc.nasa.gov/SEcat5/SE1901-2000.html,1daf90d8b3f1763a09b45cc0d838150fc09edbef711fe1be80f2e0c0d8f6d5ff,1901-2000,catalog TD and modeled UT1; not exact UTC,09498  1995 Oct 24  04:33:30     61    -52  143   T   n-   0.3518  1.0213   8N 113E  69   78  02m10s,1.0213,8.0,113.0,69.0,78.0,130,,,,,
lunar-09640,lunar,09640,1996-04-04,1996-04-04T00:10:47,T,T-,-,62.0,1996-04-04T00:09:45,-47,122,-p,-0.2534,https://eclipse.gsfc.nasa.gov/LEcat5/LE1901-2000.html,972e37819ec3f8e8b3f48fd38a06984636f6733812a1fa2557e25600d2204532,1901-2000,catalog TD and modeled UT1; not exact UTC,09640  1996 Apr 04  00:10:47     62    -47  122   T-  -p  -0.2534  2.4068  1.3795  344.7  217.1   85.8    6S    2W,,-6.0,-2.0,,,,2.4068,1.3795,20682.0,13026.0,5148.0
solar-09499,solar,09499,1996-04-17,1996-04-17T22:38:12,P,P,,62.0,1996-04-17T22:37:10,-46,148,t-,-1.058,https://eclipse.gsfc.nasa.gov/SEcat5/SE1901-2000.html,1daf90d8b3f1763a09b45cc0d838150fc09edbef711fe1be80f2e0c0d8f6d5ff,1901-2000,catalog TD and modeled UT1; not exact UTC,09499  1996 Apr 17  22:38:12     62    -46  148   P   t-  -1.0580  0.8799  71S 104W   0,0.8799,-71.0,-104.0,0.0,,,,,,,
lunar-09641,lunar,09641,1996-09-27,1996-09-27T02:55:24,T,T,,62.0,1996-09-27T02:54:22,-41,127,-p,0.3426,https://eclipse.gsfc.nasa.gov/LEcat5/LE1901-2000.html,972e37819ec3f8e8b3f48fd38a06984636f6733812a1fa2557e25600d2204532,1901-2000,catalog TD and modeled UT1; not exact UTC,09641  1996 Sep 27  02:55:24     62    -41  127   T   -p   0.3426  2.2188  1.2395  320.9  203.3   69.2    2N   46W,,2.0,-46.0,,,,2.2188,1.2395,19254.0,12198.0,4152.0
solar-09500,solar,09500,1996-10-12,1996-10-12T14:03:04,P,P,,62.0,1996-10-12T14:02:02,-40,153,t-,1.1227,https://eclipse.gsfc.nasa.gov/SEcat5/SE1901-2000.html,1daf90d8b3f1763a09b45cc0d838150fc09edbef711fe1be80f2e0c0d8f6d5ff,1901-2000,catalog TD and modeled UT1; not exact UTC,09500  1996 Oct 12  14:03:04     62    -40  153   P   t-   1.1227  0.7575  72N  32E   0,0.7575,72.0,32.0,0.0,,,,,,,
solar-09501,solar,09501,1997-03-09,1997-03-09T01:24:51,T,T,,62.0,1997-03-09T01:23:49,-35,120,-p,0.9183,https://eclipse.gsfc.nasa.gov/SEcat5/SE1901-2000.html,1daf90d8b3f1763a09b45cc0d838150fc09edbef711fe1be80f2e0c0d8f6d5ff,1901-2000,catalog TD and modeled UT1; not exact UTC,09501  1997 Mar 09  01:24:51     62    -35  120   T   -p   0.9183  1.0420  58N 131E  23  356  02m50s,1.042,58.0,131.0,23.0,356.0,170,,,,,
lunar-09642,lunar,09642,1997-03-24,1997-03-24T04:40:28,P,P,,62.0,1997-03-24T04:39:26,-35,132,t-,0.4899,https://eclipse.gsfc.nasa.gov/LEcat5/LE1901-2000.html,972e37819ec3f8e8b3f48fd38a06984636f6733812a1fa2557e25600d2204532,1901-2000,catalog TD and modeled UT1; not exact UTC,09642  1997 Mar 24  04:40:28     62    -35  132   P   t-   0.4899  1.9994  0.9195  353.9  203.1    -      1S   68W,,-1.0,-68.0,,,,1.9994,0.9195,21234.0,12186.0,
solar-09502,solar,09502,1997-09-02,1997-09-02T00:04:48,P,P,,63.0,1997-09-02T00:03:45,-29,125,-t,-1.0352,https://eclipse.gsfc.nasa.gov/SEcat5/SE1901-2000.html,1daf90d8b3f1763a09b45cc0d838150fc09edbef711fe1be80f2e0c0d8f6d5ff,1901-2000,catalog TD and modeled UT1; not exact UTC,09502  1997 Sep 02  00:04:48     63    -29  125   P   -t  -1.0352  0.8988  72S 114E   0,0.8988,-72.0,114.0,0.0,,,,,,,
lunar-09643,lunar,09643,1997-09-16,1997-09-16T18:47:42,T,T,,63.0,1997-09-16T18:46:39,-29,137,p-,-0.3768,https://eclipse.gsfc.nasa.gov/LEcat5/LE1901-2000.html,972e37819ec3f8e8b3f48fd38a06984636f6733812a1fa2557e25600d2204532,1901-2000,catalog TD and modeled UT1; not exact UTC,09643  1997 Sep 16  18:47:42     63    -29  137   T   p-  -0.3768  2.1417  1.1909  308.2  196.4   61.5    3S   77E,,-3.0,77.0,,,,2.1417,1.1909,18492.0,11784.0,3690.0
solar-09503,solar,09503,1998-02-26,1998-02-26T17:29:27,T,T,,63.0,1998-02-26T17:28:24,-23,130,-n,0.2391,https://eclipse.gsfc.nasa.gov/SEcat5/SE1901-2000.html,1daf90d8b3f1763a09b45cc0d838150fc09edbef711fe1be80f2e0c0d8f6d5ff,1901-2000,catalog TD and modeled UT1; not exact UTC,09503  1998 Feb 26  17:29:27     63    -23  130   T   -n   0.2391  1.0441   5N  83W  76  151  04m09s,1.0441,5.0,-83.0,76.0,151.0,249,,,,,
lunar-09644,lunar,09644,1998-03-13,1998-03-13T04:21:08,N,N,,63.0,1998-03-13T04:20:05,-23,142,t-,1.1964,https://eclipse.gsfc.nasa.gov/LEcat5/LE1901-2000.html,972e37819ec3f8e8b3f48fd38a06984636f6733812a1fa2557e25600d2204532,1901-2000,catalog TD and modeled UT1; not exact UTC,09644  1998 Mar 13  04:21:08     63    -23  142   N   t-   1.1964  0.7086 -0.3824  246.4    -      -      4N   62W,,4.0,-62.0,,,,0.7086,-0.3824,14784.0,,
lunar-09645,lunar,09645,1998-08-08,1998-08-08T02:25:57,N,N,,63.0,1998-08-08T02:24:54,-18,109,-a,1.4875,https://eclipse.gsfc.nasa.gov/LEcat5/LE1901-2000.html,972e37819ec3f8e8b3f48fd38a06984636f6733812a1fa2557e25600d2204532,1901-2000,catalog TD and modeled UT1; not exact UTC,09645  1998 Aug 08  02:25:57     63    -18  109   N   -a   1.4875  0.1206 -0.8637   96.4    -      -     15S   35W,,-15.0,-35.0,,,,0.1206,-0.8637,5784.0,,
solar-09504,solar,09504,1998-08-22,1998-08-22T02:07:11,A,A,,63.0,1998-08-22T02:06:08,-17,135,nn,-0.2644,https://eclipse.gsfc.nasa.gov/SEcat5/SE1901-2000.html,1daf90d8b3f1763a09b45cc0d838150fc09edbef711fe1be80f2e0c0d8f6d5ff,1901-2000,catalog TD and modeled UT1; not exact UTC,09504  1998 Aug 22  02:07:11     63    -17  135   A   nn  -0.2644  0.9734   3S 145E  75   99  03m14s,0.9734,-3.0,145.0,75.0,99.0,194,,,,,
lunar-09646,lunar,09646,1998-09-06,1998-09-06T11:11:11,N,N,,63.0,1998-09-06T11:10:08,-17,147,a-,-1.1057,https://eclipse.gsfc.nasa.gov/LEcat5/LE1901-2000.html,972e37819ec3f8e8b3f48fd38a06984636f6733812a1fa2557e25600d2204532,1901-2000,catalog TD and modeled UT1; not exact UTC,09646  1998 Sep 06  11:11:11     63    -17  147   N   a-  -1.1057  0.8121 -0.1544  227.8    -      -      7S  168W,,-7.0,-168.0,,,,0.8121,-0.1544,13668.0,,
lunar-09647,lunar,09647,1999-01-31,1999-01-31T16:18:35,N,Nx,x,63.0,1999-01-31T16:17:32,-12,114,-a,-1.0189,https://eclipse.gsfc.nasa.gov/LEcat5/LE1901-2000.html,972e37819ec3f8e8b3f48fd38a06984636f6733812a1fa2557e25600d2204532,1901-2000,catalog TD and modeled UT1; not exact UTC,09647  1999 Jan 31  16:18:35     63    -12  114   Nx  -a  -1.0189  1.0027 -0.0258  261.7    -      -     16N  119E,,16.0,119.0,,,,1.0027,-0.0258,15702.0,,
solar-09505,solar,09505,1999-02-16,1999-02-16T06:34:38,A,A,,63.0,1999-02-16T06:33:35,-11,140,n-,-0.4726,https://eclipse.gsfc.nasa.gov/SEcat5/SE1901-2000.html,1daf90d8b3f1763a09b45cc0d838150fc09edbef711fe1be80f2e0c0d8f6d5ff,1901-2000,catalog TD and modeled UT1; not exact UTC,09505  1999 Feb 16  06:34:38     63    -11  140   A   n-  -0.4726  0.9928  40S  94E  62   29  00m40s,0.9928,-40.0,94.0,62.0,29.0,40,,,,,
lunar-09648,lunar,09648,1999-07-28,1999-07-28T11:34:46,P,P,,64.0,1999-07-28T11:33:42,-6,119,-t,0.7862,https://eclipse.gsfc.nasa.gov/LEcat5/LE1901-2000.html,972e37819ec3f8e8b3f48fd38a06984636f6733812a1fa2557e25600d2204532,1901-2000,catalog TD and modeled UT1; not exact UTC,09648  1999 Jul 28  11:34:46     64     -6  119   P   -t   0.7862  1.4342  0.3966  310.9  142.5    -     18S  172W,,-18.0,-172.0,,,,1.4342,0.3966,18654.0,8550.0,
solar-09506,solar,09506,1999-08-11,1999-08-11T11:04:09,T,T,,64.0,1999-08-11T11:03:05,-5,145,p-,0.5062,https://eclipse.gsfc.nasa.gov/SEcat5/SE1901-2000.html,1daf90d8b3f1763a09b45cc0d838150fc09edbef711fe1be80f2e0c0d8f6d5ff,1901-2000,catalog TD and modeled UT1; not exact UTC,09506  1999 Aug 11  11:04:09     64     -5  145   T   p-   0.5062  1.0286  45N  24E  59  112  02m23s,1.0286,45.0,24.0,59.0,112.0,143,,,,,
lunar-09649,lunar,09649,2000-01-21,2000-01-21T04:44:34,T,T,,64.0,2000-01-21T04:43:30,0,124,-p,-0.2957,https://eclipse.gsfc.nasa.gov/LEcat5/LE1901-2000.html,972e37819ec3f8e8b3f48fd38a06984636f6733812a1fa2557e25600d2204532,1901-2000,catalog TD and modeled UT1; not exact UTC,09649  2000 Jan 21  04:44:34     64      0  124   T   -p  -0.2957  2.3060  1.3246  318.2  203.3   77.0   20N   68W,,20.0,-68.0,,,,2.306,1.3246,19092.0,12198.0,4620.0
solar-09507,solar,09507,2000-02-05,2000-02-05T12:50:27,P,P,,64.0,2000-02-05T12:49:23,1,150,t-,-1.2233,https://eclipse.gsfc.nasa.gov/SEcat5/SE1901-2000.html,1daf90d8b3f1763a09b45cc0d838150fc09edbef711fe1be80f2e0c0d8f6d5ff,1901-2000,catalog TD and modeled UT1; not exact UTC,09507  2000 Feb 05  12:50:27     64      1  150   P   t-  -1.2233  0.5795  70S 134E   0,0.5795,-70.0,134.0,0.0,,,,,,,
solar-09508,solar,09508,2000-07-01,2000-07-01T19:33:34,P,P,,64.0,2000-07-01T19:32:30,6,117,-t,-1.2821,https://eclipse.gsfc.nasa.gov/SEcat5/SE1901-2000.html,1daf90d8b3f1763a09b45cc0d838150fc09edbef711fe1be80f2e0c0d8f6d5ff,1901-2000,catalog TD and modeled UT1; not exact UTC,09508  2000 Jul 01  19:33:34     64      6  117   P   -t  -1.2821  0.4768  67S 109W   0,0.4768,-67.0,-109.0,0.0,,,,,,,
lunar-09650,lunar,09650,2000-07-16,2000-07-16T13:56:39,T,T+,+,64.0,2000-07-16T13:55:35,6,129,pp,0.0302,https://eclipse.gsfc.nasa.gov/LEcat5/LE1901-2000.html,972e37819ec3f8e8b3f48fd38a06984636f6733812a1fa2557e25600d2204532,1901-2000,catalog TD and modeled UT1; not exact UTC,09650  2000 Jul 16  13:56:39     64      6  129   T+  pp   0.0302  2.8375  1.7684  374.4  236.0  106.4   21S  153E,,-21.0,153.0,,,,2.8375,1.7684,22464.0,14160.0,6384.0
solar-09509,solar,09509,2000-07-31,2000-07-31T02:14:08,P,P,,64.0,2000-07-31T02:13:04,7,155,t-,1.2166,https://eclipse.gsfc.nasa.gov/SEcat5/SE1901-2000.html,1daf90d8b3f1763a09b45cc0d838150fc09edbef711fe1be80f2e0c0d8f6d5ff,1901-2000,catalog TD and modeled UT1; not exact UTC,09509  2000 Jul 31  02:14:08     64      7  155   P   t-   1.2166  0.6034  70N  60W   0,0.6034,70.0,-60.0,0.0,,,,,,,
solar-09510,solar,09510,2000-12-25,2000-12-25T17:35:57,P,P,,64.0,2000-12-25T17:34:53,12,122,-t,1.1367,https://eclipse.gsfc.nasa.gov/SEcat5/SE1901-2000.html,1daf90d8b3f1763a09b45cc0d838150fc09edbef711fe1be80f2e0c0d8f6d5ff,1901-2000,catalog TD and modeled UT1; not exact UTC,09510  2000 Dec 25  17:35:57     64     12  122   P   -t   1.1367  0.7228  66N  74W   0,0.7228,66.0,-74.0,0.0,,,,,,,
lunar-09651,lunar,09651,2001-01-09,2001-01-09T20:21:40,T,T,,64.0,2001-01-09T20:20:36,12,134,p-,0.372,https://eclipse.gsfc.nasa.gov/LEcat5/LE2001-2100.html,0f640913669a640418f05c173cea0bdeca194fcac6b5b196b6b9ab1b08122792,2001-2100,catalog TD and modeled UT1; not exact UTC,09651  2001 Jan 09  20:21:40     64     12  134   T   p-   0.3720  2.1618  1.1889  311.0  196.3   61.0   22N   57E,,22.0,57.0,,,,2.1618,1.1889,18660.0,11778.0,3660.0
solar-09511,solar,09511,2001-06-21,2001-06-21T12:04:46,T,T,,64.0,2001-06-21T12:03:42,18,127,-p,-0.5701,https://eclipse.gsfc.nasa.gov/SEcat5/SE2001-2100.html,a9c08f5b4b51d5c85ccfa18d8bfccd98ec8a7d93f06e2d40691943b4105acf9e,2001-2100,catalog TD and modeled UT1; not exact UTC,09511  2001 Jun 21  12:04:46     64     18  127   T   -p  -0.5701  1.0495  11S   3E  55  200  04m57s,1.0495,-11.0,3.0,55.0,200.0,297,,,,,
lunar-09652,lunar,09652,2001-07-05,2001-07-05T14:56:23,P,P,,64.0,2001-07-05T14:55:19,18,139,t-,-0.7287,https://eclipse.gsfc.nasa.gov/LEcat5/LE2001-2100.html,0f640913669a640418f05c173cea0bdeca194fcac6b5b196b6b9ab1b08122792,2001-2100,catalog TD and modeled UT1; not exact UTC,09652  2001 Jul 05  14:56:23     64     18  139   P   t-  -0.7287  1.5475  0.4947  325.1  159.3    -     23S  137E,,-23.0,137.0,,,,1.5475,0.4947,19506.0,9558.0,
solar-09512,solar,09512,2001-12-14,2001-12-14T20:53:01,A,A,,64.0,2001-12-14T20:51:57,24,132,-n,0.4089,https://eclipse.gsfc.nasa.gov/SEcat5/SE2001-2100.html,a9c08f5b4b51d5c85ccfa18d8bfccd98ec8a7d93f06e2d40691943b4105acf9e,2001-2100,catalog TD and modeled UT1; not exact UTC,09512  2001 Dec 14  20:53:01     64     24  132   A   -n   0.4089  0.9681   1N 131W  66  126  03m53s,0.9681,1.0,-131.0,66.0,126.0,233,,,,,
lunar-09653,lunar,09653,2001-12-30,2001-12-30T10:30:22,N,N,,64.0,2001-12-30T10:29:18,24,144,a-,1.0731,https://eclipse.gsfc.nasa.gov/LEcat5/LE2001-2100.html,0f640913669a640418f05c173cea0bdeca194fcac6b5b196b6b9ab1b08122792,2001-2100,catalog TD and modeled UT1; not exact UTC,09653  2001 Dec 30  10:30:22     64     24  144   N   a-   1.0731  0.8933 -0.1155  243.5    -      -     24N  157W,,24.0,-157.0,,,,0.8933,-0.1155,14610.0,,
lunar-09654,lunar,09654,2002-05-26,2002-05-26T12:04:26,N,N,,64.0,2002-05-26T12:03:22,29,111,-a,1.1758,https://eclipse.gsfc.nasa.gov/LEcat5/LE2001-2100.html,0f640913669a640418f05c173cea0bdeca194fcac6b5b196b6b9ab1b08122792,2001-2100,catalog TD and modeled UT1; not exact UTC,09654  2002 May 26  12:04:26     64     29  111   N   -a   1.1758  0.6893 -0.2888  216.6    -      -     20S  179E,,-20.0,179.0,,,,0.6893,-0.2888,12996.0,,
solar-09513,solar,09513,2002-06-10,2002-06-10T23:45:22,A,A,,64.0,2002-06-10T23:44:18,30,137,nn,0.1993,https://eclipse.gsfc.nasa.gov/SEcat5/SE2001-2100.html,a9c08f5b4b51d5c85ccfa18d8bfccd98ec8a7d93f06e2d40691943b4105acf9e,2001-2100,catalog TD and modeled UT1; not exact UTC,09513  2002 Jun 10  23:45:22     64     30  137   A   nn   0.1993  0.9962  35N 179W  78   13  00m23s,0.9962,35.0,-179.0,78.0,13.0,23,,,,,
lunar-09655,lunar,09655,2002-06-24,2002-06-24T21:28:13,N,N,,64.0,2002-06-24T21:27:09,30,149,a-,-1.4439,https://eclipse.gsfc.nasa.gov/LEcat5/LE2001-2100.html,0f640913669a640418f05c173cea0bdeca194fcac6b5b196b6b9ab1b08122792,2001-2100,catalog TD and modeled UT1; not exact UTC,09655  2002 Jun 24  21:28:13     64     30  149   N   a-  -1.4439  0.2095 -0.7925  129.1    -      -     25S   39E,,-25.0,39.0,,,,0.2095,-0.7925,7746.0,,
lunar-09656,lunar,09656,2002-11-20,2002-11-20T01:47:40,N,N,,64.0,2002-11-20T01:46:36,35,116,-t,-1.1126,https://eclipse.gsfc.nasa.gov/LEcat5/LE2001-2100.html,0f640913669a640418f05c173cea0bdeca194fcac6b5b196b6b9ab1b08122792,2001-2100,catalog TD and modeled UT1; not exact UTC,09656  2002 Nov 20  01:47:40     64     35  116   N   -t  -1.1126  0.8600 -0.2264  264.3    -      -     19N   30W,,19.0,-30.0,,,,0.86,-0.2264,15858.0,,
solar-09514,solar,09514,2002-12-04,2002-12-04T07:32:16,T,T,,64.0,2002-12-04T07:31:12,36,142,n-,-0.302,https://eclipse.gsfc.nasa.gov/SEcat5/SE2001-2100.html,a9c08f5b4b51d5c85ccfa18d8bfccd98ec8a7d93f06e2d40691943b4105acf9e,2001-2100,catalog TD and modeled UT1; not exact UTC,09514  2002 Dec 04  07:32:16     64     36  142   T   n-  -0.3020  1.0244  39S  60E  72   87  02m04s,1.0244,-39.0,60.0,72.0,87.0,124,,,,,
lunar-09657,lunar,09657,2003-05-16,2003-05-16T03:41:13,T,T,,64.0,2003-05-16T03:40:09,41,121,-a,0.4123,https://eclipse.gsfc.nasa.gov/LEcat5/LE2001-2100.html,0f640913669a640418f05c173cea0bdeca194fcac6b5b196b6b9ab1b08122792,2001-2100,catalog TD and modeled UT1; not exact UTC,09657  2003 May 16  03:41:13     64     41  121   T   -a   0.4123  2.0747  1.1276  306.5  193.9   51.4   19S   56W,,-19.0,-56.0,,,,2.0747,1.1276,18390.0,11634.0,3084.0
solar-09515,solar,09515,2003-05-31,2003-05-31T04:09:22,A,An,n,64.0,2003-05-31T04:08:18,42,147,t-,0.996,https://eclipse.gsfc.nasa.gov/SEcat5/SE2001-2100.html,a9c08f5b4b51d5c85ccfa18d8bfccd98ec8a7d93f06e2d40691943b4105acf9e,2001-2100,catalog TD and modeled UT1; not exact UTC,09515  2003 May 31  04:09:22     64     42  147   An  t-   0.9960  0.9384  67N  24W   3   -   03m37s,0.9384,67.0,-24.0,3.0,,217,,,,,
lunar-09658,lunar,09658,2003-11-09,2003-11-09T01:19:38,T,T,,64.0,2003-11-09T01:18:34,47,126,-t,-0.4319,https://eclipse.gsfc.nasa.gov/LEcat5/LE2001-2100.html,0f640913669a640418f05c173cea0bdeca194fcac6b5b196b6b9ab1b08122792,2001-2100,catalog TD and modeled UT1; not exact UTC,09658  2003 Nov 09  01:19:38     64     47  126   T   -t  -0.4319  2.1139  1.0178  363.2  211.4   22.0   16N   24W,,16.0,-24.0,,,,2.1139,1.0178,21792.0,12684.0,1320.0
solar-09516,solar,09516,2003-11-23,2003-11-23T22:50:22,T,T,,64.0,2003-11-23T22:49:18,48,152,t-,-0.9638,https://eclipse.gsfc.nasa.gov/SEcat5/SE2001-2100.html,a9c08f5b4b51d5c85ccfa18d8bfccd98ec8a7d93f06e2d40691943b4105acf9e,2001-2100,catalog TD and modeled UT1; not exact UTC,09516  2003 Nov 23  22:50:22     64     48  152   T   t-  -0.9638  1.0379  73S  88E  15  495  01m57s,1.0379,-73.0,88.0,15.0,495.0,117,,,,,
solar-09517,solar,09517,2004-04-19,2004-04-19T13:35:05,P,P,,65.0,2004-04-19T13:34:00,53,119,-t,-1.1335,https://eclipse.gsfc.nasa.gov/SEcat5/SE2001-2100.html,a9c08f5b4b51d5c85ccfa18d8bfccd98ec8a7d93f06e2d40691943b4105acf9e,2001-2100,catalog TD and modeled UT1; not exact UTC,09517  2004 Apr 19  13:35:05     65     53  119   P   -t  -1.1335  0.7367  62S  44E   0,0.7367,-62.0,44.0,0.0,,,,,,,
lunar-09659,lunar,09659,2004-05-04,2004-05-04T20:31:17,T,T,,65.0,2004-05-04T20:30:12,53,131,p-,-0.3132,https://eclipse.gsfc.nasa.gov/LEcat5/LE2001-2100.html,0f640913669a640418f05c173cea0bdeca194fcac6b5b196b6b9ab1b08122792,2001-2100,catalog TD and modeled UT1; not exact UTC,09659  2004 May 04  20:31:17     65     53  131   T   p-  -0.3132  2.2627  1.3035  315.7  203.2   75.5   17S   51E,,-17.0,51.0,,,,2.2627,1.3035,18942.0,12192.0,4530.0
solar-09518,solar,09518,2004-10-14,2004-10-14T03:00:23,P,P,,65.0,2004-10-14T02:59:18,59,124,-t,1.0348,https://eclipse.gsfc.nasa.gov/SEcat5/SE2001-2100.html,a9c08f5b4b51d5c85ccfa18d8bfccd98ec8a7d93f06e2d40691943b4105acf9e,2001-2100,catalog TD and modeled UT1; not exact UTC,09518  2004 Oct 14  03:00:23     65     59  124   P   -t   1.0348  0.9282  61N 154W   0,0.9282,61.0,-154.0,0.0,,,,,,,
lunar-09660,lunar,09660,2004-10-28,2004-10-28T03:05:11,T,T,,65.0,2004-10-28T03:04:06,59,136,p-,0.2846,https://eclipse.gsfc.nasa.gov/LEcat5/LE2001-2100.html,0f640913669a640418f05c173cea0bdeca194fcac6b5b196b6b9ab1b08122792,2001-2100,catalog TD and modeled UT1; not exact UTC,09660  2004 Oct 28  03:05:11     65     59  136   T   p-   0.2846  2.3637  1.3081  353.8  218.7   80.5   13N   50W,,13.0,-50.0,,,,2.3637,1.3081,21228.0,13122.0,4830.0
solar-09519,solar,09519,2005-04-08,2005-04-08T20:36:51,H,H,,65.0,2005-04-08T20:35:46,65,129,-n,-0.3473,https://eclipse.gsfc.nasa.gov/SEcat5/SE2001-2100.html,a9c08f5b4b51d5c85ccfa18d8bfccd98ec8a7d93f06e2d40691943b4105acf9e,2001-2100,catalog TD and modeled UT1; not exact UTC,09519  2005 Apr 08  20:36:51     65     65  129   H   -n  -0.3473  1.0074  11S 119W  70   27  00m42s,1.0074,-11.0,-119.0,70.0,27.0,42,,,,,
lunar-09661,lunar,09661,2005-04-24,2005-04-24T09:55:55,N,N,,65.0,2005-04-24T09:54:50,65,141,h-,-1.0885,https://eclipse.gsfc.nasa.gov/LEcat5/LE2001-2100.html,0f640913669a640418f05c173cea0bdeca194fcac6b5b196b6b9ab1b08122792,2001-2100,catalog TD and modeled UT1; not exact UTC,09661  2005 Apr 24  09:55:55     65     65  141   N   h-  -1.0885  0.8650 -0.1436  245.6    -      -     14S  150W,,-14.0,-150.0,,,,0.865,-0.1436,14736.0,,
solar-09520,solar,09520,2005-10-03,2005-10-03T10:32:47,A,A,,65.0,2005-10-03T10:31:42,71,134,-p,0.3306,https://eclipse.gsfc.nasa.gov/SEcat5/SE2001-2100.html,a9c08f5b4b51d5c85ccfa18d8bfccd98ec8a7d93f06e2d40691943b4105acf9e,2001-2100,catalog TD and modeled UT1; not exact UTC,09520  2005 Oct 03  10:32:47     65     71  134   A   -p   0.3306  0.9576  13N  29E  71  162  04m32s,0.9576,13.0,29.0,71.0,162.0,272,,,,,
lunar-09662,lunar,09662,2005-10-17,2005-10-17T12:04:27,P,P,,65.0,2005-10-17T12:03:22,71,146,a-,0.9796,https://eclipse.gsfc.nasa.gov/LEcat5/LE2001-2100.html,0f640913669a640418f05c173cea0bdeca194fcac6b5b196b6b9ab1b08122792,2001-2100,catalog TD and modeled UT1; not exact UTC,09662  2005 Oct 17  12:04:27     65     71  146   P   a-   0.9796  1.0585  0.0625  259.8   56.0    -     10N  175E,,10.0,175.0,,,,1.0585,0.0625,15588.0,3360.0,
lunar-09663,lunar,09663,2006-03-14,2006-03-14T23:48:34,N,Nx,x,65.0,2006-03-14T23:47:29,76,113,-t,1.021,https://eclipse.gsfc.nasa.gov/LEcat5/LE2001-2100.html,0f640913669a640418f05c173cea0bdeca194fcac6b5b196b6b9ab1b08122792,2001-2100,catalog TD and modeled UT1; not exact UTC,09663  2006 Mar 14  23:48:34     65     76  113   Nx  -t   1.0210  1.0300 -0.0604  287.5    -      -      3N    6E,,3.0,6.0,,,,1.03,-0.0604,17250.0,,
solar-09521,solar,09521,2006-03-29,2006-03-29T10:12:23,T,T,,65.0,2006-03-29T10:11:18,77,139,n-,0.3843,https://eclipse.gsfc.nasa.gov/SEcat5/SE2001-2100.html,a9c08f5b4b51d5c85ccfa18d8bfccd98ec8a7d93f06e2d40691943b4105acf9e,2001-2100,catalog TD and modeled UT1; not exact UTC,09521  2006 Mar 29  10:12:23     65     77  139   T   n-   0.3843  1.0515  23N  17E  67  184  04m07s,1.0515,23.0,17.0,67.0,184.0,247,,,,,
lunar-09664,lunar,09664,2006-09-07,2006-09-07T18:52:25,P,P,,65.0,2006-09-07T18:51:20,82,118,-a,-0.9262,https://eclipse.gsfc.nasa.gov/LEcat5/LE2001-2100.html,0f640913669a640418f05c173cea0bdeca194fcac6b5b196b6b9ab1b08122792,2001-2100,catalog TD and modeled UT1; not exact UTC,09664  2006 Sep 07  18:52:25     65     82  118   P   -a  -0.9262  1.1329  0.1837  254.4   91.1    -      7S   77E,,-7.0,77.0,,,,1.1329,0.1837,15264.0,5466.0,
solar-09522,solar,09522,2006-09-22,2006-09-22T11:41:16,A,A,,65.0,2006-09-22T11:40:11,83,144,p-,-0.4062,https://eclipse.gsfc.nasa.gov/SEcat5/SE2001-2100.html,a9c08f5b4b51d5c85ccfa18d8bfccd98ec8a7d93f06e2d40691943b4105acf9e,2001-2100,catalog TD and modeled UT1; not exact UTC,09522  2006 Sep 22  11:41:16     65     83  144   A   p-  -0.4062  0.9352  21S   9W  66  261  07m09s,0.9352,-21.0,-9.0,66.0,261.0,429,,,,,
lunar-09665,lunar,09665,2007-03-03,2007-03-03T23:21:59,T,T,,65.0,2007-03-03T23:20:54,88,123,-p,0.3175,https://eclipse.gsfc.nasa.gov/LEcat5/LE2001-2100.html,0f640913669a640418f05c173cea0bdeca194fcac6b5b196b6b9ab1b08122792,2001-2100,catalog TD and modeled UT1; not exact UTC,09665  2007 Mar 03  23:21:59     65     88  123   T   -p   0.3175  2.3188  1.2328  365.4  221.1   73.4    7N   13E,,7.0,13.0,,,,2.3188,1.2328,21924.0,13266.0,4404.0
solar-09523,solar,09523,2007-03-19,2007-03-19T02:32:57,P,P,,65.0,2007-03-19T02:31:52,89,149,t-,1.0728,https://eclipse.gsfc.nasa.gov/SEcat5/SE2001-2100.html,a9c08f5b4b51d5c85ccfa18d8bfccd98ec8a7d93f06e2d40691943b4105acf9e,2001-2100,catalog TD and modeled UT1; not exact UTC,09523  2007 Mar 19  02:32:57     65     89  149   P   t-   1.0728  0.8756  61N  55E   0,0.8756,61.0,55.0,0.0,,,,,,,
lunar-09666,lunar,09666,2007-08-28,2007-08-28T10:38:27,T,T-,-,66.0,2007-08-28T10:37:21,94,128,-p,-0.2145,https://eclipse.gsfc.nasa.gov/LEcat5/LE2001-2100.html,0f640913669a640418f05c173cea0bdeca194fcac6b5b196b6b9ab1b08122792,2001-2100,catalog TD and modeled UT1; not exact UTC,09666  2007 Aug 28  10:38:27     66     94  128   T-  -p  -0.2145  2.4526  1.4758  327.3  212.2   90.0   10S  159W,,-10.0,-159.0,,,,2.4526,1.4758,19638.0,12732.0,5400.0
solar-09524,solar,09524,2007-09-11,2007-09-11T12:32:24,P,P,,66.0,2007-09-11T12:31:18,95,154,t-,-1.1255,https://eclipse.gsfc.nasa.gov/SEcat5/SE2001-2100.html,a9c08f5b4b51d5c85ccfa18d8bfccd98ec8a7d93f06e2d40691943b4105acf9e,2001-2100,catalog TD and modeled UT1; not exact UTC,09524  2007 Sep 11  12:32:24     66     95  154   P   t-  -1.1255  0.7507  61S  90W   0,0.7507,-61.0,-90.0,0.0,,,,,,,
solar-09525,solar,09525,2008-02-07,2008-02-07T03:56:10,A,A,,66.0,2008-02-07T03:55:04,100,121,-t,-0.957,https://eclipse.gsfc.nasa.gov/SEcat5/SE2001-2100.html,a9c08f5b4b51d5c85ccfa18d8bfccd98ec8a7d93f06e2d40691943b4105acf9e,2001-2100,catalog TD and modeled UT1; not exact UTC,09525  2008 Feb 07  03:56:10     66    100  121   A   -t  -0.9570  0.9650  68S 150W  16  444  02m12s,0.965,-68.0,-150.0,16.0,444.0,132,,,,,
lunar-09667,lunar,09667,2008-02-21,2008-02-21T03:27:09,T,T,,66.0,2008-02-21T03:26:03,100,133,a-,-0.3992,https://eclipse.gsfc.nasa.gov/LEcat5/LE2001-2100.html,0f640913669a640418f05c173cea0bdeca194fcac6b5b196b6b9ab1b08122792,2001-2100,catalog TD and modeled UT1; not exact UTC,09667  2008 Feb 21  03:27:09     66    100  133   T   a-  -0.3992  2.1451  1.1062  339.0  205.4   49.8   10N   48W,,10.0,-48.0,,,,2.1451,1.1062,20340.0,12324.0,2988.0
solar-09526,solar,09526,2008-08-01,2008-08-01T10:22:12,T,T,,66.0,2008-08-01T10:21:06,106,126,-p,0.8307,https://eclipse.gsfc.nasa.gov/SEcat5/SE2001-2100.html,a9c08f5b4b51d5c85ccfa18d8bfccd98ec8a7d93f06e2d40691943b4105acf9e,2001-2100,catalog TD and modeled UT1; not exact UTC,09526  2008 Aug 01  10:22:12     66    106  126   T   -p   0.8307  1.0394  66N  72E  34  237  02m27s,1.0394,66.0,72.0,34.0,237.0,147,,,,,
lunar-09668,lunar,09668,2008-08-16,2008-08-16T21:11:12,P,P,,66.0,2008-08-16T21:10:06,106,138,t-,0.5646,https://eclipse.gsfc.nasa.gov/LEcat5/LE2001-2100.html,0f640913669a640418f05c173cea0bdeca194fcac6b5b196b6b9ab1b08122792,2001-2100,catalog TD and modeled UT1; not exact UTC,09668  2008 Aug 16  21:11:12     66    106  138   P   t-   0.5646  1.8366  0.8076  330.5  188.1    -     13S   43E,,-13.0,43.0,,,,1.8366,0.8076,19830.0,11286.0,
solar-09527,solar,09527,2009-01-26,2009-01-26T07:59:45,A,A,,66.0,2009-01-26T07:58:39,112,131,-n,-0.282,https://eclipse.gsfc.nasa.gov/SEcat5/SE2001-2100.html,a9c08f5b4b51d5c85ccfa18d8bfccd98ec8a7d93f06e2d40691943b4105acf9e,2001-2100,catalog TD and modeled UT1; not exact UTC,09527  2009 Jan 26  07:59:45     66    112  131   A   -n  -0.2820  0.9282  34S  70E  73  280  07m54s,0.9282,-34.0,70.0,73.0,280.0,474,,,,,
lunar-09669,lunar,09669,2009-02-09,2009-02-09T14:39:22,N,N,,66.0,2009-02-09T14:38:16,112,143,a-,-1.064,https://eclipse.gsfc.nasa.gov/LEcat5/LE2001-2100.html,0f640913669a640418f05c173cea0bdeca194fcac6b5b196b6b9ab1b08122792,2001-2100,catalog TD and modeled UT1; not exact UTC,09669  2009 Feb 09  14:39:22     66    112  143   N   a-  -1.0640  0.8994 -0.0882  238.8    -      -     14N  144E,,14.0,144.0,,,,0.8994,-0.0882,14328.0,,
lunar-09670,lunar,09670,2009-07-07,2009-07-07T09:39:43,N,N,,66.0,2009-07-07T09:38:37,117,110,-t,-1.4915,https://eclipse.gsfc.nasa.gov/LEcat5/LE2001-2100.html,0f640913669a640418f05c173cea0bdeca194fcac6b5b196b6b9ab1b08122792,2001-2100,catalog TD and modeled UT1; not exact UTC,09670  2009 Jul 07  09:39:43     66    117  110   N   -t  -1.4915  0.1562 -0.9133  121.5    -      -     24S  143W,,-24.0,-143.0,,,,0.1562,-0.9133,7290.0,,
solar-09528,solar,09528,2009-07-22,2009-07-22T02:36:25,T,T,,66.0,2009-07-22T02:35:19,118,136,nn,0.0698,https://eclipse.gsfc.nasa.gov/SEcat5/SE2001-2100.html,a9c08f5b4b51d5c85ccfa18d8bfccd98ec8a7d93f06e2d40691943b4105acf9e,2001-2100,catalog TD and modeled UT1; not exact UTC,09528  2009 Jul 22  02:36:25     66    118  136   T   nn   0.0698  1.0799  24N 144E  86  258  06m39s,1.0799,24.0,144.0,86.0,258.0,399,,,,,
lunar-09671,lunar,09671,2009-08-06,2009-08-06T00:40:18,N,N,,66.0,2009-08-06T00:39:12,118,148,t-,1.3572,https://eclipse.gsfc.nasa.gov/LEcat5/LE2001-2100.html,0f640913669a640418f05c173cea0bdeca194fcac6b5b196b6b9ab1b08122792,2001-2100,catalog TD and modeled UT1; not exact UTC,09671  2009 Aug 06  00:40:18     66    118  148   N   t-   1.3572  0.4019 -0.6661  189.8    -      -     16S    9W,,-16.0,-9.0,,,,0.4019,-0.6661,11388.0,,
lunar-09672,lunar,09672,2009-12-31,2009-12-31T19:23:46,P,P,,67.0,2009-12-31T19:22:39,123,115,-a,0.9765,https://eclipse.gsfc.nasa.gov/LEcat5/LE2001-2100.html,0f640913669a640418f05c173cea0bdeca194fcac6b5b196b6b9ab1b08122792,2001-2100,catalog TD and modeled UT1; not exact UTC,09672  2009 Dec 31  19:23:46     67    123  115   P   -a   0.9765  1.0556  0.0763  251.1   60.0    -     24N   70E,,24.0,70.0,,,,1.0556,0.0763,15066.0,3600.0,
solar-09529,solar,09529,2010-01-15,2010-01-15T07:07:39,A,A,,67.0,2010-01-15T07:06:32,124,141,p-,0.4002,https://eclipse.gsfc.nasa.gov/SEcat5/SE2001-2100.html,a9c08f5b4b51d5c85ccfa18d8bfccd98ec8a7d93f06e2d40691943b4105acf9e,2001-2100,catalog TD and modeled UT1; not exact UTC,09529  2010 Jan 15  07:07:39     67    124  141   A   p-   0.4002  0.9190   2N  69E  66  333  11m08s,0.919,2.0,69.0,66.0,333.0,668,,,,,
lunar-09673,lunar,09673,2010-06-26,2010-06-26T11:39:34,P,P,,67.0,2010-06-26T11:38:27,129,120,-t,-0.7091,https://eclipse.gsfc.nasa.gov/LEcat5/LE2001-2100.html,0f640913669a640418f05c173cea0bdeca194fcac6b5b196b6b9ab1b08122792,2001-2100,catalog TD and modeled UT1; not exact UTC,09673  2010 Jun 26  11:39:34     67    129  120   P   -t  -0.7091  1.5773  0.5368  322.1  162.9    -     24S  174W,,-24.0,-174.0,,,,1.5773,0.5368,19326.0,9774.0,
solar-09530,solar,09530,2010-07-11,2010-07-11T19:34:38,T,T,,67.0,2010-07-11T19:33:31,130,146,p-,-0.6788,https://eclipse.gsfc.nasa.gov/SEcat5/SE2001-2100.html,a9c08f5b4b51d5c85ccfa18d8bfccd98ec8a7d93f06e2d40691943b4105acf9e,2001-2100,catalog TD and modeled UT1; not exact UTC,09530  2010 Jul 11  19:34:38     67    130  146   T   p-  -0.6788  1.0580  20S 122W  47  259  05m20s,1.058,-20.0,-122.0,47.0,259.0,320,,,,,
lunar-09674,lunar,09674,2010-12-21,2010-12-21T08:18:04,T,T,,67.0,2010-12-21T08:16:57,135,125,-p,0.3214,https://eclipse.gsfc.nasa.gov/LEcat5/LE2001-2100.html,0f640913669a640418f05c173cea0bdeca194fcac6b5b196b6b9ab1b08122792,2001-2100,catalog TD and modeled UT1; not exact UTC,09674  2010 Dec 21  08:18:04     67    135  125   T   -p   0.3214  2.2807  1.2561  335.1  208.7   72.3   24N  125W,,24.0,-125.0,,,,2.2807,1.2561,20106.0,12522.0,4338.0
solar-09531,solar,09531,2011-01-04,2011-01-04T08:51:42,P,P,,67.0,2011-01-04T08:50:35,136,151,t-,1.0627,https://eclipse.gsfc.nasa.gov/SEcat5/SE2001-2100.html,a9c08f5b4b51d5c85ccfa18d8bfccd98ec8a7d93f06e2d40691943b4105acf9e,2001-2100,catalog TD and modeled UT1; not exact UTC,09531  2011 Jan 04  08:51:42     67    136  151   P   t-   1.0627  0.8576  65N  21E   0,0.8576,65.0,21.0,0.0,,,,,,,
solar-09532,solar,09532,2011-06-01,2011-06-01T21:17:18,P,P,,67.0,2011-06-01T21:16:11,141,118,-t,1.213,https://eclipse.gsfc.nasa.gov/SEcat5/SE2001-2100.html,a9c08f5b4b51d5c85ccfa18d8bfccd98ec8a7d93f06e2d40691943b4105acf9e,2001-2100,catalog TD and modeled UT1; not exact UTC,09532  2011 Jun 01  21:17:18     67    141  118   P   -t   1.2130  0.6010  68N  47E   0,0.601,68.0,47.0,0.0,,,,,,,
lunar-09675,lunar,09675,2011-06-15,2011-06-15T20:13:43,T,T+,+,67.0,2011-06-15T20:12:36,141,130,pp,0.0897,https://eclipse.gsfc.nasa.gov/LEcat5/LE2001-2100.html,0f640913669a640418f05c173cea0bdeca194fcac6b5b196b6b9ab1b08122792,2001-2100,catalog TD and modeled UT1; not exact UTC,09675  2011 Jun 15  20:13:43     67    141  130   T+  pp   0.0897  2.6868  1.6999  336.1  219.3  100.2   23S   57E,,-23.0,57.0,,,,2.6868,1.6999,20166.0,13158.0,6012.0
solar-09533,solar,09533,2011-07-01,2011-07-01T08:39:30,P,Pb,b,67.0,2011-07-01T08:38:23,142,156,t-,-1.4917,https://eclipse.gsfc.nasa.gov/SEcat5/SE2001-2100.html,a9c08f5b4b51d5c85ccfa18d8bfccd98ec8a7d93f06e2d40691943b4105acf9e,2001-2100,catalog TD and modeled UT1; not exact UTC,09533  2011 Jul 01  08:39:30     67    142  156   Pb  t-  -1.4917  0.0971  65S  29E   0,0.0971,-65.0,29.0,0.0,,,,,,,
solar-09534,solar,09534,2011-11-25,2011-11-25T06:21:24,P,P,,68.0,2011-11-25T06:20:16,147,123,-t,-1.0536,https://eclipse.gsfc.nasa.gov/SEcat5/SE2001-2100.html,a9c08f5b4b51d5c85ccfa18d8bfccd98ec8a7d93f06e2d40691943b4105acf9e,2001-2100,catalog TD and modeled UT1; not exact UTC,09534  2011 Nov 25  06:21:24     68    147  123   P   -t  -1.0536  0.9047  69S  82W   0,0.9047,-69.0,-82.0,0.0,,,,,,,
lunar-09676,lunar,09676,2011-12-10,2011-12-10T14:32:56,T,T,,68.0,2011-12-10T14:31:48,147,135,p-,-0.3882,https://eclipse.gsfc.nasa.gov/LEcat5/LE2001-2100.html,0f640913669a640418f05c173cea0bdeca194fcac6b5b196b6b9ab1b08122792,2001-2100,catalog TD and modeled UT1; not exact UTC,09676  2011 Dec 10  14:32:56     68    147  135   T   p-  -0.3882  2.1860  1.1061  356.4  212.2   51.1   23N  140E,,23.0,140.0,,,,2.186,1.1061,21384.0,12732.0,3066.0
solar-09535,solar,09535,2012-05-20,2012-05-20T23:53:54,A,A,,68.0,2012-05-20T23:52:46,153,128,-p,0.4828,https://eclipse.gsfc.nasa.gov/SEcat5/SE2001-2100.html,a9c08f5b4b51d5c85ccfa18d8bfccd98ec8a7d93f06e2d40691943b4105acf9e,2001-2100,catalog TD and modeled UT1; not exact UTC,09535  2012 May 20  23:53:54     68    153  128   A   -p   0.4828  0.9439  49N 176E  61  237  05m46s,0.9439,49.0,176.0,61.0,237.0,346,,,,,
lunar-09677,lunar,09677,2012-06-04,2012-06-04T11:04:20,P,P,,68.0,2012-06-04T11:03:12,153,140,a-,0.8247,https://eclipse.gsfc.nasa.gov/LEcat5/LE2001-2100.html,0f640913669a640418f05c173cea0bdeca194fcac6b5b196b6b9ab1b08122792,2001-2100,catalog TD and modeled UT1; not exact UTC,09677  2012 Jun 04  11:04:20     68    153  140   P   a-   0.8247  1.3183  0.3704  270.0  126.6    -     22S  166W,,-22.0,-166.0,,,,1.3183,0.3704,16200.0,7596.0,
solar-09536,solar,09536,2012-11-13,2012-11-13T22:12:55,T,T,,68.0,2012-11-13T22:11:47,159,133,-n,-0.3719,https://eclipse.gsfc.nasa.gov/SEcat5/SE2001-2100.html,a9c08f5b4b51d5c85ccfa18d8bfccd98ec8a7d93f06e2d40691943b4105acf9e,2001-2100,catalog TD and modeled UT1; not exact UTC,09536  2012 Nov 13  22:12:55     68    159  133   T   -n  -0.3719  1.0500  40S 161W  68  179  04m02s,1.05,-40.0,-161.0,68.0,179.0,242,,,,,
lunar-09678,lunar,09678,2012-11-28,2012-11-28T14:34:07,N,N,,68.0,2012-11-28T14:32:59,159,145,t-,-1.0869,https://eclipse.gsfc.nasa.gov/LEcat5/LE2001-2100.html,0f640913669a640418f05c173cea0bdeca194fcac6b5b196b6b9ab1b08122792,2001-2100,catalog TD and modeled UT1; not exact UTC,09678  2012 Nov 28  14:34:07     68    159  145   N   t-  -1.0869  0.9155 -0.1873  276.0    -      -     20N  139E,,20.0,139.0,,,,0.9155,-0.1873,16560.0,,
lunar-09679,lunar,09679,2013-04-25,2013-04-25T20:08:38,P,P,,68.0,2013-04-25T20:07:30,164,112,-a,-1.0121,https://eclipse.gsfc.nasa.gov/LEcat5/LE2001-2100.html,0f640913669a640418f05c173cea0bdeca194fcac6b5b196b6b9ab1b08122792,2001-2100,catalog TD and modeled UT1; not exact UTC,09679  2013 Apr 25  20:08:38     68    164  112   P   -a  -1.0121  0.9866  0.0148  247.7   27.0    -     14S   57E,,-14.0,57.0,,,,0.9866,0.0148,14862.0,1620.0,
solar-09537,solar,09537,2013-05-10,2013-05-10T00:26:20,A,A,,68.0,2013-05-10T00:25:12,165,138,pn,-0.2694,https://eclipse.gsfc.nasa.gov/SEcat5/SE2001-2100.html,a9c08f5b4b51d5c85ccfa18d8bfccd98ec8a7d93f06e2d40691943b4105acf9e,2001-2100,catalog TD and modeled UT1; not exact UTC,09537  2013 May 10  00:26:20     68    165  138   A   pn  -0.2694  0.9544   2N 175E  74  173  06m03s,0.9544,2.0,175.0,74.0,173.0,363,,,,,
lunar-09680,lunar,09680,2013-05-25,2013-05-25T04:11:06,N,Nb,b,68.0,2013-05-25T04:09:58,165,150,a-,1.535,https://eclipse.gsfc.nasa.gov/LEcat5/LE2001-2100.html,0f640913669a640418f05c173cea0bdeca194fcac6b5b196b6b9ab1b08122792,2001-2100,catalog TD and modeled UT1; not exact UTC,09680  2013 May 25  04:11:06     68    165  150   Nb  a-   1.5350  0.0157 -0.9335   33.6    -      -     19S   63W,,-19.0,-63.0,,,,0.0157,-0.9335,2016.0,,
lunar-09681,lunar,09681,2013-10-18,2013-10-18T23:51:25,N,N,,68.0,2013-10-18T23:50:17,170,117,-h,1.1508,https://eclipse.gsfc.nasa.gov/LEcat5/LE2001-2100.html,0f640913669a640418f05c173cea0bdeca194fcac6b5b196b6b9ab1b08122792,2001-2100,catalog TD and modeled UT1; not exact UTC,09681  2013 Oct 18  23:51:25     68    170  117   N   -h   1.1508  0.7649 -0.2718  239.1    -      -     11N    2W,,11.0,-2.0,,,,0.7649,-0.2718,14346.0,,
solar-09538,solar,09538,2013-11-03,2013-11-03T12:47:36,H,H3,3,68.0,2013-11-03T12:46:28,171,143,n-,0.3272,https://eclipse.gsfc.nasa.gov/SEcat5/SE2001-2100.html,a9c08f5b4b51d5c85ccfa18d8bfccd98ec8a7d93f06e2d40691943b4105acf9e,2001-2100,catalog TD and modeled UT1; not exact UTC,09538  2013 Nov 03  12:47:36     68    171  143   H3  n-   0.3272  1.0159   3N  12W  71   58  01m40s,1.0159,3.0,-12.0,71.0,58.0,100,,,,,
lunar-09682,lunar,09682,2014-04-15,2014-04-15T07:46:48,T,T,,69.0,2014-04-15T07:45:39,176,122,-a,-0.3017,https://eclipse.gsfc.nasa.gov/LEcat5/LE2001-2100.html,0f640913669a640418f05c173cea0bdeca194fcac6b5b196b6b9ab1b08122792,2001-2100,catalog TD and modeled UT1; not exact UTC,09682  2014 Apr 15  07:46:48     69    176  122   T   -a  -0.3017  2.3182  1.2907  343.9  214.7   77.8   10S  116W,,-10.0,-116.0,,,,2.3182,1.2907,20634.0,12882.0,4668.0
solar-09539,solar,09539,2014-04-29,2014-04-29T06:04:33,A,A-,-,69.0,2014-04-29T06:03:24,177,148,t-,-1.0,https://eclipse.gsfc.nasa.gov/SEcat5/SE2001-2100.html,a9c08f5b4b51d5c85ccfa18d8bfccd98ec8a7d93f06e2d40691943b4105acf9e,2001-2100,catalog TD and modeled UT1; not exact UTC,09539  2014 Apr 29  06:04:33     69    177  148   A-  t-  -1.0000  0.9868  71S 131E   0,0.9868,-71.0,131.0,0.0,,,,,,,
lunar-09683,lunar,09683,2014-10-08,2014-10-08T10:55:44,T,T,,69.0,2014-10-08T10:54:35,182,127,-p,0.3826,https://eclipse.gsfc.nasa.gov/LEcat5/LE2001-2100.html,0f640913669a640418f05c173cea0bdeca194fcac6b5b196b6b9ab1b08122792,2001-2100,catalog TD and modeled UT1; not exact UTC,09683  2014 Oct 08  10:55:44     69    182  127   T   -p   0.3826  2.1456  1.1659  318.1  199.5   58.8    6N  167W,,6.0,-167.0,,,,2.1456,1.1659,19086.0,11970.0,3528.0
solar-09540,solar,09540,2014-10-23,2014-10-23T21:45:39,P,P,,69.0,2014-10-23T21:44:30,183,153,t-,1.0908,https://eclipse.gsfc.nasa.gov/SEcat5/SE2001-2100.html,a9c08f5b4b51d5c85ccfa18d8bfccd98ec8a7d93f06e2d40691943b4105acf9e,2001-2100,catalog TD and modeled UT1; not exact UTC,09540  2014 Oct 23  21:45:39     69    183  153   P   t-   1.0908  0.8114  71N  97W   0,0.8114,71.0,-97.0,0.0,,,,,,,
solar-09541,solar,09541,2015-03-20,2015-03-20T09:46:47,T,T,,69.0,2015-03-20T09:45:38,188,120,-t,0.9454,https://eclipse.gsfc.nasa.gov/SEcat5/SE2001-2100.html,a9c08f5b4b51d5c85ccfa18d8bfccd98ec8a7d93f06e2d40691943b4105acf9e,2001-2100,catalog TD and modeled UT1; not exact UTC,09541  2015 Mar 20  09:46:47     69    188  120   T   -t   0.9454  1.0445  64N   7W  18  463  02m47s,1.0445,64.0,-7.0,18.0,463.0,167,,,,,
lunar-09684,lunar,09684,2015-04-04,2015-04-04T12:01:24,T,T,,69.0,2015-04-04T12:00:15,188,132,t-,0.446,https://eclipse.gsfc.nasa.gov/LEcat5/LE2001-2100.html,0f640913669a640418f05c173cea0bdeca194fcac6b5b196b6b9ab1b08122792,2001-2100,catalog TD and modeled UT1; not exact UTC,09684  2015 Apr 04  12:01:24     69    188  132   T   t-   0.4460  2.0792  1.0008  357.5  209.0    4.7    5S  179W,,-5.0,-179.0,,,,2.0792,1.0008,21450.0,12540.0,282.0
solar-09542,solar,09542,2015-09-13,2015-09-13T06:55:19,P,P,,69.0,2015-09-13T06:54:10,194,125,-t,-1.1004,https://eclipse.gsfc.nasa.gov/SEcat5/SE2001-2100.html,a9c08f5b4b51d5c85ccfa18d8bfccd98ec8a7d93f06e2d40691943b4105acf9e,2001-2100,catalog TD and modeled UT1; not exact UTC,09542  2015 Sep 13  06:55:19     69    194  125   P   -t  -1.1004  0.7875  72S   2W   0,0.7875,-72.0,-2.0,0.0,,,,,,,
lunar-09685,lunar,09685,2015-09-28,2015-09-28T02:48:17,T,T,,69.0,2015-09-28T02:47:08,194,137,p-,-0.3296,https://eclipse.gsfc.nasa.gov/LEcat5/LE2001-2100.html,0f640913669a640418f05c173cea0bdeca194fcac6b5b196b6b9ab1b08122792,2001-2100,catalog TD and modeled UT1; not exact UTC,09685  2015 Sep 28  02:48:17     69    194  137   T   p-  -0.3296  2.2296  1.2764  310.7  199.9   71.9    2N   44W,,2.0,-44.0,,,,2.2296,1.2764,18642.0,11994.0,4314.0
solar-09543,solar,09543,2016-03-09,2016-03-09T01:58:19,T,T,,70.0,2016-03-09T01:57:09,200,130,-n,0.2609,https://eclipse.gsfc.nasa.gov/SEcat5/SE2001-2100.html,a9c08f5b4b51d5c85ccfa18d8bfccd98ec8a7d93f06e2d40691943b4105acf9e,2001-2100,catalog TD and modeled UT1; not exact UTC,09543  2016 Mar 09  01:58:19     70    200  130   T   -n   0.2609  1.0450  10N 149E  75  155  04m09s,1.045,10.0,149.0,75.0,155.0,249,,,,,
lunar-09686,lunar,09686,2016-03-23,2016-03-23T11:48:21,N,N,,70.0,2016-03-23T11:47:11,200,142,t-,1.1591,https://eclipse.gsfc.nasa.gov/LEcat5/LE2001-2100.html,0f640913669a640418f05c173cea0bdeca194fcac6b5b196b6b9ab1b08122792,2001-2100,catalog TD and modeled UT1; not exact UTC,09686  2016 Mar 23  11:48:21     70    200  142   N   t-   1.1591  0.7747 -0.3118  255.4    -      -      0S  175W,,-0.0,-175.0,,,,0.7747,-0.3118,15324.0,,
solar-09544,solar,09544,2016-09-01,2016-09-01T09:08:02,A,A,,70.0,2016-09-01T09:06:52,206,135,-n,-0.333,https://eclipse.gsfc.nasa.gov/SEcat5/SE2001-2100.html,a9c08f5b4b51d5c85ccfa18d8bfccd98ec8a7d93f06e2d40691943b4105acf9e,2001-2100,catalog TD and modeled UT1; not exact UTC,09544  2016 Sep 01  09:08:02     70    206  135   A   -n  -0.3330  0.9736  11S  38E  70  100  03m06s,0.9736,-11.0,38.0,70.0,100.0,186,,,,,
lunar-09687,lunar,09687,2016-09-16,2016-09-16T18:55:27,N,N,,70.0,2016-09-16T18:54:17,206,147,a-,-1.0548,https://eclipse.gsfc.nasa.gov/LEcat5/LE2001-2100.html,0f640913669a640418f05c173cea0bdeca194fcac6b5b196b6b9ab1b08122792,2001-2100,catalog TD and modeled UT1; not exact UTC,09687  2016 Sep 16  18:55:27     70    206  147   N   a-  -1.0548  0.9080 -0.0635  239.3    -      -      3S   75E,,-3.0,75.0,,,,0.908,-0.0635,14358.0,,
lunar-09688,lunar,09688,2017-02-11,2017-02-11T00:45:03,N,N,,70.0,2017-02-11T00:43:53,211,114,-a,-1.0254,https://eclipse.gsfc.nasa.gov/LEcat5/LE2001-2100.html,0f640913669a640418f05c173cea0bdeca194fcac6b5b196b6b9ab1b08122792,2001-2100,catalog TD and modeled UT1; not exact UTC,09688  2017 Feb 11  00:45:03     70    211  114   N   -a  -1.0254  0.9884 -0.0354  259.2    -      -     13N    8W,,13.0,-8.0,,,,0.9884,-0.0354,15552.0,,
solar-09545,solar,09545,2017-02-26,2017-02-26T14:54:33,A,A,,70.0,2017-02-26T14:53:23,212,140,n-,-0.4578,https://eclipse.gsfc.nasa.gov/SEcat5/SE2001-2100.html,a9c08f5b4b51d5c85ccfa18d8bfccd98ec8a7d93f06e2d40691943b4105acf9e,2001-2100,catalog TD and modeled UT1; not exact UTC,09545  2017 Feb 26  14:54:33     70    212  140   A   n-  -0.4578  0.9922  35S  31W  63   31  00m44s,0.9922,-35.0,-31.0,63.0,31.0,44,,,,,
lunar-09689,lunar,09689,2017-08-07,2017-08-07T18:21:38,P,P,,70.0,2017-08-07T18:20:28,217,119,-t,0.8668,https://eclipse.gsfc.nasa.gov/LEcat5/LE2001-2100.html,0f640913669a640418f05c173cea0bdeca194fcac6b5b196b6b9ab1b08122792,2001-2100,catalog TD and modeled UT1; not exact UTC,09689  2017 Aug 07  18:21:38     70    217  119   P   -t   0.8668  1.2886  0.2464  300.9  115.2    -     15S   86E,,-15.0,86.0,,,,1.2886,0.2464,18054.0,6912.0,
solar-09546,solar,09546,2017-08-21,2017-08-21T18:26:40,T,T,,70.0,2017-08-21T18:25:30,218,145,p-,0.4367,https://eclipse.gsfc.nasa.gov/SEcat5/SE2001-2100.html,a9c08f5b4b51d5c85ccfa18d8bfccd98ec8a7d93f06e2d40691943b4105acf9e,2001-2100,catalog TD and modeled UT1; not exact UTC,09546  2017 Aug 21  18:26:40     70    218  145   T   p-   0.4367  1.0306  37N  88W  64  115  02m40s,1.0306,37.0,-88.0,64.0,115.0,160,,,,,
lunar-09690,lunar,09690,2018-01-31,2018-01-31T13:31:00,T,T,,71.0,2018-01-31T13:29:49,223,124,-p,-0.3014,https://eclipse.gsfc.nasa.gov/LEcat5/LE2001-2100.html,0f640913669a640418f05c173cea0bdeca194fcac6b5b196b6b9ab1b08122792,2001-2100,catalog TD and modeled UT1; not exact UTC,09690  2018 Jan 31  13:31:00     71    223  124   T   -p  -0.3014  2.2941  1.3155  317.2  202.7   76.1   17N  161E,,17.0,161.0,,,,2.2941,1.3155,19032.0,12162.0,4566.0
solar-09547,solar,09547,2018-02-15,2018-02-15T20:52:33,P,P,,71.0,2018-02-15T20:51:22,224,150,t-,-1.2116,https://eclipse.gsfc.nasa.gov/SEcat5/SE2001-2100.html,a9c08f5b4b51d5c85ccfa18d8bfccd98ec8a7d93f06e2d40691943b4105acf9e,2001-2100,catalog TD and modeled UT1; not exact UTC,09547  2018 Feb 15  20:52:33     71    224  150   P   t-  -1.2116  0.5991  71S   1E   0,0.5991,-71.0,1.0,0.0,,,,,,,
solar-09548,solar,09548,2018-07-13,2018-07-13T03:02:16,P,P,,71.0,2018-07-13T03:01:05,229,117,-t,-1.3542,https://eclipse.gsfc.nasa.gov/SEcat5/SE2001-2100.html,a9c08f5b4b51d5c85ccfa18d8bfccd98ec8a7d93f06e2d40691943b4105acf9e,2001-2100,catalog TD and modeled UT1; not exact UTC,09548  2018 Jul 13  03:02:16     71    229  117   P   -t  -1.3542  0.3365  68S 127E   0,0.3365,-68.0,127.0,0.0,,,,,,,
lunar-09691,lunar,09691,2018-07-27,2018-07-27T20:22:54,T,T+,+,71.0,2018-07-27T20:21:43,229,129,pp,0.1168,https://eclipse.gsfc.nasa.gov/LEcat5/LE2001-2100.html,0f640913669a640418f05c173cea0bdeca194fcac6b5b196b6b9ab1b08122792,2001-2100,catalog TD and modeled UT1; not exact UTC,09691  2018 Jul 27  20:22:54     71    229  129   T+  pp   0.1168  2.6792  1.6087  373.8  234.5  103.0   19S   56E,,-19.0,56.0,,,,2.6792,1.6087,22428.0,14070.0,6180.0
solar-09549,solar,09549,2018-08-11,2018-08-11T09:47:28,P,P,,71.0,2018-08-11T09:46:17,230,155,t-,1.1476,https://eclipse.gsfc.nasa.gov/SEcat5/SE2001-2100.html,a9c08f5b4b51d5c85ccfa18d8bfccd98ec8a7d93f06e2d40691943b4105acf9e,2001-2100,catalog TD and modeled UT1; not exact UTC,09549  2018 Aug 11  09:47:28     71    230  155   P   t-   1.1476  0.7368  70N 174E   0,0.7368,70.0,174.0,0.0,,,,,,,
solar-09550,solar,09550,2019-01-06,2019-01-06T01:42:38,P,P,,71.0,2019-01-06T01:41:27,235,122,-t,1.1417,https://eclipse.gsfc.nasa.gov/SEcat5/SE2001-2100.html,a9c08f5b4b51d5c85ccfa18d8bfccd98ec8a7d93f06e2d40691943b4105acf9e,2001-2100,catalog TD and modeled UT1; not exact UTC,09550  2019 Jan 06  01:42:38     71    235  122   P   -t   1.1417  0.7145  67N 154E   0,0.7145,67.0,154.0,0.0,,,,,,,
lunar-09692,lunar,09692,2019-01-21,2019-01-21T05:13:27,T,T,,71.0,2019-01-21T05:12:16,235,134,p-,0.3684,https://eclipse.gsfc.nasa.gov/LEcat5/LE2001-2100.html,0f640913669a640418f05c173cea0bdeca194fcac6b5b196b6b9ab1b08122792,2001-2100,catalog TD and modeled UT1; not exact UTC,09692  2019 Jan 21  05:13:27     71    235  134   T   p-   0.3684  2.1684  1.1953  311.5  196.8   62.0   20N   75W,,20.0,-75.0,,,,2.1684,1.1953,18690.0,11808.0,3720.0
solar-09551,solar,09551,2019-07-02,2019-07-02T19:24:07,T,T,,71.0,2019-07-02T19:22:56,241,127,-p,-0.6466,https://eclipse.gsfc.nasa.gov/SEcat5/SE2001-2100.html,a9c08f5b4b51d5c85ccfa18d8bfccd98ec8a7d93f06e2d40691943b4105acf9e,2001-2100,catalog TD and modeled UT1; not exact UTC,09551  2019 Jul 02  19:24:07     71    241  127   T   -p  -0.6466  1.0459  17S 109W  50  201  04m33s,1.0459,-17.0,-109.0,50.0,201.0,273,,,,,
lunar-09693,lunar,09693,2019-07-16,2019-07-16T21:31:55,P,P,,71.0,2019-07-16T21:30:44,241,139,t-,-0.643,https://eclipse.gsfc.nasa.gov/LEcat5/LE2001-2100.html,0f640913669a640418f05c173cea0bdeca194fcac6b5b196b6b9ab1b08122792,2001-2100,catalog TD and modeled UT1; not exact UTC,09693  2019 Jul 16  21:31:55     71    241  139   P   t-  -0.6430  1.7037  0.6531  333.7  177.9    -     22S   39E,,-22.0,39.0,,,,1.7037,0.6531,20022.0,10674.0,
solar-09552,solar,09552,2019-12-26,2019-12-26T05:18:53,A,A,,72.0,2019-12-26T05:17:41,247,132,-n,0.4135,https://eclipse.gsfc.nasa.gov/SEcat5/SE2001-2100.html,a9c08f5b4b51d5c85ccfa18d8bfccd98ec8a7d93f06e2d40691943b4105acf9e,2001-2100,catalog TD and modeled UT1; not exact UTC,09552  2019 Dec 26  05:18:53     72    247  132   A   -n   0.4135  0.9701   1N 102E  66  118  03m40s,0.9701,1.0,102.0,66.0,118.0,220,,,,,
lunar-09694,lunar,09694,2020-01-10,2020-01-10T19:11:11,N,N,,72.0,2020-01-10T19:09:59,247,144,a-,1.0726,https://eclipse.gsfc.nasa.gov/LEcat5/LE2001-2100.html,0f640913669a640418f05c173cea0bdeca194fcac6b5b196b6b9ab1b08122792,2001-2100,catalog TD and modeled UT1; not exact UTC,09694  2020 Jan 10  19:11:11     72    247  144   N   a-   1.0726  0.8956 -0.1160  244.6    -      -     23N   74E,,23.0,74.0,,,,0.8956,-0.116,14676.0,,
lunar-09695,lunar,09695,2020-06-05,2020-06-05T19:26:14,N,N,,72.0,2020-06-05T19:25:02,252,111,-a,1.2406,https://eclipse.gsfc.nasa.gov/LEcat5/LE2001-2100.html,0f640913669a640418f05c173cea0bdeca194fcac6b5b196b6b9ab1b08122792,2001-2100,catalog TD and modeled UT1; not exact UTC,09695  2020 Jun 05  19:26:14     72    252  111   N   -a   1.2406  0.5683 -0.4053  198.2    -      -     21S   69E,,-21.0,69.0,,,,0.5683,-0.4053,11892.0,,
solar-09553,solar,09553,2020-06-21,2020-06-21T06:41:15,A,Am,m,72.0,2020-06-21T06:40:03,253,137,nn,0.1209,https://eclipse.gsfc.nasa.gov/SEcat5/SE2001-2100.html,a9c08f5b4b51d5c85ccfa18d8bfccd98ec8a7d93f06e2d40691943b4105acf9e,2001-2100,catalog TD and modeled UT1; not exact UTC,09553  2020 Jun 21  06:41:15     72    253  137   Am  nn   0.1209  0.9940  31N  80E  83   21  00m38s,0.994,31.0,80.0,83.0,21.0,38,,,,,
lunar-09696,lunar,09696,2020-07-05,2020-07-05T04:31:12,N,N,,72.0,2020-07-05T04:30:00,253,149,a-,-1.3638,https://eclipse.gsfc.nasa.gov/LEcat5/LE2001-2100.html,0f640913669a640418f05c173cea0bdeca194fcac6b5b196b6b9ab1b08122792,2001-2100,catalog TD and modeled UT1; not exact UTC,09696  2020 Jul 05  04:31:12     72    253  149   N   a-  -1.3638  0.3546 -0.6436  165.0    -      -     24S   66W,,-24.0,-66.0,,,,0.3546,-0.6436,9900.0,,
lunar-09697,lunar,09697,2020-11-30,2020-11-30T09:44:01,N,N,,72.0,2020-11-30T09:42:49,258,116,-t,-1.1309,https://eclipse.gsfc.nasa.gov/LEcat5/LE2001-2100.html,0f640913669a640418f05c173cea0bdeca194fcac6b5b196b6b9ab1b08122792,2001-2100,catalog TD and modeled UT1; not exact UTC,09697  2020 Nov 30  09:44:01     72    258  116   N   -t  -1.1309  0.8285 -0.2620  261.0    -      -     21N  148W,,21.0,-148.0,,,,0.8285,-0.262,15660.0,,
solar-09554,solar,09554,2020-12-14,2020-12-14T16:14:39,T,T,,72.0,2020-12-14T16:13:27,259,142,n-,-0.2939,https://eclipse.gsfc.nasa.gov/SEcat5/SE2001-2100.html,a9c08f5b4b51d5c85ccfa18d8bfccd98ec8a7d93f06e2d40691943b4105acf9e,2001-2100,catalog TD and modeled UT1; not exact UTC,09554  2020 Dec 14  16:14:39     72    259  142   T   n-  -0.2939  1.0254  40S  68W  73   90  02m10s,1.0254,-40.0,-68.0,73.0,90.0,130,,,,,
lunar-09698,lunar,09698,2021-05-26,2021-05-26T11:19:53,T,T,,72.0,2021-05-26T11:18:41,264,121,-a,0.4774,https://eclipse.gsfc.nasa.gov/LEcat5/LE2001-2100.html,0f640913669a640418f05c173cea0bdeca194fcac6b5b196b6b9ab1b08122792,2001-2100,catalog TD and modeled UT1; not exact UTC,09698  2021 May 26  11:19:53     72    264  121   T   -a   0.4774  1.9540  1.0095  302.0  187.4   14.5   21S  170W,,-21.0,-170.0,,,,1.954,1.0095,18120.0,11244.0,870.0
solar-09555,solar,09555,2021-06-10,2021-06-10T10:43:07,A,A,,72.0,2021-06-10T10:41:55,265,147,t-,0.9152,https://eclipse.gsfc.nasa.gov/SEcat5/SE2001-2100.html,a9c08f5b4b51d5c85ccfa18d8bfccd98ec8a7d93f06e2d40691943b4105acf9e,2001-2100,catalog TD and modeled UT1; not exact UTC,09555  2021 Jun 10  10:43:07     72    265  147   A   t-   0.9152  0.9435  81N  67W  23  527  03m51s,0.9435,81.0,-67.0,23.0,527.0,231,,,,,
lunar-09699,lunar,09699,2021-11-19,2021-11-19T09:04:06,P,P,,73.0,2021-11-19T09:02:53,270,126,-t,-0.4552,https://eclipse.gsfc.nasa.gov/LEcat5/LE2001-2100.html,0f640913669a640418f05c173cea0bdeca194fcac6b5b196b6b9ab1b08122792,2001-2100,catalog TD and modeled UT1; not exact UTC,09699  2021 Nov 19  09:04:06     73    270  126   P   -t  -0.4552  2.0720  0.9742  361.5  208.4    -     19N  139W,,19.0,-139.0,,,,2.072,0.9742,21690.0,12504.0,
solar-09556,solar,09556,2021-12-04,2021-12-04T07:34:38,T,T,,73.0,2021-12-04T07:33:25,271,152,p-,-0.9526,https://eclipse.gsfc.nasa.gov/SEcat5/SE2001-2100.html,a9c08f5b4b51d5c85ccfa18d8bfccd98ec8a7d93f06e2d40691943b4105acf9e,2001-2100,catalog TD and modeled UT1; not exact UTC,09556  2021 Dec 04  07:34:38     73    271  152   T   p-  -0.9526  1.0367  77S  46W  17  419  01m54s,1.0367,-77.0,-46.0,17.0,419.0,114,,,,,
solar-09557,solar,09557,2022-04-30,2022-04-30T20:42:36,P,P,,73.0,2022-04-30T20:41:23,276,119,-t,-1.1901,https://eclipse.gsfc.nasa.gov/SEcat5/SE2001-2100.html,a9c08f5b4b51d5c85ccfa18d8bfccd98ec8a7d93f06e2d40691943b4105acf9e,2001-2100,catalog TD and modeled UT1; not exact UTC,09557  2022 Apr 30  20:42:36     73    276  119   P   -t  -1.1901  0.6396  62S  71W   0,0.6396,-62.0,-71.0,0.0,,,,,,,
lunar-09700,lunar,09700,2022-05-16,2022-05-16T04:12:42,T,T-,-,73.0,2022-05-16T04:11:29,276,131,p-,-0.2532,https://eclipse.gsfc.nasa.gov/LEcat5/LE2001-2100.html,0f640913669a640418f05c173cea0bdeca194fcac6b5b196b6b9ab1b08122792,2001-2100,catalog TD and modeled UT1; not exact UTC,09700  2022 May 16  04:12:42     73    276  131   T-  p-  -0.2532  2.3726  1.4137  318.7  207.2   84.9   19S   64W,,-19.0,-64.0,,,,2.3726,1.4137,19122.0,12432.0,5094.0
solar-09558,solar,09558,2022-10-25,2022-10-25T11:01:20,P,P,,73.0,2022-10-25T11:00:07,282,124,-t,1.0701,https://eclipse.gsfc.nasa.gov/SEcat5/SE2001-2100.html,a9c08f5b4b51d5c85ccfa18d8bfccd98ec8a7d93f06e2d40691943b4105acf9e,2001-2100,catalog TD and modeled UT1; not exact UTC,09558  2022 Oct 25  11:01:20     73    282  124   P   -t   1.0701  0.8619  62N  77E   0,0.8619,62.0,77.0,0.0,,,,,,,
lunar-09701,lunar,09701,2022-11-08,2022-11-08T11:00:22,T,T+,+,73.0,2022-11-08T10:59:09,282,136,p-,0.257,https://eclipse.gsfc.nasa.gov/LEcat5/LE2001-2100.html,0f640913669a640418f05c173cea0bdeca194fcac6b5b196b6b9ab1b08122792,2001-2100,catalog TD and modeled UT1; not exact UTC,09701  2022 Nov 08  11:00:22     73    282  136   T+  p-   0.2570  2.4143  1.3589  353.9  219.8   85.0   17N  169W,,17.0,-169.0,,,,2.4143,1.3589,21234.0,13188.0,5100.0
solar-09559,solar,09559,2023-04-20,2023-04-20T04:17:56,H,H,,73.0,2023-04-20T04:16:43,288,129,-n,-0.3952,https://eclipse.gsfc.nasa.gov/SEcat5/SE2001-2100.html,a9c08f5b4b51d5c85ccfa18d8bfccd98ec8a7d93f06e2d40691943b4105acf9e,2001-2100,catalog TD and modeled UT1; not exact UTC,09559  2023 Apr 20  04:17:56     73    288  129   H   -n  -0.3952  1.0132  10S 126E  67   49  01m16s,1.0132,-10.0,126.0,67.0,49.0,76,,,,,
lunar-09702,lunar,09702,2023-05-05,2023-05-05T17:24:05,N,N,,73.0,2023-05-05T17:22:52,288,141,h-,-1.0349,https://eclipse.gsfc.nasa.gov/LEcat5/LE2001-2100.html,0f640913669a640418f05c173cea0bdeca194fcac6b5b196b6b9ab1b08122792,2001-2100,catalog TD and modeled UT1; not exact UTC,09702  2023 May 05  17:24:05     73    288  141   N   h-  -1.0349  0.9636 -0.0457  257.5    -      -     17S   98E,,-17.0,98.0,,,,0.9636,-0.0457,15450.0,,
solar-09560,solar,09560,2023-10-14,2023-10-14T18:00:41,A,A,,74.0,2023-10-14T17:59:27,294,134,-p,0.3753,https://eclipse.gsfc.nasa.gov/SEcat5/SE2001-2100.html,a9c08f5b4b51d5c85ccfa18d8bfccd98ec8a7d93f06e2d40691943b4105acf9e,2001-2100,catalog TD and modeled UT1; not exact UTC,09560  2023 Oct 14  18:00:41     74    294  134   A   -p   0.3753  0.9520  11N  83W  68  187  05m17s,0.952,11.0,-83.0,68.0,187.0,317,,,,,
lunar-09703,lunar,09703,2023-10-28,2023-10-28T20:15:18,P,P,,74.0,2023-10-28T20:14:04,294,146,a-,0.9471,https://eclipse.gsfc.nasa.gov/LEcat5/LE2001-2100.html,0f640913669a640418f05c173cea0bdeca194fcac6b5b196b6b9ab1b08122792,2001-2100,catalog TD and modeled UT1; not exact UTC,09703  2023 Oct 28  20:15:18     74    294  146   P   a-   0.9471  1.1181  0.1220  264.6   77.4    -     14N   52E,,14.0,52.0,,,,1.1181,0.122,15876.000000000002,4644.0,
lunar-09704,lunar,09704,2024-03-25,2024-03-25T07:13:59,N,N,,74.0,2024-03-25T07:12:45,299,113,-t,1.0609,https://eclipse.gsfc.nasa.gov/LEcat5/LE2001-2100.html,0f640913669a640418f05c173cea0bdeca194fcac6b5b196b6b9ab1b08122792,2001-2100,catalog TD and modeled UT1; not exact UTC,09704  2024 Mar 25  07:13:59     74    299  113   N   -t   1.0609  0.9557 -0.1325  279.1    -      -      1S  106W,,-1.0,-106.0,,,,0.9557,-0.1325,16746.0,,
solar-09561,solar,09561,2024-04-08,2024-04-08T18:18:29,T,T,,74.0,2024-04-08T18:17:15,300,139,n-,0.3431,https://eclipse.gsfc.nasa.gov/SEcat5/SE2001-2100.html,a9c08f5b4b51d5c85ccfa18d8bfccd98ec8a7d93f06e2d40691943b4105acf9e,2001-2100,catalog TD and modeled UT1; not exact UTC,09561  2024 Apr 08  18:18:29     74    300  139   T   n-   0.3431  1.0566  25N 104W  70  198  04m28s,1.0566,25.0,-104.0,70.0,198.0,268,,,,,
lunar-09705,lunar,09705,2024-09-18,2024-09-18T02:45:25,P,P,,74.0,2024-09-18T02:44:11,305,118,-a,-0.9792,https://eclipse.gsfc.nasa.gov/LEcat5/LE2001-2100.html,0f640913669a640418f05c173cea0bdeca194fcac6b5b196b6b9ab1b08122792,2001-2100,catalog TD and modeled UT1; not exact UTC,09705  2024 Sep 18  02:45:25     74    305  118   P   -a  -0.9792  1.0372  0.0848  246.3   62.8    -      3S   42W,,-3.0,-42.0,,,,1.0372,0.0848,14778.0,3768.0,
solar-09562,solar,09562,2024-10-02,2024-10-02T18:46:13,A,A,,74.0,2024-10-02T18:44:59,306,144,p-,-0.3509,https://eclipse.gsfc.nasa.gov/SEcat5/SE2001-2100.html,a9c08f5b4b51d5c85ccfa18d8bfccd98ec8a7d93f06e2d40691943b4105acf9e,2001-2100,catalog TD and modeled UT1; not exact UTC,09562  2024 Oct 02  18:46:13     74    306  144   A   p-  -0.3509  0.9326  22S 114W  69  266  07m25s,0.9326,-22.0,-114.0,69.0,266.0,445,,,,,
lunar-09706,lunar,09706,2025-03-14,2025-03-14T06:59:56,T,T,,75.0,2025-03-14T06:58:41,311,123,-p,0.3484,https://eclipse.gsfc.nasa.gov/LEcat5/LE2001-2100.html,0f640913669a640418f05c173cea0bdeca194fcac6b5b196b6b9ab1b08122792,2001-2100,catalog TD and modeled UT1; not exact UTC,09706  2025 Mar 14  06:59:56     75    311  123   T   -p   0.3484  2.2595  1.1784  362.6  218.3   65.4    3N  102W,,3.0,-102.0,,,,2.2595,1.1784,21756.0,13098.0,3924.0000000000005
solar-09563,solar,09563,2025-03-29,2025-03-29T10:48:36,P,P,,75.0,2025-03-29T10:47:21,312,149,t-,1.0405,https://eclipse.gsfc.nasa.gov/SEcat5/SE2001-2100.html,a9c08f5b4b51d5c85ccfa18d8bfccd98ec8a7d93f06e2d40691943b4105acf9e,2001-2100,catalog TD and modeled UT1; not exact UTC,09563  2025 Mar 29  10:48:36     75    312  149   P   t-   1.0405  0.9376  61N  77W   0,0.9376,61.0,-77.0,0.0,,,,,,,
lunar-09707,lunar,09707,2025-09-07,2025-09-07T18:12:58,T,T,,75.0,2025-09-07T18:11:43,317,128,-p,-0.2752,https://eclipse.gsfc.nasa.gov/LEcat5/LE2001-2100.html,0f640913669a640418f05c173cea0bdeca194fcac6b5b196b6b9ab1b08122792,2001-2100,catalog TD and modeled UT1; not exact UTC,09707  2025 Sep 07  18:12:58     75    317  128   T   -p  -0.2752  2.3440  1.3619  326.7  209.4   82.1    6S   87E,,-6.0,87.0,,,,2.344,1.3619,19602.0,12564.0,4926.0
solar-09564,solar,09564,2025-09-21,2025-09-21T19:43:04,P,P,,75.0,2025-09-21T19:41:49,318,154,t-,-1.0651,https://eclipse.gsfc.nasa.gov/SEcat5/SE2001-2100.html,a9c08f5b4b51d5c85ccfa18d8bfccd98ec8a7d93f06e2d40691943b4105acf9e,2001-2100,catalog TD and modeled UT1; not exact UTC,09564  2025 Sep 21  19:43:04     75    318  154   P   t-  -1.0651  0.8550  61S 154E   0,0.855,-61.0,154.0,0.0,,,,,,,
solar-09565,solar,09565,2026-02-17,2026-02-17T12:13:06,A,A,,75.0,2026-02-17T12:11:51,323,121,-t,-0.9743,https://eclipse.gsfc.nasa.gov/SEcat5/SE2001-2100.html,a9c08f5b4b51d5c85ccfa18d8bfccd98ec8a7d93f06e2d40691943b4105acf9e,2001-2100,catalog TD and modeled UT1; not exact UTC,09565  2026 Feb 17  12:13:06     75    323  121   A   -t  -0.9743  0.9630  65S  87E  12  616  02m20s,0.963,-65.0,87.0,12.0,616.0,140,,,,,
lunar-09708,lunar,09708,2026-03-03,2026-03-03T11:34:52,T,T,,75.0,2026-03-03T11:33:37,323,133,a-,-0.3765,https://eclipse.gsfc.nasa.gov/LEcat5/LE2001-2100.html,0f640913669a640418f05c173cea0bdeca194fcac6b5b196b6b9ab1b08122792,2001-2100,catalog TD and modeled UT1; not exact UTC,09708  2026 Mar 03  11:34:52     75    323  133   T   a-  -0.3765  2.1838  1.1507  338.6  207.2   58.3    6N  171W,,6.0,-171.0,,,,2.1838,1.1507,20316.0,12432.0,3498.0
solar-09566,solar,09566,2026-08-12,2026-08-12T17:47:06,T,T,,75.0,2026-08-12T17:45:51,329,126,-p,0.8977,https://eclipse.gsfc.nasa.gov/SEcat5/SE2001-2100.html,a9c08f5b4b51d5c85ccfa18d8bfccd98ec8a7d93f06e2d40691943b4105acf9e,2001-2100,catalog TD and modeled UT1; not exact UTC,09566  2026 Aug 12  17:47:06     75    329  126   T   -p   0.8977  1.0386  65N  25W  26  294  02m18s,1.0386,65.0,-25.0,26.0,294.0,138,,,,,
lunar-09709,lunar,09709,2026-08-28,2026-08-28T04:14:04,P,P,,75.0,2026-08-28T04:12:49,329,138,t-,0.4964,https://eclipse.gsfc.nasa.gov/LEcat5/LE2001-2100.html,0f640913669a640418f05c173cea0bdeca194fcac6b5b196b6b9ab1b08122792,2001-2100,catalog TD and modeled UT1; not exact UTC,09709  2026 Aug 28  04:14:04     75    329  138   P   t-   0.4964  1.9645  0.9299  337.8  198.1    -      9S   63W,,-9.0,-63.0,,,,1.9645,0.9299,20268.0,11886.0,
solar-09567,solar,09567,2027-02-06,2027-02-06T16:00:48,A,A,,76.0,2027-02-06T15:59:32,335,131,-n,-0.2952,https://eclipse.gsfc.nasa.gov/SEcat5/SE2001-2100.html,a9c08f5b4b51d5c85ccfa18d8bfccd98ec8a7d93f06e2d40691943b4105acf9e,2001-2100,catalog TD and modeled UT1; not exact UTC,09567  2027 Feb 06  16:00:48     76    335  131   A   -n  -0.2952  0.9281  31S  48W  73  282  07m51s,0.9281,-31.0,-48.0,73.0,282.0,471,,,,,
lunar-09710,lunar,09710,2027-02-20,2027-02-20T23:14:06,N,N,,76.0,2027-02-20T23:12:50,335,143,a-,-1.048,https://eclipse.gsfc.nasa.gov/LEcat5/LE2001-2100.html,0f640913669a640418f05c173cea0bdeca194fcac6b5b196b6b9ab1b08122792,2001-2100,catalog TD and modeled UT1; not exact UTC,09710  2027 Feb 20  23:14:06     76    335  143   N   a-  -1.0480  0.9266 -0.0569  241.0    -      -     10N   15E,,10.0,15.0,,,,0.9266,-0.0569,14460.0,,
lunar-09711,lunar,09711,2027-07-18,2027-07-18T16:04:09,N,Ne,e,76.0,2027-07-18T16:02:53,340,110,-t,-1.5758,https://eclipse.gsfc.nasa.gov/LEcat5/LE2001-2100.html,0f640913669a640418f05c173cea0bdeca194fcac6b5b196b6b9ab1b08122792,2001-2100,catalog TD and modeled UT1; not exact UTC,09711  2027 Jul 18  16:04:09     76    340  110   Ne  -t  -1.5758  0.0014 -1.0680   11.8    -      -     22S  121E,,-22.0,121.0,,,,0.0014,-1.068,708.0,,
solar-09568,solar,09568,2027-08-02,2027-08-02T10:07:50,T,T,,76.0,2027-08-02T10:06:34,341,136,nn,0.1421,https://eclipse.gsfc.nasa.gov/SEcat5/SE2001-2100.html,a9c08f5b4b51d5c85ccfa18d8bfccd98ec8a7d93f06e2d40691943b4105acf9e,2001-2100,catalog TD and modeled UT1; not exact UTC,09568  2027 Aug 02  10:07:50     76    341  136   T   nn   0.1421  1.0790  26N  33E  82  258  06m23s,1.079,26.0,33.0,82.0,258.0,383,,,,,
lunar-09712,lunar,09712,2027-08-17,2027-08-17T07:14:59,N,N,,76.0,2027-08-17T07:13:43,341,148,t-,1.2797,https://eclipse.gsfc.nasa.gov/LEcat5/LE2001-2100.html,0f640913669a640418f05c173cea0bdeca194fcac6b5b196b6b9ab1b08122792,2001-2100,catalog TD and modeled UT1; not exact UTC,09712  2027 Aug 17  07:14:59     76    341  148   N   t-   1.2797  0.5456 -0.5254  218.6    -      -     12S  108W,,-12.0,-108.0,,,,0.5456,-0.5254,13116.0,,
lunar-09713,lunar,09713,2028-01-12,2028-01-12T04:14:13,P,P,,76.0,2028-01-12T04:12:57,346,115,-a,0.9817,https://eclipse.gsfc.nasa.gov/LEcat5/LE2001-2100.html,0f640913669a640418f05c173cea0bdeca194fcac6b5b196b6b9ab1b08122792,2001-2100,catalog TD and modeled UT1; not exact UTC,09713  2028 Jan 12  04:14:13     76    346  115   P   -a   0.9817  1.0468  0.0662  250.7   56.0    -     23N   61W,,23.0,-61.0,,,,1.0468,0.0662,15042.0,3360.0,
solar-09569,solar,09569,2028-01-26,2028-01-26T15:08:59,A,A,,76.0,2028-01-26T15:07:43,347,141,p-,0.3901,https://eclipse.gsfc.nasa.gov/SEcat5/SE2001-2100.html,a9c08f5b4b51d5c85ccfa18d8bfccd98ec8a7d93f06e2d40691943b4105acf9e,2001-2100,catalog TD and modeled UT1; not exact UTC,09569  2028 Jan 26  15:08:59     76    347  141   A   p-   0.3901  0.9208   3N  52W  67  323  10m27s,0.9208,3.0,-52.0,67.0,323.0,627,,,,,
lunar-09714,lunar,09714,2028-07-06,2028-07-06T18:20:57,P,P,,77.0,2028-07-06T18:19:40,352,120,-t,-0.7903,https://eclipse.gsfc.nasa.gov/LEcat5/LE2001-2100.html,0f640913669a640418f05c173cea0bdeca194fcac6b5b196b6b9ab1b08122792,2001-2100,catalog TD and modeled UT1; not exact UTC,09714  2028 Jul 06  18:20:57     77    352  120   P   -t  -0.7903  1.4266  0.3892  310.6  141.5    -     23S   86E,,-23.0,86.0,,,,1.4266,0.3892,18636.0,8490.0,
solar-09570,solar,09570,2028-07-22,2028-07-22T02:56:40,T,T,,77.0,2028-07-22T02:55:23,353,146,p-,-0.6056,https://eclipse.gsfc.nasa.gov/SEcat5/SE2001-2100.html,a9c08f5b4b51d5c85ccfa18d8bfccd98ec8a7d93f06e2d40691943b4105acf9e,2001-2100,catalog TD and modeled UT1; not exact UTC,09570  2028 Jul 22  02:56:40     77    353  146   T   p-  -0.6056  1.0560  16S 127E  53  230  05m10s,1.056,-16.0,127.0,53.0,230.0,310,,,,,
lunar-09715,lunar,09715,2028-12-31,2028-12-31T16:53:15,T,T,,77.0,2028-12-31T16:51:58,358,125,-p,0.3258,https://eclipse.gsfc.nasa.gov/LEcat5/LE2001-2100.html,0f640913669a640418f05c173cea0bdeca194fcac6b5b196b6b9ab1b08122792,2001-2100,catalog TD and modeled UT1; not exact UTC,09715  2028 Dec 31  16:53:15     77    358  125   T   -p   0.3258  2.2742  1.2463  336.2  208.8   71.3   23N  108E,,23.0,108.0,,,,2.2742,1.2463,20172.0,12528.0,4278.0
solar-09571,solar,09571,2029-01-14,2029-01-14T17:13:48,P,P,,77.0,2029-01-14T17:12:31,359,151,t-,1.0553,https://eclipse.gsfc.nasa.gov/SEcat5/SE2001-2100.html,a9c08f5b4b51d5c85ccfa18d8bfccd98ec8a7d93f06e2d40691943b4105acf9e,2001-2100,catalog TD and modeled UT1; not exact UTC,09571  2029 Jan 14  17:13:48     77    359  151   P   t-   1.0553  0.8714  64N 114W   0,0.8714,64.0,-114.0,0.0,,,,,,,
solar-09572,solar,09572,2029-06-12,2029-06-12T04:06:13,P,P,,77.0,2029-06-12T04:04:56,364,118,-t,1.2943,https://eclipse.gsfc.nasa.gov/SEcat5/SE2001-2100.html,a9c08f5b4b51d5c85ccfa18d8bfccd98ec8a7d93f06e2d40691943b4105acf9e,2001-2100,catalog TD and modeled UT1; not exact UTC,09572  2029 Jun 12  04:06:13     77    364  118   P   -t   1.2943  0.4576  67N  66W   0,0.4576,67.0,-66.0,0.0,,,,,,,
lunar-09716,lunar,09716,2029-06-26,2029-06-26T03:23:22,T,T+,+,77.0,2029-06-26T03:22:05,364,130,pp,0.0124,https://eclipse.gsfc.nasa.gov/LEcat5/LE2001-2100.html,0f640913669a640418f05c173cea0bdeca194fcac6b5b196b6b9ab1b08122792,2001-2100,catalog TD and modeled UT1; not exact UTC,09716  2029 Jun 26  03:23:22     77    364  130   T+  pp   0.0124  2.8266  1.8436  335.1  219.5  101.9   23S   50W,,-23.0,-50.0,,,,2.8266,1.8436,20106.0,13170.0,6114.0
solar-09573,solar,09573,2029-07-11,2029-07-11T15:37:19,P,P,,77.0,2029-07-11T15:36:02,365,156,t-,-1.4191,https://eclipse.gsfc.nasa.gov/SEcat5/SE2001-2100.html,a9c08f5b4b51d5c85ccfa18d8bfccd98ec8a7d93f06e2d40691943b4105acf9e,2001-2100,catalog TD and modeled UT1; not exact UTC,09573  2029 Jul 11  15:37:19     77    365  156   P   t-  -1.4191  0.2303  64S  86W   0,0.2303,-64.0,-86.0,0.0,,,,,,,
solar-09574,solar,09574,2029-12-05,2029-12-05T15:03:58,P,P,,77.0,2029-12-05T15:02:41,370,123,-t,-1.0609,https://eclipse.gsfc.nasa.gov/SEcat5/SE2001-2100.html,a9c08f5b4b51d5c85ccfa18d8bfccd98ec8a7d93f06e2d40691943b4105acf9e,2001-2100,catalog TD and modeled UT1; not exact UTC,09574  2029 Dec 05  15:03:58     77    370  123   P   -t  -1.0609  0.8911  68S 136E   0,0.8911,-68.0,136.0,0.0,,,,,,,
lunar-09717,lunar,09717,2029-12-20,2029-12-20T22:43:12,T,T,,78.0,2029-12-20T22:41:54,370,135,p-,-0.3811,https://eclipse.gsfc.nasa.gov/LEcat5/LE2001-2100.html,0f640913669a640418f05c173cea0bdeca194fcac6b5b196b6b9ab1b08122792,2001-2100,catalog TD and modeled UT1; not exact UTC,09717  2029 Dec 20  22:43:12     78    370  135   T   p-  -0.3811  2.2008  1.1174  358.0  213.3   53.7   23N   19E,,23.0,19.0,,,,2.2008,1.1174,21480.0,12798.0,3222.0
solar-09575,solar,09575,2030-06-01,2030-06-01T06:29:13,A,A,,78.0,2030-06-01T06:27:55,376,128,-p,0.5626,https://eclipse.gsfc.nasa.gov/SEcat5/SE2001-2100.html,a9c08f5b4b51d5c85ccfa18d8bfccd98ec8a7d93f06e2d40691943b4105acf9e,2001-2100,catalog TD and modeled UT1; not exact UTC,09575  2030 Jun 01  06:29:13     78    376  128   A   -p   0.5626  0.9443  57N  80E  55  250  05m21s,0.9443,57.0,80.0,55.0,250.0,321,,,,,
lunar-09718,lunar,09718,2030-06-15,2030-06-15T18:34:34,P,P,,78.0,2030-06-15T18:33:16,376,140,a-,0.7534,https://eclipse.gsfc.nasa.gov/LEcat5/LE2001-2100.html,0f640913669a640418f05c173cea0bdeca194fcac6b5b196b6b9ab1b08122792,2001-2100,catalog TD and modeled UT1; not exact UTC,09718  2030 Jun 15  18:34:34     78    376  140   P   a-   0.7534  1.4480  0.5025  278.2  144.4    -     23S   82E,,-23.0,82.0,,,,1.448,0.5025,16692.0,8664.0,
solar-09576,solar,09576,2030-11-25,2030-11-25T06:51:37,T,T,,78.0,2030-11-25T06:50:19,382,133,-n,-0.3867,https://eclipse.gsfc.nasa.gov/SEcat5/SE2001-2100.html,a9c08f5b4b51d5c85ccfa18d8bfccd98ec8a7d93f06e2d40691943b4105acf9e,2001-2100,catalog TD and modeled UT1; not exact UTC,09576  2030 Nov 25  06:51:37     78    382  133   T   -n  -0.3867  1.0468  44S  71E  67  169  03m44s,1.0468,-44.0,71.0,67.0,169.0,224,,,,,
lunar-09719,lunar,09719,2030-12-09,2030-12-09T22:28:51,N,N,,78.0,2030-12-09T22:27:33,382,145,t-,-1.0731,https://eclipse.gsfc.nasa.gov/LEcat5/LE2001-2100.html,0f640913669a640418f05c173cea0bdeca194fcac6b5b196b6b9ab1b08122792,2001-2100,catalog TD and modeled UT1; not exact UTC,09719  2030 Dec 09  22:28:51     78    382  145   N   t-  -1.0731  0.9416 -0.1628  279.2    -      -     22N   21E,,22.0,21.0,,,,0.9416,-0.1628,16752.0,,
lunar-09720,lunar,09720,2031-05-07,2031-05-07T03:52:02,N,N,,78.0,2031-05-07T03:50:44,387,112,-a,-1.0694,https://eclipse.gsfc.nasa.gov/LEcat5/LE2001-2100.html,0f640913669a640418f05c173cea0bdeca194fcac6b5b196b6b9ab1b08122792,2001-2100,catalog TD and modeled UT1; not exact UTC,09720  2031 May 07  03:52:02     78    387  112   N   -a  -1.0694  0.8814 -0.0904  237.3    -      -     18S   59W,,-18.0,-59.0,,,,0.8814,-0.0904,14238.0,,
solar-09577,solar,09577,2031-05-21,2031-05-21T07:16:04,A,A,,78.0,2031-05-21T07:14:46,388,138,nn,-0.197,https://eclipse.gsfc.nasa.gov/SEcat5/SE2001-2100.html,a9c08f5b4b51d5c85ccfa18d8bfccd98ec8a7d93f06e2d40691943b4105acf9e,2001-2100,catalog TD and modeled UT1; not exact UTC,09577  2031 May 21  07:16:04     78    388  138   A   nn  -0.1970  0.9589   9N  72E  79  152  05m26s,0.9589,9.0,72.0,79.0,152.0,326,,,,,
lunar-09721,lunar,09721,2031-06-05,2031-06-05T11:45:17,N,N,,78.0,2031-06-05T11:43:59,388,150,a-,1.4731,https://eclipse.gsfc.nasa.gov/LEcat5/LE2001-2100.html,0f640913669a640418f05c173cea0bdeca194fcac6b5b196b6b9ab1b08122792,2001-2100,catalog TD and modeled UT1; not exact UTC,09721  2031 Jun 05  11:45:17     78    388  150   N   a-   1.4731  0.1292 -0.8199   95.6    -      -     21S  176W,,-21.0,-176.0,,,,0.1292,-0.8199,5736.0,,
lunar-09722,lunar,09722,2031-10-30,2031-10-30T07:46:45,N,N,,79.0,2031-10-30T07:45:26,393,117,-h,1.1773,https://eclipse.gsfc.nasa.gov/LEcat5/LE2001-2100.html,0f640913669a640418f05c173cea0bdeca194fcac6b5b196b6b9ab1b08122792,2001-2100,catalog TD and modeled UT1; not exact UTC,09722  2031 Oct 30  07:46:45     79    393  117   N   -h   1.1773  0.7161 -0.3204  231.8    -      -     15N  121W,,15.0,-121.0,,,,0.7161,-0.3204,13908.0,,
solar-09578,solar,09578,2031-11-14,2031-11-14T21:07:31,H,H,,79.0,2031-11-14T21:06:12,394,143,n-,0.3078,https://eclipse.gsfc.nasa.gov/SEcat5/SE2001-2100.html,a9c08f5b4b51d5c85ccfa18d8bfccd98ec8a7d93f06e2d40691943b4105acf9e,2001-2100,catalog TD and modeled UT1; not exact UTC,09578  2031 Nov 14  21:07:31     79    394  143   H   n-   0.3078  1.0106   1S 138W  72   38  01m08s,1.0106,-1.0,-138.0,72.0,38.0,68,,,,,
lunar-09723,lunar,09723,2032-04-25,2032-04-25T15:14:51,T,T,,79.0,2032-04-25T15:13:32,399,122,-a,-0.3558,https://eclipse.gsfc.nasa.gov/LEcat5/LE2001-2100.html,0f640913669a640418f05c173cea0bdeca194fcac6b5b196b6b9ab1b08122792,2001-2100,catalog TD and modeled UT1; not exact UTC,09723  2032 Apr 25  15:14:51     79    399  122   T   -a  -0.3558  2.2192  1.1913  342.4  211.2   65.5   14S  131E,,-14.0,131.0,,,,2.2192,1.1913,20544.0,12672.0,3930.0
solar-09579,solar,09579,2032-05-09,2032-05-09T13:26:42,A,A,,79.0,2032-05-09T13:25:23,400,148,t-,-0.9375,https://eclipse.gsfc.nasa.gov/SEcat5/SE2001-2100.html,a9c08f5b4b51d5c85ccfa18d8bfccd98ec8a7d93f06e2d40691943b4105acf9e,2001-2100,catalog TD and modeled UT1; not exact UTC,09579  2032 May 09  13:26:42     79    400  148   A   t-  -0.9375  0.9957  51S   7W  20   44  00m22s,0.9957,-51.0,-7.0,20.0,44.0,22,,,,,
lunar-09724,lunar,09724,2032-10-18,2032-10-18T19:03:40,T,T,,79.0,2032-10-18T19:02:21,405,127,-p,0.4169,https://eclipse.gsfc.nasa.gov/LEcat5/LE2001-2100.html,0f640913669a640418f05c173cea0bdeca194fcac6b5b196b6b9ab1b08122792,2001-2100,catalog TD and modeled UT1; not exact UTC,09724  2032 Oct 18  19:03:40     79    405  127   T   -p   0.4169  2.0830  1.1028  315.4  195.9   47.1   10N   71E,,10.0,71.0,,,,2.083,1.1028,18924.0,11754.0,2826.0
solar-09580,solar,09580,2032-11-03,2032-11-03T05:34:13,P,P,,79.0,2032-11-03T05:32:54,406,153,t-,1.0643,https://eclipse.gsfc.nasa.gov/SEcat5/SE2001-2100.html,a9c08f5b4b51d5c85ccfa18d8bfccd98ec8a7d93f06e2d40691943b4105acf9e,2001-2100,catalog TD and modeled UT1; not exact UTC,09580  2032 Nov 03  05:34:13     79    406  153   P   t-   1.0643  0.8554  70N 133E   0,0.8554,70.0,133.0,0.0,,,,,,,
solar-09581,solar,09581,2033-03-30,2033-03-30T18:02:36,T,T,,80.0,2033-03-30T18:01:16,411,120,-t,0.9778,https://eclipse.gsfc.nasa.gov/SEcat5/SE2001-2100.html,a9c08f5b4b51d5c85ccfa18d8bfccd98ec8a7d93f06e2d40691943b4105acf9e,2001-2100,catalog TD and modeled UT1; not exact UTC,09581  2033 Mar 30  18:02:36     80    411  120   T   -t   0.9778  1.0462  71N 156W  11  781  02m37s,1.0462,71.0,-156.0,11.0,781.0,157,,,,,
lunar-09725,lunar,09725,2033-04-14,2033-04-14T19:13:51,T,T,,80.0,2033-04-14T19:12:31,411,132,t-,0.3954,https://eclipse.gsfc.nasa.gov/LEcat5/LE2001-2100.html,0f640913669a640418f05c173cea0bdeca194fcac6b5b196b6b9ab1b08122792,2001-2100,catalog TD and modeled UT1; not exact UTC,09725  2033 Apr 14  19:13:51     80    411  132   T   t-   0.3954  2.1711  1.0944  361.2  215.0   49.2    9S   72E,,-9.0,72.0,,,,2.1711,1.0944,21672.0,12900.0,2952.0
solar-09582,solar,09582,2033-09-23,2033-09-23T13:54:31,P,P,,80.0,2033-09-23T13:53:11,417,125,-t,-1.1583,https://eclipse.gsfc.nasa.gov/SEcat5/SE2001-2100.html,a9c08f5b4b51d5c85ccfa18d8bfccd98ec8a7d93f06e2d40691943b4105acf9e,2001-2100,catalog TD and modeled UT1; not exact UTC,09582  2033 Sep 23  13:54:31     80    417  125   P   -t  -1.1583  0.6890  72S 121W   0,0.689,-72.0,-121.0,0.0,,,,,,,
lunar-09726,lunar,09726,2033-10-08,2033-10-08T10:56:23,T,T,,80.0,2033-10-08T10:55:03,417,137,p-,-0.2889,https://eclipse.gsfc.nasa.gov/LEcat5/LE2001-2100.html,0f640913669a640418f05c173cea0bdeca194fcac6b5b196b6b9ab1b08122792,2001-2100,catalog TD and modeled UT1; not exact UTC,09726  2033 Oct 08  10:56:23     80    417  137   T   p-  -0.2889  2.3057  1.3497  312.6  202.4   78.8    6N  167W,,6.0,-167.0,,,,2.3057,1.3497,18756.0,12144.0,4728.0
solar-09583,solar,09583,2034-03-20,2034-03-20T10:18:45,T,T,,80.0,2034-03-20T10:17:25,423,130,-n,0.2894,https://eclipse.gsfc.nasa.gov/SEcat5/SE2001-2100.html,a9c08f5b4b51d5c85ccfa18d8bfccd98ec8a7d93f06e2d40691943b4105acf9e,2001-2100,catalog TD and modeled UT1; not exact UTC,09583  2034 Mar 20  10:18:45     80    423  130   T   -n   0.2894  1.0458  16N  22E  73  159  04m09s,1.0458,16.0,22.0,73.0,159.0,249,,,,,
lunar-09727,lunar,09727,2034-04-03,2034-04-03T19:06:59,N,N,,80.0,2034-04-03T19:05:39,423,142,t-,1.1144,https://eclipse.gsfc.nasa.gov/LEcat5/LE2001-2100.html,0f640913669a640418f05c173cea0bdeca194fcac6b5b196b6b9ab1b08122792,2001-2100,catalog TD and modeled UT1; not exact UTC,09727  2034 Apr 03  19:06:59     80    423  142   N   t-   1.1144  0.8545 -0.2274  265.4    -      -      5S   75E,,-5.0,75.0,,,,0.8545,-0.2274,15923.999999999998,,
solar-09584,solar,09584,2034-09-12,2034-09-12T16:19:28,A,A,,81.0,2034-09-12T16:18:07,429,135,-p,-0.3936,https://eclipse.gsfc.nasa.gov/SEcat5/SE2001-2100.html,a9c08f5b4b51d5c85ccfa18d8bfccd98ec8a7d93f06e2d40691943b4105acf9e,2001-2100,catalog TD and modeled UT1; not exact UTC,09584  2034 Sep 12  16:19:28     81    429  135   A   -p  -0.3936  0.9736  18S  73W  67  102  02m58s,0.9736,-18.0,-73.0,67.0,102.0,178,,,,,
lunar-09728,lunar,09728,2034-09-28,2034-09-28T02:47:37,P,P,,81.0,2034-09-28T02:46:16,429,147,a-,-1.011,https://eclipse.gsfc.nasa.gov/LEcat5/LE2001-2100.html,0f640913669a640418f05c173cea0bdeca194fcac6b5b196b6b9ab1b08122792,2001-2100,catalog TD and modeled UT1; not exact UTC,09728  2034 Sep 28  02:47:37     81    429  147   P   a-  -1.0110  0.9911  0.0144  248.7   26.7    -      1N   44W,,1.0,-44.0,,,,0.9911,0.0144,14922.0,1602.0,
lunar-09729,lunar,09729,2035-02-22,2035-02-22T09:06:12,N,N,,81.0,2035-02-22T09:04:51,434,114,-a,-1.0367,https://eclipse.gsfc.nasa.gov/LEcat5/LE2001-2100.html,0f640913669a640418f05c173cea0bdeca194fcac6b5b196b6b9ab1b08122792,2001-2100,catalog TD and modeled UT1; not exact UTC,09729  2035 Feb 22  09:06:12     81    434  114   N   -a  -1.0367  0.9652 -0.0535  255.7    -      -      9N  133W,,9.0,-133.0,,,,0.9652,-0.0535,15342.0,,
solar-09585,solar,09585,2035-03-09,2035-03-09T23:05:54,A,A,,81.0,2035-03-09T23:04:33,435,140,n-,-0.4368,https://eclipse.gsfc.nasa.gov/SEcat5/SE2001-2100.html,a9c08f5b4b51d5c85ccfa18d8bfccd98ec8a7d93f06e2d40691943b4105acf9e,2001-2100,catalog TD and modeled UT1; not exact UTC,09585  2035 Mar 09  23:05:54     81    435  140   A   n-  -0.4368  0.9919  29S 155W  64   31  00m48s,0.9919,-29.0,-155.0,64.0,31.0,48,,,,,
lunar-09730,lunar,09730,2035-08-19,2035-08-19T01:12:15,P,P,,81.0,2035-08-19T01:10:54,440,119,-t,0.9433,https://eclipse.gsfc.nasa.gov/LEcat5/LE2001-2100.html,0f640913669a640418f05c173cea0bdeca194fcac6b5b196b6b9ab1b08122792,2001-2100,catalog TD and modeled UT1; not exact UTC,09730  2035 Aug 19  01:12:15     81    440  119   P   -t   0.9433  1.1507  0.1037  289.8   76.5    -     12S   17W,,-12.0,-17.0,,,,1.1507,0.1037,17388.0,4590.0,
solar-09586,solar,09586,2035-09-02,2035-09-02T01:56:46,T,T,,81.0,2035-09-02T01:55:25,441,145,p-,0.3727,https://eclipse.gsfc.nasa.gov/SEcat5/SE2001-2100.html,a9c08f5b4b51d5c85ccfa18d8bfccd98ec8a7d93f06e2d40691943b4105acf9e,2001-2100,catalog TD and modeled UT1; not exact UTC,09586  2035 Sep 02  01:56:46     81    441  145   T   p-   0.3727  1.0320  29N 158E  68  116  02m54s,1.032,29.0,158.0,68.0,116.0,174,,,,,
lunar-09731,lunar,09731,2036-02-11,2036-02-11T22:13:06,T,T,,82.0,2036-02-11T22:11:44,446,124,-p,-0.311,https://eclipse.gsfc.nasa.gov/LEcat5/LE2001-2100.html,0f640913669a640418f05c173cea0bdeca194fcac6b5b196b6b9ab1b08122792,2001-2100,catalog TD and modeled UT1; not exact UTC,09731  2036 Feb 11  22:13:06     82    446  124   T   -p  -0.3110  2.2751  1.2995  316.1  201.9   74.5   14N   31E,,14.0,31.0,,,,2.2751,1.2995,18966.0,12114.0,4470.0
solar-09587,solar,09587,2036-02-27,2036-02-27T04:46:49,P,P,,82.0,2036-02-27T04:45:27,447,150,t-,-1.1942,https://eclipse.gsfc.nasa.gov/SEcat5/SE2001-2100.html,a9c08f5b4b51d5c85ccfa18d8bfccd98ec8a7d93f06e2d40691943b4105acf9e,2001-2100,catalog TD and modeled UT1; not exact UTC,09587  2036 Feb 27  04:46:49     82    447  150   P   t-  -1.1942  0.6286  72S 131W   0,0.6286,-72.0,-131.0,0.0,,,,,,,
solar-09588,solar,09588,2036-07-23,2036-07-23T10:32:06,P,P,,82.0,2036-07-23T10:30:44,452,117,-t,-1.425,https://eclipse.gsfc.nasa.gov/SEcat5/SE2001-2100.html,a9c08f5b4b51d5c85ccfa18d8bfccd98ec8a7d93f06e2d40691943b4105acf9e,2001-2100,catalog TD and modeled UT1; not exact UTC,09588  2036 Jul 23  10:32:06     82    452  117   P   -t  -1.4250  0.1991  69S   4E   0,0.1991,-69.0,4.0,0.0,,,,,,,
lunar-09732,lunar,09732,2036-08-07,2036-08-07T02:52:32,T,T+,+,82.0,2036-08-07T02:51:10,452,129,pp,0.2004,https://eclipse.gsfc.nasa.gov/LEcat5/LE2001-2100.html,0f640913669a640418f05c173cea0bdeca194fcac6b5b196b6b9ab1b08122792,2001-2100,catalog TD and modeled UT1; not exact UTC,09732  2036 Aug 07  02:52:32     82    452  129   T+  pp   0.2004  2.5266  1.4544  372.1  231.3   95.3   16S   41W,,-16.0,-41.0,,,,2.5266,1.4544,22326.0,13878.0,5718.0
solar-09589,solar,09589,2036-08-21,2036-08-21T17:25:45,P,P,,82.0,2036-08-21T17:24:23,453,155,t-,1.0825,https://eclipse.gsfc.nasa.gov/SEcat5/SE2001-2100.html,a9c08f5b4b51d5c85ccfa18d8bfccd98ec8a7d93f06e2d40691943b4105acf9e,2001-2100,catalog TD and modeled UT1; not exact UTC,09589  2036 Aug 21  17:25:45     82    453  155   P   t-   1.0825  0.8622  71N  47E   0,0.8622,71.0,47.0,0.0,,,,,,,
solar-09590,solar,09590,2037-01-16,2037-01-16T09:48:55,P,P,,82.0,2037-01-16T09:47:33,458,122,-t,1.1477,https://eclipse.gsfc.nasa.gov/SEcat5/SE2001-2100.html,a9c08f5b4b51d5c85ccfa18d8bfccd98ec8a7d93f06e2d40691943b4105acf9e,2001-2100,catalog TD and modeled UT1; not exact UTC,09590  2037 Jan 16  09:48:55     82    458  122   P   -t   1.1477  0.7049  69N  21E   0,0.7049,69.0,21.0,0.0,,,,,,,
lunar-09733,lunar,09733,2037-01-31,2037-01-31T14:01:38,T,T,,82.0,2037-01-31T14:00:16,458,134,p-,0.3619,https://eclipse.gsfc.nasa.gov/LEcat5/LE2001-2100.html,0f640913669a640418f05c173cea0bdeca194fcac6b5b196b6b9ab1b08122792,2001-2100,catalog TD and modeled UT1; not exact UTC,09733  2037 Jan 31  14:01:38     82    458  134   T   p-   0.3619  2.1803  1.2074  312.1  197.5   63.7   18N  153E,,18.0,153.0,,,,2.1803,1.2074,18726.0,11850.0,3822.0
solar-09591,solar,09591,2037-07-13,2037-07-13T02:40:36,T,T,,83.0,2037-07-13T02:39:13,464,127,-p,-0.7246,https://eclipse.gsfc.nasa.gov/SEcat5/SE2001-2100.html,a9c08f5b4b51d5c85ccfa18d8bfccd98ec8a7d93f06e2d40691943b4105acf9e,2001-2100,catalog TD and modeled UT1; not exact UTC,09591  2037 Jul 13  02:40:36     83    464  127   T   -p  -0.7246  1.0413  25S 139E  43  201  03m58s,1.0413,-25.0,139.0,43.0,201.0,238,,,,,
lunar-09734,lunar,09734,2037-07-27,2037-07-27T04:09:53,P,P,,83.0,2037-07-27T04:08:30,464,139,t-,-0.5582,https://eclipse.gsfc.nasa.gov/LEcat5/LE2001-2100.html,0f640913669a640418f05c173cea0bdeca194fcac6b5b196b6b9ab1b08122792,2001-2100,catalog TD and modeled UT1; not exact UTC,09734  2037 Jul 27  04:09:53     83    464  139   P   t-  -0.5582  1.8584  0.8095  340.8  192.4    -     20S   60W,,-20.0,-60.0,,,,1.8584,0.8095,20448.0,11544.0,
solar-09592,solar,09592,2038-01-05,2038-01-05T13:47:11,A,A,,83.0,2038-01-05T13:45:48,470,132,-n,0.4169,https://eclipse.gsfc.nasa.gov/SEcat5/SE2001-2100.html,a9c08f5b4b51d5c85ccfa18d8bfccd98ec8a7d93f06e2d40691943b4105acf9e,2001-2100,catalog TD and modeled UT1; not exact UTC,09592  2038 Jan 05  13:47:11     83    470  132   A   -n   0.4169  0.9728   2N  25W  65  107  03m18s,0.9728,2.0,-25.0,65.0,107.0,198,,,,,
lunar-09735,lunar,09735,2038-01-21,2038-01-21T03:49:52,N,N,,83.0,2038-01-21T03:48:29,470,144,a-,1.071,https://eclipse.gsfc.nasa.gov/LEcat5/LE2001-2100.html,0f640913669a640418f05c173cea0bdeca194fcac6b5b196b6b9ab1b08122792,2001-2100,catalog TD and modeled UT1; not exact UTC,09735  2038 Jan 21  03:49:52     83    470  144   N   a-   1.0710  0.8996 -0.1140  245.8    -      -     21N   54W,,21.0,-54.0,,,,0.8996,-0.114,14748.0,,
lunar-09736,lunar,09736,2038-06-17,2038-06-17T02:45:02,N,N,,83.0,2038-06-17T02:43:39,475,111,-a,1.3082,https://eclipse.gsfc.nasa.gov/LEcat5/LE2001-2100.html,0f640913669a640418f05c173cea0bdeca194fcac6b5b196b6b9ab1b08122792,2001-2100,catalog TD and modeled UT1; not exact UTC,09736  2038 Jun 17  02:45:02     83    475  111   N   -a   1.3082  0.4422 -0.5275  176.3    -      -     22S   41W,,-22.0,-41.0,,,,0.4422,-0.5275,10578.0,,
solar-09593,solar,09593,2038-07-02,2038-07-02T13:32:55,A,A,,84.0,2038-07-02T13:31:31,476,137,nn,0.0398,https://eclipse.gsfc.nasa.gov/SEcat5/SE2001-2100.html,a9c08f5b4b51d5c85ccfa18d8bfccd98ec8a7d93f06e2d40691943b4105acf9e,2001-2100,catalog TD and modeled UT1; not exact UTC,09593  2038 Jul 02  13:32:55     84    476  137   A   nn   0.0398  0.9911  25N  22W  88   31  01m00s,0.9911,25.0,-22.0,88.0,31.0,60,,,,,
lunar-09737,lunar,09737,2038-07-16,2038-07-16T11:35:56,N,N,,84.0,2038-07-16T11:34:32,476,149,a-,-1.2837,https://eclipse.gsfc.nasa.gov/LEcat5/LE2001-2100.html,0f640913669a640418f05c173cea0bdeca194fcac6b5b196b6b9ab1b08122792,2001-2100,catalog TD and modeled UT1; not exact UTC,09737  2038 Jul 16  11:35:56     84    476  149   N   a-  -1.2837  0.4999 -0.4952  192.4    -      -     23S  172W,,-23.0,-172.0,,,,0.4999,-0.4952,11544.0,,
lunar-09738,lunar,09738,2038-12-11,2038-12-11T17:45:00,N,N,,84.0,2038-12-11T17:43:36,481,116,-t,-1.1448,https://eclipse.gsfc.nasa.gov/LEcat5/LE2001-2100.html,0f640913669a640418f05c173cea0bdeca194fcac6b5b196b6b9ab1b08122792,2001-2100,catalog TD and modeled UT1; not exact UTC,09738  2038 Dec 11  17:45:00     84    481  116   N   -t  -1.1448  0.8046 -0.2892  258.5    -      -     22N   93E,,22.0,93.0,,,,0.8046,-0.2892,15510.0,,
solar-09594,solar,09594,2038-12-26,2038-12-26T01:00:10,T,T,,84.0,2038-12-26T00:58:46,482,142,n-,-0.2881,https://eclipse.gsfc.nasa.gov/SEcat5/SE2001-2100.html,a9c08f5b4b51d5c85ccfa18d8bfccd98ec8a7d93f06e2d40691943b4105acf9e,2001-2100,catalog TD and modeled UT1; not exact UTC,09594  2038 Dec 26  01:00:10     84    482  142   T   n-  -0.2881  1.0268  40S 164E  73   95  02m18s,1.0268,-40.0,164.0,73.0,95.0,138,,,,,
lunar-09739,lunar,09739,2039-06-06,2039-06-06T18:54:25,P,P,,84.0,2039-06-06T18:53:01,487,121,-a,0.546,https://eclipse.gsfc.nasa.gov/LEcat5/LE2001-2100.html,0f640913669a640418f05c173cea0bdeca194fcac6b5b196b6b9ab1b08122792,2001-2100,catalog TD and modeled UT1; not exact UTC,09739  2039 Jun 06  18:54:25     84    487  121   P   -a   0.5460  1.8272  0.8846  296.7  179.3    -     22S   77E,,-22.0,77.0,,,,1.8272,0.8846,17802.0,10758.0,
solar-09595,solar,09595,2039-06-21,2039-06-21T17:12:54,A,A,,84.0,2039-06-21T17:11:30,488,147,p-,0.8312,https://eclipse.gsfc.nasa.gov/SEcat5/SE2001-2100.html,a9c08f5b4b51d5c85ccfa18d8bfccd98ec8a7d93f06e2d40691943b4105acf9e,2001-2100,catalog TD and modeled UT1; not exact UTC,09595  2039 Jun 21  17:12:54     84    488  147   A   p-   0.8312  0.9454  79N 102W  33  365  04m05s,0.9454,79.0,-102.0,33.0,365.0,245,,,,,
lunar-09740,lunar,09740,2039-11-30,2039-11-30T16:56:28,P,P,,85.0,2039-11-30T16:55:03,493,126,-t,-0.4721,https://eclipse.gsfc.nasa.gov/LEcat5/LE2001-2100.html,0f640913669a640418f05c173cea0bdeca194fcac6b5b196b6b9ab1b08122792,2001-2100,catalog TD and modeled UT1; not exact UTC,09740  2039 Nov 30  16:56:28     85    493  126   P   -t  -0.4721  2.0418  0.9426  360.1  206.0    -     21N  104E,,21.0,104.0,,,,2.0418,0.9426,21606.0,12360.0,
solar-09596,solar,09596,2039-12-15,2039-12-15T16:23:46,T,T,,85.0,2039-12-15T16:22:21,494,152,p-,-0.9458,https://eclipse.gsfc.nasa.gov/SEcat5/SE2001-2100.html,a9c08f5b4b51d5c85ccfa18d8bfccd98ec8a7d93f06e2d40691943b4105acf9e,2001-2100,catalog TD and modeled UT1; not exact UTC,09596  2039 Dec 15  16:23:46     85    494  152   T   p-  -0.9458  1.0356  81S 173E  18  380  01m51s,1.0356,-81.0,173.0,18.0,380.0,111,,,,,
solar-09597,solar,09597,2040-05-11,2040-05-11T03:43:02,P,P,,85.0,2040-05-11T03:41:37,499,119,-t,-1.2529,https://eclipse.gsfc.nasa.gov/SEcat5/SE2001-2100.html,a9c08f5b4b51d5c85ccfa18d8bfccd98ec8a7d93f06e2d40691943b4105acf9e,2001-2100,catalog TD and modeled UT1; not exact UTC,09597  2040 May 11  03:43:02     85    499  119   P   -t  -1.2529  0.5306  63S 174E   0,0.5306,-63.0,174.0,0.0,,,,,,,
lunar-09741,lunar,09741,2040-05-26,2040-05-26T11:46:22,T,T-,-,85.0,2040-05-26T11:44:57,499,131,p-,-0.1872,https://eclipse.gsfc.nasa.gov/LEcat5/LE2001-2100.html,0f640913669a640418f05c173cea0bdeca194fcac6b5b196b6b9ab1b08122792,2001-2100,catalog TD and modeled UT1; not exact UTC,09741  2040 May 26  11:46:22     85    499  131   T-  p-  -0.1872  2.4938  1.5348  321.4  210.7   92.2   21S  177W,,-21.0,-177.0,,,,2.4938,1.5348,19284.0,12642.0,5532.0
solar-09598,solar,09598,2040-11-04,2040-11-04T19:09:02,P,P,,85.0,2040-11-04T19:07:37,505,124,-t,1.0993,https://eclipse.gsfc.nasa.gov/SEcat5/SE2001-2100.html,a9c08f5b4b51d5c85ccfa18d8bfccd98ec8a7d93f06e2d40691943b4105acf9e,2001-2100,catalog TD and modeled UT1; not exact UTC,09598  2040 Nov 04  19:09:02     85    505  124   P   -t   1.0993  0.8074  62N  53W   0,0.8074,62.0,-53.0,0.0,,,,,,,
lunar-09742,lunar,09742,2040-11-18,2040-11-18T19:04:40,T,T+,+,85.0,2040-11-18T19:03:15,505,136,p-,0.2361,https://eclipse.gsfc.nasa.gov/LEcat5/LE2001-2100.html,0f640913669a640418f05c173cea0bdeca194fcac6b5b196b6b9ab1b08122792,2001-2100,catalog TD and modeled UT1; not exact UTC,09742  2040 Nov 18  19:04:40     85    505  136   T+  p-   0.2361  2.4525  1.3974  353.6  220.4   87.8   20N   70E,,20.0,70.0,,,,2.4525,1.3974,21216.0,13224.0,5268.0
solar-09599,solar,09599,2041-04-30,2041-04-30T11:52:21,T,T,,86.0,2041-04-30T11:50:55,511,129,-p,-0.4492,https://eclipse.gsfc.nasa.gov/SEcat5/SE2001-2100.html,a9c08f5b4b51d5c85ccfa18d8bfccd98ec8a7d93f06e2d40691943b4105acf9e,2001-2100,catalog TD and modeled UT1; not exact UTC,09599  2041 Apr 30  11:52:21     86    511  129   T   -p  -0.4492  1.0189  10S  12E  63   72  01m51s,1.0189,-10.0,12.0,63.0,72.0,111,,,,,
lunar-09743,lunar,09743,2041-05-16,2041-05-16T00:43:03,P,P,,86.0,2041-05-16T00:41:37,511,141,t-,-0.9746,https://eclipse.gsfc.nasa.gov/LEcat5/LE2001-2100.html,0f640913669a640418f05c173cea0bdeca194fcac6b5b196b6b9ab1b08122792,2001-2100,catalog TD and modeled UT1; not exact UTC,09743  2041 May 16  00:43:03     86    511  141   P   t-  -0.9746  1.0747  0.0645  269.7   58.5    -     20S   12W,,-20.0,-12.0,,,,1.0747,0.0645,16182.0,3510.0,
solar-09600,solar,09600,2041-10-25,2041-10-25T01:36:22,A,A,,86.0,2041-10-25T01:34:56,517,134,-p,0.4133,https://eclipse.gsfc.nasa.gov/SEcat5/SE2001-2100.html,a9c08f5b4b51d5c85ccfa18d8bfccd98ec8a7d93f06e2d40691943b4105acf9e,2001-2100,catalog TD and modeled UT1; not exact UTC,09600  2041 Oct 25  01:36:22     86    517  134   A   -p   0.4133  0.9467  10N 163E  66  213  06m07s,0.9467,10.0,163.0,66.0,213.0,367,,,,,
lunar-09744,lunar,09744,2041-11-08,2041-11-08T04:35:05,P,P,,86.0,2041-11-08T04:33:39,517,146,a-,0.9212,https://eclipse.gsfc.nasa.gov/LEcat5/LE2001-2100.html,0f640913669a640418f05c173cea0bdeca194fcac6b5b196b6b9ab1b08122792,2001-2100,catalog TD and modeled UT1; not exact UTC,09744  2041 Nov 08  04:35:05     86    517  146   P   a-   0.9212  1.1656  0.1696  268.0   90.3    -     18N   73W,,18.0,-73.0,,,,1.1656,0.1696,16080.0,5418.0,
lunar-09745,lunar,09745,2042-04-05,2042-04-05T14:30:11,N,N,,86.0,2042-04-05T14:28:45,522,113,-t,1.108,https://eclipse.gsfc.nasa.gov/LEcat5/LE2001-2100.html,0f640913669a640418f05c173cea0bdeca194fcac6b5b196b6b9ab1b08122792,2001-2100,catalog TD and modeled UT1; not exact UTC,09745  2042 Apr 05  14:30:11     86    522  113   N   -t   1.1080  0.8680 -0.2176  268.4    -      -      5S  144E,,-5.0,144.0,,,,0.868,-0.2176,16103.999999999998,,
solar-09601,solar,09601,2042-04-20,2042-04-20T02:17:30,T,T,,86.0,2042-04-20T02:16:04,523,139,n-,0.2956,https://eclipse.gsfc.nasa.gov/SEcat5/SE2001-2100.html,a9c08f5b4b51d5c85ccfa18d8bfccd98ec8a7d93f06e2d40691943b4105acf9e,2001-2100,catalog TD and modeled UT1; not exact UTC,09601  2042 Apr 20  02:17:30     86    523  139   T   n-   0.2956  1.0614  27N 137E  73  210  04m51s,1.0614,27.0,137.0,73.0,210.0,291,,,,,
lunar-09746,lunar,09746,2042-09-29,2042-09-29T10:45:47,N,N,,87.0,2042-09-29T10:44:20,528,118,-a,-1.0261,https://eclipse.gsfc.nasa.gov/LEcat5/LE2001-2100.html,0f640913669a640418f05c173cea0bdeca194fcac6b5b196b6b9ab1b08122792,2001-2100,catalog TD and modeled UT1; not exact UTC,09746  2042 Sep 29  10:45:47     87    528  118   N   -a  -1.0261  0.9528 -0.0031  238.5    -      -      2N  163W,,2.0,-163.0,,,,0.9528,-0.0031,14310.0,,
solar-09602,solar,09602,2042-10-14,2042-10-14T02:00:42,A,A,,87.0,2042-10-14T01:59:15,529,144,n-,-0.303,https://eclipse.gsfc.nasa.gov/SEcat5/SE2001-2100.html,a9c08f5b4b51d5c85ccfa18d8bfccd98ec8a7d93f06e2d40691943b4105acf9e,2001-2100,catalog TD and modeled UT1; not exact UTC,09602  2042 Oct 14  02:00:42     87    529  144   A   n-  -0.3030  0.9300  24S 138E  72  273  07m44s,0.93,-24.0,138.0,72.0,273.0,464,,,,,
lunar-09747,lunar,09747,2043-03-25,2043-03-25T14:32:04,T,T,,87.0,2043-03-25T14:30:37,534,123,-t,0.3849,https://eclipse.gsfc.nasa.gov/LEcat5/LE2001-2100.html,0f640913669a640418f05c173cea0bdeca194fcac6b5b196b6b9ab1b08122792,2001-2100,catalog TD and modeled UT1; not exact UTC,09747  2043 Mar 25  14:32:04     87    534  123   T   -t   0.3849  2.1900  1.1142  359.3  214.6   53.4    2S  144E,,-2.0,144.0,,,,2.19,1.1142,21558.0,12876.0,3204.0
solar-09603,solar,09603,2043-04-09,2043-04-09T18:57:49,T,T+,+,87.0,2043-04-09T18:56:22,535,149,t-,1.0031,https://eclipse.gsfc.nasa.gov/SEcat5/SE2001-2100.html,a9c08f5b4b51d5c85ccfa18d8bfccd98ec8a7d93f06e2d40691943b4105acf9e,2001-2100,catalog TD and modeled UT1; not exact UTC,09603  2043 Apr 09  18:57:49     87    535  149   T+  t-   1.0031  1.0095  61N 152E   0,1.0095,61.0,152.0,0.0,,,,,,,
lunar-09748,lunar,09748,2043-09-19,2043-09-19T01:51:50,T,T,,88.0,2043-09-19T01:50:22,540,128,-a,-0.3316,https://eclipse.gsfc.nasa.gov/LEcat5/LE2001-2100.html,0f640913669a640418f05c173cea0bdeca194fcac6b5b196b6b9ab1b08122792,2001-2100,catalog TD and modeled UT1; not exact UTC,09748  2043 Sep 19  01:51:50     88    540  128   T   -a  -0.3316  2.2433  1.2556  325.8  206.0   71.7    2S   29W,,-2.0,-29.0,,,,2.2433,1.2556,19548.0,12360.0,4302.0
solar-09604,solar,09604,2043-10-03,2043-10-03T03:01:49,A,A-,-,88.0,2043-10-03T03:00:21,541,154,t-,-1.0102,https://eclipse.gsfc.nasa.gov/SEcat5/SE2001-2100.html,a9c08f5b4b51d5c85ccfa18d8bfccd98ec8a7d93f06e2d40691943b4105acf9e,2001-2100,catalog TD and modeled UT1; not exact UTC,09604  2043 Oct 03  03:01:49     88    541  154   A-  t-  -1.0102  0.9497  61S  35E   0,0.9497,-61.0,35.0,0.0,,,,,,,
solar-09605,solar,09605,2044-02-28,2044-02-28T20:24:39,A,As,s,88.0,2044-02-28T20:23:11,546,121,-t,-0.9954,https://eclipse.gsfc.nasa.gov/SEcat5/SE2001-2100.html,a9c08f5b4b51d5c85ccfa18d8bfccd98ec8a7d93f06e2d40691943b4105acf9e,2001-2100,catalog TD and modeled UT1; not exact UTC,09605  2044 Feb 28  20:24:39     88    546  121   As  -t  -0.9954  0.9600  62S  26W   4   -   02m27s,0.96,-62.0,-26.0,4.0,,147,,,,,
lunar-09749,lunar,09749,2044-03-13,2044-03-13T19:38:33,T,T,,88.0,2044-03-13T19:37:05,546,133,a-,-0.3496,https://eclipse.gsfc.nasa.gov/LEcat5/LE2001-2100.html,0f640913669a640418f05c173cea0bdeca194fcac6b5b196b6b9ab1b08122792,2001-2100,catalog TD and modeled UT1; not exact UTC,09749  2044 Mar 13  19:38:33     88    546  133   T   a-  -0.3496  2.2303  1.2031  338.4  209.1   66.4    2N   68E,,2.0,68.0,,,,2.2303,1.2031,20304.0,12546.0,3984.0000000000005
solar-09606,solar,09606,2044-08-23,2044-08-23T01:17:02,T,T,,88.0,2044-08-23T01:15:34,552,126,-t,0.9613,https://eclipse.gsfc.nasa.gov/SEcat5/SE2001-2100.html,a9c08f5b4b51d5c85ccfa18d8bfccd98ec8a7d93f06e2d40691943b4105acf9e,2001-2100,catalog TD and modeled UT1; not exact UTC,09606  2044 Aug 23  01:17:02     88    552  126   T   -t   0.9613  1.0364  64N 120W  15  453  02m04s,1.0364,64.0,-120.0,15.0,453.0,124,,,,,
lunar-09750,lunar,09750,2044-09-07,2044-09-07T11:20:44,T,T,,88.0,2044-09-07T11:19:16,552,138,t-,0.4318,https://eclipse.gsfc.nasa.gov/LEcat5/LE2001-2100.html,0f640913669a640418f05c173cea0bdeca194fcac6b5b196b6b9ab1b08122792,2001-2100,catalog TD and modeled UT1; not exact UTC,09750  2044 Sep 07  11:20:44     88    552  138   T   t-   0.4318  2.0860  1.0456  344.0  206.2   33.9    5S  171W,,-5.0,-171.0,,,,2.086,1.0456,20640.0,12372.0,2034.0
solar-09607,solar,09607,2045-02-16,2045-02-16T23:56:07,A,A,,89.0,2045-02-16T23:54:38,558,131,-n,-0.3125,https://eclipse.gsfc.nasa.gov/SEcat5/SE2001-2100.html,a9c08f5b4b51d5c85ccfa18d8bfccd98ec8a7d93f06e2d40691943b4105acf9e,2001-2100,catalog TD and modeled UT1; not exact UTC,09607  2045 Feb 16  23:56:07     89    558  131   A   -n  -0.3125  0.9285  28S 166W  72  281  07m47s,0.9285,-28.0,-166.0,72.0,281.0,467,,,,,
lunar-09751,lunar,09751,2045-03-03,2045-03-03T07:43:26,N,N,,89.0,2045-03-03T07:41:57,558,143,a-,-1.0274,https://eclipse.gsfc.nasa.gov/LEcat5/LE2001-2100.html,0f640913669a640418f05c173cea0bdeca194fcac6b5b196b6b9ab1b08122792,2001-2100,catalog TD and modeled UT1; not exact UTC,09751  2045 Mar 03  07:43:26     89    558  143   N   a-  -1.0274  0.9623 -0.0168  243.9    -      -      6N  113W,,6.0,-113.0,,,,0.9623,-0.0168,14634.0,,
solar-09608,solar,09608,2045-08-12,2045-08-12T17:42:39,T,T,,89.0,2045-08-12T17:41:10,564,136,-n,0.2116,https://eclipse.gsfc.nasa.gov/SEcat5/SE2001-2100.html,a9c08f5b4b51d5c85ccfa18d8bfccd98ec8a7d93f06e2d40691943b4105acf9e,2001-2100,catalog TD and modeled UT1; not exact UTC,09608  2045 Aug 12  17:42:39     89    564  136   T   -n   0.2116  1.0774  26N  79W  78  256  06m06s,1.0774,26.0,-79.0,78.0,256.0,366,,,,,
lunar-09752,lunar,09752,2045-08-27,2045-08-27T13:54:50,N,N,,89.0,2045-08-27T13:53:21,564,148,t-,1.206,https://eclipse.gsfc.nasa.gov/LEcat5/LE2001-2100.html,0f640913669a640418f05c173cea0bdeca194fcac6b5b196b6b9ab1b08122792,2001-2100,catalog TD and modeled UT1; not exact UTC,09752  2045 Aug 27  13:54:50     89    564  148   N   t-   1.2060  0.6825 -0.3919  241.7    -      -      9S  152E,,-9.0,152.0,,,,0.6825,-0.3919,14502.0,,
lunar-09753,lunar,09753,2046-01-22,2046-01-22T13:02:37,P,P,,90.0,2046-01-22T13:01:07,569,115,-a,0.9885,https://eclipse.gsfc.nasa.gov/LEcat5/LE2001-2100.html,0f640913669a640418f05c173cea0bdeca194fcac6b5b196b6b9ab1b08122792,2001-2100,catalog TD and modeled UT1; not exact UTC,09753  2046 Jan 22  13:02:37     90    569  115   P   -a   0.9885  1.0347  0.0532  250.0   50.4    -     21N  168E,,21.0,168.0,,,,1.0347,0.0532,15000.0,3024.0,
solar-09609,solar,09609,2046-02-05,2046-02-05T23:06:26,A,A,,90.0,2046-02-05T23:04:56,570,141,p-,0.3765,https://eclipse.gsfc.nasa.gov/SEcat5/SE2001-2100.html,a9c08f5b4b51d5c85ccfa18d8bfccd98ec8a7d93f06e2d40691943b4105acf9e,2001-2100,catalog TD and modeled UT1; not exact UTC,09609  2046 Feb 05  23:06:26     90    570  141   A   p-   0.3765  0.9232   5N 171W  68  310  09m42s,0.9232,5.0,-171.0,68.0,310.0,582,,,,,
lunar-09754,lunar,09754,2046-07-18,2046-07-18T01:06:05,P,P,,90.0,2046-07-18T01:04:35,575,120,-t,-0.8691,https://eclipse.gsfc.nasa.gov/LEcat5/LE2001-2100.html,0f640913669a640418f05c173cea0bdeca194fcac6b5b196b6b9ab1b08122792,2001-2100,catalog TD and modeled UT1; not exact UTC,09754  2046 Jul 18  01:06:05     90    575  120   P   -t  -0.8691  1.2807  0.2461  298.1  114.6    -     22S   14W,,-22.0,-14.0,,,,1.2807,0.2461,17886.0,6876.0,
solar-09610,solar,09610,2046-08-02,2046-08-02T10:21:13,T,T,,90.0,2046-08-02T10:19:43,576,146,p-,-0.535,https://eclipse.gsfc.nasa.gov/SEcat5/SE2001-2100.html,a9c08f5b4b51d5c85ccfa18d8bfccd98ec8a7d93f06e2d40691943b4105acf9e,2001-2100,catalog TD and modeled UT1; not exact UTC,09610  2046 Aug 02  10:21:13     90    576  146   T   p-  -0.5350  1.0531  13S  15E  58  206  04m51s,1.0531,-13.0,15.0,58.0,206.0,291,,,,,
lunar-09755,lunar,09755,2047-01-12,2047-01-12T01:26:14,T,T,,90.0,2047-01-12T01:24:44,581,125,-p,0.3317,https://eclipse.gsfc.nasa.gov/LEcat5/LE2001-2100.html,0f640913669a640418f05c173cea0bdeca194fcac6b5b196b6b9ab1b08122792,2001-2100,catalog TD and modeled UT1; not exact UTC,09755  2047 Jan 12  01:26:14     90    581  125   T   -p   0.3317  2.2649  1.2341  337.2  208.9   70.0   22N   19W,,22.0,-19.0,,,,2.2649,1.2341,20232.0,12534.0,4200.0
solar-09611,solar,09611,2047-01-26,2047-01-26T01:33:18,P,P,,90.0,2047-01-26T01:31:48,582,151,t-,1.045,https://eclipse.gsfc.nasa.gov/SEcat5/SE2001-2100.html,a9c08f5b4b51d5c85ccfa18d8bfccd98ec8a7d93f06e2d40691943b4105acf9e,2001-2100,catalog TD and modeled UT1; not exact UTC,09611  2047 Jan 26  01:33:18     90    582  151   P   t-   1.0450  0.8907  63N 112E   0,0.8907,63.0,112.0,0.0,,,,,,,
solar-09612,solar,09612,2047-06-23,2047-06-23T10:52:31,P,P,,91.0,2047-06-23T10:51:00,587,118,-t,1.3766,https://eclipse.gsfc.nasa.gov/SEcat5/SE2001-2100.html,a9c08f5b4b51d5c85ccfa18d8bfccd98ec8a7d93f06e2d40691943b4105acf9e,2001-2100,catalog TD and modeled UT1; not exact UTC,09612  2047 Jun 23  10:52:31     91    587  118   P   -t   1.3766  0.3129  66N 178W   0,0.3129,66.0,-178.0,0.0,,,,,,,
lunar-09756,lunar,09756,2047-07-07,2047-07-07T10:35:45,T,T-,-,91.0,2047-07-07T10:34:14,587,130,pp,-0.0636,https://eclipse.gsfc.nasa.gov/LEcat5/LE2001-2100.html,0f640913669a640418f05c173cea0bdeca194fcac6b5b196b6b9ab1b08122792,2001-2100,catalog TD and modeled UT1; not exact UTC,09756  2047 Jul 07  10:35:45     91    587  130   T-  pp  -0.0636  2.7310  1.7513  333.4  218.5  100.8   23S  157W,,-23.0,-157.0,,,,2.731,1.7513,20004.0,13110.0,6048.0
solar-09613,solar,09613,2047-07-22,2047-07-22T22:36:17,P,P,,91.0,2047-07-22T22:34:46,588,156,t-,-1.3477,https://eclipse.gsfc.nasa.gov/SEcat5/SE2001-2100.html,a9c08f5b4b51d5c85ccfa18d8bfccd98ec8a7d93f06e2d40691943b4105acf9e,2001-2100,catalog TD and modeled UT1; not exact UTC,09613  2047 Jul 22  22:36:17     91    588  156   P   t-  -1.3477  0.3604  63S 160E   0,0.3604,-63.0,160.0,0.0,,,,,,,
solar-09614,solar,09614,2047-12-16,2047-12-16T23:50:12,P,P,,91.0,2047-12-16T23:48:41,593,123,-t,-1.0661,https://eclipse.gsfc.nasa.gov/SEcat5/SE2001-2100.html,a9c08f5b4b51d5c85ccfa18d8bfccd98ec8a7d93f06e2d40691943b4105acf9e,2001-2100,catalog TD and modeled UT1; not exact UTC,09614  2047 Dec 16  23:50:12     91    593  123   P   -t  -1.0661  0.8816  66S   7W   0,0.8816,-66.0,-7.0,0.0,,,,,,,
lunar-09757,lunar,09757,2048-01-01,2048-01-01T06:53:55,T,T,,91.0,2048-01-01T06:52:24,593,135,p-,-0.3745,https://eclipse.gsfc.nasa.gov/LEcat5/LE2001-2100.html,0f640913669a640418f05c173cea0bdeca194fcac6b5b196b6b9ab1b08122792,2001-2100,catalog TD and modeled UT1; not exact UTC,09757  2048 Jan 01  06:53:55     91    593  135   T   p-  -0.3745  2.2141  1.1280  359.4  214.3   55.9   23N  102W,,23.0,-102.0,,,,2.2141,1.128,21564.0,12858.0,3354.0
solar-09615,solar,09615,2048-06-11,2048-06-11T12:58:53,A,A,,92.0,2048-06-11T12:57:21,599,128,-p,0.6468,https://eclipse.gsfc.nasa.gov/SEcat5/SE2001-2100.html,a9c08f5b4b51d5c85ccfa18d8bfccd98ec8a7d93f06e2d40691943b4105acf9e,2001-2100,catalog TD and modeled UT1; not exact UTC,09615  2048 Jun 11  12:58:53     92    599  128   A   -p   0.6468  0.9441  64N  12W  49  272  04m58s,0.9441,64.0,-12.0,49.0,272.0,298,,,,,
lunar-09758,lunar,09758,2048-06-26,2048-06-26T02:02:28,P,P,,92.0,2048-06-26T02:00:56,599,140,a-,0.6796,https://eclipse.gsfc.nasa.gov/LEcat5/LE2001-2100.html,0f640913669a640418f05c173cea0bdeca194fcac6b5b196b6b9ab1b08122792,2001-2100,catalog TD and modeled UT1; not exact UTC,09758  2048 Jun 26  02:02:28     92    599  140   P   a-   0.6796  1.5825  0.6388  285.7  159.2    -     23S   30W,,-23.0,-30.0,,,,1.5825,0.6388,17142.0,9552.0,
solar-09616,solar,09616,2048-12-05,2048-12-05T15:35:27,T,T,,92.0,2048-12-05T15:33:55,605,133,-n,-0.3973,https://eclipse.gsfc.nasa.gov/SEcat5/SE2001-2100.html,a9c08f5b4b51d5c85ccfa18d8bfccd98ec8a7d93f06e2d40691943b4105acf9e,2001-2100,catalog TD and modeled UT1; not exact UTC,09616  2048 Dec 05  15:35:27     92    605  133   T   -n  -0.3973  1.0440  46S  56W  66  160  03m28s,1.044,-46.0,-56.0,66.0,160.0,208,,,,,
lunar-09759,lunar,09759,2048-12-20,2048-12-20T06:27:48,N,N,,92.0,2048-12-20T06:26:16,605,145,t-,-1.0624,https://eclipse.gsfc.nasa.gov/LEcat5/LE2001-2100.html,0f640913669a640418f05c173cea0bdeca194fcac6b5b196b6b9ab1b08122792,2001-2100,catalog TD and modeled UT1; not exact UTC,09759  2048 Dec 20  06:27:48     92    605  145   N   t-  -1.0624  0.9617 -0.1436  281.6    -      -     22N   97W,,22.0,-97.0,,,,0.9617,-0.1436,16896.0,,
lunar-09760,lunar,09760,2049-05-17,2049-05-17T11:26:39,N,N,,92.0,2049-05-17T11:25:07,610,112,-a,-1.1337,https://eclipse.gsfc.nasa.gov/LEcat5/LE2001-2100.html,0f640913669a640418f05c173cea0bdeca194fcac6b5b196b6b9ab1b08122792,2001-2100,catalog TD and modeled UT1; not exact UTC,09760  2049 May 17  11:26:39     92    610  112   N   -a  -1.1337  0.7638 -0.2085  224.3    -      -     21S  172W,,-21.0,-172.0,,,,0.7638,-0.2085,13458.0,,
solar-09617,solar,09617,2049-05-31,2049-05-31T13:59:59,A,A,,92.0,2049-05-31T13:58:27,611,138,nn,-0.1187,https://eclipse.gsfc.nasa.gov/SEcat5/SE2001-2100.html,a9c08f5b4b51d5c85ccfa18d8bfccd98ec8a7d93f06e2d40691943b4105acf9e,2001-2100,catalog TD and modeled UT1; not exact UTC,09617  2049 May 31  13:59:59     92    611  138   A   nn  -0.1187  0.9631  15N  30W  83  134  04m45s,0.9631,15.0,-30.0,83.0,134.0,285,,,,,
lunar-09761,lunar,09761,2049-06-15,2049-06-15T19:14:12,N,N,,92.0,2049-06-15T19:12:40,611,150,a-,1.4068,https://eclipse.gsfc.nasa.gov/LEcat5/LE2001-2100.html,0f640913669a640418f05c173cea0bdeca194fcac6b5b196b6b9ab1b08122792,2001-2100,catalog TD and modeled UT1; not exact UTC,09761  2049 Jun 15  19:14:12     92    611  150   N   a-   1.4068  0.2511 -0.6985  132.0    -      -     22S   72E,,-22.0,72.0,,,,0.2511,-0.6985,7920.0,,
lunar-09762,lunar,09762,2049-11-09,2049-11-09T15:52:11,N,N,,93.0,2049-11-09T15:50:38,616,117,-h,1.1964,https://eclipse.gsfc.nasa.gov/LEcat5/LE2001-2100.html,0f640913669a640418f05c173cea0bdeca194fcac6b5b196b6b9ab1b08122792,2001-2100,catalog TD and modeled UT1; not exact UTC,09762  2049 Nov 09  15:52:11     93    616  117   N   -h   1.1964  0.6808 -0.3553  226.1    -      -     18N  118E,,18.0,118.0,,,,0.6808,-0.3553,13566.0,,
solar-09618,solar,09618,2049-11-25,2049-11-25T05:33:48,H,H,,93.0,2049-11-25T05:32:15,617,143,n-,0.2943,https://eclipse.gsfc.nasa.gov/SEcat5/SE2001-2100.html,a9c08f5b4b51d5c85ccfa18d8bfccd98ec8a7d93f06e2d40691943b4105acf9e,2001-2100,catalog TD and modeled UT1; not exact UTC,09618  2049 Nov 25  05:33:48     93    617  143   H   n-   0.2943  1.0057   4S  95E  73   21  00m38s,1.0057,-4.0,95.0,73.0,21.0,38,,,,,
lunar-09763,lunar,09763,2050-05-06,2050-05-06T22:32:02,T,T,,94.0,2050-05-06T22:30:28,622,122,-h,-0.4181,https://eclipse.gsfc.nasa.gov/LEcat5/LE2001-2100.html,0f640913669a640418f05c173cea0bdeca194fcac6b5b196b6b9ab1b08122792,2001-2100,catalog TD and modeled UT1; not exact UTC,09763  2050 May 06  22:32:02     94    622  122   T   -h  -0.4181  2.1052  1.0767  340.0  206.0   43.2   17S   21E,,-17.0,21.0,,,,2.1052,1.0767,20400.0,12360.0,2592.0
solar-09619,solar,09619,2050-05-20,2050-05-20T20:42:50,H,H,,94.0,2050-05-20T20:41:16,623,148,t-,-0.8688,https://eclipse.gsfc.nasa.gov/SEcat5/SE2001-2100.html,a9c08f5b4b51d5c85ccfa18d8bfccd98ec8a7d93f06e2d40691943b4105acf9e,2001-2100,catalog TD and modeled UT1; not exact UTC,09619  2050 May 20  20:42:50     94    623  148   H   t-  -0.8688  1.0038  40S 124W  29   27  00m21s,1.0038,-40.0,-124.0,29.0,27.0,21,,,,,
lunar-09764,lunar,09764,2050-10-30,2050-10-30T03:21:47,T,T,,95.0,2050-10-30T03:20:12,628,127,-p,0.4435,https://eclipse.gsfc.nasa.gov/LEcat5/LE2001-2100.html,0f640913669a640418f05c173cea0bdeca194fcac6b5b196b6b9ab1b08122792,2001-2100,catalog TD and modeled UT1; not exact UTC,09764  2050 Oct 30  03:21:47     95    628  127   T   -p   0.4435  2.0345  1.0538  313.1  192.9   34.5   14N   54W,,14.0,-54.0,,,,2.0345,1.0538,18786.0,11574.0,2070.0
solar-09620,solar,09620,2050-11-14,2050-11-14T13:30:53,P,P,,95.0,2050-11-14T13:29:18,629,153,t-,1.0447,https://eclipse.gsfc.nasa.gov/SEcat5/SE2001-2100.html,a9c08f5b4b51d5c85ccfa18d8bfccd98ec8a7d93f06e2d40691943b4105acf9e,2001-2100,catalog TD and modeled UT1; not exact UTC,09620  2050 Nov 14  13:30:53     95    629  153   P   t-   1.0447  0.8874  70N   1E   0,0.8874,70.0,1.0,0.0,,,,,,,
solar-09621,solar,09621,2051-04-11,2051-04-11T02:10:39,P,P,,95.0,2051-04-11T02:09:04,634,120,-t,1.0169,https://eclipse.gsfc.nasa.gov/SEcat5/SE2001-2100.html,a9c08f5b4b51d5c85ccfa18d8bfccd98ec8a7d93f06e2d40691943b4105acf9e,2001-2100,catalog TD and modeled UT1; not exact UTC,09621  2051 Apr 11  02:10:39     95    634  120   P   -t   1.0169  0.9849  72N  32E   0,0.9849,72.0,32.0,0.0,,,,,,,
lunar-09765,lunar,09765,2051-04-26,2051-04-26T02:16:28,T,T,,96.0,2051-04-26T02:14:52,634,132,p-,0.3371,https://eclipse.gsfc.nasa.gov/LEcat5/LE2001-2100.html,0f640913669a640418f05c173cea0bdeca194fcac6b5b196b6b9ab1b08122792,2001-2100,catalog TD and modeled UT1; not exact UTC,09765  2051 Apr 26  02:16:28     96    634  132   T   p-   0.3371  2.2773  1.2022  364.8  220.8   69.6   13S   34W,,-13.0,-34.0,,,,2.2773,1.2022,21888.0,13248.0,4176.0
solar-09622,solar,09622,2051-10-04,2051-10-04T21:02:14,P,P,,96.0,2051-10-04T21:00:38,640,125,-t,-1.2094,https://eclipse.gsfc.nasa.gov/SEcat5/SE2001-2100.html,a9c08f5b4b51d5c85ccfa18d8bfccd98ec8a7d93f06e2d40691943b4105acf9e,2001-2100,catalog TD and modeled UT1; not exact UTC,09622  2051 Oct 04  21:02:14     96    640  125   P   -t  -1.2094  0.6024  72S 118E   0,0.6024,-72.0,118.0,0.0,,,,,,,
lunar-09766,lunar,09766,2051-10-19,2051-10-19T19:11:50,T,T-,-,97.0,2051-10-19T19:10:13,640,137,p-,-0.2542,https://eclipse.gsfc.nasa.gov/LEcat5/LE2001-2100.html,0f640913669a640418f05c173cea0bdeca194fcac6b5b196b6b9ab1b08122792,2001-2100,catalog TD and modeled UT1; not exact UTC,09766  2051 Oct 19  19:11:50     97    640  137   T-  p-  -0.2542  2.3708  1.4118  314.2  204.3   83.6   10N   69E,,10.0,69.0,,,,2.3708,1.4118,18852.0,12258.0,5016.0
solar-09623,solar,09623,2052-03-30,2052-03-30T18:31:53,T,T,,97.0,2052-03-30T18:30:16,646,130,-n,0.3238,https://eclipse.gsfc.nasa.gov/SEcat5/SE2001-2100.html,a9c08f5b4b51d5c85ccfa18d8bfccd98ec8a7d93f06e2d40691943b4105acf9e,2001-2100,catalog TD and modeled UT1; not exact UTC,09623  2052 Mar 30  18:31:53     97    646  130   T   -n   0.3238  1.0466  22N 103W  71  164  04m08s,1.0466,22.0,-103.0,71.0,164.0,248,,,,,
lunar-09767,lunar,09767,2052-04-14,2052-04-14T02:18:06,N,N,,98.0,2052-04-14T02:16:28,646,142,t-,1.0628,https://eclipse.gsfc.nasa.gov/LEcat5/LE2001-2100.html,0f640913669a640418f05c173cea0bdeca194fcac6b5b196b6b9ab1b08122792,2001-2100,catalog TD and modeled UT1; not exact UTC,09767  2052 Apr 14  02:18:06     98    646  142   N   t-   1.0628  0.9466 -0.1305  276.0    -      -      9S   34W,,-9.0,-34.0,,,,0.9466,-0.1305,16560.0,,
solar-09624,solar,09624,2052-09-22,2052-09-22T23:39:10,A,A,,98.0,2052-09-22T23:37:32,652,135,-p,-0.448,https://eclipse.gsfc.nasa.gov/SEcat5/SE2001-2100.html,a9c08f5b4b51d5c85ccfa18d8bfccd98ec8a7d93f06e2d40691943b4105acf9e,2001-2100,catalog TD and modeled UT1; not exact UTC,09624  2052 Sep 22  23:39:10     98    652  135   A   -p  -0.4480  0.9734  26S 175E  63  106  02m51s,0.9734,-26.0,175.0,63.0,106.0,171,,,,,
lunar-09768,lunar,09768,2052-10-08,2052-10-08T10:45:58,P,P,,99.0,2052-10-08T10:44:19,652,147,a-,-0.9726,https://eclipse.gsfc.nasa.gov/LEcat5/LE2001-2100.html,0f640913669a640418f05c173cea0bdeca194fcac6b5b196b6b9ab1b08122792,2001-2100,catalog TD and modeled UT1; not exact UTC,09768  2052 Oct 08  10:45:58     99    652  147   P   a-  -0.9726  1.0642  0.0821  256.6   63.3    -      5N  164W,,5.0,-164.0,,,,1.0642,0.0821,15396.000000000002,3798.0,
lunar-09769,lunar,09769,2053-03-04,2053-03-04T17:22:10,N,N,,99.0,2053-03-04T17:20:31,657,114,-a,-1.053,https://eclipse.gsfc.nasa.gov/LEcat5/LE2001-2100.html,0f640913669a640418f05c173cea0bdeca194fcac6b5b196b6b9ab1b08122792,2001-2100,catalog TD and modeled UT1; not exact UTC,09769  2053 Mar 04  17:22:10     99    657  114   N   -a  -1.0530  0.9323 -0.0808  251.1    -      -      5N  102E,,5.0,102.0,,,,0.9323,-0.0808,15066.0,,
solar-09625,solar,09625,2053-03-20,2053-03-20T07:08:19,A,A,,99.0,2053-03-20T07:06:40,658,140,n-,-0.4089,https://eclipse.gsfc.nasa.gov/SEcat5/SE2001-2100.html,a9c08f5b4b51d5c85ccfa18d8bfccd98ec8a7d93f06e2d40691943b4105acf9e,2001-2100,catalog TD and modeled UT1; not exact UTC,09625  2053 Mar 20  07:08:19     99    658  140   A   n-  -0.4089  0.9919  23S  83E  66   31  00m50s,0.9919,-23.0,83.0,66.0,31.0,50,,,,,
lunar-09770,lunar,09770,2053-08-29,2053-08-29T08:05:50,N,Nx,x,100.0,2053-08-29T08:04:10,663,119,-t,1.0164,https://eclipse.gsfc.nasa.gov/LEcat5/LE2001-2100.html,0f640913669a640418f05c173cea0bdeca194fcac6b5b196b6b9ab1b08122792,2001-2100,catalog TD and modeled UT1; not exact UTC,09770  2053 Aug 29  08:05:50    100    663  119   Nx  -t   1.0164  1.0191 -0.0330  277.8    -      -      8S  121W,,-8.0,-121.0,,,,1.0191,-0.033,16668.0,,
solar-09626,solar,09626,2053-09-12,2053-09-12T09:34:09,T,T,,100.0,2053-09-12T09:32:29,664,145,n-,0.314,https://eclipse.gsfc.nasa.gov/SEcat5/SE2001-2100.html,a9c08f5b4b51d5c85ccfa18d8bfccd98ec8a7d93f06e2d40691943b4105acf9e,2001-2100,catalog TD and modeled UT1; not exact UTC,09626  2053 Sep 12  09:34:09    100    664  145   T   n-   0.3140  1.0328  21N  42E  72  116  03m04s,1.0328,21.0,42.0,72.0,116.0,184,,,,,
lunar-09771,lunar,09771,2054-02-22,2054-02-22T06:51:27,T,T,,101.0,2054-02-22T06:49:46,669,124,-p,-0.3242,https://eclipse.gsfc.nasa.gov/LEcat5/LE2001-2100.html,0f640913669a640418f05c173cea0bdeca194fcac6b5b196b6b9ab1b08122792,2001-2100,catalog TD and modeled UT1; not exact UTC,09771  2054 Feb 22  06:51:27    101    669  124   T   -p  -0.3242  2.2491  1.2769  314.7  200.9   72.1   10N   99W,,10.0,-99.0,,,,2.2491,1.2769,18882.0,12054.0,4326.0
solar-09627,solar,09627,2054-03-09,2054-03-09T12:33:40,P,P,,101.0,2054-03-09T12:31:59,670,150,t-,-1.1711,https://eclipse.gsfc.nasa.gov/SEcat5/SE2001-2100.html,a9c08f5b4b51d5c85ccfa18d8bfccd98ec8a7d93f06e2d40691943b4105acf9e,2001-2100,catalog TD and modeled UT1; not exact UTC,09627  2054 Mar 09  12:33:40    101    670  150   P   t-  -1.1711  0.6678  72S  98E   0,0.6678,-72.0,98.0,0.0,,,,,,,
solar-09628,solar,09628,2054-08-03,2054-08-03T18:04:02,P,Pe,e,102.0,2054-08-03T18:02:20,675,117,-t,-1.4941,https://eclipse.gsfc.nasa.gov/SEcat5/SE2001-2100.html,a9c08f5b4b51d5c85ccfa18d8bfccd98ec8a7d93f06e2d40691943b4105acf9e,2001-2100,catalog TD and modeled UT1; not exact UTC,09628  2054 Aug 03  18:04:02    102    675  117   Pe  -t  -1.4941  0.0655  70S 121W   0,0.0655,-70.0,-121.0,0.0,,,,,,,
lunar-09772,lunar,09772,2054-08-18,2054-08-18T09:26:30,T,T,,102.0,2054-08-18T09:24:48,675,129,pp,0.2806,https://eclipse.gsfc.nasa.gov/LEcat5/LE2001-2100.html,0f640913669a640418f05c173cea0bdeca194fcac6b5b196b6b9ab1b08122792,2001-2100,catalog TD and modeled UT1; not exact UTC,09772  2054 Aug 18  09:26:30    102    675  129   T   pp   0.2806  2.3805  1.3062  369.5  226.5   82.9   13S  140W,,-13.0,-140.0,,,,2.3805,1.3062,22170.0,13590.0,4974.0
solar-09629,solar,09629,2054-09-02,2054-09-02T01:09:34,P,P,,102.0,2054-09-02T01:07:52,676,155,t-,1.0215,https://eclipse.gsfc.nasa.gov/SEcat5/SE2001-2100.html,a9c08f5b4b51d5c85ccfa18d8bfccd98ec8a7d93f06e2d40691943b4105acf9e,2001-2100,catalog TD and modeled UT1; not exact UTC,09629  2054 Sep 02  01:09:34    102    676  155   P   t-   1.0215  0.9793  72N  82W   0,0.9793,72.0,-82.0,0.0,,,,,,,
solar-09630,solar,09630,2055-01-27,2055-01-27T17:54:05,P,P,,103.0,2055-01-27T17:52:22,681,122,-t,1.155,https://eclipse.gsfc.nasa.gov/SEcat5/SE2001-2100.html,a9c08f5b4b51d5c85ccfa18d8bfccd98ec8a7d93f06e2d40691943b4105acf9e,2001-2100,catalog TD and modeled UT1; not exact UTC,09630  2055 Jan 27  17:54:05    103    681  122   P   -t   1.1550  0.6932  70N 112W   0,0.6932,70.0,-112.0,0.0,,,,,,,
lunar-09773,lunar,09773,2055-02-11,2055-02-11T22:46:17,T,T,,103.0,2055-02-11T22:44:34,681,134,p-,0.3526,https://eclipse.gsfc.nasa.gov/LEcat5/LE2001-2100.html,0f640913669a640418f05c173cea0bdeca194fcac6b5b196b6b9ab1b08122792,2001-2100,catalog TD and modeled UT1; not exact UTC,09773  2055 Feb 11  22:46:17    103    681  134   T   p-   0.3526  2.1970  1.2246  312.9  198.4   66.0   14N   22E,,14.0,22.0,,,,2.197,1.2246,18774.0,11904.0,3960.0
solar-09631,solar,09631,2055-07-24,2055-07-24T09:57:50,T,T,,104.0,2055-07-24T09:56:06,687,127,-p,-0.8012,https://eclipse.gsfc.nasa.gov/SEcat5/SE2001-2100.html,a9c08f5b4b51d5c85ccfa18d8bfccd98ec8a7d93f06e2d40691943b4105acf9e,2001-2100,catalog TD and modeled UT1; not exact UTC,09631  2055 Jul 24  09:57:50    104    687  127   T   -p  -0.8012  1.0359  33S  26E  37  202  03m17s,1.0359,-33.0,26.0,37.0,202.0,197,,,,,
lunar-09774,lunar,09774,2055-08-07,2055-08-07T10:53:18,P,P,,104.0,2055-08-07T10:51:34,687,139,t-,-0.4769,https://eclipse.gsfc.nasa.gov/LEcat5/LE2001-2100.html,0f640913669a640418f05c173cea0bdeca194fcac6b5b196b6b9ab1b08122792,2001-2100,catalog TD and modeled UT1; not exact UTC,09774  2055 Aug 07  10:53:18    104    687  139   P   t-  -0.4769  2.0069  0.9594  346.3  203.4    -     17S  161W,,-17.0,-161.0,,,,2.0069,0.9594,20778.0,12204.0,
solar-09632,solar,09632,2056-01-16,2056-01-16T22:16:45,A,A,,105.0,2056-01-16T22:15:00,693,132,-n,0.4199,https://eclipse.gsfc.nasa.gov/SEcat5/SE2001-2100.html,a9c08f5b4b51d5c85ccfa18d8bfccd98ec8a7d93f06e2d40691943b4105acf9e,2001-2100,catalog TD and modeled UT1; not exact UTC,09632  2056 Jan 16  22:16:45    105    693  132   A   -n   0.4199  0.9759   4N 154W  65   95  02m52s,0.9759,4.0,-154.0,65.0,95.0,172,,,,,
lunar-09775,lunar,09775,2056-02-01,2056-02-01T12:26:06,N,N,,105.0,2056-02-01T12:24:21,693,144,a-,1.0682,https://eclipse.gsfc.nasa.gov/LEcat5/LE2001-2100.html,0f640913669a640418f05c173cea0bdeca194fcac6b5b196b6b9ab1b08122792,2001-2100,catalog TD and modeled UT1; not exact UTC,09775  2056 Feb 01  12:26:06    105    693  144   N   a-   1.0682  0.9056 -0.1096  247.2    -      -     18N  177E,,18.0,177.0,,,,0.9056,-0.1096,14832.0,,
lunar-09776,lunar,09776,2056-06-27,2056-06-27T10:03:09,N,N,,106.0,2056-06-27T10:01:23,698,111,-a,1.3769,https://eclipse.gsfc.nasa.gov/LEcat5/LE2001-2100.html,0f640913669a640418f05c173cea0bdeca194fcac6b5b196b6b9ab1b08122792,2001-2100,catalog TD and modeled UT1; not exact UTC,09776  2056 Jun 27  10:03:09    106    698  111   N   -a   1.3769  0.3143 -0.6519  149.9    -      -     22S  149W,,-22.0,-149.0,,,,0.3143,-0.6519,8994.0,,
solar-09633,solar,09633,2056-07-12,2056-07-12T20:21:59,A,A,,106.0,2056-07-12T20:20:13,699,137,nn,-0.0426,https://eclipse.gsfc.nasa.gov/SEcat5/SE2001-2100.html,a9c08f5b4b51d5c85ccfa18d8bfccd98ec8a7d93f06e2d40691943b4105acf9e,2001-2100,catalog TD and modeled UT1; not exact UTC,09633  2056 Jul 12  20:21:59    106    699  137   A   nn  -0.0426  0.9878  19N 124W  88   43  01m26s,0.9878,19.0,-124.0,88.0,43.0,86,,,,,
lunar-09777,lunar,09777,2056-07-26,2056-07-26T18:43:24,N,N,,106.0,2056-07-26T18:41:38,699,149,a-,-1.2048,https://eclipse.gsfc.nasa.gov/LEcat5/LE2001-2100.html,0f640913669a640418f05c173cea0bdeca194fcac6b5b196b6b9ab1b08122792,2001-2100,catalog TD and modeled UT1; not exact UTC,09777  2056 Jul 26  18:43:24    106    699  149   N   a-  -1.2048  0.6435 -0.3489  214.4    -      -     20S   81E,,-20.0,81.0,,,,0.6435,-0.3489,12864.0,,
lunar-09778,lunar,09778,2056-12-22,2056-12-22T01:48:56,N,N,,107.0,2056-12-22T01:47:09,704,116,-t,-1.1559,https://eclipse.gsfc.nasa.gov/LEcat5/LE2001-2100.html,0f640913669a640418f05c173cea0bdeca194fcac6b5b196b6b9ab1b08122792,2001-2100,catalog TD and modeled UT1; not exact UTC,09778  2056 Dec 22  01:48:56    107    704  116   N   -t  -1.1559  0.7857 -0.3109  256.4    -      -     22N   27W,,22.0,-27.0,,,,0.7857,-0.3109,15383.999999999998,,
solar-09634,solar,09634,2057-01-05,2057-01-05T09:47:52,T,T,,107.0,2057-01-05T09:46:05,705,142,n-,-0.2837,https://eclipse.gsfc.nasa.gov/SEcat5/SE2001-2100.html,a9c08f5b4b51d5c85ccfa18d8bfccd98ec8a7d93f06e2d40691943b4105acf9e,2001-2100,catalog TD and modeled UT1; not exact UTC,09634  2057 Jan 05  09:47:52    107    705  142   T   n-  -0.2837  1.0287  39S  35E  73  102  02m29s,1.0287,-39.0,35.0,73.0,102.0,149,,,,,
lunar-09779,lunar,09779,2057-06-17,2057-06-17T02:26:20,P,P,,108.0,2057-06-17T02:24:32,710,121,-a,0.6167,https://eclipse.gsfc.nasa.gov/LEcat5/LE2001-2100.html,0f640913669a640418f05c173cea0bdeca194fcac6b5b196b6b9ab1b08122792,2001-2100,catalog TD and modeled UT1; not exact UTC,09779  2057 Jun 17  02:26:20    108    710  121   P   -a   0.6167  1.6967  0.7555  290.6  169.3    -     23S   36W,,-23.0,-36.0,,,,1.6967,0.7555,17436.0,10158.0,
solar-09635,solar,09635,2057-07-01,2057-07-01T23:40:15,A,A,,108.0,2057-07-01T23:38:27,711,147,p-,0.7455,https://eclipse.gsfc.nasa.gov/SEcat5/SE2001-2100.html,a9c08f5b4b51d5c85ccfa18d8bfccd98ec8a7d93f06e2d40691943b4105acf9e,2001-2100,catalog TD and modeled UT1; not exact UTC,09635  2057 Jul 01  23:40:15    108    711  147   A   p-   0.7455  0.9464  71N 176W  41  298  04m22s,0.9464,71.0,-176.0,41.0,298.0,262,,,,,
lunar-09780,lunar,09780,2057-12-11,2057-12-11T00:53:38,P,P,,109.0,2057-12-11T00:51:49,716,126,-t,-0.4853,https://eclipse.gsfc.nasa.gov/LEcat5/LE2001-2100.html,0f640913669a640418f05c173cea0bdeca194fcac6b5b196b6b9ab1b08122792,2001-2100,catalog TD and modeled UT1; not exact UTC,09780  2057 Dec 11  00:53:38    109    716  126   P   -t  -0.4853  2.0178  0.9181  358.8  204.0    -     23N   15W,,23.0,-15.0,,,,2.0178,0.9181,21528.0,12240.0,
solar-09636,solar,09636,2057-12-26,2057-12-26T01:14:35,T,T,,109.0,2057-12-26T01:12:46,717,152,p-,-0.9405,https://eclipse.gsfc.nasa.gov/SEcat5/SE2001-2100.html,a9c08f5b4b51d5c85ccfa18d8bfccd98ec8a7d93f06e2d40691943b4105acf9e,2001-2100,catalog TD and modeled UT1; not exact UTC,09636  2057 Dec 26  01:14:35    109    717  152   T   p-  -0.9405  1.0348  85S  22E  19  355  01m50s,1.0348,-85.0,22.0,19.0,355.0,110,,,,,
solar-09637,solar,09637,2058-05-22,2058-05-22T10:39:25,P,P,,110.0,2058-05-22T10:37:35,722,119,-t,-1.3194,https://eclipse.gsfc.nasa.gov/SEcat5/SE2001-2100.html,a9c08f5b4b51d5c85ccfa18d8bfccd98ec8a7d93f06e2d40691943b4105acf9e,2001-2100,catalog TD and modeled UT1; not exact UTC,09637  2058 May 22  10:39:25    110    722  119   P   -t  -1.3194  0.4141  64S  61E   0,0.4141,-64.0,61.0,0.0,,,,,,,
lunar-09781,lunar,09781,2058-06-06,2058-06-06T19:15:48,T,T-,-,110.0,2058-06-06T19:13:58,722,131,pp,-0.1181,https://eclipse.gsfc.nasa.gov/LEcat5/LE2001-2100.html,0f640913669a640418f05c173cea0bdeca194fcac6b5b196b6b9ab1b08122792,2001-2100,catalog TD and modeled UT1; not exact UTC,09781  2058 Jun 06  19:15:48    110    722  131   T-  pp  -0.1181  2.6210  1.6611  323.6  213.4   97.3   23S   71E,,-23.0,71.0,,,,2.621,1.6611,19416.0,12804.0,5838.0
solar-09638,solar,09638,2058-06-21,2058-06-21T00:19:35,P,Pb,b,110.0,2058-06-21T00:17:45,723,157,t-,1.4869,https://eclipse.gsfc.nasa.gov/SEcat5/SE2001-2100.html,a9c08f5b4b51d5c85ccfa18d8bfccd98ec8a7d93f06e2d40691943b4105acf9e,2001-2100,catalog TD and modeled UT1; not exact UTC,09638  2058 Jun 21  00:19:35    110    723  157   Pb  t-   1.4869  0.1260  66N  10E   0,0.126,66.0,10.0,0.0,,,,,,,
solar-09639,solar,09639,2058-11-16,2058-11-16T03:23:07,P,P,,111.0,2058-11-16T03:21:16,728,124,-t,1.1224,https://eclipse.gsfc.nasa.gov/SEcat5/SE2001-2100.html,a9c08f5b4b51d5c85ccfa18d8bfccd98ec8a7d93f06e2d40691943b4105acf9e,2001-2100,catalog TD and modeled UT1; not exact UTC,09639  2058 Nov 16  03:23:07    111    728  124   P   -t   1.1224  0.7644  63N 174E   0,0.7644,63.0,174.0,0.0,,,,,,,
lunar-09782,lunar,09782,2058-11-30,2058-11-30T03:16:18,T,T+,+,111.0,2058-11-30T03:14:27,728,136,p-,0.2208,https://eclipse.gsfc.nasa.gov/LEcat5/LE2001-2100.html,0f640913669a640418f05c173cea0bdeca194fcac6b5b196b6b9ab1b08122792,2001-2100,catalog TD and modeled UT1; not exact UTC,09782  2058 Nov 30  03:16:18    111    728  136   T+  p-   0.2208  2.4802  1.4260  353.0  220.7   89.7   22N   52W,,22.0,-52.0,,,,2.4802,1.426,21180.0,13242.0,5382.0
solar-09640,solar,09640,2059-05-11,2059-05-11T19:22:16,T,T,,112.0,2059-05-11T19:20:24,734,129,-p,-0.508,https://eclipse.gsfc.nasa.gov/SEcat5/SE2001-2100.html,a9c08f5b4b51d5c85ccfa18d8bfccd98ec8a7d93f06e2d40691943b4105acf9e,2001-2100,catalog TD and modeled UT1; not exact UTC,09640  2059 May 11  19:22:16    112    734  129   T   -p  -0.5080  1.0242  11S 100W  59   95  02m23s,1.0242,-11.0,-100.0,59.0,95.0,143,,,,,
lunar-09783,lunar,09783,2059-05-27,2059-05-27T07:55:35,P,P,,112.0,2059-05-27T07:53:43,734,141,t-,-0.9097,https://eclipse.gsfc.nasa.gov/LEcat5/LE2001-2100.html,0f640913669a640418f05c173cea0bdeca194fcac6b5b196b6b9ab1b08122792,2001-2100,catalog TD and modeled UT1; not exact UTC,09783  2059 May 27  07:55:35    112    734  141   P   t-  -0.9097  1.1946  0.1829  281.7   97.2    -     22S  119W,,-22.0,-119.0,,,,1.1946,0.1829,16902.0,5832.0,
solar-09641,solar,09641,2059-11-05,2059-11-05T09:18:15,A,A,,113.0,2059-11-05T09:16:22,740,134,-p,0.4454,https://eclipse.gsfc.nasa.gov/SEcat5/SE2001-2100.html,a9c08f5b4b51d5c85ccfa18d8bfccd98ec8a7d93f06e2d40691943b4105acf9e,2001-2100,catalog TD and modeled UT1; not exact UTC,09641  2059 Nov 05  09:18:15    113    740  134   A   -p   0.4454  0.9417   9N  47E  63  238  07m00s,0.9417,9.0,47.0,63.0,238.0,420,,,,,
lunar-09784,lunar,09784,2059-11-19,2059-11-19T13:01:36,P,P,,113.0,2059-11-19T12:59:43,740,146,a-,0.9004,https://eclipse.gsfc.nasa.gov/LEcat5/LE2001-2100.html,0f640913669a640418f05c173cea0bdeca194fcac6b5b196b6b9ab1b08122792,2001-2100,catalog TD and modeled UT1; not exact UTC,09784  2059 Nov 19  13:01:36    113    740  146   P   a-   0.9004  1.2037  0.2079  270.5   99.2    -     20N  161E,,20.0,161.0,,,,1.2037,0.2079,16230.0,5952.0,
lunar-09785,lunar,09785,2060-04-15,2060-04-15T21:37:04,N,N,,114.0,2060-04-15T21:35:10,745,113,-t,1.1621,https://eclipse.gsfc.nasa.gov/LEcat5/LE2001-2100.html,0f640913669a640418f05c173cea0bdeca194fcac6b5b196b6b9ab1b08122792,2001-2100,catalog TD and modeled UT1; not exact UTC,09785  2060 Apr 15  21:37:04    114    745  113   N   -t   1.1621  0.7674 -0.3156  255.0    -      -      9S   37E,,-9.0,37.0,,,,0.7674,-0.3156,15300.0,,
solar-09642,solar,09642,2060-04-30,2060-04-30T10:10:00,T,T,,114.0,2060-04-30T10:08:06,746,139,n-,0.2422,https://eclipse.gsfc.nasa.gov/SEcat5/SE2001-2100.html,a9c08f5b4b51d5c85ccfa18d8bfccd98ec8a7d93f06e2d40691943b4105acf9e,2001-2100,catalog TD and modeled UT1; not exact UTC,09642  2060 Apr 30  10:10:00    114    746  139   T   n-   0.2422  1.0660  28N  21E  76  222  05m15s,1.066,28.0,21.0,76.0,222.0,315,,,,,
lunar-09786,lunar,09786,2060-10-09,2060-10-09T18:53:32,N,N,,115.0,2060-10-09T18:51:37,751,118,-a,-1.067,https://eclipse.gsfc.nasa.gov/LEcat5/LE2001-2100.html,0f640913669a640418f05c173cea0bdeca194fcac6b5b196b6b9ab1b08122792,2001-2100,catalog TD and modeled UT1; not exact UTC,09786  2060 Oct 09  18:53:32    115    751  118   N   -a  -1.0670  0.8796 -0.0799  231.3    -      -      6N   74E,,6.0,74.0,,,,0.8796,-0.0799,13878.0,,
solar-09643,solar,09643,2060-10-24,2060-10-24T09:24:10,A,A,,115.0,2060-10-24T09:22:15,752,144,nn,-0.2625,https://eclipse.gsfc.nasa.gov/SEcat5/SE2001-2100.html,a9c08f5b4b51d5c85ccfa18d8bfccd98ec8a7d93f06e2d40691943b4105acf9e,2001-2100,catalog TD and modeled UT1; not exact UTC,09643  2060 Oct 24  09:24:10    115    752  144   A   nn  -0.2625  0.9277  26S  28E  75  281  08m06s,0.9277,-26.0,28.0,75.0,281.0,486,,,,,
lunar-09787,lunar,09787,2060-11-08,2060-11-08T04:04:15,N,N,,115.0,2060-11-08T04:02:20,752,156,a-,1.5332,https://eclipse.gsfc.nasa.gov/LEcat5/LE2001-2100.html,0f640913669a640418f05c173cea0bdeca194fcac6b5b196b6b9ab1b08122792,2001-2100,catalog TD and modeled UT1; not exact UTC,09787  2060 Nov 08  04:04:15    115    752  156   N   a-   1.5332  0.0266 -0.9375   43.6    -      -     18N   65W,,18.0,-65.0,,,,0.0266,-0.9375,2616.0,,
lunar-09788,lunar,09788,2061-04-04,2061-04-04T21:54:05,T,T,,116.0,2061-04-04T21:52:09,757,123,-t,0.43,https://eclipse.gsfc.nasa.gov/LEcat5/LE2001-2100.html,0f640913669a640418f05c173cea0bdeca194fcac6b5b196b6b9ab1b08122792,2001-2100,catalog TD and modeled UT1; not exact UTC,09788  2061 Apr 04  21:54:05    116    757  123   T   -t   0.4300  2.1044  1.0341  355.0  209.6   29.9    6S   33E,,-6.0,33.0,,,,2.1044,1.0341,21300.0,12576.0,1794.0
solar-09644,solar,09644,2061-04-20,2061-04-20T02:56:49,T,T,,116.0,2061-04-20T02:54:53,758,149,t-,0.9578,https://eclipse.gsfc.nasa.gov/SEcat5/SE2001-2100.html,a9c08f5b4b51d5c85ccfa18d8bfccd98ec8a7d93f06e2d40691943b4105acf9e,2001-2100,catalog TD and modeled UT1; not exact UTC,09644  2061 Apr 20  02:56:49    116    758  149   T   t-   0.9578  1.0475  65N  59E  16  559  02m37s,1.0475,65.0,59.0,16.0,559.0,157,,,,,
lunar-09789,lunar,09789,2061-09-29,2061-09-29T09:38:13,T,T,,117.0,2061-09-29T09:36:16,763,128,-a,-0.381,https://eclipse.gsfc.nasa.gov/LEcat5/LE2001-2100.html,0f640913669a640418f05c173cea0bdeca194fcac6b5b196b6b9ab1b08122792,2001-2100,catalog TD and modeled UT1; not exact UTC,09789  2061 Sep 29  09:38:13    117    763  128   T   -a  -0.3810  2.1556  1.1621  324.8  202.4   59.0    2N  146W,,2.0,-146.0,,,,2.1556,1.1621,19488.0,12144.0,3540.0
solar-09645,solar,09645,2061-10-13,2061-10-13T10:32:10,A,A,,117.0,2061-10-13T10:30:13,764,154,t-,-0.9639,https://eclipse.gsfc.nasa.gov/SEcat5/SE2001-2100.html,a9c08f5b4b51d5c85ccfa18d8bfccd98ec8a7d93f06e2d40691943b4105acf9e,2001-2100,catalog TD and modeled UT1; not exact UTC,09645  2061 Oct 13  10:32:10    117    764  154   A   t-  -0.9639  0.9469  62S  54W  15  743  03m41s,0.9469,-62.0,-54.0,15.0,743.0,221,,,,,
solar-09646,solar,09646,2062-03-11,2062-03-11T04:26:16,P,P,,118.0,2062-03-11T04:24:18,769,121,-t,-1.0238,https://eclipse.gsfc.nasa.gov/SEcat5/SE2001-2100.html,a9c08f5b4b51d5c85ccfa18d8bfccd98ec8a7d93f06e2d40691943b4105acf9e,2001-2100,catalog TD and modeled UT1; not exact UTC,09646  2062 Mar 11  04:26:16    118    769  121   P   -t  -1.0238  0.9331  61S 147W   0,0.9331,-61.0,-147.0,0.0,,,,,,,
lunar-09790,lunar,09790,2062-03-25,2062-03-25T03:33:50,T,T,,118.0,2062-03-25T03:31:52,769,133,p-,-0.315,https://eclipse.gsfc.nasa.gov/LEcat5/LE2001-2100.html,0f640913669a640418f05c173cea0bdeca194fcac6b5b196b6b9ab1b08122792,2001-2100,catalog TD and modeled UT1; not exact UTC,09790  2062 Mar 25  03:33:50    118    769  133   T   p-  -0.3150  2.2905  1.2695  338.3  211.3   74.7    2S   52W,,-2.0,-52.0,,,,2.2905,1.2695,20298.0,12678.0,4482.0
solar-09647,solar,09647,2062-09-03,2062-09-03T08:54:27,P,P,,119.0,2062-09-03T08:52:28,775,126,-t,1.0191,https://eclipse.gsfc.nasa.gov/SEcat5/SE2001-2100.html,a9c08f5b4b51d5c85ccfa18d8bfccd98ec8a7d93f06e2d40691943b4105acf9e,2001-2100,catalog TD and modeled UT1; not exact UTC,09647  2062 Sep 03  08:54:27    119    775  126   P   -t   1.0191  0.9749  61N 150E   0,0.9749,61.0,150.0,0.0,,,,,,,
lunar-09791,lunar,09791,2062-09-18,2062-09-18T18:34:02,T,T,,119.0,2062-09-18T18:32:03,775,138,p-,0.3735,https://eclipse.gsfc.nasa.gov/LEcat5/LE2001-2100.html,0f640913669a640418f05c173cea0bdeca194fcac6b5b196b6b9ab1b08122792,2001-2100,catalog TD and modeled UT1; not exact UTC,09791  2062 Sep 18  18:34:02    119    775  138   T   p-   0.3735  2.1959  1.1496  349.3  212.4   59.5    1S   80E,,-1.0,80.0,,,,2.1959,1.1496,20958.0,12744.0,3570.0
solar-09648,solar,09648,2063-02-28,2063-02-28T07:43:30,A,A,,120.0,2063-02-28T07:41:30,781,131,-p,-0.336,https://eclipse.gsfc.nasa.gov/SEcat5/SE2001-2100.html,a9c08f5b4b51d5c85ccfa18d8bfccd98ec8a7d93f06e2d40691943b4105acf9e,2001-2100,catalog TD and modeled UT1; not exact UTC,09648  2063 Feb 28  07:43:30    120    781  131   A   -p  -0.3360  0.9293  25S  78E  70  280  07m41s,0.9293,-25.0,78.0,70.0,280.0,461,,,,,
lunar-09792,lunar,09792,2063-03-14,2063-03-14T16:05:49,P,P,,120.0,2063-03-14T16:03:49,781,143,a-,-1.0007,https://eclipse.gsfc.nasa.gov/LEcat5/LE2001-2100.html,0f640913669a640418f05c173cea0bdeca194fcac6b5b196b6b9ab1b08122792,2001-2100,catalog TD and modeled UT1; not exact UTC,09792  2063 Mar 14  16:05:49    120    781  143   P   a-  -1.0007  1.0088  0.0342  247.8   40.6    -      1N  121E,,1.0,121.0,,,,1.0088,0.0342,14868.0,2436.0,
solar-09649,solar,09649,2063-08-24,2063-08-24T01:22:11,T,T,,121.0,2063-08-24T01:20:10,787,136,-n,0.2771,https://eclipse.gsfc.nasa.gov/SEcat5/SE2001-2100.html,a9c08f5b4b51d5c85ccfa18d8bfccd98ec8a7d93f06e2d40691943b4105acf9e,2001-2100,catalog TD and modeled UT1; not exact UTC,09649  2063 Aug 24  01:22:11    121    787  136   T   -n   0.2771  1.0750  26N 168E  74  252  05m49s,1.075,26.0,168.0,74.0,252.0,349,,,,,
lunar-09793,lunar,09793,2063-09-07,2063-09-07T20:41:12,N,N,,121.0,2063-09-07T20:39:11,787,148,t-,1.1374,https://eclipse.gsfc.nasa.gov/LEcat5/LE2001-2100.html,0f640913669a640418f05c173cea0bdeca194fcac6b5b196b6b9ab1b08122792,2001-2100,catalog TD and modeled UT1; not exact UTC,09793  2063 Sep 07  20:41:12    121    787  148   N   t-   1.1374  0.8101 -0.2678  260.4    -      -      5S   49E,,-5.0,49.0,,,,0.8101,-0.2678,15623.999999999998,,
lunar-09794,lunar,09794,2064-02-02,2064-02-02T21:48:57,P,P,,122.0,2064-02-02T21:46:55,792,115,-a,0.9969,https://eclipse.gsfc.nasa.gov/LEcat5/LE2001-2100.html,0f640913669a640418f05c173cea0bdeca194fcac6b5b196b6b9ab1b08122792,2001-2100,catalog TD and modeled UT1; not exact UTC,09794  2064 Feb 02  21:48:57    122    792  115   P   -a   0.9969  1.0197  0.0377  249.0   42.5    -     18N   37E,,18.0,37.0,,,,1.0197,0.0377,14940.0,2550.0,
solar-09650,solar,09650,2064-02-17,2064-02-17T07:00:23,A,A,,122.0,2064-02-17T06:58:21,793,141,p-,0.3597,https://eclipse.gsfc.nasa.gov/SEcat5/SE2001-2100.html,a9c08f5b4b51d5c85ccfa18d8bfccd98ec8a7d93f06e2d40691943b4105acf9e,2001-2100,catalog TD and modeled UT1; not exact UTC,09650  2064 Feb 17  07:00:23    122    793  141   A   p-   0.3597  0.9262   7N  70E  69  295  08m56s,0.9262,7.0,70.0,69.0,295.0,536,,,,,
lunar-09795,lunar,09795,2064-07-28,2064-07-28T07:52:48,P,P,,123.0,2064-07-28T07:50:45,798,120,-t,-0.9473,https://eclipse.gsfc.nasa.gov/LEcat5/LE2001-2100.html,0f640913669a640418f05c173cea0bdeca194fcac6b5b196b6b9ab1b08122792,2001-2100,catalog TD and modeled UT1; not exact UTC,09795  2064 Jul 28  07:52:48    123    798  120   P   -t  -0.9473  1.1361  0.1038  284.3   75.7    -     20S  116W,,-20.0,-116.0,,,,1.1361,0.1038,17058.0,4542.0,
solar-09651,solar,09651,2064-08-12,2064-08-12T17:46:06,T,T,,123.0,2064-08-12T17:44:03,799,146,p-,-0.4652,https://eclipse.gsfc.nasa.gov/SEcat5/SE2001-2100.html,a9c08f5b4b51d5c85ccfa18d8bfccd98ec8a7d93f06e2d40691943b4105acf9e,2001-2100,catalog TD and modeled UT1; not exact UTC,09651  2064 Aug 12  17:46:06    123    799  146   T   p-  -0.4652  1.0495  11S  96W  62  184  04m28s,1.0495,-11.0,-96.0,62.0,184.0,268,,,,,
lunar-09796,lunar,09796,2065-01-22,2065-01-22T09:58:58,T,T,,124.0,2065-01-22T09:56:54,804,125,-p,0.3371,https://eclipse.gsfc.nasa.gov/LEcat5/LE2001-2100.html,0f640913669a640418f05c173cea0bdeca194fcac6b5b196b6b9ab1b08122792,2001-2100,catalog TD and modeled UT1; not exact UTC,09796  2065 Jan 22  09:58:58    124    804  125   T   -p   0.3371  2.2561  1.2231  338.2  209.0   68.8   20N  146W,,20.0,-146.0,,,,2.2561,1.2231,20292.0,12540.0,4128.0
solar-09652,solar,09652,2065-02-05,2065-02-05T09:52:26,P,P,,124.0,2065-02-05T09:50:22,805,151,t-,1.0336,https://eclipse.gsfc.nasa.gov/SEcat5/SE2001-2100.html,a9c08f5b4b51d5c85ccfa18d8bfccd98ec8a7d93f06e2d40691943b4105acf9e,2001-2100,catalog TD and modeled UT1; not exact UTC,09652  2065 Feb 05  09:52:26    124    805  151   P   t-   1.0336  0.9123  62N  22W   0,0.9123,62.0,-22.0,0.0,,,,,,,
solar-09653,solar,09653,2065-07-03,2065-07-03T17:33:52,P,P,,125.0,2065-07-03T17:31:47,810,118,-t,1.4619,https://eclipse.gsfc.nasa.gov/SEcat5/SE2001-2100.html,a9c08f5b4b51d5c85ccfa18d8bfccd98ec8a7d93f06e2d40691943b4105acf9e,2001-2100,catalog TD and modeled UT1; not exact UTC,09653  2065 Jul 03  17:33:52    125    810  118   P   -t   1.4619  0.1638  65N  72E   0,0.1638,65.0,72.0,0.0,,,,,,,
lunar-09797,lunar,09797,2065-07-17,2065-07-17T17:48:40,T,T-,-,125.0,2065-07-17T17:46:35,810,130,pp,-0.1402,https://eclipse.gsfc.nasa.gov/LEcat5/LE2001-2100.html,0f640913669a640418f05c173cea0bdeca194fcac6b5b196b6b9ab1b08122792,2001-2100,catalog TD and modeled UT1; not exact UTC,09797  2065 Jul 17  17:48:40    125    810  130   T-  pp  -0.1402  2.5890  1.6121  331.0  216.3   97.0   21S   95E,,-21.0,95.0,,,,2.589,1.6121,19860.0,12978.0,5820.0
solar-09654,solar,09654,2065-08-02,2065-08-02T05:34:17,P,P,,125.0,2065-08-02T05:32:12,811,156,t-,-1.2759,https://eclipse.gsfc.nasa.gov/SEcat5/SE2001-2100.html,a9c08f5b4b51d5c85ccfa18d8bfccd98ec8a7d93f06e2d40691943b4105acf9e,2001-2100,catalog TD and modeled UT1; not exact UTC,09654  2065 Aug 02  05:34:17    125    811  156   P   t-  -1.2759  0.4903  63S  47E   0,0.4903,-63.0,47.0,0.0,,,,,,,
solar-09655,solar,09655,2065-12-27,2065-12-27T08:39:56,P,P,,126.0,2065-12-27T08:37:50,816,123,-t,-1.0688,https://eclipse.gsfc.nasa.gov/SEcat5/SE2001-2100.html,a9c08f5b4b51d5c85ccfa18d8bfccd98ec8a7d93f06e2d40691943b4105acf9e,2001-2100,catalog TD and modeled UT1; not exact UTC,09655  2065 Dec 27  08:39:56    126    816  123   P   -t  -1.0688  0.8769  65S 149W   0,0.8769,-65.0,-149.0,0.0,,,,,,,
lunar-09798,lunar,09798,2066-01-11,2066-01-11T15:04:47,T,T,,126.0,2066-01-11T15:02:41,816,135,p-,-0.3687,https://eclipse.gsfc.nasa.gov/LEcat5/LE2001-2100.html,0f640913669a640418f05c173cea0bdeca194fcac6b5b196b6b9ab1b08122792,2001-2100,catalog TD and modeled UT1; not exact UTC,09798  2066 Jan 11  15:04:47    126    816  135   T   p-  -0.3687  2.2259  1.1378  360.7  215.2   57.9   21N  136E,,21.0,136.0,,,,2.2259,1.1378,21642.0,12912.0,3474.0
solar-09656,solar,09656,2066-06-22,2066-06-22T19:25:48,A,A,,127.0,2066-06-22T19:23:41,822,128,-p,0.733,https://eclipse.gsfc.nasa.gov/SEcat5/SE2001-2100.html,a9c08f5b4b51d5c85ccfa18d8bfccd98ec8a7d93f06e2d40691943b4105acf9e,2001-2100,catalog TD and modeled UT1; not exact UTC,09656  2066 Jun 22  19:25:48    127    822  128   A   -p   0.7330  0.9435  70N  96W  43  309  04m40s,0.9435,70.0,-96.0,43.0,309.0,280,,,,,
lunar-09799,lunar,09799,2066-07-07,2066-07-07T09:30:29,P,P,,127.0,2066-07-07T09:28:22,822,140,a-,0.6055,https://eclipse.gsfc.nasa.gov/LEcat5/LE2001-2100.html,0f640913669a640418f05c173cea0bdeca194fcac6b5b196b6b9ab1b08122792,2001-2100,catalog TD and modeled UT1; not exact UTC,09799  2066 Jul 07  09:30:29    127    822  140   P   a-   0.6055  1.7179  0.7753  292.3  171.3    -     22S  141W,,-22.0,-141.0,,,,1.7179,0.7753,17538.0,10278.0,
solar-09657,solar,09657,2066-12-17,2066-12-17T00:23:40,T,T,,128.0,2066-12-17T00:21:32,828,133,-n,-0.4043,https://eclipse.gsfc.nasa.gov/SEcat5/SE2001-2100.html,a9c08f5b4b51d5c85ccfa18d8bfccd98ec8a7d93f06e2d40691943b4105acf9e,2001-2100,catalog TD and modeled UT1; not exact UTC,09657  2066 Dec 17  00:23:40    128    828  133   T   -n  -0.4043  1.0416  47S 176E  66  152  03m14s,1.0416,-47.0,176.0,66.0,152.0,194,,,,,
lunar-09800,lunar,09800,2066-12-31,2066-12-31T14:30:10,N,N,,128.0,2066-12-31T14:28:02,828,145,t-,-1.0539,https://eclipse.gsfc.nasa.gov/LEcat5/LE2001-2100.html,0f640913669a640418f05c173cea0bdeca194fcac6b5b196b6b9ab1b08122792,2001-2100,catalog TD and modeled UT1; not exact UTC,09800  2066 Dec 31  14:30:10    128    828  145   N   t-  -1.0539  0.9773 -0.1281  283.3    -      -     22N  144E,,22.0,144.0,,,,0.9773,-0.1281,16998.0,,
lunar-09801,lunar,09801,2067-05-28,2067-05-28T18:56:08,N,N,,129.0,2067-05-28T18:53:59,833,112,-a,-1.2012,https://eclipse.gsfc.nasa.gov/LEcat5/LE2001-2100.html,0f640913669a640418f05c173cea0bdeca194fcac6b5b196b6b9ab1b08122792,2001-2100,catalog TD and modeled UT1; not exact UTC,09801  2067 May 28  18:56:08    129    833  112   N   -a  -1.2012  0.6403 -0.3329  208.5    -      -     23S   76E,,-23.0,76.0,,,,0.6403,-0.3329,12510.0,,
solar-09658,solar,09658,2067-06-11,2067-06-11T20:42:26,A,A,,129.0,2067-06-11T20:40:17,834,138,nn,-0.0387,https://eclipse.gsfc.nasa.gov/SEcat5/SE2001-2100.html,a9c08f5b4b51d5c85ccfa18d8bfccd98ec8a7d93f06e2d40691943b4105acf9e,2001-2100,catalog TD and modeled UT1; not exact UTC,09658  2067 Jun 11  20:42:26    129    834  138   A   nn  -0.0387  0.9670  21N 130W  88  119  04m05s,0.967,21.0,-130.0,88.0,119.0,245,,,,,
lunar-09802,lunar,09802,2067-06-27,2067-06-27T02:41:06,N,N,,129.0,2067-06-27T02:38:57,834,150,a-,1.3394,https://eclipse.gsfc.nasa.gov/LEcat5/LE2001-2100.html,0f640913669a640418f05c173cea0bdeca194fcac6b5b196b6b9ab1b08122792,2001-2100,catalog TD and modeled UT1; not exact UTC,09802  2067 Jun 27  02:41:06    129    834  150   N   a-   1.3394  0.3754 -0.5753  159.8    -      -     22S   39W,,-22.0,-39.0,,,,0.3754,-0.5753,9588.0,,
lunar-09803,lunar,09803,2067-11-21,2067-11-21T00:04:42,N,N,,130.0,2067-11-21T00:02:32,839,117,-h,1.2106,https://eclipse.gsfc.nasa.gov/LEcat5/LE2001-2100.html,0f640913669a640418f05c173cea0bdeca194fcac6b5b196b6b9ab1b08122792,2001-2100,catalog TD and modeled UT1; not exact UTC,09803  2067 Nov 21  00:04:42    130    839  117   N   -h   1.2106  0.6544 -0.3811  221.5    -      -     21N    4W,,21.0,-4.0,,,,0.6544,-0.3811,13290.0,,
solar-09659,solar,09659,2067-12-06,2067-12-06T14:03:43,H,H,,130.0,2067-12-06T14:01:33,840,143,n-,0.2845,https://eclipse.gsfc.nasa.gov/SEcat5/SE2001-2100.html,a9c08f5b4b51d5c85ccfa18d8bfccd98ec8a7d93f06e2d40691943b4105acf9e,2001-2100,catalog TD and modeled UT1; not exact UTC,09659  2067 Dec 06  14:03:43    130    840  143   H   n-   0.2845  1.0011   6S  32W  74    4  00m08s,1.0011,-6.0,-32.0,74.0,4.0,8,,,,,
lunar-09804,lunar,09804,2068-05-17,2068-05-17T05:42:17,P,P,,131.0,2068-05-17T05:40:06,845,122,-t,-0.4851,https://eclipse.gsfc.nasa.gov/LEcat5/LE2001-2100.html,0f640913669a640418f05c173cea0bdeca194fcac6b5b196b6b9ab1b08122792,2001-2100,catalog TD and modeled UT1; not exact UTC,09804  2068 May 17  05:42:17    131    845  122   P   -t  -0.4851  1.9826  0.9532  336.6  199.0    -     20S   86W,,-20.0,-86.0,,,,1.9826,0.9532,20196.0,11940.0,
solar-09660,solar,09660,2068-05-31,2068-05-31T03:56:39,T,T,,131.0,2068-05-31T03:54:28,846,148,p-,-0.797,https://eclipse.gsfc.nasa.gov/SEcat5/SE2001-2100.html,a9c08f5b4b51d5c85ccfa18d8bfccd98ec8a7d93f06e2d40691943b4105acf9e,2001-2100,catalog TD and modeled UT1; not exact UTC,09660  2068 May 31  03:56:39    131    846  148   T   p-  -0.7970  1.0110  31S 123E  37   63  01m06s,1.011,-31.0,123.0,37.0,63.0,66,,,,,
lunar-09805,lunar,09805,2068-11-09,2068-11-09T11:47:00,T,T,,132.0,2068-11-09T11:44:48,851,127,-p,0.4645,https://eclipse.gsfc.nasa.gov/LEcat5/LE2001-2100.html,0f640913669a640418f05c173cea0bdeca194fcac6b5b196b6b9ab1b08122792,2001-2100,catalog TD and modeled UT1; not exact UTC,09805  2068 Nov 09  11:47:00    132    851  127   T   -p   0.4645  1.9962  1.0149  311.2  190.2   18.4   18N  180E,,18.0,180.0,,,,1.9962,1.0149,18672.0,11412.0,1104.0
solar-09661,solar,09661,2068-11-24,2068-11-24T21:32:30,P,P,,132.0,2068-11-24T21:30:18,852,153,t-,1.0299,https://eclipse.gsfc.nasa.gov/SEcat5/SE2001-2100.html,a9c08f5b4b51d5c85ccfa18d8bfccd98ec8a7d93f06e2d40691943b4105acf9e,2001-2100,catalog TD and modeled UT1; not exact UTC,09661  2068 Nov 24  21:32:30    132    852  153   P   t-   1.0299  0.9109  69N 131W   0,0.9109,69.0,-131.0,0.0,,,,,,,
solar-09662,solar,09662,2069-04-21,2069-04-21T10:11:09,P,P,,133.0,2069-04-21T10:08:56,857,120,-t,1.0624,https://eclipse.gsfc.nasa.gov/SEcat5/SE2001-2100.html,a9c08f5b4b51d5c85ccfa18d8bfccd98ec8a7d93f06e2d40691943b4105acf9e,2001-2100,catalog TD and modeled UT1; not exact UTC,09662  2069 Apr 21  10:11:09    133    857  120   P   -t   1.0624  0.8992  71N 101W   0,0.8992,71.0,-101.0,0.0,,,,,,,
lunar-09806,lunar,09806,2069-05-06,2069-05-06T09:09:57,T,T+,+,133.0,2069-05-06T09:07:44,857,132,pp,0.2717,https://eclipse.gsfc.nasa.gov/LEcat5/LE2001-2100.html,0f640913669a640418f05c173cea0bdeca194fcac6b5b196b6b9ab1b08122792,2001-2100,catalog TD and modeled UT1; not exact UTC,09806  2069 May 06  09:09:57    133    857  132   T+  pp   0.2717  2.3965  1.3229  368.1  226.2   84.3   17S  138W,,-17.0,-138.0,,,,2.3965,1.3229,22086.0,13572.0,5058.0
solar-09663,solar,09663,2069-05-20,2069-05-20T17:53:18,P,Pb,b,133.0,2069-05-20T17:51:05,858,158,t-,-1.4852,https://eclipse.gsfc.nasa.gov/SEcat5/SE2001-2100.html,a9c08f5b4b51d5c85ccfa18d8bfccd98ec8a7d93f06e2d40691943b4105acf9e,2001-2100,catalog TD and modeled UT1; not exact UTC,09663  2069 May 20  17:53:18    133    858  158   Pb  t-  -1.4852  0.0879  69S  70W   0,0.0879,-69.0,-70.0,0.0,,,,,,,
solar-09664,solar,09664,2069-10-15,2069-10-15T04:19:56,P,P,,134.0,2069-10-15T04:17:42,863,125,-t,-1.2524,https://eclipse.gsfc.nasa.gov/SEcat5/SE2001-2100.html,a9c08f5b4b51d5c85ccfa18d8bfccd98ec8a7d93f06e2d40691943b4105acf9e,2001-2100,catalog TD and modeled UT1; not exact UTC,09664  2069 Oct 15  04:19:56    134    863  125   P   -t  -1.2524  0.5298  72S   5W   0,0.5298,-72.0,-5.0,0.0,,,,,,,
lunar-09807,lunar,09807,2069-10-30,2069-10-30T03:35:06,T,T-,-,134.0,2069-10-30T03:32:52,863,137,p-,-0.2263,https://eclipse.gsfc.nasa.gov/LEcat5/LE2001-2100.html,0f640913669a640418f05c173cea0bdeca194fcac6b5b196b6b9ab1b08122792,2001-2100,catalog TD and modeled UT1; not exact UTC,09807  2069 Oct 30  03:35:06    134    863  137   T-  p-  -0.2263  2.4235  1.4616  315.4  205.6   86.8   14N   57W,,14.0,-57.0,,,,2.4235,1.4616,18924.0,12336.0,5208.0
solar-09665,solar,09665,2070-04-11,2070-04-11T02:36:09,T,T,,135.0,2070-04-11T02:33:54,869,130,-n,0.3652,https://eclipse.gsfc.nasa.gov/SEcat5/SE2001-2100.html,a9c08f5b4b51d5c85ccfa18d8bfccd98ec8a7d93f06e2d40691943b4105acf9e,2001-2100,catalog TD and modeled UT1; not exact UTC,09665  2070 Apr 11  02:36:09    135    869  130   T   -n   0.3652  1.0472  29N 135E  68  168  04m04s,1.0472,29.0,135.0,68.0,168.0,244,,,,,
lunar-09808,lunar,09808,2070-04-25,2070-04-25T09:21:24,N,Nx,x,135.0,2070-04-25T09:19:09,869,142,t-,1.0044,https://eclipse.gsfc.nasa.gov/LEcat5/LE2001-2100.html,0f640913669a640418f05c173cea0bdeca194fcac6b5b196b6b9ab1b08122792,2001-2100,catalog TD and modeled UT1; not exact UTC,09808  2070 Apr 25  09:21:24    135    869  142   Nx  t-   1.0044  1.0515 -0.0209  286.9    -      -     12S  140W,,-12.0,-140.0,,,,1.0515,-0.0209,17214.0,,
solar-09666,solar,09666,2070-10-04,2070-10-04T07:08:57,A,A,,136.0,2070-10-04T07:06:41,875,135,-p,-0.495,https://eclipse.gsfc.nasa.gov/SEcat5/SE2001-2100.html,a9c08f5b4b51d5c85ccfa18d8bfccd98ec8a7d93f06e2d40691943b4105acf9e,2001-2100,catalog TD and modeled UT1; not exact UTC,09666  2070 Oct 04  07:08:57    136    875  135   A   -p  -0.4950  0.9731  33S  60E  60  110  02m44s,0.9731,-33.0,60.0,60.0,110.0,164,,,,,
lunar-09809,lunar,09809,2070-10-19,2070-10-19T18:51:12,P,P,,137.0,2070-10-19T18:48:55,875,147,a-,-0.9406,https://eclipse.gsfc.nasa.gov/LEcat5/LE2001-2100.html,0f640913669a640418f05c173cea0bdeca194fcac6b5b196b6b9ab1b08122792,2001-2100,catalog TD and modeled UT1; not exact UTC,09809  2070 Oct 19  18:51:12    137    875  147   P   a-  -0.9406  1.1258  0.1383  263.2   81.7    -      9N   74E,,9.0,74.0,,,,1.1258,0.1383,15792.0,4902.0,
lunar-09810,lunar,09810,2071-03-16,2071-03-16T01:31:09,N,N,,137.0,2071-03-16T01:28:52,880,114,-a,-1.0756,https://eclipse.gsfc.nasa.gov/LEcat5/LE2001-2100.html,0f640913669a640418f05c173cea0bdeca194fcac6b5b196b6b9ab1b08122792,2001-2100,catalog TD and modeled UT1; not exact UTC,09810  2071 Mar 16  01:31:09    137    880  114   N   -a  -1.0756  0.8879 -0.1194  245.1    -      -      1N   20W,,1.0,-20.0,,,,0.8879,-0.1194,14706.0,,
solar-09667,solar,09667,2071-03-31,2071-03-31T15:01:06,A,A,,138.0,2071-03-31T14:58:48,881,140,n-,-0.3739,https://eclipse.gsfc.nasa.gov/SEcat5/SE2001-2100.html,a9c08f5b4b51d5c85ccfa18d8bfccd98ec8a7d93f06e2d40691943b4105acf9e,2001-2100,catalog TD and modeled UT1; not exact UTC,09667  2071 Mar 31  15:01:06    138    881  140   A   n-  -0.3739  0.9919  17S  37W  68   31  00m52s,0.9919,-17.0,-37.0,68.0,31.0,52,,,,,
lunar-09811,lunar,09811,2071-09-09,2071-09-09T15:05:41,N,N,,138.0,2071-09-09T15:03:23,886,119,-t,1.0834,https://eclipse.gsfc.nasa.gov/LEcat5/LE2001-2100.html,0f640913669a640418f05c173cea0bdeca194fcac6b5b196b6b9ab1b08122792,2001-2100,catalog TD and modeled UT1; not exact UTC,09811  2071 Sep 09  15:05:41    138    886  119   N   -t   1.0834  0.8989 -0.1586  265.2    -      -      4S  133E,,-4.0,133.0,,,,0.8989,-0.1586,15912.0,,
solar-09668,solar,09668,2071-09-23,2071-09-23T17:20:28,T,T,,139.0,2071-09-23T17:18:09,887,145,n-,0.262,https://eclipse.gsfc.nasa.gov/SEcat5/SE2001-2100.html,a9c08f5b4b51d5c85ccfa18d8bfccd98ec8a7d93f06e2d40691943b4105acf9e,2001-2100,catalog TD and modeled UT1; not exact UTC,09668  2071 Sep 23  17:20:28    139    887  145   T   n-   0.2620  1.0333  14N  77W  75  116  03m11s,1.0333,14.0,-77.0,75.0,116.0,191,,,,,
lunar-09812,lunar,09812,2072-03-04,2072-03-04T15:23:07,T,T,,140.0,2072-03-04T15:20:47,892,124,-p,-0.343,https://eclipse.gsfc.nasa.gov/LEcat5/LE2001-2100.html,0f640913669a640418f05c173cea0bdeca194fcac6b5b196b6b9ab1b08122792,2001-2100,catalog TD and modeled UT1; not exact UTC,09812  2072 Mar 04  15:23:07    140    892  124   T   -p  -0.3430  2.2127  1.2441  313.2  199.4   68.5    6N  133E,,6.0,133.0,,,,2.2127,1.2441,18792.0,11964.0,4110.0
solar-09669,solar,09669,2072-03-19,2072-03-19T20:10:31,P,P,,140.0,2072-03-19T20:08:11,893,150,t-,-1.1405,https://eclipse.gsfc.nasa.gov/SEcat5/SE2001-2100.html,a9c08f5b4b51d5c85ccfa18d8bfccd98ec8a7d93f06e2d40691943b4105acf9e,2001-2100,catalog TD and modeled UT1; not exact UTC,09669  2072 Mar 19  20:10:31    140    893  150   P   t-  -1.1405  0.7199  72S  30W   0,0.7199,-72.0,-30.0,0.0,,,,,,,
lunar-09813,lunar,09813,2072-08-28,2072-08-28T16:05:42,T,T,,141.0,2072-08-28T16:03:21,898,129,-t,0.3563,https://eclipse.gsfc.nasa.gov/LEcat5/LE2001-2100.html,0f640913669a640418f05c173cea0bdeca194fcac6b5b196b6b9ab1b08122792,2001-2100,catalog TD and modeled UT1; not exact UTC,09813  2072 Aug 28  16:05:42    141    898  129   T   -t   0.3563  2.2428  1.1662  366.0  220.3   64.2    9S  119E,,-9.0,119.0,,,,2.2428,1.1662,21960.0,13218.0,3852.0
solar-09670,solar,09670,2072-09-12,2072-09-12T08:59:20,T,T,,141.0,2072-09-12T08:56:59,899,155,t-,0.9655,https://eclipse.gsfc.nasa.gov/SEcat5/SE2001-2100.html,a9c08f5b4b51d5c85ccfa18d8bfccd98ec8a7d93f06e2d40691943b4105acf9e,2001-2100,catalog TD and modeled UT1; not exact UTC,09670  2072 Sep 12  08:59:20    141    899  155   T   t-   0.9655  1.0558  70N 102E  14  732  03m13s,1.0558,70.0,102.0,14.0,732.0,193,,,,,
solar-09671,solar,09671,2073-02-07,2073-02-07T01:55:59,P,P,,142.0,2073-02-07T01:53:37,904,122,-t,1.1651,https://eclipse.gsfc.nasa.gov/SEcat5/SE2001-2100.html,a9c08f5b4b51d5c85ccfa18d8bfccd98ec8a7d93f06e2d40691943b4105acf9e,2001-2100,catalog TD and modeled UT1; not exact UTC,09671  2073 Feb 07  01:55:59    142    904  122   P   -t   1.1651  0.6768  70N 115E   0,0.6768,70.0,115.0,0.0,,,,,,,
lunar-09814,lunar,09814,2073-02-22,2073-02-22T07:24:53,T,T,,142.0,2073-02-22T07:22:31,904,134,p-,0.3388,https://eclipse.gsfc.nasa.gov/LEcat5/LE2001-2100.html,0f640913669a640418f05c173cea0bdeca194fcac6b5b196b6b9ab1b08122792,2001-2100,catalog TD and modeled UT1; not exact UTC,09814  2073 Feb 22  07:24:53    142    904  134   T   p-   0.3388  2.2218  1.2503  313.8  199.7   69.2   10N  107W,,10.0,-107.0,,,,2.2218,1.2503,18828.0,11982.0,4152.0
solar-09672,solar,09672,2073-08-03,2073-08-03T17:15:23,T,T,,143.0,2073-08-03T17:13:00,910,127,-t,-0.8763,https://eclipse.gsfc.nasa.gov/SEcat5/SE2001-2100.html,a9c08f5b4b51d5c85ccfa18d8bfccd98ec8a7d93f06e2d40691943b4105acf9e,2001-2100,catalog TD and modeled UT1; not exact UTC,09672  2073 Aug 03  17:15:23    143    910  127   T   -t  -0.8763  1.0294  43S  89W  28  206  02m29s,1.0294,-43.0,-89.0,28.0,206.0,149,,,,,
lunar-09815,lunar,09815,2073-08-17,2073-08-17T17:42:41,T,T,,143.0,2073-08-17T17:40:18,910,139,t-,-0.3998,https://eclipse.gsfc.nasa.gov/LEcat5/LE2001-2100.html,0f640913669a640418f05c173cea0bdeca194fcac6b5b196b6b9ab1b08122792,2001-2100,catalog TD and modeled UT1; not exact UTC,09815  2073 Aug 17  17:42:41    143    910  139   T   t-  -0.3998  2.1479  1.1013  350.5  211.6   50.1   13S   96E,,-13.0,96.0,,,,2.1479,1.1013,21030.0,12696.0,3006.0
solar-09673,solar,09673,2074-01-27,2074-01-27T06:44:15,A,A,,144.0,2074-01-27T06:41:51,916,132,-n,0.4251,https://eclipse.gsfc.nasa.gov/SEcat5/SE2001-2100.html,a9c08f5b4b51d5c85ccfa18d8bfccd98ec8a7d93f06e2d40691943b4105acf9e,2001-2100,catalog TD and modeled UT1; not exact UTC,09673  2074 Jan 27  06:44:15    144    916  132   A   -n   0.4251  0.9798   7N  79E  65   79  02m21s,0.9798,7.0,79.0,65.0,79.0,141,,,,,
lunar-09816,lunar,09816,2074-02-11,2074-02-11T20:55:58,N,N,,144.0,2074-02-11T20:53:34,916,144,a-,1.0611,https://eclipse.gsfc.nasa.gov/LEcat5/LE2001-2100.html,0f640913669a640418f05c173cea0bdeca194fcac6b5b196b6b9ab1b08122792,2001-2100,catalog TD and modeled UT1; not exact UTC,09816  2074 Feb 11  20:55:58    144    916  144   N   a-   1.0611  0.9191 -0.0972  249.5    -      -     15N   50E,,15.0,50.0,,,,0.9191,-0.0972,14970.0,,
lunar-09817,lunar,09817,2074-07-08,2074-07-08T17:21:38,N,N,,145.0,2074-07-08T17:19:13,921,111,-a,1.4456,https://eclipse.gsfc.nasa.gov/LEcat5/LE2001-2100.html,0f640913669a640418f05c173cea0bdeca194fcac6b5b196b6b9ab1b08122792,2001-2100,catalog TD and modeled UT1; not exact UTC,09817  2074 Jul 08  17:21:38    145    921  111   N   -a   1.4456  0.1870 -0.7765  116.6    -      -     21S  101E,,-21.0,101.0,,,,0.187,-0.7765,6996.0,,
solar-09674,solar,09674,2074-07-24,2074-07-24T03:10:32,A,A,,145.0,2074-07-24T03:08:07,922,137,nn,-0.1242,https://eclipse.gsfc.nasa.gov/SEcat5/SE2001-2100.html,a9c08f5b4b51d5c85ccfa18d8bfccd98ec8a7d93f06e2d40691943b4105acf9e,2001-2100,catalog TD and modeled UT1; not exact UTC,09674  2074 Jul 24  03:10:32    145    922  137   A   nn  -0.1242  0.9838  13N 134E  83   58  01m57s,0.9838,13.0,134.0,83.0,58.0,117,,,,,
lunar-09818,lunar,09818,2074-08-07,2074-08-07T01:56:03,N,N,,145.0,2074-08-07T01:53:38,922,149,a-,-1.1291,https://eclipse.gsfc.nasa.gov/LEcat5/LE2001-2100.html,0f640913669a640418f05c173cea0bdeca194fcac6b5b196b6b9ab1b08122792,2001-2100,catalog TD and modeled UT1; not exact UTC,09818  2074 Aug 07  01:56:03    145    922  149   N   a-  -1.1291  0.7813 -0.2091  232.2    -      -     17S   27W,,-17.0,-27.0,,,,0.7813,-0.2091,13932.0,,
lunar-09819,lunar,09819,2075-01-02,2075-01-02T09:55:03,N,N,,146.0,2075-01-02T09:52:37,927,116,-t,-1.1642,https://eclipse.gsfc.nasa.gov/LEcat5/LE2001-2100.html,0f640913669a640418f05c173cea0bdeca194fcac6b5b196b6b9ab1b08122792,2001-2100,catalog TD and modeled UT1; not exact UTC,09819  2075 Jan 02  09:55:03    146    927  116   N   -t  -1.1642  0.7714 -0.3271  254.9    -      -     22N  147W,,22.0,-147.0,,,,0.7714,-0.3271,15294.0,,
solar-09675,solar,09675,2075-01-16,2075-01-16T18:36:04,T,T,,146.0,2075-01-16T18:33:38,928,142,n-,-0.2799,https://eclipse.gsfc.nasa.gov/SEcat5/SE2001-2100.html,a9c08f5b4b51d5c85ccfa18d8bfccd98ec8a7d93f06e2d40691943b4105acf9e,2001-2100,catalog TD and modeled UT1; not exact UTC,09675  2075 Jan 16  18:36:04    146    928  142   T   n-  -0.2799  1.0311  37S  94W  74  110  02m42s,1.0311,-37.0,-94.0,74.0,110.0,162,,,,,
lunar-09820,lunar,09820,2075-06-28,2075-06-28T09:55:35,P,P,,147.0,2075-06-28T09:53:08,933,121,-a,0.6897,https://eclipse.gsfc.nasa.gov/LEcat5/LE2001-2100.html,0f640913669a640418f05c173cea0bdeca194fcac6b5b196b6b9ab1b08122792,2001-2100,catalog TD and modeled UT1; not exact UTC,09820  2075 Jun 28  09:55:35    147    933  121   P   -a   0.6897  1.5624  0.6220  283.4  157.0    -     23S  147W,,-23.0,-147.0,,,,1.5624,0.622,17004.0,9420.0,
solar-09676,solar,09676,2075-07-13,2075-07-13T06:05:44,A,A,,147.0,2075-07-13T06:03:17,934,147,p-,0.6583,https://eclipse.gsfc.nasa.gov/SEcat5/SE2001-2100.html,a9c08f5b4b51d5c85ccfa18d8bfccd98ec8a7d93f06e2d40691943b4105acf9e,2001-2100,catalog TD and modeled UT1; not exact UTC,09676  2075 Jul 13  06:05:44    147    934  147   A   p-   0.6583  0.9467  63N  95E  49  262  04m45s,0.9467,63.0,95.0,49.0,262.0,285,,,,,
lunar-09821,lunar,09821,2075-12-22,2075-12-22T08:55:55,P,P,,148.0,2075-12-22T08:53:27,939,126,-t,-0.4945,https://eclipse.gsfc.nasa.gov/LEcat5/LE2001-2100.html,0f640913669a640418f05c173cea0bdeca194fcac6b5b196b6b9ab1b08122792,2001-2100,catalog TD and modeled UT1; not exact UTC,09821  2075 Dec 22  08:55:55    148    939  126   P   -t  -0.4945  2.0008  0.9013  357.6  202.5    -     23N  134W,,23.0,-134.0,,,,2.0008,0.9013,21456.0,12150.0,
solar-09677,solar,09677,2076-01-06,2076-01-06T10:07:27,T,T,,148.0,2076-01-06T10:04:59,940,152,p-,-0.9373,https://eclipse.gsfc.nasa.gov/SEcat5/SE2001-2100.html,a9c08f5b4b51d5c85ccfa18d8bfccd98ec8a7d93f06e2d40691943b4105acf9e,2001-2100,catalog TD and modeled UT1; not exact UTC,09677  2076 Jan 06  10:07:27    148    940  152   T   p-  -0.9373  1.0342  87S 174W  20  340  01m49s,1.0342,-87.0,-174.0,20.0,340.0,109,,,,,
solar-09678,solar,09678,2076-06-01,2076-06-01T17:31:22,P,P,,149.0,2076-06-01T17:28:53,945,119,-t,-1.3897,https://eclipse.gsfc.nasa.gov/SEcat5/SE2001-2100.html,a9c08f5b4b51d5c85ccfa18d8bfccd98ec8a7d93f06e2d40691943b4105acf9e,2001-2100,catalog TD and modeled UT1; not exact UTC,09678  2076 Jun 01  17:31:22    149    945  119   P   -t  -1.3897  0.2897  64S  51W   0,0.2897,-64.0,-51.0,0.0,,,,,,,
lunar-09822,lunar,09822,2076-06-17,2076-06-17T02:39:47,T,T-,-,149.0,2076-06-17T02:37:18,945,131,pp,-0.0452,https://eclipse.gsfc.nasa.gov/LEcat5/LE2001-2100.html,0f640913669a640418f05c173cea0bdeca194fcac6b5b196b6b9ab1b08122792,2001-2100,catalog TD and modeled UT1; not exact UTC,09822  2076 Jun 17  02:39:47    149    945  131   T-  pp  -0.0452  2.7554  1.7943  325.3  215.1  100.2   23S   39W,,-23.0,-39.0,,,,2.7554,1.7943,19518.0,12906.0,6012.0
solar-09679,solar,09679,2076-07-01,2076-07-01T06:50:43,P,P,,149.0,2076-07-01T06:48:14,946,157,t-,1.4005,https://eclipse.gsfc.nasa.gov/SEcat5/SE2001-2100.html,a9c08f5b4b51d5c85ccfa18d8bfccd98ec8a7d93f06e2d40691943b4105acf9e,2001-2100,catalog TD and modeled UT1; not exact UTC,09679  2076 Jul 01  06:50:43    149    946  157   P   t-   1.4005  0.2746  67N  98W   0,0.2746,67.0,-98.0,0.0,,,,,,,
solar-09680,solar,09680,2076-11-26,2076-11-26T11:43:01,P,P,,150.0,2076-11-26T11:40:31,951,124,-t,1.1401,https://eclipse.gsfc.nasa.gov/SEcat5/SE2001-2100.html,a9c08f5b4b51d5c85ccfa18d8bfccd98ec8a7d93f06e2d40691943b4105acf9e,2001-2100,catalog TD and modeled UT1; not exact UTC,09680  2076 Nov 26  11:43:01    150    951  124   P   -t   1.1401  0.7315  64N  40E   0,0.7315,64.0,40.0,0.0,,,,,,,
lunar-09823,lunar,09823,2076-12-10,2076-12-10T11:34:51,T,T+,+,150.0,2076-12-10T11:32:21,951,136,p-,0.2102,https://eclipse.gsfc.nasa.gov/LEcat5/LE2001-2100.html,0f640913669a640418f05c173cea0bdeca194fcac6b5b196b6b9ab1b08122792,2001-2100,catalog TD and modeled UT1; not exact UTC,09823  2076 Dec 10  11:34:51    150    951  136   T+  p-   0.2102  2.4990  1.4460  352.2  220.6   90.8   23N  175W,,23.0,-175.0,,,,2.499,1.446,21132.0,13236.0,5448.0
solar-09681,solar,09681,2077-05-22,2077-05-22T02:46:05,T,T,,151.0,2077-05-22T02:43:34,957,129,-p,-0.5725,https://eclipse.gsfc.nasa.gov/SEcat5/SE2001-2100.html,a9c08f5b4b51d5c85ccfa18d8bfccd98ec8a7d93f06e2d40691943b4105acf9e,2001-2100,catalog TD and modeled UT1; not exact UTC,09681  2077 May 22  02:46:05    151    957  129   T   -p  -0.5725  1.0290  13S 148E  55  119  02m54s,1.029,-13.0,148.0,55.0,119.0,174,,,,,
lunar-09824,lunar,09824,2077-06-06,2077-06-06T14:59:52,P,P,,151.0,2077-06-06T14:57:21,957,141,t-,-0.8387,https://eclipse.gsfc.nasa.gov/LEcat5/LE2001-2100.html,0f640913669a640418f05c173cea0bdeca194fcac6b5b196b6b9ab1b08122792,2001-2100,catalog TD and modeled UT1; not exact UTC,09824  2077 Jun 06  14:59:52    151    957  141   P   t-  -0.8387  1.3257  0.3123  293.6  125.0    -     24S  135E,,-24.0,135.0,,,,1.3257,0.3123,17616.0,7500.0,
solar-09682,solar,09682,2077-11-15,2077-11-15T17:07:56,A,A,,152.0,2077-11-15T17:05:24,963,134,-p,0.4705,https://eclipse.gsfc.nasa.gov/SEcat5/SE2001-2100.html,a9c08f5b4b51d5c85ccfa18d8bfccd98ec8a7d93f06e2d40691943b4105acf9e,2001-2100,catalog TD and modeled UT1; not exact UTC,09682  2077 Nov 15  17:07:56    152    963  134   A   -p   0.4705  0.9371   8N  71W  62  262  07m54s,0.9371,8.0,-71.0,62.0,262.0,474,,,,,
lunar-09825,lunar,09825,2077-11-29,2077-11-29T21:35:53,P,P,,152.0,2077-11-29T21:33:21,963,146,a-,0.8854,https://eclipse.gsfc.nasa.gov/LEcat5/LE2001-2100.html,0f640913669a640418f05c173cea0bdeca194fcac6b5b196b6b9ab1b08122792,2001-2100,catalog TD and modeled UT1; not exact UTC,09825  2077 Nov 29  21:35:53    152    963  146   P   a-   0.8854  1.2309  0.2356  272.0  105.0    -     23N   34E,,23.0,34.0,,,,1.2309,0.2356,16320.0,6300.0,
lunar-09826,lunar,09826,2078-04-27,2078-04-27T04:35:44,N,N,,153.0,2078-04-27T04:33:11,968,113,-t,1.2222,https://eclipse.gsfc.nasa.gov/LEcat5/LE2001-2100.html,0f640913669a640418f05c173cea0bdeca194fcac6b5b196b6b9ab1b08122792,2001-2100,catalog TD and modeled UT1; not exact UTC,09826  2078 Apr 27  04:35:44    153    968  113   N   -t   1.2222  0.6558 -0.4246  238.2    -      -     13S   68W,,-13.0,-68.0,,,,0.6558,-0.4246,14292.0,,
solar-09683,solar,09683,2078-05-11,2078-05-11T17:56:55,T,T,,153.0,2078-05-11T17:54:22,969,139,n-,0.1838,https://eclipse.gsfc.nasa.gov/SEcat5/SE2001-2100.html,a9c08f5b4b51d5c85ccfa18d8bfccd98ec8a7d93f06e2d40691943b4105acf9e,2001-2100,catalog TD and modeled UT1; not exact UTC,09683  2078 May 11  17:56:55    153    969  139   T   n-   0.1838  1.0701  28N  94W  79  232  05m40s,1.0701,28.0,-94.0,79.0,232.0,340,,,,,
lunar-09827,lunar,09827,2078-10-21,2078-10-21T03:08:03,N,N,,154.0,2078-10-21T03:05:29,974,118,-a,-1.1021,https://eclipse.gsfc.nasa.gov/LEcat5/LE2001-2100.html,0f640913669a640418f05c173cea0bdeca194fcac6b5b196b6b9ab1b08122792,2001-2100,catalog TD and modeled UT1; not exact UTC,09827  2078 Oct 21  03:08:03    154    974  118   N   -a  -1.1021  0.8171 -0.1462  224.8    -      -     10N   50W,,10.0,-50.0,,,,0.8171,-0.1462,13488.0,,
solar-09684,solar,09684,2078-11-04,2078-11-04T16:55:44,A,A,,154.0,2078-11-04T16:53:10,975,144,nn,-0.2285,https://eclipse.gsfc.nasa.gov/SEcat5/SE2001-2100.html,a9c08f5b4b51d5c85ccfa18d8bfccd98ec8a7d93f06e2d40691943b4105acf9e,2001-2100,catalog TD and modeled UT1; not exact UTC,09684  2078 Nov 04  16:55:44    154    975  144   A   nn  -0.2285  0.9255  28S  83W  77  287  08m29s,0.9255,-28.0,-83.0,77.0,287.0,509,,,,,
lunar-09828,lunar,09828,2078-11-19,2078-11-19T12:40:04,N,N,,154.0,2078-11-19T12:37:30,975,156,a-,1.5147,https://eclipse.gsfc.nasa.gov/LEcat5/LE2001-2100.html,0f640913669a640418f05c173cea0bdeca194fcac6b5b196b6b9ab1b08122792,2001-2100,catalog TD and modeled UT1; not exact UTC,09828  2078 Nov 19  12:40:04    154    975  156   N   a-   1.5147  0.0615 -0.9047   66.0    -      -     21N  166E,,21.0,166.0,,,,0.0615,-0.9047,3960.0,,
lunar-09829,lunar,09829,2079-04-16,2079-04-16T05:10:45,P,P,,155.0,2079-04-16T05:08:10,980,123,-t,0.4799,https://eclipse.gsfc.nasa.gov/LEcat5/LE2001-2100.html,0f640913669a640418f05c173cea0bdeca194fcac6b5b196b6b9ab1b08122792,2001-2100,catalog TD and modeled UT1; not exact UTC,09829  2079 Apr 16  05:10:45    155    980  123   P   -t   0.4799  2.0100  0.9451  350.1  203.4    -     10S   77W,,-10.0,-77.0,,,,2.01,0.9451,21006.0,12204.0,
solar-09685,solar,09685,2079-05-01,2079-05-01T10:50:13,T,T,,155.0,2079-05-01T10:47:38,981,149,p-,0.9081,https://eclipse.gsfc.nasa.gov/SEcat5/SE2001-2100.html,a9c08f5b4b51d5c85ccfa18d8bfccd98ec8a7d93f06e2d40691943b4105acf9e,2001-2100,catalog TD and modeled UT1; not exact UTC,09685  2079 May 01  10:50:13    155    981  149   T   p-   0.9081  1.0512  66N  46W  24  406  02m55s,1.0512,66.0,-46.0,24.0,406.0,175,,,,,
lunar-09830,lunar,09830,2079-10-10,2079-10-10T17:30:30,T,T,,156.0,2079-10-10T17:27:54,986,128,-a,-0.4246,https://eclipse.gsfc.nasa.gov/LEcat5/LE2001-2100.html,0f640913669a640418f05c173cea0bdeca194fcac6b5b196b6b9ab1b08122792,2001-2100,catalog TD and modeled UT1; not exact UTC,09830  2079 Oct 10  17:30:30    156    986  128   T   -a  -0.4246  2.0786  1.0791  323.8  198.7   42.4    7N   95E,,7.0,95.0,,,,2.0786,1.0791,19428.0,11922.0,2544.0
solar-09686,solar,09686,2079-10-24,2079-10-24T18:11:21,A,A,,156.0,2079-10-24T18:08:45,987,154,t-,-0.9243,https://eclipse.gsfc.nasa.gov/SEcat5/SE2001-2100.html,a9c08f5b4b51d5c85ccfa18d8bfccd98ec8a7d93f06e2d40691943b4105acf9e,2001-2100,catalog TD and modeled UT1; not exact UTC,09686  2079 Oct 24  18:11:21    156    987  154   A   t-  -0.9243  0.9484  63S 161W  22  495  03m39s,0.9484,-63.0,-161.0,22.0,495.0,219,,,,,
solar-09687,solar,09687,2080-03-21,2080-03-21T12:20:15,P,P,,157.0,2080-03-21T12:17:38,992,121,-t,-1.0578,https://eclipse.gsfc.nasa.gov/SEcat5/SE2001-2100.html,a9c08f5b4b51d5c85ccfa18d8bfccd98ec8a7d93f06e2d40691943b4105acf9e,2001-2100,catalog TD and modeled UT1; not exact UTC,09687  2080 Mar 21  12:20:15    157    992  121   P   -t  -1.0578  0.8734  61S  86E   0,0.8734,-61.0,86.0,0.0,,,,,,,
lunar-09831,lunar,09831,2080-04-04,2080-04-04T11:23:38,T,T,,157.0,2080-04-04T11:21:01,992,133,p-,-0.2751,https://eclipse.gsfc.nasa.gov/LEcat5/LE2001-2100.html,0f640913669a640418f05c173cea0bdeca194fcac6b5b196b6b9ab1b08122792,2001-2100,catalog TD and modeled UT1; not exact UTC,09831  2080 Apr 04  11:23:38    157    992  133   T   p-  -0.2751  2.3607  1.3460  338.3  213.6   82.1    6S  170W,,-6.0,-170.0,,,,2.3607,1.346,20298.0,12816.0,4926.0
solar-09688,solar,09688,2080-09-13,2080-09-13T16:38:09,P,P,,158.0,2080-09-13T16:35:31,998,126,-t,1.0723,https://eclipse.gsfc.nasa.gov/SEcat5/SE2001-2100.html,a9c08f5b4b51d5c85ccfa18d8bfccd98ec8a7d93f06e2d40691943b4105acf9e,2001-2100,catalog TD and modeled UT1; not exact UTC,09688  2080 Sep 13  16:38:09    158    998  126   P   -t   1.0723  0.8743  61N  26E   0,0.8743,61.0,26.0,0.0,,,,,,,
lunar-09832,lunar,09832,2080-09-29,2080-09-29T01:52:42,T,T,,158.0,2080-09-29T01:50:04,998,138,p-,0.3203,https://eclipse.gsfc.nasa.gov/LEcat5/LE2001-2100.html,0f640913669a640418f05c173cea0bdeca194fcac6b5b196b6b9ab1b08122792,2001-2100,catalog TD and modeled UT1; not exact UTC,09832  2080 Sep 29  01:52:42    158    998  138   T   p-   0.3203  2.2967  1.2443  353.7  217.4   73.8    3N   30W,,3.0,-30.0,,,,2.2967,1.2443,21222.0,13044.0,4428.0
solar-09689,solar,09689,2081-03-10,2081-03-10T15:23:31,A,A,,159.0,2081-03-10T15:20:52,1004,131,-p,-0.3653,https://eclipse.gsfc.nasa.gov/SEcat5/SE2001-2100.html,a9c08f5b4b51d5c85ccfa18d8bfccd98ec8a7d93f06e2d40691943b4105acf9e,2001-2100,catalog TD and modeled UT1; not exact UTC,09689  2081 Mar 10  15:23:31    159   1004  131   A   -p  -0.3653  0.9304  22S  37W  68  277  07m36s,0.9304,-22.0,-37.0,68.0,277.0,456,,,,,
lunar-09833,lunar,09833,2081-03-25,2081-03-25T00:22:01,P,P,,159.0,2081-03-25T00:19:22,1004,143,a-,-0.9687,https://eclipse.gsfc.nasa.gov/LEcat5/LE2001-2100.html,0f640913669a640418f05c173cea0bdeca194fcac6b5b196b6b9ab1b08122792,2001-2100,catalog TD and modeled UT1; not exact UTC,09833  2081 Mar 25  00:22:01    159   1004  143   P   a-  -0.9687  1.0652  0.0953  252.4   67.1    -      3S    4W,,-3.0,-4.0,,,,1.0652,0.0953,15144.0,4025.9999999999995,
solar-09690,solar,09690,2081-09-03,2081-09-03T09:07:31,T,T,,160.0,2081-09-03T09:04:51,1010,136,-n,0.3378,https://eclipse.gsfc.nasa.gov/SEcat5/SE2001-2100.html,a9c08f5b4b51d5c85ccfa18d8bfccd98ec8a7d93f06e2d40691943b4105acf9e,2001-2100,catalog TD and modeled UT1; not exact UTC,09690  2081 Sep 03  09:07:31    160   1010  136   T   -n   0.3378  1.0720  25N  54E  70  247  05m33s,1.072,25.0,54.0,70.0,247.0,333,,,,,
lunar-09834,lunar,09834,2081-09-18,2081-09-18T03:35:26,N,N,,161.0,2081-09-18T03:32:45,1010,148,t-,1.0747,https://eclipse.gsfc.nasa.gov/LEcat5/LE2001-2100.html,0f640913669a640418f05c173cea0bdeca194fcac6b5b196b6b9ab1b08122792,2001-2100,catalog TD and modeled UT1; not exact UTC,09834  2081 Sep 18  03:35:26    161   1010  148   N   t-   1.0747  0.9270 -0.1545  275.7    -      -      1S   55W,,-1.0,-55.0,,,,0.927,-0.1545,16542.0,,
lunar-09835,lunar,09835,2082-02-13,2082-02-13T06:29:19,P,P,,161.0,2082-02-13T06:26:38,1015,115,-a,1.0101,https://eclipse.gsfc.nasa.gov/LEcat5/LE2001-2100.html,0f640913669a640418f05c173cea0bdeca194fcac6b5b196b6b9ab1b08122792,2001-2100,catalog TD and modeled UT1; not exact UTC,09835  2082 Feb 13  06:29:19    161   1015  115   P   -a   1.0101  0.9955  0.0134  247.2   25.5    -     14N   93W,,14.0,-93.0,,,,0.9955,0.0134,14832.0,1530.0,
solar-09691,solar,09691,2082-02-27,2082-02-27T14:47:00,A,A,,162.0,2082-02-27T14:44:18,1016,141,p-,0.3361,https://eclipse.gsfc.nasa.gov/SEcat5/SE2001-2100.html,a9c08f5b4b51d5c85ccfa18d8bfccd98ec8a7d93f06e2d40691943b4105acf9e,2001-2100,catalog TD and modeled UT1; not exact UTC,09691  2082 Feb 27  14:47:00    162   1016  141   A   p-   0.3361  0.9298   9N  47W  70  277  08m12s,0.9298,9.0,-47.0,70.0,277.0,492,,,,,
lunar-09836,lunar,09836,2082-08-08,2082-08-08T14:46:42,N,Nx,x,163.0,2082-08-08T14:43:59,1021,120,-t,-1.0203,https://eclipse.gsfc.nasa.gov/LEcat5/LE2001-2100.html,0f640913669a640418f05c173cea0bdeca194fcac6b5b196b6b9ab1b08122792,2001-2100,catalog TD and modeled UT1; not exact UTC,09836  2082 Aug 08  14:46:42    163   1021  120   Nx  -t  -1.0203  1.0011 -0.0294  269.8    -      -     17S  141E,,-17.0,141.0,,,,1.0011,-0.0294,16188.0,,
solar-09692,solar,09692,2082-08-24,2082-08-24T01:16:21,T,T,,163.0,2082-08-24T01:13:38,1022,146,n-,-0.4004,https://eclipse.gsfc.nasa.gov/SEcat5/SE2001-2100.html,a9c08f5b4b51d5c85ccfa18d8bfccd98ec8a7d93f06e2d40691943b4105acf9e,2001-2100,catalog TD and modeled UT1; not exact UTC,09692  2082 Aug 24  01:16:21    163   1022  146   T   n-  -0.4004  1.0452  10S 152E  66  163  04m01s,1.0452,-10.0,152.0,66.0,163.0,241,,,,,
lunar-09837,lunar,09837,2083-02-02,2083-02-02T18:26:46,T,T,,164.0,2083-02-02T18:24:02,1027,125,-p,0.3463,https://eclipse.gsfc.nasa.gov/LEcat5/LE2001-2100.html,0f640913669a640418f05c173cea0bdeca194fcac6b5b196b6b9ab1b08122792,2001-2100,catalog TD and modeled UT1; not exact UTC,09837  2083 Feb 02  18:26:46    164   1027  125   T   -p   0.3463  2.2400  1.2052  338.9  208.8   66.5   17N   88E,,17.0,88.0,,,,2.24,1.2052,20334.0,12528.0,3990.0
solar-09693,solar,09693,2083-02-16,2083-02-16T18:06:36,P,P,,164.0,2083-02-16T18:03:52,1028,151,t-,1.017,https://eclipse.gsfc.nasa.gov/SEcat5/SE2001-2100.html,a9c08f5b4b51d5c85ccfa18d8bfccd98ec8a7d93f06e2d40691943b4105acf9e,2001-2100,catalog TD and modeled UT1; not exact UTC,09693  2083 Feb 16  18:06:36    164   1028  151   P   t-   1.0170  0.9433  62N 154W   0,0.9433,62.0,-154.0,0.0,,,,,,,
solar-09694,solar,09694,2083-07-15,2083-07-15T00:14:23,P,Pe,e,165.0,2083-07-15T00:11:38,1033,118,-t,1.5465,https://eclipse.gsfc.nasa.gov/SEcat5/SE2001-2100.html,a9c08f5b4b51d5c85ccfa18d8bfccd98ec8a7d93f06e2d40691943b4105acf9e,2001-2100,catalog TD and modeled UT1; not exact UTC,09694  2083 Jul 15  00:14:23    165   1033  118   Pe  -t   1.5465  0.0168  64N  38W   0,0.0168,64.0,-38.0,0.0,,,,,,,
lunar-09838,lunar,09838,2083-07-29,2083-07-29T01:05:34,T,T-,-,165.0,2083-07-29T01:02:49,1033,130,pp,-0.2143,https://eclipse.gsfc.nasa.gov/LEcat5/LE2001-2100.html,0f640913669a640418f05c173cea0bdeca194fcac6b5b196b6b9ab1b08122792,2001-2100,catalog TD and modeled UT1; not exact UTC,09838  2083 Jul 29  01:05:34    165   1033  130   T-  pp  -0.2143  2.4520  1.4773  328.0  212.9   90.4   19S   14W,,-19.0,-14.0,,,,2.452,1.4773,19680.0,12774.0,5424.0
solar-09695,solar,09695,2083-08-13,2083-08-13T12:34:41,P,P,,165.0,2083-08-13T12:31:56,1034,156,t-,-1.2064,https://eclipse.gsfc.nasa.gov/SEcat5/SE2001-2100.html,a9c08f5b4b51d5c85ccfa18d8bfccd98ec8a7d93f06e2d40691943b4105acf9e,2001-2100,catalog TD and modeled UT1; not exact UTC,09695  2083 Aug 13  12:34:41    165   1034  156   P   t-  -1.2064  0.6146  62S  67W   0,0.6146,-62.0,-67.0,0.0,,,,,,,
solar-09696,solar,09696,2084-01-07,2084-01-07T17:30:24,P,P,,166.0,2084-01-07T17:27:38,1039,123,-t,-1.0715,https://eclipse.gsfc.nasa.gov/SEcat5/SE2001-2100.html,a9c08f5b4b51d5c85ccfa18d8bfccd98ec8a7d93f06e2d40691943b4105acf9e,2001-2100,catalog TD and modeled UT1; not exact UTC,09696  2084 Jan 07  17:30:24    166   1039  123   P   -t  -1.0715  0.8723  64S  69E   0,0.8723,-64.0,69.0,0.0,,,,,,,
lunar-09839,lunar,09839,2084-01-22,2084-01-22T23:13:00,T,T,,166.0,2084-01-22T23:10:14,1039,135,p-,-0.361,https://eclipse.gsfc.nasa.gov/LEcat5/LE2001-2100.html,0f640913669a640418f05c173cea0bdeca194fcac6b5b196b6b9ab1b08122792,2001-2100,catalog TD and modeled UT1; not exact UTC,09839  2084 Jan 22  23:13:00    166   1039  135   T   p-  -0.3610  2.2407  1.1513  362.0  216.3   60.5   19N   15E,,19.0,15.0,,,,2.2407,1.1513,21720.0,12978.0,3630.0
solar-09697,solar,09697,2084-07-03,2084-07-03T01:50:26,A,A,,167.0,2084-07-03T01:47:39,1045,128,-p,0.8208,https://eclipse.gsfc.nasa.gov/SEcat5/SE2001-2100.html,a9c08f5b4b51d5c85ccfa18d8bfccd98ec8a7d93f06e2d40691943b4105acf9e,2001-2100,catalog TD and modeled UT1; not exact UTC,09697  2084 Jul 03  01:50:26    167   1045  128   A   -p   0.8208  0.9421  75N 169W  35  377  04m25s,0.9421,75.0,-169.0,35.0,377.0,265,,,,,
lunar-09840,lunar,09840,2084-07-17,2084-07-17T16:58:51,P,P,,167.0,2084-07-17T16:56:04,1045,140,a-,0.5312,https://eclipse.gsfc.nasa.gov/LEcat5/LE2001-2100.html,0f640913669a640418f05c173cea0bdeca194fcac6b5b196b6b9ab1b08122792,2001-2100,catalog TD and modeled UT1; not exact UTC,09840  2084 Jul 17  16:58:51    167   1045  140   P   a-   0.5312  1.8540  0.9119  298.1  181.4    -     20S  107E,,-20.0,107.0,,,,1.854,0.9119,17886.0,10884.0,
solar-09698,solar,09698,2084-12-27,2084-12-27T09:13:48,T,T,,168.0,2084-12-27T09:11:00,1051,133,-n,-0.4094,https://eclipse.gsfc.nasa.gov/SEcat5/SE2001-2100.html,a9c08f5b4b51d5c85ccfa18d8bfccd98ec8a7d93f06e2d40691943b4105acf9e,2001-2100,catalog TD and modeled UT1; not exact UTC,09698  2084 Dec 27  09:13:48    168   1051  133   T   -n  -0.4094  1.0396  47S  48E  66  146  03m04s,1.0396,-47.0,48.0,66.0,146.0,184,,,,,
lunar-09841,lunar,09841,2085-01-10,2085-01-10T22:32:29,N,N,,168.0,2085-01-10T22:29:41,1051,145,t-,-1.0453,https://eclipse.gsfc.nasa.gov/LEcat5/LE2001-2100.html,0f640913669a640418f05c173cea0bdeca194fcac6b5b196b6b9ab1b08122792,2001-2100,catalog TD and modeled UT1; not exact UTC,09841  2085 Jan 10  22:32:29    168   1051  145   N   t-  -1.0453  0.9927 -0.1119  284.9    -      -     21N   24E,,21.0,24.0,,,,0.9927,-0.1119,17094.0,,
lunar-09842,lunar,09842,2085-06-08,2085-06-08T02:17:36,N,N,,169.0,2085-06-08T02:14:47,1056,112,-a,-1.2745,https://eclipse.gsfc.nasa.gov/LEcat5/LE2001-2100.html,0f640913669a640418f05c173cea0bdeca194fcac6b5b196b6b9ab1b08122792,2001-2100,catalog TD and modeled UT1; not exact UTC,09842  2085 Jun 08  02:17:36    169   1056  112   N   -a  -1.2745  0.5065 -0.4682  188.5    -      -     24S   34W,,-24.0,-34.0,,,,0.5065,-0.4682,11310.0,,
solar-09699,solar,09699,2085-06-22,2085-06-22T03:21:16,A,A,,169.0,2085-06-22T03:18:27,1057,138,nn,0.0452,https://eclipse.gsfc.nasa.gov/SEcat5/SE2001-2100.html,a9c08f5b4b51d5c85ccfa18d8bfccd98ec8a7d93f06e2d40691943b4105acf9e,2001-2100,catalog TD and modeled UT1; not exact UTC,09699  2085 Jun 22  03:21:16    169   1057  138   A   nn   0.0452  0.9704  26N 131E  87  106  03m29s,0.9704,26.0,131.0,87.0,106.0,209,,,,,
lunar-09843,lunar,09843,2085-07-07,2085-07-07T10:04:40,N,N,,169.0,2085-07-07T10:01:51,1057,150,a-,1.2694,https://eclipse.gsfc.nasa.gov/LEcat5/LE2001-2100.html,0f640913669a640418f05c173cea0bdeca194fcac6b5b196b6b9ab1b08122792,2001-2100,catalog TD and modeled UT1; not exact UTC,09843  2085 Jul 07  10:04:40    169   1057  150   N   a-   1.2694  0.5047 -0.4478  183.5    -      -     21S  149W,,-21.0,-149.0,,,,0.5047,-0.4478,11010.0,,
lunar-09844,lunar,09844,2085-12-01,2085-12-01T08:25:35,N,N,,170.0,2085-12-01T08:22:45,1062,117,-a,1.2189,https://eclipse.gsfc.nasa.gov/LEcat5/LE2001-2100.html,0f640913669a640418f05c173cea0bdeca194fcac6b5b196b6b9ab1b08122792,2001-2100,catalog TD and modeled UT1; not exact UTC,09844  2085 Dec 01  08:25:35    170   1062  117   N   -a   1.2189  0.6387 -0.3957  218.5    -      -     23N  128W,,23.0,-128.0,,,,0.6387,-0.3957,13110.0,,
solar-09700,solar,09700,2085-12-16,2085-12-16T22:37:48,A,A,,170.0,2085-12-16T22:34:58,1063,143,n-,0.2786,https://eclipse.gsfc.nasa.gov/SEcat5/SE2001-2100.html,a9c08f5b4b51d5c85ccfa18d8bfccd98ec8a7d93f06e2d40691943b4105acf9e,2001-2100,catalog TD and modeled UT1; not exact UTC,09700  2085 Dec 16  22:37:48    170   1063  143   A   n-   0.2786  0.9971   7S 161W  74   10  00m19s,0.9971,-7.0,-161.0,74.0,10.0,19,,,,,
lunar-09845,lunar,09845,2086-05-28,2086-05-28T12:43:47,P,P,,171.0,2086-05-28T12:40:56,1068,122,-t,-0.5585,https://eclipse.gsfc.nasa.gov/LEcat5/LE2001-2100.html,0f640913669a640418f05c173cea0bdeca194fcac6b5b196b6b9ab1b08122792,2001-2100,catalog TD and modeled UT1; not exact UTC,09845  2086 May 28  12:43:47    171   1068  122   P   -t  -0.5585  1.8486  0.8180  332.0  189.4    -     22S  169E,,-22.0,169.0,,,,1.8486,0.818,19920.0,11364.0,
solar-09701,solar,09701,2086-06-11,2086-06-11T11:07:14,T,T,,171.0,2086-06-11T11:04:23,1069,148,p-,-0.7215,https://eclipse.gsfc.nasa.gov/SEcat5/SE2001-2100.html,a9c08f5b4b51d5c85ccfa18d8bfccd98ec8a7d93f06e2d40691943b4105acf9e,2001-2100,catalog TD and modeled UT1; not exact UTC,09701  2086 Jun 11  11:07:14    171   1069  148   T   p-  -0.7215  1.0174  23S  12E  44   86  01m48s,1.0174,-23.0,12.0,44.0,86.0,108,,,,,
lunar-09846,lunar,09846,2086-11-20,2086-11-20T20:19:42,P,P,,172.0,2086-11-20T20:16:50,1074,127,-p,0.4799,https://eclipse.gsfc.nasa.gov/LEcat5/LE2001-2100.html,0f640913669a640418f05c173cea0bdeca194fcac6b5b196b6b9ab1b08122792,2001-2100,catalog TD and modeled UT1; not exact UTC,09846  2086 Nov 20  20:19:42    172   1074  127   P   -p   0.4799  1.9679  0.9865  309.5  188.1    -     20N   52E,,20.0,52.0,,,,1.9679,0.9865,18570.0,11286.0,
solar-09702,solar,09702,2086-12-06,2086-12-06T05:38:55,P,P,,172.0,2086-12-06T05:36:03,1075,153,p-,1.0194,https://eclipse.gsfc.nasa.gov/SEcat5/SE2001-2100.html,a9c08f5b4b51d5c85ccfa18d8bfccd98ec8a7d93f06e2d40691943b4105acf9e,2001-2100,catalog TD and modeled UT1; not exact UTC,09702  2086 Dec 06  05:38:55    172   1075  153   P   p-   1.0194  0.9271  67N  96E   0,0.9271,67.0,96.0,0.0,,,,,,,
solar-09703,solar,09703,2087-05-02,2087-05-02T18:04:42,P,P,,173.0,2087-05-02T18:01:49,1080,120,-t,1.1139,https://eclipse.gsfc.nasa.gov/SEcat5/SE2001-2100.html,a9c08f5b4b51d5c85ccfa18d8bfccd98ec8a7d93f06e2d40691943b4105acf9e,2001-2100,catalog TD and modeled UT1; not exact UTC,09703  2087 May 02  18:04:42    173   1080  120   P   -t   1.1139  0.8011  70N 128E   0,0.8011,70.0,128.0,0.0,,,,,,,
lunar-09847,lunar,09847,2087-05-17,2087-05-17T15:55:20,T,T+,+,173.0,2087-05-17T15:52:27,1080,132,pp,0.1999,https://eclipse.gsfc.nasa.gov/LEcat5/LE2001-2100.html,0f640913669a640418f05c173cea0bdeca194fcac6b5b196b6b9ab1b08122792,2001-2100,catalog TD and modeled UT1; not exact UTC,09847  2087 May 17  15:55:20    173   1080  132   T+  pp   0.1999  2.5276  1.4554  371.0  230.6   95.1   19S  121E,,-19.0,121.0,,,,2.5276,1.4554,22260.0,13836.0,5706.0
solar-09704,solar,09704,2087-06-01,2087-06-01T01:27:14,P,P,,173.0,2087-06-01T01:24:21,1081,158,t-,-1.4186,https://eclipse.gsfc.nasa.gov/SEcat5/SE2001-2100.html,a9c08f5b4b51d5c85ccfa18d8bfccd98ec8a7d93f06e2d40691943b4105acf9e,2001-2100,catalog TD and modeled UT1; not exact UTC,09704  2087 Jun 01  01:27:14    173   1081  158   P   t-  -1.4186  0.2146  68S 165E   0,0.2146,-68.0,165.0,0.0,,,,,,,
solar-09705,solar,09705,2087-10-26,2087-10-26T11:46:57,P,P,,174.0,2087-10-26T11:44:03,1086,125,-t,-1.2882,https://eclipse.gsfc.nasa.gov/SEcat5/SE2001-2100.html,a9c08f5b4b51d5c85ccfa18d8bfccd98ec8a7d93f06e2d40691943b4105acf9e,2001-2100,catalog TD and modeled UT1; not exact UTC,09705  2087 Oct 26  11:46:57    174   1086  125   P   -t  -1.2882  0.4696  71S 131W   0,0.4696,-71.0,-131.0,0.0,,,,,,,
lunar-09848,lunar,09848,2087-11-10,2087-11-10T12:05:33,T,T-,-,174.0,2087-11-10T12:02:39,1086,137,p-,-0.2043,https://eclipse.gsfc.nasa.gov/LEcat5/LE2001-2100.html,0f640913669a640418f05c173cea0bdeca194fcac6b5b196b6b9ab1b08122792,2001-2100,catalog TD and modeled UT1; not exact UTC,09848  2087 Nov 10  12:05:33    174   1086  137   T-  p-  -0.2043  2.4654  1.5006  316.4  206.6   88.9   17N  175E,,17.0,175.0,,,,2.4654,1.5006,18984.0,12396.0,5334.0
solar-09706,solar,09706,2088-04-21,2088-04-21T10:31:49,T,T,,175.0,2088-04-21T10:28:54,1092,130,-p,0.4135,https://eclipse.gsfc.nasa.gov/SEcat5/SE2001-2100.html,a9c08f5b4b51d5c85ccfa18d8bfccd98ec8a7d93f06e2d40691943b4105acf9e,2001-2100,catalog TD and modeled UT1; not exact UTC,09706  2088 Apr 21  10:31:49    175   1092  130   T   -p   0.4135  1.0474  36N  15E  65  173  03m58s,1.0474,36.0,15.0,65.0,173.0,238,,,,,
lunar-09849,lunar,09849,2088-05-05,2088-05-05T16:16:50,P,P,,175.0,2088-05-05T16:13:55,1092,142,t-,0.9387,https://eclipse.gsfc.nasa.gov/LEcat5/LE2001-2100.html,0f640913669a640418f05c173cea0bdeca194fcac6b5b196b6b9ab1b08122792,2001-2100,catalog TD and modeled UT1; not exact UTC,09849  2088 May 05  16:16:50    175   1092  142   P   t-   0.9387  1.1695  0.1019  297.9   77.1    -     16S  116E,,-16.0,116.0,,,,1.1695,0.1019,17874.0,4626.0,
solar-09707,solar,09707,2088-10-14,2088-10-14T14:48:05,A,A,,177.0,2088-10-14T14:45:08,1098,135,-p,-0.5349,https://eclipse.gsfc.nasa.gov/SEcat5/SE2001-2100.html,a9c08f5b4b51d5c85ccfa18d8bfccd98ec8a7d93f06e2d40691943b4105acf9e,2001-2100,catalog TD and modeled UT1; not exact UTC,09707  2088 Oct 14  14:48:05    177   1098  135   A   -p  -0.5349  0.9727  40S  56W  57  115  02m38s,0.9727,-40.0,-56.0,57.0,115.0,158,,,,,
lunar-09850,lunar,09850,2088-10-30,2088-10-30T03:03:20,P,P,,177.0,2088-10-30T03:00:23,1098,147,a-,-0.9147,https://eclipse.gsfc.nasa.gov/LEcat5/LE2001-2100.html,0f640913669a640418f05c173cea0bdeca194fcac6b5b196b6b9ab1b08122792,2001-2100,catalog TD and modeled UT1; not exact UTC,09850  2088 Oct 30  03:03:20    177   1098  147   P   a-  -0.9147  1.1761  0.1831  268.5   93.6    -     13N   49W,,13.0,-49.0,,,,1.1761,0.1831,16110.0,5616.0,
lunar-09851,lunar,09851,2089-03-26,2089-03-26T09:34:14,N,N,,178.0,2089-03-26T09:31:16,1103,114,-a,-1.1038,https://eclipse.gsfc.nasa.gov/LEcat5/LE2001-2100.html,0f640913669a640418f05c173cea0bdeca194fcac6b5b196b6b9ab1b08122792,2001-2100,catalog TD and modeled UT1; not exact UTC,09851  2089 Mar 26  09:34:14    178   1103  114   N   -a  -1.1038  0.8332 -0.1681  237.8    -      -      4S  142W,,-4.0,-142.0,,,,0.8332,-0.1681,14268.0,,
solar-09708,solar,09708,2089-04-10,2089-04-10T22:44:42,A,A,,178.0,2089-04-10T22:41:44,1104,140,n-,-0.3319,https://eclipse.gsfc.nasa.gov/SEcat5/SE2001-2100.html,a9c08f5b4b51d5c85ccfa18d8bfccd98ec8a7d93f06e2d40691943b4105acf9e,2001-2100,catalog TD and modeled UT1; not exact UTC,09708  2089 Apr 10  22:44:42    178   1104  140   A   n-  -0.3319  0.9919  10S 155W  71   30  00m53s,0.9919,-10.0,-155.0,71.0,30.0,53,,,,,
lunar-09852,lunar,09852,2089-09-19,2089-09-19T22:11:17,N,N,,179.0,2089-09-19T22:08:18,1109,119,-t,1.1447,https://eclipse.gsfc.nasa.gov/LEcat5/LE2001-2100.html,0f640913669a640418f05c173cea0bdeca194fcac6b5b196b6b9ab1b08122792,2001-2100,catalog TD and modeled UT1; not exact UTC,09852  2089 Sep 19  22:11:17    179   1109  119   N   -t   1.1447  0.7893 -0.2737  252.2    -      -      0N   26E,,0.0,26.0,,,,0.7893,-0.2737,15132.0,,
solar-09709,solar,09709,2089-10-04,2089-10-04T01:15:23,T,T,,179.0,2089-10-04T01:12:24,1110,145,n-,0.2167,https://eclipse.gsfc.nasa.gov/SEcat5/SE2001-2100.html,a9c08f5b4b51d5c85ccfa18d8bfccd98ec8a7d93f06e2d40691943b4105acf9e,2001-2100,catalog TD and modeled UT1; not exact UTC,09709  2089 Oct 04  01:15:23    179   1110  145   T   n-   0.2167  1.0333   7N 163E  77  115  03m14s,1.0333,7.0,163.0,77.0,115.0,194,,,,,
lunar-09853,lunar,09853,2090-03-15,2090-03-15T23:48:31,T,T,,180.0,2090-03-15T23:45:31,1115,124,-p,-0.3674,https://eclipse.gsfc.nasa.gov/LEcat5/LE2001-2100.html,0f640913669a640418f05c173cea0bdeca194fcac6b5b196b6b9ab1b08122792,2001-2100,catalog TD and modeled UT1; not exact UTC,09853  2090 Mar 15  23:48:31    180   1115  124   T   -p  -0.3674  2.1659  1.2012  311.3  197.5   63.0    1N    6E,,1.0,6.0,,,,2.1659,1.2012,18678.0,11850.0,3780.0
solar-09710,solar,09710,2090-03-31,2090-03-31T03:38:08,P,P,,180.0,2090-03-31T03:35:08,1116,150,t-,-1.1028,https://eclipse.gsfc.nasa.gov/SEcat5/SE2001-2100.html,a9c08f5b4b51d5c85ccfa18d8bfccd98ec8a7d93f06e2d40691943b4105acf9e,2001-2100,catalog TD and modeled UT1; not exact UTC,09710  2090 Mar 31  03:38:08    180   1116  150   P   t-  -1.1028  0.7843  72S 156W   0,0.7843,-72.0,-156.0,0.0,,,,,,,
lunar-09854,lunar,09854,2090-09-08,2090-09-08T22:52:29,T,T,,181.0,2090-09-08T22:49:28,1121,129,-t,0.4257,https://eclipse.gsfc.nasa.gov/LEcat5/LE2001-2100.html,0f640913669a640418f05c173cea0bdeca194fcac6b5b196b6b9ab1b08122792,2001-2100,catalog TD and modeled UT1; not exact UTC,09854  2090 Sep 08  22:52:29    181   1121  129   T   -t   0.4257  2.1167  1.0377  362.0  213.1   31.9    5S   17E,,-5.0,17.0,,,,2.1167,1.0377,21720.0,12786.0,1914.0
solar-09711,solar,09711,2090-09-23,2090-09-23T16:56:36,T,T,,181.0,2090-09-23T16:53:35,1122,155,t-,0.9157,https://eclipse.gsfc.nasa.gov/SEcat5/SE2001-2100.html,a9c08f5b4b51d5c85ccfa18d8bfccd98ec8a7d93f06e2d40691943b4105acf9e,2001-2100,catalog TD and modeled UT1; not exact UTC,09711  2090 Sep 23  16:56:36    181   1122  155   T   t-   0.9157  1.0562  61N  40W  23  463  03m36s,1.0562,61.0,-40.0,23.0,463.0,216,,,,,
solar-09712,solar,09712,2091-02-18,2091-02-18T09:54:40,P,P,,182.0,2091-02-18T09:51:38,1127,122,-t,1.1779,https://eclipse.gsfc.nasa.gov/SEcat5/SE2001-2100.html,a9c08f5b4b51d5c85ccfa18d8bfccd98ec8a7d93f06e2d40691943b4105acf9e,2001-2100,catalog TD and modeled UT1; not exact UTC,09712  2091 Feb 18  09:54:40    182   1127  122   P   -t   1.1779  0.6558  71N  18W   0,0.6558,71.0,-18.0,0.0,,,,,,,
lunar-09855,lunar,09855,2091-03-05,2091-03-05T15:58:22,T,T,,182.0,2091-03-05T15:55:20,1127,134,p-,0.3212,https://eclipse.gsfc.nasa.gov/LEcat5/LE2001-2100.html,0f640913669a640418f05c173cea0bdeca194fcac6b5b196b6b9ab1b08122792,2001-2100,catalog TD and modeled UT1; not exact UTC,09855  2091 Mar 05  15:58:22    182   1127  134   T   p-   0.3212  2.2537  1.2832  315.0  201.3   72.9    6N  124E,,6.0,124.0,,,,2.2537,1.2832,18900.0,12078.0,4374.0
solar-09713,solar,09713,2091-08-15,2091-08-15T00:34:43,T,T,,183.0,2091-08-15T00:31:40,1133,127,-t,-0.949,https://eclipse.gsfc.nasa.gov/SEcat5/SE2001-2100.html,a9c08f5b4b51d5c85ccfa18d8bfccd98ec8a7d93f06e2d40691943b4105acf9e,2001-2100,catalog TD and modeled UT1; not exact UTC,09713  2091 Aug 15  00:34:43    183   1133  127   T   -t  -0.9490  1.0216  56S 150E  18  236  01m38s,1.0216,-56.0,150.0,18.0,236.0,98,,,,,
lunar-09856,lunar,09856,2091-08-29,2091-08-29T00:38:25,T,T,,183.0,2091-08-29T00:35:22,1133,139,t-,-0.327,https://eclipse.gsfc.nasa.gov/LEcat5/LE2001-2100.html,0f640913669a640418f05c173cea0bdeca194fcac6b5b196b6b9ab1b08122792,2001-2100,catalog TD and modeled UT1; not exact UTC,09856  2091 Aug 29  00:38:25    183   1133  139   T   t-  -0.3270  2.2810  1.2351  353.4  217.5   72.9   10S    8W,,-10.0,-8.0,,,,2.281,1.2351,21204.0,13050.0,4374.0
solar-09714,solar,09714,2092-02-07,2092-02-07T15:10:20,A,A,,184.0,2092-02-07T15:07:16,1139,132,-n,0.4322,https://eclipse.gsfc.nasa.gov/SEcat5/SE2001-2100.html,a9c08f5b4b51d5c85ccfa18d8bfccd98ec8a7d93f06e2d40691943b4105acf9e,2001-2100,catalog TD and modeled UT1; not exact UTC,09714  2092 Feb 07  15:10:20    184   1139  132   A   -n   0.4322  0.9840  10N  49W  64   62  01m48s,0.984,10.0,-49.0,64.0,62.0,108,,,,,
lunar-09857,lunar,09857,2092-02-23,2092-02-23T05:20:59,N,N,,184.0,2092-02-23T05:17:55,1139,144,a-,1.0509,https://eclipse.gsfc.nasa.gov/LEcat5/LE2001-2100.html,0f640913669a640418f05c173cea0bdeca194fcac6b5b196b6b9ab1b08122792,2001-2100,catalog TD and modeled UT1; not exact UTC,09857  2092 Feb 23  05:20:59    184   1139  144   N   a-   1.0509  0.9383 -0.0789  252.4    -      -     11N   76W,,11.0,-76.0,,,,0.9383,-0.0789,15144.0,,
lunar-09858,lunar,09858,2092-07-19,2092-07-19T00:41:58,N,Ne,e,185.0,2092-07-19T00:38:53,1144,111,-a,1.5131,https://eclipse.gsfc.nasa.gov/LEcat5/LE2001-2100.html,0f640913669a640418f05c173cea0bdeca194fcac6b5b196b6b9ab1b08122792,2001-2100,catalog TD and modeled UT1; not exact UTC,09858  2092 Jul 19  00:41:58    185   1144  111   Ne  -a   1.5131  0.0620 -0.8992   67.7    -      -     19S    8W,,-19.0,-8.0,,,,0.062,-0.8992,4062.0,,
solar-09715,solar,09715,2092-08-03,2092-08-03T09:59:33,A,A,,185.0,2092-08-03T09:56:28,1145,137,nn,-0.2044,https://eclipse.gsfc.nasa.gov/SEcat5/SE2001-2100.html,a9c08f5b4b51d5c85ccfa18d8bfccd98ec8a7d93f06e2d40691943b4105acf9e,2001-2100,catalog TD and modeled UT1; not exact UTC,09715  2092 Aug 03  09:59:33    185   1145  137   A   nn  -0.2044  0.9794   6N  30E  78   75  02m31s,0.9794,6.0,30.0,78.0,75.0,151,,,,,
lunar-09859,lunar,09859,2092-08-17,2092-08-17T09:13:59,N,N,,185.0,2092-08-17T09:10:54,1145,149,a-,-1.0568,https://eclipse.gsfc.nasa.gov/LEcat5/LE2001-2100.html,0f640913669a640418f05c173cea0bdeca194fcac6b5b196b6b9ab1b08122792,2001-2100,catalog TD and modeled UT1; not exact UTC,09859  2092 Aug 17  09:13:59    185   1145  149   N   a-  -1.0568  0.9131 -0.0757  246.7    -      -     14S  136W,,-14.0,-136.0,,,,0.9131,-0.0757,14802.0,,
lunar-09860,lunar,09860,2093-01-12,2093-01-12T18:00:03,N,N,,186.0,2093-01-12T17:56:57,1150,116,-t,-1.1733,https://eclipse.gsfc.nasa.gov/LEcat5/LE2001-2100.html,0f640913669a640418f05c173cea0bdeca194fcac6b5b196b6b9ab1b08122792,2001-2100,catalog TD and modeled UT1; not exact UTC,09860  2093 Jan 12  18:00:03    186   1150  116   N   -t  -1.1733  0.7553 -0.3444  253.1    -      -     20N   93E,,20.0,93.0,,,,0.7553,-0.3444,15186.0,,
solar-09716,solar,09716,2093-01-27,2093-01-27T03:22:16,T,T,,186.0,2093-01-27T03:19:10,1151,142,n-,-0.2737,https://eclipse.gsfc.nasa.gov/SEcat5/SE2001-2100.html,a9c08f5b4b51d5c85ccfa18d8bfccd98ec8a7d93f06e2d40691943b4105acf9e,2001-2100,catalog TD and modeled UT1; not exact UTC,09716  2093 Jan 27  03:22:16    186   1151  142   T   n-  -0.2737  1.0340  34S 136E  74  119  02m58s,1.034,-34.0,136.0,74.0,119.0,178,,,,,
lunar-09861,lunar,09861,2093-07-08,2093-07-08T17:24:18,P,P,,187.0,2093-07-08T17:21:11,1156,121,-a,0.7632,https://eclipse.gsfc.nasa.gov/LEcat5/LE2001-2100.html,0f640913669a640418f05c173cea0bdeca194fcac6b5b196b6b9ab1b08122792,2001-2100,catalog TD and modeled UT1; not exact UTC,09861  2093 Jul 08  17:24:18    187   1156  121   P   -a   0.7632  1.4275  0.4872  275.3  141.9    -     22S  101E,,-22.0,101.0,,,,1.4275,0.4872,16518.0,8514.0,
solar-09717,solar,09717,2093-07-23,2093-07-23T12:32:04,A,A,,187.0,2093-07-23T12:28:57,1157,147,p-,0.5717,https://eclipse.gsfc.nasa.gov/SEcat5/SE2001-2100.html,a9c08f5b4b51d5c85ccfa18d8bfccd98ec8a7d93f06e2d40691943b4105acf9e,2001-2100,catalog TD and modeled UT1; not exact UTC,09717  2093 Jul 23  12:32:04    187   1157  147   A   p-   0.5717  0.9463  55N   1E  55  241  05m11s,0.9463,55.0,1.0,55.0,241.0,311,,,,,
lunar-09862,lunar,09862,2094-01-01,2094-01-01T17:00:06,P,P,,188.0,2094-01-01T16:56:58,1162,126,-t,-0.5024,https://eclipse.gsfc.nasa.gov/LEcat5/LE2001-2100.html,0f640913669a640418f05c173cea0bdeca194fcac6b5b196b6b9ab1b08122792,2001-2100,catalog TD and modeled UT1; not exact UTC,09862  2094 Jan 01  17:00:06    188   1162  126   P   -t  -0.5024  1.9858  0.8871  356.5  201.2    -     22N  107E,,22.0,107.0,,,,1.9858,0.8871,21390.0,12072.0,
solar-09718,solar,09718,2094-01-16,2094-01-16T18:59:03,T,T,,189.0,2094-01-16T18:55:54,1163,152,p-,-0.9333,https://eclipse.gsfc.nasa.gov/SEcat5/SE2001-2100.html,a9c08f5b4b51d5c85ccfa18d8bfccd98ec8a7d93f06e2d40691943b4105acf9e,2001-2100,catalog TD and modeled UT1; not exact UTC,09718  2094 Jan 16  18:59:03    189   1163  152   T   p-  -0.9333  1.0342  85S  11W  21  329  01m51s,1.0342,-85.0,-11.0,21.0,329.0,111,,,,,
solar-09719,solar,09719,2094-06-13,2094-06-13T00:22:11,P,P,,190.0,2094-06-13T00:19:01,1168,119,-t,-1.4613,https://eclipse.gsfc.nasa.gov/SEcat5/SE2001-2100.html,a9c08f5b4b51d5c85ccfa18d8bfccd98ec8a7d93f06e2d40691943b4105acf9e,2001-2100,catalog TD and modeled UT1; not exact UTC,09719  2094 Jun 13  00:22:11    190   1168  119   P   -t  -1.4613  0.1618  65S 164W   0,0.1618,-65.0,-164.0,0.0,,,,,,,
lunar-09863,lunar,09863,2094-06-28,2094-06-28T10:01:57,T,T+,+,190.0,2094-06-28T09:58:47,1168,131,pp,0.0288,https://eclipse.gsfc.nasa.gov/LEcat5/LE2001-2100.html,0f640913669a640418f05c173cea0bdeca194fcac6b5b196b6b9ab1b08122792,2001-2100,catalog TD and modeled UT1; not exact UTC,09863  2094 Jun 28  10:01:57    190   1168  131   T+  pp   0.0288  2.7865  1.8234  326.5  215.7  100.6   23S  149W,,-23.0,-149.0,,,,2.7865,1.8234,19590.0,12942.0,6036.0
solar-09720,solar,09720,2094-07-12,2094-07-12T13:24:35,P,P,,190.0,2094-07-12T13:21:25,1169,157,t-,1.315,https://eclipse.gsfc.nasa.gov/SEcat5/SE2001-2100.html,a9c08f5b4b51d5c85ccfa18d8bfccd98ec8a7d93f06e2d40691943b4105acf9e,2001-2100,catalog TD and modeled UT1; not exact UTC,09720  2094 Jul 12  13:24:35    190   1169  157   P   t-   1.3150  0.4224  68N 153E   0,0.4224,68.0,153.0,0.0,,,,,,,
solar-09721,solar,09721,2094-12-07,2094-12-07T20:05:56,P,P,,191.0,2094-12-07T20:02:45,1174,124,-t,1.1547,https://eclipse.gsfc.nasa.gov/SEcat5/SE2001-2100.html,a9c08f5b4b51d5c85ccfa18d8bfccd98ec8a7d93f06e2d40691943b4105acf9e,2001-2100,catalog TD and modeled UT1; not exact UTC,09721  2094 Dec 07  20:05:56    191   1174  124   P   -t   1.1547  0.7046  65N  95W   0,0.7046,65.0,-95.0,0.0,,,,,,,
lunar-09864,lunar,09864,2094-12-21,2094-12-21T19:56:32,T,T+,+,191.0,2094-12-21T19:53:21,1174,136,p-,0.2016,https://eclipse.gsfc.nasa.gov/LEcat5/LE2001-2100.html,0f640913669a640418f05c173cea0bdeca194fcac6b5b196b6b9ab1b08122792,2001-2100,catalog TD and modeled UT1; not exact UTC,09864  2094 Dec 21  19:56:32    191   1174  136   T+  p-   0.2016  2.5138  1.4627  351.2  220.5   91.6   24N   61E,,24.0,61.0,,,,2.5138,1.4627,21072.0,13230.0,5496.0
solar-09722,solar,09722,2095-06-02,2095-06-02T10:07:40,T,T,,192.0,2095-06-02T10:04:28,1180,129,-p,-0.6396,https://eclipse.gsfc.nasa.gov/SEcat5/SE2001-2100.html,a9c08f5b4b51d5c85ccfa18d8bfccd98ec8a7d93f06e2d40691943b4105acf9e,2001-2100,catalog TD and modeled UT1; not exact UTC,09722  2095 Jun 02  10:07:40    192   1180  129   T   -p  -0.6396  1.0332  17S  37E  50  145  03m18s,1.0332,-17.0,37.0,50.0,145.0,198,,,,,
lunar-09865,lunar,09865,2095-06-17,2095-06-17T22:00:11,P,P,,192.0,2095-06-17T21:56:59,1180,141,t-,-0.7653,https://eclipse.gsfc.nasa.gov/LEcat5/LE2001-2100.html,0f640913669a640418f05c173cea0bdeca194fcac6b5b196b6b9ab1b08122792,2001-2100,catalog TD and modeled UT1; not exact UTC,09865  2095 Jun 17  22:00:11    192   1180  141   P   t-  -0.7653  1.4617  0.4459  304.7  146.9    -     24S   31E,,-24.0,31.0,,,,1.4617,0.4459,18282.0,8814.0,
solar-09723,solar,09723,2095-11-27,2095-11-27T01:02:57,A,A,,193.0,2095-11-27T00:59:44,1186,134,-p,0.4903,https://eclipse.gsfc.nasa.gov/SEcat5/SE2001-2100.html,a9c08f5b4b51d5c85ccfa18d8bfccd98ec8a7d93f06e2d40691943b4105acf9e,2001-2100,catalog TD and modeled UT1; not exact UTC,09723  2095 Nov 27  01:02:57    193   1186  134   A   -p   0.4903  0.9330   7N 170E  61  285  08m47s,0.933,7.0,170.0,61.0,285.0,527,,,,,
lunar-09866,lunar,09866,2095-12-11,2095-12-11T06:15:02,P,P,,193.0,2095-12-11T06:11:49,1186,146,a-,0.8742,https://eclipse.gsfc.nasa.gov/LEcat5/LE2001-2100.html,0f640913669a640418f05c173cea0bdeca194fcac6b5b196b6b9ab1b08122792,2001-2100,catalog TD and modeled UT1; not exact UTC,09866  2095 Dec 11  06:15:02    193   1186  146   P   a-   0.8742  1.2510  0.2565  272.9  108.9    -     24N   95W,,24.0,-95.0,,,,1.251,0.2565,16373.999999999998,6534.0,
lunar-09867,lunar,09867,2096-05-07,2096-05-07T11:24:42,N,N,,194.0,2096-05-07T11:21:28,1191,113,-t,1.2896,https://eclipse.gsfc.nasa.gov/LEcat5/LE2001-2100.html,0f640913669a640418f05c173cea0bdeca194fcac6b5b196b6b9ab1b08122792,2001-2100,catalog TD and modeled UT1; not exact UTC,09867  2096 May 07  11:24:42    194   1191  113   N   -t   1.2896  0.5309 -0.5469  216.9    -      -     16S  171W,,-16.0,-171.0,,,,0.5309,-0.5469,13014.0,,
solar-09724,solar,09724,2096-05-22,2096-05-22T01:37:14,T,T,,194.0,2096-05-22T01:34:00,1192,139,nn,0.1196,https://eclipse.gsfc.nasa.gov/SEcat5/SE2001-2100.html,a9c08f5b4b51d5c85ccfa18d8bfccd98ec8a7d93f06e2d40691943b4105acf9e,2001-2100,catalog TD and modeled UT1; not exact UTC,09724  2096 May 22  01:37:14    194   1192  139   T   nn   0.1196  1.0737  27N 153E  83  241  06m06s,1.0737,27.0,153.0,83.0,241.0,366,,,,,
lunar-09868,lunar,09868,2096-06-06,2096-06-06T02:43:41,N,Nb,b,194.0,2096-06-06T02:40:27,1192,151,t-,-1.5723,https://eclipse.gsfc.nasa.gov/LEcat5/LE2001-2100.html,0f640913669a640418f05c173cea0bdeca194fcac6b5b196b6b9ab1b08122792,2001-2100,catalog TD and modeled UT1; not exact UTC,09868  2096 Jun 06  02:43:41    194   1192  151   Nb  t-  -1.5723  0.0047 -1.0584   21.2    -      -     24S   41W,,-24.0,-41.0,,,,0.0047,-1.0584,1272.0,,
lunar-09869,lunar,09869,2096-10-31,2096-10-31T11:30:23,N,N,,195.0,2096-10-31T11:27:08,1197,118,-a,-1.1307,https://eclipse.gsfc.nasa.gov/LEcat5/LE2001-2100.html,0f640913669a640418f05c173cea0bdeca194fcac6b5b196b6b9ab1b08122792,2001-2100,catalog TD and modeled UT1; not exact UTC,09869  2096 Oct 31  11:30:23    195   1197  118   N   -a  -1.1307  0.7666 -0.2006  219.3    -      -     13N  175W,,13.0,-175.0,,,,0.7666,-0.2006,13158.0,,
solar-09725,solar,09725,2096-11-15,2096-11-15T00:36:15,A,A,,195.0,2096-11-15T00:33:00,1198,144,nn,-0.2018,https://eclipse.gsfc.nasa.gov/SEcat5/SE2001-2100.html,a9c08f5b4b51d5c85ccfa18d8bfccd98ec8a7d93f06e2d40691943b4105acf9e,2001-2100,catalog TD and modeled UT1; not exact UTC,09725  2096 Nov 15  00:36:15    195   1198  144   A   nn  -0.2018  0.9237  30S 163E  78  294  08m53s,0.9237,-30.0,163.0,78.0,294.0,533,,,,,
lunar-09870,lunar,09870,2096-11-29,2096-11-29T21:22:22,N,N,,195.0,2096-11-29T21:19:07,1198,156,a-,1.5017,https://eclipse.gsfc.nasa.gov/LEcat5/LE2001-2100.html,0f640913669a640418f05c173cea0bdeca194fcac6b5b196b6b9ab1b08122792,2001-2100,catalog TD and modeled UT1; not exact UTC,09870  2096 Nov 29  21:22:22    195   1198  156   N   a-   1.5017  0.0862 -0.8816   78.1    -      -     23N   37E,,23.0,37.0,,,,0.0862,-0.8816,4686.0,,
lunar-09871,lunar,09871,2097-04-26,2097-04-26T12:18:17,P,P,,196.0,2097-04-26T12:15:01,1203,123,-t,0.5377,https://eclipse.gsfc.nasa.gov/LEcat5/LE2001-2100.html,0f640913669a640418f05c173cea0bdeca194fcac6b5b196b6b9ab1b08122792,2001-2100,catalog TD and modeled UT1; not exact UTC,09871  2097 Apr 26  12:18:17    196   1203  123   P   -t   0.5377  1.9013  0.8420  344.0  195.2    -     13S  176E,,-13.0,176.0,,,,1.9013,0.842,20640.0,11712.0,
solar-09726,solar,09726,2097-05-11,2097-05-11T18:34:31,T,T,,196.0,2097-05-11T18:31:15,1204,149,p-,0.8516,https://eclipse.gsfc.nasa.gov/SEcat5/SE2001-2100.html,a9c08f5b4b51d5c85ccfa18d8bfccd98ec8a7d93f06e2d40691943b4105acf9e,2001-2100,catalog TD and modeled UT1; not exact UTC,09726  2097 May 11  18:34:31    196   1204  149   T   p-   0.8516  1.0538  67N 150W  31  339  03m10s,1.0538,67.0,-150.0,31.0,339.0,190,,,,,
lunar-09872,lunar,09872,2097-10-21,2097-10-21T01:30:55,T,T,,197.0,2097-10-21T01:27:38,1209,128,-a,-0.4608,https://eclipse.gsfc.nasa.gov/LEcat5/LE2001-2100.html,0f640913669a640418f05c173cea0bdeca194fcac6b5b196b6b9ab1b08122792,2001-2100,catalog TD and modeled UT1; not exact UTC,09872  2097 Oct 21  01:30:55    197   1209  128   T   -a  -0.4608  2.0152  1.0097  323.1  195.2   15.2   11N   26W,,11.0,-26.0,,,,2.0152,1.0097,19386.0,11712.0,912.0
solar-09727,solar,09727,2097-11-04,2097-11-04T02:01:25,A,A,,197.0,2097-11-04T01:58:08,1210,154,t-,-0.8926,https://eclipse.gsfc.nasa.gov/SEcat5/SE2001-2100.html,a9c08f5b4b51d5c85ccfa18d8bfccd98ec8a7d93f06e2d40691943b4105acf9e,2001-2100,catalog TD and modeled UT1; not exact UTC,09727  2097 Nov 04  02:01:25    197   1210  154   A   t-  -0.8926  0.9494  66S  87E  26  411  03m36s,0.9494,-66.0,87.0,26.0,411.0,216,,,,,
solar-09728,solar,09728,2098-04-01,2098-04-01T20:02:31,P,P,,198.0,2098-04-01T19:59:13,1215,121,-t,-1.1005,https://eclipse.gsfc.nasa.gov/SEcat5/SE2001-2100.html,a9c08f5b4b51d5c85ccfa18d8bfccd98ec8a7d93f06e2d40691943b4105acf9e,2001-2100,catalog TD and modeled UT1; not exact UTC,09728  2098 Apr 01  20:02:31    198   1215  121   P   -t  -1.1005  0.7984  61S  38W   0,0.7984,-61.0,-38.0,0.0,,,,,,,
lunar-09873,lunar,09873,2098-04-15,2098-04-15T19:04:48,T,T-,-,198.0,2098-04-15T19:01:30,1215,133,p-,-0.2272,https://eclipse.gsfc.nasa.gov/LEcat5/LE2001-2100.html,0f640913669a640418f05c173cea0bdeca194fcac6b5b196b6b9ab1b08122792,2001-2100,catalog TD and modeled UT1; not exact UTC,09873  2098 Apr 15  19:04:48    198   1215  133   T-  p-  -0.2272  2.4454  1.4369  338.3  215.8   89.0   10S   74E,,-10.0,74.0,,,,2.4454,1.4369,20298.0,12948.0,5340.0
solar-09729,solar,09729,2098-09-25,2098-09-25T00:31:16,P,P,,199.0,2098-09-25T00:27:57,1221,126,-t,1.1184,https://eclipse.gsfc.nasa.gov/SEcat5/SE2001-2100.html,a9c08f5b4b51d5c85ccfa18d8bfccd98ec8a7d93f06e2d40691943b4105acf9e,2001-2100,catalog TD and modeled UT1; not exact UTC,09729  2098 Sep 25  00:31:16    199   1221  126   P   -t   1.1184  0.7871  61N 101W   0,0.7871,61.0,-101.0,0.0,,,,,,,
lunar-09874,lunar,09874,2098-10-10,2098-10-10T09:19:58,T,T,,200.0,2098-10-10T09:16:38,1221,138,pp,0.2749,https://eclipse.gsfc.nasa.gov/LEcat5/LE2001-2100.html,0f640913669a640418f05c173cea0bdeca194fcac6b5b196b6b9ab1b08122792,2001-2100,catalog TD and modeled UT1; not exact UTC,09874  2098 Oct 10  09:19:58    200   1221  138   T   pp   0.2749  2.3831  1.3246  357.4  221.0   82.7    7N  143W,,7.0,-143.0,,,,2.3831,1.3246,21444.0,13260.0,4962.0
solar-09730,solar,09730,2098-10-24,2098-10-24T10:36:11,P,Pb,b,200.0,2098-10-24T10:32:51,1222,164,t-,-1.5407,https://eclipse.gsfc.nasa.gov/SEcat5/SE2001-2100.html,a9c08f5b4b51d5c85ccfa18d8bfccd98ec8a7d93f06e2d40691943b4105acf9e,2001-2100,catalog TD and modeled UT1; not exact UTC,09730  2098 Oct 24  10:36:11    200   1222  164   Pb  t-  -1.5407  0.0056  62S  95W   0,0.0056,-62.0,-95.0,0.0,,,,,,,
solar-09731,solar,09731,2099-03-21,2099-03-21T22:54:32,A,A,,201.0,2099-03-21T22:51:11,1227,131,-p,-0.4016,https://eclipse.gsfc.nasa.gov/SEcat5/SE2001-2100.html,a9c08f5b4b51d5c85ccfa18d8bfccd98ec8a7d93f06e2d40691943b4105acf9e,2001-2100,catalog TD and modeled UT1; not exact UTC,09731  2099 Mar 21  22:54:32    201   1227  131   A   -p  -0.4016  0.9318  20S 149W  66  275  07m32s,0.9318,-20.0,-149.0,66.0,275.0,452,,,,,
lunar-09875,lunar,09875,2099-04-05,2099-04-05T08:30:56,P,P,,201.0,2099-04-05T08:27:35,1227,143,a-,-0.9304,https://eclipse.gsfc.nasa.gov/LEcat5/LE2001-2100.html,0f640913669a640418f05c173cea0bdeca194fcac6b5b196b6b9ab1b08122792,2001-2100,catalog TD and modeled UT1; not exact UTC,09875  2099 Apr 05  08:30:56    201   1227  143   P   a-  -0.9304  1.1333  0.1680  257.7   88.1    -      7S  127W,,-7.0,-127.0,,,,1.1333,0.168,15462.0,5286.0,
solar-09732,solar,09732,2099-09-14,2099-09-14T16:57:53,T,T,,202.0,2099-09-14T16:54:31,1233,136,-n,0.3942,https://eclipse.gsfc.nasa.gov/SEcat5/SE2001-2100.html,a9c08f5b4b51d5c85ccfa18d8bfccd98ec8a7d93f06e2d40691943b4105acf9e,2001-2100,catalog TD and modeled UT1; not exact UTC,09732  2099 Sep 14  16:57:53    202   1233  136   T   -n   0.3942  1.0684  23N  63W  67  241  05m18s,1.0684,23.0,-63.0,67.0,241.0,318,,,,,
lunar-09876,lunar,09876,2099-09-29,2099-09-29T10:36:38,N,Nx,x,202.0,2099-09-29T10:33:16,1233,148,t-,1.0174,https://eclipse.gsfc.nasa.gov/LEcat5/LE2001-2100.html,0f640913669a640418f05c173cea0bdeca194fcac6b5b196b6b9ab1b08122792,2001-2100,catalog TD and modeled UT1; not exact UTC,09876  2099 Sep 29  10:36:38    202   1233  148   Nx  t-   1.0174  1.0340 -0.0512  288.3    -      -      3N  161W,,3.0,-161.0,,,,1.034,-0.0512,17298.0,,
lunar-09877,lunar,09877,2100-02-24,2100-02-24T15:05:11,N,N,,203.0,2100-02-24T15:01:48,1238,115,-a,1.0267,https://eclipse.gsfc.nasa.gov/LEcat5/LE2001-2100.html,0f640913669a640418f05c173cea0bdeca194fcac6b5b196b6b9ab1b08122792,2001-2100,catalog TD and modeled UT1; not exact UTC,09877  2100 Feb 24  15:05:11    203   1238  115   N   -a   1.0267  0.9649 -0.0170  244.6    -      -     10N  138E,,10.0,138.0,,,,0.9649,-0.017,14676.0,,
solar-09733,solar,09733,2100-03-10,2100-03-10T22:28:11,A,A,,203.0,2100-03-10T22:24:48,1239,141,n-,0.3077,https://eclipse.gsfc.nasa.gov/SEcat5/SE2001-2100.html,a9c08f5b4b51d5c85ccfa18d8bfccd98ec8a7d93f06e2d40691943b4105acf9e,2001-2100,catalog TD and modeled UT1; not exact UTC,09733  2100 Mar 10  22:28:11    203   1239  141   A   n-   0.3077  0.9338  12N 162W  72  257  07m29s,0.9338,12.0,-162.0,72.0,257.0,449,,,,,
lunar-09878,lunar,09878,2100-08-19,2100-08-19T21:44:58,N,N,,204.0,2100-08-19T21:41:34,1244,120,-t,-1.0905,https://eclipse.gsfc.nasa.gov/LEcat5/LE2001-2100.html,0f640913669a640418f05c173cea0bdeca194fcac6b5b196b6b9ab1b08122792,2001-2100,catalog TD and modeled UT1; not exact UTC,09878  2100 Aug 19  21:44:58    204   1244  120   N   -t  -1.0905  0.8716 -0.1575  254.2    -      -     13S   36E,,-13.0,36.0,,,,0.8716,-0.1575,15252.0,,
solar-09734,solar,09734,2100-09-04,2100-09-04T08:49:20,T,T,,204.0,2100-09-04T08:45:56,1245,146,n-,-0.3384,https://eclipse.gsfc.nasa.gov/SEcat5/SE2001-2100.html,a9c08f5b4b51d5c85ccfa18d8bfccd98ec8a7d93f06e2d40691943b4105acf9e,2001-2100,catalog TD and modeled UT1; not exact UTC,09734  2100 Sep 04  08:49:20    204   1245  146   T   n-  -0.3384  1.0402  10S  39E  70  142  03m32s,1.0402,-10.0,39.0,70.0,142.0,212,,,,,
