event_id,kind,catalog_date_td,location_id,time_scale,contact,time_ut1,offset_hours,altitude_deg,above_model_horizon,source_visibility_flag
solar-09281,solar,1900-05-28,jerusalem_nasa_city_point,modeled UT1; not exact UTC,C1,1900-05-28T15:30:49.754,0.5132094587606215,12.165373197662536,True,0
solar-09281,solar,1900-05-28,jerusalem_nasa_city_point,modeled UT1; not exact UTC,MID,1900-05-28T16:26:24.504,1.439528950659109,1.162866515592429,True,0
solar-09281,solar,1900-05-28,jerusalem_nasa_city_point,modeled UT1; not exact UTC,C4,1900-05-28T17:17:43.615,2.294837527559192,-8.442790754598898,False,1
lunar-09420,lunar,1900-06-13,jerusalem_nasa_city_point,modeled UT1; not exact UTC,P1,1900-06-13T01:16:45.088,-1.72142,13.155098421297945,True,0
lunar-09420,lunar,1900-06-13,jerusalem_nasa_city_point,modeled UT1; not exact UTC,MID,1900-06-13T03:27:39.604,0.46039,-10.24358239962805,False,2
lunar-09420,lunar,1900-06-13,jerusalem_nasa_city_point,modeled UT1; not exact UTC,P4,1900-06-13T05:38:39.412,2.64367,-36.083097041512154,False,2
lunar-09421,lunar,1900-12-06,jerusalem_nasa_city_point,modeled UT1; not exact UTC,P1,1900-12-06T08:29:36.120,-1.50705,-36.039709566023525,False,2
lunar-09421,lunar,1900-12-06,jerusalem_nasa_city_point,modeled UT1; not exact UTC,MID,1900-12-06T10:26:30.864,0.44149,-35.98397101453265,False,2
lunar-09421,lunar,1900-12-06,jerusalem_nasa_city_point,modeled UT1; not exact UTC,P4,1900-12-06T12:23:19.200,2.38825,-24.183286081558325,False,2
lunar-09422,lunar,1901-05-03,jerusalem_nasa_city_point,modeled UT1; not exact UTC,P1,1901-05-03T16:06:32.256,-2.89129,-2.0519207312121104,False,2
lunar-09422,lunar,1901-05-03,jerusalem_nasa_city_point,modeled UT1; not exact UTC,MID,1901-05-03T18:30:38.520,-0.48955,23.723907597037563,True,0
lunar-09422,lunar,1901-05-03,jerusalem_nasa_city_point,modeled UT1; not exact UTC,P4,1901-05-03T20:54:46.836,1.91276,39.5988981623527,True,0
lunar-09423,lunar,1901-10-27,jerusalem_nasa_city_point,modeled UT1; not exact UTC,P1,1901-10-27T13:05:31.428,-1.90802,-20.15508724847528,False,2
lunar-09423,lunar,1901-10-27,jerusalem_nasa_city_point,modeled UT1; not exact UTC,U1,1901-10-27T14:25:37.968,-0.57287,-5.172496764573597,False,2
lunar-09423,lunar,1901-10-27,jerusalem_nasa_city_point,modeled UT1; not exact UTC,MID,1901-10-27T15:15:18.084,0.25494,4.669522169896115,True,0
lunar-09423,lunar,1901-10-27,jerusalem_nasa_city_point,modeled UT1; not exact UTC,U4,1901-10-27T16:05:00.972,1.08352,14.77597765563873,True,0
lunar-09423,lunar,1901-10-27,jerusalem_nasa_city_point,modeled UT1; not exact UTC,P4,1901-10-27T17:25:06.972,2.41852,31.32255476486072,True,0
solar-09284,solar,1901-11-11,jerusalem_nasa_city_point,modeled UT1; not exact UTC,C1,1901-11-11T04:32:47.481,-2.4535329318007992,4.999407686263931,True,0
solar-09284,solar,1901-11-11,jerusalem_nasa_city_point,modeled UT1; not exact UTC,MID,1901-11-11T05:54:20.656,-1.0943177404667312,19.978285165648256,True,0
solar-09284,solar,1901-11-11,jerusalem_nasa_city_point,modeled UT1; not exact UTC,C4,1901-11-11T07:31:17.478,0.5214661836199066,34.11839050207501,True,0
lunar-09424,lunar,1902-04-22,jerusalem_nasa_city_point,modeled UT1; not exact UTC,P1,1902-04-22T15:50:32.564,-3.15751,-3.2437009511054344,False,2
lunar-09424,lunar,1902-04-22,jerusalem_nasa_city_point,modeled UT1; not exact UTC,U1,1902-04-22T17:00:20.336,-1.99424,10.410920158794868,True,0
lunar-09424,lunar,1902-04-22,jerusalem_nasa_city_point,modeled UT1; not exact UTC,U2,1902-04-22T18:10:20.924,-0.82741,23.15956677248565,True,0
lunar-09424,lunar,1902-04-22,jerusalem_nasa_city_point,modeled UT1; not exact UTC,MID,1902-04-22T18:52:39.752,-0.12218,30.078533998652,True,0
lunar-09424,lunar,1902-04-22,jerusalem_nasa_city_point,modeled UT1; not exact UTC,U3,1902-04-22T19:34:57.392,0.58272,36.08490276965881,True,0
lunar-09424,lunar,1902-04-22,jerusalem_nasa_city_point,modeled UT1; not exact UTC,U4,1902-04-22T20:44:57.584,1.74944,43.046668088567635,True,0
lunar-09424,lunar,1902-04-22,jerusalem_nasa_city_point,modeled UT1; not exact UTC,P4,1902-04-22T21:54:51.296,2.91436,44.80407518764349,True,0
lunar-09425,lunar,1902-10-17,jerusalem_nasa_city_point,modeled UT1; not exact UTC,P1,1902-10-17T03:18:11.528,-2.69652,3.6443459947299868,True,0
lunar-09425,lunar,1902-10-17,jerusalem_nasa_city_point,modeled UT1; not exact UTC,U1,1902-10-17T04:17:17.060,-1.71165,-8.137351996377843,False,2
lunar-09425,lunar,1902-10-17,jerusalem_nasa_city_point,modeled UT1; not exact UTC,U2,1902-10-17T05:19:00.632,-0.68288,-19.90874442301347,False,2
lunar-09425,lunar,1902-10-17,jerusalem_nasa_city_point,modeled UT1; not exact UTC,MID,1902-10-17T06:03:24.740,0.05715,-27.824043399518207,False,2
lunar-09425,lunar,1902-10-17,jerusalem_nasa_city_point,modeled UT1; not exact UTC,U3,1902-10-17T06:47:50.324,0.79759,-35.03616235762494,False,2
lunar-09425,lunar,1902-10-17,jerusalem_nasa_city_point,modeled UT1; not exact UTC,U4,1902-10-17T07:49:34.832,1.82662,-43.256559039623404,False,2
lunar-09425,lunar,1902-10-17,jerusalem_nasa_city_point,modeled UT1; not exact UTC,P4,1902-10-17T08:48:33.524,2.80959,-48.1188111485996,False,2
solar-09288,solar,1903-03-29,jerusalem_nasa_city_point,modeled UT1; not exact UTC,C1,1903-03-29T00:02:57.841,-1.9501553117991737,-42.268064545695175,False,1
solar-09288,solar,1903-03-29,jerusalem_nasa_city_point,modeled UT1; not exact UTC,MID,1903-03-29T00:49:21.191,-1.1770024213639414,-34.13458337729326,False,1
solar-09288,solar,1903-03-29,jerusalem_nasa_city_point,modeled UT1; not exact UTC,C4,1903-03-29T01:37:48.230,-0.36949161207215064,-24.783841849000964,False,1
lunar-09426,lunar,1903-04-12,jerusalem_nasa_city_point,modeled UT1; not exact UTC,P1,1903-04-11T21:27:55.856,-2.53404,50.30632997216772,True,0
lunar-09426,lunar,1903-04-12,jerusalem_nasa_city_point,modeled UT1; not exact UTC,U1,1903-04-11T22:34:39.452,-1.42193,47.83010525606555,True,0
lunar-09426,lunar,1903-04-12,jerusalem_nasa_city_point,modeled UT1; not exact UTC,MID,1903-04-12T00:12:57.692,0.21647,35.57800110654549,True,0
lunar-09426,lunar,1903-04-12,jerusalem_nasa_city_point,modeled UT1; not exact UTC,U4,1903-04-12T01:51:10.892,1.85347,18.055127416642154,True,0
lunar-09426,lunar,1903-04-12,jerusalem_nasa_city_point,modeled UT1; not exact UTC,P4,1903-04-12T02:58:02.336,2.96776,4.845673370109286,True,0
lunar-09427,lunar,1903-10-06,jerusalem_nasa_city_point,modeled UT1; not exact UTC,P1,1903-10-06T12:28:43.784,-2.52056,-34.03674598895329,False,2
lunar-09427,lunar,1903-10-06,jerusalem_nasa_city_point,modeled UT1; not exact UTC,U1,1903-10-06T13:40:42.776,-1.32084,-20.473885358410193,False,2
lunar-09427,lunar,1903-10-06,jerusalem_nasa_city_point,modeled UT1; not exact UTC,MID,1903-10-06T15:17:30.584,0.29244,-0.8826176028777785,False,2
lunar-09427,lunar,1903-10-06,jerusalem_nasa_city_point,modeled UT1; not exact UTC,U4,1903-10-06T16:54:22.820,1.90695,19.21783348082332,True,0
lunar-09427,lunar,1903-10-06,jerusalem_nasa_city_point,modeled UT1; not exact UTC,P4,1903-10-06T18:06:12.848,3.10418,33.85977662046123,True,0
lunar-09428,lunar,1904-03-02,jerusalem_nasa_city_point,modeled UT1; not exact UTC,P1,1904-03-02T02:07:13.124,-0.87891,23.59866943948937,True,0
lunar-09428,lunar,1904-03-02,jerusalem_nasa_city_point,modeled UT1; not exact UTC,MID,1904-03-02T03:02:31.136,0.04276,12.178894964219323,True,0
lunar-09428,lunar,1904-03-02,jerusalem_nasa_city_point,modeled UT1; not exact UTC,P4,1904-03-02T03:57:44.648,0.96318,0.7847919404316596,True,0
lunar-09429,lunar,1904-03-31,jerusalem_nasa_city_point,modeled UT1; not exact UTC,P1,1904-03-31T10:45:16.648,-2.24457,-57.721508054964815,False,2
lunar-09429,lunar,1904-03-31,jerusalem_nasa_city_point,modeled UT1; not exact UTC,MID,1904-03-31T12:32:24.844,-0.45896,-42.009301207022226,False,2
lunar-09429,lunar,1904-03-31,jerusalem_nasa_city_point,modeled UT1; not exact UTC,P4,1904-03-31T14:19:25.660,1.3246,-21.60490582508269,False,2
lunar-09430,lunar,1904-09-24,jerusalem_nasa_city_point,modeled UT1; not exact UTC,P1,1904-09-24T15:45:09.928,-2.24627,1.9852756959978697,True,0
lunar-09430,lunar,1904-09-24,jerusalem_nasa_city_point,modeled UT1; not exact UTC,MID,1904-09-24T17:34:40.684,-0.42106,24.425960078244533,True,0
lunar-09430,lunar,1904-09-24,jerusalem_nasa_city_point,modeled UT1; not exact UTC,P4,1904-09-24T19:24:13.636,1.40476,44.69803120368289,True,0
lunar-09431,lunar,1905-02-19,jerusalem_nasa_city_point,modeled UT1; not exact UTC,P1,1905-02-19T16:41:21.980,-2.30945,16.247341512562652,True,0
lunar-09431,lunar,1905-02-19,jerusalem_nasa_city_point,modeled UT1; not exact UTC,U1,1905-02-19T17:53:58.988,-1.09917,31.07028190773337,True,0
lunar-09431,lunar,1905-02-19,jerusalem_nasa_city_point,modeled UT1; not exact UTC,MID,1905-02-19T18:59:58.376,0.00066,44.261520176424874,True,0
lunar-09431,lunar,1905-02-19,jerusalem_nasa_city_point,modeled UT1; not exact UTC,U4,1905-02-19T20:06:02.840,1.1019,56.43535070297028,True,0
lunar-09431,lunar,1905-02-19,jerusalem_nasa_city_point,modeled UT1; not exact UTC,P4,1905-02-19T21:18:36.572,2.31127,66.16734099996607,True,0
lunar-09432,lunar,1905-08-15,jerusalem_nasa_city_point,modeled UT1; not exact UTC,P1,1905-08-15T01:09:46.736,-2.83574,20.925583310270763,True,0
lunar-09432,lunar,1905-08-15,jerusalem_nasa_city_point,modeled UT1; not exact UTC,U1,1905-08-15T02:39:17.972,-1.34373,4.510915350480368,True,0
lunar-09432,lunar,1905-08-15,jerusalem_nasa_city_point,modeled UT1; not exact UTC,MID,1905-08-15T03:40:54.560,-0.3169,-7.6051828273550655,False,2
lunar-09432,lunar,1905-08-15,jerusalem_nasa_city_point,modeled UT1; not exact UTC,U4,1905-08-15T04:42:21.932,0.70737,-20.003152066301727,False,2
lunar-09432,lunar,1905-08-15,jerusalem_nasa_city_point,modeled UT1; not exact UTC,P4,1905-08-15T06:12:02.456,2.20196,-38.17557901135399,False,2
solar-09293,solar,1905-08-30,jerusalem_nasa_city_point,modeled UT1; not exact UTC,C1,1905-08-30T13:05:58.158,0.10076624702973036,37.2655930008365,True,0
solar-09293,solar,1905-08-30,jerusalem_nasa_city_point,modeled UT1; not exact UTC,MID,1905-08-30T14:12:26.980,1.2087720806723392,23.29474254124198,True,0
solar-09293,solar,1905-08-30,jerusalem_nasa_city_point,modeled UT1; not exact UTC,C4,1905-08-30T15:12:23.509,2.2078081300134884,10.553128794831675,True,0
lunar-09433,lunar,1906-02-09,jerusalem_nasa_city_point,modeled UT1; not exact UTC,P1,1906-02-09T04:55:26.636,-3.07449,-6.866722039824997,False,2
lunar-09433,lunar,1906-02-09,jerusalem_nasa_city_point,modeled UT1; not exact UTC,U1,1906-02-09T05:57:10.388,-2.04567,-18.242564858231248,False,2
lunar-09433,lunar,1906-02-09,jerusalem_nasa_city_point,modeled UT1; not exact UTC,U2,1906-02-09T06:57:59.960,-1.0319,-28.33854462642902,False,2
lunar-09433,lunar,1906-02-09,jerusalem_nasa_city_point,modeled UT1; not exact UTC,MID,1906-02-09T07:46:52.376,-0.21734,-35.22776853580788,False,2
lunar-09433,lunar,1906-02-09,jerusalem_nasa_city_point,modeled UT1; not exact UTC,U3,1906-02-09T08:35:46.160,0.5976,-40.532805441815746,False,2
lunar-09433,lunar,1906-02-09,jerusalem_nasa_city_point,modeled UT1; not exact UTC,U4,1906-02-09T09:36:36.740,1.61165,-44.099497621427524,False,2
lunar-09433,lunar,1906-02-09,jerusalem_nasa_city_point,modeled UT1; not exact UTC,P4,1906-02-09T10:38:11.816,2.63806,-43.57736112018866,False,2
lunar-09434,lunar,1906-08-04,jerusalem_nasa_city_point,modeled UT1; not exact UTC,P1,1906-08-04T10:13:09.080,-2.7792,-74.16420292929196,False,2
lunar-09434,lunar,1906-08-04,jerusalem_nasa_city_point,modeled UT1; not exact UTC,U1,1906-08-04T11:10:42.380,-1.81995,-65.63725795835026,False,2
lunar-09434,lunar,1906-08-04,jerusalem_nasa_city_point,modeled UT1; not exact UTC,U2,1906-08-04T12:09:29.516,-0.84019,-54.58130758471675,False,2
lunar-09434,lunar,1906-08-04,jerusalem_nasa_city_point,modeled UT1; not exact UTC,MID,1906-08-04T13:00:04.604,0.00289,-44.493148497720554,False,2
lunar-09434,lunar,1906-08-04,jerusalem_nasa_city_point,modeled UT1; not exact UTC,U3,1906-08-04T13:50:38.648,0.84568,-34.23430589654523,False,2
lunar-09434,lunar,1906-08-04,jerusalem_nasa_city_point,modeled UT1; not exact UTC,U4,1906-08-04T14:49:24.956,1.82521,-22.292685510272264,False,2
lunar-09434,lunar,1906-08-04,jerusalem_nasa_city_point,modeled UT1; not exact UTC,P4,1906-08-04T15:47:05.960,2.7866,-10.706498407646409,False,2
solar-09297,solar,1907-01-14,jerusalem_nasa_city_point,modeled UT1; not exact UTC,C1,1907-01-14T03:54:34.330,-2.088686127437672,-9.784552651877036,False,1
solar-09297,solar,1907-01-14,jerusalem_nasa_city_point,modeled UT1; not exact UTC,MID,1907-01-14T04:48:02.517,-1.1975230667033405,0.7018224220533076,True,0
solar-09297,solar,1907-01-14,jerusalem_nasa_city_point,modeled UT1; not exact UTC,C4,1907-01-14T05:46:54.737,-0.2163507187058995,11.515375150196652,True,0
lunar-09435,lunar,1907-01-29,jerusalem_nasa_city_point,modeled UT1; not exact UTC,P1,1907-01-29T10:47:18.832,-3.20963,-38.010560419193695,False,2
lunar-09435,lunar,1907-01-29,jerusalem_nasa_city_point,modeled UT1; not exact UTC,U1,1907-01-29T12:06:11.032,-1.89513,-30.5429898727522,False,2
lunar-09435,lunar,1907-01-29,jerusalem_nasa_city_point,modeled UT1; not exact UTC,MID,1907-01-29T13:37:53.020,-0.3668,-17.019173119711294,False,2
lunar-09435,lunar,1907-01-29,jerusalem_nasa_city_point,modeled UT1; not exact UTC,U4,1907-01-29T15:09:39.652,1.16282,-0.5199358880017785,False,2
lunar-09435,lunar,1907-01-29,jerusalem_nasa_city_point,modeled UT1; not exact UTC,P4,1907-01-29T16:28:24.004,2.47514,14.924896748711967,True,0
lunar-09436,lunar,1907-07-25,jerusalem_nasa_city_point,modeled UT1; not exact UTC,P1,1907-07-25T02:00:04.384,-1.99681,7.485734367316443,True,0
lunar-09436,lunar,1907-07-25,jerusalem_nasa_city_point,modeled UT1; not exact UTC,U1,1907-07-25T03:03:56.152,-0.93243,-4.084826212758455,False,2
lunar-09436,lunar,1907-07-25,jerusalem_nasa_city_point,modeled UT1; not exact UTC,MID,1907-07-25T04:22:20.272,0.37427,-19.155799338446332,False,2
lunar-09436,lunar,1907-07-25,jerusalem_nasa_city_point,modeled UT1; not exact UTC,U4,1907-07-25T05:40:41.944,1.68029,-34.728214578387835,False,2
lunar-09436,lunar,1907-07-25,jerusalem_nasa_city_point,modeled UT1; not exact UTC,P4,1907-07-25T06:44:35.764,2.74524,-47.54216982548303,False,2
solar-09299,solar,1908-01-03,jerusalem_nasa_city_point,modeled UT1; not exact UTC,C1,1908-01-03T21:04:02.902,-0.9303882781719695,-77.56675489826326,False,1
solar-09299,solar,1908-01-03,jerusalem_nasa_city_point,modeled UT1; not exact UTC,MID,1908-01-03T21:44:37.247,-0.2541813563006961,-81.12524232384874,False,1
solar-09299,solar,1908-01-03,jerusalem_nasa_city_point,modeled UT1; not exact UTC,C4,1908-01-03T22:25:11.651,0.4220419855932194,-77.17099381222415,False,1
lunar-09437,lunar,1908-01-18,jerusalem_nasa_city_point,modeled UT1; not exact UTC,P1,1908-01-18T11:31:43.108,-1.46922,-31.366436037850832,False,2
lunar-09437,lunar,1908-01-18,jerusalem_nasa_city_point,modeled UT1; not exact UTC,MID,1908-01-18T13:21:28.732,0.36012,-17.066856474418692,False,2
lunar-09437,lunar,1908-01-18,jerusalem_nasa_city_point,modeled UT1; not exact UTC,P4,1908-01-18T15:11:12.880,2.18905,2.0453205948489024,True,0
lunar-09438,lunar,1908-06-14,jerusalem_nasa_city_point,modeled UT1; not exact UTC,P1,1908-06-14T12:11:27.796,-1.80664,-54.593785304168,False,2
lunar-09438,lunar,1908-06-14,jerusalem_nasa_city_point,modeled UT1; not exact UTC,MID,1908-06-14T14:06:23.524,0.10884,-31.5565734569442,False,2
lunar-09438,lunar,1908-06-14,jerusalem_nasa_city_point,modeled UT1; not exact UTC,P4,1908-06-14T16:01:24.544,2.02579,-9.127583310882647,False,2
solar-09300,solar,1908-06-28,jerusalem_nasa_city_point,modeled UT1; not exact UTC,C1,1908-06-28T17:23:07.728,0.3877856230002708,-7.195205849500277,False,1
solar-09300,solar,1908-06-28,jerusalem_nasa_city_point,modeled UT1; not exact UTC,MID,1908-06-28T17:50:09.694,0.8383315789757732,-11.890657902861399,False,1
solar-09300,solar,1908-06-28,jerusalem_nasa_city_point,modeled UT1; not exact UTC,C4,1908-06-28T18:16:26.573,1.2763534966959598,-16.205685384997853,False,1
lunar-09439,lunar,1908-07-13,jerusalem_nasa_city_point,modeled UT1; not exact UTC,P1,1908-07-13T20:30:41.604,-1.48611,31.49256530356726,True,0
lunar-09439,lunar,1908-07-13,jerusalem_nasa_city_point,modeled UT1; not exact UTC,MID,1908-07-13T21:33:46.572,-0.43473,34.094593104568446,True,0
lunar-09439,lunar,1908-07-13,jerusalem_nasa_city_point,modeled UT1; not exact UTC,P4,1908-07-13T22:36:59.460,0.61885,32.93960732359908,True,0
lunar-09440,lunar,1908-12-07,jerusalem_nasa_city_point,modeled UT1; not exact UTC,P1,1908-12-07T19:40:05.008,-2.32947,63.71523602105381,True,0
lunar-09440,lunar,1908-12-07,jerusalem_nasa_city_point,modeled UT1; not exact UTC,MID,1908-12-07T21:55:00.364,-0.08076,78.4901707690217,True,0
lunar-09440,lunar,1908-12-07,jerusalem_nasa_city_point,modeled UT1; not exact UTC,P4,1908-12-08T00:09:49.996,2.16636,54.06384949725694,True,0
lunar-09441,lunar,1909-06-04,jerusalem_nasa_city_point,modeled UT1; not exact UTC,P1,1909-06-03T22:37:49.560,-2.3669,33.47523825604036,True,0
lunar-09441,lunar,1909-06-04,jerusalem_nasa_city_point,modeled UT1; not exact UTC,U1,1909-06-03T23:43:36.060,-1.27065,27.229424313771826,True,0
lunar-09441,lunar,1909-06-04,jerusalem_nasa_city_point,modeled UT1; not exact UTC,U2,1909-06-04T00:58:29.472,-0.02248,16.816441108844472,True,0
lunar-09441,lunar,1909-06-04,jerusalem_nasa_city_point,modeled UT1; not exact UTC,MID,1909-06-04T01:28:41.280,0.4808,11.927259646805098,True,0
lunar-09441,lunar,1909-06-04,jerusalem_nasa_city_point,modeled UT1; not exact UTC,U3,1909-06-04T01:58:55.788,0.98483,6.742107711636965,True,0
lunar-09441,lunar,1909-06-04,jerusalem_nasa_city_point,modeled UT1; not exact UTC,U4,1909-06-04T03:13:49.884,2.23319,-7.007180082701754,False,2
lunar-09441,lunar,1909-06-04,jerusalem_nasa_city_point,modeled UT1; not exact UTC,P4,1909-06-04T04:19:27.168,3.32688,-19.756442693556814,False,2
solar-09302,solar,1909-06-17,jerusalem_nasa_city_point,modeled UT1; not exact UTC,C1,1909-06-17T22:15:41.728,-0.7357422191937805,-34.175051630183226,False,1
solar-09302,solar,1909-06-17,jerusalem_nasa_city_point,modeled UT1; not exact UTC,MID,1909-06-17T22:58:26.486,-0.023309444962984486,-31.71591156166324,False,1
solar-09302,solar,1909-06-17,jerusalem_nasa_city_point,modeled UT1; not exact UTC,C4,1909-06-17T23:41:50.569,0.7000468818882465,-27.58603108960558,False,1
lunar-09442,lunar,1909-11-27,jerusalem_nasa_city_point,modeled UT1; not exact UTC,P1,1909-11-27T06:13:06.912,-2.77858,-22.164745706887796,False,2
lunar-09442,lunar,1909-11-27,jerusalem_nasa_city_point,modeled UT1; not exact UTC,U1,1909-11-27T07:11:14.844,-1.80971,-29.840528109031993,False,2
lunar-09442,lunar,1909-11-27,jerusalem_nasa_city_point,modeled UT1; not exact UTC,U2,1909-11-27T08:13:55.080,-0.7652,-35.66132172358246,False,2
lunar-09442,lunar,1909-11-27,jerusalem_nasa_city_point,modeled UT1; not exact UTC,MID,1909-11-27T08:54:30.480,-0.0887,-37.676173912495194,False,2
lunar-09442,lunar,1909-11-27,jerusalem_nasa_city_point,modeled UT1; not exact UTC,U3,1909-11-27T09:35:04.440,0.5874,-38.10654655207992,False,2
lunar-09442,lunar,1909-11-27,jerusalem_nasa_city_point,modeled UT1; not exact UTC,U4,1909-11-27T10:37:43.812,1.63167,-35.619183850034766,False,2
lunar-09442,lunar,1909-11-27,jerusalem_nasa_city_point,modeled UT1; not exact UTC,P4,1909-11-27T11:35:57.324,2.60209,-30.28189789066526,False,2
lunar-09443,lunar,1910-05-24,jerusalem_nasa_city_point,modeled UT1; not exact UTC,P1,1910-05-24T02:33:53.792,-3.43203,-0.5115682746364726,False,2
lunar-09443,lunar,1910-05-24,jerusalem_nasa_city_point,modeled UT1; not exact UTC,U1,1910-05-24T03:46:25.004,-2.22336,-14.576772070748834,False,2
lunar-09443,lunar,1910-05-24,jerusalem_nasa_city_point,modeled UT1; not exact UTC,U2,1910-05-24T05:09:20.528,-0.84127,-31.28122812728641,False,2
lunar-09443,lunar,1910-05-24,jerusalem_nasa_city_point,modeled UT1; not exact UTC,MID,1910-05-24T05:34:04.628,-0.42902,-36.33000814039849,False,2
lunar-09443,lunar,1910-05-24,jerusalem_nasa_city_point,modeled UT1; not exact UTC,U3,1910-05-24T05:58:50.096,-0.01639,-41.39513468724727,False,2
lunar-09443,lunar,1910-05-24,jerusalem_nasa_city_point,modeled UT1; not exact UTC,U4,1910-05-24T07:21:46.376,1.36591,-58.27093168120211,False,2
lunar-09443,lunar,1910-05-24,jerusalem_nasa_city_point,modeled UT1; not exact UTC,P4,1910-05-24T08:34:13.772,2.57352,-72.16331727528984,False,2
lunar-09444,lunar,1910-11-17,jerusalem_nasa_city_point,modeled UT1; not exact UTC,P1,1910-11-16T21:46:48.928,-2.21652,74.94501700541005,True,0
lunar-09444,lunar,1910-11-17,jerusalem_nasa_city_point,modeled UT1; not exact UTC,U1,1910-11-16T22:44:10.672,-1.26048,66.53142129317413,True,0
lunar-09444,lunar,1910-11-17,jerusalem_nasa_city_point,modeled UT1; not exact UTC,U2,1910-11-16T23:55:24.304,-0.07336,52.76919174910777,True,0
lunar-09444,lunar,1910-11-17,jerusalem_nasa_city_point,modeled UT1; not exact UTC,MID,1910-11-17T00:20:40.876,0.34791,47.64257742982174,True,0
lunar-09444,lunar,1910-11-17,jerusalem_nasa_city_point,modeled UT1; not exact UTC,U3,1910-11-17T00:45:57.556,0.76921,42.47628004382186,True,0
lunar-09444,lunar,1910-11-17,jerusalem_nasa_city_point,modeled UT1; not exact UTC,U4,1910-11-17T01:57:11.656,1.95646,27.918388017510846,True,0
lunar-09444,lunar,1910-11-17,jerusalem_nasa_city_point,modeled UT1; not exact UTC,P4,1910-11-17T02:54:33.868,2.91263,16.388362625900772,True,0
lunar-09445,lunar,1911-05-13,jerusalem_nasa_city_point,modeled UT1; not exact UTC,P1,1911-05-13T03:47:41.284,-2.20181,-14.264469822685744,False,2
lunar-09445,lunar,1911-05-13,jerusalem_nasa_city_point,modeled UT1; not exact UTC,MID,1911-05-13T05:56:11.368,-0.06012,-40.4886919203076,False,2
lunar-09445,lunar,1911-05-13,jerusalem_nasa_city_point,modeled UT1; not exact UTC,P4,1911-05-13T08:04:39.256,2.08096,-66.14399538972205,False,2
solar-09307,solar,1911-10-22,jerusalem_nasa_city_point,modeled UT1; not exact UTC,C1,1911-10-22T01:36:37.645,-2.3859875637081,-28.27367756139999,False,1
solar-09307,solar,1911-10-22,jerusalem_nasa_city_point,modeled UT1; not exact UTC,MID,1911-10-22T02:25:20.847,-1.573987066318383,-17.932201624621392,False,1
solar-09307,solar,1911-10-22,jerusalem_nasa_city_point,modeled UT1; not exact UTC,C4,1911-10-22T03:17:25.746,-0.7059594595067374,-6.913421910291646,False,1
lunar-09446,lunar,1911-11-06,jerusalem_nasa_city_point,modeled UT1; not exact UTC,P1,1911-11-06T13:41:17.292,-2.30828,-11.467305858979497,False,2
lunar-09446,lunar,1911-11-06,jerusalem_nasa_city_point,modeled UT1; not exact UTC,MID,1911-11-06T15:36:32.064,-0.38751,11.001646280028156,True,0
lunar-09446,lunar,1911-11-06,jerusalem_nasa_city_point,modeled UT1; not exact UTC,P4,1911-11-06T17:31:54.612,1.53542,34.8327650543146,True,0
lunar-09447,lunar,1912-04-01,jerusalem_nasa_city_point,modeled UT1; not exact UTC,P1,1912-04-01T19:56:05.856,-2.06129,46.43321402889293,True,0
lunar-09447,lunar,1912-04-01,jerusalem_nasa_city_point,modeled UT1; not exact UTC,U1,1912-04-01T21:26:19.932,-0.55738,53.76060560830179,True,0
lunar-09447,lunar,1912-04-01,jerusalem_nasa_city_point,modeled UT1; not exact UTC,MID,1912-04-01T22:14:02.148,0.23768,53.08097274996287,True,0
lunar-09447,lunar,1912-04-01,jerusalem_nasa_city_point,modeled UT1; not exact UTC,U4,1912-04-01T23:01:33.024,1.02959,49.257740910563676,True,0
lunar-09447,lunar,1912-04-01,jerusalem_nasa_city_point,modeled UT1; not exact UTC,P4,1912-04-02T00:31:53.076,2.53516,36.14402657478475,True,0
solar-09308,solar,1912-04-17,jerusalem_nasa_city_point,modeled UT1; not exact UTC,C1,1912-04-17T12:01:56.119,0.03600521941214463,50.666972394453566,True,0
solar-09308,solar,1912-04-17,jerusalem_nasa_city_point,modeled UT1; not exact UTC,MID,1912-04-17T12:52:15.028,0.8745910812826017,40.59474322820242,True,0
solar-09308,solar,1912-04-17,jerusalem_nasa_city_point,modeled UT1; not exact UTC,C4,1912-04-17T13:39:28.305,1.6616126137994298,30.737797075253496,True,0
lunar-09448,lunar,1912-09-26,jerusalem_nasa_city_point,modeled UT1; not exact UTC,P1,1912-09-26T09:17:38.232,-2.70213,-58.782942141603634,False,2
lunar-09448,lunar,1912-09-26,jerusalem_nasa_city_point,modeled UT1; not exact UTC,U1,1912-09-26T11:03:48.828,-0.93252,-51.7349024492045,False,2
lunar-09448,lunar,1912-09-26,jerusalem_nasa_city_point,modeled UT1; not exact UTC,MID,1912-09-26T11:44:35.676,-0.25284,-45.719901811371294,False,2
lunar-09448,lunar,1912-09-26,jerusalem_nasa_city_point,modeled UT1; not exact UTC,U4,1912-09-26T12:25:32.064,0.42949,-38.70623573378558,False,2
lunar-09448,lunar,1912-09-26,jerusalem_nasa_city_point,modeled UT1; not exact UTC,P4,1912-09-26T14:11:33.336,2.19651,-18.162780787198955,False,2
lunar-09449,lunar,1913-03-22,jerusalem_nasa_city_point,modeled UT1; not exact UTC,P1,1913-03-22T09:17:44.480,-2.7002,-57.8622634023761,False,2
lunar-09449,lunar,1913-03-22,jerusalem_nasa_city_point,modeled UT1; not exact UTC,U1,1913-03-22T10:12:51.404,-1.78161,-57.83738060195136,False,2
lunar-09449,lunar,1913-03-22,jerusalem_nasa_city_point,modeled UT1; not exact UTC,U2,1913-03-22T11:11:10.604,-0.80961,-52.97951164947199,False,2
lunar-09449,lunar,1913-03-22,jerusalem_nasa_city_point,modeled UT1; not exact UTC,MID,1913-03-22T11:57:34.124,-0.03641,-46.61477339160152,False,2
lunar-09449,lunar,1913-03-22,jerusalem_nasa_city_point,modeled UT1; not exact UTC,U3,1913-03-22T12:43:56.996,0.73661,-38.92258484150377,False,2
lunar-09449,lunar,1913-03-22,jerusalem_nasa_city_point,modeled UT1; not exact UTC,U4,1913-03-22T13:42:15.584,1.70844,-28.163553308922186,False,2
lunar-09449,lunar,1913-03-22,jerusalem_nasa_city_point,modeled UT1; not exact UTC,P4,1913-03-22T14:37:25.568,2.62788,-17.36837224067341,False,2
lunar-09450,lunar,1913-09-15,jerusalem_nasa_city_point,modeled UT1; not exact UTC,P1,1913-09-15T09:41:32.648,-3.30332,-62.56874202965002,False,2
lunar-09450,lunar,1913-09-15,jerusalem_nasa_city_point,modeled UT1; not exact UTC,U1,1913-09-15T10:52:47.144,-2.11596,-56.65013289188897,False,2
lunar-09450,lunar,1913-09-15,jerusalem_nasa_city_point,modeled UT1; not exact UTC,U2,1913-09-15T12:01:19.316,-0.97369,-45.89823669432971,False,2
lunar-09450,lunar,1913-09-15,jerusalem_nasa_city_point,modeled UT1; not exact UTC,MID,1913-09-15T12:48:03.680,-0.1947,-37.2238528786299,False,2
lunar-09450,lunar,1913-09-15,jerusalem_nasa_city_point,modeled UT1; not exact UTC,U3,1913-09-15T13:34:47.936,0.58426,-27.997738187410057,False,2
lunar-09450,lunar,1913-09-15,jerusalem_nasa_city_point,modeled UT1; not exact UTC,U4,1913-09-15T14:43:19.856,1.72646,-13.947952152051153,False,2
lunar-09450,lunar,1913-09-15,jerusalem_nasa_city_point,modeled UT1; not exact UTC,P4,1913-09-15T15:54:34.100,2.91375,0.9068903469117082,True,0
lunar-09451,lunar,1914-03-12,jerusalem_nasa_city_point,modeled UT1; not exact UTC,P1,1914-03-12T01:42:08.128,-2.29327,26.687847463124005,True,0
lunar-09451,lunar,1914-03-12,jerusalem_nasa_city_point,modeled UT1; not exact UTC,U1,1914-03-12T02:42:08.380,-1.2932,14.300336494100323,True,0
lunar-09451,lunar,1914-03-12,jerusalem_nasa_city_point,modeled UT1; not exact UTC,MID,1914-03-12T04:12:51.616,0.21881,-4.562392934682368,False,2
lunar-09451,lunar,1914-03-12,jerusalem_nasa_city_point,modeled UT1; not exact UTC,U4,1914-03-12T05:43:37.372,1.73152,-22.9400788728708,False,2
lunar-09451,lunar,1914-03-12,jerusalem_nasa_city_point,modeled UT1; not exact UTC,P4,1914-03-12T06:43:35.824,2.73109,-34.35889229809305,False,2
solar-09314,solar,1914-08-21,jerusalem_nasa_city_point,modeled UT1; not exact UTC,C1,1914-08-21T12:14:39.388,-0.7511144599859481,49.993798551258266,True,0
solar-09314,solar,1914-08-21,jerusalem_nasa_city_point,modeled UT1; not exact UTC,MID,1914-08-21T13:24:32.266,0.4135737670212862,35.57711209159559,True,0
solar-09314,solar,1914-08-21,jerusalem_nasa_city_point,modeled UT1; not exact UTC,C4,1914-08-21T14:28:00.289,1.4713581691396445,22.111466771149427,True,0
lunar-09452,lunar,1914-09-04,jerusalem_nasa_city_point,modeled UT1; not exact UTC,P1,1914-09-04T11:03:07.888,-2.94317,-58.43281070795261,False,2
lunar-09452,lunar,1914-09-04,jerusalem_nasa_city_point,modeled UT1; not exact UTC,U1,1914-09-04T12:16:38.248,-1.71807,-45.744223916636564,False,2
lunar-09452,lunar,1914-09-04,jerusalem_nasa_city_point,modeled UT1; not exact UTC,MID,1914-09-04T13:54:39.964,-0.08426,-26.246870027911537,False,2
lunar-09452,lunar,1914-09-04,jerusalem_nasa_city_point,modeled UT1; not exact UTC,U4,1914-09-04T15:32:37.864,1.54849,-5.936092835425151,False,2
lunar-09452,lunar,1914-09-04,jerusalem_nasa_city_point,modeled UT1; not exact UTC,P4,1914-09-04T16:46:17.008,2.77603,9.23739827571311,True,0
lunar-09453,lunar,1915-01-31,jerusalem_nasa_city_point,modeled UT1; not exact UTC,P1,1915-01-31T04:26:35.384,-0.55206,2.374623951293177,True,0
lunar-09453,lunar,1915-01-31,jerusalem_nasa_city_point,modeled UT1; not exact UTC,MID,1915-01-31T04:57:25.244,-0.03821,-3.535057047082909,False,2
lunar-09453,lunar,1915-01-31,jerusalem_nasa_city_point,modeled UT1; not exact UTC,P4,1915-01-31T05:28:35.264,0.48124,-9.31944304378801,False,2
lunar-09454,lunar,1915-03-01,jerusalem_nasa_city_point,modeled UT1; not exact UTC,P1,1915-03-01T16:39:28.420,-1.3373,14.112516372856005,True,0
lunar-09454,lunar,1915-03-01,jerusalem_nasa_city_point,modeled UT1; not exact UTC,MID,1915-03-01T18:19:15.076,0.32566,34.297400944814534,True,0
lunar-09454,lunar,1915-03-01,jerusalem_nasa_city_point,modeled UT1; not exact UTC,P4,1915-03-01T19:59:13.864,1.99199,52.65067819965254,True,0
lunar-09455,lunar,1915-07-26,jerusalem_nasa_city_point,modeled UT1; not exact UTC,P1,1915-07-26T11:04:53.124,-0.91366,-69.46943184888569,False,2
lunar-09455,lunar,1915-07-26,jerusalem_nasa_city_point,modeled UT1; not exact UTC,MID,1915-07-26T12:24:21.288,0.41083,-53.98184728770791,False,2
lunar-09455,lunar,1915-07-26,jerusalem_nasa_city_point,modeled UT1; not exact UTC,P4,1915-07-26T13:43:37.140,1.7319,-37.90110852602994,False,2
lunar-09456,lunar,1915-08-24,jerusalem_nasa_city_point,modeled UT1; not exact UTC,P1,1915-08-24T19:44:42.632,-1.24988,39.209862257968325,True,0
lunar-09456,lunar,1915-08-24,jerusalem_nasa_city_point,modeled UT1; not exact UTC,MID,1915-08-24T21:26:59.588,0.45483,47.29990917457159,True,0
lunar-09456,lunar,1915-08-24,jerusalem_nasa_city_point,modeled UT1; not exact UTC,P4,1915-08-24T23:09:07.472,2.15702,42.904970443196554,True,0
lunar-09457,lunar,1916-01-20,jerusalem_nasa_city_point,modeled UT1; not exact UTC,P1,1916-01-20T06:06:31.848,-2.88607,-16.03126889688074,False,2
lunar-09457,lunar,1916-01-20,jerusalem_nasa_city_point,modeled UT1; not exact UTC,U1,1916-01-20T07:55:35.532,-1.06838,-31.130216446738324,False,2
lunar-09457,lunar,1916-01-20,jerusalem_nasa_city_point,modeled UT1; not exact UTC,MID,1916-01-20T08:39:22.380,-0.3387,-35.1074307891482,False,2
lunar-09457,lunar,1916-01-20,jerusalem_nasa_city_point,modeled UT1; not exact UTC,U4,1916-01-20T09:23:15.744,0.39279,-37.445459039735724,False,2
lunar-09457,lunar,1916-01-20,jerusalem_nasa_city_point,modeled UT1; not exact UTC,P4,1916-01-20T11:12:12.480,2.20855,-35.10317753128717,False,2
solar-09317,solar,1916-02-03,jerusalem_nasa_city_point,modeled UT1; not exact UTC,C1,1916-02-03T16:58:48.258,0.9851548756296762,-22.492474229605396,False,1
solar-09317,solar,1916-02-03,jerusalem_nasa_city_point,modeled UT1; not exact UTC,MID,1916-02-03T17:30:05.796,1.50669325508561,-29.119715080931623,False,1
solar-09317,solar,1916-02-03,jerusalem_nasa_city_point,modeled UT1; not exact UTC,C4,1916-02-03T18:00:26.560,2.0124611100258916,-35.56556957530611,False,1
lunar-09458,lunar,1916-07-15,jerusalem_nasa_city_point,modeled UT1; not exact UTC,P1,1916-07-15T02:19:36.292,-2.66803,2.744692788003534,True,0
lunar-09458,lunar,1916-07-15,jerusalem_nasa_city_point,modeled UT1; not exact UTC,U1,1916-07-15T03:19:32.980,-1.66895,-8.156495488801092,False,2
lunar-09458,lunar,1916-07-15,jerusalem_nasa_city_point,modeled UT1; not exact UTC,MID,1916-07-15T04:45:48.628,-0.23127,-24.745868661990613,False,2
lunar-09458,lunar,1916-07-15,jerusalem_nasa_city_point,modeled UT1; not exact UTC,U4,1916-07-15T06:12:03.340,1.20615,-41.884162753968816,False,2
lunar-09458,lunar,1916-07-15,jerusalem_nasa_city_point,modeled UT1; not exact UTC,P4,1916-07-15T07:11:59.956,2.20521,-53.85817383335032,False,2
lunar-09459,lunar,1917-01-08,jerusalem_nasa_city_point,modeled UT1; not exact UTC,P1,1917-01-08T04:37:58.616,-3.36169,-0.43909350345486364,False,2
lunar-09459,lunar,1917-01-08,jerusalem_nasa_city_point,modeled UT1; not exact UTC,U1,1917-01-08T05:50:48.296,-2.14789,-13.222422334894787,False,2
lunar-09459,lunar,1917-01-08,jerusalem_nasa_city_point,modeled UT1; not exact UTC,U2,1917-01-08T07:00:41.900,-0.983,-23.812679768392805,False,2
lunar-09459,lunar,1917-01-08,jerusalem_nasa_city_point,modeled UT1; not exact UTC,MID,1917-01-08T07:44:29.144,-0.25321,-29.217858654851852,False,2
lunar-09459,lunar,1917-01-08,jerusalem_nasa_city_point,modeled UT1; not exact UTC,U3,1917-01-08T08:28:15.704,0.47639,-33.34459647041988,False,2
lunar-09459,lunar,1917-01-08,jerusalem_nasa_city_point,modeled UT1; not exact UTC,U4,1917-01-08T09:38:08.804,1.64114,-36.586778974523,False,2
lunar-09459,lunar,1917-01-08,jerusalem_nasa_city_point,modeled UT1; not exact UTC,P4,1917-01-08T10:51:01.616,2.85581,-34.98640936737291,False,2
solar-09320,solar,1917-01-23,jerusalem_nasa_city_point,modeled UT1; not exact UTC,C1,1917-01-23T05:52:37.385,-1.1175874098826148,13.252066945024072,True,0
solar-09320,solar,1917-01-23,jerusalem_nasa_city_point,modeled UT1; not exact UTC,MID,1917-01-23T06:52:54.969,-0.11270301460144705,23.267775546221245,True,0
solar-09320,solar,1917-01-23,jerusalem_nasa_city_point,modeled UT1; not exact UTC,C4,1917-01-23T07:58:00.848,0.972263398185308,31.98136592124408,True,0
lunar-09460,lunar,1917-07-04,jerusalem_nasa_city_point,modeled UT1; not exact UTC,P1,1917-07-04T18:57:14.824,-3.04041,22.34138140851668,True,0
lunar-09460,lunar,1917-07-04,jerusalem_nasa_city_point,modeled UT1; not exact UTC,U1,1917-07-04T19:52:22.288,-2.12167,28.79220103399594,True,0
lunar-09460,lunar,1917-07-04,jerusalem_nasa_city_point,modeled UT1; not exact UTC,U2,1917-07-04T20:50:44.944,-1.14871,33.25375657538312,True,0
lunar-09460,lunar,1917-07-04,jerusalem_nasa_city_point,modeled UT1; not exact UTC,MID,1917-07-04T21:38:44.008,-0.34897,34.66328779757196,True,0
lunar-09460,lunar,1917-07-04,jerusalem_nasa_city_point,modeled UT1; not exact UTC,U3,1917-07-04T22:26:44.044,0.45104,33.85118532465568,True,0
lunar-09460,lunar,1917-07-04,jerusalem_nasa_city_point,modeled UT1; not exact UTC,U4,1917-07-04T23:25:07.348,1.42418,30.019556091366475,True,0
lunar-09460,lunar,1917-07-04,jerusalem_nasa_city_point,modeled UT1; not exact UTC,P4,1917-07-05T00:20:09.628,2.34148,24.030583505669277,True,0
lunar-09461,lunar,1917-12-28,jerusalem_nasa_city_point,modeled UT1; not exact UTC,P1,1917-12-28T06:54:44.556,-3.08204,-24.06325135547995,False,2
lunar-09461,lunar,1917-12-28,jerusalem_nasa_city_point,modeled UT1; not exact UTC,U1,1917-12-28T08:04:59.580,-1.9112,-31.799738772142835,False,2
lunar-09461,lunar,1917-12-28,jerusalem_nasa_city_point,modeled UT1; not exact UTC,U2,1917-12-28T09:40:10.908,-0.32472,-36.09981200061677,False,2
lunar-09461,lunar,1917-12-28,jerusalem_nasa_city_point,modeled UT1; not exact UTC,MID,1917-12-28T09:46:11.448,-0.22457,-36.089010728862355,False,2
lunar-09461,lunar,1917-12-28,jerusalem_nasa_city_point,modeled UT1; not exact UTC,U3,1917-12-28T09:52:08.604,-0.12536,-36.04402275250711,False,2
lunar-09461,lunar,1917-12-28,jerusalem_nasa_city_point,modeled UT1; not exact UTC,U4,1917-12-28T11:27:19.212,1.46092,-30.929551034574974,False,2
lunar-09461,lunar,1917-12-28,jerusalem_nasa_city_point,modeled UT1; not exact UTC,P4,1917-12-28T12:37:43.488,2.63433,-22.734819366781014,False,2
solar-09324,solar,1918-06-08,jerusalem_nasa_city_point,modeled UT1; not exact UTC,C1,1918-06-08T21:26:22.206,-0.5548038718626189,-35.32826735145823,False,1
solar-09324,solar,1918-06-08,jerusalem_nasa_city_point,modeled UT1; not exact UTC,MID,1918-06-08T21:59:03.318,-0.01005057015781595,-35.15949057096559,False,1
solar-09324,solar,1918-06-08,jerusalem_nasa_city_point,modeled UT1; not exact UTC,C4,1918-06-08T22:31:51.851,0.5367641583120771,-33.88375091328574,False,1
lunar-09462,lunar,1918-06-24,jerusalem_nasa_city_point,modeled UT1; not exact UTC,P1,1918-06-24T08:09:36.848,-1.83407,-69.24020353631316,False,2
lunar-09462,lunar,1918-06-24,jerusalem_nasa_city_point,modeled UT1; not exact UTC,U1,1918-06-24T09:46:36.248,-0.21757,-80.82089207767838,False,2
lunar-09462,lunar,1918-06-24,jerusalem_nasa_city_point,modeled UT1; not exact UTC,MID,1918-06-24T10:27:42.716,0.46756,-76.29760664288101,False,2
lunar-09462,lunar,1918-06-24,jerusalem_nasa_city_point,modeled UT1; not exact UTC,U4,1918-06-24T11:09:01.460,1.1561,-68.98004643284092,False,2
lunar-09462,lunar,1918-06-24,jerusalem_nasa_city_point,modeled UT1; not exact UTC,P4,1918-06-24T12:45:52.760,2.77035,-49.760016070072886,False,2
lunar-09463,lunar,1918-12-17,jerusalem_nasa_city_point,modeled UT1; not exact UTC,P1,1918-12-17T17:08:09.752,-1.85818,30.907497890651957,True,0
lunar-09463,lunar,1918-12-17,jerusalem_nasa_city_point,modeled UT1; not exact UTC,MID,1918-12-17T19:05:39.704,0.10014,55.06175641913594,True,0
lunar-09463,lunar,1918-12-17,jerusalem_nasa_city_point,modeled UT1; not exact UTC,P4,1918-12-17T21:03:03.968,2.05688,77.23231125395128,True,0
lunar-09464,lunar,1919-05-15,jerusalem_nasa_city_point,modeled UT1; not exact UTC,P1,1919-05-14T22:57:07.692,-2.04203,34.074173577193974,True,0
lunar-09464,lunar,1919-05-15,jerusalem_nasa_city_point,modeled UT1; not exact UTC,MID,1919-05-15T01:13:38.952,0.23332,15.77703299379301,True,0
lunar-09464,lunar,1919-05-15,jerusalem_nasa_city_point,modeled UT1; not exact UTC,P4,1919-05-15T03:30:12.084,2.50919,-9.342327805107553,False,2
lunar-09465,lunar,1919-11-07,jerusalem_nasa_city_point,modeled UT1; not exact UTC,P1,1919-11-07T21:35:46.748,-2.39782,74.1925525455873,True,0
lunar-09465,lunar,1919-11-07,jerusalem_nasa_city_point,modeled UT1; not exact UTC,U1,1919-11-07T22:59:14.456,-1.00679,62.7125157341752,True,0
lunar-09465,lunar,1919-11-07,jerusalem_nasa_city_point,modeled UT1; not exact UTC,MID,1919-11-07T23:44:07.292,-0.25878,54.12786716249602,True,0
lunar-09465,lunar,1919-11-07,jerusalem_nasa_city_point,modeled UT1; not exact UTC,U4,1919-11-08T00:29:03.404,0.49014,45.090278522012596,True,0
lunar-09465,lunar,1919-11-07,jerusalem_nasa_city_point,modeled UT1; not exact UTC,P4,1919-11-08T01:52:30.032,1.88087,28.013424016837458,True,0
solar-09327,solar,1919-11-22,jerusalem_nasa_city_point,modeled UT1; not exact UTC,C1,1919-11-22T15:40:32.824,0.6816456098234993,-13.527793455147204,False,1
solar-09327,solar,1919-11-22,jerusalem_nasa_city_point,modeled UT1; not exact UTC,C2,1919-11-22T16:43:29.525,1.730729196607228,-26.623192265956032,False,1
solar-09327,solar,1919-11-22,jerusalem_nasa_city_point,modeled UT1; not exact UTC,MID,1919-11-22T16:43:45.636,1.735204324779099,-26.679716465769136,False,1
solar-09327,solar,1919-11-22,jerusalem_nasa_city_point,modeled UT1; not exact UTC,C3,1919-11-22T16:44:02.337,1.739843583108906,-26.73831833379516,False,1
solar-09327,solar,1919-11-22,jerusalem_nasa_city_point,modeled UT1; not exact UTC,C4,1919-11-22T17:41:21.905,2.6952790891910388,-38.87949216019036,False,1
lunar-09466,lunar,1920-05-03,jerusalem_nasa_city_point,modeled UT1; not exact UTC,P1,1920-05-02T22:50:47.176,-3.14759,38.20526513344765,True,0
lunar-09466,lunar,1920-05-03,jerusalem_nasa_city_point,modeled UT1; not exact UTC,U1,1920-05-03T00:00:56.440,-1.97835,29.905348496091836,True,0
lunar-09466,lunar,1920-05-03,jerusalem_nasa_city_point,modeled UT1; not exact UTC,U2,1920-05-03T01:15:00.532,-0.74388,18.091277617163303,True,0
lunar-09466,lunar,1920-05-03,jerusalem_nasa_city_point,modeled UT1; not exact UTC,MID,1920-05-03T01:50:46.996,-0.14764,11.683950607016486,True,0
lunar-09466,lunar,1920-05-03,jerusalem_nasa_city_point,modeled UT1; not exact UTC,U3,1920-05-03T02:26:31.840,0.44815,4.977335662445709,True,0
lunar-09466,lunar,1920-05-03,jerusalem_nasa_city_point,modeled UT1; not exact UTC,U4,1920-05-03T03:40:35.500,1.6825,-9.563480656204083,False,2
lunar-09466,lunar,1920-05-03,jerusalem_nasa_city_point,modeled UT1; not exact UTC,P4,1920-05-03T04:50:51.100,2.8535,-23.81487052500249,False,2
lunar-09467,lunar,1920-10-27,jerusalem_nasa_city_point,modeled UT1; not exact UTC,P1,1920-10-27T11:25:47.980,-2.56395,-36.700334415757894,False,2
lunar-09467,lunar,1920-10-27,jerusalem_nasa_city_point,modeled UT1; not exact UTC,U1,1920-10-27T12:25:43.120,-1.5653,-27.76149076586721,False,2
lunar-09467,lunar,1920-10-27,jerusalem_nasa_city_point,modeled UT1; not exact UTC,U2,1920-10-27T13:28:47.296,-0.51414,-16.75988988576014,False,2
lunar-09467,lunar,1920-10-27,jerusalem_nasa_city_point,modeled UT1; not exact UTC,MID,1920-10-27T14:11:16.240,0.1939,-8.755522311536229,False,2
lunar-09467,lunar,1920-10-27,jerusalem_nasa_city_point,modeled UT1; not exact UTC,U3,1920-10-27T14:53:46.876,0.90241,-0.42258919452050453,False,2
lunar-09467,lunar,1920-10-27,jerusalem_nasa_city_point,modeled UT1; not exact UTC,U4,1920-10-27T15:56:51.988,1.95383,12.342116615088788,True,0
lunar-09467,lunar,1920-10-27,jerusalem_nasa_city_point,modeled UT1; not exact UTC,P4,1920-10-27T16:56:40.072,2.95052,24.691782488372464,True,0
solar-09330,solar,1921-04-08,jerusalem_nasa_city_point,modeled UT1; not exact UTC,C1,1921-04-08T08:07:45.977,-0.8644230685614205,57.06641112169972,True,0
solar-09330,solar,1921-04-08,jerusalem_nasa_city_point,modeled UT1; not exact UTC,MID,1921-04-08T09:02:15.476,0.04377115675954247,63.68139619078729,True,0
solar-09330,solar,1921-04-08,jerusalem_nasa_city_point,modeled UT1; not exact UTC,C4,1921-04-08T09:58:55.794,0.9883039130101863,64.95534107485851,True,0
lunar-09468,lunar,1921-04-22,jerusalem_nasa_city_point,modeled UT1; not exact UTC,P1,1921-04-22T04:58:21.408,-3.02122,-24.960432452516677,False,2
lunar-09468,lunar,1921-04-22,jerusalem_nasa_city_point,modeled UT1; not exact UTC,U1,1921-04-22T06:03:13.512,-1.94008,-38.16281998252614,False,2
lunar-09468,lunar,1921-04-22,jerusalem_nasa_city_point,modeled UT1; not exact UTC,U2,1921-04-22T07:24:11.892,-0.59053,-53.89076701755847,False,2
lunar-09468,lunar,1921-04-22,jerusalem_nasa_city_point,modeled UT1; not exact UTC,MID,1921-04-22T07:44:16.848,-0.25582,-57.49739410164023,False,2
lunar-09468,lunar,1921-04-22,jerusalem_nasa_city_point,modeled UT1; not exact UTC,U3,1921-04-22T08:04:18.564,0.07799,-60.882023391203234,False,2
lunar-09468,lunar,1921-04-22,jerusalem_nasa_city_point,modeled UT1; not exact UTC,U4,1921-04-22T09:25:15.756,1.42721,-70.10647297797976,False,2
lunar-09468,lunar,1921-04-22,jerusalem_nasa_city_point,modeled UT1; not exact UTC,P4,1921-04-22T10:30:15.744,2.51054,-67.9275866216083,False,2
lunar-09469,lunar,1921-10-16,jerusalem_nasa_city_point,modeled UT1; not exact UTC,P1,1921-10-16T20:02:30.804,-2.95186,59.8088164050924,True,0
lunar-09469,lunar,1921-10-16,jerusalem_nasa_city_point,modeled UT1; not exact UTC,U1,1921-10-16T21:14:06.720,-1.75855,66.05633516634063,True,0
lunar-09469,lunar,1921-10-16,jerusalem_nasa_city_point,modeled UT1; not exact UTC,MID,1921-10-16T22:53:36.996,-0.10014,58.49953724884342,True,0
lunar-09469,lunar,1921-10-16,jerusalem_nasa_city_point,modeled UT1; not exact UTC,U4,1921-10-17T00:33:11.268,1.55938,40.72781597519279,True,0
lunar-09469,lunar,1921-10-16,jerusalem_nasa_city_point,modeled UT1; not exact UTC,P4,1921-10-17T01:44:38.400,2.75025,26.32625314001541,True,0
lunar-09470,lunar,1922-03-13,jerusalem_nasa_city_point,modeled UT1; not exact UTC,P1,1922-03-13T10:40:14.752,-0.32293,-54.53414436927444,False,2
lunar-09470,lunar,1922-03-13,jerusalem_nasa_city_point,modeled UT1; not exact UTC,MID,1922-03-13T11:28:25.408,0.48003,-49.47076749182726,False,2
lunar-09470,lunar,1922-03-13,jerusalem_nasa_city_point,modeled UT1; not exact UTC,P4,1922-03-13T12:16:31.996,1.28186,-42.46434603398363,False,2
solar-09332,solar,1922-03-28,jerusalem_nasa_city_point,modeled UT1; not exact UTC,C1,1922-03-28T13:38:29.101,0.6477225282341341,27.982420079232636,True,0
solar-09332,solar,1922-03-28,jerusalem_nasa_city_point,modeled UT1; not exact UTC,MID,1922-03-28T14:57:07.438,1.95837172200967,11.525176038927311,True,0
solar-09332,solar,1922-03-28,jerusalem_nasa_city_point,modeled UT1; not exact UTC,C4,1922-03-28T16:05:38.762,3.100406013799823,-3.0175662193179638,False,1
lunar-09471,lunar,1922-04-11,jerusalem_nasa_city_point,modeled UT1; not exact UTC,P1,1922-04-11T18:40:10.936,-2.32399,31.9409546415856,True,0
lunar-09471,lunar,1922-04-11,jerusalem_nasa_city_point,modeled UT1; not exact UTC,MID,1922-04-11T20:31:49.744,-0.46321,46.97936297954068,True,0
lunar-09471,lunar,1922-04-11,jerusalem_nasa_city_point,modeled UT1; not exact UTC,P4,1922-04-11T22:23:22.144,1.39579,49.056581959145944,True,0
solar-09333,solar,1922-09-21,jerusalem_nasa_city_point,modeled UT1; not exact UTC,C1,1922-09-21T02:35:33.171,-2.4010637260930423,-11.493596262751586,False,1
solar-09333,solar,1922-09-21,jerusalem_nasa_city_point,modeled UT1; not exact UTC,MID,1922-09-21T03:02:04.794,-1.9589460235379172,-5.896694836622759,False,1
solar-09333,solar,1922-09-21,jerusalem_nasa_city_point,modeled UT1; not exact UTC,C4,1922-09-21T03:29:30.886,-1.501698337783165,-0.07678051274324868,True,0
lunar-09472,lunar,1922-10-06,jerusalem_nasa_city_point,modeled UT1; not exact UTC,P1,1922-10-05T22:45:52.312,-2.22908,55.39675721786538,True,0
lunar-09472,lunar,1922-10-06,jerusalem_nasa_city_point,modeled UT1; not exact UTC,MID,1922-10-06T00:43:27.088,-0.26942,35.739659110656554,True,0
lunar-09472,lunar,1922-10-06,jerusalem_nasa_city_point,modeled UT1; not exact UTC,P4,1922-10-06T02:41:03.052,1.69057,12.086918377315797,True,0
lunar-09473,lunar,1923-03-03,jerusalem_nasa_city_point,modeled UT1; not exact UTC,P1,1923-03-03T01:14:11.024,-2.75716,34.63243952443688,True,0
lunar-09473,lunar,1923-03-03,jerusalem_nasa_city_point,modeled UT1; not exact UTC,U1,1923-03-03T02:28:15.116,-1.52269,19.48358730032276,True,0
lunar-09473,lunar,1923-03-03,jerusalem_nasa_city_point,modeled UT1; not exact UTC,MID,1923-03-03T03:31:46.256,-0.46404,6.3411837829618625,True,0
lunar-09473,lunar,1923-03-03,jerusalem_nasa_city_point,modeled UT1; not exact UTC,U4,1923-03-03T04:35:23.048,0.59618,-6.676522045402875,False,2
lunar-09473,lunar,1923-03-03,jerusalem_nasa_city_point,modeled UT1; not exact UTC,P4,1923-03-03T05:49:23.648,1.82968,-21.293514213877348,False,2
lunar-09474,lunar,1923-08-26,jerusalem_nasa_city_point,modeled UT1; not exact UTC,P1,1923-08-26T08:14:04.452,-2.75893,-61.8452382893597,False,2
lunar-09474,lunar,1923-08-26,jerusalem_nasa_city_point,modeled UT1; not exact UTC,U1,1923-08-26T09:52:15.636,-1.12249,-68.35442788135617,False,2
lunar-09474,lunar,1923-08-26,jerusalem_nasa_city_point,modeled UT1; not exact UTC,MID,1923-08-26T10:39:28.404,-0.33561,-64.56940292009658,False,2
lunar-09474,lunar,1923-08-26,jerusalem_nasa_city_point,modeled UT1; not exact UTC,U4,1923-08-26T11:26:30.372,0.44827,-57.750813215602555,False,2
lunar-09474,lunar,1923-08-26,jerusalem_nasa_city_point,modeled UT1; not exact UTC,P4,1923-08-26T13:04:51.312,2.08742,-39.4710138834585,False,2
solar-09335,solar,1923-09-10,jerusalem_nasa_city_point,modeled UT1; not exact UTC,C1,1923-09-10T20:06:16.169,-0.8890085457077893,-47.36079744411461,False,1
solar-09335,solar,1923-09-10,jerusalem_nasa_city_point,modeled UT1; not exact UTC,MID,1923-09-10T20:47:24.445,-0.20337644442720323,-51.35109578498321,False,1
solar-09335,solar,1923-09-10,jerusalem_nasa_city_point,modeled UT1; not exact UTC,C4,1923-09-10T21:28:09.751,0.47587541012846135,-53.0993692702133,False,1
lunar-09475,lunar,1924-02-20,jerusalem_nasa_city_point,modeled UT1; not exact UTC,P1,1924-02-20T13:16:39.764,-2.71576,-24.65598727118739,False,2
lunar-09475,lunar,1924-02-20,jerusalem_nasa_city_point,modeled UT1; not exact UTC,U1,1924-02-20T14:18:42.488,-1.68167,-13.46150175878817,False,2
lunar-09475,lunar,1924-02-20,jerusalem_nasa_city_point,modeled UT1; not exact UTC,U2,1924-02-20T15:19:58.052,-0.66068,-1.604998989514231,False,2
lunar-09475,lunar,1924-02-20,jerusalem_nasa_city_point,modeled UT1; not exact UTC,MID,1924-02-20T16:08:31.496,0.14861,8.137256606886778,True,0
lunar-09475,lunar,1924-02-20,jerusalem_nasa_city_point,modeled UT1; not exact UTC,U3,1924-02-20T16:57:06.344,0.95829,18.05238292068479,True,0
lunar-09475,lunar,1924-02-20,jerusalem_nasa_city_point,modeled UT1; not exact UTC,U4,1924-02-20T17:58:22.916,1.97956,30.61544805017291,True,0
lunar-09475,lunar,1924-02-20,jerusalem_nasa_city_point,modeled UT1; not exact UTC,P4,1924-02-20T19:00:16.928,3.01123,43.080969242860185,True,0
lunar-09476,lunar,1924-08-14,jerusalem_nasa_city_point,modeled UT1; not exact UTC,P1,1924-08-14T17:34:10.620,-2.4238,14.68826788076281,True,0
lunar-09476,lunar,1924-08-14,jerusalem_nasa_city_point,modeled UT1; not exact UTC,U1,1924-08-14T18:31:39.960,-1.46565,24.65501373312652,True,0
lunar-09476,lunar,1924-08-14,jerusalem_nasa_city_point,modeled UT1; not exact UTC,U2,1924-08-14T19:30:58.740,-0.4771,33.51111545225586,True,0
lunar-09476,lunar,1924-08-14,jerusalem_nasa_city_point,modeled UT1; not exact UTC,MID,1924-08-14T20:20:06.456,0.34171,39.16366745250165,True,0
lunar-09476,lunar,1924-08-14,jerusalem_nasa_city_point,modeled UT1; not exact UTC,U3,1924-08-14T21:09:13.056,1.16021,42.66613279809519,True,0
lunar-09476,lunar,1924-08-14,jerusalem_nasa_city_point,modeled UT1; not exact UTC,U4,1924-08-14T22:08:31.080,2.14855,43.34047937017925,True,0
lunar-09476,lunar,1924-08-14,jerusalem_nasa_city_point,modeled UT1; not exact UTC,P4,1924-08-14T23:06:08.052,3.10882,40.15626193434422,True,0
solar-09339,solar,1925-01-24,jerusalem_nasa_city_point,modeled UT1; not exact UTC,C1,1925-01-24T16:12:50.022,1.2205061561503465,-14.395848684602472,False,1
solar-09339,solar,1925-01-24,jerusalem_nasa_city_point,modeled UT1; not exact UTC,MID,1925-01-24T16:21:04.497,1.3578604026424237,-16.09873185835927,False,1
solar-09339,solar,1925-01-24,jerusalem_nasa_city_point,modeled UT1; not exact UTC,C4,1925-01-24T16:29:23.375,1.4964374560990017,-17.823538590284617,False,1
lunar-09477,lunar,1925-02-08,jerusalem_nasa_city_point,modeled UT1; not exact UTC,P1,1925-02-08T18:50:30.188,-3.15167,45.99471639616901,True,0
lunar-09477,lunar,1925-02-08,jerusalem_nasa_city_point,modeled UT1; not exact UTC,U1,1925-02-08T20:09:08.564,-1.84101,61.35016596744007,True,0
lunar-09477,lunar,1925-02-08,jerusalem_nasa_city_point,modeled UT1; not exact UTC,MID,1925-02-08T21:41:58.160,-0.2939,73.20738305559627,True,0
lunar-09477,lunar,1925-02-08,jerusalem_nasa_city_point,modeled UT1; not exact UTC,U4,1925-02-08T23:14:52.076,1.25441,65.38163307654541,True,0
lunar-09477,lunar,1925-02-08,jerusalem_nasa_city_point,modeled UT1; not exact UTC,P4,1925-02-09T00:33:22.640,2.5629,50.64996308404826,True,0
lunar-09478,lunar,1925-08-04,jerusalem_nasa_city_point,modeled UT1; not exact UTC,P1,1925-08-04T09:26:57.232,-2.54413,-76.41079491484606,False,2
lunar-09478,lunar,1925-08-04,jerusalem_nasa_city_point,modeled UT1; not exact UTC,U1,1925-08-04T10:28:05.596,-1.52514,-73.13941616377427,False,2
lunar-09478,lunar,1925-08-04,jerusalem_nasa_city_point,modeled UT1; not exact UTC,MID,1925-08-04T11:52:33.064,-0.11751,-58.73985829988309,False,2
lunar-09478,lunar,1925-08-04,jerusalem_nasa_city_point,modeled UT1; not exact UTC,U4,1925-08-04T13:16:58.588,1.28958,-41.99790819128815,False,2
lunar-09478,lunar,1925-08-04,jerusalem_nasa_city_point,modeled UT1; not exact UTC,P4,1925-08-04T14:18:08.536,2.30901,-29.60661874716515,False,2
solar-09341,solar,1926-01-14,jerusalem_nasa_city_point,modeled UT1; not exact UTC,C1,1926-01-14T04:39:37.340,-2.332960993646708,-0.8951526072910546,False,1
solar-09341,solar,1926-01-14,jerusalem_nasa_city_point,modeled UT1; not exact UTC,MID,1926-01-14T05:12:20.571,-1.7876190563693255,5.299082909202093,True,0
solar-09341,solar,1926-01-14,jerusalem_nasa_city_point,modeled UT1; not exact UTC,C4,1926-01-14T05:46:58.137,-1.2105174320804375,11.552932419538648,True,0
lunar-09479,lunar,1926-01-28,jerusalem_nasa_city_point,modeled UT1; not exact UTC,P1,1926-01-28T19:28:40.776,-1.51534,55.684232472969455,True,0
lunar-09479,lunar,1926-01-28,jerusalem_nasa_city_point,modeled UT1; not exact UTC,MID,1926-01-28T21:20:00.432,0.34012,75.32673674747579,True,0
lunar-09479,lunar,1926-01-28,jerusalem_nasa_city_point,modeled UT1; not exact UTC,P4,1926-01-28T23:11:17.820,2.19495,68.67725523126202,True,0
lunar-09480,lunar,1926-06-25,jerusalem_nasa_city_point,modeled UT1; not exact UTC,P1,1926-06-25T19:38:12.564,-1.35651,28.114975938425626,True,0
lunar-09480,lunar,1926-06-25,jerusalem_nasa_city_point,modeled UT1; not exact UTC,MID,1926-06-25T21:24:42.564,0.41849,35.04334807856488,True,0
lunar-09480,lunar,1926-06-25,jerusalem_nasa_city_point,modeled UT1; not exact UTC,P4,1926-06-25T23:11:20.088,2.19558,31.37834606077797,True,0
lunar-09481,lunar,1926-07-25,jerusalem_nasa_city_point,modeled UT1; not exact UTC,P1,1926-07-25T03:42:05.304,-1.29186,-11.849997945842624,False,2
lunar-09481,lunar,1926-07-25,jerusalem_nasa_city_point,modeled UT1; not exact UTC,MID,1926-07-25T04:59:47.844,0.00329,-27.05717662069975,False,2
lunar-09481,lunar,1926-07-25,jerusalem_nasa_city_point,modeled UT1; not exact UTC,P4,1926-07-25T06:17:37.728,1.30048,-42.62773615055926,False,2
lunar-09482,lunar,1926-12-19,jerusalem_nasa_city_point,modeled UT1; not exact UTC,P1,1926-12-19T04:05:41.984,-1.89831,3.7774067870658135,True,0
lunar-09482,lunar,1926-12-19,jerusalem_nasa_city_point,modeled UT1; not exact UTC,MID,1926-12-19T06:19:43.304,0.33539,-19.137974669778963,False,2
lunar-09482,lunar,1926-12-19,jerusalem_nasa_city_point,modeled UT1; not exact UTC,P4,1926-12-19T08:33:39.224,2.56759,-34.085689797934876,False,2
lunar-09483,lunar,1927-06-15,jerusalem_nasa_city_point,modeled UT1; not exact UTC,P1,1927-06-15T05:35:11.744,-2.40671,-37.6524907508757,False,2
lunar-09483,lunar,1927-06-15,jerusalem_nasa_city_point,modeled UT1; not exact UTC,U1,1927-06-15T06:42:56.036,-1.27774,-51.39552612574252,False,2
lunar-09483,lunar,1927-06-15,jerusalem_nasa_city_point,modeled UT1; not exact UTC,U2,1927-06-15T08:15:28.028,0.26448,-69.77538726985884,False,2
lunar-09483,lunar,1927-06-15,jerusalem_nasa_city_point,modeled UT1; not exact UTC,MID,1927-06-15T08:24:17.300,0.4115,-71.43114500963786,False,2
lunar-09483,lunar,1927-06-15,jerusalem_nasa_city_point,modeled UT1; not exact UTC,U3,1927-06-15T08:33:10.028,0.55948,-73.05738021317045,False,2
lunar-09483,lunar,1927-06-15,jerusalem_nasa_city_point,modeled UT1; not exact UTC,U4,1927-06-15T10:05:42.740,2.1019,-80.04275838061199,False,2
lunar-09483,lunar,1927-06-15,jerusalem_nasa_city_point,modeled UT1; not exact UTC,P4,1927-06-15T11:13:17.996,3.22836,-69.04764752325953,False,2
solar-09344,solar,1927-06-29,jerusalem_nasa_city_point,modeled UT1; not exact UTC,C1,1927-06-29T04:05:39.883,-1.8988936848575055,16.7575405675935,True,0
solar-09344,solar,1927-06-29,jerusalem_nasa_city_point,modeled UT1; not exact UTC,MID,1927-06-29T04:48:24.509,-1.1864974426496213,25.528042826038483,True,0
solar-09344,solar,1927-06-29,jerusalem_nasa_city_point,modeled UT1; not exact UTC,C4,1927-06-29T05:34:45.012,-0.41413546728167105,35.21959216222663,True,0
lunar-09484,lunar,1927-12-08,jerusalem_nasa_city_point,modeled UT1; not exact UTC,P1,1927-12-08T14:53:54.440,-3.09485,4.332019169624127,True,0
lunar-09484,lunar,1927-12-08,jerusalem_nasa_city_point,modeled UT1; not exact UTC,U1,1927-12-08T15:51:58.088,-2.12717,15.591355945897254,True,0
lunar-09484,lunar,1927-12-08,jerusalem_nasa_city_point,modeled UT1; not exact UTC,U2,1927-12-08T16:54:53.012,-1.07858,28.23342325911052,True,0
lunar-09484,lunar,1927-12-08,jerusalem_nasa_city_point,modeled UT1; not exact UTC,MID,1927-12-08T17:34:46.400,-0.41375,36.40710110348685,True,0
lunar-09484,lunar,1927-12-08,jerusalem_nasa_city_point,modeled UT1; not exact UTC,U3,1927-12-08T18:14:38.348,0.25068,44.64735626396853,True,0
lunar-09484,lunar,1927-12-08,jerusalem_nasa_city_point,modeled UT1; not exact UTC,U4,1927-12-08T19:17:32.480,1.29905,57.66207466524812,True,0
lunar-09484,lunar,1927-12-08,jerusalem_nasa_city_point,modeled UT1; not exact UTC,P4,1927-12-08T20:15:41.528,2.26823,69.36972633234723,True,0
lunar-09485,lunar,1928-06-03,jerusalem_nasa_city_point,modeled UT1; not exact UTC,P1,1928-06-03T09:06:56.476,-2.87759,-79.28290549132112,False,2
lunar-09485,lunar,1928-06-03,jerusalem_nasa_city_point,modeled UT1; not exact UTC,U1,1928-06-03T10:18:04.780,-1.69195,-76.52077462008981,False,2
lunar-09485,lunar,1928-06-03,jerusalem_nasa_city_point,modeled UT1; not exact UTC,U2,1928-06-03T11:31:55.372,-0.46123,-63.023920378764906,False,2
lunar-09485,lunar,1928-06-03,jerusalem_nasa_city_point,modeled UT1; not exact UTC,MID,1928-06-03T12:09:33.112,0.16592,-55.51136028575156,False,2
lunar-09485,lunar,1928-06-03,jerusalem_nasa_city_point,modeled UT1; not exact UTC,U3,1928-06-03T12:47:11.788,0.79333,-47.90198928168026,False,2
lunar-09485,lunar,1928-06-03,jerusalem_nasa_city_point,modeled UT1; not exact UTC,U4,1928-06-03T14:01:02.956,2.02421,-32.97513281434236,False,2
lunar-09485,lunar,1928-06-03,jerusalem_nasa_city_point,modeled UT1; not exact UTC,P4,1928-06-03T15:12:07.804,3.20889,-18.859918106719643,False,2
solar-09348,solar,1928-11-12,jerusalem_nasa_city_point,modeled UT1; not exact UTC,C1,1928-11-12T08:11:56.894,-1.794140679890263,37.68660119954747,True,0
solar-09348,solar,1928-11-12,jerusalem_nasa_city_point,modeled UT1; not exact UTC,MID,1928-11-12T09:29:47.908,-0.49663663323913704,40.520973764116576,True,0
solar-09348,solar,1928-11-12,jerusalem_nasa_city_point,modeled UT1; not exact UTC,C4,1928-11-12T10:49:19.150,0.8287084064064971,36.40104693804858,True,0
lunar-09486,lunar,1928-11-27,jerusalem_nasa_city_point,modeled UT1; not exact UTC,P1,1928-11-27T06:27:00.424,-2.54316,-23.84347351155441,False,2
lunar-09486,lunar,1928-11-27,jerusalem_nasa_city_point,modeled UT1; not exact UTC,U1,1928-11-27T07:24:17.812,-1.58833,-30.84242474039271,False,2
lunar-09486,lunar,1928-11-27,jerusalem_nasa_city_point,modeled UT1; not exact UTC,U2,1928-11-27T08:33:59.068,-0.42687,-36.2488534719523,False,2
lunar-09486,lunar,1928-11-27,jerusalem_nasa_city_point,modeled UT1; not exact UTC,MID,1928-11-27T09:01:22.504,0.02964,-37.21746631224988,False,2
lunar-09486,lunar,1928-11-27,jerusalem_nasa_city_point,modeled UT1; not exact UTC,U3,1928-11-27T09:28:46.228,0.48623,-37.465799935153704,False,2
lunar-09486,lunar,1928-11-27,jerusalem_nasa_city_point,modeled UT1; not exact UTC,U4,1928-11-27T10:38:27.880,1.6478,-34.85925294108223,False,2
lunar-09486,lunar,1928-11-27,jerusalem_nasa_city_point,modeled UT1; not exact UTC,P4,1928-11-27T11:35:45.232,2.60262,-29.628624524270236,False,2
lunar-09487,lunar,1929-05-23,jerusalem_nasa_city_point,modeled UT1; not exact UTC,P1,1929-05-23T10:20:29.528,-2.65177,-74.75586742662938,False,2
lunar-09487,lunar,1929-05-23,jerusalem_nasa_city_point,modeled UT1; not exact UTC,MID,1929-05-23T12:37:20.732,-0.37088,-48.75043156760437,False,2
lunar-09487,lunar,1929-05-23,jerusalem_nasa_city_point,modeled UT1; not exact UTC,P4,1929-05-23T14:54:10.208,1.90953,-21.210219463677433,False,2
solar-09350,solar,1929-11-01,jerusalem_nasa_city_point,modeled UT1; not exact UTC,C1,1929-11-01T11:54:41.684,-0.08172661267947734,31.226992267693642,True,0
solar-09350,solar,1929-11-01,jerusalem_nasa_city_point,modeled UT1; not exact UTC,MID,1929-11-01T12:36:43.139,0.6186774661916241,24.51934971024767,True,0
solar-09350,solar,1929-11-01,jerusalem_nasa_city_point,modeled UT1; not exact UTC,C4,1929-11-01T13:16:30.339,1.2817885724941056,17.46697634456564,True,0
lunar-09488,lunar,1929-11-17,jerusalem_nasa_city_point,modeled UT1; not exact UTC,P1,1929-11-16T22:05:23.156,-1.90354,73.43723992429015,True,0
lunar-09488,lunar,1929-11-17,jerusalem_nasa_city_point,modeled UT1; not exact UTC,MID,1929-11-17T00:02:48.824,0.05359,51.610018244391966,True,0
lunar-09488,lunar,1929-11-17,jerusalem_nasa_city_point,modeled UT1; not exact UTC,P4,1929-11-17T02:00:21.944,2.01279,27.54486566553643,True,0
lunar-09489,lunar,1930-04-13,jerusalem_nasa_city_point,modeled UT1; not exact UTC,P1,1930-04-13T03:44:47.384,-2.24681,-6.443180653441407,False,2
lunar-09489,lunar,1930-04-13,jerusalem_nasa_city_point,modeled UT1; not exact UTC,U1,1930-04-13T05:21:42.752,-0.63143,-26.47510692342046,False,2
lunar-09489,lunar,1930-04-13,jerusalem_nasa_city_point,modeled UT1; not exact UTC,MID,1930-04-13T05:58:29.588,-0.01842,-33.960238521984834,False,2
lunar-09489,lunar,1930-04-13,jerusalem_nasa_city_point,modeled UT1; not exact UTC,U4,1930-04-13T06:35:04.508,0.59128,-41.24092160963143,False,2
lunar-09489,lunar,1930-04-13,jerusalem_nasa_city_point,modeled UT1; not exact UTC,P4,1930-04-13T08:12:05.672,2.20827,-58.69220552563514,False,2
solar-09351,solar,1930-04-28,jerusalem_nasa_city_point,modeled UT1; not exact UTC,C1,1930-04-28T19:21:12.688,0.3602189659198911,-33.82804427511714,False,1
solar-09351,solar,1930-04-28,jerusalem_nasa_city_point,modeled UT1; not exact UTC,MID,1930-04-28T20:07:16.819,1.1280329470670327,-39.379519530880216,False,1
solar-09351,solar,1930-04-28,jerusalem_nasa_city_point,modeled UT1; not exact UTC,C4,1930-04-28T20:52:11.918,1.87667170477638,-42.89743279432587,False,1
lunar-09490,lunar,1930-10-07,jerusalem_nasa_city_point,modeled UT1; not exact UTC,P1,1930-10-07T16:43:27.392,-2.26903,17.966754719577057,True,0
lunar-09490,lunar,1930-10-07,jerusalem_nasa_city_point,modeled UT1; not exact UTC,U1,1930-10-07T18:47:41.840,-0.19835,42.96424166027899,True,0
lunar-09490,lunar,1930-10-07,jerusalem_nasa_city_point,modeled UT1; not exact UTC,MID,1930-10-07T19:06:45.704,0.11939,46.48182325307029,True,0
lunar-09490,lunar,1930-10-07,jerusalem_nasa_city_point,modeled UT1; not exact UTC,U4,1930-10-07T19:25:59.720,0.43995,49.86434225358778,True,0
lunar-09490,lunar,1930-10-07,jerusalem_nasa_city_point,modeled UT1; not exact UTC,P4,1930-10-07T21:30:04.988,2.50808,63.04204073099038,True,0
lunar-09491,lunar,1931-04-02,jerusalem_nasa_city_point,modeled UT1; not exact UTC,P1,1931-04-02T17:28:33.792,-2.51728,20.103982010889872,True,0
lunar-09491,lunar,1931-04-02,jerusalem_nasa_city_point,modeled UT1; not exact UTC,U1,1931-04-02T18:23:35.280,-1.6002,30.36686285402442,True,0
lunar-09491,lunar,1931-04-02,jerusalem_nasa_city_point,modeled UT1; not exact UTC,U2,1931-04-02T19:22:42.648,-0.61482,40.24921150618328,True,0
lunar-09491,lunar,1931-04-02,jerusalem_nasa_city_point,modeled UT1; not exact UTC,MID,1931-04-02T20:07:31.020,0.13195,46.386331524517374,True,0
lunar-09491,lunar,1931-04-02,jerusalem_nasa_city_point,modeled UT1; not exact UTC,U3,1931-04-02T20:52:18.708,0.87853,50.69138221344858,True,0
lunar-09491,lunar,1931-04-02,jerusalem_nasa_city_point,modeled UT1; not exact UTC,U4,1931-04-02T21:51:25.428,1.86373,52.479899280858874,True,0
lunar-09491,lunar,1931-04-02,jerusalem_nasa_city_point,modeled UT1; not exact UTC,P4,1931-04-02T22:46:29.544,2.78154,49.71599345203913,True,0
solar-09353,solar,1931-04-18,jerusalem_nasa_city_point,modeled UT1; not exact UTC,C1,1931-04-17T23:53:39.335,-1.0990736336075013,-36.89247270323078,False,1
solar-09353,solar,1931-04-18,jerusalem_nasa_city_point,modeled UT1; not exact UTC,MID,1931-04-18T00:23:41.253,-0.5985408251854273,-32.24742661304694,False,1
solar-09353,solar,1931-04-18,jerusalem_nasa_city_point,modeled UT1; not exact UTC,C4,1931-04-18T00:54:19.124,-0.08802122866212858,-27.026838644245107,False,1
lunar-09492,lunar,1931-09-26,jerusalem_nasa_city_point,modeled UT1; not exact UTC,P1,1931-09-26T16:42:27.372,-3.28573,15.342356219590167,True,0
lunar-09492,lunar,1931-09-26,jerusalem_nasa_city_point,modeled UT1; not exact UTC,U1,1931-09-26T17:54:36.768,-2.08312,29.976999975769377,True,0
lunar-09492,lunar,1931-09-26,jerusalem_nasa_city_point,modeled UT1; not exact UTC,U2,1931-09-26T19:05:57.744,-0.89396,43.332522351958154,True,0
lunar-09492,lunar,1931-09-26,jerusalem_nasa_city_point,modeled UT1; not exact UTC,MID,1931-09-26T19:48:04.872,-0.19198,50.132209909932776,True,0
lunar-09492,lunar,1931-09-26,jerusalem_nasa_city_point,modeled UT1; not exact UTC,U3,1931-09-26T20:30:11.820,0.50995,55.47636686230562,True,0
lunar-09492,lunar,1931-09-26,jerusalem_nasa_city_point,modeled UT1; not exact UTC,U4,1931-09-26T21:41:32.400,1.699,59.056311632781934,True,0
lunar-09492,lunar,1931-09-26,jerusalem_nasa_city_point,modeled UT1; not exact UTC,P4,1931-09-26T22:53:41.940,2.90165,54.18632588877444,True,0
lunar-09493,lunar,1932-03-22,jerusalem_nasa_city_point,modeled UT1; not exact UTC,P1,1932-03-22T10:00:19.884,-2.98781,-58.742539111171695,False,2
lunar-09493,lunar,1932-03-22,jerusalem_nasa_city_point,modeled UT1; not exact UTC,U1,1932-03-22T10:59:36.180,-1.99995,-54.467250699380344,False,2
lunar-09493,lunar,1932-03-22,jerusalem_nasa_city_point,modeled UT1; not exact UTC,MID,1932-03-22T12:32:15.084,-0.45581,-40.86299127634869,False,2
lunar-09493,lunar,1932-03-22,jerusalem_nasa_city_point,modeled UT1; not exact UTC,U4,1932-03-22T14:04:56.580,1.08905,-23.56363859628782,False,2
lunar-09493,lunar,1932-03-22,jerusalem_nasa_city_point,modeled UT1; not exact UTC,P4,1932-03-22T15:04:10.680,2.0763,-11.774198506866252,False,2
solar-09357,solar,1932-08-31,jerusalem_nasa_city_point,modeled UT1; not exact UTC,C1,1932-08-31T19:20:29.865,-0.6517318038834596,-37.83654137156897,False,1
solar-09357,solar,1932-08-31,jerusalem_nasa_city_point,modeled UT1; not exact UTC,MID,1932-08-31T20:03:25.916,0.06383773110607865,-43.67471756366007,False,1
solar-09357,solar,1932-08-31,jerusalem_nasa_city_point,modeled UT1; not exact UTC,C4,1932-08-31T20:45:38.409,0.7673080634765627,-47.74833370941718,False,1
lunar-09494,lunar,1932-09-14,jerusalem_nasa_city_point,modeled UT1; not exact UTC,P1,1932-09-14T18:07:03.004,-2.87586,29.692251134309203,True,0
lunar-09494,lunar,1932-09-14,jerusalem_nasa_city_point,modeled UT1; not exact UTC,U1,1932-09-14T19:18:35.428,-1.68352,42.25450187995723,True,0
lunar-09494,lunar,1932-09-14,jerusalem_nasa_city_point,modeled UT1; not exact UTC,MID,1932-09-14T21:00:36.004,0.01664,53.94366669524664,True,0
lunar-09494,lunar,1932-09-14,jerusalem_nasa_city_point,modeled UT1; not exact UTC,U4,1932-09-14T22:42:33.196,1.71586,51.794236402943646,True,0
lunar-09494,lunar,1932-09-14,jerusalem_nasa_city_point,modeled UT1; not exact UTC,P4,1932-09-14T23:54:14.620,2.9107,42.56370280960495,True,0
lunar-09495,lunar,1933-02-10,jerusalem_nasa_city_point,modeled UT1; not exact UTC,P1,1933-02-10T12:57:32.044,-0.03446,-26.292560764433016,False,2
lunar-09495,lunar,1933-02-10,jerusalem_nasa_city_point,modeled UT1; not exact UTC,MID,1933-02-10T13:17:08.920,0.29245,-23.21368561594749,False,2
lunar-09495,lunar,1933-02-10,jerusalem_nasa_city_point,modeled UT1; not exact UTC,P4,1933-02-10T13:37:06.496,0.62511,-19.922638909200074,False,2
solar-09358,solar,1933-02-24,jerusalem_nasa_city_point,modeled UT1; not exact UTC,C1,1933-02-24T13:46:34.654,0.7829317626826295,20.54215825478297,True,0
solar-09358,solar,1933-02-24,jerusalem_nasa_city_point,modeled UT1; not exact UTC,MID,1933-02-24T14:39:11.741,1.6599001970521463,10.179309518674502,True,0
solar-09358,solar,1933-02-24,jerusalem_nasa_city_point,modeled UT1; not exact UTC,C4,1933-02-24T15:28:06.484,2.475106569828838,0.126456680536,True,0
lunar-09496,lunar,1933-03-12,jerusalem_nasa_city_point,modeled UT1; not exact UTC,P1,1933-03-12T00:49:37.780,-2.1662,36.916811821382964,True,0
lunar-09496,lunar,1933-03-12,jerusalem_nasa_city_point,modeled UT1; not exact UTC,MID,1933-03-12T02:32:39.556,-0.44904,16.090236546518263,True,0
lunar-09496,lunar,1933-03-12,jerusalem_nasa_city_point,modeled UT1; not exact UTC,P4,1933-03-12T04:15:53.212,1.27142,-5.401590212252343,False,2
lunar-09497,lunar,1933-08-05,jerusalem_nasa_city_point,modeled UT1; not exact UTC,P1,1933-08-05T18:40:47.932,-1.31338,22.227248835409302,True,0
lunar-09497,lunar,1933-08-05,jerusalem_nasa_city_point,modeled UT1; not exact UTC,MID,1933-08-05T19:45:40.972,-0.23198,31.26760449138777,True,0
lunar-09497,lunar,1933-08-05,jerusalem_nasa_city_point,modeled UT1; not exact UTC,P4,1933-08-05T20:50:20.728,0.84573,37.443185565490346,True,0
solar-09359,solar,1933-08-21,jerusalem_nasa_city_point,modeled UT1; not exact UTC,C1,1933-08-21T02:53:16.101,-3.1055551469126703,-3.670210714326729,False,1
solar-09359,solar,1933-08-21,jerusalem_nasa_city_point,modeled UT1; not exact UTC,C2,1933-08-21T03:56:15.413,-2.0557464388309366,9.371220379829307,True,0
solar-09359,solar,1933-08-21,jerusalem_nasa_city_point,modeled UT1; not exact UTC,MID,1933-08-21T03:57:00.969,-2.0430919821830176,9.530707319605963,True,0
solar-09359,solar,1933-08-21,jerusalem_nasa_city_point,modeled UT1; not exact UTC,C3,1933-08-21T03:57:46.289,-2.03050300582691,9.689409353542548,True,0
solar-09359,solar,1933-08-21,jerusalem_nasa_city_point,modeled UT1; not exact UTC,C4,1933-08-21T05:08:42.174,-0.8483128858257964,24.708721609099072,True,0
lunar-09498,lunar,1933-09-04,jerusalem_nasa_city_point,modeled UT1; not exact UTC,P1,1933-09-04T03:01:10.636,-1.97374,2.038860357680459,True,0
lunar-09498,lunar,1933-09-04,jerusalem_nasa_city_point,modeled UT1; not exact UTC,MID,1933-09-04T04:51:55.984,-0.12781,-20.35967443051566,False,2
lunar-09498,lunar,1933-09-04,jerusalem_nasa_city_point,modeled UT1; not exact UTC,P4,1933-09-04T06:42:34.420,1.7162,-42.000801071046105,False,2
lunar-09499,lunar,1934-01-30,jerusalem_nasa_city_point,modeled UT1; not exact UTC,P1,1934-01-30T14:10:09.728,-2.82402,-10.432038620367544,False,2
lunar-09499,lunar,1934-01-30,jerusalem_nasa_city_point,modeled UT1; not exact UTC,U1,1934-01-30T16:01:54.008,-0.96172,10.705673189027873,True,0
lunar-09499,lunar,1934-01-30,jerusalem_nasa_city_point,modeled UT1; not exact UTC,MID,1934-01-30T16:42:18.284,-0.28831,18.812082923853154,True,0
lunar-09499,lunar,1934-01-30,jerusalem_nasa_city_point,modeled UT1; not exact UTC,U4,1934-01-30T17:22:48.752,0.38682,27.08144002905594,True,0
lunar-09499,lunar,1934-01-30,jerusalem_nasa_city_point,modeled UT1; not exact UTC,P4,1934-01-30T19:14:26.120,2.2472,50.08135381040615,True,0
solar-09360,solar,1934-02-14,jerusalem_nasa_city_point,modeled UT1; not exact UTC,C1,1934-02-13T23:24:40.956,-1.5820123302815854,-62.12354011491737,False,1
solar-09360,solar,1934-02-14,jerusalem_nasa_city_point,modeled UT1; not exact UTC,MID,1934-02-14T00:08:26.963,-0.852565930200677,-54.01175827102814,False,1
solar-09360,solar,1934-02-14,jerusalem_nasa_city_point,modeled UT1; not exact UTC,C4,1934-02-14T00:53:42.071,-0.09836906442828686,-44.87083079898731,False,1
lunar-09500,lunar,1934-07-26,jerusalem_nasa_city_point,modeled UT1; not exact UTC,P1,1934-07-26T09:52:22.760,-2.1204,-78.79202275649125,False,2
lunar-09500,lunar,1934-07-26,jerusalem_nasa_city_point,modeled UT1; not exact UTC,U1,1934-07-26T10:54:49.100,-1.07975,-70.72555246363757,False,2
lunar-09500,lunar,1934-07-26,jerusalem_nasa_city_point,modeled UT1; not exact UTC,MID,1934-07-26T12:15:14.072,0.26052,-55.39371584929569,False,2
lunar-09500,lunar,1934-07-26,jerusalem_nasa_city_point,modeled UT1; not exact UTC,U4,1934-07-26T13:35:38.252,1.60057,-39.149846227554214,False,2
lunar-09500,lunar,1934-07-26,jerusalem_nasa_city_point,modeled UT1; not exact UTC,P4,1934-07-26T14:38:03.908,2.64103,-26.489409436160052,False,2
lunar-09501,lunar,1935-01-19,jerusalem_nasa_city_point,modeled UT1; not exact UTC,P1,1935-01-19T12:41:08.516,-3.30769,-23.10195703773821,False,2
lunar-09501,lunar,1935-01-19,jerusalem_nasa_city_point,modeled UT1; not exact UTC,U1,1935-01-19T13:53:50.996,-2.09589,-11.656799877506455,False,2
lunar-09501,lunar,1935-01-19,jerusalem_nasa_city_point,modeled UT1; not exact UTC,U2,1935-01-19T15:04:02.888,-0.92592,0.964430472976187,True,0
lunar-09501,lunar,1935-01-19,jerusalem_nasa_city_point,modeled UT1; not exact UTC,MID,1935-01-19T15:47:11.360,-0.2069,9.228806594961183,True,0
lunar-09501,lunar,1935-01-19,jerusalem_nasa_city_point,modeled UT1; not exact UTC,U3,1935-01-19T16:30:19.076,0.51191,17.762215688118214,True,0
lunar-09501,lunar,1935-01-19,jerusalem_nasa_city_point,modeled UT1; not exact UTC,U4,1935-01-19T17:40:30.392,1.68172,32.04236398882714,True,0
lunar-09501,lunar,1935-01-19,jerusalem_nasa_city_point,modeled UT1; not exact UTC,P4,1935-01-19T18:53:16.256,2.89446,47.08554641221315,True,0
solar-09364,solar,1935-06-30,jerusalem_nasa_city_point,modeled UT1; not exact UTC,C1,1935-06-30T20:05:04.327,0.0911463572743535,-30.30518721927658,False,1
solar-09364,solar,1935-06-30,jerusalem_nasa_city_point,modeled UT1; not exact UTC,MID,1935-06-30T20:19:12.144,0.32665107299582063,-31.54081279142351,False,1
solar-09364,solar,1935-06-30,jerusalem_nasa_city_point,modeled UT1; not exact UTC,C4,1935-06-30T20:33:18.562,0.5617673654151292,-32.60243835809033,False,1
lunar-09502,lunar,1935-07-16,jerusalem_nasa_city_point,modeled UT1; not exact UTC,P1,1935-07-16T02:17:08.264,-2.70776,3.4489739348979973,True,0
lunar-09502,lunar,1935-07-16,jerusalem_nasa_city_point,modeled UT1; not exact UTC,U1,1935-07-16T03:12:17.780,-1.78845,-6.618065813279785,False,2
lunar-09502,lunar,1935-07-16,jerusalem_nasa_city_point,modeled UT1; not exact UTC,U2,1935-07-16T04:09:52.664,-0.82876,-17.630537532594346,False,2
lunar-09502,lunar,1935-07-16,jerusalem_nasa_city_point,modeled UT1; not exact UTC,MID,1935-07-16T04:59:40.952,0.00132,-27.42394346638223,False,2
lunar-09502,lunar,1935-07-16,jerusalem_nasa_city_point,modeled UT1; not exact UTC,U3,1935-07-16T05:49:30.068,0.83163,-37.365163618738016,False,2
lunar-09502,lunar,1935-07-16,jerusalem_nasa_city_point,modeled UT1; not exact UTC,U4,1935-07-16T06:47:05.636,1.79151,-48.91355140925937,False,2
lunar-09502,lunar,1935-07-16,jerusalem_nasa_city_point,modeled UT1; not exact UTC,P4,1935-07-16T07:42:09.572,2.70927,-59.82646816360705,False,2
lunar-09503,lunar,1936-01-08,jerusalem_nasa_city_point,modeled UT1; not exact UTC,P1,1936-01-08T15:18:34.196,-2.68389,6.457552812946788,True,0
lunar-09503,lunar,1936-01-08,jerusalem_nasa_city_point,modeled UT1; not exact UTC,U1,1936-01-08T16:28:16.712,-1.52208,20.057947373816027,True,0
lunar-09503,lunar,1936-01-08,jerusalem_nasa_city_point,modeled UT1; not exact UTC,U2,1936-01-08T17:59:08.588,-0.00767,38.52787053654349,True,0
lunar-09503,lunar,1936-01-08,jerusalem_nasa_city_point,modeled UT1; not exact UTC,MID,1936-01-08T18:09:34.160,0.1661,40.67756845931038,True,0
lunar-09503,lunar,1936-01-08,jerusalem_nasa_city_point,modeled UT1; not exact UTC,U3,1936-01-08T18:19:56.348,0.33893,42.81853367799117,True,0
lunar-09503,lunar,1936-01-08,jerusalem_nasa_city_point,modeled UT1; not exact UTC,U4,1936-01-08T19:50:47.648,1.85318,61.476917331672865,True,0
lunar-09503,lunar,1936-01-08,jerusalem_nasa_city_point,modeled UT1; not exact UTC,P4,1936-01-08T21:00:39.560,3.0176,74.56410591001958,True,0
solar-09367,solar,1936-06-19,jerusalem_nasa_city_point,modeled UT1; not exact UTC,C1,1936-06-19T02:48:36.677,-2.183200853542129,2.027473246700648,True,0
solar-09367,solar,1936-06-19,jerusalem_nasa_city_point,modeled UT1; not exact UTC,MID,1936-06-19T03:42:33.877,-1.2839786030999507,12.565494869656339,True,0
solar-09367,solar,1936-06-19,jerusalem_nasa_city_point,modeled UT1; not exact UTC,C4,1936-06-19T04:41:58.751,-0.2937358900323933,24.660996958217275,True,0
lunar-09504,lunar,1936-07-04,jerusalem_nasa_city_point,modeled UT1; not exact UTC,P1,1936-07-04T15:00:15.800,-1.989,-19.961123804483574,False,2
lunar-09504,lunar,1936-07-04,jerusalem_nasa_city_point,modeled UT1; not exact UTC,U1,1936-07-04T16:26:55.928,-0.54452,-3.2543334929417695,False,2
lunar-09504,lunar,1936-07-04,jerusalem_nasa_city_point,modeled UT1; not exact UTC,MID,1936-07-04T17:24:59.648,0.42318,7.258417172544931,True,0
lunar-09504,lunar,1936-07-04,jerusalem_nasa_city_point,modeled UT1; not exact UTC,U4,1936-07-04T18:23:14.132,1.39387,16.912508697697643,True,0
lunar-09504,lunar,1936-07-04,jerusalem_nasa_city_point,modeled UT1; not exact UTC,P4,1936-07-04T19:49:46.412,2.83617,28.596658107366245,True,0
solar-09368,solar,1936-12-13,jerusalem_nasa_city_point,modeled UT1; not exact UTC,C1,1936-12-13T22:20:59.398,-0.6435560402685084,-76.44151853884695,False,1
solar-09368,solar,1936-12-13,jerusalem_nasa_city_point,modeled UT1; not exact UTC,MID,1936-12-13T22:52:26.593,-0.11933516622914614,-70.55749844665306,False,1
solar-09368,solar,1936-12-13,jerusalem_nasa_city_point,modeled UT1; not exact UTC,C4,1936-12-13T23:24:17.540,0.4114833891372693,-64.0751327214924,False,1
lunar-09505,lunar,1936-12-28,jerusalem_nasa_city_point,modeled UT1; not exact UTC,P1,1936-12-28T01:50:56.764,-2.14426,32.23669316038803,True,0
lunar-09505,lunar,1936-12-28,jerusalem_nasa_city_point,modeled UT1; not exact UTC,MID,1936-12-28T03:48:44.896,-0.18089,8.73154004164993,True,0
lunar-09505,lunar,1936-12-28,jerusalem_nasa_city_point,modeled UT1; not exact UTC,P4,1936-12-28T05:46:28.060,1.7811,-12.615771849124872,False,2
lunar-09506,lunar,1937-05-25,jerusalem_nasa_city_point,modeled UT1; not exact UTC,P1,1937-05-25T05:43:49.480,-2.26295,-39.54529995872619,False,2
lunar-09506,lunar,1937-05-25,jerusalem_nasa_city_point,modeled UT1; not exact UTC,MID,1937-05-25T07:51:10.300,-0.1405,-65.22392440742937,False,2
lunar-09506,lunar,1937-05-25,jerusalem_nasa_city_point,modeled UT1; not exact UTC,P4,1937-05-25T09:58:32.596,1.98236,-79.55548614988061,False,2
lunar-09507,lunar,1937-11-18,jerusalem_nasa_city_point,modeled UT1; not exact UTC,P1,1937-11-18T06:11:46.792,-1.79703,-22.637140158031606,False,2
lunar-09507,lunar,1937-11-18,jerusalem_nasa_city_point,modeled UT1; not exact UTC,U1,1937-11-18T07:38:24.040,-0.35335,-33.41042614057046,False,2
lunar-09507,lunar,1937-11-18,jerusalem_nasa_city_point,modeled UT1; not exact UTC,MID,1937-11-18T08:19:01.708,0.32378,-36.68490285545369,False,2
lunar-09507,lunar,1937-11-18,jerusalem_nasa_city_point,modeled UT1; not exact UTC,U4,1937-11-18T08:59:43.192,1.00197,-38.50137509235861,False,2
lunar-09507,lunar,1937-11-18,jerusalem_nasa_city_point,modeled UT1; not exact UTC,P4,1937-11-18T10:26:18.748,2.44518,-36.96614570903246,False,2
solar-09370,solar,1937-12-02,jerusalem_nasa_city_point,modeled UT1; not exact UTC,C1,1937-12-02T21:52:55.656,-1.111234420882159,-78.8401244971718,False,1
solar-09370,solar,1937-12-02,jerusalem_nasa_city_point,modeled UT1; not exact UTC,MID,1937-12-02T22:35:47.524,-0.3968266267622909,-72.16257102853325,False,1
solar-09370,solar,1937-12-02,jerusalem_nasa_city_point,modeled UT1; not exact UTC,C4,1937-12-02T23:19:17.777,0.32824367653187186,-63.56507233300962,False,1
lunar-09508,lunar,1938-05-14,jerusalem_nasa_city_point,modeled UT1; not exact UTC,P1,1938-05-14T05:46:12.300,-3.22325,-39.128816015094074,False,2
lunar-09508,lunar,1938-05-14,jerusalem_nasa_city_point,modeled UT1; not exact UTC,U1,1938-05-14T06:57:03.180,-2.04245,-53.485206677734055,False,2
lunar-09508,lunar,1938-05-14,jerusalem_nasa_city_point,modeled UT1; not exact UTC,U2,1938-05-14T08:18:53.760,-0.6784,-69.00104812286541,False,2
lunar-09508,lunar,1938-05-14,jerusalem_nasa_city_point,modeled UT1; not exact UTC,MID,1938-05-14T08:43:36.060,-0.26665,-72.93018999272361,False,2
lunar-09508,lunar,1938-05-14,jerusalem_nasa_city_point,modeled UT1; not exact UTC,U3,1938-05-14T09:08:16.200,0.1445,-75.93318408756139,False,2
lunar-09508,lunar,1938-05-14,jerusalem_nasa_city_point,modeled UT1; not exact UTC,U4,1938-05-14T10:30:06.312,1.50842,-73.03034692402015,False,2
lunar-09508,lunar,1938-05-14,jerusalem_nasa_city_point,modeled UT1; not exact UTC,P4,1938-05-14T11:41:03.888,2.69108,-60.651390698014964,False,2
lunar-09509,lunar,1938-11-07,jerusalem_nasa_city_point,modeled UT1; not exact UTC,P1,1938-11-07T19:40:31.856,-2.31779,62.80753996633035,True,0
lunar-09509,lunar,1938-11-07,jerusalem_nasa_city_point,modeled UT1; not exact UTC,U1,1938-11-07T20:41:14.408,-1.30597,72.09414646596446,True,0
lunar-09509,lunar,1938-11-07,jerusalem_nasa_city_point,modeled UT1; not exact UTC,U2,1938-11-07T21:45:36.416,-0.23319,73.45646479214916,True,0
lunar-09509,lunar,1938-11-07,jerusalem_nasa_city_point,modeled UT1; not exact UTC,MID,1938-11-07T22:26:18.296,0.44511,68.67037077426878,True,0
lunar-09509,lunar,1938-11-07,jerusalem_nasa_city_point,modeled UT1; not exact UTC,U3,1938-11-07T23:07:02.012,1.12392,61.74550294212138,True,0
lunar-09509,lunar,1938-11-07,jerusalem_nasa_city_point,modeled UT1; not exact UTC,U4,1938-11-08T00:11:24.956,2.19696,49.20047586383635,True,0
lunar-09509,lunar,1938-11-07,jerusalem_nasa_city_point,modeled UT1; not exact UTC,P4,1938-11-08T01:12:00.200,3.20675,36.82361030157234,True,0
solar-09373,solar,1939-04-19,jerusalem_nasa_city_point,modeled UT1; not exact UTC,C1,1939-04-19T18:00:17.015,1.0114486449748814,-22.56066063624133,False,1
solar-09373,solar,1939-04-19,jerusalem_nasa_city_point,modeled UT1; not exact UTC,MID,1939-04-19T18:20:02.240,1.3406778803301884,-26.12379269187755,False,1
solar-09373,solar,1939-04-19,jerusalem_nasa_city_point,modeled UT1; not exact UTC,C4,1939-04-19T18:39:26.658,1.6641273420826894,-29.47568172165547,False,1
lunar-09510,lunar,1939-05-03,jerusalem_nasa_city_point,modeled UT1; not exact UTC,P1,1939-05-03T12:24:34.696,-2.58364,-47.585353468441056,False,2
lunar-09510,lunar,1939-05-03,jerusalem_nasa_city_point,modeled UT1; not exact UTC,U1,1939-05-03T13:27:44.956,-1.53079,-34.969333748274636,False,2
lunar-09510,lunar,1939-05-03,jerusalem_nasa_city_point,modeled UT1; not exact UTC,U2,1939-05-03T14:40:05.584,-0.32506,-20.340792904463726,False,2
lunar-09510,lunar,1939-05-03,jerusalem_nasa_city_point,modeled UT1; not exact UTC,MID,1939-05-03T15:11:18.376,0.19516,-14.065644395339573,False,2
lunar-09510,lunar,1939-05-03,jerusalem_nasa_city_point,modeled UT1; not exact UTC,U3,1939-05-03T15:42:28.504,0.71464,-7.861088458940306,False,2
lunar-09510,lunar,1939-05-03,jerusalem_nasa_city_point,modeled UT1; not exact UTC,U4,1939-05-03T16:54:48.016,1.92006,6.125422269630352,True,0
lunar-09510,lunar,1939-05-03,jerusalem_nasa_city_point,modeled UT1; not exact UTC,P4,1939-05-03T17:58:06.196,2.97511,17.569759136930568,True,0
lunar-09511,lunar,1939-10-28,jerusalem_nasa_city_point,modeled UT1; not exact UTC,P1,1939-10-28T03:43:13.880,-3.2727,0.10448663414346848,True,0
lunar-09511,lunar,1939-10-28,jerusalem_nasa_city_point,modeled UT1; not exact UTC,U1,1939-10-28T04:54:39.752,-2.08218,-13.719550231582227,False,2
lunar-09511,lunar,1939-10-28,jerusalem_nasa_city_point,modeled UT1; not exact UTC,MID,1939-10-28T06:36:18.728,-0.38802,-31.195406144114557,False,2
lunar-09511,lunar,1939-10-28,jerusalem_nasa_city_point,modeled UT1; not exact UTC,U4,1939-10-28T08:18:01.376,1.30716,-43.323585292070156,False,2
lunar-09511,lunar,1939-10-28,jerusalem_nasa_city_point,modeled UT1; not exact UTC,P4,1939-10-28T09:29:18.752,2.49532,-46.087199280230216,False,2
lunar-09512,lunar,1940-03-23,jerusalem_nasa_city_point,modeled UT1; not exact UTC,P1,1940-03-23T19:10:34.264,-0.81701,39.497883587266465,True,0
lunar-09512,lunar,1940-03-23,jerusalem_nasa_city_point,modeled UT1; not exact UTC,MID,1940-03-23T19:47:54.976,-0.19459,45.229278574688166,True,0
lunar-09512,lunar,1940-03-23,jerusalem_nasa_city_point,modeled UT1; not exact UTC,P4,1940-03-23T20:25:12.124,0.42684,49.921329968491314,True,0
solar-09375,solar,1940-04-07,jerusalem_nasa_city_point,modeled UT1; not exact UTC,C1,1940-04-07T20:17:35.332,0.2999534216795273,-46.399160130087694,False,1
solar-09375,solar,1940-04-07,jerusalem_nasa_city_point,modeled UT1; not exact UTC,MID,1940-04-07T20:56:48.473,0.9536035220886937,-49.79859200722334,False,1
solar-09375,solar,1940-04-07,jerusalem_nasa_city_point,modeled UT1; not exact UTC,C4,1940-04-07T21:35:37.447,1.600540810127998,-51.18374823296065,False,1
lunar-09513,lunar,1940-04-22,jerusalem_nasa_city_point,modeled UT1; not exact UTC,P1,1940-04-22T02:29:42.736,-1.49799,6.699680272205264,True,0
lunar-09513,lunar,1940-04-22,jerusalem_nasa_city_point,modeled UT1; not exact UTC,MID,1940-04-22T04:26:00.832,0.44037,-16.758830813388183,False,2
lunar-09513,lunar,1940-04-22,jerusalem_nasa_city_point,modeled UT1; not exact UTC,P4,1940-04-22T06:22:13.636,2.37726,-40.353354155645945,False,2
lunar-09514,lunar,1940-10-16,jerusalem_nasa_city_point,modeled UT1; not exact UTC,P1,1940-10-16T05:56:53.804,-2.04486,-28.009394541635682,False,2
lunar-09514,lunar,1940-10-16,jerusalem_nasa_city_point,modeled UT1; not exact UTC,MID,1940-10-16T08:00:52.664,0.02149,-46.1205687580727,False,2
lunar-09514,lunar,1940-10-16,jerusalem_nasa_city_point,modeled UT1; not exact UTC,P4,1940-10-16T10:04:51.956,2.08796,-49.80648105232029,False,2
lunar-09515,lunar,1941-03-13,jerusalem_nasa_city_point,modeled UT1; not exact UTC,P1,1941-03-13T09:39:17.904,-2.33811,-56.203108451120116,False,2
lunar-09515,lunar,1941-03-13,jerusalem_nasa_city_point,modeled UT1; not exact UTC,U1,1941-03-13T10:55:32.460,-1.0674,-52.670196632828294,False,2
lunar-09515,lunar,1941-03-13,jerusalem_nasa_city_point,modeled UT1; not exact UTC,MID,1941-03-13T11:55:22.128,-0.07027,-45.25025283779292,False,2
lunar-09515,lunar,1941-03-13,jerusalem_nasa_city_point,modeled UT1; not exact UTC,U4,1941-03-13T12:55:18.096,0.92861,-35.46746888229303,False,2
lunar-09515,lunar,1941-03-13,jerusalem_nasa_city_point,modeled UT1; not exact UTC,P4,1941-03-13T14:11:28.944,2.19829,-21.269024875091308,False,2
lunar-09516,lunar,1941-09-05,jerusalem_nasa_city_point,modeled UT1; not exact UTC,P1,1941-09-05T15:27:09.972,-2.54023,-5.3069481759685395,False,2
lunar-09516,lunar,1941-09-05,jerusalem_nasa_city_point,modeled UT1; not exact UTC,U1,1941-09-05T17:20:03.084,-0.65881,17.575497136452615,True,0
lunar-09516,lunar,1941-09-05,jerusalem_nasa_city_point,modeled UT1; not exact UTC,MID,1941-09-05T17:46:49.764,-0.21251,22.771049158525646,True,0
lunar-09516,lunar,1941-09-05,jerusalem_nasa_city_point,modeled UT1; not exact UTC,U4,1941-09-05T18:13:24.096,0.23036,27.768186835704046,True,0
lunar-09516,lunar,1941-09-05,jerusalem_nasa_city_point,modeled UT1; not exact UTC,P4,1941-09-05T20:06:27.360,2.1146,45.77741013905529,True,0
solar-09378,solar,1941-09-21,jerusalem_nasa_city_point,modeled UT1; not exact UTC,C1,1941-09-21T02:03:58.572,-2.9267299092522356,-18.144665378734,False,1
solar-09378,solar,1941-09-21,jerusalem_nasa_city_point,modeled UT1; not exact UTC,MID,1941-09-21T02:51:40.689,-2.131697570614231,-8.152948285757835,False,1
solar-09378,solar,1941-09-21,jerusalem_nasa_city_point,modeled UT1; not exact UTC,C4,1941-09-21T03:42:56.757,-1.2772340682515901,2.721562797854219,True,0
lunar-09517,lunar,1942-03-03,jerusalem_nasa_city_point,modeled UT1; not exact UTC,P1,1942-03-02T21:29:16.168,-2.50512,65.01539516655886,True,0
lunar-09517,lunar,1942-03-03,jerusalem_nasa_city_point,modeled UT1; not exact UTC,U1,1942-03-02T22:31:39.700,-1.46525,63.022310156327514,True,0
lunar-09517,lunar,1942-03-03,jerusalem_nasa_city_point,modeled UT1; not exact UTC,U2,1942-03-02T23:33:32.128,-0.43402,54.898140058220946,True,0
lunar-09517,lunar,1942-03-03,jerusalem_nasa_city_point,modeled UT1; not exact UTC,MID,1942-03-03T00:21:28.240,0.3649,46.471249702779396,True,0
lunar-09517,lunar,1942-03-03,jerusalem_nasa_city_point,modeled UT1; not exact UTC,U3,1942-03-03T01:09:25.828,1.16423,37.175559119724475,True,0
lunar-09517,lunar,1942-03-03,jerusalem_nasa_city_point,modeled UT1; not exact UTC,U4,1942-03-03T02:11:19.336,2.19576,24.585259900941942,True,0
lunar-09517,lunar,1942-03-03,jerusalem_nasa_city_point,modeled UT1; not exact UTC,P4,1942-03-03T03:13:34.084,3.23319,11.679582304514458,True,0
lunar-09518,lunar,1942-08-26,jerusalem_nasa_city_point,modeled UT1; not exact UTC,P1,1942-08-26T01:03:16.348,-2.93832,23.497992916190878,True,0
lunar-09518,lunar,1942-08-26,jerusalem_nasa_city_point,modeled UT1; not exact UTC,U1,1942-08-26T02:00:53.140,-1.9781,13.023503536755245,True,0
lunar-09518,lunar,1942-08-26,jerusalem_nasa_city_point,modeled UT1; not exact UTC,U2,1942-08-26T03:01:17.260,-0.9714,1.3355994494731493,True,0
lunar-09518,lunar,1942-08-26,jerusalem_nasa_city_point,modeled UT1; not exact UTC,MID,1942-08-26T03:47:59.500,-0.193,-7.980451361002369,False,2
lunar-09518,lunar,1942-08-26,jerusalem_nasa_city_point,modeled UT1; not exact UTC,U3,1942-08-26T04:34:40.408,0.58503,-17.406032785436427,False,2
lunar-09518,lunar,1942-08-26,jerusalem_nasa_city_point,modeled UT1; not exact UTC,U4,1942-08-26T05:35:03.916,1.59156,-29.600944070769852,False,2
lunar-09518,lunar,1942-08-26,jerusalem_nasa_city_point,modeled UT1; not exact UTC,P4,1942-08-26T06:32:48.232,2.55387,-41.03905398886872,False,2
solar-09381,solar,1942-09-10,jerusalem_nasa_city_point,modeled UT1; not exact UTC,C1,1942-09-10T16:22:21.646,0.3798183300210888,-7.106861818739915,False,1
solar-09381,solar,1942-09-10,jerusalem_nasa_city_point,modeled UT1; not exact UTC,MID,1942-09-10T16:47:19.605,0.7959180272661,-12.299252384038462,False,1
solar-09381,solar,1942-09-10,jerusalem_nasa_city_point,modeled UT1; not exact UTC,C4,1942-09-10T17:11:35.217,1.2002548507938948,-17.26905388497023,False,1
solar-09382,solar,1943-02-04,jerusalem_nasa_city_point,modeled UT1; not exact UTC,C1,1943-02-04T23:11:49.749,-0.7956531015067325,-66.33259258289327,False,1
solar-09382,solar,1943-02-04,jerusalem_nasa_city_point,modeled UT1; not exact UTC,MID,1943-02-04T23:17:07.664,-0.7073433782646402,-65.41206270420665,False,1
solar-09382,solar,1943-02-04,jerusalem_nasa_city_point,modeled UT1; not exact UTC,C4,1943-02-04T23:22:24.415,-0.6193569499222424,-64.47206864330555,False,1
lunar-09519,lunar,1943-02-20,jerusalem_nasa_city_point,modeled UT1; not exact UTC,P1,1943-02-20T02:45:20.900,-3.237,18.760444853189743,True,0
lunar-09519,lunar,1943-02-20,jerusalem_nasa_city_point,modeled UT1; not exact UTC,U1,1943-02-20T04:03:28.388,-1.93492,2.6669167260600344,True,0
lunar-09519,lunar,1943-02-20,jerusalem_nasa_city_point,modeled UT1; not exact UTC,MID,1943-02-20T05:37:56.840,-0.36035,-15.904526270975932,False,2
lunar-09519,lunar,1943-02-20,jerusalem_nasa_city_point,modeled UT1; not exact UTC,U4,1943-02-20T07:12:29.180,1.2153,-32.36150791430849,False,2
lunar-09519,lunar,1943-02-20,jerusalem_nasa_city_point,modeled UT1; not exact UTC,P4,1943-02-20T08:30:29.072,2.51527,-42.66512676435072,False,2
lunar-09520,lunar,1943-08-15,jerusalem_nasa_city_point,modeled UT1; not exact UTC,P1,1943-08-15T16:59:57.380,-1.99345,7.614793795466121,True,0
lunar-09520,lunar,1943-08-15,jerusalem_nasa_city_point,modeled UT1; not exact UTC,U1,1943-08-15T17:59:06.944,-1.00746,18.395542004097063,True,0
lunar-09520,lunar,1943-08-15,jerusalem_nasa_city_point,modeled UT1; not exact UTC,MID,1943-08-15T19:28:19.424,0.47934,32.42062639480223,True,0
lunar-09520,lunar,1943-08-15,jerusalem_nasa_city_point,modeled UT1; not exact UTC,U4,1943-08-15T20:57:30.320,1.9657,41.46375272212719,True,0
lunar-09520,lunar,1943-08-15,jerusalem_nasa_city_point,modeled UT1; not exact UTC,P4,1943-08-15T21:56:41.036,2.95201,43.142076739997016,True,0
solar-09384,solar,1944-01-25,jerusalem_nasa_city_point,modeled UT1; not exact UTC,C1,1944-01-25T16:06:27.885,1.1150790258210392,-13.029439710158623,False,1
solar-09384,solar,1944-01-25,jerusalem_nasa_city_point,modeled UT1; not exact UTC,MID,1944-01-25T16:56:55.156,1.9559876815036166,-23.524181396582097,False,1
solar-09384,solar,1944-01-25,jerusalem_nasa_city_point,modeled UT1; not exact UTC,C4,1944-01-25T17:44:16.468,2.745241138200241,-33.52915010053897,False,1
lunar-09521,lunar,1944-02-09,jerusalem_nasa_city_point,modeled UT1; not exact UTC,P1,1944-02-09T03:21:08.988,-1.64017,13.832422289925592,True,0
lunar-09521,lunar,1944-02-09,jerusalem_nasa_city_point,modeled UT1; not exact UTC,MID,1944-02-09T05:14:30.180,0.24905,-8.556720342262171,False,2
lunar-09521,lunar,1944-02-09,jerusalem_nasa_city_point,modeled UT1; not exact UTC,P4,1944-02-09T07:07:48.312,2.13742,-28.070611640384488,False,2
lunar-09522,lunar,1944-07-06,jerusalem_nasa_city_point,modeled UT1; not exact UTC,P1,1944-07-06T03:03:18.004,-1.93761,-4.867378913893163,False,2
lunar-09522,lunar,1944-07-06,jerusalem_nasa_city_point,modeled UT1; not exact UTC,MID,1944-07-06T04:39:34.312,-0.33308,-23.50844547414359,False,2
lunar-09522,lunar,1944-07-06,jerusalem_nasa_city_point,modeled UT1; not exact UTC,P4,1944-07-06T06:16:00.592,1.27422,-42.836773889963446,False,2
solar-09385,solar,1944-07-20,jerusalem_nasa_city_point,modeled UT1; not exact UTC,C1,1944-07-20T03:23:49.889,-2.595392000061744,6.426605923061238,True,0
solar-09385,solar,1944-07-20,jerusalem_nasa_city_point,modeled UT1; not exact UTC,MID,1944-07-20T04:07:31.082,-1.8672827124375024,15.263239938567779,True,0
solar-09385,solar,1944-07-20,jerusalem_nasa_city_point,modeled UT1; not exact UTC,C4,1944-07-20T04:54:55.248,-1.077236786139818,25.09545601966828,True,0
lunar-09523,lunar,1944-08-04,jerusalem_nasa_city_point,modeled UT1; not exact UTC,P1,1944-08-04T10:56:54.360,-1.04415,-69.08328297653601,False,2
lunar-09523,lunar,1944-08-04,jerusalem_nasa_city_point,modeled UT1; not exact UTC,MID,1944-08-04T12:26:24.120,0.44745,-52.23317131001461,False,2
lunar-09523,lunar,1944-08-04,jerusalem_nasa_city_point,modeled UT1; not exact UTC,P4,1944-08-04T13:56:00.396,1.94086,-34.16235849834008,False,2
lunar-09524,lunar,1944-12-29,jerusalem_nasa_city_point,modeled UT1; not exact UTC,P1,1944-12-29T12:35:45.916,-2.39644,-21.946718646855786,False,2
lunar-09524,lunar,1944-12-29,jerusalem_nasa_city_point,modeled UT1; not exact UTC,MID,1944-12-29T14:49:07.708,-0.17372,0.26545573023348845,True,0
lunar-09524,lunar,1944-12-29,jerusalem_nasa_city_point,modeled UT1; not exact UTC,P4,1944-12-29T17:02:24.496,2.04761,26.259896785103358,True,0
lunar-09525,lunar,1945-06-25,jerusalem_nasa_city_point,modeled UT1; not exact UTC,P1,1945-06-25T12:27:14.984,-2.53831,-51.6772236345293,False,2
lunar-09525,lunar,1945-06-25,jerusalem_nasa_city_point,modeled UT1; not exact UTC,U1,1945-06-25T13:37:35.984,-1.36581,-37.46283899560273,False,2
lunar-09525,lunar,1945-06-25,jerusalem_nasa_city_point,modeled UT1; not exact UTC,MID,1945-06-25T15:13:54.488,0.23933,-18.30990621227537,False,2
lunar-09525,lunar,1945-06-25,jerusalem_nasa_city_point,modeled UT1; not exact UTC,U4,1945-06-25T16:50:18.068,1.84588,0,True,0
lunar-09525,lunar,1945-06-25,jerusalem_nasa_city_point,modeled UT1; not exact UTC,P4,1945-06-25T18:00:30.356,3.01596,11.988866402078,True,0
solar-09387,solar,1945-07-09,jerusalem_nasa_city_point,modeled UT1; not exact UTC,C1,1945-07-09T14:06:55.904,1.1230566659326113,31.583275801647513,True,0
solar-09387,solar,1945-07-09,jerusalem_nasa_city_point,modeled UT1; not exact UTC,MID,1945-07-09T15:02:19.236,2.0462045437790644,20.04683421279451,True,0
solar-09387,solar,1945-07-09,jerusalem_nasa_city_point,modeled UT1; not exact UTC,C4,1945-07-09T15:52:46.857,2.887210347583235,9.81318550541798,True,0
lunar-09526,lunar,1945-12-19,jerusalem_nasa_city_point,modeled UT1; not exact UTC,P1,1945-12-18T23:39:55.716,-2.32694,59.32037817819798,True,0
lunar-09526,lunar,1945-12-19,jerusalem_nasa_city_point,modeled UT1; not exact UTC,U1,1945-12-19T00:37:52.020,-1.3613,47.42515650968252,True,0
lunar-09526,lunar,1945-12-19,jerusalem_nasa_city_point,modeled UT1; not exact UTC,U2,1945-12-19T01:40:52.920,-0.31105,34.50643353693114,True,0
lunar-09526,lunar,1945-12-19,jerusalem_nasa_city_point,modeled UT1; not exact UTC,MID,1945-12-19T02:20:19.956,0.34646,26.527494696757778,True,0
lunar-09526,lunar,1945-12-19,jerusalem_nasa_city_point,modeled UT1; not exact UTC,U3,1945-12-19T02:59:45.624,1.00359,18.689005841035605,True,0
lunar-09526,lunar,1945-12-19,jerusalem_nasa_city_point,modeled UT1; not exact UTC,U4,1945-12-19T04:02:45.840,2.05365,6.559480000006256,True,0
lunar-09526,lunar,1945-12-19,jerusalem_nasa_city_point,modeled UT1; not exact UTC,P4,1945-12-19T05:00:47.328,3.02073,-4.007060085735203,False,2
lunar-09527,lunar,1946-06-14,jerusalem_nasa_city_point,modeled UT1; not exact UTC,P1,1946-06-14T15:34:12.516,-3.42219,-12.607640489826098,False,2
lunar-09527,lunar,1946-06-14,jerusalem_nasa_city_point,modeled UT1; not exact UTC,U1,1946-06-14T16:44:18.576,-2.25384,0.44031581855324975,True,0
lunar-09527,lunar,1946-06-14,jerusalem_nasa_city_point,modeled UT1; not exact UTC,U2,1946-06-14T17:53:15.444,-1.10471,12.21247058344741,True,0
lunar-09527,lunar,1946-06-14,jerusalem_nasa_city_point,modeled UT1; not exact UTC,MID,1946-06-14T18:38:49.392,-0.34528,19.116509630309455,True,0
lunar-09527,lunar,1946-06-14,jerusalem_nasa_city_point,modeled UT1; not exact UTC,U3,1946-06-14T19:24:23.952,0.41432,25.037299743060633,True,0
lunar-09527,lunar,1946-06-14,jerusalem_nasa_city_point,modeled UT1; not exact UTC,U4,1946-06-14T20:33:21.288,1.56358,31.431953537450788,True,0
lunar-09527,lunar,1946-06-14,jerusalem_nasa_city_point,modeled UT1; not exact UTC,P4,1946-06-14T21:43:24.216,2.73106,33.803960699222166,True,0
lunar-09528,lunar,1946-12-08,jerusalem_nasa_city_point,modeled UT1; not exact UTC,P1,1946-12-08T15:13:16.240,-2.7711,8.605335907415173,True,0
lunar-09528,lunar,1946-12-08,jerusalem_nasa_city_point,modeled UT1; not exact UTC,U1,1946-12-08T16:10:33.592,-1.81628,19.814802785066416,True,0
lunar-09528,lunar,1946-12-08,jerusalem_nasa_city_point,modeled UT1; not exact UTC,U2,1946-12-08T17:19:22.936,-0.66924,33.72299421742775,True,0
lunar-09528,lunar,1946-12-08,jerusalem_nasa_city_point,modeled UT1; not exact UTC,MID,1946-12-08T17:48:00.496,-0.19214,39.60172430432394,True,0
lunar-09528,lunar,1946-12-08,jerusalem_nasa_city_point,modeled UT1; not exact UTC,U3,1946-12-08T18:16:38.380,0.28505,45.5138992922886,True,0
lunar-09528,lunar,1946-12-08,jerusalem_nasa_city_point,modeled UT1; not exact UTC,U4,1946-12-08T19:25:28.084,1.43219,59.73436245332757,True,0
lunar-09528,lunar,1946-12-08,jerusalem_nasa_city_point,modeled UT1; not exact UTC,P4,1946-12-08T20:22:44.896,2.38686,71.22444654957579,True,0
lunar-09529,lunar,1947-06-03,jerusalem_nasa_city_point,modeled UT1; not exact UTC,P1,1947-06-03T16:50:48.344,-2.14546,2.6137245440062475,True,0
lunar-09529,lunar,1947-06-03,jerusalem_nasa_city_point,modeled UT1; not exact UTC,U1,1947-06-03T18:57:50.912,-0.02808,22.575153152623983,True,0
lunar-09529,lunar,1947-06-03,jerusalem_nasa_city_point,modeled UT1; not exact UTC,MID,1947-06-03T19:15:15.524,0.26209,24.75473394933882,True,0
lunar-09529,lunar,1947-06-03,jerusalem_nasa_city_point,modeled UT1; not exact UTC,U4,1947-06-03T19:32:32.684,0.55019,26.73663102610322,True,0
lunar-09529,lunar,1947-06-03,jerusalem_nasa_city_point,modeled UT1; not exact UTC,P4,1947-06-03T21:39:41.516,2.66931,34.07000054871063,True,0
solar-09393,solar,1947-11-12,jerusalem_nasa_city_point,modeled UT1; not exact UTC,C1,1947-11-12T19:31:58.244,-0.4593210590343008,-61.17939066821386,False,1
solar-09393,solar,1947-11-12,jerusalem_nasa_city_point,modeled UT1; not exact UTC,MID,1947-11-12T20:18:49.232,0.3215090178682745,-69.7167834491961,False,1
solar-09393,solar,1947-11-12,jerusalem_nasa_city_point,modeled UT1; not exact UTC,C4,1947-11-12T21:04:45.079,1.0870218634708166,-75.278269248792,False,1
lunar-09530,lunar,1947-11-28,jerusalem_nasa_city_point,modeled UT1; not exact UTC,P1,1947-11-28T06:34:54.288,-2.41042,-24.14898110193163,False,2
lunar-09530,lunar,1947-11-28,jerusalem_nasa_city_point,modeled UT1; not exact UTC,MID,1947-11-28T08:34:00.468,-0.42537,-35.43907460088985,False,2
lunar-09530,lunar,1947-11-28,jerusalem_nasa_city_point,modeled UT1; not exact UTC,P4,1947-11-28T10:33:13.740,1.56165,-34.46514914080912,False,2
lunar-09531,lunar,1948-04-23,jerusalem_nasa_city_point,modeled UT1; not exact UTC,P1,1948-04-23T11:29:58.384,-2.49256,-56.96223439145813,False,2
lunar-09531,lunar,1948-04-23,jerusalem_nasa_city_point,modeled UT1; not exact UTC,U1,1948-04-23T13:21:32.908,-0.63297,-35.889432233897196,False,2
lunar-09531,lunar,1948-04-23,jerusalem_nasa_city_point,modeled UT1; not exact UTC,MID,1948-04-23T13:38:49.528,-0.34502,-32.43486766898468,False,2
lunar-09531,lunar,1948-04-23,jerusalem_nasa_city_point,modeled UT1; not exact UTC,U4,1948-04-23T13:55:53.620,-0.06055,-29.00336391420232,False,2
lunar-09531,lunar,1948-04-23,jerusalem_nasa_city_point,modeled UT1; not exact UTC,P4,1948-04-23T15:47:33.796,1.80061,-6.510617326042532,False,2
solar-09394,solar,1948-05-09,jerusalem_nasa_city_point,modeled UT1; not exact UTC,C1,1948-05-09T01:06:20.364,-0.8864544657981921,-19.588485486644128,False,1
solar-09394,solar,1948-05-09,jerusalem_nasa_city_point,modeled UT1; not exact UTC,MID,1948-05-09T01:36:09.729,-0.3894086993230279,-14.313079650269417,False,1
solar-09394,solar,1948-05-09,jerusalem_nasa_city_point,modeled UT1; not exact UTC,C4,1948-05-09T02:06:51.151,0.1220976036891408,-8.598498545774941,False,1
lunar-09532,lunar,1948-10-18,jerusalem_nasa_city_point,modeled UT1; not exact UTC,P1,1948-10-18T00:15:22.448,-2.73582,42.737740959935685,True,0
lunar-09532,lunar,1948-10-18,jerusalem_nasa_city_point,modeled UT1; not exact UTC,MID,1948-10-18T02:35:12.068,-0.40537,14.459666020871655,True,0
lunar-09532,lunar,1948-10-18,jerusalem_nasa_city_point,modeled UT1; not exact UTC,P4,1948-10-18T04:55:03.380,1.92555,-13.591865379550589,False,2
solar-09395,solar,1948-11-01,jerusalem_nasa_city_point,modeled UT1; not exact UTC,C1,1948-11-01T03:47:15.195,-2.2045013374708757,-2.4531222910550174,False,1
solar-09395,solar,1948-11-01,jerusalem_nasa_city_point,modeled UT1; not exact UTC,MID,1948-11-01T04:07:16.049,-1.8709309365967333,1.6185307589451818,True,0
solar-09395,solar,1948-11-01,jerusalem_nasa_city_point,modeled UT1; not exact UTC,C4,1948-11-01T04:27:43.149,-1.530069652003228,5.715283448400865,True,0
lunar-09533,lunar,1949-04-13,jerusalem_nasa_city_point,modeled UT1; not exact UTC,P1,1949-04-13T01:33:01.548,-2.44157,19.756142501510574,True,0
lunar-09533,lunar,1949-04-13,jerusalem_nasa_city_point,modeled UT1; not exact UTC,U1,1949-04-13T02:28:04.548,-1.52407,8.949108226623407,True,0
lunar-09533,lunar,1949-04-13,jerusalem_nasa_city_point,modeled UT1; not exact UTC,U2,1949-04-13T03:28:28.128,-0.51752,-3.3148302023232508,False,2
lunar-09533,lunar,1949-04-13,jerusalem_nasa_city_point,modeled UT1; not exact UTC,MID,1949-04-13T04:10:56.316,0.19031,-12.061318634849274,False,2
lunar-09533,lunar,1949-04-13,jerusalem_nasa_city_point,modeled UT1; not exact UTC,U3,1949-04-13T04:53:23.784,0.89794,-20.8260172758612,False,2
lunar-09533,lunar,1949-04-13,jerusalem_nasa_city_point,modeled UT1; not exact UTC,U4,1949-04-13T05:53:46.752,1.90432,-33.18909908029587,False,2
lunar-09533,lunar,1949-04-13,jerusalem_nasa_city_point,modeled UT1; not exact UTC,P4,1949-04-13T06:48:51.948,2.82243,-44.15875451379677,False,2
lunar-09534,lunar,1949-10-07,jerusalem_nasa_city_point,modeled UT1; not exact UTC,P1,1949-10-06T23:51:50.452,-3.12793,44.98461903570459,True,0
lunar-09534,lunar,1949-10-07,jerusalem_nasa_city_point,modeled UT1; not exact UTC,U1,1949-10-07T01:04:59.212,-1.90883,31.09086619146157,True,0
lunar-09534,lunar,1949-10-07,jerusalem_nasa_city_point,modeled UT1; not exact UTC,U2,1949-10-07T02:20:01.084,-0.65831,15.88664757005706,True,0
lunar-09534,lunar,1949-10-07,jerusalem_nasa_city_point,modeled UT1; not exact UTC,MID,1949-10-07T02:56:26.104,-0.05136,8.405757323252155,True,0
lunar-09534,lunar,1949-10-07,jerusalem_nasa_city_point,modeled UT1; not exact UTC,U3,1949-10-07T03:32:50.764,0.55549,0.9435137859641901,True,0
lunar-09534,lunar,1949-10-07,jerusalem_nasa_city_point,modeled UT1; not exact UTC,U4,1949-10-07T04:47:52.132,1.80587,-14.143344771398265,False,2
lunar-09534,lunar,1949-10-07,jerusalem_nasa_city_point,modeled UT1; not exact UTC,P4,1949-10-07T06:01:01.468,3.02513,-28.02211163626166,False,2
lunar-09535,lunar,1950-04-02,jerusalem_nasa_city_point,modeled UT1; not exact UTC,P1,1950-04-02T18:10:48.536,-2.81174,28.19093065454683,True,0
lunar-09535,lunar,1950-04-02,jerusalem_nasa_city_point,modeled UT1; not exact UTC,U1,1950-04-02T19:09:18.536,-1.83674,38.17136943774972,True,0
lunar-09535,lunar,1950-04-02,jerusalem_nasa_city_point,modeled UT1; not exact UTC,U2,1950-04-02T20:30:38.444,-0.48121,48.622251263682465,True,0
lunar-09535,lunar,1950-04-02,jerusalem_nasa_city_point,modeled UT1; not exact UTC,MID,1950-04-02T20:44:04.772,-0.25723,49.752994166551545,True,0
lunar-09535,lunar,1950-04-02,jerusalem_nasa_city_point,modeled UT1; not exact UTC,U3,1950-04-02T20:57:32.648,-0.03282,50.66767543515799,True,0
lunar-09535,lunar,1950-04-02,jerusalem_nasa_city_point,modeled UT1; not exact UTC,U4,1950-04-02T22:18:53.564,1.32299,50.91021633948386,True,0
lunar-09535,lunar,1950-04-02,jerusalem_nasa_city_point,modeled UT1; not exact UTC,P4,1950-04-02T23:17:20.936,2.29726,45.72264367304323,True,0
lunar-09536,lunar,1950-09-26,jerusalem_nasa_city_point,modeled UT1; not exact UTC,P1,1950-09-26T01:21:43.356,-2.62979,25.353095949396,True,0
lunar-09536,lunar,1950-09-26,jerusalem_nasa_city_point,modeled UT1; not exact UTC,U1,1950-09-26T02:31:47.904,-1.46186,11.277121094725851,True,0
lunar-09536,lunar,1950-09-26,jerusalem_nasa_city_point,modeled UT1; not exact UTC,U2,1950-09-26T03:54:32.736,-0.08274,-5.627252515542981,False,2
lunar-09536,lunar,1950-09-26,jerusalem_nasa_city_point,modeled UT1; not exact UTC,MID,1950-09-26T04:16:42.036,0.28651,-10.122685621455123,False,2
lunar-09536,lunar,1950-09-26,jerusalem_nasa_city_point,modeled UT1; not exact UTC,U3,1950-09-26T04:38:48.636,0.65501,-14.57189853563316,False,2
lunar-09536,lunar,1950-09-26,jerusalem_nasa_city_point,modeled UT1; not exact UTC,U4,1950-09-26T06:01:33.144,2.03404,-30.622876230692796,False,2
lunar-09536,lunar,1950-09-26,jerusalem_nasa_city_point,modeled UT1; not exact UTC,P4,1950-09-26T07:11:46.836,3.20451,-42.799583706944276,False,2
lunar-09537,lunar,1951-03-23,jerusalem_nasa_city_point,modeled UT1; not exact UTC,P1,1951-03-23T08:49:59.692,-2.15853,-57.853914122492355,False,2
lunar-09537,lunar,1951-03-23,jerusalem_nasa_city_point,modeled UT1; not exact UTC,MID,1951-03-23T10:37:03.640,-0.3741,-58.03987262042484,False,2
lunar-09537,lunar,1951-03-23,jerusalem_nasa_city_point,modeled UT1; not exact UTC,P4,1951-03-23T12:24:19.036,1.41351,-43.4323169002055,False,2
lunar-09538,lunar,1951-08-17,jerusalem_nasa_city_point,modeled UT1; not exact UTC,P1,1951-08-17T02:27:13.932,-0.53788,6.571862434500449,True,0
lunar-09538,lunar,1951-08-17,jerusalem_nasa_city_point,modeled UT1; not exact UTC,MID,1951-08-17T03:14:08.952,0.24407,-2.356052210540183,False,2
lunar-09538,lunar,1951-08-17,jerusalem_nasa_city_point,modeled UT1; not exact UTC,P4,1951-08-17T04:00:50.148,1.02218,-11.520213311508165,False,2
lunar-09539,lunar,1951-09-15,jerusalem_nasa_city_point,modeled UT1; not exact UTC,P1,1951-09-15T10:29:16.052,-1.50393,-58.25292940348124,False,2
lunar-09539,lunar,1951-09-15,jerusalem_nasa_city_point,modeled UT1; not exact UTC,MID,1951-09-15T12:26:36.536,0.45176,-40.29114359392747,False,2
lunar-09539,lunar,1951-09-15,jerusalem_nasa_city_point,modeled UT1; not exact UTC,P4,1951-09-15T14:23:51.908,2.40603,-17.155354682056032,False,2
lunar-09540,lunar,1952-02-11,jerusalem_nasa_city_point,modeled UT1; not exact UTC,P1,1952-02-10T22:08:19.696,-2.85289,73.18157753573746,True,0
lunar-09540,lunar,1952-02-11,jerusalem_nasa_city_point,modeled UT1; not exact UTC,U1,1952-02-11T00:04:17.056,-0.92029,55.57744170698565,True,0
lunar-09540,lunar,1952-02-11,jerusalem_nasa_city_point,modeled UT1; not exact UTC,MID,1952-02-11T00:39:17.692,-0.33678,48.5413460653146,True,0
lunar-09540,lunar,1952-02-11,jerusalem_nasa_city_point,modeled UT1; not exact UTC,U4,1952-02-11T01:14:24.160,0.24835,41.29330069855714,True,0
lunar-09540,lunar,1952-02-11,jerusalem_nasa_city_point,modeled UT1; not exact UTC,P4,1952-02-11T03:10:14.788,2.17908,17.067517590650212,True,0
solar-09402,solar,1952-02-25,jerusalem_nasa_city_point,modeled UT1; not exact UTC,C1,1952-02-25T08:22:03.787,-0.6239759588166714,43.483231218716746,True,0
solar-09402,solar,1952-02-25,jerusalem_nasa_city_point,modeled UT1; not exact UTC,MID,1952-02-25T09:42:44.558,0.7206827359220535,48.757959448619204,True,0
solar-09402,solar,1952-02-25,jerusalem_nasa_city_point,modeled UT1; not exact UTC,C4,1952-02-25T11:01:55.132,2.040286561405513,45.60696488671395,True,0
lunar-09541,lunar,1952-08-05,jerusalem_nasa_city_point,modeled UT1; not exact UTC,P1,1952-08-05T17:28:12.680,-2.52145,10.644452166903935,True,0
lunar-09541,lunar,1952-08-05,jerusalem_nasa_city_point,modeled UT1; not exact UTC,U1,1952-08-05T18:33:49.316,-1.42794,21.82862956497826,True,0
lunar-09541,lunar,1952-08-05,jerusalem_nasa_city_point,modeled UT1; not exact UTC,MID,1952-08-05T19:47:24.716,-0.20144,32.21722086004654,True,0
lunar-09541,lunar,1952-08-05,jerusalem_nasa_city_point,modeled UT1; not exact UTC,U4,1952-08-05T21:00:59.684,1.02494,38.871917434267786,True,0
lunar-09541,lunar,1952-08-05,jerusalem_nasa_city_point,modeled UT1; not exact UTC,P4,1952-08-05T22:06:34.916,2.11806,40.34921529688303,True,0
lunar-09542,lunar,1953-01-29,jerusalem_nasa_city_point,modeled UT1; not exact UTC,P1,1953-01-29T20:41:50.616,-3.29419,69.92482847882438,True,0
lunar-09542,lunar,1953-01-29,jerusalem_nasa_city_point,modeled UT1; not exact UTC,U1,1953-01-29T21:54:23.988,-2.08492,76.32573353988137,True,0
lunar-09542,lunar,1953-01-29,jerusalem_nasa_city_point,modeled UT1; not exact UTC,U2,1953-01-29T23:05:02.412,-0.90758,68.19597389011733,True,0
lunar-09542,lunar,1953-01-29,jerusalem_nasa_city_point,modeled UT1; not exact UTC,MID,1953-01-29T23:47:18.252,-0.20318,60.29803074392785,True,0
lunar-09542,lunar,1953-01-29,jerusalem_nasa_city_point,modeled UT1; not exact UTC,U3,1953-01-30T00:29:33.156,0.50096,51.77437336453454,True,0
lunar-09542,lunar,1953-01-29,jerusalem_nasa_city_point,modeled UT1; not exact UTC,U4,1953-01-30T01:40:10.932,1.67812,37.06711146367757,True,0
lunar-09542,lunar,1953-01-29,jerusalem_nasa_city_point,modeled UT1; not exact UTC,P4,1953-01-30T02:52:47.976,2.88841,21.905511819594132,True,0
lunar-09543,lunar,1953-07-26,jerusalem_nasa_city_point,modeled UT1; not exact UTC,P1,1953-07-26T09:37:23.044,-2.36846,-78.40472761348288,False,2
lunar-09543,lunar,1953-07-26,jerusalem_nasa_city_point,modeled UT1; not exact UTC,U1,1953-07-26T10:32:49.300,-1.4445,-73.66394247768912,False,2
lunar-09543,lunar,1953-07-26,jerusalem_nasa_city_point,modeled UT1; not exact UTC,U2,1953-07-26T11:30:18.496,-0.48639,-63.61802604717523,False,2
lunar-09543,lunar,1953-07-26,jerusalem_nasa_city_point,modeled UT1; not exact UTC,MID,1953-07-26T12:20:39.616,0.35281,-53.74758422568478,False,2
lunar-09543,lunar,1953-07-26,jerusalem_nasa_city_point,modeled UT1; not exact UTC,U3,1953-07-26T13:11:01.528,1.19223,-43.57473881568383,False,2
lunar-09543,lunar,1953-07-26,jerusalem_nasa_city_point,modeled UT1; not exact UTC,U4,1953-07-26T14:08:31.372,2.15052,-31.867178638079803,False,2
lunar-09543,lunar,1953-07-26,jerusalem_nasa_city_point,modeled UT1; not exact UTC,P4,1953-07-26T15:03:51.688,3.07283,-20.653105563258016,False,2
lunar-09544,lunar,1954-01-19,jerusalem_nasa_city_point,modeled UT1; not exact UTC,P1,1954-01-18T23:41:17.204,-3.30336,60.90069860650819,True,0
lunar-09544,lunar,1954-01-19,jerusalem_nasa_city_point,modeled UT1; not exact UTC,U1,1954-01-19T00:50:21.848,-2.15207,46.67219886503988,True,0
lunar-09544,lunar,1954-01-19,jerusalem_nasa_city_point,modeled UT1; not exact UTC,U2,1954-01-19T02:17:42.656,-0.69629,28.494820972301696,True,0
lunar-09544,lunar,1954-01-19,jerusalem_nasa_city_point,modeled UT1; not exact UTC,MID,1954-01-19T02:31:50.384,-0.46081,25.58035596310181,True,0
lunar-09544,lunar,1954-01-19,jerusalem_nasa_city_point,modeled UT1; not exact UTC,U3,1954-01-19T02:45:54.800,-0.22625,22.690281883502806,True,0
lunar-09544,lunar,1954-01-19,jerusalem_nasa_city_point,modeled UT1; not exact UTC,U4,1954-01-19T04:13:15.068,1.22938,5.173105857059602,True,0
lunar-09544,lunar,1954-01-19,jerusalem_nasa_city_point,modeled UT1; not exact UTC,P4,1954-01-19T05:22:29.288,2.38333,-7.925444735322514,False,2
solar-09408,solar,1954-06-30,jerusalem_nasa_city_point,modeled UT1; not exact UTC,C1,1954-06-30T12:42:19.297,-0.28608424479577355,49.49335294201861,True,0
solar-09408,solar,1954-06-30,jerusalem_nasa_city_point,modeled UT1; not exact UTC,MID,1954-06-30T13:49:39.922,0.8363117155921082,35.21792673195683,True,0
solar-09408,solar,1954-06-30,jerusalem_nasa_city_point,modeled UT1; not exact UTC,C4,1954-06-30T14:49:52.064,1.8396844426430015,22.654418042939483,True,0
lunar-09545,lunar,1954-07-16,jerusalem_nasa_city_point,modeled UT1; not exact UTC,P1,1954-07-15T21:49:32.904,-2.16561,36.296735025443866,True,0
lunar-09545,lunar,1954-07-16,jerusalem_nasa_city_point,modeled UT1; not exact UTC,U1,1954-07-15T23:09:57.732,-0.82538,32.415578642008064,True,0
lunar-09545,lunar,1954-07-16,jerusalem_nasa_city_point,modeled UT1; not exact UTC,MID,1954-07-16T00:20:20.424,0.34759,24.643811743219374,True,0
lunar-09545,lunar,1954-07-16,jerusalem_nasa_city_point,modeled UT1; not exact UTC,U4,1954-07-16T01:30:52.512,1.52317,14.08273125252187,True,0
lunar-09545,lunar,1954-07-16,jerusalem_nasa_city_point,modeled UT1; not exact UTC,P4,1954-07-16T02:51:09.744,2.86129,1.2012354452518034e-05,True,0
lunar-09546,lunar,1955-01-08,jerusalem_nasa_city_point,modeled UT1; not exact UTC,P1,1955-01-08T10:34:46.168,-2.41187,-35.954213673424405,False,2
lunar-09546,lunar,1955-01-08,jerusalem_nasa_city_point,modeled UT1; not exact UTC,MID,1955-01-08T12:32:49.312,-0.44433,-24.341110674196788,False,2
lunar-09546,lunar,1955-01-08,jerusalem_nasa_city_point,modeled UT1; not exact UTC,P4,1955-01-08T14:30:48.136,1.52201,-5.4608937812891165,False,2
lunar-09547,lunar,1955-06-05,jerusalem_nasa_city_point,modeled UT1; not exact UTC,P1,1955-06-05T12:26:43.236,-1.54599,-51.59215041312133,False,2
lunar-09547,lunar,1955-06-05,jerusalem_nasa_city_point,modeled UT1; not exact UTC,MID,1955-06-05T14:22:51.756,0.38971,-28.14370627586721,False,2
lunar-09547,lunar,1955-06-05,jerusalem_nasa_city_point,modeled UT1; not exact UTC,P4,1955-06-05T16:19:01.176,2.32566,-5.648724558776846,False,2
lunar-09548,lunar,1955-11-29,jerusalem_nasa_city_point,modeled UT1; not exact UTC,P1,1955-11-29T14:52:59.368,-2.10812,4.829402372537552,True,0
lunar-09548,lunar,1955-11-29,jerusalem_nasa_city_point,modeled UT1; not exact UTC,U1,1955-11-29T16:22:25.348,-0.61757,22.266605614414225,True,0
lunar-09548,lunar,1955-11-29,jerusalem_nasa_city_point,modeled UT1; not exact UTC,MID,1955-11-29T16:59:28.240,-0.0001,29.742067666448932,True,0
lunar-09548,lunar,1955-11-29,jerusalem_nasa_city_point,modeled UT1; not exact UTC,U4,1955-11-29T17:36:35.452,0.61857,37.32668884581755,True,0
lunar-09548,lunar,1955-11-29,jerusalem_nasa_city_point,modeled UT1; not exact UTC,P4,1955-11-29T19:05:58.984,2.10844,55.746543917848264,True,0
solar-09411,solar,1955-12-14,jerusalem_nasa_city_point,modeled UT1; not exact UTC,C1,1955-12-14T04:18:41.702,-2.679693788578315,-3.0620022581513067,False,1
solar-09411,solar,1955-12-14,jerusalem_nasa_city_point,modeled UT1; not exact UTC,MID,1955-12-14T05:30:58.276,-1.4750900834200844,10.172968297309632,True,0
solar-09411,solar,1955-12-14,jerusalem_nasa_city_point,modeled UT1; not exact UTC,C4,1955-12-14T06:56:40.104,-0.04680457979649377,23.49910663691716,True,0
lunar-09549,lunar,1956-05-24,jerusalem_nasa_city_point,modeled UT1; not exact UTC,P1,1956-05-24T12:37:05.708,-3.37297,-47.701123982002876,False,2
lunar-09549,lunar,1956-05-24,jerusalem_nasa_city_point,modeled UT1; not exact UTC,U1,1956-05-24T13:49:04.664,-2.17326,-33.12047810279885,False,2
lunar-09549,lunar,1956-05-24,jerusalem_nasa_city_point,modeled UT1; not exact UTC,MID,1956-05-24T15:31:19.928,-0.46902,-12.782987076602112,False,2
lunar-09549,lunar,1956-05-24,jerusalem_nasa_city_point,modeled UT1; not exact UTC,U4,1956-05-24T17:13:31.772,1.23427,6.289534939498541,True,0
lunar-09549,lunar,1956-05-24,jerusalem_nasa_city_point,modeled UT1; not exact UTC,P4,1956-05-24T18:25:37.640,2.4359,18.23580344531221,True,0
lunar-09550,lunar,1956-11-18,jerusalem_nasa_city_point,modeled UT1; not exact UTC,P1,1956-11-18T04:01:35.064,-2.96476,0.2507536503046714,True,0
lunar-09550,lunar,1956-11-18,jerusalem_nasa_city_point,modeled UT1; not exact UTC,U1,1956-11-18T05:03:02.040,-1.9406,-10.956193941438352,False,2
lunar-09550,lunar,1956-11-18,jerusalem_nasa_city_point,modeled UT1; not exact UTC,U2,1956-11-18T06:08:34.320,-0.8483,-21.742840572390488,False,2
lunar-09550,lunar,1956-11-18,jerusalem_nasa_city_point,modeled UT1; not exact UTC,MID,1956-11-18T06:47:44.184,-0.19556,-27.361552663333097,False,2
lunar-09550,lunar,1956-11-18,jerusalem_nasa_city_point,modeled UT1; not exact UTC,U3,1956-11-18T07:26:56.028,0.45773,-32.14280761783864,False,2
lunar-09550,lunar,1956-11-18,jerusalem_nasa_city_point,modeled UT1; not exact UTC,U4,1956-11-18T08:32:29.244,1.55029,-37.64874133925287,False,2
lunar-09550,lunar,1956-11-18,jerusalem_nasa_city_point,modeled UT1; not exact UTC,P4,1956-11-18T09:33:48.552,2.57232,-39.24345295264986,False,2
solar-09413,solar,1956-12-02,jerusalem_nasa_city_point,modeled UT1; not exact UTC,C1,1956-12-02T05:59:24.182,-2.00111601690513,16.591912706607793,True,0
solar-09413,solar,1956-12-02,jerusalem_nasa_city_point,modeled UT1; not exact UTC,MID,1956-12-02T07:06:21.560,-0.88517771584488,26.399151882536792,True,0
solar-09413,solar,1956-12-02,jerusalem_nasa_city_point,modeled UT1; not exact UTC,C4,1956-12-02T08:20:56.441,0.35784472049551697,33.87292443873563,True,0
solar-09414,solar,1957-04-30,jerusalem_nasa_city_point,modeled UT1; not exact UTC,C1,1957-04-29T22:54:42.279,-1.079366860012799,-39.96667847901749,False,1
solar-09414,solar,1957-04-30,jerusalem_nasa_city_point,modeled UT1; not exact UTC,MID,1957-04-29T23:36:09.468,-0.3884811068306716,-35.447323249776765,False,1
solar-09414,solar,1957-04-30,jerusalem_nasa_city_point,modeled UT1; not exact UTC,C4,1957-04-30T00:18:34.126,0.31836837972328014,-29.47709293136963,False,1
lunar-09551,lunar,1957-05-13,jerusalem_nasa_city_point,modeled UT1; not exact UTC,P1,1957-05-13T19:43:29.644,-3.26621,33.38995149102561,True,0
lunar-09551,lunar,1957-05-13,jerusalem_nasa_city_point,modeled UT1; not exact UTC,U1,1957-05-13T20:45:06.268,-2.23937,38.21094810087551,True,0
lunar-09551,lunar,1957-05-13,jerusalem_nasa_city_point,modeled UT1; not exact UTC,U2,1957-05-13T21:52:05.380,-1.12295,39.16384720467696,True,0
lunar-09551,lunar,1957-05-13,jerusalem_nasa_city_point,modeled UT1; not exact UTC,MID,1957-05-13T22:30:55.768,-0.47562,37.536649958480226,True,0
lunar-09551,lunar,1957-05-13,jerusalem_nasa_city_point,modeled UT1; not exact UTC,U3,1957-05-13T23:09:43.996,0.17111,34.45977213219979,True,0
lunar-09551,lunar,1957-05-13,jerusalem_nasa_city_point,modeled UT1; not exact UTC,U4,1957-05-14T00:16:42.064,1.28724,26.420785263600784,True,0
lunar-09551,lunar,1957-05-13,jerusalem_nasa_city_point,modeled UT1; not exact UTC,P4,1957-05-14T01:18:26.680,2.3163,16.84748790795932,True,0
lunar-09552,lunar,1957-11-07,jerusalem_nasa_city_point,modeled UT1; not exact UTC,P1,1957-11-07T11:32:14.768,-2.45362,-33.43552647685285,False,2
lunar-09552,lunar,1957-11-07,jerusalem_nasa_city_point,modeled UT1; not exact UTC,U1,1957-11-07T12:43:43.160,-1.2624,-22.7189912969595,False,2
lunar-09552,lunar,1957-11-07,jerusalem_nasa_city_point,modeled UT1; not exact UTC,U2,1957-11-07T14:13:00.680,0.2258,-6.6934008971944134,False,2
lunar-09552,lunar,1957-11-07,jerusalem_nasa_city_point,modeled UT1; not exact UTC,MID,1957-11-07T14:26:57.572,0.45827,-4.020382356428886,False,2
lunar-09552,lunar,1957-11-07,jerusalem_nasa_city_point,modeled UT1; not exact UTC,U3,1957-11-07T14:40:57.380,0.69155,-1.303967743623897,False,2
lunar-09552,lunar,1957-11-07,jerusalem_nasa_city_point,modeled UT1; not exact UTC,U4,1957-11-07T16:10:15.440,2.1799,16.629369528809132,True,0
lunar-09552,lunar,1957-11-07,jerusalem_nasa_city_point,modeled UT1; not exact UTC,P4,1957-11-07T17:21:35.552,3.36882,31.396350874103373,True,0
lunar-09553,lunar,1958-04-04,jerusalem_nasa_city_point,modeled UT1; not exact UTC,P1,1958-04-04T03:44:10.212,-0.25483,-5.58210360678942,False,2
lunar-09553,lunar,1958-04-04,jerusalem_nasa_city_point,modeled UT1; not exact UTC,MID,1958-04-04T03:59:42.720,0.0042,-8.770841364758072,False,2
lunar-09553,lunar,1958-04-04,jerusalem_nasa_city_point,modeled UT1; not exact UTC,P4,1958-04-04T04:15:12.168,0.26238,-11.95203740716185,False,2
solar-09416,solar,1958-04-19,jerusalem_nasa_city_point,modeled UT1; not exact UTC,C1,1958-04-19T01:45:09.126,-1.2384650735721876,-17.208631080245777,False,1
solar-09416,solar,1958-04-19,jerusalem_nasa_city_point,modeled UT1; not exact UTC,MID,1958-04-19T02:15:10.661,-0.7380386592500758,-11.323970438334367,False,1
solar-09416,solar,1958-04-19,jerusalem_nasa_city_point,modeled UT1; not exact UTC,C4,1958-04-19T02:46:22.747,-0.21801459107102383,-5.026102229997291,False,1
lunar-09554,lunar,1958-05-03,jerusalem_nasa_city_point,modeled UT1; not exact UTC,P1,1958-05-03T10:11:48.156,-1.79429,-70.67712654933985,False,2
lunar-09554,lunar,1958-05-03,jerusalem_nasa_city_point,modeled UT1; not exact UTC,U1,1958-05-03T12:02:21.912,0.04842,-53.18226554862163,False,2
lunar-09554,lunar,1958-05-03,jerusalem_nasa_city_point,modeled UT1; not exact UTC,MID,1958-05-03T12:12:56.700,0.22475,-51.16504676203477,False,2
lunar-09554,lunar,1958-05-03,jerusalem_nasa_city_point,modeled UT1; not exact UTC,U4,1958-05-03T12:23:24.360,0.3991,-49.14711660500302,False,2
lunar-09554,lunar,1958-05-03,jerusalem_nasa_city_point,modeled UT1; not exact UTC,P4,1958-05-03T14:14:01.068,2.24263,-27.107519154699,False,2
lunar-09555,lunar,1958-10-27,jerusalem_nasa_city_point,modeled UT1; not exact UTC,P1,1958-10-27T13:18:19.132,-1.68563,-19.38504286104693,False,2
lunar-09555,lunar,1958-10-27,jerusalem_nasa_city_point,modeled UT1; not exact UTC,MID,1958-10-27T15:27:17.332,0.46387,5.934786159695848,True,0
lunar-09555,lunar,1958-10-27,jerusalem_nasa_city_point,modeled UT1; not exact UTC,P4,1958-10-27T17:36:15.460,2.61335,32.705701672161936,True,0
lunar-09556,lunar,1959-03-24,jerusalem_nasa_city_point,modeled UT1; not exact UTC,P1,1959-03-24T17:57:20.372,-2.03523,26.7789182480276,True,0
lunar-09556,lunar,1959-03-24,jerusalem_nasa_city_point,modeled UT1; not exact UTC,U1,1959-03-24T19:16:41.624,-0.71266,40.92476381255467,True,0
lunar-09556,lunar,1959-03-24,jerusalem_nasa_city_point,modeled UT1; not exact UTC,MID,1959-03-24T20:11:24.212,0.19917,48.83373158762058,True,0
lunar-09556,lunar,1959-03-24,jerusalem_nasa_city_point,modeled UT1; not exact UTC,U4,1959-03-24T21:06:13.784,1.11294,53.95692400821936,True,0
lunar-09556,lunar,1959-03-24,jerusalem_nasa_city_point,modeled UT1; not exact UTC,P4,1959-03-24T22:25:31.040,2.4344,53.95073128679081,True,0
lunar-09557,lunar,1959-09-17,jerusalem_nasa_city_point,modeled UT1; not exact UTC,P1,1959-09-16T22:49:01.356,-2.17379,50.56033422106664,True,0
lunar-09557,lunar,1959-09-17,jerusalem_nasa_city_point,modeled UT1; not exact UTC,MID,1959-09-17T01:03:03.972,0.06027,29.243190987632925,True,0
lunar-09557,lunar,1959-09-17,jerusalem_nasa_city_point,modeled UT1; not exact UTC,P4,1959-09-17T03:17:03.132,2.29337,2.590984617671841,True,0
solar-09419,solar,1959-10-02,jerusalem_nasa_city_point,modeled UT1; not exact UTC,C1,1959-10-02T12:18:04.074,0.3102983205128875,36.5792353596928,True,0
solar-09419,solar,1959-10-02,jerusalem_nasa_city_point,modeled UT1; not exact UTC,MID,1959-10-02T13:19:46.370,1.3387138028717465,24.89813835252092,True,0
solar-09419,solar,1959-10-02,jerusalem_nasa_city_point,modeled UT1; not exact UTC,C4,1959-10-02T14:15:50.357,2.273154656742596,13.49788558931798,True,0
lunar-09558,lunar,1960-03-13,jerusalem_nasa_city_point,modeled UT1; not exact UTC,P1,1960-03-13T05:35:20.904,-2.40161,-22.666835659516785,False,2
lunar-09558,lunar,1960-03-13,jerusalem_nasa_city_point,modeled UT1; not exact UTC,U1,1960-03-13T06:38:07.584,-1.35531,-34.49329448957396,False,2
lunar-09558,lunar,1960-03-13,jerusalem_nasa_city_point,modeled UT1; not exact UTC,U2,1960-03-13T07:40:49.008,-0.31047,-44.937888401498775,False,2
lunar-09558,lunar,1960-03-13,jerusalem_nasa_city_point,modeled UT1; not exact UTC,MID,1960-03-13T08:27:47.592,0.47247,-51.17827302173898,False,2
lunar-09558,lunar,1960-03-13,jerusalem_nasa_city_point,modeled UT1; not exact UTC,U3,1960-03-13T09:14:47.760,1.25585,-55.21864732676728,False,2
lunar-09558,lunar,1960-03-13,jerusalem_nasa_city_point,modeled UT1; not exact UTC,U4,1960-03-13T10:17:30.264,2.30099,-55.86135682291048,False,2
lunar-09558,lunar,1960-03-13,jerusalem_nasa_city_point,modeled UT1; not exact UTC,P4,1960-03-13T11:20:08.160,3.34485,-50.9776235033806,False,2
lunar-09559,lunar,1960-09-05,jerusalem_nasa_city_point,modeled UT1; not exact UTC,P1,1960-09-05T08:37:57.916,-2.35794,-62.69451851339858,False,2
lunar-09559,lunar,1960-09-05,jerusalem_nasa_city_point,modeled UT1; not exact UTC,U1,1960-09-05T09:35:51.520,-1.39305,-65.45133822823998,False,2
lunar-09559,lunar,1960-09-05,jerusalem_nasa_city_point,modeled UT1; not exact UTC,U2,1960-09-05T10:37:56.620,-0.3583,-61.46039657191321,False,2
lunar-09559,lunar,1960-09-05,jerusalem_nasa_city_point,modeled UT1; not exact UTC,MID,1960-09-05T11:21:17.404,0.36414,-55.55222798967829,False,2
lunar-09559,lunar,1960-09-05,jerusalem_nasa_city_point,modeled UT1; not exact UTC,U3,1960-09-05T12:04:36.640,1.08615,-48.25879428866513,False,2
lunar-09559,lunar,1960-09-05,jerusalem_nasa_city_point,modeled UT1; not exact UTC,U4,1960-09-05T13:06:41.200,2.12075,-36.55283479689493,False,2
lunar-09559,lunar,1960-09-05,jerusalem_nasa_city_point,modeled UT1; not exact UTC,P4,1960-09-05T14:04:42.256,3.08771,-24.95034626630181,False,2
solar-09422,solar,1961-02-15,jerusalem_nasa_city_point,modeled UT1; not exact UTC,C1,1961-02-15T06:36:20.612,-1.384941056104104,25.17183164901597,True,0
solar-09422,solar,1961-02-15,jerusalem_nasa_city_point,modeled UT1; not exact UTC,MID,1961-02-15T07:52:45.599,-0.11133372657799566,36.96589929304837,True,0
solar-09422,solar,1961-02-15,jerusalem_nasa_city_point,modeled UT1; not exact UTC,C4,1961-02-15T09:15:22.543,1.2655953545021605,44.61615936539592,True,0
lunar-09560,lunar,1961-03-02,jerusalem_nasa_city_point,modeled UT1; not exact UTC,P1,1961-03-02T10:34:15.120,-2.4198,-49.17300720528218,False,2
lunar-09560,lunar,1961-03-02,jerusalem_nasa_city_point,modeled UT1; not exact UTC,U1,1961-03-02T11:51:42.000,-1.129,-41.39346575605278,False,2
lunar-09560,lunar,1961-03-02,jerusalem_nasa_city_point,modeled UT1; not exact UTC,MID,1961-03-02T13:28:05.976,0.47766,-25.952935625506772,False,2
lunar-09560,lunar,1961-03-02,jerusalem_nasa_city_point,modeled UT1; not exact UTC,U4,1961-03-02T15:04:33.372,2.08527,-7.533136825766875,False,2
lunar-09560,lunar,1961-03-02,jerusalem_nasa_city_point,modeled UT1; not exact UTC,P4,1961-03-02T16:21:52.944,3.37404,8.142435798086812,True,0
lunar-09561,lunar,1961-08-26,jerusalem_nasa_city_point,modeled UT1; not exact UTC,P1,1961-08-26T00:37:36.376,-2.36384,27.76795540845621,True,0
lunar-09561,lunar,1961-08-26,jerusalem_nasa_city_point,modeled UT1; not exact UTC,U1,1961-08-26T01:35:17.956,-1.40229,17.817672600239014,True,0
lunar-09561,lunar,1961-08-26,jerusalem_nasa_city_point,modeled UT1; not exact UTC,MID,1961-08-26T03:08:17.380,0.14755,0.11985108777642026,True,0
lunar-09561,lunar,1961-08-26,jerusalem_nasa_city_point,modeled UT1; not exact UTC,U4,1961-08-26T04:41:15.616,1.69706,-18.478952799836403,False,2
lunar-09561,lunar,1961-08-26,jerusalem_nasa_city_point,modeled UT1; not exact UTC,P4,1961-08-26T05:38:57.952,2.65882,-30.08771422929803,False,2
solar-09424,solar,1962-02-05,jerusalem_nasa_city_point,modeled UT1; not exact UTC,C1,1962-02-04T22:58:16.845,-1.019209847422721,-68.47116828047197,False,1
solar-09424,solar,1962-02-05,jerusalem_nasa_city_point,modeled UT1; not exact UTC,MID,1962-02-04T23:38:25.162,-0.3502326860480383,-61.433583106711,False,1
solar-09424,solar,1962-02-05,jerusalem_nasa_city_point,modeled UT1; not exact UTC,C4,1962-02-05T00:19:29.028,0.33417455640045474,-53.31478481535054,False,1
lunar-09562,lunar,1962-02-19,jerusalem_nasa_city_point,modeled UT1; not exact UTC,P1,1962-02-19T11:07:08.284,-1.87156,-42.60828854207504,False,2
lunar-09562,lunar,1962-02-19,jerusalem_nasa_city_point,modeled UT1; not exact UTC,MID,1962-02-19T13:03:08.164,0.06174,-27.584284772620993,False,2
lunar-09562,lunar,1962-02-19,jerusalem_nasa_city_point,modeled UT1; not exact UTC,P4,1962-02-19T14:59:04.444,1.99404,-6.590572155195983,False,2
lunar-09563,lunar,1962-07-17,jerusalem_nasa_city_point,modeled UT1; not exact UTC,P1,1962-07-17T10:30:12.680,-1.48695,-74.18835291656889,False,2
lunar-09563,lunar,1962-07-17,jerusalem_nasa_city_point,modeled UT1; not exact UTC,MID,1962-07-17T11:54:14.408,-0.08647,-59.18577670587929,False,2
lunar-09563,lunar,1962-07-17,jerusalem_nasa_city_point,modeled UT1; not exact UTC,P4,1962-07-17T13:18:28.664,1.31749,-42.34059035767756,False,2
lunar-09564,lunar,1962-08-15,jerusalem_nasa_city_point,modeled UT1; not exact UTC,P1,1962-08-15T18:17:52.016,-1.69269,21.2911685161231,True,0
lunar-09564,lunar,1962-08-15,jerusalem_nasa_city_point,modeled UT1; not exact UTC,MID,1962-08-15T19:56:55.472,-0.04173,35.57391203024728,True,0
lunar-09564,lunar,1962-08-15,jerusalem_nasa_city_point,modeled UT1; not exact UTC,P4,1962-08-15T21:36:04.580,1.6108,42.43590938728109,True,0
lunar-09565,lunar,1963-01-09,jerusalem_nasa_city_point,modeled UT1; not exact UTC,P1,1963-01-09T21:06:27.276,-1.88284,76.67997229645276,True,0
lunar-09565,lunar,1963-01-09,jerusalem_nasa_city_point,modeled UT1; not exact UTC,MID,1963-01-09T23:19:07.848,0.32843,66.29278440287018,True,0
lunar-09565,lunar,1963-01-09,jerusalem_nasa_city_point,modeled UT1; not exact UTC,P4,1963-01-10T01:31:43.740,2.5384,39.21366841833707,True,0
lunar-09566,lunar,1963-07-06,jerusalem_nasa_city_point,modeled UT1; not exact UTC,P1,1963-07-06T19:18:46.848,-2.67732,25.823354474507767,True,0
lunar-09566,lunar,1963-07-06,jerusalem_nasa_city_point,modeled UT1; not exact UTC,U1,1963-07-06T20:32:29.880,-1.4487,32.92864896993598,True,0
lunar-09566,lunar,1963-07-06,jerusalem_nasa_city_point,modeled UT1; not exact UTC,MID,1963-07-06T22:02:23.868,0.04963,35.172973509182626,True,0
lunar-09566,lunar,1963-07-06,jerusalem_nasa_city_point,modeled UT1; not exact UTC,U4,1963-07-06T23:32:23.940,1.54965,29.69506717260999,True,0
lunar-09566,lunar,1963-07-06,jerusalem_nasa_city_point,modeled UT1; not exact UTC,P4,1963-07-07T00:45:58.620,2.77595,20.69237550653423,True,0
solar-09427,solar,1963-07-20,jerusalem_nasa_city_point,modeled UT1; not exact UTC,C1,1963-07-20T20:08:01.939,-0.8564614810681807,-32.60369343933292,False,1
solar-09427,solar,1963-07-20,jerusalem_nasa_city_point,modeled UT1; not exact UTC,MID,1963-07-20T20:49:31.085,-0.16503205469841856,-35.87596432997309,False,1
solar-09427,solar,1963-07-20,jerusalem_nasa_city_point,modeled UT1; not exact UTC,C4,1963-07-20T21:30:35.673,0.5195758185360858,-37.43951690573195,False,1
lunar-09567,lunar,1963-12-30,jerusalem_nasa_city_point,modeled UT1; not exact UTC,P1,1963-12-30T08:26:53.160,-2.54215,-33.879481784701845,False,2
lunar-09567,lunar,1963-12-30,jerusalem_nasa_city_point,modeled UT1; not exact UTC,U1,1963-12-30T09:24:40.464,-1.57901,-36.105932795527906,False,2
lunar-09567,lunar,1963-12-30,jerusalem_nasa_city_point,modeled UT1; not exact UTC,U2,1963-12-30T10:27:46.044,-0.52746,-34.97753862937527,False,2
lunar-09567,lunar,1963-12-30,jerusalem_nasa_city_point,modeled UT1; not exact UTC,MID,1963-12-30T11:06:50.112,0.12367,-32.485506744931726,False,2
lunar-09567,lunar,1963-12-30,jerusalem_nasa_city_point,modeled UT1; not exact UTC,U3,1963-12-30T11:45:52.920,0.77445,-28.806608501199847,False,2
lunar-09567,lunar,1963-12-30,jerusalem_nasa_city_point,modeled UT1; not exact UTC,U4,1963-12-30T12:48:57.960,1.82585,-20.85175325666157,False,2
lunar-09567,lunar,1963-12-30,jerusalem_nasa_city_point,modeled UT1; not exact UTC,P4,1963-12-30T13:46:50.232,2.79037,-11.93670030852264,False,2
lunar-09568,lunar,1964-06-25,jerusalem_nasa_city_point,modeled UT1; not exact UTC,P1,1964-06-24T22:00:10.752,-2.98718,33.751344153859975,True,0
lunar-09568,lunar,1964-06-25,jerusalem_nasa_city_point,modeled UT1; not exact UTC,U1,1964-06-24T23:09:37.392,-1.82978,29.77093676024072,True,0
lunar-09568,lunar,1964-06-25,jerusalem_nasa_city_point,modeled UT1; not exact UTC,U2,1964-06-25T00:15:51.036,-0.72599,22.490429607250682,True,0
lunar-09568,lunar,1964-06-25,jerusalem_nasa_city_point,modeled UT1; not exact UTC,MID,1964-06-25T01:06:14.244,0.11379,15.293901912991888,True,0
lunar-09568,lunar,1964-06-25,jerusalem_nasa_city_point,modeled UT1; not exact UTC,U3,1964-06-25T01:56:37.884,0.95369,7.089166890939926,True,0
lunar-09568,lunar,1964-06-25,jerusalem_nasa_city_point,modeled UT1; not exact UTC,U4,1964-06-25T03:02:51.816,2.05756,-4.748200394568748,False,2
lunar-09568,lunar,1964-06-25,jerusalem_nasa_city_point,modeled UT1; not exact UTC,P4,1964-06-25T04:12:15.792,3.21422,-17.987396566017022,False,2
lunar-09569,lunar,1964-12-19,jerusalem_nasa_city_point,modeled UT1; not exact UTC,P1,1964-12-19T00:02:15.632,-2.95238,54.74469418640792,True,0
lunar-09569,lunar,1964-12-19,jerusalem_nasa_city_point,modeled UT1; not exact UTC,U1,1964-12-19T00:59:34.496,-1.99714,42.968166382668045,True,0
lunar-09569,lunar,1964-12-19,jerusalem_nasa_city_point,modeled UT1; not exact UTC,U2,1964-12-19T02:07:50.180,-0.85945,29.09682466109748,True,0
lunar-09569,lunar,1964-12-19,jerusalem_nasa_city_point,modeled UT1; not exact UTC,MID,1964-12-19T02:37:18.068,-0.36837,23.216027629526856,True,0
lunar-09569,lunar,1964-12-19,jerusalem_nasa_city_point,modeled UT1; not exact UTC,U3,1964-12-19T03:06:46.424,0.12284,17.423163691205975,True,0
lunar-09569,lunar,1964-12-19,jerusalem_nasa_city_point,modeled UT1; not exact UTC,U4,1964-12-19T04:15:02.396,1.26061,4.459324187303706,True,0
lunar-09569,lunar,1964-12-19,jerusalem_nasa_city_point,modeled UT1; not exact UTC,P4,1964-12-19T05:12:20.180,2.21555,-5.749854609097278,False,2
lunar-09570,lunar,1965-06-14,jerusalem_nasa_city_point,modeled UT1; not exact UTC,P1,1965-06-13T23:17:27.824,-2.69891,28.264734183176646,True,0
lunar-09570,lunar,1965-06-14,jerusalem_nasa_city_point,modeled UT1; not exact UTC,U1,1965-06-14T00:58:38.036,-1.01274,15.413411995821555,True,0
lunar-09570,lunar,1965-06-14,jerusalem_nasa_city_point,modeled UT1; not exact UTC,MID,1965-06-14T01:48:50.012,-0.17608,7.314856968243474,True,0
lunar-09570,lunar,1965-06-14,jerusalem_nasa_city_point,modeled UT1; not exact UTC,U4,1965-06-14T02:38:55.148,0.65868,-1.4880675746414385,False,2
lunar-09570,lunar,1965-06-14,jerusalem_nasa_city_point,modeled UT1; not exact UTC,P4,1965-06-14T04:20:11.624,2.34659,-20.68997185820528,False,2
solar-09433,solar,1965-11-23,jerusalem_nasa_city_point,modeled UT1; not exact UTC,C1,1965-11-23T01:43:55.076,-2.2578956022458776,-31.60480804651827,False,1
solar-09433,solar,1965-11-23,jerusalem_nasa_city_point,modeled UT1; not exact UTC,MID,1965-11-23T02:33:07.833,-1.4376852294053704,-21.267396360335386,False,1
solar-09433,solar,1965-11-23,jerusalem_nasa_city_point,modeled UT1; not exact UTC,C4,1965-11-23T03:25:49.655,-0.5594013508893814,-10.428237734251942,False,1
lunar-09571,lunar,1965-12-08,jerusalem_nasa_city_point,modeled UT1; not exact UTC,P1,1965-12-08T15:09:38.524,-1.82916,8.064929784339144,True,0
lunar-09571,lunar,1965-12-08,jerusalem_nasa_city_point,modeled UT1; not exact UTC,MID,1965-12-08T17:09:55.192,0.17547,31.88870625516423,True,0
lunar-09571,lunar,1965-12-08,jerusalem_nasa_city_point,modeled UT1; not exact UTC,P4,1965-12-08T19:10:18.556,2.18196,56.73997380215165,True,0
lunar-09572,lunar,1966-05-04,jerusalem_nasa_city_point,modeled UT1; not exact UTC,P1,1966-05-04T19:08:26.800,-1.849,31.25931569351303,True,0
lunar-09572,lunar,1966-05-04,jerusalem_nasa_city_point,modeled UT1; not exact UTC,MID,1966-05-04T21:11:29.356,0.20171,42.029750011107865,True,0
lunar-09572,lunar,1966-05-04,jerusalem_nasa_city_point,modeled UT1; not exact UTC,P4,1966-05-04T23:14:24.172,2.25027,36.969411886736445,True,0
solar-09434,solar,1966-05-20,jerusalem_nasa_city_point,modeled UT1; not exact UTC,C1,1966-05-20T08:14:22.225,-1.750242919322297,68.30005121228147,True,0
solar-09434,solar,1966-05-20,jerusalem_nasa_city_point,modeled UT1; not exact UTC,MID,1966-05-20T09:45:42.932,-0.22782436708866674,77.93578113598237,True,0
solar-09434,solar,1966-05-20,jerusalem_nasa_city_point,modeled UT1; not exact UTC,C4,1966-05-20T11:20:39.452,1.354542245379082,63.64213952273306,True,0
lunar-09573,lunar,1966-10-29,jerusalem_nasa_city_point,modeled UT1; not exact UTC,P1,1966-10-29T07:55:26.784,-2.06556,-42.39296303316697,False,2
lunar-09573,lunar,1966-10-29,jerusalem_nasa_city_point,modeled UT1; not exact UTC,MID,1966-10-29T10:12:16.224,0.21484,-44.939714347585706,False,2
lunar-09573,lunar,1966-10-29,jerusalem_nasa_city_point,modeled UT1; not exact UTC,P4,1966-10-29T12:29:07.896,2.49586,-28.58477301247421,False,2
lunar-09574,lunar,1967-04-24,jerusalem_nasa_city_point,modeled UT1; not exact UTC,P1,1967-04-24T09:29:47.572,-2.49298,-70.32392070352716,False,2
lunar-09574,lunar,1967-04-24,jerusalem_nasa_city_point,modeled UT1; not exact UTC,U1,1967-04-24T10:25:02.488,-1.57217,-67.41589735945475,False,2
lunar-09574,lunar,1967-04-24,jerusalem_nasa_city_point,modeled UT1; not exact UTC,U2,1967-04-24T11:27:27.892,-0.53178,-58.43269101201361,False,2
lunar-09574,lunar,1967-04-24,jerusalem_nasa_city_point,modeled UT1; not exact UTC,MID,1967-04-24T12:06:26.236,0.11776,-51.46457646860392,False,2
lunar-09574,lunar,1967-04-24,jerusalem_nasa_city_point,modeled UT1; not exact UTC,U3,1967-04-24T12:45:23.896,0.76711,-44.0335247874704,False,2
lunar-09574,lunar,1967-04-24,jerusalem_nasa_city_point,modeled UT1; not exact UTC,U4,1967-04-24T13:47:48.652,1.80732,-31.673631755461123,False,2
lunar-09574,lunar,1967-04-24,jerusalem_nasa_city_point,modeled UT1; not exact UTC,P4,1967-04-24T14:43:05.332,2.72862,-20.565246235566775,False,2
lunar-09575,lunar,1967-10-18,jerusalem_nasa_city_point,modeled UT1; not exact UTC,P1,1967-10-18T07:11:36.516,-2.79594,-40.10422114825662,False,2
lunar-09575,lunar,1967-10-18,jerusalem_nasa_city_point,modeled UT1; not exact UTC,U1,1967-10-18T08:25:43.488,-1.56067,-47.92486034516653,False,2
lunar-09575,lunar,1967-10-18,jerusalem_nasa_city_point,modeled UT1; not exact UTC,U2,1967-10-18T09:45:17.160,-0.23465,-49.47645152316608,False,2
lunar-09575,lunar,1967-10-18,jerusalem_nasa_city_point,modeled UT1; not exact UTC,MID,1967-10-18T10:15:09.960,0.26335,-47.97060789523878,False,2
lunar-09575,lunar,1967-10-18,jerusalem_nasa_city_point,modeled UT1; not exact UTC,U3,1967-10-18T10:45:02.256,0.76121,-45.44723929959511,False,2
lunar-09575,lunar,1967-10-18,jerusalem_nasa_city_point,modeled UT1; not exact UTC,U4,1967-10-18T12:04:35.316,2.08706,-34.98637058288565,False,2
lunar-09575,lunar,1967-10-18,jerusalem_nasa_city_point,modeled UT1; not exact UTC,P4,1967-10-18T13:18:43.296,3.32261,-22.186801938503518,False,2
lunar-09576,lunar,1968-04-13,jerusalem_nasa_city_point,modeled UT1; not exact UTC,P1,1968-04-13T02:12:36.956,-2.77904,11.16694622437408,True,0
lunar-09576,lunar,1968-04-13,jerusalem_nasa_city_point,modeled UT1; not exact UTC,U1,1968-04-13T03:10:19.580,-1.8172,-0.45754695194599954,False,2
lunar-09576,lunar,1968-04-13,jerusalem_nasa_city_point,modeled UT1; not exact UTC,U2,1968-04-13T04:23:07.820,-0.6038,-15.42843421056905,False,2
lunar-09576,lunar,1968-04-13,jerusalem_nasa_city_point,modeled UT1; not exact UTC,MID,1968-04-13T04:47:22.292,-0.19978,-20.432205457599924,False,2
lunar-09576,lunar,1968-04-13,jerusalem_nasa_city_point,modeled UT1; not exact UTC,U3,1968-04-13T05:11:38.312,0.20467,-25.4299287690394,False,2
lunar-09576,lunar,1968-04-13,jerusalem_nasa_city_point,modeled UT1; not exact UTC,U4,1968-04-13T06:24:27.524,1.41834,-40.206548688978444,False,2
lunar-09576,lunar,1968-04-13,jerusalem_nasa_city_point,modeled UT1; not exact UTC,P4,1968-04-13T07:22:07.088,2.37933,-51.34983177123221,False,2
solar-09439,solar,1968-09-22,jerusalem_nasa_city_point,modeled UT1; not exact UTC,C1,1968-09-22T10:30:11.414,-0.48602395246167196,55.54753062941479,True,0
solar-09439,solar,1968-09-22,jerusalem_nasa_city_point,modeled UT1; not exact UTC,MID,1968-09-22T11:40:19.906,0.683001556576016,46.18063013523691,True,0
solar-09439,solar,1968-09-22,jerusalem_nasa_city_point,modeled UT1; not exact UTC,C4,1968-09-22T12:46:05.160,1.7789055880962061,34.32198212825534,True,0
lunar-09577,lunar,1968-10-06,jerusalem_nasa_city_point,modeled UT1; not exact UTC,P1,1968-10-06T08:45:58.416,-3.22294,-53.02340044352603,False,2
lunar-09577,lunar,1968-10-06,jerusalem_nasa_city_point,modeled UT1; not exact UTC,U1,1968-10-06T09:54:56.364,-2.07351,-52.950955302301324,False,2
lunar-09577,lunar,1968-10-06,jerusalem_nasa_city_point,modeled UT1; not exact UTC,U2,1968-10-06T11:10:25.812,-0.81533,-45.873186828739854,False,2
lunar-09577,lunar,1968-10-06,jerusalem_nasa_city_point,modeled UT1; not exact UTC,MID,1968-10-06T11:41:55.992,-0.29028,-41.390551803501815,False,2
lunar-09577,lunar,1968-10-06,jerusalem_nasa_city_point,modeled UT1; not exact UTC,U3,1968-10-06T12:13:23.832,0.23412,-36.320822680160184,False,2
lunar-09577,lunar,1968-10-06,jerusalem_nasa_city_point,modeled UT1; not exact UTC,U4,1968-10-06T13:28:52.848,1.49218,-22.577906615185196,False,2
lunar-09577,lunar,1968-10-06,jerusalem_nasa_city_point,modeled UT1; not exact UTC,P4,1968-10-06T14:38:00.048,2.64418,-8.850113724989598,False,2
lunar-09578,lunar,1969-04-02,jerusalem_nasa_city_point,modeled UT1; not exact UTC,P1,1969-04-02T16:40:41.440,-2.31085,9.48830160105957,True,0
lunar-09578,lunar,1969-04-02,jerusalem_nasa_city_point,modeled UT1; not exact UTC,MID,1969-04-02T18:32:26.476,-0.44834,30.565402006843353,True,0
lunar-09578,lunar,1969-04-02,jerusalem_nasa_city_point,modeled UT1; not exact UTC,P4,1969-04-02T20:24:22.240,1.41715,46.55564045656128,True,0
lunar-09579,lunar,1969-08-27,jerusalem_nasa_city_point,modeled UT1; not exact UTC,P1,1969-08-27T10:31:49.816,-0.45844,-67.2021278957752,False,2
lunar-09579,lunar,1969-08-27,jerusalem_nasa_city_point,modeled UT1; not exact UTC,MID,1969-08-27T10:47:34.744,-0.19596,-65.28229115858616,False,2
lunar-09579,lunar,1969-08-27,jerusalem_nasa_city_point,modeled UT1; not exact UTC,P4,1969-08-27T11:03:05.560,0.0626,-63.09115220648402,False,2
solar-09441,solar,1969-09-11,jerusalem_nasa_city_point,modeled UT1; not exact UTC,C1,1969-09-11T19:36:57.340,-0.3729888274544981,-44.12485583372266,False,1
solar-09441,solar,1969-09-11,jerusalem_nasa_city_point,modeled UT1; not exact UTC,MID,1969-09-11T20:05:39.342,0.10534497258367577,-47.98210767596434,False,1
solar-09441,solar,1969-09-11,jerusalem_nasa_city_point,modeled UT1; not exact UTC,C4,1969-09-11T20:34:00.290,0.5778304689845953,-50.98932011080879,False,1
lunar-09580,lunar,1969-09-25,jerusalem_nasa_city_point,modeled UT1; not exact UTC,P1,1969-09-25T18:07:03.096,-1.87139,33.6180430950731,True,0
lunar-09580,lunar,1969-09-25,jerusalem_nasa_city_point,modeled UT1; not exact UTC,MID,1969-09-25T20:09:39.300,0.172,54.276435376649246,True,0
lunar-09580,lunar,1969-09-25,jerusalem_nasa_city_point,modeled UT1; not exact UTC,P4,1969-09-25T22:12:11.868,2.21438,58.78229860003183,True,0
lunar-09581,lunar,1970-02-21,jerusalem_nasa_city_point,modeled UT1; not exact UTC,P1,1970-02-21T06:00:46.244,-2.97596,-20.673521519150405,False,2
lunar-09581,lunar,1970-02-21,jerusalem_nasa_city_point,modeled UT1; not exact UTC,U1,1970-02-21T08:03:45.488,-0.92617,-40.03117492181308,False,2
lunar-09581,lunar,1970-02-21,jerusalem_nasa_city_point,modeled UT1; not exact UTC,MID,1970-02-21T08:30:02.828,-0.48802,-42.978377644108775,False,2
lunar-09581,lunar,1970-02-21,jerusalem_nasa_city_point,modeled UT1; not exact UTC,U4,1970-02-21T08:56:25.784,-0.04831,-45.30447584809642,False,2
lunar-09581,lunar,1970-02-21,jerusalem_nasa_city_point,modeled UT1; not exact UTC,P4,1970-02-21T10:59:18.476,1.99966,-45.57651906983097,False,2
solar-09442,solar,1970-03-07,jerusalem_nasa_city_point,modeled UT1; not exact UTC,C1,1970-03-07T18:20:22.378,0.3507715851293792,-34.332502976438384,False,1
solar-09442,solar,1970-03-07,jerusalem_nasa_city_point,modeled UT1; not exact UTC,MID,1970-03-07T18:57:21.072,0.9670754294814493,-41.68766453474599,False,1
solar-09442,solar,1970-03-07,jerusalem_nasa_city_point,modeled UT1; not exact UTC,C4,1970-03-07T19:33:19.603,1.5666675100063845,-48.42024107326714,False,1
lunar-09582,lunar,1970-08-17,jerusalem_nasa_city_point,modeled UT1; not exact UTC,P1,1970-08-17T01:08:06.312,-1.85358,20.691095544507327,True,0
lunar-09582,lunar,1970-08-17,jerusalem_nasa_city_point,modeled UT1; not exact UTC,U1,1970-08-17T02:17:44.796,-0.69289,8.400629823479555,True,0
lunar-09582,lunar,1970-08-17,jerusalem_nasa_city_point,modeled UT1; not exact UTC,MID,1970-08-17T03:23:25.212,0.40167,-4.1229604137523586,False,2
lunar-09582,lunar,1970-08-17,jerusalem_nasa_city_point,modeled UT1; not exact UTC,U4,1970-08-17T04:29:05.736,1.49626,-17.127049920761973,False,2
lunar-09582,lunar,1970-08-17,jerusalem_nasa_city_point,modeled UT1; not exact UTC,P4,1970-08-17T05:38:42.240,2.6564,-31.09973723862882,False,2
lunar-09583,lunar,1971-02-10,jerusalem_nasa_city_point,modeled UT1; not exact UTC,P1,1971-02-10T04:39:54.928,-3.32327,-3.366387164433171,False,2
lunar-09583,lunar,1971-02-10,jerusalem_nasa_city_point,modeled UT1; not exact UTC,U1,1971-02-10T05:52:18.004,-2.11686,-17.030942331694693,False,2
lunar-09583,lunar,1971-02-10,jerusalem_nasa_city_point,modeled UT1; not exact UTC,U2,1971-02-10T07:03:33.508,-0.92922,-29.01227120934608,False,2
lunar-09583,lunar,1971-02-10,jerusalem_nasa_city_point,modeled UT1; not exact UTC,MID,1971-02-10T07:44:39.580,-0.2442,-34.87535040228926,False,2
lunar-09583,lunar,1971-02-10,jerusalem_nasa_city_point,modeled UT1; not exact UTC,U3,1971-02-10T08:25:44.680,0.44055,-39.629282230807625,False,2
lunar-09583,lunar,1971-02-10,jerusalem_nasa_city_point,modeled UT1; not exact UTC,U4,1971-02-10T09:36:59.428,1.62798,-44.26962204103607,False,2
lunar-09583,lunar,1971-02-10,jerusalem_nasa_city_point,modeled UT1; not exact UTC,P4,1971-02-10T10:49:26.392,2.83547,-43.218633932955676,False,2
lunar-09584,lunar,1971-08-06,jerusalem_nasa_city_point,modeled UT1; not exact UTC,P1,1971-08-06T16:59:29.396,-2.99689,5.977638012440282,True,0
lunar-09584,lunar,1971-08-06,jerusalem_nasa_city_point,modeled UT1; not exact UTC,U1,1971-08-06T17:55:26.036,-2.06449,16.114094638784508,True,0
lunar-09584,lunar,1971-08-06,jerusalem_nasa_city_point,modeled UT1; not exact UTC,U2,1971-08-06T18:53:28.496,-1.09714,25.613267426514263,True,0
lunar-09584,lunar,1971-08-06,jerusalem_nasa_city_point,modeled UT1; not exact UTC,MID,1971-08-06T19:43:10.340,-0.26885,32.493065664780815,True,0
lunar-09584,lunar,1971-08-06,jerusalem_nasa_city_point,modeled UT1; not exact UTC,U3,1971-08-06T20:32:53.120,0.5597,37.69667875176945,True,0
lunar-09584,lunar,1971-08-06,jerusalem_nasa_city_point,modeled UT1; not exact UTC,U4,1971-08-06T21:30:56.156,1.52721,40.90963119798202,True,0
lunar-09584,lunar,1971-08-06,jerusalem_nasa_city_point,modeled UT1; not exact UTC,P4,1971-08-06T22:26:46.496,2.45786,40.55148244393912,True,0
lunar-09585,lunar,1972-01-30,jerusalem_nasa_city_point,modeled UT1; not exact UTC,P1,1972-01-30T08:03:16.236,-2.93374,-35.244796141252365,False,2
lunar-09585,lunar,1972-01-30,jerusalem_nasa_city_point,modeled UT1; not exact UTC,U1,1972-01-30T09:11:39.444,-1.79396,-40.401979567877405,False,2
lunar-09585,lunar,1972-01-30,jerusalem_nasa_city_point,modeled UT1; not exact UTC,U2,1972-01-30T10:35:57.444,-0.38896,-40.28881573670569,False,2
lunar-09585,lunar,1972-01-30,jerusalem_nasa_city_point,modeled UT1; not exact UTC,MID,1972-01-30T10:53:22.884,-0.09856,-39.34002905738151,False,2
lunar-09585,lunar,1972-01-30,jerusalem_nasa_city_point,modeled UT1; not exact UTC,U3,1972-01-30T11:10:45.156,0.19096,-38.105073890357275,False,2
lunar-09585,lunar,1972-01-30,jerusalem_nasa_city_point,modeled UT1; not exact UTC,U4,1972-01-30T12:35:02.652,1.59582,-28.699221837539163,False,2
lunar-09585,lunar,1972-01-30,jerusalem_nasa_city_point,modeled UT1; not exact UTC,P4,1972-01-30T13:43:35.508,2.73828,-18.06262369605807,False,2
solar-09448,solar,1972-07-10,jerusalem_nasa_city_point,modeled UT1; not exact UTC,C1,1972-07-10T19:23:03.772,-0.6037299534278214,-26.351602855717587,False,1
solar-09448,solar,1972-07-10,jerusalem_nasa_city_point,modeled UT1; not exact UTC,MID,1972-07-10T20:04:17.058,0.08329401961879745,-31.00028576113448,False,1
solar-09448,solar,1972-07-10,jerusalem_nasa_city_point,modeled UT1; not exact UTC,C4,1972-07-10T20:44:50.326,0.7592016841271584,-34.23597939654006,False,1
lunar-09586,lunar,1972-07-26,jerusalem_nasa_city_point,modeled UT1; not exact UTC,P1,1972-07-26T04:39:25.780,-2.33095,-23.289559152532167,False,2
lunar-09586,lunar,1972-07-26,jerusalem_nasa_city_point,modeled UT1; not exact UTC,U1,1972-07-26T05:55:38.680,-1.0607,-38.64576438923022,False,2
lunar-09586,lunar,1972-07-26,jerusalem_nasa_city_point,modeled UT1; not exact UTC,MID,1972-07-26T07:15:38.704,0.27264,-54.673198734128086,False,2
lunar-09586,lunar,1972-07-26,jerusalem_nasa_city_point,modeled UT1; not exact UTC,U4,1972-07-26T08:35:46.864,1.60824,-69.48654015111481,False,2
lunar-09586,lunar,1972-07-26,jerusalem_nasa_city_point,modeled UT1; not exact UTC,P4,1972-07-26T09:51:52.384,2.87644,-76.75336386845527,False,2
solar-09449,solar,1973-01-04,jerusalem_nasa_city_point,modeled UT1; not exact UTC,C1,1973-01-04T16:51:14.515,0.8660596691468049,-25.42494901326422,False,1
solar-09449,solar,1973-01-04,jerusalem_nasa_city_point,modeled UT1; not exact UTC,MID,1973-01-04T17:26:36.944,1.4556233934299638,-32.824387254542934,False,1
solar-09449,solar,1973-01-04,jerusalem_nasa_city_point,modeled UT1; not exact UTC,C4,1973-01-04T18:00:36.979,2.0222996632189676,-40.005951532737384,False,1
lunar-09587,lunar,1973-01-18,jerusalem_nasa_city_point,modeled UT1; not exact UTC,P1,1973-01-18T19:18:58.480,-1.6717,54.87573213152166,True,0
lunar-09587,lunar,1973-01-18,jerusalem_nasa_city_point,modeled UT1; not exact UTC,MID,1973-01-18T21:17:14.620,0.29945,75.54751190385011,True,0
lunar-09587,lunar,1973-01-18,jerusalem_nasa_city_point,modeled UT1; not exact UTC,P4,1973-01-18T23:15:27.052,2.26957,67.11115655944707,True,0
lunar-09588,lunar,1973-06-15,jerusalem_nasa_city_point,modeled UT1; not exact UTC,P1,1973-06-15T19:07:39.408,-1.86022,22.580374282595955,True,0
lunar-09588,lunar,1973-06-15,jerusalem_nasa_city_point,modeled UT1; not exact UTC,MID,1973-06-15T20:49:57.192,-0.15528,31.707607871609163,True,0
lunar-09588,lunar,1973-06-15,jerusalem_nasa_city_point,modeled UT1; not exact UTC,P4,1973-06-15T22:32:15.084,1.54969,31.793734719447748,True,0
solar-09450,solar,1973-06-30,jerusalem_nasa_city_point,modeled UT1; not exact UTC,C1,1973-06-30T11:31:42.378,-0.4593949346086725,64.40517297183864,True,0
solar-09450,solar,1973-06-30,jerusalem_nasa_city_point,modeled UT1; not exact UTC,MID,1973-06-30T12:21:36.234,0.3722316154503324,53.910908471110574,True,0
solar-09450,solar,1973-06-30,jerusalem_nasa_city_point,modeled UT1; not exact UTC,C4,1973-06-30T13:08:16.442,1.1500672160435197,43.996048710367425,True,0
lunar-09589,lunar,1973-07-15,jerusalem_nasa_city_point,modeled UT1; not exact UTC,P1,1973-07-15T10:49:07.124,-1.16916,-71.36125377714797,False,2
lunar-09589,lunar,1973-07-15,jerusalem_nasa_city_point,modeled UT1; not exact UTC,MID,1973-07-15T11:38:34.856,-0.34479,-62.19329293082361,False,2
lunar-09589,lunar,1973-07-15,jerusalem_nasa_city_point,modeled UT1; not exact UTC,P4,1973-07-15T12:28:12.056,0.48221,-52.30232748907936,False,2
lunar-09590,lunar,1973-12-10,jerusalem_nasa_city_point,modeled UT1; not exact UTC,P1,1973-12-09T23:38:22.108,-2.34822,59.35761709280618,True,0
lunar-09590,lunar,1973-12-10,jerusalem_nasa_city_point,modeled UT1; not exact UTC,U1,1973-12-10T01:10:10.252,-0.81818,40.4703809966406,True,0
lunar-09590,lunar,1973-12-10,jerusalem_nasa_city_point,modeled UT1; not exact UTC,MID,1973-12-10T01:44:21.964,-0.24826,33.49490708518384,True,0
lunar-09590,lunar,1973-12-10,jerusalem_nasa_city_point,modeled UT1; not exact UTC,U4,1973-12-10T02:18:38.536,0.32301,26.582204279354638,True,0
lunar-09590,lunar,1973-12-10,jerusalem_nasa_city_point,modeled UT1; not exact UTC,P4,1973-12-10T03:50:23.512,1.85217,8.676778451025491,True,0
solar-09451,solar,1973-12-24,jerusalem_nasa_city_point,modeled UT1; not exact UTC,C1,1973-12-24T15:41:04.997,0.6970546335200092,-12.545888079424872,False,1
solar-09451,solar,1973-12-24,jerusalem_nasa_city_point,modeled UT1; not exact UTC,MID,1973-12-24T16:42:16.675,1.7169654013522233,-25.006515733826067,False,1
solar-09451,solar,1973-12-24,jerusalem_nasa_city_point,modeled UT1; not exact UTC,C4,1973-12-24T17:38:26.636,2.65306542433631,-36.75260527968907,False,1
lunar-09591,lunar,1974-06-04,jerusalem_nasa_city_point,modeled UT1; not exact UTC,P1,1974-06-04T19:25:28.760,-2.5629,26.74568254617059,True,0
lunar-09591,lunar,1974-06-04,jerusalem_nasa_city_point,modeled UT1; not exact UTC,U1,1974-06-04T20:39:08.948,-1.33507,32.96916900897252,True,0
lunar-09591,lunar,1974-06-04,jerusalem_nasa_city_point,modeled UT1; not exact UTC,MID,1974-06-04T22:15:58.844,0.27879,33.72287275268841,True,0
lunar-09591,lunar,1974-06-04,jerusalem_nasa_city_point,modeled UT1; not exact UTC,U4,1974-06-04T23:52:44.348,1.89143,25.957148727846743,True,0
lunar-09591,lunar,1974-06-04,jerusalem_nasa_city_point,modeled UT1; not exact UTC,P4,1974-06-05T01:06:31.664,3.12124,15.887544045687724,True,0
lunar-09592,lunar,1974-11-29,jerusalem_nasa_city_point,modeled UT1; not exact UTC,P1,1974-11-29T12:26:47.108,-2.54097,-21.38923900119703,False,2
lunar-09592,lunar,1974-11-29,jerusalem_nasa_city_point,modeled UT1; not exact UTC,U1,1974-11-29T13:28:54.908,-1.50547,-11.514817684166625,False,2
lunar-09592,lunar,1974-11-29,jerusalem_nasa_city_point,modeled UT1; not exact UTC,U2,1974-11-29T14:35:30.476,-0.39559,0.35416856634998534,True,0
lunar-09592,lunar,1974-11-29,jerusalem_nasa_city_point,modeled UT1; not exact UTC,MID,1974-11-29T15:13:21.824,0.23534,7.515154563288199,True,0
lunar-09592,lunar,1974-11-29,jerusalem_nasa_city_point,modeled UT1; not exact UTC,U3,1974-11-29T15:51:15.332,0.86687,14.903809628984074,True,0
lunar-09592,lunar,1974-11-29,jerusalem_nasa_city_point,modeled UT1; not exact UTC,U4,1974-11-29T16:57:51.764,1.97699,28.28287198422573,True,0
lunar-09592,lunar,1974-11-29,jerusalem_nasa_city_point,modeled UT1; not exact UTC,P4,1974-11-29T17:59:51.608,3.01028,41.0206298312563,True,0
lunar-09593,lunar,1975-05-25,jerusalem_nasa_city_point,modeled UT1; not exact UTC,P1,1975-05-25T03:00:06.624,-2.98541,-5.648611939323763,False,2
lunar-09593,lunar,1975-05-25,jerusalem_nasa_city_point,modeled UT1; not exact UTC,U1,1975-05-25T04:00:23.868,-1.98062,-17.382158257507168,False,2
lunar-09593,lunar,1975-05-25,jerusalem_nasa_city_point,modeled UT1; not exact UTC,U2,1975-05-25T05:03:51.156,-0.92304,-30.066436647860655,False,2
lunar-09593,lunar,1975-05-25,jerusalem_nasa_city_point,modeled UT1; not exact UTC,MID,1975-05-25T05:48:00.864,-0.18701,-38.996660564218345,False,2
lunar-09593,lunar,1975-05-25,jerusalem_nasa_city_point,modeled UT1; not exact UTC,U3,1975-05-25T06:32:08.844,0.54854,-47.93182399923425,False,2
lunar-09593,lunar,1975-05-25,jerusalem_nasa_city_point,modeled UT1; not exact UTC,U4,1975-05-25T07:35:35.196,1.60586,-60.60066674583458,False,2
lunar-09593,lunar,1975-05-25,jerusalem_nasa_city_point,modeled UT1; not exact UTC,P4,1975-05-25T08:36:00.432,2.61287,-71.85105237841249,False,2
lunar-09594,lunar,1975-11-18,jerusalem_nasa_city_point,modeled UT1; not exact UTC,P1,1975-11-18T19:27:20.416,-2.53144,61.30214738289864,True,0
lunar-09594,lunar,1975-11-18,jerusalem_nasa_city_point,modeled UT1; not exact UTC,U1,1975-11-18T20:38:57.484,-1.33781,73.63572253879221,True,0
lunar-09594,lunar,1975-11-18,jerusalem_nasa_city_point,modeled UT1; not exact UTC,U2,1975-11-18T22:03:21.856,0.06896,74.05456364394112,True,0
lunar-09594,lunar,1975-11-18,jerusalem_nasa_city_point,modeled UT1; not exact UTC,MID,1975-11-18T22:23:26.092,0.40347,71.20221808788573,True,0
lunar-09594,lunar,1975-11-18,jerusalem_nasa_city_point,modeled UT1; not exact UTC,U3,1975-11-18T22:43:32.920,0.7387,67.82309928090851,True,0
lunar-09594,lunar,1975-11-18,jerusalem_nasa_city_point,modeled UT1; not exact UTC,U4,1975-11-19T00:07:57.940,2.14565,51.361652273855604,True,0
lunar-09594,lunar,1975-11-18,jerusalem_nasa_city_point,modeled UT1; not exact UTC,P4,1975-11-19T01:19:27.052,3.33707,36.61423546943753,True,0
solar-09456,solar,1976-04-29,jerusalem_nasa_city_point,modeled UT1; not exact UTC,C1,1976-04-29T09:15:57.808,-0.7209145691614256,72.16646228163754,True,0
solar-09456,solar,1976-04-29,jerusalem_nasa_city_point,modeled UT1; not exact UTC,MID,1976-04-29T11:09:24.102,1.16972289049244,62.681515874573,True,0
solar-09456,solar,1976-04-29,jerusalem_nasa_city_point,modeled UT1; not exact UTC,C4,1976-04-29T12:52:26.286,2.8869960209468353,42.239652380624904,True,0
lunar-09595,lunar,1976-05-13,jerusalem_nasa_city_point,modeled UT1; not exact UTC,P1,1976-05-13T17:48:24.884,-2.18006,16.537264683127315,True,0
lunar-09595,lunar,1976-05-13,jerusalem_nasa_city_point,modeled UT1; not exact UTC,U1,1976-05-13T19:16:36.380,-0.7102,29.77109352723585,True,0
lunar-09595,lunar,1976-05-13,jerusalem_nasa_city_point,modeled UT1; not exact UTC,MID,1976-05-13T19:54:20.852,-0.08118,34.11058286001019,True,0
lunar-09595,lunar,1976-05-13,jerusalem_nasa_city_point,modeled UT1; not exact UTC,U4,1976-05-13T20:31:59.276,0.54616,37.33109886738105,True,0
lunar-09595,lunar,1976-05-13,jerusalem_nasa_city_point,modeled UT1; not exact UTC,P4,1976-05-13T22:00:13.760,2.01685,39.43551444781003,True,0
lunar-09596,lunar,1976-11-06,jerusalem_nasa_city_point,modeled UT1; not exact UTC,P1,1976-11-06T20:48:18.084,-2.18181,71.51632640464165,True,0
lunar-09596,lunar,1976-11-06,jerusalem_nasa_city_point,modeled UT1; not exact UTC,MID,1976-11-06T23:01:11.832,0.03312,61.889649141249556,True,0
lunar-09596,lunar,1976-11-06,jerusalem_nasa_city_point,modeled UT1; not exact UTC,P4,1976-11-07T01:14:05.256,2.24796,35.534361766170754,True,0
lunar-09597,lunar,1977-04-04,jerusalem_nasa_city_point,modeled UT1; not exact UTC,P1,1977-04-04T02:06:51.884,-1.87231,14.429520794473273,True,0
lunar-09597,lunar,1977-04-04,jerusalem_nasa_city_point,modeled UT1; not exact UTC,U1,1977-04-04T03:30:57.932,-0.47063,-2.579076627412511,False,2
lunar-09597,lunar,1977-04-04,jerusalem_nasa_city_point,modeled UT1; not exact UTC,MID,1977-04-04T04:18:16.136,0.31776,-12.29971992675744,False,2
lunar-09597,lunar,1977-04-04,jerusalem_nasa_city_point,modeled UT1; not exact UTC,U4,1977-04-04T05:05:42.152,1.10832,-22.02882645896565,False,2
lunar-09597,lunar,1977-04-04,jerusalem_nasa_city_point,modeled UT1; not exact UTC,P4,1977-04-04T06:29:43.952,2.50882,-38.86525759056945,False,2
lunar-09598,lunar,1977-09-27,jerusalem_nasa_city_point,modeled UT1; not exact UTC,P1,1977-09-27T06:20:32.616,-2.64419,-35.44118455371386,False,2
lunar-09598,lunar,1977-09-27,jerusalem_nasa_city_point,modeled UT1; not exact UTC,MID,1977-09-27T08:29:20.088,-0.49767,-53.402381409492996,False,2
lunar-09598,lunar,1977-09-27,jerusalem_nasa_city_point,modeled UT1; not exact UTC,P4,1977-09-27T10:38:02.916,1.64756,-52.55975625240007,False,2
solar-09459,solar,1977-10-12,jerusalem_nasa_city_point,modeled UT1; not exact UTC,C1,1977-10-12T19:51:34.605,-0.12694310741563952,-57.39880824529192,False,1
solar-09459,solar,1977-10-12,jerusalem_nasa_city_point,modeled UT1; not exact UTC,MID,1977-10-12T20:34:06.361,0.5818781514992257,-63.026810055261045,False,1
solar-09459,solar,1977-10-12,jerusalem_nasa_city_point,modeled UT1; not exact UTC,C4,1977-10-12T21:16:05.794,1.2817205769234241,-65.73961664957947,False,1
lunar-09599,lunar,1978-03-24,jerusalem_nasa_city_point,modeled UT1; not exact UTC,P1,1978-03-24T13:29:50.872,-2.48898,-28.645258162374088,False,2
lunar-09599,lunar,1978-03-24,jerusalem_nasa_city_point,modeled UT1; not exact UTC,U1,1978-03-24T14:33:06.820,-1.43455,-16.14092157259956,False,2
lunar-09599,lunar,1978-03-24,jerusalem_nasa_city_point,modeled UT1; not exact UTC,U2,1978-03-24T15:37:02.620,-0.36905,-3.164587550095495,False,2
lunar-09599,lunar,1978-03-24,jerusalem_nasa_city_point,modeled UT1; not exact UTC,MID,1978-03-24T16:22:21.736,0.38626,6.0719371211048685,True,0
lunar-09599,lunar,1978-03-24,jerusalem_nasa_city_point,modeled UT1; not exact UTC,U3,1978-03-24T17:07:42.616,1.14206,15.226498188418669,True,0
lunar-09599,lunar,1978-03-24,jerusalem_nasa_city_point,modeled UT1; not exact UTC,U4,1978-03-24T18:11:39.568,2.20788,27.73073643806058,True,0
lunar-09599,lunar,1978-03-24,jerusalem_nasa_city_point,modeled UT1; not exact UTC,P4,1978-03-24T19:14:46.696,3.25986,39.09963671201939,True,0
lunar-09600,lunar,1978-09-16,jerusalem_nasa_city_point,modeled UT1; not exact UTC,P1,1978-09-16T16:22:19.328,-2.61427,9.072350828993061,True,0
lunar-09600,lunar,1978-09-16,jerusalem_nasa_city_point,modeled UT1; not exact UTC,U1,1978-09-16T17:20:35.900,-1.643,20.83154630167059,True,0
lunar-09600,lunar,1978-09-16,jerusalem_nasa_city_point,modeled UT1; not exact UTC,U2,1978-09-16T18:24:51.644,-0.57196,33.173314512948,True,0
lunar-09600,lunar,1978-09-16,jerusalem_nasa_city_point,modeled UT1; not exact UTC,MID,1978-09-16T19:04:11.876,0.08366,40.12864088101101,True,0
lunar-09600,lunar,1978-09-16,jerusalem_nasa_city_point,modeled UT1; not exact UTC,U3,1978-09-16T19:43:30.452,0.73882,46.317449585520905,True,0
lunar-09600,lunar,1978-09-16,jerusalem_nasa_city_point,modeled UT1; not exact UTC,U4,1978-09-16T20:47:45.692,1.80972,53.711818386348114,True,0
lunar-09600,lunar,1978-09-16,jerusalem_nasa_city_point,modeled UT1; not exact UTC,P4,1978-09-16T21:46:09.572,2.78302,55.86678819081232,True,0
lunar-09601,lunar,1979-03-13,jerusalem_nasa_city_point,modeled UT1; not exact UTC,P1,1979-03-13T18:12:41.892,-2.77453,32.42888015343568,True,0
lunar-09601,lunar,1979-03-13,jerusalem_nasa_city_point,modeled UT1; not exact UTC,U1,1979-03-13T19:29:14.124,-1.49891,46.63933213873233,True,0
lunar-09601,lunar,1979-03-13,jerusalem_nasa_city_point,modeled UT1; not exact UTC,MID,1979-03-13T21:08:02.208,0.14778,59.53078076959104,True,0
lunar-09601,lunar,1979-03-13,jerusalem_nasa_city_point,modeled UT1; not exact UTC,U4,1979-03-13T22:46:53.280,1.7953,58.09422070184669,True,0
lunar-09601,lunar,1979-03-13,jerusalem_nasa_city_point,modeled UT1; not exact UTC,P4,1979-03-14T00:03:18.528,3.06898,47.53562094334494,True,0
lunar-09602,lunar,1979-09-06,jerusalem_nasa_city_point,modeled UT1; not exact UTC,P1,1979-09-06T08:21:37.172,-2.62573,-61.162485040685844,False,2
lunar-09602,lunar,1979-09-06,jerusalem_nasa_city_point,modeled UT1; not exact UTC,U1,1979-09-06T09:18:15.284,-1.68181,-65.67457889161301,False,2
lunar-09602,lunar,1979-09-06,jerusalem_nasa_city_point,modeled UT1; not exact UTC,U2,1979-09-06T10:31:59.360,-0.4529,-62.67889682123959,False,2
lunar-09602,lunar,1979-09-06,jerusalem_nasa_city_point,modeled UT1; not exact UTC,MID,1979-09-06T10:54:11.900,-0.08275,-60.054089547521,False,2
lunar-09602,lunar,1979-09-06,jerusalem_nasa_city_point,modeled UT1; not exact UTC,U3,1979-09-06T11:16:24.044,0.28729,-56.9091988281601,False,2
lunar-09602,lunar,1979-09-06,jerusalem_nasa_city_point,modeled UT1; not exact UTC,U4,1979-09-06T12:30:07.616,1.51606,-44.21407323482871,False,2
lunar-09602,lunar,1979-09-06,jerusalem_nasa_city_point,modeled UT1; not exact UTC,P4,1979-09-06T13:26:46.160,2.4601,-33.247669540388294,False,2
solar-09464,solar,1980-02-16,jerusalem_nasa_city_point,modeled UT1; not exact UTC,C1,1980-02-16T08:23:54.959,-0.5873448247209198,40.76542580389131,True,0
solar-09464,solar,1980-02-16,jerusalem_nasa_city_point,modeled UT1; not exact UTC,MID,1980-02-16T08:55:18.687,-0.06408695964125534,43.54465543174168,True,0
solar-09464,solar,1980-02-16,jerusalem_nasa_city_point,modeled UT1; not exact UTC,C4,1980-02-16T09:26:53.408,0.4622245396037285,45.22646082324145,True,0
lunar-09603,lunar,1980-03-01,jerusalem_nasa_city_point,modeled UT1; not exact UTC,P1,1980-03-01T18:45:55.716,-2.22044,41.00999060025837,True,0
lunar-09603,lunar,1980-03-01,jerusalem_nasa_city_point,modeled UT1; not exact UTC,MID,1980-03-01T20:45:12.120,-0.23255,61.389538110896915,True,0
lunar-09603,lunar,1980-03-01,jerusalem_nasa_city_point,modeled UT1; not exact UTC,P4,1980-03-01T22:44:24.348,1.75418,63.34979941085708,True,0
lunar-09604,lunar,1980-07-27,jerusalem_nasa_city_point,modeled UT1; not exact UTC,P1,1980-07-27T17:59:29.052,-0.99443,16.296718906225223,True,0
lunar-09604,lunar,1980-07-27,jerusalem_nasa_city_point,modeled UT1; not exact UTC,MID,1980-07-27T19:08:07.992,0.14972,27.07672454270621,True,0
lunar-09604,lunar,1980-07-27,jerusalem_nasa_city_point,modeled UT1; not exact UTC,P4,1980-07-27T20:17:02.016,1.29806,35.33854375921607,True,0
lunar-09605,lunar,1980-08-26,jerusalem_nasa_city_point,modeled UT1; not exact UTC,P1,1980-08-26T01:43:20.552,-2.26343,16.000505339207848,True,0
lunar-09605,lunar,1980-08-26,jerusalem_nasa_city_point,modeled UT1; not exact UTC,MID,1980-08-26T03:30:28.712,-0.47783,-4.599294000902936,False,2
lunar-09605,lunar,1980-08-26,jerusalem_nasa_city_point,modeled UT1; not exact UTC,P4,1980-08-26T05:17:41.624,1.30909,-26.16228638961574,False,2
lunar-09606,lunar,1981-01-20,jerusalem_nasa_city_point,modeled UT1; not exact UTC,P1,1981-01-20T05:37:59.896,-2.35239,-12.868143154894124,False,2
lunar-09606,lunar,1981-01-20,jerusalem_nasa_city_point,modeled UT1; not exact UTC,MID,1981-01-20T07:49:56.872,-0.15323,-32.38824637026122,False,2
lunar-09606,lunar,1981-01-20,jerusalem_nasa_city_point,modeled UT1; not exact UTC,P4,1981-01-20T10:01:49.492,2.04472,-39.96249349722942,False,2
lunar-09607,lunar,1981-07-17,jerusalem_nasa_city_point,modeled UT1; not exact UTC,P1,1981-07-17T02:06:59.412,-2.86908,6.3084712568539025,True,0
lunar-09607,lunar,1981-07-17,jerusalem_nasa_city_point,modeled UT1; not exact UTC,U1,1981-07-17T03:25:15.144,-1.56471,-8.234775173086952,False,2
lunar-09607,lunar,1981-07-17,jerusalem_nasa_city_point,modeled UT1; not exact UTC,MID,1981-07-17T04:46:48.192,-0.20553,-24.273812091549814,False,2
lunar-09607,lunar,1981-07-17,jerusalem_nasa_city_point,modeled UT1; not exact UTC,U4,1981-07-17T06:08:28.440,1.15565,-40.75438305689924,False,2
lunar-09607,lunar,1981-07-17,jerusalem_nasa_city_point,modeled UT1; not exact UTC,P4,1981-07-17T07:26:36.324,2.45784,-56.490371457042166,False,2
solar-09467,solar,1981-07-31,jerusalem_nasa_city_point,modeled UT1; not exact UTC,C1,1981-07-31T01:22:10.172,-2.616091156238191,-17.85653094751169,False,1
solar-09467,solar,1981-07-31,jerusalem_nasa_city_point,modeled UT1; not exact UTC,MID,1981-07-31T02:10:40.792,-1.8075856650307647,-9.128972723011941,False,1
solar-09467,solar,1981-07-31,jerusalem_nasa_city_point,modeled UT1; not exact UTC,C4,1981-07-31T03:02:37.392,-0.9418633885085709,0.8976185036194803,True,0
lunar-09608,lunar,1982-01-09,jerusalem_nasa_city_point,modeled UT1; not exact UTC,P1,1982-01-09T17:16:19.676,-2.71334,30.422885020589085,True,0
lunar-09608,lunar,1982-01-09,jerusalem_nasa_city_point,modeled UT1; not exact UTC,U1,1982-01-09T18:13:55.496,-1.75339,42.22229022730083,True,0
lunar-09608,lunar,1982-01-09,jerusalem_nasa_city_point,modeled UT1; not exact UTC,U2,1982-01-09T19:17:01.004,-0.70186,55.198833732876665,True,0
lunar-09608,lunar,1982-01-09,jerusalem_nasa_city_point,modeled UT1; not exact UTC,MID,1982-01-09T19:55:51.212,-0.05458,63.05781997954224,True,0
lunar-09608,lunar,1982-01-09,jerusalem_nasa_city_point,modeled UT1; not exact UTC,U3,1982-01-09T20:34:40.232,0.59237,70.54794046867802,True,0
lunar-09608,lunar,1982-01-09,jerusalem_nasa_city_point,modeled UT1; not exact UTC,U4,1982-01-09T21:37:45.272,1.64377,79.36712858615311,True,0
lunar-09608,lunar,1982-01-09,jerusalem_nasa_city_point,modeled UT1; not exact UTC,P4,1982-01-09T22:35:25.880,2.60505,75.91517116383393,True,0
lunar-09609,lunar,1982-07-06,jerusalem_nasa_city_point,modeled UT1; not exact UTC,P1,1982-07-06T04:23:58.448,-3.58582,-22.047042606713184,False,2
lunar-09609,lunar,1982-07-06,jerusalem_nasa_city_point,modeled UT1; not exact UTC,U1,1982-07-06T05:33:07.412,-2.43333,-35.900083583314746,False,2
lunar-09609,lunar,1982-07-06,jerusalem_nasa_city_point,modeled UT1; not exact UTC,U2,1982-07-06T06:38:02.576,-1.35134,-49.071397973585015,False,2
lunar-09609,lunar,1982-07-06,jerusalem_nasa_city_point,modeled UT1; not exact UTC,MID,1982-07-06T07:30:54.536,-0.47024,-59.755671999214485,False,2
lunar-09609,lunar,1982-07-06,jerusalem_nasa_city_point,modeled UT1; not exact UTC,U3,1982-07-06T08:23:46.820,0.41095,-70.10772192327721,False,2
lunar-09609,lunar,1982-07-06,jerusalem_nasa_city_point,modeled UT1; not exact UTC,U4,1982-07-06T09:28:42.164,1.49299,-80.21828918663594,False,2
lunar-09609,lunar,1982-07-06,jerusalem_nasa_city_point,modeled UT1; not exact UTC,P4,1982-07-06T10:37:49.004,2.64489,-76.2638854683105,False,2
solar-09470,solar,1982-07-20,jerusalem_nasa_city_point,modeled UT1; not exact UTC,C1,1982-07-20T19:14:06.459,0.24976647319108036,-26.315677718425803,False,1
solar-09470,solar,1982-07-20,jerusalem_nasa_city_point,modeled UT1; not exact UTC,MID,1982-07-20T19:27:17.179,0.4694108985546956,-28.056346733149,False,1
solar-09470,solar,1982-07-20,jerusalem_nasa_city_point,modeled UT1; not exact UTC,C4,1982-07-20T19:40:24.795,0.6881931567701028,-29.676510380384258,False,1
solar-09471,solar,1982-12-15,jerusalem_nasa_city_point,modeled UT1; not exact UTC,C1,1982-12-15T07:45:50.084,-2.2213654490612633,29.19297947254378,True,0
solar-09471,solar,1982-12-15,jerusalem_nasa_city_point,modeled UT1; not exact UTC,MID,1982-12-15T09:13:28.676,-0.760645680384243,34.751146731864786,True,0
solar-09471,solar,1982-12-15,jerusalem_nasa_city_point,modeled UT1; not exact UTC,C4,1982-12-15T10:44:57.234,0.7639538070958247,32.4164092878334,True,0
lunar-09610,lunar,1982-12-30,jerusalem_nasa_city_point,modeled UT1; not exact UTC,P1,1982-12-30T08:53:26.800,-2.0945,-34.7119182216862,False,2
lunar-09610,lunar,1982-12-30,jerusalem_nasa_city_point,modeled UT1; not exact UTC,U1,1982-12-30T09:50:48.076,-1.13859,-35.45668141536765,False,2
lunar-09610,lunar,1982-12-30,jerusalem_nasa_city_point,modeled UT1; not exact UTC,U2,1982-12-30T10:58:43.276,-0.00659,-32.45153114664076,False,2
lunar-09610,lunar,1982-12-30,jerusalem_nasa_city_point,modeled UT1; not exact UTC,MID,1982-12-30T11:28:44.320,0.4937,-29.910721472195984,False,2
lunar-09610,lunar,1982-12-30,jerusalem_nasa_city_point,modeled UT1; not exact UTC,U3,1982-12-30T11:58:45.940,0.99415,-26.739426448599616,False,2
lunar-09610,lunar,1982-12-30,jerusalem_nasa_city_point,modeled UT1; not exact UTC,U4,1982-12-30T13:06:41.356,2.12621,-17.695754733944543,False,2
lunar-09610,lunar,1982-12-30,jerusalem_nasa_city_point,modeled UT1; not exact UTC,P4,1982-12-30T14:04:01.012,3.08167,-8.562019330906313,False,2
lunar-09611,lunar,1983-06-25,jerusalem_nasa_city_point,modeled UT1; not exact UTC,P1,1983-06-25T05:44:55.812,-2.23633,-39.69067966748228,False,2
lunar-09611,lunar,1983-06-25,jerusalem_nasa_city_point,modeled UT1; not exact UTC,U1,1983-06-25T07:14:56.820,-0.73605,-57.93782973268045,False,2
lunar-09611,lunar,1983-06-25,jerusalem_nasa_city_point,modeled UT1; not exact UTC,MID,1983-06-25T08:22:17.568,0.38638,-71.31007679647604,False,2
lunar-09611,lunar,1983-06-25,jerusalem_nasa_city_point,modeled UT1; not exact UTC,U4,1983-06-25T09:29:32.016,1.50706,-81.9396899505737,False,2
lunar-09611,lunar,1983-06-25,jerusalem_nasa_city_point,modeled UT1; not exact UTC,P4,1983-06-25T10:59:39.324,3.00909,-72.51263325450427,False,2
solar-09473,solar,1983-12-04,jerusalem_nasa_city_point,modeled UT1; not exact UTC,C1,1983-12-04T12:40:33.024,-0.30924339973577575,19.218276549162912,True,0
solar-09473,solar,1983-12-04,jerusalem_nasa_city_point,modeled UT1; not exact UTC,MID,1983-12-04T13:42:21.398,0.7208604503463338,8.890400824375108,True,0
solar-09473,solar,1983-12-04,jerusalem_nasa_city_point,modeled UT1; not exact UTC,C4,1983-12-04T14:37:21.905,1.6376681839807694,-1.3054310885804228,False,1
lunar-09612,lunar,1983-12-20,jerusalem_nasa_city_point,modeled UT1; not exact UTC,P1,1983-12-19T23:47:59.076,-2.18534,58.4583299000141,True,0
lunar-09612,lunar,1983-12-20,jerusalem_nasa_city_point,modeled UT1; not exact UTC,MID,1983-12-20T01:49:03.552,-0.16743,33.60501567204347,True,0
lunar-09612,lunar,1983-12-20,jerusalem_nasa_city_point,modeled UT1; not exact UTC,P4,1983-12-20T03:50:14.364,1.85224,9.789185538089122,True,0
lunar-09613,lunar,1984-05-15,jerusalem_nasa_city_point,modeled UT1; not exact UTC,P1,1984-05-15T02:43:48.828,-2.25477,0,True,0
lunar-09613,lunar,1984-05-15,jerusalem_nasa_city_point,modeled UT1; not exact UTC,MID,1984-05-15T04:40:08.508,-0.31597,-23.369887436778654,False,2
lunar-09613,lunar,1984-05-15,jerusalem_nasa_city_point,modeled UT1; not exact UTC,P4,1984-05-15T06:36:19.584,1.62044,-47.04055064476749,False,2
solar-09474,solar,1984-05-30,jerusalem_nasa_city_point,modeled UT1; not exact UTC,C1,1984-05-30T17:24:48.724,0.42853453046317613,-9.365016671953404,False,1
solar-09474,solar,1984-05-30,jerusalem_nasa_city_point,modeled UT1; not exact UTC,MID,1984-05-30T18:11:43.659,1.2104608383732691,-17.338605385896166,False,1
solar-09474,solar,1984-05-30,jerusalem_nasa_city_point,modeled UT1; not exact UTC,C4,1984-05-30T18:56:18.085,1.953356819241355,-24.048728510572392,False,1
lunar-09614,lunar,1984-06-13,jerusalem_nasa_city_point,modeled UT1; not exact UTC,P1,1984-06-13T13:49:05.376,-0.16684,-35.48969579209357,False,2
lunar-09614,lunar,1984-06-13,jerusalem_nasa_city_point,modeled UT1; not exact UTC,MID,1984-06-13T14:25:45.264,0.44424,-28.227334986002983,False,2
lunar-09614,lunar,1984-06-13,jerusalem_nasa_city_point,modeled UT1; not exact UTC,P4,1984-06-13T15:02:05.280,1.0498,-21.13140977029548,False,2
lunar-09615,lunar,1984-11-08,jerusalem_nasa_city_point,modeled UT1; not exact UTC,P1,1984-11-08T15:41:04.144,-2.30046,11.461176543820358,True,0
lunar-09615,lunar,1984-11-08,jerusalem_nasa_city_point,modeled UT1; not exact UTC,MID,1984-11-08T17:55:14.068,-0.06437,39.39619627977927,True,0
lunar-09615,lunar,1984-11-08,jerusalem_nasa_city_point,modeled UT1; not exact UTC,P4,1984-11-08T20:09:26.656,2.17246,65.93101947657898,True,0
solar-09475,solar,1984-11-22,jerusalem_nasa_city_point,modeled UT1; not exact UTC,C1,1984-11-22T22:02:00.118,-0.9515504537560779,-75.91960459783364,False,1
solar-09475,solar,1984-11-22,jerusalem_nasa_city_point,modeled UT1; not exact UTC,MID,1984-11-22T22:26:47.783,-0.5383102960035336,-72.11486325304159,False,1
solar-09475,solar,1984-11-22,jerusalem_nasa_city_point,modeled UT1; not exact UTC,C4,1984-11-22T22:51:42.037,-0.12323973680730643,-67.55786140707613,False,1
lunar-09616,lunar,1985-05-04,jerusalem_nasa_city_point,modeled UT1; not exact UTC,P1,1985-05-04T17:21:16.852,-2.63018,13.11276188234244,True,0
lunar-09616,lunar,1985-05-04,jerusalem_nasa_city_point,modeled UT1; not exact UTC,U1,1985-05-04T18:16:55.456,-1.70279,22.574572713521572,True,0
lunar-09616,lunar,1985-05-04,jerusalem_nasa_city_point,modeled UT1; not exact UTC,U2,1985-05-04T19:22:33.028,-0.60902,32.062038909177055,True,0
lunar-09616,lunar,1985-05-04,jerusalem_nasa_city_point,modeled UT1; not exact UTC,MID,1985-05-04T19:56:24.040,-0.04485,35.923333259318916,True,0
lunar-09616,lunar,1985-05-04,jerusalem_nasa_city_point,modeled UT1; not exact UTC,U3,1985-05-04T20:30:14.296,0.51911,38.85136003437546,True,0
lunar-09616,lunar,1985-05-04,jerusalem_nasa_city_point,modeled UT1; not exact UTC,U4,1985-05-04T21:35:51.256,1.61271,41.26878630117962,True,0
lunar-09616,lunar,1985-05-04,jerusalem_nasa_city_point,modeled UT1; not exact UTC,P4,1985-05-04T22:31:31.192,2.54047,39.61095443742381,True,0
solar-09476,solar,1985-05-19,jerusalem_nasa_city_point,modeled UT1; not exact UTC,C1,1985-05-19T21:14:17.385,0.25330126064760117,-38.08737594513911,False,1
solar-09476,solar,1985-05-19,jerusalem_nasa_city_point,modeled UT1; not exact UTC,MID,1985-05-19T21:53:20.403,0.904139606369793,-38.155196632449105,False,1
solar-09476,solar,1985-05-19,jerusalem_nasa_city_point,modeled UT1; not exact UTC,C4,1985-05-19T22:32:21.079,1.5543275590339027,-36.560695425271994,False,1
lunar-09617,lunar,1985-10-28,jerusalem_nasa_city_point,modeled UT1; not exact UTC,P1,1985-10-28T14:39:50.860,-3.32065,-2.4328080460975228,False,2
lunar-09617,lunar,1985-10-28,jerusalem_nasa_city_point,modeled UT1; not exact UTC,U1,1985-10-28T15:54:53.344,-2.06996,12.93804446709709,True,0
lunar-09617,lunar,1985-10-28,jerusalem_nasa_city_point,modeled UT1; not exact UTC,U2,1985-10-28T17:20:26.044,-0.64421,30.837327698264662,True,0
lunar-09617,lunar,1985-10-28,jerusalem_nasa_city_point,modeled UT1; not exact UTC,MID,1985-10-28T17:42:22.384,-0.27856,35.42444979186058,True,0
lunar-09617,lunar,1985-10-28,jerusalem_nasa_city_point,modeled UT1; not exact UTC,U3,1985-10-28T18:04:18.004,0.08689,39.98230492551228,True,0
lunar-09617,lunar,1985-10-28,jerusalem_nasa_city_point,modeled UT1; not exact UTC,U4,1985-10-28T19:29:50.056,1.51246,57.05046858419412,True,0
lunar-09617,lunar,1985-10-28,jerusalem_nasa_city_point,modeled UT1; not exact UTC,P4,1985-10-28T20:44:53.980,2.76355,68.91237448094161,True,0
lunar-09618,lunar,1986-04-24,jerusalem_nasa_city_point,modeled UT1; not exact UTC,P1,1986-04-24T10:06:15.632,-2.88038,-69.46570201631769,False,2
lunar-09618,lunar,1986-04-24,jerusalem_nasa_city_point,modeled UT1; not exact UTC,U1,1986-04-24T11:03:13.328,-1.93102,-62.37104885724772,False,2
lunar-09618,lunar,1986-04-24,jerusalem_nasa_city_point,modeled UT1; not exact UTC,U2,1986-04-24T12:10:48.116,-0.80469,-50.47472341361663,False,2
lunar-09618,lunar,1986-04-24,jerusalem_nasa_city_point,modeled UT1; not exact UTC,MID,1986-04-24T12:42:34.712,-0.27508,-44.36205752540765,False,2
lunar-09618,lunar,1986-04-24,jerusalem_nasa_city_point,modeled UT1; not exact UTC,U3,1986-04-24T13:14:22.748,0.25493,-38.09191825468789,False,2
lunar-09618,lunar,1986-04-24,jerusalem_nasa_city_point,modeled UT1; not exact UTC,U4,1986-04-24T14:21:58.436,1.38151,-24.541154642378306,False,2
lunar-09618,lunar,1986-04-24,jerusalem_nasa_city_point,modeled UT1; not exact UTC,P4,1986-04-24T15:18:52.604,2.32989,-13.128355171627385,False,2
solar-09479,solar,1986-10-03,jerusalem_nasa_city_point,modeled UT1; not exact UTC,C1,1986-10-03T18:44:08.783,-0.24889356062284296,-42.65034432463784,False,1
solar-09479,solar,1986-10-03,jerusalem_nasa_city_point,modeled UT1; not exact UTC,MID,1986-10-03T19:18:40.745,0.32665132261009955,-48.9250901625426,False,1
solar-09479,solar,1986-10-03,jerusalem_nasa_city_point,modeled UT1; not exact UTC,C4,1986-10-03T19:52:28.514,0.889920497506392,-54.37352588562761,False,1
lunar-09619,lunar,1986-10-17,jerusalem_nasa_city_point,modeled UT1; not exact UTC,P1,1986-10-17T16:21:26.304,-2.62736,17.087063094057438,True,0
lunar-09619,lunar,1986-10-17,jerusalem_nasa_city_point,modeled UT1; not exact UTC,U1,1986-10-17T17:29:33.456,-1.49204,31.31601240971407,True,0
lunar-09619,lunar,1986-10-17,jerusalem_nasa_city_point,modeled UT1; not exact UTC,U2,1986-10-17T18:41:07.320,-0.2993,45.838952911192344,True,0
lunar-09619,lunar,1986-10-17,jerusalem_nasa_city_point,modeled UT1; not exact UTC,MID,1986-10-17T19:17:58.836,0.31501,52.8568156341841,True,0
lunar-09619,lunar,1986-10-17,jerusalem_nasa_city_point,modeled UT1; not exact UTC,U3,1986-10-17T19:54:48.192,0.92872,59.21139188340247,True,0
lunar-09619,lunar,1986-10-17,jerusalem_nasa_city_point,modeled UT1; not exact UTC,U4,1986-10-17T21:06:21.552,2.12132,67.41167596416354,True,0
lunar-09619,lunar,1986-10-17,jerusalem_nasa_city_point,modeled UT1; not exact UTC,P4,1986-10-17T22:14:38.064,3.25924,65.72038540503593,True,0
solar-09480,solar,1987-03-29,jerusalem_nasa_city_point,modeled UT1; not exact UTC,C1,1987-03-29T13:43:06.329,0.7338134777846134,27.22963395832654,True,0
solar-09480,solar,1987-03-29,jerusalem_nasa_city_point,modeled UT1; not exact UTC,MID,1987-03-29T14:35:28.005,1.6065015241891845,16.284643532976315,True,0
solar-09480,solar,1987-03-29,jerusalem_nasa_city_point,modeled UT1; not exact UTC,C4,1987-03-29T15:24:09.805,2.418112403380993,5.957760641926721,True,0
lunar-09620,lunar,1987-04-14,jerusalem_nasa_city_point,modeled UT1; not exact UTC,P1,1987-04-14T00:21:55.228,-1.61927,31.49098129731587,True,0
lunar-09620,lunar,1987-04-14,jerusalem_nasa_city_point,modeled UT1; not exact UTC,MID,1987-04-14T02:18:54.112,0.33042,9.931172188751379,True,0
lunar-09620,lunar,1987-04-14,jerusalem_nasa_city_point,modeled UT1; not exact UTC,P4,1987-04-14T04:16:02.896,2.28286,-13.866684288009916,False,2
solar-09481,solar,1987-09-23,jerusalem_nasa_city_point,modeled UT1; not exact UTC,C1,1987-09-23T00:36:49.578,-2.370783827605533,-35.86108377437275,False,1
solar-09481,solar,1987-09-23,jerusalem_nasa_city_point,modeled UT1; not exact UTC,MID,1987-09-23T01:27:02.527,-1.5338536864936516,-25.99647361003126,False,1
solar-09481,solar,1987-09-23,jerusalem_nasa_city_point,modeled UT1; not exact UTC,C4,1987-09-23T02:20:24.274,-0.6444793863664455,-14.990983603071115,False,1
lunar-09621,lunar,1987-10-07,jerusalem_nasa_city_point,modeled UT1; not exact UTC,P1,1987-10-07T01:54:49.420,-2.0708,20.325494855121704,True,0
lunar-09621,lunar,1987-10-07,jerusalem_nasa_city_point,modeled UT1; not exact UTC,MID,1987-10-07T04:01:34.564,0.04174,-5.404331857529654,False,2
lunar-09621,lunar,1987-10-07,jerusalem_nasa_city_point,modeled UT1; not exact UTC,P4,1987-10-07T06:08:17.296,2.15361,-29.430110159247512,False,2
lunar-09622,lunar,1988-03-03,jerusalem_nasa_city_point,modeled UT1; not exact UTC,P1,1988-03-03T13:45:51.804,-2.22011,-21.79020113036687,False,2
lunar-09622,lunar,1988-03-03,jerusalem_nasa_city_point,modeled UT1; not exact UTC,MID,1988-03-03T16:12:45.000,0.228,7.226249805426428,True,0
lunar-09622,lunar,1988-03-03,jerusalem_nasa_city_point,modeled UT1; not exact UTC,P4,1988-03-03T18:39:37.296,2.67586,37.12027346904299,True,0
solar-09482,solar,1988-03-18,jerusalem_nasa_city_point,modeled UT1; not exact UTC,C1,1988-03-18T00:44:27.145,-1.2435987412840102,-38.09179151272255,False,1
solar-09482,solar,1988-03-18,jerusalem_nasa_city_point,modeled UT1; not exact UTC,MID,1988-03-18T01:18:40.626,-0.6731871031247412,-31.446126771309455,False,1
solar-09482,solar,1988-03-18,jerusalem_nasa_city_point,modeled UT1; not exact UTC,C4,1988-03-18T01:54:04.784,-0.083143344011954,-24.27988168237362,False,1
lunar-09623,lunar,1988-08-27,jerusalem_nasa_city_point,modeled UT1; not exact UTC,P1,1988-08-27T08:53:15.636,-2.09674,-67.55072228889675,False,2
lunar-09623,lunar,1988-08-27,jerusalem_nasa_city_point,modeled UT1; not exact UTC,U1,1988-08-27T10:08:04.080,-0.84995,-68.59741508379828,False,2
lunar-09623,lunar,1988-08-27,jerusalem_nasa_city_point,modeled UT1; not exact UTC,MID,1988-08-27T11:04:32.832,0.09137,-62.09302169354229,False,2
lunar-09623,lunar,1988-08-27,jerusalem_nasa_city_point,modeled UT1; not exact UTC,U4,1988-08-27T12:01:02.268,1.03288,-52.50880561770738,False,2
lunar-09623,lunar,1988-08-27,jerusalem_nasa_city_point,modeled UT1; not exact UTC,P4,1988-08-27T13:15:48.156,2.27896,-38.01656084121776,False,2
solar-09483,solar,1988-09-11,jerusalem_nasa_city_point,modeled UT1; not exact UTC,C1,1988-09-11T02:29:47.820,-2.487799922074789,-11.479125489202763,False,1
solar-09483,solar,1988-09-11,jerusalem_nasa_city_point,modeled UT1; not exact UTC,MID,1988-09-11T02:50:20.260,-2.1454554455196857,-7.199709858972489,False,1
solar-09483,solar,1988-09-11,jerusalem_nasa_city_point,modeled UT1; not exact UTC,C4,1988-09-11T03:11:18.839,-1.7958502667721215,-2.7916188293124966,False,1
lunar-09624,lunar,1989-02-20,jerusalem_nasa_city_point,modeled UT1; not exact UTC,P1,1989-02-20T12:31:32.856,-3.45854,-32.31934482260275,False,2
lunar-09624,lunar,1989-02-20,jerusalem_nasa_city_point,modeled UT1; not exact UTC,U1,1989-02-20T13:43:47.256,-2.25454,-20.27147596281424,False,2
lunar-09624,lunar,1989-02-20,jerusalem_nasa_city_point,modeled UT1; not exact UTC,U2,1989-02-20T14:56:05.544,-1.04946,-6.66199760542122,False,2
lunar-09624,lunar,1989-02-20,jerusalem_nasa_city_point,modeled UT1; not exact UTC,MID,1989-02-20T15:35:21.852,-0.39493,1.1158450507733317,True,0
lunar-09624,lunar,1989-02-20,jerusalem_nasa_city_point,modeled UT1; not exact UTC,U3,1989-02-20T16:14:37.008,0.25928,9.05780489610222,True,0
lunar-09624,lunar,1989-02-20,jerusalem_nasa_city_point,modeled UT1; not exact UTC,U4,1989-02-20T17:26:54.468,1.46413,23.90466324103471,True,0
lunar-09624,lunar,1989-02-20,jerusalem_nasa_city_point,modeled UT1; not exact UTC,P4,1989-02-20T18:39:13.044,2.66929,38.665679540153,True,0
lunar-09625,lunar,1989-08-17,jerusalem_nasa_city_point,modeled UT1; not exact UTC,P1,1989-08-17T00:24:22.348,-2.57807,28.19678948842315,True,0
lunar-09625,lunar,1989-08-17,jerusalem_nasa_city_point,modeled UT1; not exact UTC,U1,1989-08-17T01:21:02.908,-1.63347,19.031031425839352,True,0
lunar-09625,lunar,1989-08-17,jerusalem_nasa_city_point,modeled UT1; not exact UTC,U2,1989-08-17T02:20:17.044,-0.64621,8.33897008232259,True,0
lunar-09625,lunar,1989-08-17,jerusalem_nasa_city_point,modeled UT1; not exact UTC,MID,1989-08-17T03:08:10.636,0.15201,-0.8255311347049049,False,2
lunar-09625,lunar,1989-08-17,jerusalem_nasa_city_point,modeled UT1; not exact UTC,U3,1989-08-17T03:56:05.272,0.95052,-10.276979542745405,False,2
lunar-09625,lunar,1989-08-17,jerusalem_nasa_city_point,modeled UT1; not exact UTC,U4,1989-08-17T04:55:19.912,1.93792,-22.17031446181722,False,2
lunar-09625,lunar,1989-08-17,jerusalem_nasa_city_point,modeled UT1; not exact UTC,P4,1989-08-17T05:51:53.740,2.88065,-33.558305457787164,False,2
lunar-09626,lunar,1990-02-09,jerusalem_nasa_city_point,modeled UT1; not exact UTC,P1,1990-02-09T16:21:20.896,-2.62839,13.95815969950902,True,0
lunar-09626,lunar,1990-02-09,jerusalem_nasa_city_point,modeled UT1; not exact UTC,U1,1990-02-09T17:28:55.144,-1.50221,27.773132813635485,True,0
lunar-09626,lunar,1990-02-09,jerusalem_nasa_city_point,modeled UT1; not exact UTC,U2,1990-02-09T18:49:54.604,-0.15236,44.34004475129973,True,0
lunar-09626,lunar,1990-02-09,jerusalem_nasa_city_point,modeled UT1; not exact UTC,MID,1990-02-09T19:11:05.548,0.20068,48.57859087315927,True,0
lunar-09626,lunar,1990-02-09,jerusalem_nasa_city_point,modeled UT1; not exact UTC,U3,1990-02-09T19:32:13.396,0.55286,52.718268366259046,True,0
lunar-09626,lunar,1990-02-09,jerusalem_nasa_city_point,modeled UT1; not exact UTC,U4,1990-02-09T20:53:12.424,1.90259,66.66016134978102,True,0
lunar-09626,lunar,1990-02-09,jerusalem_nasa_city_point,modeled UT1; not exact UTC,P4,1990-02-09T22:00:56.320,3.03145,71.50295112770299,True,0
solar-09487,solar,1990-07-22,jerusalem_nasa_city_point,modeled UT1; not exact UTC,C1,1990-07-22T00:48:42.015,-2.1724402980594135,-21.866787639368496,False,1
solar-09487,solar,1990-07-22,jerusalem_nasa_city_point,modeled UT1; not exact UTC,MID,1990-07-22T01:25:05.484,-1.5659210968921666,-15.970684462808698,False,1
solar-09487,solar,1990-07-22,jerusalem_nasa_city_point,modeled UT1; not exact UTC,C4,1990-07-22T02:03:05.606,-0.9325539070760109,-9.280055756559973,False,1
lunar-09627,lunar,1990-08-06,jerusalem_nasa_city_point,modeled UT1; not exact UTC,P1,1990-08-06T11:31:17.412,-2.46258,-60.84231723866553,False,2
lunar-09627,lunar,1990-08-06,jerusalem_nasa_city_point,modeled UT1; not exact UTC,U1,1990-08-06T12:44:36.144,-1.24071,-46.44553578817618,False,2
lunar-09627,lunar,1990-08-06,jerusalem_nasa_city_point,modeled UT1; not exact UTC,MID,1990-08-06T14:12:18.300,0.221,-28.50008187760511,False,2
lunar-09627,lunar,1990-08-06,jerusalem_nasa_city_point,modeled UT1; not exact UTC,U4,1990-08-06T15:40:07.512,1.68467,-10.566930571308479,False,2
lunar-09627,lunar,1990-08-06,jerusalem_nasa_city_point,modeled UT1; not exact UTC,P4,1990-08-06T16:53:19.008,2.90453,3.93484049415146,True,0
solar-09488,solar,1991-01-15,jerusalem_nasa_city_point,modeled UT1; not exact UTC,C1,1991-01-15T23:05:04.930,-0.8992973398054103,-69.85141478715092,False,1
solar-09488,solar,1991-01-15,jerusalem_nasa_city_point,modeled UT1; not exact UTC,MID,1991-01-15T23:15:49.231,-0.7203246676132037,-67.78860767423635,False,1
solar-09488,solar,1991-01-15,jerusalem_nasa_city_point,modeled UT1; not exact UTC,C4,1991-01-15T23:26:34.152,-0.5411800375733417,-65.66577146469493,False,1
lunar-09628,lunar,1991-01-30,jerusalem_nasa_city_point,modeled UT1; not exact UTC,P1,1991-01-30T03:59:54.744,-1.98546,5.165181497359222,True,0
lunar-09628,lunar,1991-01-30,jerusalem_nasa_city_point,modeled UT1; not exact UTC,MID,1991-01-30T05:58:40.440,-0.0061,-17.18407273806442,False,2
lunar-09628,lunar,1991-01-30,jerusalem_nasa_city_point,modeled UT1; not exact UTC,P4,1991-01-30T07:57:23.040,1.9724,-35.04855565096255,False,2
lunar-09629,lunar,1991-06-27,jerusalem_nasa_city_point,modeled UT1; not exact UTC,P1,1991-06-27T01:49:56.484,-1.15156,6.957768760092253,True,0
lunar-09629,lunar,1991-06-27,jerusalem_nasa_city_point,modeled UT1; not exact UTC,MID,1991-06-27T03:14:42.960,0.26135,-8.079011545790486,False,2
lunar-09629,lunar,1991-06-27,jerusalem_nasa_city_point,modeled UT1; not exact UTC,P4,1991-06-27T04:39:28.572,1.67402,-24.339294795886538,False,2
lunar-09630,lunar,1991-07-26,jerusalem_nasa_city_point,modeled UT1; not exact UTC,P1,1991-07-26T16:51:34.844,-1.12421,3.5022814799357254,True,0
lunar-09630,lunar,1991-07-26,jerusalem_nasa_city_point,modeled UT1; not exact UTC,MID,1991-07-26T18:07:51.776,0.14716,17.22846375253555,True,0
lunar-09630,lunar,1991-07-26,jerusalem_nasa_city_point,modeled UT1; not exact UTC,P4,1991-07-26T19:24:16.412,1.42067,28.944579650234513,True,0
lunar-09631,lunar,1991-12-21,jerusalem_nasa_city_point,modeled UT1; not exact UTC,P1,1991-12-21T08:27:17.588,-2.52892,-32.496219276427595,False,2
lunar-09631,lunar,1991-12-21,jerusalem_nasa_city_point,modeled UT1; not exact UTC,U1,1991-12-21T10:01:01.940,-0.9666,-34.314797046086845,False,2
lunar-09631,lunar,1991-12-21,jerusalem_nasa_city_point,modeled UT1; not exact UTC,MID,1991-12-21T10:33:01.208,-0.43347,-33.118670058309014,False,2
lunar-09631,lunar,1991-12-21,jerusalem_nasa_city_point,modeled UT1; not exact UTC,U4,1991-12-21T11:05:05.840,0.10115,-31.048208975490304,False,2
lunar-09631,lunar,1991-12-21,jerusalem_nasa_city_point,modeled UT1; not exact UTC,P4,1991-12-21T12:38:46.268,1.66238,-20.875757109161878,False,2
solar-09490,solar,1992-01-04,jerusalem_nasa_city_point,modeled UT1; not exact UTC,C1,1992-01-04T21:59:16.549,-0.9958752054263121,-80.34159150180417,False,1
solar-09490,solar,1992-01-04,jerusalem_nasa_city_point,modeled UT1; not exact UTC,MID,1992-01-04T22:44:50.024,-0.23657676262835398,-73.7550629761173,False,1
solar-09490,solar,1992-01-04,jerusalem_nasa_city_point,modeled UT1; not exact UTC,C4,1992-01-04T23:31:13.674,0.5366593284787995,-64.58806003464638,False,1
lunar-09632,lunar,1992-06-15,jerusalem_nasa_city_point,modeled UT1; not exact UTC,P1,1992-06-15T02:10:53.920,-2.80205,2.589254528406374,True,0
lunar-09632,lunar,1992-06-15,jerusalem_nasa_city_point,modeled UT1; not exact UTC,U1,1992-06-15T03:27:01.924,-1.53316,-11.363641922053475,False,2
lunar-09632,lunar,1992-06-15,jerusalem_nasa_city_point,modeled UT1; not exact UTC,MID,1992-06-15T04:56:58.324,-0.03416,-28.885315913781437,False,2
lunar-09632,lunar,1992-06-15,jerusalem_nasa_city_point,modeled UT1; not exact UTC,U4,1992-06-15T06:26:49.180,1.4633,-46.949226975916574,False,2
lunar-09632,lunar,1992-06-15,jerusalem_nasa_city_point,modeled UT1; not exact UTC,P4,1992-06-15T07:43:04.348,2.73418,-62.3314377425576,False,2
lunar-09633,lunar,1992-12-09,jerusalem_nasa_city_point,modeled UT1; not exact UTC,P1,1992-12-09T20:57:00.660,-3.0334,79.22301914665775,True,0
lunar-09633,lunar,1992-12-09,jerusalem_nasa_city_point,modeled UT1; not exact UTC,U1,1992-12-09T21:59:44.928,-1.98777,78.71052051097759,True,0
lunar-09633,lunar,1992-12-09,jerusalem_nasa_city_point,modeled UT1; not exact UTC,U2,1992-12-09T23:07:10.392,-0.86403,66.5802751368854,True,0
lunar-09633,lunar,1992-12-09,jerusalem_nasa_city_point,modeled UT1; not exact UTC,MID,1992-12-09T23:44:05.652,-0.24868,59.0873113125998,True,0
lunar-09633,lunar,1992-12-09,jerusalem_nasa_city_point,modeled UT1; not exact UTC,U3,1992-12-10T00:21:03.108,0.36728,51.465376347524995,True,0
lunar-09633,lunar,1992-12-09,jerusalem_nasa_city_point,modeled UT1; not exact UTC,U4,1992-12-10T01:28:29.436,1.49126,37.54455533049568,True,0
lunar-09633,lunar,1992-12-09,jerusalem_nasa_city_point,modeled UT1; not exact UTC,P4,1992-12-10T02:31:05.388,2.53458,24.815445138736628,True,0
lunar-09634,lunar,1993-06-04,jerusalem_nasa_city_point,modeled UT1; not exact UTC,P1,1993-06-04T10:12:19.664,-2.77801,-76.98042169525347,False,2
lunar-09634,lunar,1993-06-04,jerusalem_nasa_city_point,modeled UT1; not exact UTC,U1,1993-06-04T11:11:30.308,-1.79172,-66.59518308577975,False,2
lunar-09634,lunar,1993-06-04,jerusalem_nasa_city_point,modeled UT1; not exact UTC,U2,1993-06-04T12:12:31.940,-0.7746,-54.55842149939569,False,2
lunar-09634,lunar,1993-06-04,jerusalem_nasa_city_point,modeled UT1; not exact UTC,MID,1993-06-04T13:00:26.612,0.02392,-44.91128721705089,False,2
lunar-09634,lunar,1993-06-04,jerusalem_nasa_city_point,modeled UT1; not exact UTC,U3,1993-06-04T13:48:19.844,0.82204,-35.264434376927255,False,2
lunar-09634,lunar,1993-06-04,jerusalem_nasa_city_point,modeled UT1; not exact UTC,U4,1993-06-04T14:49:20.612,1.83892,-23.09948648947906,False,2
lunar-09634,lunar,1993-06-04,jerusalem_nasa_city_point,modeled UT1; not exact UTC,P4,1993-06-04T15:48:39.248,2.82743,-11.548567054267178,False,2
lunar-09635,lunar,1993-11-29,jerusalem_nasa_city_point,modeled UT1; not exact UTC,P1,1993-11-29T03:28:52.288,-2.50217,8.461166171594192,True,0
lunar-09635,lunar,1993-11-29,jerusalem_nasa_city_point,modeled UT1; not exact UTC,U1,1993-11-29T04:40:43.828,-1.30452,-5.052368242247105,False,2
lunar-09635,lunar,1993-11-29,jerusalem_nasa_city_point,modeled UT1; not exact UTC,U2,1993-11-29T06:02:47.404,0.06314,-18.93073413440766,False,2
lunar-09635,lunar,1993-11-29,jerusalem_nasa_city_point,modeled UT1; not exact UTC,MID,1993-11-29T06:26:05.860,0.4516,-22.433762857011633,False,2
lunar-09635,lunar,1993-11-29,jerusalem_nasa_city_point,modeled UT1; not exact UTC,U3,1993-11-29T06:49:26.764,0.84074,-25.68834578000903,False,2
lunar-09635,lunar,1993-11-29,jerusalem_nasa_city_point,modeled UT1; not exact UTC,U4,1993-11-29T08:11:31.060,2.2086,-34.49084585463333,False,2
lunar-09635,lunar,1993-11-29,jerusalem_nasa_city_point,modeled UT1; not exact UTC,P4,1993-11-29T09:23:14.932,3.40412,-37.68616882495944,False,2
solar-09495,solar,1994-05-10,jerusalem_nasa_city_point,modeled UT1; not exact UTC,C1,1994-05-10T17:42:25.024,0.7236732412303121,-15.437245955329963,False,1
solar-09495,solar,1994-05-10,jerusalem_nasa_city_point,modeled UT1; not exact UTC,MID,1994-05-10T18:33:49.066,1.5803516209116972,-24.117065543323005,False,1
solar-09495,solar,1994-05-10,jerusalem_nasa_city_point,modeled UT1; not exact UTC,C4,1994-05-10T19:22:38.179,2.393994212955093,-31.16936440423824,False,1
lunar-09636,lunar,1994-05-25,jerusalem_nasa_city_point,modeled UT1; not exact UTC,P1,1994-05-25T01:19:42.708,-2.65472,13.745118853009817,True,0
lunar-09636,lunar,1994-05-25,jerusalem_nasa_city_point,modeled UT1; not exact UTC,U1,1994-05-25T02:37:59.052,-1.35018,0,True,0
lunar-09636,lunar,1994-05-25,jerusalem_nasa_city_point,modeled UT1; not exact UTC,MID,1994-05-25T03:30:19.728,-0.47777,-10.16768495972217,False,2
lunar-09636,lunar,1994-05-25,jerusalem_nasa_city_point,modeled UT1; not exact UTC,U4,1994-05-25T04:22:35.544,0.39329,-20.430216012585124,False,2
lunar-09636,lunar,1994-05-25,jerusalem_nasa_city_point,modeled UT1; not exact UTC,P4,1994-05-25T05:40:54.840,1.69865,-36.13073324714313,False,2
lunar-09637,lunar,1994-11-18,jerusalem_nasa_city_point,modeled UT1; not exact UTC,P1,1994-11-18T04:28:04.364,-2.51526,-5.024776257248488,False,2
lunar-09637,lunar,1994-11-18,jerusalem_nasa_city_point,modeled UT1; not exact UTC,MID,1994-11-18T06:43:52.856,-0.25179,-27.691414505935192,False,2
lunar-09637,lunar,1994-11-18,jerusalem_nasa_city_point,modeled UT1; not exact UTC,P4,1994-11-18T08:59:40.844,2.01154,-40.07658158967029,False,2
lunar-09638,lunar,1995-04-15,jerusalem_nasa_city_point,modeled UT1; not exact UTC,P1,1995-04-15T10:09:56.684,-1.81731,-67.28537172950318,False,2
lunar-09638,lunar,1995-04-15,jerusalem_nasa_city_point,modeled UT1; not exact UTC,U1,1995-04-15T11:41:37.880,-0.2892,-54.79085754252434,False,2
lunar-09638,lunar,1995-04-15,jerusalem_nasa_city_point,modeled UT1; not exact UTC,MID,1995-04-15T12:18:03.296,0.31786,-48.192723608742284,False,2
lunar-09638,lunar,1995-04-15,jerusalem_nasa_city_point,modeled UT1; not exact UTC,U4,1995-04-15T12:54:37.532,0.92737,-41.19298380969268,False,2
lunar-09638,lunar,1995-04-15,jerusalem_nasa_city_point,modeled UT1; not exact UTC,P4,1995-04-15T14:26:14.156,2.45421,-22.922303277218337,False,2
lunar-09639,lunar,1995-10-08,jerusalem_nasa_city_point,modeled UT1; not exact UTC,P1,1995-10-08T14:00:19.636,-1.97749,-14.383160793862576,False,2
lunar-09639,lunar,1995-10-08,jerusalem_nasa_city_point,modeled UT1; not exact UTC,MID,1995-10-08T16:04:10.936,0.08676,10.911641090021893,True,0
lunar-09639,lunar,1995-10-08,jerusalem_nasa_city_point,modeled UT1; not exact UTC,P4,1995-10-08T18:07:56.476,2.14941,36.41808043585596,True,0
solar-09498,solar,1995-10-24,jerusalem_nasa_city_point,modeled UT1; not exact UTC,C1,1995-10-24T02:00:49.946,-2.969070507855907,-23.511078529042532,False,1
solar-09498,solar,1995-10-24,jerusalem_nasa_city_point,modeled UT1; not exact UTC,MID,1995-10-24T02:52:35.009,-2.106552958791394,-12.533331530857724,False,1
solar-09498,solar,1995-10-24,jerusalem_nasa_city_point,modeled UT1; not exact UTC,C4,1995-10-24T03:48:29.705,-1.1746931916576435,-0.8250258752345135,False,1
lunar-09640,lunar,1996-04-04,jerusalem_nasa_city_point,modeled UT1; not exact UTC,P1,1996-04-03T21:17:21.564,-2.69351,51.91035516614595,True,0
lunar-09640,lunar,1996-04-04,jerusalem_nasa_city_point,modeled UT1; not exact UTC,U1,1996-04-03T22:21:13.296,-1.62914,50.61400311400255,True,0
lunar-09640,lunar,1996-04-04,jerusalem_nasa_city_point,modeled UT1; not exact UTC,U2,1996-04-03T23:26:53.964,-0.53451,43.966040844079615,True,0
lunar-09640,lunar,1996-04-04,jerusalem_nasa_city_point,modeled UT1; not exact UTC,MID,1996-04-04T00:09:45.696,0.17986,37.63864777888581,True,0
lunar-09640,lunar,1996-04-04,jerusalem_nasa_city_point,modeled UT1; not exact UTC,U3,1996-04-04T00:52:39.408,0.89478,30.32253106029731,True,0
lunar-09640,lunar,1996-04-04,jerusalem_nasa_city_point,modeled UT1; not exact UTC,U4,1996-04-04T01:58:21.228,1.98973,17.954899098371282,True,0
lunar-09640,lunar,1996-04-04,jerusalem_nasa_city_point,modeled UT1; not exact UTC,P4,1996-04-04T03:02:04.212,3.05167,5.216102606533244,True,0
lunar-09641,lunar,1996-09-27,jerusalem_nasa_city_point,modeled UT1; not exact UTC,P1,1996-09-27T00:13:58.620,-2.7498,39.06278253507806,True,0
lunar-09641,lunar,1996-09-27,jerusalem_nasa_city_point,modeled UT1; not exact UTC,U1,1996-09-27T01:12:42.804,-1.77086,27.98267078510355,True,0
lunar-09641,lunar,1996-09-27,jerusalem_nasa_city_point,modeled UT1; not exact UTC,U2,1996-09-27T02:19:45.552,-0.65343,14.607334528903941,True,0
lunar-09641,lunar,1996-09-27,jerusalem_nasa_city_point,modeled UT1; not exact UTC,MID,1996-09-27T02:54:22.320,-0.07655,7.576065562352766,True,0
lunar-09641,lunar,1996-09-27,jerusalem_nasa_city_point,modeled UT1; not exact UTC,U3,1996-09-27T03:28:57.180,0.4998,0.5360590324809195,True,0
lunar-09641,lunar,1996-09-27,jerusalem_nasa_city_point,modeled UT1; not exact UTC,U4,1996-09-27T04:35:59.460,1.6171,-12.984883500506012,False,2
lunar-09641,lunar,1996-09-27,jerusalem_nasa_city_point,modeled UT1; not exact UTC,P4,1996-09-27T05:34:50.808,2.59803,-24.481183923747547,False,2
solar-09500,solar,1996-10-12,jerusalem_nasa_city_point,modeled UT1; not exact UTC,C1,1996-10-12T14:25:15.165,0.4381291988142697,8.551962832094718,True,0
solar-09500,solar,1996-10-12,jerusalem_nasa_city_point,modeled UT1; not exact UTC,MID,1996-10-12T15:15:20.170,1.272852777374167,-1.8954777947049972,False,1
solar-09500,solar,1996-10-12,jerusalem_nasa_city_point,modeled UT1; not exact UTC,C4,1996-10-12T16:01:30.549,2.0424025942717767,-11.678620097351667,False,1
solar-09501,solar,1997-03-09,jerusalem_nasa_city_point,modeled UT1; not exact UTC,C1,1997-03-09T00:06:50.766,-0.8685649632083061,-47.9196784453575,False,1
solar-09501,solar,1997-03-09,jerusalem_nasa_city_point,modeled UT1; not exact UTC,MID,1997-03-09T00:43:19.925,-0.2604652401396877,-41.115493044848975,False,1
solar-09501,solar,1997-03-09,jerusalem_nasa_city_point,modeled UT1; not exact UTC,C4,1997-03-09T01:20:57.753,0.36670925746777955,-33.641781294016624,False,1
lunar-09642,lunar,1997-03-24,jerusalem_nasa_city_point,modeled UT1; not exact UTC,P1,1997-03-24T01:42:26.484,-3.27531,23.68556109357051,True,0
lunar-09642,lunar,1997-03-24,jerusalem_nasa_city_point,modeled UT1; not exact UTC,U1,1997-03-24T02:57:55.320,-2.0173,8.276296614329675,True,0
lunar-09642,lunar,1997-03-24,jerusalem_nasa_city_point,modeled UT1; not exact UTC,MID,1997-03-24T04:39:25.584,-0.32556,-12.757758014887186,False,2
lunar-09642,lunar,1997-03-24,jerusalem_nasa_city_point,modeled UT1; not exact UTC,U4,1997-03-24T06:20:58.440,1.3669,-33.11447519388712,False,2
lunar-09642,lunar,1997-03-24,jerusalem_nasa_city_point,modeled UT1; not exact UTC,P4,1997-03-24T07:36:20.724,2.62309,-46.72957837329467,False,2
lunar-09643,lunar,1997-09-16,jerusalem_nasa_city_point,modeled UT1; not exact UTC,P1,1997-09-16T16:12:31.980,-2.7737,6.581945633894363,True,0
lunar-09643,lunar,1997-09-16,jerusalem_nasa_city_point,modeled UT1; not exact UTC,U1,1997-09-16T17:08:25.560,-1.84215,17.88901784821415,True,0
lunar-09643,lunar,1997-09-16,jerusalem_nasa_city_point,modeled UT1; not exact UTC,U2,1997-09-16T18:15:53.580,-0.7177,30.954425696409373,True,0
lunar-09643,lunar,1997-09-16,jerusalem_nasa_city_point,modeled UT1; not exact UTC,MID,1997-09-16T18:46:39.048,-0.20507,36.52941896126462,True,0
lunar-09643,lunar,1997-09-16,jerusalem_nasa_city_point,modeled UT1; not exact UTC,U3,1997-09-16T19:17:24.300,0.3075,41.72551028888397,True,0
lunar-09643,lunar,1997-09-16,jerusalem_nasa_city_point,modeled UT1; not exact UTC,U4,1997-09-16T20:24:51.888,1.43183,50.99841650552747,True,0
lunar-09643,lunar,1997-09-16,jerusalem_nasa_city_point,modeled UT1; not exact UTC,P4,1997-09-16T21:20:45.612,2.36342,55.078983514307566,True,0
solar-09503,solar,1998-02-26,jerusalem_nasa_city_point,modeled UT1; not exact UTC,C1,1998-02-26T17:57:40.640,0.9787890057324147,-31.136372724790707,False,1
solar-09503,solar,1998-02-26,jerusalem_nasa_city_point,modeled UT1; not exact UTC,C2,1998-02-26T18:42:52.124,1.731979019858718,-40.46948819240059,False,1
solar-09503,solar,1998-02-26,jerusalem_nasa_city_point,modeled UT1; not exact UTC,MID,1998-02-26T18:43:11.632,1.737397878066144,-40.5354204888417,False,1
solar-09503,solar,1998-02-26,jerusalem_nasa_city_point,modeled UT1; not exact UTC,C3,1998-02-26T18:43:31.099,1.742805141912804,-40.601189947979556,False,1
solar-09503,solar,1998-02-26,jerusalem_nasa_city_point,modeled UT1; not exact UTC,C4,1998-02-26T19:26:58.643,2.4671230225170935,-49.16180543508948,False,1
lunar-09644,lunar,1998-03-13,jerusalem_nasa_city_point,modeled UT1; not exact UTC,P1,1998-03-13T02:16:51.996,-1.70139,20.445632886044024,True,0
lunar-09644,lunar,1998-03-13,jerusalem_nasa_city_point,modeled UT1; not exact UTC,MID,1998-03-13T04:20:04.884,0.35219,-5.134775828522255,False,2
lunar-09644,lunar,1998-03-13,jerusalem_nasa_city_point,modeled UT1; not exact UTC,P4,1998-03-13T06:23:13.272,2.40452,-29.559401161327433,False,2
lunar-09645,lunar,1998-08-08,jerusalem_nasa_city_point,modeled UT1; not exact UTC,P1,1998-08-08T01:36:49.588,-0.36867,15.963448062819433,True,0
lunar-09645,lunar,1998-08-08,jerusalem_nasa_city_point,modeled UT1; not exact UTC,MID,1998-08-08T02:24:53.440,0.4324,7.198387154903888,True,0
lunar-09645,lunar,1998-08-08,jerusalem_nasa_city_point,modeled UT1; not exact UTC,P4,1998-08-08T03:13:14.824,1.23834,-2.0643487361951696,False,2
lunar-09646,lunar,1998-09-06,jerusalem_nasa_city_point,modeled UT1; not exact UTC,P1,1998-09-06T09:16:16.308,-1.71122,-66.10174163781858,False,2
lunar-09646,lunar,1998-09-06,jerusalem_nasa_city_point,modeled UT1; not exact UTC,MID,1998-09-06T11:10:07.272,0.18627,-58.26015068907407,False,2
lunar-09646,lunar,1998-09-06,jerusalem_nasa_city_point,modeled UT1; not exact UTC,P4,1998-09-06T13:04:02.196,2.08486,-38.00045048230818,False,2
lunar-09647,lunar,1999-01-31,jerusalem_nasa_city_point,modeled UT1; not exact UTC,P1,1999-01-31T14:06:38.452,-1.87168,-12.17394223796993,False,2
lunar-09647,lunar,1999-01-31,jerusalem_nasa_city_point,modeled UT1; not exact UTC,MID,1999-01-31T16:17:31.096,0.30961,12.967624579091394,True,0
lunar-09647,lunar,1999-01-31,jerusalem_nasa_city_point,modeled UT1; not exact UTC,P4,1999-01-31T18:28:19.564,2.48974,39.73727397403734,True,0
lunar-09648,lunar,1999-07-28,jerusalem_nasa_city_point,modeled UT1; not exact UTC,P1,1999-07-28T08:58:15.476,-3.01134,-74.01456588556177,False,2
lunar-09648,lunar,1999-07-28,jerusalem_nasa_city_point,modeled UT1; not exact UTC,U1,1999-07-28T10:22:31.028,-1.60702,-74.14961746633513,False,2
lunar-09648,lunar,1999-07-28,jerusalem_nasa_city_point,modeled UT1; not exact UTC,MID,1999-07-28T11:33:42.788,-0.42042,-62.50843909176212,False,2
lunar-09648,lunar,1999-07-28,jerusalem_nasa_city_point,modeled UT1; not exact UTC,U4,1999-07-28T12:45:02.900,0.7685,-48.496216333049084,False,2
lunar-09648,lunar,1999-07-28,jerusalem_nasa_city_point,modeled UT1; not exact UTC,P4,1999-07-28T14:09:11.108,2.17078,-31.378396679063027,False,2
solar-09506,solar,1999-08-11,jerusalem_nasa_city_point,modeled UT1; not exact UTC,C1,1999-08-11T10:15:07.800,-0.7301389941836055,72.1326882347517,True,0
solar-09506,solar,1999-08-11,jerusalem_nasa_city_point,modeled UT1; not exact UTC,MID,1999-08-11T11:42:28.874,0.7257150008303749,58.48131857484938,True,0
solar-09506,solar,1999-08-11,jerusalem_nasa_city_point,modeled UT1; not exact UTC,C4,1999-08-11T13:00:40.821,2.029033699622445,42.52481408349032,True,0
lunar-09649,lunar,2000-01-21,jerusalem_nasa_city_point,modeled UT1; not exact UTC,P1,2000-01-21T02:04:26.364,-2.90826,30.071103897758878,True,0
lunar-09649,lunar,2000-01-21,jerusalem_nasa_city_point,modeled UT1; not exact UTC,U1,2000-01-21T03:01:50.448,-1.95157,18.39842176413074,True,0
lunar-09649,lunar,2000-01-21,jerusalem_nasa_city_point,modeled UT1; not exact UTC,U2,2000-01-21T04:05:00.456,-0.89879,5.910468090970392,True,0
lunar-09649,lunar,2000-01-21,jerusalem_nasa_city_point,modeled UT1; not exact UTC,MID,2000-01-21T04:43:30.612,-0.25708,-1.4295550039201397,False,2
lunar-09649,lunar,2000-01-21,jerusalem_nasa_city_point,modeled UT1; not exact UTC,U3,2000-01-21T05:21:59.616,0.38431,-8.485138178623846,False,2
lunar-09649,lunar,2000-01-21,jerusalem_nasa_city_point,modeled UT1; not exact UTC,U4,2000-01-21T06:25:09.264,1.43699,-19.231768824537717,False,2
lunar-09649,lunar,2000-01-21,jerusalem_nasa_city_point,modeled UT1; not exact UTC,P4,2000-01-21T07:22:37.884,2.39494,-27.72387547637689,False,2
lunar-09650,lunar,2000-07-16,jerusalem_nasa_city_point,modeled UT1; not exact UTC,P1,2000-07-16T10:48:22.076,-3.17609,-71.64726282969382,False,2
lunar-09650,lunar,2000-07-16,jerusalem_nasa_city_point,modeled UT1; not exact UTC,U1,2000-07-16T11:57:35.036,-2.02249,-58.40470838572084,False,2
lunar-09650,lunar,2000-07-16,jerusalem_nasa_city_point,modeled UT1; not exact UTC,U2,2000-07-16T13:02:22.676,-0.94259,-45.298889230309435,False,2
lunar-09650,lunar,2000-07-16,jerusalem_nasa_city_point,modeled UT1; not exact UTC,MID,2000-07-16T13:55:34.796,-0.05589,-34.4681555537579,False,2
lunar-09650,lunar,2000-07-16,jerusalem_nasa_city_point,modeled UT1; not exact UTC,U3,2000-07-16T14:48:47.096,0.83086,-23.719211430946473,False,2
lunar-09650,lunar,2000-07-16,jerusalem_nasa_city_point,modeled UT1; not exact UTC,U4,2000-07-16T15:53:34.916,1.91081,-10.897569071355779,False,2
lunar-09650,lunar,2000-07-16,jerusalem_nasa_city_point,modeled UT1; not exact UTC,P4,2000-07-16T17:02:46.328,3.06398,2.2155906705730684,True,0
lunar-09651,lunar,2001-01-09,jerusalem_nasa_city_point,modeled UT1; not exact UTC,P1,2001-01-09T17:45:03.688,-2.23117,36.74880617881593,True,0
lunar-09651,lunar,2001-01-09,jerusalem_nasa_city_point,modeled UT1; not exact UTC,U1,2001-01-09T18:42:26.584,-1.27481,48.539421202632155,True,0
lunar-09651,lunar,2001-01-09,jerusalem_nasa_city_point,modeled UT1; not exact UTC,U2,2001-01-09T19:50:04.648,-0.14757,62.36136592527216,True,0
lunar-09651,lunar,2001-01-09,jerusalem_nasa_city_point,modeled UT1; not exact UTC,MID,2001-01-09T20:20:35.428,0.36098,68.38955653745894,True,0
lunar-09651,lunar,2001-01-09,jerusalem_nasa_city_point,modeled UT1; not exact UTC,U3,2001-01-09T20:51:06.928,0.86973,74.01553807691967,True,0
lunar-09651,lunar,2001-01-09,jerusalem_nasa_city_point,modeled UT1; not exact UTC,U4,2001-01-09T21:58:45.172,1.99702,80.21464942773326,True,0
lunar-09651,lunar,2001-01-09,jerusalem_nasa_city_point,modeled UT1; not exact UTC,P4,2001-01-09T22:56:05.908,2.95278,72.80847950915542,True,0
lunar-09652,lunar,2001-07-05,jerusalem_nasa_city_point,modeled UT1; not exact UTC,P1,2001-07-05T12:12:46.464,-2.76926,-55.44091344492236,False,2
lunar-09652,lunar,2001-07-05,jerusalem_nasa_city_point,modeled UT1; not exact UTC,U1,2001-07-05T13:35:37.884,-1.38831,-38.65640744221543,False,2
lunar-09652,lunar,2001-07-05,jerusalem_nasa_city_point,modeled UT1; not exact UTC,MID,2001-07-05T14:55:18.792,-0.06028,-22.71728540005751,False,2
lunar-09652,lunar,2001-07-05,jerusalem_nasa_city_point,modeled UT1; not exact UTC,U4,2001-07-05T16:14:53.976,1.26616,-7.350752121675128,False,2
lunar-09652,lunar,2001-07-05,jerusalem_nasa_city_point,modeled UT1; not exact UTC,P4,2001-07-05T17:37:51.804,2.64889,7.565670639162631,True,0
solar-09512,solar,2001-12-14,jerusalem_nasa_city_point,modeled UT1; not exact UTC,C1,2001-12-14T20:20:13.161,-0.6451498527878947,-71.60447782736863,False,1
solar-09512,solar,2001-12-14,jerusalem_nasa_city_point,modeled UT1; not exact UTC,MID,2001-12-14T21:01:11.292,0.03766451297558571,-78.81517937481446,False,1
solar-09512,solar,2001-12-14,jerusalem_nasa_city_point,modeled UT1; not exact UTC,C4,2001-12-14T21:41:48.723,0.7147287003361342,-81.31127843513424,False,1
lunar-09653,lunar,2001-12-30,jerusalem_nasa_city_point,modeled UT1; not exact UTC,P1,2001-12-30T08:27:35.168,-2.52237,-32.52599897287159,False,2
lunar-09653,lunar,2001-12-30,jerusalem_nasa_city_point,modeled UT1; not exact UTC,MID,2001-12-30T10:29:18.020,-0.4938,-33.700106228448085,False,2
lunar-09653,lunar,2001-12-30,jerusalem_nasa_city_point,modeled UT1; not exact UTC,P4,2001-12-30T12:31:06.884,1.53644,-22.47803693083006,False,2
lunar-09654,lunar,2002-05-26,jerusalem_nasa_city_point,modeled UT1; not exact UTC,P1,2002-05-26T10:15:00.068,-1.73212,-75.0167806542228,False,2
lunar-09654,lunar,2002-05-26,jerusalem_nasa_city_point,modeled UT1; not exact UTC,MID,2002-05-26T12:03:21.632,0.07387,-55.89065591008806,False,2
lunar-09654,lunar,2002-05-26,jerusalem_nasa_city_point,modeled UT1; not exact UTC,P4,2002-05-26T13:51:33.764,1.87724,-34.23371815340522,False,2
lunar-09655,lunar,2002-06-24,jerusalem_nasa_city_point,modeled UT1; not exact UTC,P1,2002-06-24T20:22:28.124,-0.60766,29.811130003363736,True,0
lunar-09655,lunar,2002-06-24,jerusalem_nasa_city_point,modeled UT1; not exact UTC,MID,2002-06-24T21:27:08.996,0.47036,32.548691175033056,True,0
lunar-09655,lunar,2002-06-24,jerusalem_nasa_city_point,modeled UT1; not exact UTC,P4,2002-06-24T22:31:32.768,1.54363,31.448084267454938,True,0
lunar-09656,lunar,2002-11-20,jerusalem_nasa_city_point,modeled UT1; not exact UTC,P1,2002-11-19T23:34:27.844,-2.40771,56.75823002054014,True,0
lunar-09656,lunar,2002-11-20,jerusalem_nasa_city_point,modeled UT1; not exact UTC,MID,2002-11-20T01:46:35.476,-0.20559,29.65740543390227,True,0
lunar-09656,lunar,2002-11-20,jerusalem_nasa_city_point,modeled UT1; not exact UTC,P4,2002-11-20T03:58:46.168,1.99738,3.1569592211705855,True,0
lunar-09657,lunar,2003-05-16,jerusalem_nasa_city_point,modeled UT1; not exact UTC,P1,2003-05-16T01:06:53.032,-2.86738,17.049498749795767,True,0
lunar-09657,lunar,2003-05-16,jerusalem_nasa_city_point,modeled UT1; not exact UTC,U1,2003-05-16T02:03:11.488,-1.92892,7.081095117118533,True,0
lunar-09657,lunar,2003-05-16,jerusalem_nasa_city_point,modeled UT1; not exact UTC,U2,2003-05-16T03:14:26.020,-0.74155,-6.464006752839747,False,2
lunar-09657,lunar,2003-05-16,jerusalem_nasa_city_point,modeled UT1; not exact UTC,MID,2003-05-16T03:40:08.728,-0.31302,-11.519400016814668,False,2
lunar-09657,lunar,2003-05-16,jerusalem_nasa_city_point,modeled UT1; not exact UTC,U3,2003-05-16T04:05:50.752,0.11532,-16.633241457474153,False,2
lunar-09657,lunar,2003-05-16,jerusalem_nasa_city_point,modeled UT1; not exact UTC,U4,2003-05-16T05:17:04.672,1.30252,-31.011978025138685,False,2
lunar-09657,lunar,2003-05-16,jerusalem_nasa_city_point,modeled UT1; not exact UTC,P4,2003-05-16T06:13:24.136,2.24126,-42.4630541510319,False,2
solar-09515,solar,2003-05-31,jerusalem_nasa_city_point,modeled UT1; not exact UTC,C1,2003-05-31T01:56:24.142,-2.0420717390383896,-7.956559056184125,False,1
solar-09515,solar,2003-05-31,jerusalem_nasa_city_point,modeled UT1; not exact UTC,MID,2003-05-31T02:46:18.850,-1.2102083360759062,1.3746697651508228,True,0
solar-09515,solar,2003-05-31,jerusalem_nasa_city_point,modeled UT1; not exact UTC,C4,2003-05-31T03:39:58.116,-0.315967655166964,11.969998315211516,True,0
lunar-09658,lunar,2003-11-09,jerusalem_nasa_city_point,modeled UT1; not exact UTC,P1,2003-11-08T22:16:58.740,-2.6991,68.81807740617577,True,0
lunar-09658,lunar,2003-11-09,jerusalem_nasa_city_point,modeled UT1; not exact UTC,U1,2003-11-08T23:32:50.292,-1.43478,55.55438700194226,True,0
lunar-09658,lunar,2003-11-09,jerusalem_nasa_city_point,modeled UT1; not exact UTC,U2,2003-11-09T01:07:33.936,0.14401,36.34544289762976,True,0
lunar-09658,lunar,2003-11-09,jerusalem_nasa_city_point,modeled UT1; not exact UTC,MID,2003-11-09T01:18:33.456,0.32721,34.07422083474197,True,0
lunar-09658,lunar,2003-11-09,jerusalem_nasa_city_point,modeled UT1; not exact UTC,U3,2003-11-09T01:29:32.112,0.51017,31.805410351344992,True,0
lunar-09658,lunar,2003-11-09,jerusalem_nasa_city_point,modeled UT1; not exact UTC,U4,2003-11-09T03:04:15.036,2.08876,12.41492403762169,True,0
lunar-09658,lunar,2003-11-09,jerusalem_nasa_city_point,modeled UT1; not exact UTC,P4,2003-11-09T04:20:08.496,3.35361,-2.5055679389160526,False,2
lunar-09659,lunar,2004-05-04,jerusalem_nasa_city_point,modeled UT1; not exact UTC,P1,2004-05-04T17:52:20.012,-3.10983,18.511968342060225,True,0
lunar-09659,lunar,2004-05-04,jerusalem_nasa_city_point,modeled UT1; not exact UTC,U1,2004-05-04T18:48:37.496,-2.17164,27.322861517199897,True,0
lunar-09659,lunar,2004-05-04,jerusalem_nasa_city_point,modeled UT1; not exact UTC,U2,2004-05-04T19:52:29.012,-1.10733,35.24197482243309,True,0
lunar-09659,lunar,2004-05-04,jerusalem_nasa_city_point,modeled UT1; not exact UTC,MID,2004-05-04T20:30:12.548,-0.47857,38.45561546443003,True,0
lunar-09659,lunar,2004-05-04,jerusalem_nasa_city_point,modeled UT1; not exact UTC,U3,2004-05-04T21:07:57.380,0.15055,40.295887930909174,True,0
lunar-09659,lunar,2004-05-04,jerusalem_nasa_city_point,modeled UT1; not exact UTC,U4,2004-05-04T22:11:49.760,1.2151,39.89589071322678,True,0
lunar-09659,lunar,2004-05-04,jerusalem_nasa_city_point,modeled UT1; not exact UTC,P4,2004-05-04T23:08:03.248,2.15218,36.0122622043384,True,0
lunar-09660,lunar,2004-10-28,jerusalem_nasa_city_point,modeled UT1; not exact UTC,P1,2004-10-28T00:07:17.204,-2.86061,46.00969531373832,True,0
lunar-09660,lunar,2004-10-28,jerusalem_nasa_city_point,modeled UT1; not exact UTC,U1,2004-10-28T01:14:45.260,-1.73615,32.335999983825424,True,0
lunar-09660,lunar,2004-10-28,jerusalem_nasa_city_point,modeled UT1; not exact UTC,U2,2004-10-28T02:23:51.416,-0.58444,18.133426831417076,True,0
lunar-09660,lunar,2004-10-28,jerusalem_nasa_city_point,modeled UT1; not exact UTC,MID,2004-10-28T03:04:06.728,0.08648,9.935415322671613,True,0
lunar-09660,lunar,2004-10-28,jerusalem_nasa_city_point,modeled UT1; not exact UTC,U3,2004-10-28T03:44:20.096,0.75686,1.881849552601545,True,0
lunar-09660,lunar,2004-10-28,jerusalem_nasa_city_point,modeled UT1; not exact UTC,U4,2004-10-28T04:53:25.676,1.90841,-11.42197922166604,False,2
lunar-09660,lunar,2004-10-28,jerusalem_nasa_city_point,modeled UT1; not exact UTC,P4,2004-10-28T06:01:03.128,3.03548,-23.389440737501346,False,2
lunar-09661,lunar,2005-04-24,jerusalem_nasa_city_point,modeled UT1; not exact UTC,P1,2005-04-24T07:52:05.556,-2.11379,-61.25728811217709,False,2
lunar-09661,lunar,2005-04-24,jerusalem_nasa_city_point,modeled UT1; not exact UTC,MID,2005-04-24T09:54:50.544,-0.06796,-71.89663185220394,False,2
lunar-09661,lunar,2005-04-24,jerusalem_nasa_city_point,modeled UT1; not exact UTC,P4,2005-04-24T11:57:44.280,1.9803,-54.54214049266754,False,2
solar-09520,solar,2005-10-03,jerusalem_nasa_city_point,modeled UT1; not exact UTC,C1,2005-10-03T08:36:21.488,-2.3760032541715486,52.121959315458575,True,0
solar-09520,solar,2005-10-03,jerusalem_nasa_city_point,modeled UT1; not exact UTC,MID,2005-10-03T10:03:39.646,-0.9209594960399673,53.168623061564055,True,0
solar-09520,solar,2005-10-03,jerusalem_nasa_city_point,modeled UT1; not exact UTC,C4,2005-10-03T11:30:45.770,0.5307415957084433,43.76376302723029,True,0
lunar-09662,lunar,2005-10-17,jerusalem_nasa_city_point,modeled UT1; not exact UTC,P1,2005-10-17T09:53:27.392,-2.09103,-48.382663077617146,False,2
lunar-09662,lunar,2005-10-17,jerusalem_nasa_city_point,modeled UT1; not exact UTC,U1,2005-10-17T11:35:17.636,-0.39374,-38.0947765259928,False,2
lunar-09662,lunar,2005-10-17,jerusalem_nasa_city_point,modeled UT1; not exact UTC,MID,2005-10-17T12:03:22.472,0.07427,-33.87760324829153,False,2
lunar-09662,lunar,2005-10-17,jerusalem_nasa_city_point,modeled UT1; not exact UTC,U4,2005-10-17T12:31:15.896,0.53911,-29.306559843925527,False,2
lunar-09662,lunar,2005-10-17,jerusalem_nasa_city_point,modeled UT1; not exact UTC,P4,2005-10-17T14:13:15.932,2.23912,-10.458294653674228,False,2
lunar-09663,lunar,2006-03-14,jerusalem_nasa_city_point,modeled UT1; not exact UTC,P1,2006-03-14T21:23:45.012,-2.58608,60.96882761225354,True,0
lunar-09663,lunar,2006-03-14,jerusalem_nasa_city_point,modeled UT1; not exact UTC,MID,2006-03-14T23:47:29.100,-0.1905,49.60754051829549,True,0
lunar-09663,lunar,2006-03-14,jerusalem_nasa_city_point,modeled UT1; not exact UTC,P4,2006-03-15T02:11:12.324,2.20484,22.16189336893671,True,0
solar-09521,solar,2006-03-29,jerusalem_nasa_city_point,modeled UT1; not exact UTC,C1,2006-03-29T09:37:42.148,-0.3535422567690626,61.589252362830585,True,0
solar-09521,solar,2006-03-29,jerusalem_nasa_city_point,modeled UT1; not exact UTC,MID,2006-03-29T10:56:41.933,0.9630646734967642,56.8832652750335,True,0
solar-09521,solar,2006-03-29,jerusalem_nasa_city_point,modeled UT1; not exact UTC,C4,2006-03-29T12:13:19.317,2.2401158552800116,44.91312948829891,True,0
lunar-09664,lunar,2006-09-07,jerusalem_nasa_city_point,modeled UT1; not exact UTC,P1,2006-09-07T16:44:06.976,-2.24659,9.661232422360241,True,0
lunar-09664,lunar,2006-09-07,jerusalem_nasa_city_point,modeled UT1; not exact UTC,U1,2006-09-07T18:05:47.476,-0.88534,25.549858051328524,True,0
lunar-09664,lunar,2006-09-07,jerusalem_nasa_city_point,modeled UT1; not exact UTC,MID,2006-09-07T18:51:19.228,-0.12652,33.6896848959978,True,0
lunar-09664,lunar,2006-09-07,jerusalem_nasa_city_point,modeled UT1; not exact UTC,U4,2006-09-07T19:36:52.492,0.63272,40.93351054691315,True,0
lunar-09664,lunar,2006-09-07,jerusalem_nasa_city_point,modeled UT1; not exact UTC,P4,2006-09-07T20:58:29.896,1.99311,50.00172120846026,True,0
lunar-09665,lunar,2007-03-03,jerusalem_nasa_city_point,modeled UT1; not exact UTC,P1,2007-03-03T20:18:11.396,-2.67864,57.82569744725179,True,0
lunar-09665,lunar,2007-03-03,jerusalem_nasa_city_point,modeled UT1; not exact UTC,U1,2007-03-03T21:30:19.928,-1.47627,64.8532089899486,True,0
lunar-09665,lunar,2007-03-03,jerusalem_nasa_city_point,modeled UT1; not exact UTC,U2,2007-03-03T22:44:11.960,-0.24515,61.89835013660585,True,0
lunar-09665,lunar,2007-03-03,jerusalem_nasa_city_point,modeled UT1; not exact UTC,MID,2007-03-03T23:20:53.180,0.3663,57.09886776182884,True,0
lunar-09665,lunar,2007-03-03,jerusalem_nasa_city_point,modeled UT1; not exact UTC,U3,2007-03-03T23:57:33.068,0.97738,51.059039221865994,True,0
lunar-09665,lunar,2007-03-03,jerusalem_nasa_city_point,modeled UT1; not exact UTC,U4,2007-03-04T01:11:24.200,2.20825,36.9689013517405,True,0
lunar-09665,lunar,2007-03-03,jerusalem_nasa_city_point,modeled UT1; not exact UTC,P4,2007-03-04T02:23:37.160,3.41185,22.129674677947673,True,0
solar-09523,solar,2007-03-19,jerusalem_nasa_city_point,modeled UT1; not exact UTC,C1,2007-03-19T01:11:36.393,-1.788363014924053,-32.72619731950452,False,1
solar-09523,solar,2007-03-19,jerusalem_nasa_city_point,modeled UT1; not exact UTC,MID,2007-03-19T01:52:25.155,-1.1081514076227088,-24.507265426599343,False,1
solar-09523,solar,2007-03-19,jerusalem_nasa_city_point,modeled UT1; not exact UTC,C4,2007-03-19T02:35:03.871,-0.397397067143777,-15.641880918138114,False,1
lunar-09666,lunar,2007-08-28,jerusalem_nasa_city_point,modeled UT1; not exact UTC,P1,2007-08-28T07:53:40.308,-3.08722,-58.972404003117425,False,2
lunar-09666,lunar,2007-08-28,jerusalem_nasa_city_point,modeled UT1; not exact UTC,U1,2007-08-28T08:51:16.200,-2.12725,-66.56007626061755,False,2
lunar-09666,lunar,2007-08-28,jerusalem_nasa_city_point,modeled UT1; not exact UTC,U2,2007-08-28T09:52:21.288,-1.10917,-68.54833402238125,False,2
lunar-09666,lunar,2007-08-28,jerusalem_nasa_city_point,modeled UT1; not exact UTC,MID,2007-08-28T10:37:21.108,-0.35922,-64.98857585029079,False,2
lunar-09666,lunar,2007-08-28,jerusalem_nasa_city_point,modeled UT1; not exact UTC,U3,2007-08-28T11:22:22.260,0.3911,-58.573934788323314,False,2
lunar-09666,lunar,2007-08-28,jerusalem_nasa_city_point,modeled UT1; not exact UTC,U4,2007-08-28T12:23:27.780,1.4093,-47.66230178512785,False,2
lunar-09666,lunar,2007-08-28,jerusalem_nasa_city_point,modeled UT1; not exact UTC,P4,2007-08-28T13:20:56.508,2.36728,-36.366531254600346,False,2
lunar-09667,lunar,2008-02-21,jerusalem_nasa_city_point,modeled UT1; not exact UTC,P1,2008-02-21T00:36:37.168,-2.37137,45.180092193868326,True,0
lunar-09667,lunar,2008-02-21,jerusalem_nasa_city_point,modeled UT1; not exact UTC,U1,2008-02-21T01:43:17.956,-1.26004,31.5071235142022,True,0
lunar-09667,lunar,2008-02-21,jerusalem_nasa_city_point,modeled UT1; not exact UTC,U2,2008-02-21T03:01:08.704,0.03739,15.237878639445627,True,0
lunar-09667,lunar,2008-02-21,jerusalem_nasa_city_point,modeled UT1; not exact UTC,MID,2008-02-21T03:26:02.920,0.45245,10.050703932797326,True,0
lunar-09667,lunar,2008-02-21,jerusalem_nasa_city_point,modeled UT1; not exact UTC,U3,2008-02-21T03:50:54.184,0.86669,4.906412721676587,True,0
lunar-09667,lunar,2008-02-21,jerusalem_nasa_city_point,modeled UT1; not exact UTC,U4,2008-02-21T05:08:44.536,2.16401,-10.83434248344551,False,2
lunar-09667,lunar,2008-02-21,jerusalem_nasa_city_point,modeled UT1; not exact UTC,P4,2008-02-21T06:15:34.900,3.278,-23.576936074838443,False,2
solar-09526,solar,2008-08-01,jerusalem_nasa_city_point,modeled UT1; not exact UTC,C1,2008-08-01T10:44:29.522,0.7598950923509807,70.71754424553845,True,0
solar-09526,solar,2008-08-01,jerusalem_nasa_city_point,modeled UT1; not exact UTC,MID,2008-08-01T10:48:33.253,0.8275981221166018,70.07106309207295,True,0
solar-09526,solar,2008-08-01,jerusalem_nasa_city_point,modeled UT1; not exact UTC,C4,2008-08-01T10:52:45.236,0.8975932968646692,69.38129803288966,True,0
lunar-09668,lunar,2008-08-16,jerusalem_nasa_city_point,modeled UT1; not exact UTC,P1,2008-08-16T18:24:50.180,-2.5677,24.552192497266866,True,0
lunar-09668,lunar,2008-08-16,jerusalem_nasa_city_point,modeled UT1; not exact UTC,U1,2008-08-16T19:36:05.144,-1.38021,35.38008500412728,True,0
lunar-09668,lunar,2008-08-16,jerusalem_nasa_city_point,modeled UT1; not exact UTC,MID,2008-08-16T21:10:06.020,0.1867,43.980834155969724,True,0
lunar-09668,lunar,2008-08-16,jerusalem_nasa_city_point,modeled UT1; not exact UTC,U4,2008-08-16T22:44:12.944,1.75529,42.77514840991147,True,0
lunar-09668,lunar,2008-08-16,jerusalem_nasa_city_point,modeled UT1; not exact UTC,P4,2008-08-16T23:55:20.708,2.94078,35.55796575323213,True,0
lunar-09669,lunar,2009-02-09,jerusalem_nasa_city_point,modeled UT1; not exact UTC,P1,2009-02-09T12:38:50.364,-2.33426,-29.35297792959186,False,2
lunar-09669,lunar,2009-02-09,jerusalem_nasa_city_point,modeled UT1; not exact UTC,MID,2009-02-09T14:38:15.732,-0.34388,-8.841729134136042,False,2
lunar-09669,lunar,2009-02-09,jerusalem_nasa_city_point,modeled UT1; not exact UTC,P4,2009-02-09T16:37:38.580,1.6458,14.65443662731021,True,0
lunar-09670,lunar,2009-07-07,jerusalem_nasa_city_point,modeled UT1; not exact UTC,P1,2009-07-07T08:37:50.512,-1.35083,-73.8492491205469,False,2
lunar-09670,lunar,2009-07-07,jerusalem_nasa_city_point,modeled UT1; not exact UTC,MID,2009-07-07T09:38:36.160,-0.33815,-82.08484428339239,False,2
lunar-09670,lunar,2009-07-07,jerusalem_nasa_city_point,modeled UT1; not exact UTC,P4,2009-07-07T10:39:19.900,0.674,-76.19887638570735,False,2
solar-09528,solar,2009-07-22,jerusalem_nasa_city_point,modeled UT1; not exact UTC,C1,2009-07-22T00:41:54.292,-2.2831133641716037,-22.97010196309754,False,1
solar-09528,solar,2009-07-22,jerusalem_nasa_city_point,modeled UT1; not exact UTC,MID,2009-07-22T01:13:59.688,-1.7482810550077896,-17.89313404515474,False,1
solar-09528,solar,2009-07-22,jerusalem_nasa_city_point,modeled UT1; not exact UTC,C4,2009-07-22T01:47:10.155,-1.1953735224115194,-12.20249356852814,False,1
lunar-09671,lunar,2009-08-06,jerusalem_nasa_city_point,modeled UT1; not exact UTC,P1,2009-08-05T23:04:20.848,-1.90907,37.57256951457817,True,0
lunar-09671,lunar,2009-08-06,jerusalem_nasa_city_point,modeled UT1; not exact UTC,MID,2009-08-06T00:39:11.404,-0.32836,25.77570556296717,True,0
lunar-09671,lunar,2009-08-06,jerusalem_nasa_city_point,modeled UT1; not exact UTC,P4,2009-08-06T02:14:08.224,1.25409,9.52566469703815,True,0
lunar-09672,lunar,2009-12-31,jerusalem_nasa_city_point,modeled UT1; not exact UTC,P1,2009-12-31T17:17:08.240,-1.69585,31.96358323093798,True,0
lunar-09672,lunar,2009-12-31,jerusalem_nasa_city_point,modeled UT1; not exact UTC,U1,2009-12-31T18:52:42.860,-0.1029,51.486131137164925,True,0
lunar-09672,lunar,2009-12-31,jerusalem_nasa_city_point,modeled UT1; not exact UTC,MID,2009-12-31T19:22:39.152,0.39607,57.638928978183166,True,0
lunar-09672,lunar,2009-12-31,jerusalem_nasa_city_point,modeled UT1; not exact UTC,U4,2009-12-31T19:52:41.348,0.89668,63.767568455940555,True,0
lunar-09672,lunar,2009-12-31,jerusalem_nasa_city_point,modeled UT1; not exact UTC,P4,2009-12-31T21:28:11.252,2.48832,80.70315559757823,True,0
solar-09529,solar,2010-01-15,jerusalem_nasa_city_point,modeled UT1; not exact UTC,C1,2010-01-15T05:03:34.743,-1.9218213177514762,3.7664689342271465,True,0
solar-09529,solar,2010-01-15,jerusalem_nasa_city_point,modeled UT1; not exact UTC,MID,2010-01-15T06:03:22.014,-0.9253573598317103,14.519443150272842,True,0
solar-09529,solar,2010-01-15,jerusalem_nasa_city_point,modeled UT1; not exact UTC,C4,2010-01-15T07:11:48.090,0.21521937054720497,25.168027135877,True,0
lunar-09673,lunar,2010-06-26,jerusalem_nasa_city_point,modeled UT1; not exact UTC,P1,2010-06-26T08:57:24.000,-3.02475,-78.67276470112145,False,2
lunar-09673,lunar,2010-06-26,jerusalem_nasa_city_point,modeled UT1; not exact UTC,U1,2010-06-26T10:16:57.960,-1.69865,-78.89493751985086,False,2
lunar-09673,lunar,2010-06-26,jerusalem_nasa_city_point,modeled UT1; not exact UTC,MID,2010-06-26T11:38:27.156,-0.34054,-63.69489568472967,False,2
lunar-09673,lunar,2010-06-26,jerusalem_nasa_city_point,modeled UT1; not exact UTC,U4,2010-06-26T12:59:49.476,1.01566,-47.24345438136652,False,2
lunar-09673,lunar,2010-06-26,jerusalem_nasa_city_point,modeled UT1; not exact UTC,P4,2010-06-26T14:19:30.564,2.34374,-31.147731221944984,False,2
lunar-09674,lunar,2010-12-21,jerusalem_nasa_city_point,modeled UT1; not exact UTC,P1,2010-12-21T05:29:20.764,-2.49226,-10.84876329060423,False,2
lunar-09674,lunar,2010-12-21,jerusalem_nasa_city_point,modeled UT1; not exact UTC,U1,2010-12-21T06:32:38.080,-1.43745,-20.553096977217926,False,2
lunar-09674,lunar,2010-12-21,jerusalem_nasa_city_point,modeled UT1; not exact UTC,U2,2010-12-21T07:40:47.788,-0.30142,-28.886836559901752,False,2
lunar-09674,lunar,2010-12-21,jerusalem_nasa_city_point,modeled UT1; not exact UTC,MID,2010-12-21T08:16:57.076,0.30116,-32.096948875848504,False,2
lunar-09674,lunar,2010-12-21,jerusalem_nasa_city_point,modeled UT1; not exact UTC,U3,2010-12-21T08:53:08.596,0.90436,-34.27363057249183,False,2
lunar-09674,lunar,2010-12-21,jerusalem_nasa_city_point,modeled UT1; not exact UTC,U4,2010-12-21T10:01:19.096,2.04061,-35.17109851346557,False,2
lunar-09674,lunar,2010-12-21,jerusalem_nasa_city_point,modeled UT1; not exact UTC,P4,2010-12-21T11:04:27.808,3.09303,-32.19302104744932,False,2
solar-09531,solar,2011-01-04,jerusalem_nasa_city_point,modeled UT1; not exact UTC,C1,2011-01-04T07:10:11.369,-1.811536462732679,24.25919116747514,True,0
solar-09531,solar,2011-01-04,jerusalem_nasa_city_point,modeled UT1; not exact UTC,MID,2011-01-04T08:41:33.005,-0.2888598351758601,33.491179892326635,True,0
solar-09531,solar,2011-01-04,jerusalem_nasa_city_point,modeled UT1; not exact UTC,C4,2011-01-04T10:16:57.010,1.3011415754187707,34.92463654376132,True,0
solar-09532,solar,2011-06-01,jerusalem_nasa_city_point,modeled UT1; not exact UTC,C1,2011-06-01T20:55:27.438,-0.05701730641148539,-35.23472925103132,False,1
solar-09532,solar,2011-06-01,jerusalem_nasa_city_point,modeled UT1; not exact UTC,MID,2011-06-01T21:25:38.433,0.44603689863956464,-36.07126228421762,False,1
solar-09532,solar,2011-06-01,jerusalem_nasa_city_point,modeled UT1; not exact UTC,C4,2011-06-01T21:55:44.726,0.9477850108301604,-35.947930129032834,False,1
lunar-09675,lunar,2011-06-15,jerusalem_nasa_city_point,modeled UT1; not exact UTC,P1,2011-06-15T17:24:36.812,-2.57108,8.087661189902592,True,0
lunar-09675,lunar,2011-06-15,jerusalem_nasa_city_point,modeled UT1; not exact UTC,U1,2011-06-15T18:22:56.660,-1.5989,17.35831152749459,True,0
lunar-09675,lunar,2011-06-15,jerusalem_nasa_city_point,modeled UT1; not exact UTC,U2,2011-06-15T19:22:29.336,-0.60649,25.320093026912737,True,0
lunar-09675,lunar,2011-06-15,jerusalem_nasa_city_point,modeled UT1; not exact UTC,MID,2011-06-15T20:12:36.164,0.22874,30.366384009017356,True,0
lunar-09675,lunar,2011-06-15,jerusalem_nasa_city_point,modeled UT1; not exact UTC,U3,2011-06-15T21:02:41.804,1.06364,33.44142168674154,True,0
lunar-09675,lunar,2011-06-15,jerusalem_nasa_city_point,modeled UT1; not exact UTC,U4,2011-06-15T22:02:13.652,2.05582,34.08337140748033,True,0
lunar-09675,lunar,2011-06-15,jerusalem_nasa_city_point,modeled UT1; not exact UTC,P4,2011-06-15T23:00:41.384,3.03019,31.445643525329412,True,0
lunar-09676,lunar,2011-12-10,jerusalem_nasa_city_point,modeled UT1; not exact UTC,P1,2011-12-10T11:33:36.180,-3.4212,-28.458304343293747,False,2
lunar-09676,lunar,2011-12-10,jerusalem_nasa_city_point,modeled UT1; not exact UTC,U1,2011-12-10T12:45:43.092,-2.21928,-18.87062188711573,False,2
lunar-09676,lunar,2011-12-10,jerusalem_nasa_city_point,modeled UT1; not exact UTC,U2,2011-12-10T14:06:16.236,-0.87674,-5.582088513956534,False,2
lunar-09676,lunar,2011-12-10,jerusalem_nasa_city_point,modeled UT1; not exact UTC,MID,2011-12-10T14:31:48.972,-0.45098,-0.9798768186366676,False,2
lunar-09676,lunar,2011-12-10,jerusalem_nasa_city_point,modeled UT1; not exact UTC,U3,2011-12-10T14:57:24.012,-0.02458,3.7700776228835076,True,0
lunar-09676,lunar,2011-12-10,jerusalem_nasa_city_point,modeled UT1; not exact UTC,U4,2011-12-10T16:17:57.948,1.31818,19.43138853072986,True,0
lunar-09676,lunar,2011-12-10,jerusalem_nasa_city_point,modeled UT1; not exact UTC,P4,2011-12-10T17:29:57.516,2.51806,34.03964691392974,True,0
solar-09535,solar,2012-05-20,jerusalem_nasa_city_point,modeled UT1; not exact UTC,C1,2012-05-20T22:39:07.768,-1.3290367516365569,-35.843618828647024,False,1
solar-09535,solar,2012-05-20,jerusalem_nasa_city_point,modeled UT1; not exact UTC,MID,2012-05-20T23:19:25.131,-0.6575470540900462,-32.37861714458423,False,1
solar-09535,solar,2012-05-20,jerusalem_nasa_city_point,modeled UT1; not exact UTC,C4,2012-05-21T00:00:33.188,0.028024354116542916,-27.49048236414407,False,1
lunar-09677,lunar,2012-06-04,jerusalem_nasa_city_point,modeled UT1; not exact UTC,P1,2012-06-04T08:48:10.924,-2.17816,-76.19746747209048,False,2
lunar-09677,lunar,2012-06-04,jerusalem_nasa_city_point,modeled UT1; not exact UTC,U1,2012-06-04T09:59:52.996,-0.98314,-78.64902114935312,False,2
lunar-09677,lunar,2012-06-04,jerusalem_nasa_city_point,modeled UT1; not exact UTC,MID,2012-06-04T11:03:12.400,0.07225,-68.79888257146183,False,2
lunar-09677,lunar,2012-06-04,jerusalem_nasa_city_point,modeled UT1; not exact UTC,U4,2012-06-04T12:06:27.952,1.12657,-56.57253320265359,False,2
lunar-09677,lunar,2012-06-04,jerusalem_nasa_city_point,modeled UT1; not exact UTC,P4,2012-06-04T13:18:13.012,2.32242,-42.20356332793383,False,2
lunar-09678,lunar,2012-11-28,jerusalem_nasa_city_point,modeled UT1; not exact UTC,P1,2012-11-28T12:14:59.104,-2.73136,-24.39312588603544,False,2
lunar-09678,lunar,2012-11-28,jerusalem_nasa_city_point,modeled UT1; not exact UTC,MID,2012-11-28T14:32:59.068,-0.43137,-1.1109190873768078,False,2
lunar-09678,lunar,2012-11-28,jerusalem_nasa_city_point,modeled UT1; not exact UTC,P4,2012-11-28T16:50:58.600,1.8685,26.18751453322239,True,0
lunar-09679,lunar,2013-04-25,jerusalem_nasa_city_point,modeled UT1; not exact UTC,P1,2013-04-25T18:03:40.628,-1.91977,21.437184140060424,True,0
lunar-09679,lunar,2013-04-25,jerusalem_nasa_city_point,modeled UT1; not exact UTC,U1,2013-04-25T19:54:04.268,-0.07987,37.04780547524656,True,0
lunar-09679,lunar,2013-04-25,jerusalem_nasa_city_point,modeled UT1; not exact UTC,MID,2013-04-25T20:07:29.336,0.14376,38.39839519240351,True,0
lunar-09679,lunar,2013-04-25,jerusalem_nasa_city_point,modeled UT1; not exact UTC,U4,2013-04-25T20:21:04.412,0.37017,39.604763842128406,True,0
lunar-09679,lunar,2013-04-25,jerusalem_nasa_city_point,modeled UT1; not exact UTC,P4,2013-04-25T22:11:23.084,2.20869,42.187285490841724,True,0
lunar-09680,lunar,2013-05-25,jerusalem_nasa_city_point,modeled UT1; not exact UTC,P1,2013-05-25T03:53:14.588,-0.09367,-14.609588206803082,False,2
lunar-09680,lunar,2013-05-25,jerusalem_nasa_city_point,modeled UT1; not exact UTC,MID,2013-05-25T04:09:57.692,0.18497,-17.91194507980867,False,2
lunar-09680,lunar,2013-05-25,jerusalem_nasa_city_point,modeled UT1; not exact UTC,P4,2013-05-25T04:26:48.788,0.46583,-21.26150634648689,False,2
lunar-09681,lunar,2013-10-18,jerusalem_nasa_city_point,modeled UT1; not exact UTC,P1,2013-10-18T21:50:40.488,-2.13642,67.3318763012841,True,0
lunar-09681,lunar,2013-10-18,jerusalem_nasa_city_point,modeled UT1; not exact UTC,MID,2013-10-18T23:50:16.944,-0.14296,49.59920226744032,True,0
lunar-09681,lunar,2013-10-18,jerusalem_nasa_city_point,modeled UT1; not exact UTC,P4,2013-10-19T01:49:46.488,1.84858,25.62828348499347,True,0
solar-09538,solar,2013-11-03,jerusalem_nasa_city_point,modeled UT1; not exact UTC,C1,2013-11-03T13:12:21.831,0.22506428542991186,17.6651276146208,True,0
solar-09538,solar,2013-11-03,jerusalem_nasa_city_point,modeled UT1; not exact UTC,MID,2013-11-03T13:59:48.795,1.0158874949450005,8.72993369732301,True,0
solar-09538,solar,2013-11-03,jerusalem_nasa_city_point,modeled UT1; not exact UTC,C4,2013-11-03T14:43:27.967,1.7434352544336975,0.06566410259805382,True,0
lunar-09682,lunar,2014-04-15,jerusalem_nasa_city_point,modeled UT1; not exact UTC,P1,2014-04-15T04:53:39.532,-3.08663,-22.978509579537274,False,2
lunar-09682,lunar,2014-04-15,jerusalem_nasa_city_point,modeled UT1; not exact UTC,U1,2014-04-15T05:58:19.324,-2.00891,-36.15018317178545,False,2
lunar-09682,lunar,2014-04-15,jerusalem_nasa_city_point,modeled UT1; not exact UTC,U2,2014-04-15T07:06:46.024,-0.86816,-49.524286128694854,False,2
lunar-09682,lunar,2014-04-15,jerusalem_nasa_city_point,modeled UT1; not exact UTC,MID,2014-04-15T07:45:38.968,-0.22012,-56.52491918813914,False,2
lunar-09682,lunar,2014-04-15,jerusalem_nasa_city_point,modeled UT1; not exact UTC,U3,2014-04-15T08:24:34.180,0.42855,-62.64413312789859,False,2
lunar-09682,lunar,2014-04-15,jerusalem_nasa_city_point,modeled UT1; not exact UTC,U4,2014-04-15T09:33:02.032,1.56962,-68.79503351105255,False,2
lunar-09682,lunar,2014-04-15,jerusalem_nasa_city_point,modeled UT1; not exact UTC,P4,2014-04-15T10:37:33.148,2.64493,-65.83411043235296,False,2
lunar-09683,lunar,2014-10-08,jerusalem_nasa_city_point,modeled UT1; not exact UTC,P1,2014-10-08T08:15:35.680,-2.72095,-50.00727682168157,False,2
lunar-09683,lunar,2014-10-08,jerusalem_nasa_city_point,modeled UT1; not exact UTC,U1,2014-10-08T09:14:48.304,-1.73411,-52.79720198976368,False,2
lunar-09683,lunar,2014-10-08,jerusalem_nasa_city_point,modeled UT1; not exact UTC,U2,2014-10-08T10:25:09.160,-0.56165,-50.05774977711825,False,2
lunar-09683,lunar,2014-10-08,jerusalem_nasa_city_point,modeled UT1; not exact UTC,MID,2014-10-08T10:54:35.068,-0.07112,-47.16884234215156,False,2
lunar-09683,lunar,2014-10-08,jerusalem_nasa_city_point,modeled UT1; not exact UTC,U3,2014-10-08T11:23:58.888,0.41883,-43.5009812969301,False,2
lunar-09683,lunar,2014-10-08,jerusalem_nasa_city_point,modeled UT1; not exact UTC,U4,2014-10-08T12:34:19.384,1.59119,-32.498543631628685,False,2
lunar-09683,lunar,2014-10-08,jerusalem_nasa_city_point,modeled UT1; not exact UTC,P4,2014-10-08T13:33:38.956,2.57996,-21.694574606492463,False,2
solar-09541,solar,2015-03-20,jerusalem_nasa_city_point,modeled UT1; not exact UTC,C1,2015-03-20T09:16:14.014,-0.7102460481154829,57.20933332486524,True,0
solar-09541,solar,2015-03-20,jerusalem_nasa_city_point,modeled UT1; not exact UTC,MID,2015-03-20T09:57:32.949,-0.021652989362904915,57.91635643510635,True,0
solar-09541,solar,2015-03-20,jerusalem_nasa_city_point,modeled UT1; not exact UTC,C4,2015-03-20T10:38:56.134,0.6681204294074343,55.71978989088494,True,0
lunar-09684,lunar,2015-04-04,jerusalem_nasa_city_point,modeled UT1; not exact UTC,P1,2015-04-04T09:01:26.672,-2.95673,-62.21420894321756,False,2
lunar-09684,lunar,2015-04-04,jerusalem_nasa_city_point,modeled UT1; not exact UTC,U1,2015-04-04T10:15:45.344,-1.71821,-62.37261853338605,False,2
lunar-09684,lunar,2015-04-04,jerusalem_nasa_city_point,modeled UT1; not exact UTC,U2,2015-04-04T11:57:54.164,-0.01576,-49.33138162406511,False,2
lunar-09684,lunar,2015-04-04,jerusalem_nasa_city_point,modeled UT1; not exact UTC,MID,2015-04-04T12:00:14.456,0.02321,-48.93330338520606,False,2
lunar-09684,lunar,2015-04-04,jerusalem_nasa_city_point,modeled UT1; not exact UTC,U3,2015-04-04T12:02:36.692,0.06272,-48.5269628339643,False,2
lunar-09684,lunar,2015-04-04,jerusalem_nasa_city_point,modeled UT1; not exact UTC,U4,2015-04-04T13:44:45.692,1.76522,-29.284271658627382,False,2
lunar-09684,lunar,2015-04-04,jerusalem_nasa_city_point,modeled UT1; not exact UTC,P4,2015-04-04T14:58:58.352,3.00207,-14.279791904158477,False,2
lunar-09685,lunar,2015-09-28,jerusalem_nasa_city_point,modeled UT1; not exact UTC,P1,2015-09-28T00:11:46.932,-2.78438,39.22298765968799,True,0
lunar-09685,lunar,2015-09-28,jerusalem_nasa_city_point,modeled UT1; not exact UTC,U1,2015-09-28T01:07:11.244,-1.86096,28.89889775800001,True,0
lunar-09685,lunar,2015-09-28,jerusalem_nasa_city_point,modeled UT1; not exact UTC,U2,2015-09-28T02:11:10.140,-0.7946,16.24652474478478,True,0
lunar-09685,lunar,2015-09-28,jerusalem_nasa_city_point,modeled UT1; not exact UTC,MID,2015-09-28T02:47:07.512,-0.19533,8.979571571308652,True,0
lunar-09685,lunar,2015-09-28,jerusalem_nasa_city_point,modeled UT1; not exact UTC,U3,2015-09-28T03:23:04.740,0.4039,1.6804283304407124,True,0
lunar-09685,lunar,2015-09-28,jerusalem_nasa_city_point,modeled UT1; not exact UTC,U4,2015-09-28T04:27:03.312,1.47017,-11.227560229387349,False,2
lunar-09685,lunar,2015-09-28,jerusalem_nasa_city_point,modeled UT1; not exact UTC,P4,2015-09-28T05:22:27.480,2.39355,-22.12666041615173,False,2
solar-09543,solar,2016-03-09,jerusalem_nasa_city_point,modeled UT1; not exact UTC,C1,2016-03-09T00:33:51.843,-1.416265862432267,-42.807559354587774,False,1
solar-09543,solar,2016-03-09,jerusalem_nasa_city_point,modeled UT1; not exact UTC,MID,2016-03-09T01:05:10.215,-0.8944958934415332,-36.702581145605805,False,1
solar-09543,solar,2016-03-09,jerusalem_nasa_city_point,modeled UT1; not exact UTC,C4,2016-03-09T01:37:24.681,-0.3571442760475062,-30.16527701431626,False,1
lunar-09686,lunar,2016-03-23,jerusalem_nasa_city_point,modeled UT1; not exact UTC,P1,2016-03-23T09:39:28.644,-2.32271,-58.67238024117178,False,2
lunar-09686,lunar,2016-03-23,jerusalem_nasa_city_point,modeled UT1; not exact UTC,MID,2016-03-23T11:47:11.712,-0.19408,-48.19847948702189,False,2
lunar-09686,lunar,2016-03-23,jerusalem_nasa_city_point,modeled UT1; not exact UTC,P4,2016-03-23T13:54:50.172,1.93327,-25.45209400071373,False,2
lunar-09687,lunar,2016-09-16,jerusalem_nasa_city_point,modeled UT1; not exact UTC,P1,2016-09-16T16:54:40.288,-2.06942,14.75030183234697,True,0
lunar-09687,lunar,2016-09-16,jerusalem_nasa_city_point,modeled UT1; not exact UTC,MID,2016-09-16T18:54:16.816,-0.07594,37.43913666164929,True,0
lunar-09687,lunar,2016-09-16,jerusalem_nasa_city_point,modeled UT1; not exact UTC,P4,2016-09-16T20:53:56.548,1.91843,53.12918671816812,True,0
lunar-09688,lunar,2017-02-11,jerusalem_nasa_city_point,modeled UT1; not exact UTC,P1,2017-02-10T22:34:16.160,-2.4094,68.35959052389634,True,0
lunar-09688,lunar,2017-02-11,jerusalem_nasa_city_point,modeled UT1; not exact UTC,MID,2017-02-11T00:43:52.952,-0.24918,45.86285554118332,True,0
lunar-09688,lunar,2017-02-11,jerusalem_nasa_city_point,modeled UT1; not exact UTC,P4,2017-02-11T02:53:25.676,1.90991,19.144919888004765,True,0
lunar-09689,lunar,2017-08-07,jerusalem_nasa_city_point,modeled UT1; not exact UTC,P1,2017-08-07T15:50:02.444,-2.14646,-6.868537056994858,False,2
lunar-09689,lunar,2017-08-07,jerusalem_nasa_city_point,modeled UT1; not exact UTC,U1,2017-08-07T17:22:55.208,-0.59847,11.07296455173259,True,0
lunar-09689,lunar,2017-08-07,jerusalem_nasa_city_point,modeled UT1; not exact UTC,MID,2017-08-07T18:20:27.680,0.36055,21.27710411316744,True,0
lunar-09689,lunar,2017-08-07,jerusalem_nasa_city_point,modeled UT1; not exact UTC,U4,2017-08-07T19:18:09.584,1.32219,30.283777179963106,True,0
lunar-09689,lunar,2017-08-07,jerusalem_nasa_city_point,modeled UT1; not exact UTC,P4,2017-08-07T20:50:55.544,2.86829,40.36464223848774,True,0
solar-09546,solar,2017-08-21,jerusalem_nasa_city_point,modeled UT1; not exact UTC,C1,2017-08-21T18:28:17.516,0.4910600766566565,-26.34057007882154,False,1
solar-09546,solar,2017-08-21,jerusalem_nasa_city_point,modeled UT1; not exact UTC,MID,2017-08-21T19:04:39.798,1.097249457707145,-32.363427356021646,False,1
solar-09546,solar,2017-08-21,jerusalem_nasa_city_point,modeled UT1; not exact UTC,C4,2017-08-21T19:40:07.246,1.6882073277062086,-37.51830596714506,False,1
lunar-09690,lunar,2018-01-31,jerusalem_nasa_city_point,modeled UT1; not exact UTC,P1,2018-01-31T10:51:14.856,-3.12629,-39.28674198596647,False,2
lunar-09690,lunar,2018-01-31,jerusalem_nasa_city_point,modeled UT1; not exact UTC,U1,2018-01-31T11:48:26.952,-2.17293,-34.03357278549127,False,2
lunar-09690,lunar,2018-01-31,jerusalem_nasa_city_point,modeled UT1; not exact UTC,U2,2018-01-31T12:51:46.860,-1.1174,-25.60048698788157,False,2
lunar-09690,lunar,2018-01-31,jerusalem_nasa_city_point,modeled UT1; not exact UTC,MID,2018-01-31T13:29:49.584,-0.48331,-19.594937918129148,False,2
lunar-09690,lunar,2018-01-31,jerusalem_nasa_city_point,modeled UT1; not exact UTC,U3,2018-01-31T14:07:51.264,0.15049,-13.083947457324909,False,2
lunar-09690,lunar,2018-01-31,jerusalem_nasa_city_point,modeled UT1; not exact UTC,U4,2018-01-31T15:11:10.884,1.20594,-1.4242844391379106,False,2
lunar-09690,lunar,2018-01-31,jerusalem_nasa_city_point,modeled UT1; not exact UTC,P4,2018-01-31T16:08:27.300,2.1605,9.727238670597727,True,0
lunar-09691,lunar,2018-07-27,jerusalem_nasa_city_point,modeled UT1; not exact UTC,P1,2018-07-27T17:14:49.284,-2.73331,7.80008766394619,True,0
lunar-09691,lunar,2018-07-27,jerusalem_nasa_city_point,modeled UT1; not exact UTC,U1,2018-07-27T18:24:27.408,-1.57272,19.713967008961223,True,0
lunar-09691,lunar,2018-07-27,jerusalem_nasa_city_point,modeled UT1; not exact UTC,U2,2018-07-27T19:30:15.024,-0.47616,29.170510922956545,True,0
lunar-09691,lunar,2018-07-27,jerusalem_nasa_city_point,modeled UT1; not exact UTC,MID,2018-07-27T20:21:43.500,0.38175,34.700029037662695,True,0
lunar-09691,lunar,2018-07-27,jerusalem_nasa_city_point,modeled UT1; not exact UTC,U3,2018-07-27T21:13:12.084,1.23969,37.97575406156183,True,0
lunar-09691,lunar,2018-07-27,jerusalem_nasa_city_point,modeled UT1; not exact UTC,U4,2018-07-27T22:18:59.880,2.3363,38.20912488893261,True,0
lunar-09691,lunar,2018-07-27,jerusalem_nasa_city_point,modeled UT1; not exact UTC,P4,2018-07-27T23:28:37.140,3.49665,33.642707565327626,True,0
lunar-09692,lunar,2019-01-21,jerusalem_nasa_city_point,modeled UT1; not exact UTC,P1,2019-01-21T02:36:30.232,-2.37188,23.606845335231768,True,0
lunar-09692,lunar,2019-01-21,jerusalem_nasa_city_point,modeled UT1; not exact UTC,U1,2019-01-21T03:33:53.956,-1.41529,12.126025475557828,True,0
lunar-09692,lunar,2019-01-21,jerusalem_nasa_city_point,modeled UT1; not exact UTC,U2,2019-01-21T04:41:16.792,-0.29228,-0.8265220210418515,False,2
lunar-09692,lunar,2019-01-21,jerusalem_nasa_city_point,modeled UT1; not exact UTC,MID,2019-01-21T05:12:16.048,0.22418,-6.514372524968852,False,2
lunar-09692,lunar,2019-01-21,jerusalem_nasa_city_point,modeled UT1; not exact UTC,U3,2019-01-21T05:43:16.096,0.74086,-11.981220053249782,False,2
lunar-09692,lunar,2019-01-21,jerusalem_nasa_city_point,modeled UT1; not exact UTC,U4,2019-01-21T06:50:39.040,1.8639,-22.834657914460017,False,2
lunar-09692,lunar,2019-01-21,jerusalem_nasa_city_point,modeled UT1; not exact UTC,P4,2019-01-21T07:48:00.136,2.81976,-30.50451410985101,False,2
lunar-09693,lunar,2019-07-16,jerusalem_nasa_city_point,modeled UT1; not exact UTC,P1,2019-07-16T18:43:52.552,-3.24893,20.88806428975183,True,0
lunar-09693,lunar,2019-07-16,jerusalem_nasa_city_point,modeled UT1; not exact UTC,U1,2019-07-16T20:01:42.724,-1.95166,30.353420495949166,True,0
lunar-09693,lunar,2019-07-16,jerusalem_nasa_city_point,modeled UT1; not exact UTC,MID,2019-07-16T21:30:43.504,-0.46811,35.49887443503534,True,0
lunar-09693,lunar,2019-07-16,jerusalem_nasa_city_point,modeled UT1; not exact UTC,U4,2019-07-16T22:59:39.100,1.014,33.00291478328159,True,0
lunar-09693,lunar,2019-07-16,jerusalem_nasa_city_point,modeled UT1; not exact UTC,P4,2019-07-17T00:17:35.860,2.3131,25.177992929616398,True,0
solar-09552,solar,2019-12-26,jerusalem_nasa_city_point,modeled UT1; not exact UTC,C1,2019-12-26T02:40:48.085,-2.3001151613221085,-23.946986423841164,False,1
solar-09552,solar,2019-12-26,jerusalem_nasa_city_point,modeled UT1; not exact UTC,C2,2019-12-26T03:37:46.050,-1.3506805908237933,-12.362900671269207,False,1
solar-09552,solar,2019-12-26,jerusalem_nasa_city_point,modeled UT1; not exact UTC,MID,2019-12-26T03:39:00.654,-1.3299570827289076,-12.114713032619298,False,1
solar-09552,solar,2019-12-26,jerusalem_nasa_city_point,modeled UT1; not exact UTC,C3,2019-12-26T03:40:15.159,-1.3092614399370102,-11.867087378857907,False,1
solar-09552,solar,2019-12-26,jerusalem_nasa_city_point,modeled UT1; not exact UTC,C4,2019-12-26T04:43:30.078,-0.25511729656101223,0.3924454031896784,True,0
lunar-09694,lunar,2020-01-10,jerusalem_nasa_city_point,modeled UT1; not exact UTC,P1,2020-01-10T17:07:44.980,-1.85095,28.65947027902048,True,0
lunar-09694,lunar,2020-01-10,jerusalem_nasa_city_point,modeled UT1; not exact UTC,MID,2020-01-10T19:09:59.188,0.18633,53.75295244221498,True,0
lunar-09694,lunar,2020-01-10,jerusalem_nasa_city_point,modeled UT1; not exact UTC,P4,2020-01-10T21:12:19.012,2.22517,77.38348382542553,True,0
lunar-09695,lunar,2020-06-05,jerusalem_nasa_city_point,modeled UT1; not exact UTC,P1,2020-06-05T17:45:50.384,-1.21606,12.785071349838168,True,0
lunar-09695,lunar,2020-06-05,jerusalem_nasa_city_point,modeled UT1; not exact UTC,MID,2020-06-05T19:25:01.976,0.43716,27.016895117451533,True,0
lunar-09695,lunar,2020-06-05,jerusalem_nasa_city_point,modeled UT1; not exact UTC,P4,2020-06-05T21:04:03.200,2.0875,34.995886679268686,True,0
solar-09553,solar,2020-06-21,jerusalem_nasa_city_point,modeled UT1; not exact UTC,C1,2020-06-21T04:25:32.597,-2.5543342728729703,21.11966456953926,True,0
solar-09553,solar,2020-06-21,jerusalem_nasa_city_point,modeled UT1; not exact UTC,MID,2020-06-21T05:24:21.955,-1.573956892060129,33.34234066022004,True,0
solar-09553,solar,2020-06-21,jerusalem_nasa_city_point,modeled UT1; not exact UTC,C4,2020-06-21T06:30:15.482,-0.4757551145614878,47.282616829868594,True,0
lunar-09696,lunar,2020-07-05,jerusalem_nasa_city_point,modeled UT1; not exact UTC,P1,2020-07-05T03:07:22.748,-1.85707,-6.855207130517295,False,2
lunar-09696,lunar,2020-07-05,jerusalem_nasa_city_point,modeled UT1; not exact UTC,MID,2020-07-05T04:30:00.128,-0.48002,-22.628460726586805,False,2
lunar-09696,lunar,2020-07-05,jerusalem_nasa_city_point,modeled UT1; not exact UTC,P4,2020-07-05T05:52:22.892,0.89297,-38.97583708929461,False,2
lunar-09697,lunar,2020-11-30,jerusalem_nasa_city_point,modeled UT1; not exact UTC,P1,2020-11-30T07:32:21.156,-2.44079,-32.00574054063968,False,2
lunar-09697,lunar,2020-11-30,jerusalem_nasa_city_point,modeled UT1; not exact UTC,MID,2020-11-30T09:42:49.032,-0.26638,-38.10481652770275,False,2
lunar-09697,lunar,2020-11-30,jerusalem_nasa_city_point,modeled UT1; not exact UTC,P4,2020-11-30T11:53:20.220,1.90895,-28.260339202526247,False,2
lunar-09698,lunar,2021-05-26,jerusalem_nasa_city_point,modeled UT1; not exact UTC,P1,2021-05-26T08:47:39.000,-2.18575,-75.31166978868431,False,2
lunar-09698,lunar,2021-05-26,jerusalem_nasa_city_point,modeled UT1; not exact UTC,U1,2021-05-26T09:44:57.252,-1.23068,-78.58961776087831,False,2
lunar-09698,lunar,2021-05-26,jerusalem_nasa_city_point,modeled UT1; not exact UTC,U2,2021-05-26T11:11:25.032,0.21037,-66.48969712780197,False,2
lunar-09698,lunar,2021-05-26,jerusalem_nasa_city_point,modeled UT1; not exact UTC,MID,2021-05-26T11:18:40.344,0.33129,-65.13869112593665,False,2
lunar-09698,lunar,2021-05-26,jerusalem_nasa_city_point,modeled UT1; not exact UTC,U3,2021-05-26T11:25:55.044,0.45204,-63.77185377666788,False,2
lunar-09698,lunar,2021-05-26,jerusalem_nasa_city_point,modeled UT1; not exact UTC,U4,2021-05-26T12:52:22.248,1.89293,-46.77799275720916,False,2
lunar-09698,lunar,2021-05-26,jerusalem_nasa_city_point,modeled UT1; not exact UTC,P4,2021-05-26T13:49:41.184,2.84819,-35.30731275346516,False,2
lunar-09699,lunar,2021-11-19,jerusalem_nasa_city_point,modeled UT1; not exact UTC,P1,2021-11-19T06:02:09.036,-2.94399,-21.7103576539278,False,2
lunar-09699,lunar,2021-11-19,jerusalem_nasa_city_point,modeled UT1; not exact UTC,U1,2021-11-19T07:18:40.836,-1.66849,-32.15074384746673,False,2
lunar-09699,lunar,2021-11-19,jerusalem_nasa_city_point,modeled UT1; not exact UTC,MID,2021-11-19T09:02:53.100,0.06825,-39.50636285121578,False,2
lunar-09699,lunar,2021-11-19,jerusalem_nasa_city_point,modeled UT1; not exact UTC,U4,2021-11-19T10:47:03.528,1.80448,-36.16454605772769,False,2
lunar-09699,lunar,2021-11-19,jerusalem_nasa_city_point,modeled UT1; not exact UTC,P4,2021-11-19T12:03:37.704,3.08064,-27.670627661617655,False,2
lunar-09700,lunar,2022-05-16,jerusalem_nasa_city_point,modeled UT1; not exact UTC,P1,2022-05-16T01:32:07.404,-2.44436,11.917736791458806,True,0
lunar-09700,lunar,2022-05-16,jerusalem_nasa_city_point,modeled UT1; not exact UTC,U1,2022-05-16T02:27:52.740,-1.5151,1.7294686218376647,True,0
lunar-09700,lunar,2022-05-16,jerusalem_nasa_city_point,modeled UT1; not exact UTC,U2,2022-05-16T03:29:02.976,-0.49559,-10.065758980231754,False,2
lunar-09700,lunar,2022-05-16,jerusalem_nasa_city_point,modeled UT1; not exact UTC,MID,2022-05-16T04:11:28.752,0.21157,-18.489589612330885,False,2
lunar-09700,lunar,2022-05-16,jerusalem_nasa_city_point,modeled UT1; not exact UTC,U3,2022-05-16T04:53:55.680,0.91905,-27.040113224476773,False,2
lunar-09700,lunar,2022-05-16,jerusalem_nasa_city_point,modeled UT1; not exact UTC,U4,2022-05-16T05:55:06.708,1.93878,-39.47081269403296,False,2
lunar-09700,lunar,2022-05-16,jerusalem_nasa_city_point,modeled UT1; not exact UTC,P4,2022-05-16T06:50:47.544,2.86679,-50.76223125708395,False,2
solar-09558,solar,2022-10-25,jerusalem_nasa_city_point,modeled UT1; not exact UTC,C1,2022-10-25T09:58:55.952,-0.997485483912667,45.244840566178844,True,0
solar-09558,solar,2022-10-25,jerusalem_nasa_city_point,modeled UT1; not exact UTC,MID,2022-10-25T11:12:35.785,0.23024579813458051,38.83138475451106,True,0
solar-09558,solar,2022-10-25,jerusalem_nasa_city_point,modeled UT1; not exact UTC,C4,2022-10-25T12:22:44.013,1.399198154647876,28.51837122744018,True,0
lunar-09701,lunar,2022-11-08,jerusalem_nasa_city_point,modeled UT1; not exact UTC,P1,2022-11-08T08:02:16.708,-2.94172,-39.49118644228067,False,2
lunar-09701,lunar,2022-11-08,jerusalem_nasa_city_point,modeled UT1; not exact UTC,U1,2022-11-08T09:09:12.436,-1.82624,-42.39358459098522,False,2
lunar-09701,lunar,2022-11-08,jerusalem_nasa_city_point,modeled UT1; not exact UTC,U2,2022-11-08T10:16:38.836,-0.70224,-40.44347129909424,False,2
lunar-09701,lunar,2022-11-08,jerusalem_nasa_city_point,modeled UT1; not exact UTC,MID,2022-11-08T10:59:08.896,0.00611,-36.88675148918995,False,2
lunar-09701,lunar,2022-11-08,jerusalem_nasa_city_point,modeled UT1; not exact UTC,U3,2022-11-08T11:41:37.084,0.71394,-31.89705401206247,False,2
lunar-09701,lunar,2022-11-08,jerusalem_nasa_city_point,modeled UT1; not exact UTC,U4,2022-11-08T12:49:02.872,1.83777,-21.824324632672187,False,2
lunar-09701,lunar,2022-11-08,jerusalem_nasa_city_point,modeled UT1; not exact UTC,P4,2022-11-08T13:56:07.960,2.95585,-10.062477825776098,False,2
lunar-09702,lunar,2023-05-05,jerusalem_nasa_city_point,modeled UT1; not exact UTC,P1,2023-05-05T15:14:09.784,-1.74356,-12.92513684758425,False,2
lunar-09702,lunar,2023-05-05,jerusalem_nasa_city_point,modeled UT1; not exact UTC,MID,2023-05-05T17:22:51.712,0.40142,11.465678043614826,True,0
lunar-09702,lunar,2023-05-05,jerusalem_nasa_city_point,modeled UT1; not exact UTC,P4,2023-05-05T19:31:40.984,2.54844,31.12463430113654,True,0
solar-09560,solar,2023-10-14,jerusalem_nasa_city_point,modeled UT1; not exact UTC,C1,2023-10-14T17:52:20.911,-0.10705240449448461,-35.433028359495076,False,1
solar-09560,solar,2023-10-14,jerusalem_nasa_city_point,modeled UT1; not exact UTC,MID,2023-10-14T18:38:48.859,0.6673773562471548,-44.84275248652884,False,1
solar-09560,solar,2023-10-14,jerusalem_nasa_city_point,modeled UT1; not exact UTC,C4,2023-10-14T19:23:18.944,1.4090677438215868,-53.23872174574714,False,1
lunar-09703,lunar,2023-10-28,jerusalem_nasa_city_point,modeled UT1; not exact UTC,P1,2023-10-28T18:01:46.588,-1.94992,41.21785101225169,True,0
lunar-09703,lunar,2023-10-28,jerusalem_nasa_city_point,modeled UT1; not exact UTC,U1,2023-10-28T19:35:18.088,-0.39117,59.676257382837456,True,0
lunar-09703,lunar,2023-10-28,jerusalem_nasa_city_point,modeled UT1; not exact UTC,MID,2023-10-28T20:14:03.940,0.2549,66.18923888843848,True,0
lunar-09703,lunar,2023-10-28,jerusalem_nasa_city_point,modeled UT1; not exact UTC,U4,2023-10-28T20:52:39.388,0.89808,70.87461911779384,True,0
lunar-09703,lunar,2023-10-28,jerusalem_nasa_city_point,modeled UT1; not exact UTC,P4,2023-10-28T22:26:20.320,2.45945,67.605672489502,True,0
lunar-09704,lunar,2024-03-25,jerusalem_nasa_city_point,modeled UT1; not exact UTC,P1,2024-03-25T04:53:11.264,-2.09301,-16.052099206627506,False,2
lunar-09704,lunar,2024-03-25,jerusalem_nasa_city_point,modeled UT1; not exact UTC,MID,2024-03-25T07:12:45.296,0.23311,-43.21180248062903,False,2
lunar-09704,lunar,2024-03-25,jerusalem_nasa_city_point,modeled UT1; not exact UTC,P4,2024-03-25T09:32:18.536,2.55901,-60.13711594965909,False,2
solar-09561,solar,2024-04-08,jerusalem_nasa_city_point,modeled UT1; not exact UTC,C1,2024-04-08T18:45:18.937,0.7758157232017813,-32.56086186018493,False,1
solar-09561,solar,2024-04-08,jerusalem_nasa_city_point,modeled UT1; not exact UTC,MID,2024-04-08T19:29:28.297,1.5117490843599761,-39.68993988856517,False,1
solar-09561,solar,2024-04-08,jerusalem_nasa_city_point,modeled UT1; not exact UTC,C4,2024-04-08T20:12:20.491,2.2262473858222545,-45.3225640618324,False,1
lunar-09705,lunar,2024-09-18,jerusalem_nasa_city_point,modeled UT1; not exact UTC,P1,2024-09-18T00:41:01.712,-2.29558,32.06110855774173,True,0
lunar-09705,lunar,2024-09-18,jerusalem_nasa_city_point,modeled UT1; not exact UTC,U1,2024-09-18T02:12:48.236,-0.76599,14.643253860138689,True,0
lunar-09705,lunar,2024-09-18,jerusalem_nasa_city_point,modeled UT1; not exact UTC,MID,2024-09-18T02:44:10.532,-0.24313,8.392396730829361,True,0
lunar-09705,lunar,2024-09-18,jerusalem_nasa_city_point,modeled UT1; not exact UTC,U4,2024-09-18T03:15:35.204,0.28039,2.0670295871487245,True,0
lunar-09705,lunar,2024-09-18,jerusalem_nasa_city_point,modeled UT1; not exact UTC,P4,2024-09-18T04:47:18.092,1.80897,-16.43353783018946,False,2
lunar-09706,lunar,2025-03-14,jerusalem_nasa_city_point,modeled UT1; not exact UTC,P1,2025-03-14T03:57:24.104,-3.02261,-1.9648814154630068,False,2
lunar-09706,lunar,2025-03-14,jerusalem_nasa_city_point,modeled UT1; not exact UTC,U1,2025-03-14T05:09:32.888,-1.82017,-16.797523255124645,False,2
lunar-09706,lunar,2025-03-14,jerusalem_nasa_city_point,modeled UT1; not exact UTC,U2,2025-03-14T06:25:58.856,-0.54629,-31.735169818262776,False,2
lunar-09706,lunar,2025-03-14,jerusalem_nasa_city_point,modeled UT1; not exact UTC,MID,2025-03-14T06:58:41.684,-0.00106,-37.679829984333985,False,2
lunar-09706,lunar,2025-03-14,jerusalem_nasa_city_point,modeled UT1; not exact UTC,U3,2025-03-14T07:31:22.964,0.54374,-43.19120703956748,False,2
lunar-09706,lunar,2025-03-14,jerusalem_nasa_city_point,modeled UT1; not exact UTC,U4,2025-03-14T08:47:47.924,1.81734,-53.30790527699051,False,2
lunar-09706,lunar,2025-03-14,jerusalem_nasa_city_point,modeled UT1; not exact UTC,P4,2025-03-14T10:00:01.388,3.02108,-56.755416719644444,False,2
lunar-09707,lunar,2025-09-07,jerusalem_nasa_city_point,modeled UT1; not exact UTC,P1,2025-09-07T15:28:20.576,-2.50684,-5.342922238907462,False,2
lunar-09707,lunar,2025-09-07,jerusalem_nasa_city_point,modeled UT1; not exact UTC,U1,2025-09-07T16:27:02.024,-1.52866,6.725020053086384,True,0
lunar-09707,lunar,2025-09-07,jerusalem_nasa_city_point,modeled UT1; not exact UTC,U2,2025-09-07T17:30:41.084,-0.46781,19.4603032305107,True,0
lunar-09707,lunar,2025-09-07,jerusalem_nasa_city_point,modeled UT1; not exact UTC,MID,2025-09-07T18:11:43.124,0.21609,27.298601058414366,True,0
lunar-09707,lunar,2025-09-07,jerusalem_nasa_city_point,modeled UT1; not exact UTC,U3,2025-09-07T18:52:46.784,0.90044,34.65851190167397,True,0
lunar-09707,lunar,2025-09-07,jerusalem_nasa_city_point,modeled UT1; not exact UTC,U4,2025-09-07T19:56:26.276,1.96141,44.48755853282917,True,0
lunar-09707,lunar,2025-09-07,jerusalem_nasa_city_point,modeled UT1; not exact UTC,P4,2025-09-07T20:55:00.164,2.93749,50.66766231076749,True,0
lunar-09708,lunar,2026-03-03,jerusalem_nasa_city_point,modeled UT1; not exact UTC,P1,2026-03-03T08:44:21.548,-3.23982,-49.117639256257476,False,2
lunar-09708,lunar,2026-03-03,jerusalem_nasa_city_point,modeled UT1; not exact UTC,U1,2026-03-03T09:50:00.452,-2.14568,-51.97505230175918,False,2
lunar-09708,lunar,2026-03-03,jerusalem_nasa_city_point,modeled UT1; not exact UTC,U2,2026-03-03T11:04:26.108,-0.90522,-48.37066432279775,False,2
lunar-09708,lunar,2026-03-03,jerusalem_nasa_city_point,modeled UT1; not exact UTC,MID,2026-03-03T11:33:37.004,-0.41886,-45.24843685320373,False,2
lunar-09708,lunar,2026-03-03,jerusalem_nasa_city_point,modeled UT1; not exact UTC,U3,2026-03-03T12:02:45.200,0.06675,-41.41886249192971,False,2
lunar-09708,lunar,2026-03-03,jerusalem_nasa_city_point,modeled UT1; not exact UTC,U4,2026-03-03T13:17:10.424,1.30709,-29.40807826760059,False,2
lunar-09708,lunar,2026-03-03,jerusalem_nasa_city_point,modeled UT1; not exact UTC,P4,2026-03-03T14:22:58.832,2.40387,-17.17484118382235,False,2
solar-09566,solar,2026-08-12,jerusalem_nasa_city_point,modeled UT1; not exact UTC,C1,2026-08-12T17:35:38.365,-0.3850653702004041,-14.477393339170886,False,1
solar-09566,solar,2026-08-12,jerusalem_nasa_city_point,modeled UT1; not exact UTC,MID,2026-08-12T18:21:40.885,0.382301525470489,-22.791011560197926,False,1
solar-09566,solar,2026-08-12,jerusalem_nasa_city_point,modeled UT1; not exact UTC,C4,2026-08-12T19:06:01.763,1.121434102744582,-29.993705761772258,False,1
lunar-09709,lunar,2026-08-28,jerusalem_nasa_city_point,modeled UT1; not exact UTC,P1,2026-08-28T01:23:55.160,-2.5804,20.272492436373756,True,0
lunar-09709,lunar,2026-08-28,jerusalem_nasa_city_point,modeled UT1; not exact UTC,U1,2026-08-28T02:33:47.828,-1.41577,7.019254279249979,True,0
lunar-09709,lunar,2026-08-28,jerusalem_nasa_city_point,modeled UT1; not exact UTC,MID,2026-08-28T04:12:48.980,0.23455,-12.828294543217414,False,2
lunar-09709,lunar,2026-08-28,jerusalem_nasa_city_point,modeled UT1; not exact UTC,U4,2026-08-28T05:51:55.316,1.88631,-32.87017530142625,False,2
lunar-09709,lunar,2026-08-28,jerusalem_nasa_city_point,modeled UT1; not exact UTC,P4,2026-08-28T07:01:40.784,3.04894,-46.38463155347605,False,2
solar-09567,solar,2027-02-06,jerusalem_nasa_city_point,modeled UT1; not exact UTC,C1,2027-02-06T16:57:21.045,0.9768736318189514,-21.57186241511951,False,1
solar-09567,solar,2027-02-06,jerusalem_nasa_city_point,modeled UT1; not exact UTC,MID,2027-02-06T17:41:00.281,1.704439164304335,-30.833063294420807,False,1
solar-09567,solar,2027-02-06,jerusalem_nasa_city_point,modeled UT1; not exact UTC,C4,2027-02-06T18:22:41.125,2.399118043935053,-39.67232373708047,False,1
lunar-09710,lunar,2027-02-20,jerusalem_nasa_city_point,modeled UT1; not exact UTC,P1,2027-02-20T21:12:19.772,-1.77348,66.75014412575945,True,0
lunar-09710,lunar,2027-02-20,jerusalem_nasa_city_point,modeled UT1; not exact UTC,MID,2027-02-20T23:12:50.480,0.23505,60.468228324016025,True,0
lunar-09710,lunar,2027-02-20,jerusalem_nasa_city_point,modeled UT1; not exact UTC,P4,2027-02-21T01:13:19.208,2.24303,38.16933577511818,True,0
lunar-09711,lunar,2027-07-18,jerusalem_nasa_city_point,modeled UT1; not exact UTC,P1,2027-07-18T15:56:57.296,-0.02964,-10.422967775773843,False,2
lunar-09711,lunar,2027-07-18,jerusalem_nasa_city_point,modeled UT1; not exact UTC,MID,2027-07-18T16:02:52.580,0.06905,-9.279444455055373,False,2
lunar-09711,lunar,2027-07-18,jerusalem_nasa_city_point,modeled UT1; not exact UTC,P4,2027-07-18T16:08:44.696,0.16686,-8.15078669889769,False,2
solar-09568,solar,2027-08-02,jerusalem_nasa_city_point,modeled UT1; not exact UTC,C1,2027-08-02T08:40:30.828,-1.3036589400335576,69.73676862733224,True,0
solar-09568,solar,2027-08-02,jerusalem_nasa_city_point,modeled UT1; not exact UTC,MID,2027-08-02T10:00:49.272,0.03479781177050213,75.56692002952414,True,0
solar-09568,solar,2027-08-02,jerusalem_nasa_city_point,modeled UT1; not exact UTC,C4,2027-08-02T11:18:01.036,1.3213989909386834,64.81700457834587,True,0
lunar-09712,lunar,2027-08-17,jerusalem_nasa_city_point,modeled UT1; not exact UTC,P1,2027-08-17T05:24:28.580,-1.57095,-29.95653728104517,False,2
lunar-09712,lunar,2027-08-17,jerusalem_nasa_city_point,modeled UT1; not exact UTC,MID,2027-08-17T07:13:43.316,0.24981,-51.58038666326556,False,2
lunar-09712,lunar,2027-08-17,jerusalem_nasa_city_point,modeled UT1; not exact UTC,P4,2027-08-17T09:03:03.236,2.07201,-68.43731707656411,False,2
lunar-09713,lunar,2028-01-12,jerusalem_nasa_city_point,modeled UT1; not exact UTC,P1,2028-01-12T02:07:36.572,-1.85198,30.610475430700728,True,0
lunar-09713,lunar,2028-01-12,jerusalem_nasa_city_point,modeled UT1; not exact UTC,U1,2028-01-12T03:44:59.768,-0.22887,11.16281995009642,True,0
lunar-09713,lunar,2028-01-12,jerusalem_nasa_city_point,modeled UT1; not exact UTC,MID,2028-01-12T04:12:56.684,0.23694,5.791566849441937,True,0
lunar-09713,lunar,2028-01-12,jerusalem_nasa_city_point,modeled UT1; not exact UTC,U4,2028-01-12T04:41:00.008,0.70453,0.528940540553152,True,0
lunar-09713,lunar,2028-01-12,jerusalem_nasa_city_point,modeled UT1; not exact UTC,P4,2028-01-12T06:18:17.732,2.32612,-16.325226562310803,False,2
solar-09569,solar,2028-01-26,jerusalem_nasa_city_point,modeled UT1; not exact UTC,C1,2028-01-26T15:59:39.680,1.0155499756052844,-11.39567455638783,False,1
solar-09569,solar,2028-01-26,jerusalem_nasa_city_point,modeled UT1; not exact UTC,MID,2028-01-26T16:53:55.352,1.9199034036102,-22.671955680781664,False,1
solar-09569,solar,2028-01-26,jerusalem_nasa_city_point,modeled UT1; not exact UTC,C4,2028-01-26T17:44:30.361,2.7629614397239433,-33.36241089952714,False,1
lunar-09714,lunar,2028-07-06,jerusalem_nasa_city_point,modeled UT1; not exact UTC,P1,2028-07-06T15:44:20.696,-2.23964,-12.051829572053203,False,2
lunar-09714,lunar,2028-07-06,jerusalem_nasa_city_point,modeled UT1; not exact UTC,U1,2028-07-06T17:08:51.476,-0.83109,3.5924769746809564,True,0
lunar-09714,lunar,2028-07-06,jerusalem_nasa_city_point,modeled UT1; not exact UTC,MID,2028-07-06T18:19:40.448,0.34918,15.409796863182514,True,0
lunar-09714,lunar,2028-07-06,jerusalem_nasa_city_point,modeled UT1; not exact UTC,U4,2028-07-06T19:30:20.996,1.52711,25.24033775658691,True,0
lunar-09714,lunar,2028-07-06,jerusalem_nasa_city_point,modeled UT1; not exact UTC,P4,2028-07-06T20:54:58.832,2.93762,32.89632730020398,True,0
lunar-09715,lunar,2028-12-31,jerusalem_nasa_city_point,modeled UT1; not exact UTC,P1,2028-12-31T14:03:48.596,-2.91514,-6.420647883960849,False,2
lunar-09715,lunar,2028-12-31,jerusalem_nasa_city_point,modeled UT1; not exact UTC,U1,2028-12-31T15:07:35.000,-1.85225,5.030332254831151,True,0
lunar-09715,lunar,2028-12-31,jerusalem_nasa_city_point,modeled UT1; not exact UTC,U2,2028-12-31T16:16:19.268,-0.70662,18.217419601889723,True,0
lunar-09715,lunar,2028-12-31,jerusalem_nasa_city_point,modeled UT1; not exact UTC,MID,2028-12-31T16:51:58.244,-0.11246,25.29907683560571,True,0
lunar-09715,lunar,2028-12-31,jerusalem_nasa_city_point,modeled UT1; not exact UTC,U3,2028-12-31T17:27:39.524,0.48234,32.50798973776344,True,0
lunar-09715,lunar,2028-12-31,jerusalem_nasa_city_point,modeled UT1; not exact UTC,U4,2028-12-31T18:36:24.476,1.62816,46.61304510604775,True,0
lunar-09715,lunar,2028-12-31,jerusalem_nasa_city_point,modeled UT1; not exact UTC,P4,2028-12-31T19:40:01.952,2.68857,59.711230262205106,True,0
lunar-09716,lunar,2029-06-26,jerusalem_nasa_city_point,modeled UT1; not exact UTC,P1,2029-06-26T00:34:34.340,-2.40235,19.12756800144378,True,0
lunar-09716,lunar,2029-06-26,jerusalem_nasa_city_point,modeled UT1; not exact UTC,U1,2029-06-26T01:32:18.440,-1.4401,10.33274092440731,True,0
lunar-09716,lunar,2029-06-26,jerusalem_nasa_city_point,modeled UT1; not exact UTC,U2,2029-06-26T02:31:08.132,-0.45963,0.2631053011714065,True,0
lunar-09716,lunar,2029-06-26,jerusalem_nasa_city_point,modeled UT1; not exact UTC,MID,2029-06-26T03:22:05.288,0.38958,-9.074963969530831,False,2
lunar-09716,lunar,2029-06-26,jerusalem_nasa_city_point,modeled UT1; not exact UTC,U3,2029-06-26T04:13:01.328,1.23848,-18.80047021340552,False,2
lunar-09716,lunar,2029-06-26,jerusalem_nasa_city_point,modeled UT1; not exact UTC,U4,2029-06-26T05:11:50.228,2.21873,-30.35489595628423,False,2
lunar-09716,lunar,2029-06-26,jerusalem_nasa_city_point,modeled UT1; not exact UTC,P4,2029-06-26T06:09:42.032,3.18312,-41.92366007006222,False,2
lunar-09717,lunar,2029-12-20,jerusalem_nasa_city_point,modeled UT1; not exact UTC,P1,2029-12-20T19:42:53.432,-3.26363,64.29377033184116,True,0
lunar-09717,lunar,2029-12-20,jerusalem_nasa_city_point,modeled UT1; not exact UTC,U1,2029-12-20T20:55:17.372,-2.05698,77.78825631996285,True,0
lunar-09717,lunar,2029-12-20,jerusalem_nasa_city_point,modeled UT1; not exact UTC,U2,2029-12-20T22:15:05.444,-0.72696,77.55059424913469,True,0
lunar-09717,lunar,2029-12-20,jerusalem_nasa_city_point,modeled UT1; not exact UTC,MID,2029-12-20T22:41:54.320,-0.28005,72.92244546582499,True,0
lunar-09717,lunar,2029-12-20,jerusalem_nasa_city_point,modeled UT1; not exact UTC,U3,2029-12-20T23:08:45.428,0.16748,67.73225363662763,True,0
lunar-09717,lunar,2029-12-20,jerusalem_nasa_city_point,modeled UT1; not exact UTC,U4,2029-12-21T00:28:34.292,1.49772,51.36035284115966,True,0
lunar-09717,lunar,2029-12-20,jerusalem_nasa_city_point,modeled UT1; not exact UTC,P4,2029-12-21T01:40:51.284,2.70244,36.35802204858874,True,0
solar-09575,solar,2030-06-01,jerusalem_nasa_city_point,modeled UT1; not exact UTC,C1,2030-06-01T03:42:42.223,-2.2666601703853404,12.565473092736019,True,0
solar-09575,solar,2030-06-01,jerusalem_nasa_city_point,modeled UT1; not exact UTC,MID,2030-06-01T04:50:55.663,-1.129593551185859,26.600999707503536,True,0
solar-09575,solar,2030-06-01,jerusalem_nasa_city_point,modeled UT1; not exact UTC,C4,2030-06-01T06:10:06.026,0.18995153453874525,43.319746999753995,True,0
lunar-09718,lunar,2030-06-15,jerusalem_nasa_city_point,modeled UT1; not exact UTC,P1,2030-06-15T16:14:09.020,-2.74255,-4.700239516591418,False,2
lunar-09718,lunar,2030-06-15,jerusalem_nasa_city_point,modeled UT1; not exact UTC,U1,2030-06-15T17:21:03.524,-1.62741,7.25858693616602,True,0
lunar-09718,lunar,2030-06-15,jerusalem_nasa_city_point,modeled UT1; not exact UTC,MID,2030-06-15T18:33:15.728,-0.42402,18.788289589455953,True,0
lunar-09718,lunar,2030-06-15,jerusalem_nasa_city_point,modeled UT1; not exact UTC,U4,2030-06-15T19:45:25.124,0.77859,28.00959032398669,True,0
lunar-09718,lunar,2030-06-15,jerusalem_nasa_city_point,modeled UT1; not exact UTC,P4,2030-06-15T20:52:22.580,1.89455,33.44507988362222,True,0
lunar-09719,lunar,2030-12-09,jerusalem_nasa_city_point,modeled UT1; not exact UTC,P1,2030-12-09T20:07:55.984,-1.84606,69.53753067423756,True,0
lunar-09719,lunar,2030-12-09,jerusalem_nasa_city_point,modeled UT1; not exact UTC,MID,2030-12-09T22:27:32.896,0.48086,73.875745697752,True,0
lunar-09719,lunar,2030-12-09,jerusalem_nasa_city_point,modeled UT1; not exact UTC,P4,2030-12-10T00:47:09.448,2.80768,45.99754157816333,True,0
lunar-09720,lunar,2031-05-07,jerusalem_nasa_city_point,modeled UT1; not exact UTC,P1,2031-05-07T01:52:05.852,-2.10993,9.262595168508334,True,0
lunar-09720,lunar,2031-05-07,jerusalem_nasa_city_point,modeled UT1; not exact UTC,MID,2031-05-07T03:50:43.340,-0.13285,-13.505492191405509,False,2
lunar-09720,lunar,2031-05-07,jerusalem_nasa_city_point,modeled UT1; not exact UTC,P4,2031-05-07T05:49:26.804,1.84589,-37.478428073037904,False,2
lunar-09721,lunar,2031-06-05,jerusalem_nasa_city_point,modeled UT1; not exact UTC,P1,2031-06-05T10:56:16.132,-1.04038,-69.43115329270124,False,2
lunar-09721,lunar,2031-06-05,jerusalem_nasa_city_point,modeled UT1; not exact UTC,MID,2031-06-05T11:43:58.744,-0.24521,-60.41201073032217,False,2
lunar-09721,lunar,2031-06-05,jerusalem_nasa_city_point,modeled UT1; not exact UTC,P4,2031-06-05T12:31:49.420,0.5522,-50.93589356482082,False,2
lunar-09722,lunar,2031-10-30,jerusalem_nasa_city_point,modeled UT1; not exact UTC,P1,2031-10-30T05:49:29.464,-2.15326,-22.818297419271936,False,2
lunar-09722,lunar,2031-10-30,jerusalem_nasa_city_point,modeled UT1; not exact UTC,MID,2031-10-30T07:45:26.068,-0.22087,-38.75480831371015,False,2
lunar-09722,lunar,2031-10-30,jerusalem_nasa_city_point,modeled UT1; not exact UTC,P4,2031-10-30T09:41:14.860,1.70935,-43.69095683682974,False,2
solar-09578,solar,2031-11-14,jerusalem_nasa_city_point,modeled UT1; not exact UTC,C1,2031-11-14T20:25:30.187,-0.5530590412141576,-71.25049681881832,False,1
solar-09578,solar,2031-11-14,jerusalem_nasa_city_point,modeled UT1; not exact UTC,MID,2031-11-14T21:07:58.223,0.15472867192747086,-76.12253364556146,False,1
solar-09578,solar,2031-11-14,jerusalem_nasa_city_point,modeled UT1; not exact UTC,C4,2031-11-14T21:50:12.343,0.8586509131353727,-75.28856751257962,False,1
lunar-09723,lunar,2032-04-25,jerusalem_nasa_city_point,modeled UT1; not exact UTC,P1,2032-04-25T12:22:16.348,-2.60682,-47.42635421832542,False,2
lunar-09723,lunar,2032-04-25,jerusalem_nasa_city_point,modeled UT1; not exact UTC,U1,2032-04-25T13:27:57.772,-1.51198,-34.350939518345115,False,2
lunar-09723,lunar,2032-04-25,jerusalem_nasa_city_point,modeled UT1; not exact UTC,U2,2032-04-25T14:40:46.732,-0.29838,-19.596339142671514,False,2
lunar-09723,lunar,2032-04-25,jerusalem_nasa_city_point,modeled UT1; not exact UTC,MID,2032-04-25T15:13:31.504,0.24739,-12.985317982697396,False,2
lunar-09723,lunar,2032-04-25,jerusalem_nasa_city_point,modeled UT1; not exact UTC,U3,2032-04-25T15:46:18.940,0.7939,-6.427421268280689,False,2
lunar-09723,lunar,2032-04-25,jerusalem_nasa_city_point,modeled UT1; not exact UTC,U4,2032-04-25T16:59:09.088,2.00783,7.729027345383459,True,0
lunar-09723,lunar,2032-04-25,jerusalem_nasa_city_point,modeled UT1; not exact UTC,P4,2032-04-25T18:04:41.908,3.10028,19.619185000816962,True,0
lunar-09724,lunar,2032-10-18,jerusalem_nasa_city_point,modeled UT1; not exact UTC,P1,2032-10-18T16:24:40.552,-2.56668,18.46237113833615,True,0
lunar-09724,lunar,2032-10-18,jerusalem_nasa_city_point,modeled UT1; not exact UTC,U1,2032-10-18T17:24:21.616,-1.57194,30.81900028843347,True,0
lunar-09724,lunar,2032-10-18,jerusalem_nasa_city_point,modeled UT1; not exact UTC,U2,2032-10-18T18:38:46.372,-0.33173,45.862936824673874,True,0
lunar-09724,lunar,2032-10-18,jerusalem_nasa_city_point,modeled UT1; not exact UTC,MID,2032-10-18T19:02:20.812,0.06117,50.41149051176401,True,0
lunar-09724,lunar,2032-10-18,jerusalem_nasa_city_point,modeled UT1; not exact UTC,U3,2032-10-18T19:25:53.020,0.45345,54.758514368403375,True,0
lunar-09724,lunar,2032-10-18,jerusalem_nasa_city_point,modeled UT1; not exact UTC,U4,2032-10-18T20:40:17.452,1.69357,65.90293833940906,True,0
lunar-09724,lunar,2032-10-18,jerusalem_nasa_city_point,modeled UT1; not exact UTC,P4,2032-10-18T21:40:05.212,2.69017,68.5933616663103,True,0
lunar-09725,lunar,2033-04-14,jerusalem_nasa_city_point,modeled UT1; not exact UTC,P1,2033-04-14T16:11:54.072,-2.77948,2.269109210854431,True,0
lunar-09725,lunar,2033-04-14,jerusalem_nasa_city_point,modeled UT1; not exact UTC,U1,2033-04-14T17:25:02.544,-1.56046,16.56771079009406,True,0
lunar-09725,lunar,2033-04-14,jerusalem_nasa_city_point,modeled UT1; not exact UTC,U2,2033-04-14T18:47:56.124,-0.17891,31.29806930861424,True,0
lunar-09725,lunar,2033-04-14,jerusalem_nasa_city_point,modeled UT1; not exact UTC,MID,2033-04-14T19:12:31.548,0.23093,35.145971474015354,True,0
lunar-09725,lunar,2033-04-14,jerusalem_nasa_city_point,modeled UT1; not exact UTC,U3,2033-04-14T19:37:08.448,0.64118,38.64806406646792,True,0
lunar-09725,lunar,2033-04-14,jerusalem_nasa_city_point,modeled UT1; not exact UTC,U4,2033-04-14T21:00:02.244,2.02279,46.740598715691696,True,0
lunar-09725,lunar,2033-04-14,jerusalem_nasa_city_point,modeled UT1; not exact UTC,P4,2033-04-14T22:13:05.280,3.2403,47.28431250542718,True,0
lunar-09726,lunar,2033-10-08,jerusalem_nasa_city_point,modeled UT1; not exact UTC,P1,2033-10-08T08:18:43.596,-2.66564,-50.72531389562247,False,2
lunar-09726,lunar,2033-10-08,jerusalem_nasa_city_point,modeled UT1; not exact UTC,U1,2033-10-08T09:13:50.160,-1.74715,-53.301668402339246,False,2
lunar-09726,lunar,2033-10-08,jerusalem_nasa_city_point,modeled UT1; not exact UTC,U2,2033-10-08T10:15:38.232,-0.71713,-51.32831266587896,False,2
lunar-09726,lunar,2033-10-08,jerusalem_nasa_city_point,modeled UT1; not exact UTC,MID,2033-10-08T10:55:02.532,-0.06038,-47.646662052793744,False,2
lunar-09726,lunar,2033-10-08,jerusalem_nasa_city_point,modeled UT1; not exact UTC,U3,2033-10-08T11:34:26.832,0.59637,-42.55876023818247,False,2
lunar-09726,lunar,2033-10-08,jerusalem_nasa_city_point,modeled UT1; not exact UTC,U4,2033-10-08T12:36:14.616,1.62631,-32.67271678886848,False,2
lunar-09726,lunar,2033-10-08,jerusalem_nasa_city_point,modeled UT1; not exact UTC,P4,2033-10-08T13:31:20.748,2.54468,-22.63495209465061,False,2
solar-09583,solar,2034-03-20,jerusalem_nasa_city_point,modeled UT1; not exact UTC,C1,2034-03-20T09:41:06.998,-0.29238952707985066,58.14785994034118,True,0
solar-09583,solar,2034-03-20,jerusalem_nasa_city_point,modeled UT1; not exact UTC,MID,2034-03-20T11:04:27.662,1.0966838096714178,53.238082936062355,True,0
solar-09583,solar,2034-03-20,jerusalem_nasa_city_point,modeled UT1; not exact UTC,C4,2034-03-20T12:22:58.756,2.4053210061453,41.25334583914118,True,0
lunar-09727,lunar,2034-04-03,jerusalem_nasa_city_point,modeled UT1; not exact UTC,P1,2034-04-03T16:52:54.252,-2.09593,12.276657139210888,True,0
lunar-09727,lunar,2034-04-03,jerusalem_nasa_city_point,modeled UT1; not exact UTC,MID,2034-04-03T19:05:38.856,0.11646,37.040903572013825,True,0
lunar-09727,lunar,2034-04-03,jerusalem_nasa_city_point,modeled UT1; not exact UTC,P4,2034-04-03T21:18:18.888,2.32758,52.11490287394137,True,0
lunar-09728,lunar,2034-09-28,jerusalem_nasa_city_point,modeled UT1; not exact UTC,P1,2034-09-28T00:41:56.924,-2.27841,33.622099506769956,True,0
lunar-09728,lunar,2034-09-28,jerusalem_nasa_city_point,modeled UT1; not exact UTC,U1,2034-09-28T02:32:59.840,-0.4276,11.769516940686094,True,0
lunar-09728,lunar,2034-09-28,jerusalem_nasa_city_point,modeled UT1; not exact UTC,MID,2034-09-28T02:46:15.944,-0.20646,9.07800828521677,True,0
lunar-09728,lunar,2034-09-28,jerusalem_nasa_city_point,modeled UT1; not exact UTC,U4,2034-09-28T02:59:42.092,0.01747,6.347085931329194,True,0
lunar-09728,lunar,2034-09-28,jerusalem_nasa_city_point,modeled UT1; not exact UTC,P4,2034-09-28T04:50:37.520,1.8662,-16.056254790883973,False,2
lunar-09729,lunar,2035-02-22,jerusalem_nasa_city_point,modeled UT1; not exact UTC,P1,2035-02-22T06:56:58.712,-2.02783,-32.86843913787529,False,2
lunar-09729,lunar,2035-02-22,jerusalem_nasa_city_point,modeled UT1; not exact UTC,MID,2035-02-22T09:04:50.852,0.10332,-48.17360020298341,False,2
lunar-09729,lunar,2035-02-22,jerusalem_nasa_city_point,modeled UT1; not exact UTC,P4,2035-02-22T11:12:38.852,2.23332,-46.07120281548767,False,2
lunar-09730,lunar,2035-08-19,jerusalem_nasa_city_point,modeled UT1; not exact UTC,P1,2035-08-18T22:46:00.476,-2.21059,42.256285732202876,True,0
lunar-09730,lunar,2035-08-19,jerusalem_nasa_city_point,modeled UT1; not exact UTC,U1,2035-08-19T00:32:43.472,-0.43198,29.04393197610392,True,0
lunar-09730,lunar,2035-08-19,jerusalem_nasa_city_point,modeled UT1; not exact UTC,MID,2035-08-19T01:10:53.900,0.20425,22.708481666904564,True,0
lunar-09730,lunar,2035-08-19,jerusalem_nasa_city_point,modeled UT1; not exact UTC,U4,2035-08-19T01:49:14.660,0.84335,15.841290466040293,True,0
lunar-09730,lunar,2035-08-19,jerusalem_nasa_city_point,modeled UT1; not exact UTC,P4,2035-08-19T03:35:51.392,2.62022,-4.8196909418086396,False,2
solar-09586,solar,2035-09-02,jerusalem_nasa_city_point,modeled UT1; not exact UTC,C1,2035-09-01T23:51:28.759,-2.119400408911736,-39.14730191415501,False,1
solar-09586,solar,2035-09-02,jerusalem_nasa_city_point,modeled UT1; not exact UTC,MID,2035-09-02T00:36:26.914,-1.369912876995764,-31.883160391192618,False,1
solar-09586,solar,2035-09-02,jerusalem_nasa_city_point,modeled UT1; not exact UTC,C4,2035-09-02T01:23:22.853,-0.5877074601366726,-23.327116873706668,False,1
lunar-09731,lunar,2036-02-11,jerusalem_nasa_city_point,modeled UT1; not exact UTC,P1,2036-02-11T19:33:44.092,-2.41503,54.23034192231642,True,0
lunar-09731,lunar,2036-02-11,jerusalem_nasa_city_point,modeled UT1; not exact UTC,U1,2036-02-11T20:30:46.108,-1.46447,64.25647855728754,True,0
lunar-09731,lunar,2036-02-11,jerusalem_nasa_city_point,modeled UT1; not exact UTC,U2,2036-02-11T21:34:29.524,-0.40241,71.20763925981278,True,0
lunar-09731,lunar,2036-02-11,jerusalem_nasa_city_point,modeled UT1; not exact UTC,MID,2036-02-11T22:11:44.440,0.2184,71.02034540766662,True,0
lunar-09731,lunar,2036-02-11,jerusalem_nasa_city_point,modeled UT1; not exact UTC,U3,2036-02-11T22:48:58.384,0.83894,67.49703118229135,True,0
lunar-09731,lunar,2036-02-11,jerusalem_nasa_city_point,modeled UT1; not exact UTC,U4,2036-02-11T23:52:41.584,1.90094,57.17666675756448,True,0
lunar-09731,lunar,2036-02-11,jerusalem_nasa_city_point,modeled UT1; not exact UTC,P4,2036-02-12T00:49:47.704,2.85264,46.09634455572043,True,0
lunar-09732,lunar,2036-08-07,jerusalem_nasa_city_point,modeled UT1; not exact UTC,P1,2036-08-06T23:45:07.036,-3.22524,32.37029907977934,True,0
lunar-09732,lunar,2036-08-07,jerusalem_nasa_city_point,modeled UT1; not exact UTC,U1,2036-08-07T00:55:30.340,-2.0521,22.257352160082288,True,0
lunar-09732,lunar,2036-08-07,jerusalem_nasa_city_point,modeled UT1; not exact UTC,U2,2036-08-07T02:03:30.796,-0.91864,10.509056230654005,True,0
lunar-09732,lunar,2036-08-07,jerusalem_nasa_city_point,modeled UT1; not exact UTC,MID,2036-08-07T02:51:10.312,-0.12433,1.5706492714089773,True,0
lunar-09732,lunar,2036-08-07,jerusalem_nasa_city_point,modeled UT1; not exact UTC,U3,2036-08-07T03:38:49.900,0.67,-7.734103925982592,False,2
lunar-09732,lunar,2036-08-07,jerusalem_nasa_city_point,modeled UT1; not exact UTC,U4,2036-08-07T04:46:50.500,1.8035,-21.38985560574152,False,2
lunar-09732,lunar,2036-08-07,jerusalem_nasa_city_point,modeled UT1; not exact UTC,P4,2036-08-07T05:57:13.660,2.9766,-35.704603149499455,False,2
solar-09589,solar,2036-08-21,jerusalem_nasa_city_point,modeled UT1; not exact UTC,C1,2036-08-21T17:38:16.966,0.6608516961250245,-17.298469698701762,False,1
solar-09589,solar,2036-08-21,jerusalem_nasa_city_point,modeled UT1; not exact UTC,MID,2036-08-21T18:14:33.632,1.2654811168051705,-24.023103153470167,False,1
solar-09589,solar,2036-08-21,jerusalem_nasa_city_point,modeled UT1; not exact UTC,C4,2036-08-21T18:49:42.312,1.8512255609899162,-30.079337030474218,False,1
solar-09590,solar,2037-01-16,jerusalem_nasa_city_point,modeled UT1; not exact UTC,C1,2037-01-16T08:29:10.365,-1.4908985096226524,34.03594916439759,True,0
solar-09590,solar,2037-01-16,jerusalem_nasa_city_point,modeled UT1; not exact UTC,MID,2037-01-16T09:55:50.102,-0.04652729690549642,37.376378339537744,True,0
solar-09590,solar,2037-01-16,jerusalem_nasa_city_point,modeled UT1; not exact UTC,C4,2037-01-16T11:21:03.108,1.37375224472852,32.967721319845644,True,0
lunar-09733,lunar,2037-01-31,jerusalem_nasa_city_point,modeled UT1; not exact UTC,P1,2037-01-31T11:24:11.676,-2.57384,-35.961121080962435,False,2
lunar-09733,lunar,2037-01-31,jerusalem_nasa_city_point,modeled UT1; not exact UTC,U1,2037-01-31T12:21:32.340,-1.6181,-29.32317710781644,False,2
lunar-09733,lunar,2037-01-31,jerusalem_nasa_city_point,modeled UT1; not exact UTC,U2,2037-01-31T13:28:25.620,-0.5033,-19.29212138743218,False,2
lunar-09733,lunar,2037-01-31,jerusalem_nasa_city_point,modeled UT1; not exact UTC,MID,2037-01-31T14:00:15.924,0.02734,-13.909472276412538,False,2
lunar-09733,lunar,2037-01-31,jerusalem_nasa_city_point,modeled UT1; not exact UTC,U3,2037-01-31T14:32:07.092,0.55822,-8.235813989199396,False,2
lunar-09733,lunar,2037-01-31,jerusalem_nasa_city_point,modeled UT1; not exact UTC,U4,2037-01-31T15:39:00.444,1.67304,4.377178455119986,True,0
lunar-09733,lunar,2037-01-31,jerusalem_nasa_city_point,modeled UT1; not exact UTC,P4,2037-01-31T16:36:18.012,2.62792,15.702109022201173,True,0
lunar-09734,lunar,2037-07-27,jerusalem_nasa_city_point,modeled UT1; not exact UTC,P1,2037-07-27T01:18:06.840,-2.6751,15.73597225583994,True,0
lunar-09734,lunar,2037-07-27,jerusalem_nasa_city_point,modeled UT1; not exact UTC,U1,2037-07-27T02:32:15.756,-1.43929,2.7596886510353675,True,0
lunar-09734,lunar,2037-07-27,jerusalem_nasa_city_point,modeled UT1; not exact UTC,MID,2037-07-27T04:08:30.480,0.1648,-15.70498491431784,False,2
lunar-09734,lunar,2037-07-27,jerusalem_nasa_city_point,modeled UT1; not exact UTC,U4,2037-07-27T05:44:40.596,1.76761,-35.02445014057356,False,2
lunar-09734,lunar,2037-07-27,jerusalem_nasa_city_point,modeled UT1; not exact UTC,P4,2037-07-27T06:58:56.280,3.0053,-50.053713778175656,False,2
solar-09592,solar,2038-01-05,jerusalem_nasa_city_point,modeled UT1; not exact UTC,C1,2038-01-05T14:15:41.327,0.2845908022793324,5.439337977430007,True,0
solar-09592,solar,2038-01-05,jerusalem_nasa_city_point,modeled UT1; not exact UTC,MID,2038-01-05T15:22:34.752,1.3994310516460067,-7.286601624459878,False,1
solar-09592,solar,2038-01-05,jerusalem_nasa_city_point,modeled UT1; not exact UTC,C4,2038-01-05T16:22:24.832,2.39667559590999,-19.33241507802927,False,1
lunar-09735,lunar,2038-01-21,jerusalem_nasa_city_point,modeled UT1; not exact UTC,P1,2038-01-21T01:45:37.400,-2.2165,35.167266714918306,True,0
lunar-09735,lunar,2038-01-21,jerusalem_nasa_city_point,modeled UT1; not exact UTC,MID,2038-01-21T03:48:28.400,-0.169,10.346907566054893,True,0
lunar-09735,lunar,2038-01-21,jerusalem_nasa_city_point,modeled UT1; not exact UTC,P4,2038-01-21T05:51:24.656,1.87996,-12.39867641118616,False,2
lunar-09736,lunar,2038-06-17,jerusalem_nasa_city_point,modeled UT1; not exact UTC,P1,2038-06-17T01:15:22.772,-1.72048,14.114820932514016,True,0
lunar-09736,lunar,2038-06-17,jerusalem_nasa_city_point,modeled UT1; not exact UTC,MID,2038-06-17T02:43:38.228,-0.24952,-1.2187063357156924,False,2
lunar-09736,lunar,2038-06-17,jerusalem_nasa_city_point,modeled UT1; not exact UTC,P4,2038-06-17T04:11:42.488,1.21833,-17.991171442258583,False,2
solar-09593,solar,2038-07-02,jerusalem_nasa_city_point,modeled UT1; not exact UTC,C1,2038-07-02T14:07:21.628,0.1458687508159091,31.57057129994025,True,0
solar-09593,solar,2038-07-02,jerusalem_nasa_city_point,modeled UT1; not exact UTC,MID,2038-07-02T14:59:31.957,1.0154048058399587,20.72782368250042,True,0
solar-09593,solar,2038-07-02,jerusalem_nasa_city_point,modeled UT1; not exact UTC,C4,2038-07-02T15:47:13.529,1.8102857403957584,11.066239313706216,True,0
lunar-09737,lunar,2038-07-16,jerusalem_nasa_city_point,modeled UT1; not exact UTC,P1,2038-07-16T09:58:13.064,-2.00651,-80.31822345425883,False,2
lunar-09737,lunar,2038-07-16,jerusalem_nasa_city_point,modeled UT1; not exact UTC,MID,2038-07-16T11:34:32.540,-0.4011,-64.58051596705981,False,2
lunar-09737,lunar,2038-07-16,jerusalem_nasa_city_point,modeled UT1; not exact UTC,P4,2038-07-16T13:10:39.668,1.20088,-45.31798969445813,False,2
lunar-09738,lunar,2038-12-11,jerusalem_nasa_city_point,modeled UT1; not exact UTC,P1,2038-12-11T15:34:24.256,-2.40329,11.509150937475653,True,0
lunar-09738,lunar,2038-12-11,jerusalem_nasa_city_point,modeled UT1; not exact UTC,MID,2038-12-11T17:43:36.028,-0.25002,37.758117340727296,True,0
lunar-09738,lunar,2038-12-11,jerusalem_nasa_city_point,modeled UT1; not exact UTC,P4,2038-12-11T19:52:51.400,1.90425,64.50718062331231,True,0
solar-09594,solar,2038-12-26,jerusalem_nasa_city_point,modeled UT1; not exact UTC,C1,2038-12-25T23:39:36.120,-1.3166612156938815,-62.164816035084556,False,1
solar-09594,solar,2038-12-26,jerusalem_nasa_city_point,modeled UT1; not exact UTC,MID,2038-12-26T00:02:34.084,-0.9338933927881591,-57.33111173409192,False,1
solar-09594,solar,2038-12-26,jerusalem_nasa_city_point,modeled UT1; not exact UTC,C4,2038-12-26T00:25:51.217,-0.5458008381054571,-52.3956206547028,False,1
lunar-09739,lunar,2039-06-06,jerusalem_nasa_city_point,modeled UT1; not exact UTC,P1,2039-06-06T16:24:38.992,-2.56578,-1.9517805677806885,False,2
lunar-09739,lunar,2039-06-06,jerusalem_nasa_city_point,modeled UT1; not exact UTC,U1,2039-06-06T17:23:21.808,-1.58722,8.414564699994765,True,0
lunar-09739,lunar,2039-06-06,jerusalem_nasa_city_point,modeled UT1; not exact UTC,MID,2039-06-06T18:53:01.180,-0.09295,22.200256945285666,True,0
lunar-09739,lunar,2039-06-06,jerusalem_nasa_city_point,modeled UT1; not exact UTC,U4,2039-06-06T20:22:39.580,1.40105,31.802931024572736,True,0
lunar-09739,lunar,2039-06-06,jerusalem_nasa_city_point,modeled UT1; not exact UTC,P4,2039-06-06T21:21:22.756,2.37971,34.67427434128822,True,0
solar-09595,solar,2039-06-21,jerusalem_nasa_city_point,modeled UT1; not exact UTC,C1,2039-06-21T17:44:54.018,0.7717549811337807,-11.088846373778988,False,1
solar-09595,solar,2039-06-21,jerusalem_nasa_city_point,modeled UT1; not exact UTC,MID,2039-06-21T18:34:50.142,1.6040115368808103,-19.109849348146913,False,1
solar-09595,solar,2039-06-21,jerusalem_nasa_city_point,modeled UT1; not exact UTC,C4,2039-06-21T19:22:20.319,2.395727462846031,-25.618852648844257,False,1
lunar-09740,lunar,2039-11-30,jerusalem_nasa_city_point,modeled UT1; not exact UTC,P1,2039-11-30T13:55:01.020,-3.05955,-7.0929746905804265,False,2
lunar-09740,lunar,2039-11-30,jerusalem_nasa_city_point,modeled UT1; not exact UTC,U1,2039-11-30T15:12:01.872,-1.77598,7.427211393446297,True,0
lunar-09740,lunar,2039-11-30,jerusalem_nasa_city_point,modeled UT1; not exact UTC,MID,2039-11-30T16:55:02.892,-0.05903,28.174562945154804,True,0
lunar-09740,lunar,2039-11-30,jerusalem_nasa_city_point,modeled UT1; not exact UTC,U4,2039-11-30T18:38:01.932,1.65737,49.607322261708056,True,0
lunar-09740,lunar,2039-11-30,jerusalem_nasa_city_point,modeled UT1; not exact UTC,P4,2039-11-30T19:55:05.664,2.94174,65.43231545084637,True,0
lunar-09741,lunar,2040-05-26,jerusalem_nasa_city_point,modeled UT1; not exact UTC,P1,2040-05-26T09:04:14.084,-2.90581,-78.05705666027028,False,2
lunar-09741,lunar,2040-05-26,jerusalem_nasa_city_point,modeled UT1; not exact UTC,U1,2040-05-26T09:59:35.696,-1.98314,-77.93084580995587,False,2
lunar-09741,lunar,2040-05-26,jerusalem_nasa_city_point,modeled UT1; not exact UTC,U2,2040-05-26T10:58:49.652,-0.99593,-68.80488800665908,False,2
lunar-09741,lunar,2040-05-26,jerusalem_nasa_city_point,modeled UT1; not exact UTC,MID,2040-05-26T11:44:56.576,-0.22734,-60.03453426668766,False,2
lunar-09741,lunar,2040-05-26,jerusalem_nasa_city_point,modeled UT1; not exact UTC,U3,2040-05-26T12:31:04.508,0.54153,-50.89712328009212,False,2
lunar-09741,lunar,2040-05-26,jerusalem_nasa_city_point,modeled UT1; not exact UTC,U4,2040-05-26T13:30:19.184,1.52894,-39.02898570802617,False,2
lunar-09741,lunar,2040-05-26,jerusalem_nasa_city_point,modeled UT1; not exact UTC,P4,2040-05-26T14:25:35.828,2.45023,-28.00738500016798,False,2
lunar-09742,lunar,2040-11-18,jerusalem_nasa_city_point,modeled UT1; not exact UTC,P1,2040-11-18T16:06:31.448,-2.86757,19.06332459999387,True,0
lunar-09742,lunar,2040-11-18,jerusalem_nasa_city_point,modeled UT1; not exact UTC,U1,2040-11-18T17:13:00.608,-1.75947,32.800377169934954,True,0
lunar-09742,lunar,2040-11-18,jerusalem_nasa_city_point,modeled UT1; not exact UTC,U2,2040-11-18T18:19:19.076,-0.65434,46.640387384250644,True,0
lunar-09742,lunar,2040-11-18,jerusalem_nasa_city_point,modeled UT1; not exact UTC,MID,2040-11-18T19:03:15.212,0.07792,55.73408459916414,True,0
lunar-09742,lunar,2040-11-18,jerusalem_nasa_city_point,modeled UT1; not exact UTC,U3,2040-11-18T19:47:09.584,0.80969,64.53603519853243,True,0
lunar-09742,lunar,2040-11-18,jerusalem_nasa_city_point,modeled UT1; not exact UTC,U4,2040-11-18T20:53:27.368,1.91463,75.7309436527258,True,0
lunar-09742,lunar,2040-11-18,jerusalem_nasa_city_point,modeled UT1; not exact UTC,P4,2040-11-18T22:00:05.888,3.02533,76.39405054774285,True,0
solar-09599,solar,2041-04-30,jerusalem_nasa_city_point,modeled UT1; not exact UTC,C1,2041-04-30T12:53:52.913,0.9218368853114748,42.10296907479634,True,0
solar-09599,solar,2041-04-30,jerusalem_nasa_city_point,modeled UT1; not exact UTC,MID,2041-04-30T13:18:02.827,1.3245909369653937,37.004454310304936,True,0
solar-09599,solar,2041-04-30,jerusalem_nasa_city_point,modeled UT1; not exact UTC,C4,2041-04-30T13:41:40.802,1.7184727963055992,31.991447084710334,True,0
lunar-09743,lunar,2041-05-16,jerusalem_nasa_city_point,modeled UT1; not exact UTC,P1,2041-05-15T22:26:48.100,-2.5295,36.05064698565417,True,0
lunar-09743,lunar,2041-05-16,jerusalem_nasa_city_point,modeled UT1; not exact UTC,U1,2041-05-16T00:12:29.788,-0.76792,24.867721603284224,True,0
lunar-09743,lunar,2041-05-16,jerusalem_nasa_city_point,modeled UT1; not exact UTC,MID,2041-05-16T00:41:36.976,-0.28259,20.56560581516069,True,0
lunar-09743,lunar,2041-05-16,jerusalem_nasa_city_point,modeled UT1; not exact UTC,U4,2041-05-16T01:10:57.232,0.20637,15.86629260129817,True,0
lunar-09743,lunar,2041-05-16,jerusalem_nasa_city_point,modeled UT1; not exact UTC,P4,2041-05-16T02:56:31.648,1.96593,-3.109276751826559,False,2
solar-09600,solar,2041-10-25,jerusalem_nasa_city_point,modeled UT1; not exact UTC,C1,2041-10-24T23:32:04.595,-2.4414735881415335,-54.475627614596824,False,1
solar-09600,solar,2041-10-25,jerusalem_nasa_city_point,modeled UT1; not exact UTC,MID,2041-10-25T00:13:09.952,-1.756652318977533,-46.352509127518054,False,1
solar-09600,solar,2041-10-25,jerusalem_nasa_city_point,modeled UT1; not exact UTC,C4,2041-10-25T00:55:35.505,-1.0495542348740936,-37.57667479129085,False,1
lunar-09744,lunar,2041-11-08,jerusalem_nasa_city_point,modeled UT1; not exact UTC,P1,2041-11-08T02:19:38.148,-2.64882,19.78549398794594,True,0
lunar-09744,lunar,2041-11-08,jerusalem_nasa_city_point,modeled UT1; not exact UTC,U1,2041-11-08T03:48:23.484,-1.16956,2.1976217430392198,True,0
lunar-09744,lunar,2041-11-08,jerusalem_nasa_city_point,modeled UT1; not exact UTC,MID,2041-11-08T04:33:38.640,-0.41535,-6.333950618072237,False,2
lunar-09744,lunar,2041-11-08,jerusalem_nasa_city_point,modeled UT1; not exact UTC,U4,2041-11-08T05:18:44.184,0.33619,-14.387793282370342,False,2
lunar-09744,lunar,2041-11-08,jerusalem_nasa_city_point,modeled UT1; not exact UTC,P4,2041-11-08T06:47:38.520,1.81795,-28.26476410583974,False,2
lunar-09745,lunar,2042-04-05,jerusalem_nasa_city_point,modeled UT1; not exact UTC,P1,2042-04-05T12:14:30.876,-2.73409,-45.58956666234442,False,2
lunar-09745,lunar,2042-04-05,jerusalem_nasa_city_point,modeled UT1; not exact UTC,MID,2042-04-05T14:28:44.544,-0.49696,-19.57194150141345,False,2
lunar-09745,lunar,2042-04-05,jerusalem_nasa_city_point,modeled UT1; not exact UTC,P4,2042-04-05T16:42:57.600,1.74,7.723386845488876,True,0
lunar-09746,lunar,2042-09-29,jerusalem_nasa_city_point,modeled UT1; not exact UTC,P1,2042-09-29T08:45:03.488,-2.22492,-56.284796743553166,False,2
lunar-09746,lunar,2042-09-29,jerusalem_nasa_city_point,modeled UT1; not exact UTC,MID,2042-09-29T10:44:19.748,-0.23707,-53.00827436228862,False,2
lunar-09746,lunar,2042-09-29,jerusalem_nasa_city_point,modeled UT1; not exact UTC,P4,2042-09-29T12:43:35.288,1.75058,-34.80385306887847,False,2
solar-09602,solar,2042-10-14,jerusalem_nasa_city_point,modeled UT1; not exact UTC,C1,2042-10-13T23:56:05.267,-2.0410924449671892,-47.72775761429144,False,1
solar-09602,solar,2042-10-14,jerusalem_nasa_city_point,modeled UT1; not exact UTC,MID,2042-10-14T00:33:10.760,-1.4228998727422635,-40.413830665875636,False,1
solar-09602,solar,2042-10-14,jerusalem_nasa_city_point,modeled UT1; not exact UTC,C4,2042-10-14T01:11:27.007,-0.785053678965646,-32.5503672993701,False,1
lunar-09747,lunar,2043-03-25,jerusalem_nasa_city_point,modeled UT1; not exact UTC,P1,2043-03-25T11:30:59.356,-3.45929,-50.230970887088255,False,2
lunar-09747,lunar,2043-03-25,jerusalem_nasa_city_point,modeled UT1; not exact UTC,U1,2043-03-25T12:43:16.276,-2.25459,-38.36367876242731,False,2
lunar-09747,lunar,2043-03-25,jerusalem_nasa_city_point,modeled UT1; not exact UTC,U2,2043-03-25T14:03:53.344,-0.91096,-22.977158297243466,False,2
lunar-09747,lunar,2043-03-25,jerusalem_nasa_city_point,modeled UT1; not exact UTC,MID,2043-03-25T14:30:36.316,-0.46569,-17.63594810768791,False,2
lunar-09747,lunar,2043-03-25,jerusalem_nasa_city_point,modeled UT1; not exact UTC,U3,2043-03-25T14:57:17.416,-0.02094,-12.236515665992268,False,2
lunar-09747,lunar,2043-03-25,jerusalem_nasa_city_point,modeled UT1; not exact UTC,U4,2043-03-25T16:17:53.440,1.3224,4.2229535768420075,True,0
lunar-09747,lunar,2043-03-25,jerusalem_nasa_city_point,modeled UT1; not exact UTC,P4,2043-03-25T17:30:15.292,2.52847,18.803699192519733,True,0
lunar-09748,lunar,2043-09-19,jerusalem_nasa_city_point,modeled UT1; not exact UTC,P1,2043-09-18T23:07:26.820,-2.85155,47.69266523150042,True,0
lunar-09748,lunar,2043-09-19,jerusalem_nasa_city_point,modeled UT1; not exact UTC,U1,2043-09-19T00:07:22.536,-1.85274,38.7568459062626,True,0
lunar-09748,lunar,2043-09-19,jerusalem_nasa_city_point,modeled UT1; not exact UTC,U2,2043-09-19T01:14:31.080,-0.7337,26.68385722644911,True,0
lunar-09748,lunar,2043-09-19,jerusalem_nasa_city_point,modeled UT1; not exact UTC,MID,2043-09-19T01:50:22.188,-0.13617,19.754112937616775,True,0
lunar-09748,lunar,2043-09-19,jerusalem_nasa_city_point,modeled UT1; not exact UTC,U3,2043-09-19T02:26:15.276,0.46191,12.629168871527035,True,0
lunar-09748,lunar,2043-09-19,jerusalem_nasa_city_point,modeled UT1; not exact UTC,U4,2043-09-19T03:33:24.180,1.58105,-0.9525139218824004,False,2
lunar-09748,lunar,2043-09-19,jerusalem_nasa_city_point,modeled UT1; not exact UTC,P4,2043-09-19T04:33:11.976,2.57766,-13.064765326458193,False,2
lunar-09749,lunar,2044-03-13,jerusalem_nasa_city_point,modeled UT1; not exact UTC,P1,2044-03-13T16:47:56.276,-3.17659,14.48470829726842,True,0
lunar-09749,lunar,2044-03-13,jerusalem_nasa_city_point,modeled UT1; not exact UTC,U1,2044-03-13T17:52:30.776,-2.10034,27.46210255043338,True,0
lunar-09749,lunar,2044-03-13,jerusalem_nasa_city_point,modeled UT1; not exact UTC,U2,2044-03-13T19:03:50.924,-0.91141,40.97990005195885,True,0
lunar-09749,lunar,2044-03-13,jerusalem_nasa_city_point,modeled UT1; not exact UTC,MID,2044-03-13T19:37:04.532,-0.35763,46.67028532112011,True,0
lunar-09749,lunar,2044-03-13,jerusalem_nasa_city_point,modeled UT1; not exact UTC,U3,2044-03-13T20:10:15.656,0.19546,51.68828783179279,True,0
lunar-09749,lunar,2044-03-13,jerusalem_nasa_city_point,modeled UT1; not exact UTC,U4,2044-03-13T21:21:35.336,1.38426,58.6396760483889,True,0
lunar-09749,lunar,2044-03-13,jerusalem_nasa_city_point,modeled UT1; not exact UTC,P4,2044-03-13T22:26:19.196,2.46311,58.09912596992497,True,0
lunar-09750,lunar,2044-09-07,jerusalem_nasa_city_point,modeled UT1; not exact UTC,P1,2044-09-07T08:27:14.020,-2.52155,-60.74310845785956,False,2
lunar-09750,lunar,2044-09-07,jerusalem_nasa_city_point,modeled UT1; not exact UTC,U1,2044-09-07T09:36:12.292,-1.37203,-64.425787077039,False,2
lunar-09750,lunar,2044-09-07,jerusalem_nasa_city_point,modeled UT1; not exact UTC,U2,2044-09-07T11:02:20.488,0.06358,-57.27300466790436,False,2
lunar-09750,lunar,2044-09-07,jerusalem_nasa_city_point,modeled UT1; not exact UTC,MID,2044-09-07T11:19:16.012,0.34567,-54.779504414816046,False,2
lunar-09750,lunar,2044-09-07,jerusalem_nasa_city_point,modeled UT1; not exact UTC,U3,2044-09-07T11:36:14.596,0.62861,-52.06256103349706,False,2
lunar-09750,lunar,2044-09-07,jerusalem_nasa_city_point,modeled UT1; not exact UTC,U4,2044-09-07T13:02:24.124,2.06459,-36.231179603081905,False,2
lunar-09750,lunar,2044-09-07,jerusalem_nasa_city_point,modeled UT1; not exact UTC,P4,2044-09-07T14:11:15.268,3.21213,-22.35264828058152,False,2
lunar-09751,lunar,2045-03-03,jerusalem_nasa_city_point,modeled UT1; not exact UTC,P1,2045-03-03T05:39:57.900,-2.30925,-21.387377197872716,False,2
lunar-09751,lunar,2045-03-03,jerusalem_nasa_city_point,modeled UT1; not exact UTC,MID,2045-03-03T07:41:56.988,-0.27617,-42.58511299569932,False,2
lunar-09751,lunar,2045-03-03,jerusalem_nasa_city_point,modeled UT1; not exact UTC,P4,2045-03-03T09:43:54.708,1.75653,-53.64597016251002,False,2
lunar-09752,lunar,2045-08-27,jerusalem_nasa_city_point,modeled UT1; not exact UTC,P1,2045-08-27T11:52:32.780,-2.09945,-51.60712084921528,False,2
lunar-09752,lunar,2045-08-27,jerusalem_nasa_city_point,modeled UT1; not exact UTC,MID,2045-08-27T13:53:20.804,-0.08611,-27.721861735099452,False,2
lunar-09752,lunar,2045-08-27,jerusalem_nasa_city_point,modeled UT1; not exact UTC,P4,2045-08-27T15:54:13.220,1.92845,-2.673315010039172,False,2
lunar-09753,lunar,2046-01-22,jerusalem_nasa_city_point,modeled UT1; not exact UTC,P1,2046-01-22T10:56:07.184,-2.03981,-35.61354423956245,False,2
lunar-09753,lunar,2046-01-22,jerusalem_nasa_city_point,modeled UT1; not exact UTC,U1,2046-01-22T12:35:59.024,-0.37541,-25.333244331280333,False,2
lunar-09753,lunar,2046-01-22,jerusalem_nasa_city_point,modeled UT1; not exact UTC,MID,2046-01-22T13:01:07.100,0.0435,-21.788524625108654,False,2
lunar-09753,lunar,2046-01-22,jerusalem_nasa_city_point,modeled UT1; not exact UTC,U4,2046-01-22T13:26:22.160,0.46435,-17.942984134083545,False,2
lunar-09753,lunar,2046-01-22,jerusalem_nasa_city_point,modeled UT1; not exact UTC,P4,2046-01-22T15:06:07.844,2.12704,-0.7053691690630663,False,2
solar-09609,solar,2046-02-05,jerusalem_nasa_city_point,modeled UT1; not exact UTC,C1,2046-02-05T22:05:30.104,-0.8834432661951443,-73.64298392918576,False,1
solar-09609,solar,2046-02-05,jerusalem_nasa_city_point,modeled UT1; not exact UTC,C2,2046-02-05T22:53:04.420,-0.09057784889681998,-68.86763298434833,False,1
solar-09609,solar,2046-02-05,jerusalem_nasa_city_point,modeled UT1; not exact UTC,MID,2046-02-05T22:54:17.787,-0.07019816874880422,-68.68657233533844,False,1
solar-09609,solar,2046-02-05,jerusalem_nasa_city_point,modeled UT1; not exact UTC,C3,2046-02-05T22:55:31.092,-0.049835492396416325,-68.5036047550149,False,1
solar-09609,solar,2046-02-05,jerusalem_nasa_city_point,modeled UT1; not exact UTC,C4,2046-02-05T23:44:08.886,0.7606627953783854,-60.02795377899792,False,1
lunar-09754,lunar,2046-07-18,jerusalem_nasa_city_point,modeled UT1; not exact UTC,P1,2046-07-17T22:35:29.572,-2.38348,33.78569246792285,True,0
lunar-09754,lunar,2046-07-18,jerusalem_nasa_city_point,modeled UT1; not exact UTC,U1,2046-07-18T00:07:12.856,-0.85479,25.52112499433975,True,0
lunar-09754,lunar,2046-07-18,jerusalem_nasa_city_point,modeled UT1; not exact UTC,MID,2046-07-18T01:04:35.248,0.10143,17.582019602632265,True,0
lunar-09754,lunar,2046-07-18,jerusalem_nasa_city_point,modeled UT1; not exact UTC,U4,2046-07-18T02:01:47.596,1.05486,8.282817117820954,True,0
lunar-09754,lunar,2046-07-18,jerusalem_nasa_city_point,modeled UT1; not exact UTC,P4,2046-07-18T03:33:37.828,2.58548,-8.455080644383084,False,2
lunar-09755,lunar,2047-01-12,jerusalem_nasa_city_point,modeled UT1; not exact UTC,P1,2047-01-11T22:36:04.524,-2.37366,74.36962177417195,True,0
lunar-09755,lunar,2047-01-12,jerusalem_nasa_city_point,modeled UT1; not exact UTC,U1,2047-01-11T23:40:19.260,-1.3029,61.96964481017169,True,0
lunar-09755,lunar,2047-01-12,jerusalem_nasa_city_point,modeled UT1; not exact UTC,U2,2047-01-12T00:49:45.108,-0.14572,47.61868265537355,True,0
lunar-09755,lunar,2047-01-12,jerusalem_nasa_city_point,modeled UT1; not exact UTC,MID,2047-01-12T01:24:44.052,0.43732,40.34086247093351,True,0
lunar-09755,lunar,2047-01-12,jerusalem_nasa_city_point,modeled UT1; not exact UTC,U3,2047-01-12T01:59:45.372,1.02102,33.08727640411755,True,0
lunar-09755,lunar,2047-01-12,jerusalem_nasa_city_point,modeled UT1; not exact UTC,U4,2047-01-12T03:09:11.904,2.17839,18.924177274661528,True,0
lunar-09755,lunar,2047-01-12,jerusalem_nasa_city_point,modeled UT1; not exact UTC,P4,2047-01-12T04:13:17.424,3.24659,6.281241693728025,True,0
lunar-09756,lunar,2047-07-07,jerusalem_nasa_city_point,modeled UT1; not exact UTC,P1,2047-07-07T07:47:34.028,-3.18202,-64.53061359170859,False,2
lunar-09756,lunar,2047-07-07,jerusalem_nasa_city_point,modeled UT1; not exact UTC,U1,2047-07-07T08:44:58.148,-2.22532,-75.15711660104287,False,2
lunar-09756,lunar,2047-07-07,jerusalem_nasa_city_point,modeled UT1; not exact UTC,U2,2047-07-07T09:43:49.460,-1.2444,-81.10042154246489,False,2
lunar-09756,lunar,2047-07-07,jerusalem_nasa_city_point,modeled UT1; not exact UTC,MID,2047-07-07T10:34:14.756,-0.40404,-75.84938972912036,False,2
lunar-09756,lunar,2047-07-07,jerusalem_nasa_city_point,modeled UT1; not exact UTC,U3,2047-07-07T11:24:38.936,0.43601,-66.67202162553268,False,2
lunar-09756,lunar,2047-07-07,jerusalem_nasa_city_point,modeled UT1; not exact UTC,U4,2047-07-07T12:23:29.384,1.41669,-54.999029282951284,False,2
lunar-09756,lunar,2047-07-07,jerusalem_nasa_city_point,modeled UT1; not exact UTC,P4,2047-07-07T13:21:00.956,2.37546,-43.359451336565726,False,2
lunar-09757,lunar,2048-01-01,jerusalem_nasa_city_point,modeled UT1; not exact UTC,P1,2048-01-01T03:52:38.988,-3.09717,7.622841710412763,True,0
lunar-09757,lunar,2048-01-01,jerusalem_nasa_city_point,modeled UT1; not exact UTC,U1,2048-01-01T05:05:17.220,-1.88655,-5.8198101383417375,False,2
lunar-09757,lunar,2048-01-01,jerusalem_nasa_city_point,modeled UT1; not exact UTC,U2,2048-01-01T06:24:26.628,-0.56727,-18.89400502474365,False,2
lunar-09757,lunar,2048-01-01,jerusalem_nasa_city_point,modeled UT1; not exact UTC,MID,2048-01-01T06:52:23.580,-0.10145,-22.942193550903674,False,2
lunar-09757,lunar,2048-01-01,jerusalem_nasa_city_point,modeled UT1; not exact UTC,U3,2048-01-01T07:20:22.584,0.36494,-26.604767356137163,False,2
lunar-09757,lunar,2048-01-01,jerusalem_nasa_city_point,modeled UT1; not exact UTC,U4,2048-01-01T08:39:32.892,1.68447,-34.21681535556354,False,2
lunar-09757,lunar,2048-01-01,jerusalem_nasa_city_point,modeled UT1; not exact UTC,P4,2048-01-01T09:52:04.500,2.89325,-36.557676047556164,False,2
solar-09615,solar,2048-06-11,jerusalem_nasa_city_point,modeled UT1; not exact UTC,C1,2048-06-11T13:25:57.758,0.458127198862303,39.45741463840729,True,0
solar-09615,solar,2048-06-11,jerusalem_nasa_city_point,modeled UT1; not exact UTC,MID,2048-06-11T14:38:15.587,1.663079688316594,24.30185233433805,True,0
solar-09615,solar,2048-06-11,jerusalem_nasa_city_point,modeled UT1; not exact UTC,C4,2048-06-11T15:41:24.064,2.715434317104883,11.455961958596477,True,0
lunar-09758,lunar,2048-06-26,jerusalem_nasa_city_point,modeled UT1; not exact UTC,P1,2048-06-25T23:38:05.192,-2.33978,27.13381327528171,True,0
lunar-09758,lunar,2048-06-26,jerusalem_nasa_city_point,modeled UT1; not exact UTC,U1,2048-06-26T00:41:20.708,-1.28547,19.122805509892988,True,0
lunar-09758,lunar,2048-06-26,jerusalem_nasa_city_point,modeled UT1; not exact UTC,MID,2048-06-26T02:00:56.504,0.04114,6.526148973835803,True,0
lunar-09758,lunar,2048-06-26,jerusalem_nasa_city_point,modeled UT1; not exact UTC,U4,2048-06-26T03:20:30.356,1.36721,-7.778517601366119,False,2
lunar-09758,lunar,2048-06-26,jerusalem_nasa_city_point,modeled UT1; not exact UTC,P4,2048-06-26T04:23:48.716,2.42231,-19.879165229877692,False,2
lunar-09759,lunar,2048-12-20,jerusalem_nasa_city_point,modeled UT1; not exact UTC,P1,2048-12-20T04:05:28.084,-1.88331,4.103200684035012,True,0
lunar-09759,lunar,2048-12-20,jerusalem_nasa_city_point,modeled UT1; not exact UTC,MID,2048-12-20T06:26:15.916,0.46331,-20.062360682969164,False,2
lunar-09759,lunar,2048-12-20,jerusalem_nasa_city_point,modeled UT1; not exact UTC,P4,2048-12-20T08:47:03.640,2.8099,-35.08024546625821,False,2
lunar-09760,lunar,2049-05-17,jerusalem_nasa_city_point,modeled UT1; not exact UTC,P1,2049-05-17T09:33:02.164,-1.42376,-78.85047414756525,False,2
lunar-09760,lunar,2049-05-17,jerusalem_nasa_city_point,modeled UT1; not exact UTC,MID,2049-05-17T11:25:06.460,0.4441,-63.4229809851358,False,2
lunar-09760,lunar,2049-05-17,jerusalem_nasa_city_point,modeled UT1; not exact UTC,P4,2049-05-17T13:17:17.884,2.31394,-41.176302355317084,False,2
lunar-09761,lunar,2049-06-15,jerusalem_nasa_city_point,modeled UT1; not exact UTC,P1,2049-06-15T18:06:44.328,-0.86202,15.492844372291568,True,0
lunar-09761,lunar,2049-06-15,jerusalem_nasa_city_point,modeled UT1; not exact UTC,MID,2049-06-15T19:12:39.468,0.23663,24.9302002715967,True,0
lunar-09761,lunar,2049-06-15,jerusalem_nasa_city_point,modeled UT1; not exact UTC,P4,2049-06-15T20:18:42.636,1.33751,31.894704202886082,True,0
lunar-09762,lunar,2049-11-09,jerusalem_nasa_city_point,modeled UT1; not exact UTC,P1,2049-11-09T13:57:32.336,-2.01524,-7.57115228786881,False,2
lunar-09762,lunar,2049-11-09,jerusalem_nasa_city_point,modeled UT1; not exact UTC,MID,2049-11-09T15:50:38.480,-0.1302,14.456138198449397,True,0
lunar-09762,lunar,2049-11-09,jerusalem_nasa_city_point,modeled UT1; not exact UTC,P4,2049-11-09T17:43:36.020,1.75245,37.713128476492294,True,0
solar-09618,solar,2049-11-25,jerusalem_nasa_city_point,modeled UT1; not exact UTC,C1,2049-11-25T02:58:09.542,-3.004904967891115,-16.46375391382837,False,1
solar-09618,solar,2049-11-25,jerusalem_nasa_city_point,modeled UT1; not exact UTC,MID,2049-11-25T03:53:47.391,-2.0777247460257793,-5.224268001102216,False,1
solar-09618,solar,2049-11-25,jerusalem_nasa_city_point,modeled UT1; not exact UTC,C4,2049-11-25T04:55:08.888,-1.0550867398337298,6.55254058407907,True,0
lunar-09763,lunar,2050-05-06,jerusalem_nasa_city_point,modeled UT1; not exact UTC,P1,2050-05-06T19:40:25.140,-3.30035,33.998647810830334,True,0
lunar-09763,lunar,2050-05-06,jerusalem_nasa_city_point,modeled UT1; not exact UTC,U1,2050-05-06T20:47:30.480,-2.1822,39.37350249508846,True,0
lunar-09763,lunar,2050-05-06,jerusalem_nasa_city_point,modeled UT1; not exact UTC,U2,2050-05-06T22:08:53.844,-0.82571,39.68962788630935,True,0
lunar-09763,lunar,2050-05-06,jerusalem_nasa_city_point,modeled UT1; not exact UTC,MID,2050-05-06T22:30:28.008,-0.46622,38.57320412581304,True,0
lunar-09763,lunar,2050-05-06,jerusalem_nasa_city_point,modeled UT1; not exact UTC,U3,2050-05-06T22:52:05.304,-0.10586,36.99267401878095,True,0
lunar-09763,lunar,2050-05-06,jerusalem_nasa_city_point,modeled UT1; not exact UTC,U4,2050-05-07T00:13:29.820,1.25095,27.640833182352313,True,0
lunar-09763,lunar,2050-05-06,jerusalem_nasa_city_point,modeled UT1; not exact UTC,P4,2050-05-07T01:20:26.628,2.36673,17.120960326038873,True,0
lunar-09764,lunar,2050-10-30,jerusalem_nasa_city_point,modeled UT1; not exact UTC,P1,2050-10-30T00:43:40.304,-2.24586,38.728521294714284,True,0
lunar-09764,lunar,2050-10-30,jerusalem_nasa_city_point,modeled UT1; not exact UTC,U1,2050-10-30T01:43:45.344,-1.24446,26.4432097378556,True,0
lunar-09764,lunar,2050-10-30,jerusalem_nasa_city_point,modeled UT1; not exact UTC,U2,2050-10-30T03:02:56.300,0.07525,10.339726055691601,True,0
lunar-09764,lunar,2050-10-30,jerusalem_nasa_city_point,modeled UT1; not exact UTC,MID,2050-10-30T03:20:12.272,0.36302,6.885043100618111,True,0
lunar-09764,lunar,2050-10-30,jerusalem_nasa_city_point,modeled UT1; not exact UTC,U3,2050-10-30T03:37:25.904,0.65014,3.4691205505169296,True,0
lunar-09764,lunar,2050-10-30,jerusalem_nasa_city_point,modeled UT1; not exact UTC,U4,2050-10-30T04:56:36.536,1.96976,-11.673066274670758,False,2
lunar-09764,lunar,2050-10-30,jerusalem_nasa_city_point,modeled UT1; not exact UTC,P4,2050-10-30T05:56:47.948,2.97293,-22.257143338899763,False,2
solar-09620,solar,2050-11-14,jerusalem_nasa_city_point,modeled UT1; not exact UTC,C1,2050-11-14T13:55:06.252,-0.05529122974394629,7.915259877605713,True,0
solar-09620,solar,2050-11-14,jerusalem_nasa_city_point,modeled UT1; not exact UTC,MID,2050-11-14T14:49:01.428,0.8433687779065243,-2.580072699679858,False,1
solar-09620,solar,2050-11-14,jerusalem_nasa_city_point,modeled UT1; not exact UTC,C4,2050-11-14T15:38:05.502,1.661167337632544,-12.552927993312077,False,1
solar-09621,solar,2051-04-11,jerusalem_nasa_city_point,modeled UT1; not exact UTC,C1,2051-04-11T00:39:36.338,-1.3133782314650722,-31.422916064950257,False,1
solar-09621,solar,2051-04-11,jerusalem_nasa_city_point,modeled UT1; not exact UTC,MID,2051-04-11T01:18:17.483,-0.6686157868054274,-24.397834737338837,False,1
solar-09621,solar,2051-04-11,jerusalem_nasa_city_point,modeled UT1; not exact UTC,C4,2051-04-11T01:58:28.325,0.001062360615429414,-16.61549909937562,False,1
lunar-09765,lunar,2051-04-26,jerusalem_nasa_city_point,modeled UT1; not exact UTC,P1,2051-04-25T23:12:26.476,-2.76609,38.6293335354844,True,0
lunar-09765,lunar,2051-04-26,jerusalem_nasa_city_point,modeled UT1; not exact UTC,U1,2051-04-26T00:24:27.448,-1.56582,28.665148610212743,True,0
lunar-09765,lunar,2051-04-26,jerusalem_nasa_city_point,modeled UT1; not exact UTC,U2,2051-04-26T01:40:05.392,-0.30528,15.547251354984164,True,0
lunar-09765,lunar,2051-04-26,jerusalem_nasa_city_point,modeled UT1; not exact UTC,MID,2051-04-26T02:14:52.168,0.27438,8.976993108891092,True,0
lunar-09765,lunar,2051-04-26,jerusalem_nasa_city_point,modeled UT1; not exact UTC,U3,2051-04-26T02:49:40.060,0.85435,2.1855714975731506,True,0
lunar-09765,lunar,2051-04-26,jerusalem_nasa_city_point,modeled UT1; not exact UTC,U4,2051-04-26T04:05:18.220,2.11495,-13.049922620681546,False,2
lunar-09765,lunar,2051-04-26,jerusalem_nasa_city_point,modeled UT1; not exact UTC,P4,2051-04-26T05:17:14.332,3.31387,-27.814218519560203,False,2
lunar-09766,lunar,2051-10-19,jerusalem_nasa_city_point,modeled UT1; not exact UTC,P1,2051-10-19T16:33:07.008,-2.42122,19.886809302297028,True,0
lunar-09766,lunar,2051-10-19,jerusalem_nasa_city_point,modeled UT1; not exact UTC,U1,2051-10-19T17:28:04.464,-1.50526,31.234646614519903,True,0
lunar-09766,lunar,2051-10-19,jerusalem_nasa_city_point,modeled UT1; not exact UTC,U2,2051-10-19T18:28:26.136,-0.49924,43.432629583370016,True,0
lunar-09766,lunar,2051-10-19,jerusalem_nasa_city_point,modeled UT1; not exact UTC,MID,2051-10-19T19:10:12.996,0.19711,51.45776316952445,True,0
lunar-09766,lunar,2051-10-19,jerusalem_nasa_city_point,modeled UT1; not exact UTC,U3,2051-10-19T19:51:59.928,0.89348,58.757395663928975,True,0
lunar-09766,lunar,2051-10-19,jerusalem_nasa_city_point,modeled UT1; not exact UTC,U4,2051-10-19T20:52:21.420,1.89945,66.50158536247278,True,0
lunar-09766,lunar,2051-10-19,jerusalem_nasa_city_point,modeled UT1; not exact UTC,P4,2051-10-19T21:47:18.156,2.81521,67.86859852688734,True,0
solar-09623,solar,2052-03-30,jerusalem_nasa_city_point,modeled UT1; not exact UTC,C1,2052-03-30T18:49:52.701,-0.14161077669114708,-35.279525606238835,False,1
solar-09623,solar,2052-03-30,jerusalem_nasa_city_point,modeled UT1; not exact UTC,MID,2052-03-30T19:33:02.456,0.5777654401027973,-42.49348698527926,False,1
solar-09623,solar,2052-03-30,jerusalem_nasa_city_point,modeled UT1; not exact UTC,C4,2052-03-30T20:15:00.124,1.2771178656311069,-48.287981650760685,False,1
lunar-09767,lunar,2052-04-14,jerusalem_nasa_city_point,modeled UT1; not exact UTC,P1,2052-04-13T23:58:26.028,-1.99902,36.709122742179744,True,0
lunar-09767,lunar,2052-04-14,jerusalem_nasa_city_point,modeled UT1; not exact UTC,MID,2052-04-14T02:16:28.224,0.30159,11.895167462514005,True,0
lunar-09767,lunar,2052-04-14,jerusalem_nasa_city_point,modeled UT1; not exact UTC,P4,2052-04-14T04:34:26.172,2.60102,-16.193724015321674,False,2
lunar-09768,lunar,2052-10-08,jerusalem_nasa_city_point,modeled UT1; not exact UTC,P1,2052-10-08T08:36:01.616,-2.37219,-52.26057839564367,False,2
lunar-09768,lunar,2052-10-08,jerusalem_nasa_city_point,modeled UT1; not exact UTC,U1,2052-10-08T10:12:45.860,-0.7599,-52.024856195472765,False,2
lunar-09768,lunar,2052-10-08,jerusalem_nasa_city_point,modeled UT1; not exact UTC,MID,2052-10-08T10:44:19.028,-0.23402,-49.31540068669987,False,2
lunar-09768,lunar,2052-10-08,jerusalem_nasa_city_point,modeled UT1; not exact UTC,U4,2052-10-08T11:16:01.952,0.29457,-45.58944386382524,False,2
lunar-09768,lunar,2052-10-08,jerusalem_nasa_city_point,modeled UT1; not exact UTC,P4,2052-10-08T12:52:38.456,1.90471,-30.224192330127195,False,2
lunar-09769,lunar,2053-03-04,jerusalem_nasa_city_point,modeled UT1; not exact UTC,P1,2053-03-04T15:14:55.856,-1.72354,-4.467660113804362,False,2
lunar-09769,lunar,2053-03-04,jerusalem_nasa_city_point,modeled UT1; not exact UTC,MID,2053-03-04T17:20:30.512,0.36942,21.10065776837076,True,0
lunar-09769,lunar,2053-03-04,jerusalem_nasa_city_point,modeled UT1; not exact UTC,P4,2053-03-04T19:26:00.704,2.46114,45.4502119396528,True,0
lunar-09770,lunar,2053-08-29,jerusalem_nasa_city_point,modeled UT1; not exact UTC,P1,2053-08-29T05:45:20.020,-2.21655,-32.94406391857038,False,2
lunar-09770,lunar,2053-08-29,jerusalem_nasa_city_point,modeled UT1; not exact UTC,MID,2053-08-29T08:04:09.916,0.09731,-58.2696523118864,False,2
lunar-09770,lunar,2053-08-29,jerusalem_nasa_city_point,modeled UT1; not exact UTC,P4,2053-08-29T10:23:05.212,2.41267,-64.78045617383968,False,2
solar-09626,solar,2053-09-12,jerusalem_nasa_city_point,modeled UT1; not exact UTC,C1,2053-09-12T07:37:23.581,-2.348894210869438,50.77926734134681,True,0
solar-09626,solar,2053-09-12,jerusalem_nasa_city_point,modeled UT1; not exact UTC,MID,2053-09-12T09:03:59.726,-0.9055205796281675,61.210169108402745,True,0
solar-09626,solar,2053-09-12,jerusalem_nasa_city_point,modeled UT1; not exact UTC,C4,2053-09-12T10:32:33.779,0.5706053344978458,59.05344877977231,True,0
lunar-09771,lunar,2054-02-22,jerusalem_nasa_city_point,modeled UT1; not exact UTC,P1,2054-02-22T04:12:24.672,-2.76498,-1.1605362143801397,False,2
lunar-09771,lunar,2054-02-22,jerusalem_nasa_city_point,modeled UT1; not exact UTC,U1,2054-02-22T05:09:18.732,-1.81663,-12.415194617409476,False,2
lunar-09771,lunar,2054-02-22,jerusalem_nasa_city_point,modeled UT1; not exact UTC,U2,2054-02-22T06:13:40.992,-0.74378,-24.446045205457203,False,2
lunar-09771,lunar,2054-02-22,jerusalem_nasa_city_point,modeled UT1; not exact UTC,MID,2054-02-22T06:49:45.636,-0.14249,-30.686280736474163,False,2
lunar-09771,lunar,2054-02-22,jerusalem_nasa_city_point,modeled UT1; not exact UTC,U3,2054-02-22T07:25:49.344,0.45854,-36.398198381877876,False,2
lunar-09771,lunar,2054-02-22,jerusalem_nasa_city_point,modeled UT1; not exact UTC,U4,2054-02-22T08:30:11.496,1.53136,-44.66996560890376,False,2
lunar-09771,lunar,2054-02-22,jerusalem_nasa_city_point,modeled UT1; not exact UTC,P4,2054-02-22T09:27:09.336,2.48076,-48.93560919255524,False,2
lunar-09772,lunar,2054-08-18,jerusalem_nasa_city_point,modeled UT1; not exact UTC,P1,2054-08-18T06:20:04.472,-2.63698,-41.93783766001865,False,2
lunar-09772,lunar,2054-08-18,jerusalem_nasa_city_point,modeled UT1; not exact UTC,U1,2054-08-18T07:31:31.964,-1.44601,-55.70019668449324,False,2
lunar-09772,lunar,2054-08-18,jerusalem_nasa_city_point,modeled UT1; not exact UTC,U2,2054-08-18T08:43:19.184,-0.24956,-67.15396273941472,False,2
lunar-09772,lunar,2054-08-18,jerusalem_nasa_city_point,modeled UT1; not exact UTC,MID,2054-08-18T09:24:47.648,0.44168,-70.80217965562198,False,2
lunar-09772,lunar,2054-08-18,jerusalem_nasa_city_point,modeled UT1; not exact UTC,U3,2054-08-18T10:06:16.112,1.13292,-70.48459602827644,False,2
lunar-09772,lunar,2054-08-18,jerusalem_nasa_city_point,modeled UT1; not exact UTC,U4,2054-08-18T11:18:03.512,2.32942,-61.81914526911359,False,2
lunar-09772,lunar,2054-08-18,jerusalem_nasa_city_point,modeled UT1; not exact UTC,P4,2054-08-18T12:29:31.580,3.52055,-48.8095638316675,False,2
lunar-09773,lunar,2055-02-11,jerusalem_nasa_city_point,modeled UT1; not exact UTC,P1,2055-02-11T20:08:07.036,-2.83599,61.04810372503955,True,0
lunar-09773,lunar,2055-02-11,jerusalem_nasa_city_point,modeled UT1; not exact UTC,U1,2055-02-11T21:05:21.868,-1.88187,69.53762851977956,True,0
lunar-09773,lunar,2055-02-11,jerusalem_nasa_city_point,modeled UT1; not exact UTC,U2,2055-02-11T22:11:34.756,-0.77829,71.5863006419041,True,0
lunar-09773,lunar,2055-02-11,jerusalem_nasa_city_point,modeled UT1; not exact UTC,MID,2055-02-11T22:44:34.072,-0.22848,68.48782768848652,True,0
lunar-09773,lunar,2055-02-11,jerusalem_nasa_city_point,modeled UT1; not exact UTC,U3,2055-02-11T23:17:34.324,0.32159,63.637158793987176,True,0
lunar-09773,lunar,2055-02-11,jerusalem_nasa_city_point,modeled UT1; not exact UTC,U4,2055-02-12T00:23:47.320,1.4252,51.47146484265376,True,0
lunar-09773,lunar,2055-02-11,jerusalem_nasa_city_point,modeled UT1; not exact UTC,P4,2055-02-12T01:20:58.588,2.37833,39.94484679407566,True,0
lunar-09774,lunar,2055-08-07,jerusalem_nasa_city_point,modeled UT1; not exact UTC,P1,2055-08-07T07:58:25.212,-2.99733,-63.21021381891754,False,2
lunar-09774,lunar,2055-08-07,jerusalem_nasa_city_point,modeled UT1; not exact UTC,U1,2055-08-07T09:09:50.328,-1.80702,-73.75364043159816,False,2
lunar-09774,lunar,2055-08-07,jerusalem_nasa_city_point,modeled UT1; not exact UTC,MID,2055-08-07T10:51:33.732,-0.11163,-69.10512210475589,False,2
lunar-09774,lunar,2055-08-07,jerusalem_nasa_city_point,modeled UT1; not exact UTC,U4,2055-08-07T12:33:13.068,1.58263,-50.391944754244506,False,2
lunar-09774,lunar,2055-08-07,jerusalem_nasa_city_point,modeled UT1; not exact UTC,P4,2055-08-07T13:44:45.204,2.77489,-35.89637682486286,False,2
solar-09632,solar,2056-01-16,jerusalem_nasa_city_point,modeled UT1; not exact UTC,C1,2056-01-16T21:28:44.716,-0.4916621526776282,-78.20155464050539,False,1
solar-09632,solar,2056-01-16,jerusalem_nasa_city_point,modeled UT1; not exact UTC,MID,2056-01-16T22:09:22.791,0.18558071573764684,-78.15042529924351,False,1
solar-09632,solar,2056-01-16,jerusalem_nasa_city_point,modeled UT1; not exact UTC,C4,2056-01-16T22:50:14.943,0.866734094903349,-72.45617782358654,False,1
lunar-09775,lunar,2056-02-01,jerusalem_nasa_city_point,modeled UT1; not exact UTC,P1,2056-02-01T10:20:45.824,-1.62466,-40.062960693609256,False,2
lunar-09775,lunar,2056-02-01,jerusalem_nasa_city_point,modeled UT1; not exact UTC,MID,2056-02-01T12:24:20.384,0.43494,-29.235338540827165,False,2
lunar-09775,lunar,2056-02-01,jerusalem_nasa_city_point,modeled UT1; not exact UTC,P4,2056-02-01T14:27:59.912,2.49592,-9.471622167549198,False,2
lunar-09776,lunar,2056-06-27,jerusalem_nasa_city_point,modeled UT1; not exact UTC,P1,2056-06-27T08:46:18.696,-1.19864,-74.82413936743428,False,2
lunar-09776,lunar,2056-06-27,jerusalem_nasa_city_point,modeled UT1; not exact UTC,MID,2056-06-27T10:01:22.872,0.05252,-79.47287679305171,False,2
lunar-09776,lunar,2056-06-27,jerusalem_nasa_city_point,modeled UT1; not exact UTC,P4,2056-06-27T11:16:14.916,1.30031,-67.97123306994521,False,2
lunar-09777,lunar,2056-07-26,jerusalem_nasa_city_point,modeled UT1; not exact UTC,P1,2056-07-26T16:54:19.492,-2.06503,2.604513184908191,True,0
lunar-09777,lunar,2056-07-26,jerusalem_nasa_city_point,modeled UT1; not exact UTC,MID,2056-07-26T18:41:38.020,-0.27655,20.78848699605353,True,0
lunar-09777,lunar,2056-07-26,jerusalem_nasa_city_point,modeled UT1; not exact UTC,P4,2056-07-26T20:28:46.180,1.50905,33.74415365153907,True,0
lunar-09778,lunar,2056-12-22,jerusalem_nasa_city_point,modeled UT1; not exact UTC,P1,2056-12-21T23:38:56.984,-2.32106,60.24656286788772,True,0
lunar-09778,lunar,2056-12-22,jerusalem_nasa_city_point,modeled UT1; not exact UTC,MID,2056-12-22T01:47:08.528,-0.18452,33.7484625696383,True,0
lunar-09778,lunar,2056-12-22,jerusalem_nasa_city_point,modeled UT1; not exact UTC,P4,2056-12-22T03:55:23.888,1.95308,8.11042167418151,True,0
lunar-09779,lunar,2057-06-17,jerusalem_nasa_city_point,modeled UT1; not exact UTC,P1,2057-06-16T23:59:14.548,-1.98257,24.609269685352746,True,0
lunar-09779,lunar,2057-06-17,jerusalem_nasa_city_point,modeled UT1; not exact UTC,U1,2057-06-17T00:59:52.132,-0.97213,16.091635437128836,True,0
lunar-09779,lunar,2057-06-17,jerusalem_nasa_city_point,modeled UT1; not exact UTC,MID,2057-06-17T02:24:31.840,0.4389,1.9179777413410446,True,0
lunar-09779,lunar,2057-06-17,jerusalem_nasa_city_point,modeled UT1; not exact UTC,U4,2057-06-17T03:49:10.828,1.84973,-13.823144347302769,False,2
lunar-09779,lunar,2057-06-17,jerusalem_nasa_city_point,modeled UT1; not exact UTC,P4,2057-06-17T04:49:48.592,2.86022,-25.642899678488376,False,2
solar-09635,solar,2057-07-01,jerusalem_nasa_city_point,modeled UT1; not exact UTC,C1,2057-07-01T22:18:22.590,-1.6636415695379845,-34.58281319767433,False,1
solar-09635,solar,2057-07-01,jerusalem_nasa_city_point,modeled UT1; not exact UTC,MID,2057-07-01T23:05:16.787,-0.8819203681159635,-31.816465959577677,False,1
solar-09635,solar,2057-07-01,jerusalem_nasa_city_point,modeled UT1; not exact UTC,C4,2057-07-01T23:53:08.356,-0.08426213049114173,-27.030541721727477,False,1
lunar-09780,lunar,2057-12-11,jerusalem_nasa_city_point,modeled UT1; not exact UTC,P1,2057-12-10T21:52:26.172,-3.09573,78.78474235806432,True,0
lunar-09780,lunar,2057-12-11,jerusalem_nasa_city_point,modeled UT1; not exact UTC,U1,2057-12-10T23:09:47.112,-1.80658,65.4574834258466,True,0
lunar-09780,lunar,2057-12-11,jerusalem_nasa_city_point,modeled UT1; not exact UTC,MID,2057-12-11T00:51:48.768,-0.10612,44.4914896359602,True,0
lunar-09780,lunar,2057-12-11,jerusalem_nasa_city_point,modeled UT1; not exact UTC,U4,2057-12-11T02:33:48.192,1.59372,23.583948493182156,True,0
lunar-09780,lunar,2057-12-11,jerusalem_nasa_city_point,modeled UT1; not exact UTC,P4,2057-12-11T03:51:12.624,2.88384,8.346757856303368,True,0
lunar-09781,lunar,2058-06-06,jerusalem_nasa_city_point,modeled UT1; not exact UTC,P1,2058-06-06T16:32:07.364,-2.43401,-0.7435972168647295,False,2
lunar-09781,lunar,2058-06-06,jerusalem_nasa_city_point,modeled UT1; not exact UTC,U1,2058-06-06T17:27:17.384,-1.51456,8.871316833451047,True,0
lunar-09781,lunar,2058-06-06,jerusalem_nasa_city_point,modeled UT1; not exact UTC,U2,2058-06-06T18:25:18.728,-0.54752,18.000519496864342,True,0
lunar-09781,lunar,2058-06-06,jerusalem_nasa_city_point,modeled UT1; not exact UTC,MID,2058-06-06T19:13:57.824,0.26334,24.54185126854791,True,0
lunar-09781,lunar,2058-06-06,jerusalem_nasa_city_point,modeled UT1; not exact UTC,U3,2058-06-06T20:02:37.856,1.07446,29.689721694989352,True,0
lunar-09781,lunar,2058-06-06,jerusalem_nasa_city_point,modeled UT1; not exact UTC,U4,2058-06-06T21:00:39.848,2.04168,33.45497036113509,True,0
lunar-09781,lunar,2058-06-06,jerusalem_nasa_city_point,modeled UT1; not exact UTC,P4,2058-06-06T21:55:44.504,2.95964,34.185302919800286,True,0
lunar-09782,lunar,2058-11-30,jerusalem_nasa_city_point,modeled UT1; not exact UTC,P1,2058-11-30T00:18:00.480,-2.66895,48.84370638392464,True,0
lunar-09782,lunar,2058-11-30,jerusalem_nasa_city_point,modeled UT1; not exact UTC,U1,2058-11-30T01:24:05.268,-1.56762,35.21257619695258,True,0
lunar-09782,lunar,2058-11-30,jerusalem_nasa_city_point,modeled UT1; not exact UTC,U2,2058-11-30T02:29:35.316,-0.47594,21.89395783708285,True,0
lunar-09782,lunar,2058-11-30,jerusalem_nasa_city_point,modeled UT1; not exact UTC,MID,2058-11-30T03:14:26.568,0.27163,13.001588037485911,True,0
lunar-09782,lunar,2058-11-30,jerusalem_nasa_city_point,modeled UT1; not exact UTC,U3,2058-11-30T03:59:16.128,1.01873,4.386536940376321,True,0
lunar-09782,lunar,2058-11-30,jerusalem_nasa_city_point,modeled UT1; not exact UTC,U4,2058-11-30T05:04:45.456,2.11021,-7.5138918216239645,False,2
lunar-09782,lunar,2058-11-30,jerusalem_nasa_city_point,modeled UT1; not exact UTC,P4,2058-11-30T06:10:59.568,3.21413,-18.343824867461823,False,2
lunar-09783,lunar,2059-05-27,jerusalem_nasa_city_point,modeled UT1; not exact UTC,P1,2059-05-27T05:32:52.712,-2.42083,-37.49702984891153,False,2
lunar-09783,lunar,2059-05-27,jerusalem_nasa_city_point,modeled UT1; not exact UTC,U1,2059-05-27T07:05:12.824,-0.88191,-56.252914570444055,False,2
lunar-09783,lunar,2059-05-27,jerusalem_nasa_city_point,modeled UT1; not exact UTC,MID,2059-05-27T07:53:42.344,-0.07371,-65.88633322716407,False,2
lunar-09783,lunar,2059-05-27,jerusalem_nasa_city_point,modeled UT1; not exact UTC,U4,2059-05-27T08:42:23.636,0.73776,-74.84531030510423,False,2
lunar-09783,lunar,2059-05-27,jerusalem_nasa_city_point,modeled UT1; not exact UTC,P4,2059-05-27T10:14:36.152,2.27457,-78.20165553551212,False,2
solar-09641,solar,2059-11-05,jerusalem_nasa_city_point,modeled UT1; not exact UTC,C1,2059-11-05T06:40:00.092,-2.301863227384551,28.591345740840122,True,0
solar-09641,solar,2059-11-05,jerusalem_nasa_city_point,modeled UT1; not exact UTC,MID,2059-11-05T08:10:44.888,-0.7894201366117795,39.49086097575967,True,0
solar-09641,solar,2059-11-05,jerusalem_nasa_city_point,modeled UT1; not exact UTC,C4,2059-11-05T09:51:46.934,0.8944817590052914,41.988039134104305,True,0
lunar-09784,lunar,2059-11-19,jerusalem_nasa_city_point,modeled UT1; not exact UTC,P1,2059-11-19T10:44:27.700,-2.2275,-35.1246933526096,False,2
lunar-09784,lunar,2059-11-19,jerusalem_nasa_city_point,modeled UT1; not exact UTC,U1,2059-11-19T12:10:00.976,-0.80159,-25.064851503847265,False,2
lunar-09784,lunar,2059-11-19,jerusalem_nasa_city_point,modeled UT1; not exact UTC,MID,2059-11-19T12:59:42.712,0.02667,-17.428680943709143,False,2
lunar-09784,lunar,2059-11-19,jerusalem_nasa_city_point,modeled UT1; not exact UTC,U4,2059-11-19T13:49:15.520,0.85245,-8.943506092533413,False,2
lunar-09784,lunar,2059-11-19,jerusalem_nasa_city_point,modeled UT1; not exact UTC,P4,2059-11-19T15:14:57.256,2.28071,7.108178578649778,True,0
lunar-09785,lunar,2060-04-15,jerusalem_nasa_city_point,modeled UT1; not exact UTC,P1,2060-04-15T19:27:40.520,-2.50705,38.20003847647936,True,0
lunar-09785,lunar,2060-04-15,jerusalem_nasa_city_point,modeled UT1; not exact UTC,MID,2060-04-15T21:35:09.692,-0.38228,48.27035874803112,True,0
lunar-09785,lunar,2060-04-15,jerusalem_nasa_city_point,modeled UT1; not exact UTC,P4,2060-04-15T23:42:38.360,1.74235,38.996913733028315,True,0
solar-09642,solar,2060-04-30,jerusalem_nasa_city_point,modeled UT1; not exact UTC,C1,2060-04-30T09:19:43.334,-0.639574003489228,72.8750933147762,True,0
solar-09642,solar,2060-04-30,jerusalem_nasa_city_point,modeled UT1; not exact UTC,MID,2060-04-30T10:41:32.521,0.7240891209255932,67.63140984189785,True,0
solar-09642,solar,2060-04-30,jerusalem_nasa_city_point,modeled UT1; not exact UTC,C4,2060-04-30T12:02:09.087,2.0675797775704234,52.85047912794096,True,0
lunar-09786,lunar,2060-10-09,jerusalem_nasa_city_point,modeled UT1; not exact UTC,P1,2060-10-09T16:55:56.172,-2.03573,21.29533294353097,True,0
lunar-09786,lunar,2060-10-09,jerusalem_nasa_city_point,modeled UT1; not exact UTC,MID,2060-10-09T18:51:36.468,-0.10787,44.474974851406294,True,0
lunar-09786,lunar,2060-10-09,jerusalem_nasa_city_point,modeled UT1; not exact UTC,P4,2060-10-09T20:47:16.692,1.81997,62.0606483443596,True,0
lunar-09787,lunar,2060-11-08,jerusalem_nasa_city_point,modeled UT1; not exact UTC,P1,2060-11-08T03:40:30.332,-0.29288,4.135139335303559,True,0
lunar-09787,lunar,2060-11-08,jerusalem_nasa_city_point,modeled UT1; not exact UTC,MID,2060-11-08T04:02:19.976,0.07091,0,True,0
lunar-09787,lunar,2060-11-08,jerusalem_nasa_city_point,modeled UT1; not exact UTC,P4,2060-11-08T04:24:07.460,0.4341,-4.092543773417059,False,2
lunar-09788,lunar,2061-04-04,jerusalem_nasa_city_point,modeled UT1; not exact UTC,P1,2061-04-04T18:54:38.060,-3.05715,35.75690605656516,True,0
lunar-09788,lunar,2061-04-04,jerusalem_nasa_city_point,modeled UT1; not exact UTC,U1,2061-04-04T20:07:17.984,-1.84606,46.19370608022807,True,0
lunar-09788,lunar,2061-04-04,jerusalem_nasa_city_point,modeled UT1; not exact UTC,U2,2061-04-04T21:37:10.676,-0.34809,51.906998437548935,True,0
lunar-09788,lunar,2061-04-04,jerusalem_nasa_city_point,modeled UT1; not exact UTC,MID,2061-04-04T21:52:08.516,-0.09869,51.79406067447134,True,0
lunar-09788,lunar,2061-04-04,jerusalem_nasa_city_point,modeled UT1; not exact UTC,U3,2061-04-04T22:07:04.124,0.15009,51.36125839339241,True,0
lunar-09788,lunar,2061-04-04,jerusalem_nasa_city_point,modeled UT1; not exact UTC,U4,2061-04-04T23:36:55.700,1.64775,42.96230003572406,True,0
lunar-09788,lunar,2061-04-04,jerusalem_nasa_city_point,modeled UT1; not exact UTC,P4,2061-04-05T00:49:40.736,2.86026,31.334335555733773,True,0
solar-09644,solar,2061-04-20,jerusalem_nasa_city_point,modeled UT1; not exact UTC,C1,2061-04-20T01:22:11.447,-1.597848183634386,-21.021326914355285,False,1
solar-09644,solar,2061-04-20,jerusalem_nasa_city_point,modeled UT1; not exact UTC,MID,2061-04-20T02:07:56.749,-0.8352641564672607,-12.259526416950713,False,1
solar-09644,solar,2061-04-20,jerusalem_nasa_city_point,modeled UT1; not exact UTC,C4,2061-04-20T02:56:04.432,-0.03312995435744126,-2.5696578523639286,False,1
lunar-09789,lunar,2061-09-29,jerusalem_nasa_city_point,modeled UT1; not exact UTC,P1,2061-09-29T06:53:49.396,-3.07039,-41.83249065720161,False,2
lunar-09789,lunar,2061-09-29,jerusalem_nasa_city_point,modeled UT1; not exact UTC,U1,2061-09-29T07:55:04.492,-2.04953,-50.56515255705828,False,2
lunar-09789,lunar,2061-09-29,jerusalem_nasa_city_point,modeled UT1; not exact UTC,U2,2061-09-29T09:06:46.600,-0.8545,-56.15519646510492,False,2
lunar-09789,lunar,2061-09-29,jerusalem_nasa_city_point,modeled UT1; not exact UTC,MID,2061-09-29T09:36:15.892,-0.36303,-56.38893499045008,False,2
lunar-09789,lunar,2061-09-29,jerusalem_nasa_city_point,modeled UT1; not exact UTC,U3,2061-09-29T10:05:47.596,0.12911,-55.311629819636636,False,2
lunar-09789,lunar,2061-09-29,jerusalem_nasa_city_point,modeled UT1; not exact UTC,U4,2061-09-29T11:17:29.992,1.32422,-48.11053157682949,False,2
lunar-09789,lunar,2061-09-29,jerusalem_nasa_city_point,modeled UT1; not exact UTC,P4,2061-09-29T12:18:36.844,2.34279,-38.601928890720394,False,2
lunar-09790,lunar,2062-03-25,jerusalem_nasa_city_point,modeled UT1; not exact UTC,P1,2062-03-25T00:42:45.312,-3.25458,34.60126826694307,True,0
lunar-09790,lunar,2062-03-25,jerusalem_nasa_city_point,modeled UT1; not exact UTC,U1,2062-03-25T01:46:11.088,-2.19742,22.28542652539217,True,0
lunar-09790,lunar,2062-03-25,jerusalem_nasa_city_point,modeled UT1; not exact UTC,U2,2062-03-25T02:54:31.524,-1.05841,8.326254531300574,True,0
lunar-09790,lunar,2062-03-25,jerusalem_nasa_city_point,modeled UT1; not exact UTC,MID,2062-03-25T03:31:52.164,-0.43601,0.5689493116015478,True,0
lunar-09790,lunar,2062-03-25,jerusalem_nasa_city_point,modeled UT1; not exact UTC,U3,2062-03-25T04:09:10.608,0.18578,-7.200224451386533,False,2
lunar-09790,lunar,2062-03-25,jerusalem_nasa_city_point,modeled UT1; not exact UTC,U4,2062-03-25T05:17:30.576,1.32466,-21.31646737030501,False,2
lunar-09790,lunar,2062-03-25,jerusalem_nasa_city_point,modeled UT1; not exact UTC,P4,2062-03-25T06:21:05.532,2.38437,-34.0514309567631,False,2
lunar-09791,lunar,2062-09-18,jerusalem_nasa_city_point,modeled UT1; not exact UTC,P1,2062-09-18T15:37:23.516,-3.34369,0.14766345095847055,True,0
lunar-09791,lunar,2062-09-18,jerusalem_nasa_city_point,modeled UT1; not exact UTC,U1,2062-09-18T16:45:51.512,-2.20258,14.349459314042862,True,0
lunar-09791,lunar,2062-09-18,jerusalem_nasa_city_point,modeled UT1; not exact UTC,U2,2062-09-18T18:02:18.668,-0.92837,29.682061969534317,True,0
lunar-09791,lunar,2062-09-18,jerusalem_nasa_city_point,modeled UT1; not exact UTC,MID,2062-09-18T18:32:02.972,-0.43273,35.32958535210519,True,0
lunar-09791,lunar,2062-09-18,jerusalem_nasa_city_point,modeled UT1; not exact UTC,U3,2062-09-18T19:01:49.796,0.06361,40.68899420581718,True,0
lunar-09791,lunar,2062-09-18,jerusalem_nasa_city_point,modeled UT1; not exact UTC,U4,2062-09-18T20:18:18.212,1.33817,52.12494835015669,True,0
lunar-09791,lunar,2062-09-18,jerusalem_nasa_city_point,modeled UT1; not exact UTC,P4,2062-09-18T21:26:39.116,2.47731,57.14578125621078,True,0
lunar-09792,lunar,2063-03-14,jerusalem_nasa_city_point,modeled UT1; not exact UTC,P1,2063-03-14T13:59:54.000,-1.96825,-21.266162154733827,False,2
lunar-09792,lunar,2063-03-14,jerusalem_nasa_city_point,modeled UT1; not exact UTC,U1,2063-03-14T15:43:26.412,-0.24258,-0.6325820113158566,False,2
lunar-09792,lunar,2063-03-14,jerusalem_nasa_city_point,modeled UT1; not exact UTC,MID,2063-03-14T16:03:49.152,0.09707,3.5030997412606815,True,0
lunar-09792,lunar,2063-03-14,jerusalem_nasa_city_point,modeled UT1; not exact UTC,U4,2063-03-14T16:24:04.188,0.43458,7.61413915471984,True,0
lunar-09792,lunar,2063-03-14,jerusalem_nasa_city_point,modeled UT1; not exact UTC,P4,2063-03-14T18:07:43.512,2.16217,28.281081850063007,True,0
solar-09649,solar,2063-08-24,jerusalem_nasa_city_point,modeled UT1; not exact UTC,C1,2063-08-23T23:23:37.314,-1.5726350904241235,-40.62200118438545,False,1
solar-09649,solar,2063-08-24,jerusalem_nasa_city_point,modeled UT1; not exact UTC,MID,2063-08-24T00:05:43.213,-0.8709964445651562,-34.95209159946884,False,1
solar-09649,solar,2063-08-24,jerusalem_nasa_city_point,modeled UT1; not exact UTC,C4,2063-08-24T00:49:12.104,-0.14630455344692628,-27.926356659574854,False,1
lunar-09793,lunar,2063-09-07,jerusalem_nasa_city_point,modeled UT1; not exact UTC,P1,2063-09-07T18:28:59.972,-2.48298,32.078986399821645,True,0
lunar-09793,lunar,2063-09-07,jerusalem_nasa_city_point,modeled UT1; not exact UTC,MID,2063-09-07T20:39:10.676,-0.31334,50.43242296373206,True,0
lunar-09793,lunar,2063-09-07,jerusalem_nasa_city_point,modeled UT1; not exact UTC,P4,2063-09-07T22:49:25.088,1.85733,49.51630649597455,True,0
lunar-09794,lunar,2064-02-02,jerusalem_nasa_city_point,modeled UT1; not exact UTC,P1,2064-02-02T19:42:23.600,-2.2595,57.706435522364515,True,0
lunar-09794,lunar,2064-02-02,jerusalem_nasa_city_point,modeled UT1; not exact UTC,U1,2064-02-02T21:25:41.828,-0.53777,74.30761771586766,True,0
lunar-09794,lunar,2064-02-02,jerusalem_nasa_city_point,modeled UT1; not exact UTC,MID,2064-02-02T21:46:54.428,-0.18427,75.48673858221477,True,0
lunar-09794,lunar,2064-02-02,jerusalem_nasa_city_point,modeled UT1; not exact UTC,U4,2064-02-02T22:08:14.588,0.17133,75.1904748319816,True,0
lunar-09794,lunar,2064-02-02,jerusalem_nasa_city_point,modeled UT1; not exact UTC,P4,2064-02-02T23:51:26.048,1.89118,60.14864092508306,True,0
solar-09650,solar,2064-02-17,jerusalem_nasa_city_point,modeled UT1; not exact UTC,C1,2064-02-17T05:36:05.777,-1.3644508891688845,14.574625660122095,True,0
solar-09650,solar,2064-02-17,jerusalem_nasa_city_point,modeled UT1; not exact UTC,MID,2064-02-17T06:22:54.423,-0.5842713711475416,23.336867385352345,True,0
solar-09650,solar,2064-02-17,jerusalem_nasa_city_point,modeled UT1; not exact UTC,C4,2064-02-17T07:13:27.180,0.25816121766863975,31.89679705863137,True,0
lunar-09795,lunar,2064-07-28,jerusalem_nasa_city_point,modeled UT1; not exact UTC,P1,2064-07-28T05:28:34.060,-2.48965,-33.29840332834177,False,2
lunar-09795,lunar,2064-07-28,jerusalem_nasa_city_point,modeled UT1; not exact UTC,U1,2064-07-28T07:12:47.764,-0.75251,-54.28467167894694,False,2
lunar-09795,lunar,2064-07-28,jerusalem_nasa_city_point,modeled UT1; not exact UTC,MID,2064-07-28T07:50:44.476,-0.12009,-61.697824526212415,False,2
lunar-09795,lunar,2064-07-28,jerusalem_nasa_city_point,modeled UT1; not exact UTC,U4,2064-07-28T08:28:29.452,0.50907,-68.64146183137531,False,2
lunar-09795,lunar,2064-07-28,jerusalem_nasa_city_point,modeled UT1; not exact UTC,P4,2064-07-28T10:12:49.996,2.24811,-76.73162298056687,False,2
lunar-09796,lunar,2065-01-22,jerusalem_nasa_city_point,modeled UT1; not exact UTC,P1,2065-01-22T07:07:45.912,-2.83608,-26.583403660272612,False,2
lunar-09796,lunar,2065-01-22,jerusalem_nasa_city_point,modeled UT1; not exact UTC,U1,2065-01-22T08:12:26.388,-1.75817,-34.14818825710402,False,2
lunar-09796,lunar,2065-01-22,jerusalem_nasa_city_point,modeled UT1; not exact UTC,U2,2065-01-22T09:22:32.520,-0.5898,-38.670388138325,False,2
lunar-09796,lunar,2065-01-22,jerusalem_nasa_city_point,modeled UT1; not exact UTC,MID,2065-01-22T09:56:54.312,-0.01708,-39.16414165675151,False,2
lunar-09796,lunar,2065-01-22,jerusalem_nasa_city_point,modeled UT1; not exact UTC,U3,2065-01-22T10:31:18.480,0.5563,-38.452937997684586,False,2
lunar-09796,lunar,2065-01-22,jerusalem_nasa_city_point,modeled UT1; not exact UTC,U4,2065-01-22T11:41:25.224,1.72484,-33.53896473997786,False,2
lunar-09796,lunar,2065-01-22,jerusalem_nasa_city_point,modeled UT1; not exact UTC,P4,2065-01-22T12:45:56.232,2.80012,-25.731228715994092,False,2
solar-09652,solar,2065-02-05,jerusalem_nasa_city_point,modeled UT1; not exact UTC,C1,2065-02-05T09:16:49.889,-0.6849475957751463,41.74651886607581,True,0
solar-09652,solar,2065-02-05,jerusalem_nasa_city_point,modeled UT1; not exact UTC,MID,2065-02-05T10:20:48.210,0.38125272051358444,42.079086368131605,True,0
solar-09652,solar,2065-02-05,jerusalem_nasa_city_point,modeled UT1; not exact UTC,C4,2065-02-05T11:22:50.291,1.4151642063153926,37.896543240745146,True,0
lunar-09797,lunar,2065-07-17,jerusalem_nasa_city_point,modeled UT1; not exact UTC,P1,2065-07-17T15:01:06.320,-2.9468,-19.877207858431227,False,2
lunar-09797,lunar,2065-07-17,jerusalem_nasa_city_point,modeled UT1; not exact UTC,U1,2065-07-17T15:58:26.084,-1.99131,-8.662280968719731,False,2
lunar-09797,lunar,2065-07-17,jerusalem_nasa_city_point,modeled UT1; not exact UTC,U2,2065-07-17T16:58:04.448,-0.99732,2.5483136083051856,True,0
lunar-09797,lunar,2065-07-17,jerusalem_nasa_city_point,modeled UT1; not exact UTC,MID,2065-07-17T17:46:35.264,-0.18876,11.14460038603373,True,0
lunar-09797,lunar,2065-07-17,jerusalem_nasa_city_point,modeled UT1; not exact UTC,U3,2065-07-17T18:35:04.820,0.61945,19.049314315531756,True,0
lunar-09797,lunar,2065-07-17,jerusalem_nasa_city_point,modeled UT1; not exact UTC,U4,2065-07-17T19:34:42.248,1.61318,27.39734247607569,True,0
lunar-09797,lunar,2065-07-17,jerusalem_nasa_city_point,modeled UT1; not exact UTC,P4,2065-07-17T20:32:09.176,2.57066,33.38192607235763,True,0
lunar-09798,lunar,2066-01-11,jerusalem_nasa_city_point,modeled UT1; not exact UTC,P1,2066-01-11T12:02:17.796,-2.92664,-27.50236538616838,False,2
lunar-09798,lunar,2066-01-11,jerusalem_nasa_city_point,modeled UT1; not exact UTC,U1,2066-01-11T13:15:07.224,-1.71291,-17.277622900373373,False,2
lunar-09798,lunar,2066-01-11,jerusalem_nasa_city_point,modeled UT1; not exact UTC,U2,2066-01-11T14:33:44.124,-0.40266,-3.9177579293785745,False,2
lunar-09798,lunar,2066-01-11,jerusalem_nasa_city_point,modeled UT1; not exact UTC,MID,2066-01-11T15:02:41.016,0.07981,1.4114579310476443,True,0
lunar-09798,lunar,2066-01-11,jerusalem_nasa_city_point,modeled UT1; not exact UTC,U3,2066-01-11T15:31:39.852,0.56282,6.9101957672449945,True,0
lunar-09798,lunar,2066-01-11,jerusalem_nasa_city_point,modeled UT1; not exact UTC,U4,2066-01-11T16:50:17.688,1.87333,22.444424877696378,True,0
lunar-09798,lunar,2066-01-11,jerusalem_nasa_city_point,modeled UT1; not exact UTC,P4,2066-01-11T18:03:00.888,3.08533,37.32190896233341,True,0
solar-09656,solar,2066-06-22,jerusalem_nasa_city_point,modeled UT1; not exact UTC,C1,2066-06-22T19:08:49.220,0.18233889540145254,-23.857106289704415,False,1
solar-09656,solar,2066-06-22,jerusalem_nasa_city_point,modeled UT1; not exact UTC,MID,2066-06-22T19:57:03.645,0.9863458017577166,-29.443080809028697,False,1
solar-09656,solar,2066-06-22,jerusalem_nasa_city_point,modeled UT1; not exact UTC,C4,2066-06-22T20:44:08.638,1.7710661282450981,-33.14548960457648,False,1
lunar-09799,lunar,2066-07-07,jerusalem_nasa_city_point,modeled UT1; not exact UTC,P1,2066-07-07T07:02:12.692,-2.92778,-54.917800138030024,False,2
lunar-09799,lunar,2066-07-07,jerusalem_nasa_city_point,modeled UT1; not exact UTC,U1,2066-07-07T08:02:41.996,-1.91964,-66.7309195441998,False,2
lunar-09799,lunar,2066-07-07,jerusalem_nasa_city_point,modeled UT1; not exact UTC,MID,2066-07-07T09:28:22.112,-0.49183,-79.76193096285515,False,2
lunar-09799,lunar,2066-07-07,jerusalem_nasa_city_point,modeled UT1; not exact UTC,U4,2066-07-07T10:54:01.004,0.93564,-72.3675388660238,False,2
lunar-09799,lunar,2066-07-07,jerusalem_nasa_city_point,modeled UT1; not exact UTC,P4,2066-07-07T11:54:32.972,1.94452,-60.944984127446645,False,2
lunar-09800,lunar,2066-12-31,jerusalem_nasa_city_point,modeled UT1; not exact UTC,P1,2066-12-31T12:06:22.188,-2.85817,-25.992169602505758,False,2
lunar-09800,lunar,2066-12-31,jerusalem_nasa_city_point,modeled UT1; not exact UTC,MID,2066-12-31T14:28:01.392,-0.49728,-3.7638320728346204,False,2
lunar-09800,lunar,2066-12-31,jerusalem_nasa_city_point,modeled UT1; not exact UTC,P4,2066-12-31T16:49:40.632,1.86362,23.55426415292916,True,0
lunar-09801,lunar,2067-05-28,jerusalem_nasa_city_point,modeled UT1; not exact UTC,P1,2067-05-28T17:09:46.984,-1.80106,6.014666707379783,True,0
lunar-09801,lunar,2067-05-28,jerusalem_nasa_city_point,modeled UT1; not exact UTC,MID,2067-05-28T18:53:58.384,-0.06456,22.175722998697694,True,0
lunar-09801,lunar,2067-05-28,jerusalem_nasa_city_point,modeled UT1; not exact UTC,P4,2067-05-28T20:38:18.316,1.67431,32.594869086415905,True,0
lunar-09802,lunar,2067-06-27,jerusalem_nasa_city_point,modeled UT1; not exact UTC,P1,2067-06-27T01:19:05.792,-1.64578,13.57347473035853,True,0
lunar-09802,lunar,2067-06-27,jerusalem_nasa_city_point,modeled UT1; not exact UTC,MID,2067-06-27T02:38:56.744,-0.31496,0,True,0
lunar-09802,lunar,2067-06-27,jerusalem_nasa_city_point,modeled UT1; not exact UTC,P4,2067-06-27T03:58:55.580,1.01805,-15.146690909402725,False,2
lunar-09803,lunar,2067-11-21,jerusalem_nasa_city_point,modeled UT1; not exact UTC,P1,2067-11-20T22:11:41.804,-1.76886,73.8778062691696,True,0
lunar-09803,lunar,2067-11-21,jerusalem_nasa_city_point,modeled UT1; not exact UTC,MID,2067-11-21T00:02:31.724,0.07834,52.59053375591247,True,0
lunar-09803,lunar,2067-11-21,jerusalem_nasa_city_point,modeled UT1; not exact UTC,P4,2067-11-21T01:53:12.356,1.92296,29.794402445656434,True,0
solar-09659,solar,2067-12-06,jerusalem_nasa_city_point,modeled UT1; not exact UTC,C1,2067-12-06T14:39:23.693,0.6927757369624243,-1.6946292367126095,False,1
solar-09659,solar,2067-12-06,jerusalem_nasa_city_point,modeled UT1; not exact UTC,MID,2067-12-06T15:36:10.146,1.6390127442880646,-12.867343155650389,False,1
solar-09659,solar,2067-12-06,jerusalem_nasa_city_point,modeled UT1; not exact UTC,C4,2067-12-06T16:28:04.060,2.5039887978577795,-23.47825564612607,False,1
lunar-09804,lunar,2068-05-17,jerusalem_nasa_city_point,modeled UT1; not exact UTC,P1,2068-05-17T02:51:44.524,-3.10116,-3.6271942562520763,False,2
lunar-09804,lunar,2068-05-17,jerusalem_nasa_city_point,modeled UT1; not exact UTC,U1,2068-05-17T04:00:38.692,-1.95278,-17.098968883602943,False,2
lunar-09804,lunar,2068-05-17,jerusalem_nasa_city_point,modeled UT1; not exact UTC,MID,2068-05-17T05:40:05.728,-0.29527,-37.17176994866754,False,2
lunar-09804,lunar,2068-05-17,jerusalem_nasa_city_point,modeled UT1; not exact UTC,U4,2068-05-17T07:19:37.660,1.3636,-57.287492024407186,False,2
lunar-09804,lunar,2068-05-17,jerusalem_nasa_city_point,modeled UT1; not exact UTC,P4,2068-05-17T08:28:23.332,2.50962,-70.30680201877651,False,2
lunar-09805,lunar,2068-11-09,jerusalem_nasa_city_point,modeled UT1; not exact UTC,P1,2068-11-09T09:09:14.544,-2.80921,-41.65483271698413,False,2
lunar-09805,lunar,2068-11-09,jerusalem_nasa_city_point,modeled UT1; not exact UTC,U1,2068-11-09T10:09:39.528,-1.80227,-40.09161559700005,False,2
lunar-09805,lunar,2068-11-09,jerusalem_nasa_city_point,modeled UT1; not exact UTC,U2,2068-11-09T11:35:35.592,-0.37003,-32.04329080960222,False,2
lunar-09805,lunar,2068-11-09,jerusalem_nasa_city_point,modeled UT1; not exact UTC,MID,2068-11-09T11:44:47.472,-0.21673,-30.863038368218607,False,2
lunar-09805,lunar,2068-11-09,jerusalem_nasa_city_point,modeled UT1; not exact UTC,U3,2068-11-09T11:53:56.976,-0.06409,-29.63860650367092,False,2
lunar-09805,lunar,2068-11-09,jerusalem_nasa_city_point,modeled UT1; not exact UTC,U4,2068-11-09T13:19:52.716,1.36806,-16.24101230068275,False,2
lunar-09805,lunar,2068-11-09,jerusalem_nasa_city_point,modeled UT1; not exact UTC,P4,2068-11-09T14:20:23.676,2.37666,-5.345862450956757,False,2
lunar-09806,lunar,2069-05-06,jerusalem_nasa_city_point,modeled UT1; not exact UTC,P1,2069-05-06T06:03:37.816,-2.90244,-41.49558487316147,False,2
lunar-09806,lunar,2069-05-06,jerusalem_nasa_city_point,modeled UT1; not exact UTC,U1,2069-05-06T07:14:38.380,-1.71895,-55.688032275104,False,2
lunar-09806,lunar,2069-05-06,jerusalem_nasa_city_point,modeled UT1; not exact UTC,U2,2069-05-06T08:25:34.624,-0.53666,-68.41898186941745,False,2
lunar-09806,lunar,2069-05-06,jerusalem_nasa_city_point,modeled UT1; not exact UTC,MID,2069-05-06T09:07:43.120,0.1657,-73.70899675582005,False,2
lunar-09806,lunar,2069-05-06,jerusalem_nasa_city_point,modeled UT1; not exact UTC,U3,2069-05-06T09:49:52.444,0.86829,-74.78099184617325,False,2
lunar-09806,lunar,2069-05-06,jerusalem_nasa_city_point,modeled UT1; not exact UTC,U4,2069-05-06T11:00:48.940,2.05065,-66.54089448535517,False,2
lunar-09806,lunar,2069-05-06,jerusalem_nasa_city_point,modeled UT1; not exact UTC,P4,2069-05-06T12:11:45.328,3.23298,-53.45695783799479,False,2
lunar-09807,lunar,2069-10-30,jerusalem_nasa_city_point,modeled UT1; not exact UTC,P1,2069-10-30T00:55:07.956,-3.04379,36.071400022768515,True,0
lunar-09807,lunar,2069-10-30,jerusalem_nasa_city_point,modeled UT1; not exact UTC,U1,2069-10-30T01:50:02.856,-2.12854,24.85559951744321,True,0
lunar-09807,lunar,2069-10-30,jerusalem_nasa_city_point,modeled UT1; not exact UTC,U2,2069-10-30T02:49:28.440,-1.1381,12.765463005320466,True,0
lunar-09807,lunar,2069-10-30,jerusalem_nasa_city_point,modeled UT1; not exact UTC,MID,2069-10-30T03:32:51.276,-0.41509,4.088014873152288,True,0
lunar-09807,lunar,2069-10-30,jerusalem_nasa_city_point,modeled UT1; not exact UTC,U3,2069-10-30T04:16:14.256,0.30796,-4.37496583783073,False,2
lunar-09807,lunar,2069-10-30,jerusalem_nasa_city_point,modeled UT1; not exact UTC,U4,2069-10-30T05:15:39.768,1.29838,-15.441195935250159,False,2
lunar-09807,lunar,2069-10-30,jerusalem_nasa_city_point,modeled UT1; not exact UTC,P4,2069-10-30T06:10:33.660,2.21335,-24.85387941050113,False,2
solar-09665,solar,2070-04-11,jerusalem_nasa_city_point,modeled UT1; not exact UTC,C1,2070-04-11T01:05:44.326,-1.8667429056422524,-26.61895622546727,False,1
solar-09665,solar,2070-04-11,jerusalem_nasa_city_point,modeled UT1; not exact UTC,MID,2070-04-11T01:37:10.683,-1.342754663350695,-20.67892490033973,False,1
solar-09665,solar,2070-04-11,jerusalem_nasa_city_point,modeled UT1; not exact UTC,C4,2070-04-11T02:09:39.839,-0.8013225424166673,-14.275356775553487,False,1
lunar-09808,lunar,2070-04-25,jerusalem_nasa_city_point,modeled UT1; not exact UTC,P1,2070-04-25T06:55:39.076,-2.03484,-49.40920261250625,False,2
lunar-09808,lunar,2070-04-25,jerusalem_nasa_city_point,modeled UT1; not exact UTC,MID,2070-04-25T09:19:08.584,0.35669,-70.53885504882874,False,2
lunar-09808,lunar,2070-04-25,jerusalem_nasa_city_point,modeled UT1; not exact UTC,P4,2070-04-25T11:42:34.456,2.74721,-57.00691596126826,False,2
lunar-09809,lunar,2070-10-19,jerusalem_nasa_city_point,modeled UT1; not exact UTC,P1,2070-10-19T16:37:21.120,-2.33955,20.186084124718107,True,0
lunar-09809,lunar,2070-10-19,jerusalem_nasa_city_point,modeled UT1; not exact UTC,U1,2070-10-19T18:08:09.180,-0.8262,38.8320792929863,True,0
lunar-09809,lunar,2070-10-19,jerusalem_nasa_city_point,modeled UT1; not exact UTC,MID,2070-10-19T18:48:55.020,-0.1468,46.875747880790485,True,0
lunar-09809,lunar,2070-10-19,jerusalem_nasa_city_point,modeled UT1; not exact UTC,U4,2070-10-19T19:29:50.328,0.53523,54.451250508082396,True,0
lunar-09809,lunar,2070-10-19,jerusalem_nasa_city_point,modeled UT1; not exact UTC,P4,2070-10-19T21:00:30.576,2.04641,66.58976613941722,True,0
lunar-09810,lunar,2071-03-16,jerusalem_nasa_city_point,modeled UT1; not exact UTC,P1,2071-03-15T23:26:15.912,-2.52408,50.13438633835875,True,0
lunar-09810,lunar,2071-03-16,jerusalem_nasa_city_point,modeled UT1; not exact UTC,MID,2071-03-16T01:28:52.008,-0.48072,28.30577985828774,True,0
lunar-09810,lunar,2071-03-16,jerusalem_nasa_city_point,modeled UT1; not exact UTC,P4,2071-03-16T03:31:23.244,1.56129,3.318446804683452,True,0
lunar-09811,lunar,2071-09-09,jerusalem_nasa_city_point,modeled UT1; not exact UTC,P1,2071-09-09T12:50:50.704,-2.11411,-36.69608377079599,False,2
lunar-09811,lunar,2071-09-09,jerusalem_nasa_city_point,modeled UT1; not exact UTC,MID,2071-09-09T15:03:22.312,0.09467,-9.849758375228967,False,2
lunar-09811,lunar,2071-09-09,jerusalem_nasa_city_point,modeled UT1; not exact UTC,P4,2071-09-09T17:16:00.436,2.30526,17.36416862575919,True,0
solar-09668,solar,2071-09-23,jerusalem_nasa_city_point,modeled UT1; not exact UTC,C1,2071-09-23T17:41:48.017,0.7351436622965803,-27.468774027594076,False,1
solar-09668,solar,2071-09-23,jerusalem_nasa_city_point,modeled UT1; not exact UTC,MID,2071-09-23T18:10:29.292,1.2132755952794727,-33.173727582586714,False,1
solar-09668,solar,2071-09-23,jerusalem_nasa_city_point,modeled UT1; not exact UTC,C4,2071-09-23T18:38:26.873,1.6792702087382978,-38.51536791535059,False,1
lunar-09812,lunar,2072-03-04,jerusalem_nasa_city_point,modeled UT1; not exact UTC,P1,2072-03-04T12:44:14.172,-2.22398,-33.65026042369789,False,2
lunar-09812,lunar,2072-03-04,jerusalem_nasa_city_point,modeled UT1; not exact UTC,U1,2072-03-04T13:41:04.668,-1.27662,-23.588490495589735,False,2
lunar-09812,lunar,2072-03-04,jerusalem_nasa_city_point,modeled UT1; not exact UTC,U2,2072-03-04T14:46:33.456,-0.18529,-11.04418866161719,False,2
lunar-09812,lunar,2072-03-04,jerusalem_nasa_city_point,modeled UT1; not exact UTC,MID,2072-03-04T15:20:47.580,0.3853,-4.241968947734113,False,2
lunar-09812,lunar,2072-03-04,jerusalem_nasa_city_point,modeled UT1; not exact UTC,U3,2072-03-04T15:55:00.840,0.95565,2.6563806540070263,True,0
lunar-09812,lunar,2072-03-04,jerusalem_nasa_city_point,modeled UT1; not exact UTC,U4,2072-03-04T17:00:29.592,2.04697,15.973509257250049,True,0
lunar-09812,lunar,2072-03-04,jerusalem_nasa_city_point,modeled UT1; not exact UTC,P4,2072-03-04T17:57:23.544,2.99529,27.46452668313579,True,0
lunar-09813,lunar,2072-08-28,jerusalem_nasa_city_point,modeled UT1; not exact UTC,P1,2072-08-28T13:00:22.408,-2.95472,-38.12819781476923,False,2
lunar-09813,lunar,2072-08-28,jerusalem_nasa_city_point,modeled UT1; not exact UTC,U1,2072-08-28T14:13:11.980,-1.74095,-23.301521613097357,False,2
lunar-09813,lunar,2072-08-28,jerusalem_nasa_city_point,modeled UT1; not exact UTC,U2,2072-08-28T15:31:15.580,-0.43995,-7.194249635052561,False,2
lunar-09813,lunar,2072-08-28,jerusalem_nasa_city_point,modeled UT1; not exact UTC,MID,2072-08-28T16:03:21.580,0.09505,-0.6145470562880085,False,2
lunar-09813,lunar,2072-08-28,jerusalem_nasa_city_point,modeled UT1; not exact UTC,U3,2072-08-28T16:35:27.364,0.62999,5.890534612775062,True,0
lunar-09813,lunar,2072-08-28,jerusalem_nasa_city_point,modeled UT1; not exact UTC,U4,2072-08-28T17:53:31.108,1.93103,21.140357032184525,True,0
lunar-09813,lunar,2072-08-28,jerusalem_nasa_city_point,modeled UT1; not exact UTC,P4,2072-08-28T19:06:22.048,3.14518,33.97875719593849,True,0
lunar-09814,lunar,2073-02-22,jerusalem_nasa_city_point,modeled UT1; not exact UTC,P1,2073-02-22T04:45:35.052,-2.20093,-7.571410547994842,False,2
lunar-09814,lunar,2073-02-22,jerusalem_nasa_city_point,modeled UT1; not exact UTC,U1,2073-02-22T05:42:39.732,-1.24963,-18.520426110930817,False,2
lunar-09814,lunar,2073-02-22,jerusalem_nasa_city_point,modeled UT1; not exact UTC,U2,2073-02-22T06:47:56.496,-0.16164,-30.069088403829806,False,2
lunar-09814,lunar,2073-02-22,jerusalem_nasa_city_point,modeled UT1; not exact UTC,MID,2073-02-22T07:22:31.212,0.41467,-35.54172440389909,False,2
lunar-09814,lunar,2073-02-22,jerusalem_nasa_city_point,modeled UT1; not exact UTC,U3,2073-02-22T07:57:06.900,0.99125,-40.373737421991656,False,2
lunar-09814,lunar,2073-02-22,jerusalem_nasa_city_point,modeled UT1; not exact UTC,U4,2073-02-22T09:02:23.772,2.07927,-46.992871930042185,False,2
lunar-09814,lunar,2073-02-22,jerusalem_nasa_city_point,modeled UT1; not exact UTC,P4,2073-02-22T09:59:24.492,3.02947,-49.098736969250815,False,2
lunar-09815,lunar,2073-08-17,jerusalem_nasa_city_point,modeled UT1; not exact UTC,P1,2073-08-17T14:45:06.520,-3.20855,-19.14733191664677,False,2
lunar-09815,lunar,2073-08-17,jerusalem_nasa_city_point,modeled UT1; not exact UTC,U1,2073-08-17T15:54:30.208,-2.05197,-5.038498552837089,False,2
lunar-09815,lunar,2073-08-17,jerusalem_nasa_city_point,modeled UT1; not exact UTC,U2,2073-08-17T17:15:13.144,-0.70671,10.793216287072667,True,0
lunar-09815,lunar,2073-08-17,jerusalem_nasa_city_point,modeled UT1; not exact UTC,MID,2073-08-17T17:40:18.520,-0.28855,15.489377359947923,True,0
lunar-09815,lunar,2073-08-17,jerusalem_nasa_city_point,modeled UT1; not exact UTC,U3,2073-08-17T18:05:21.304,0.12889,20.022272339693814,True,0
lunar-09815,lunar,2073-08-17,jerusalem_nasa_city_point,modeled UT1; not exact UTC,U4,2073-08-17T19:26:03.196,1.47386,33.06982920135357,True,0
lunar-09815,lunar,2073-08-17,jerusalem_nasa_city_point,modeled UT1; not exact UTC,P4,2073-08-17T20:35:34.192,2.63247,41.20831207625475,True,0
solar-09673,solar,2074-01-27,jerusalem_nasa_city_point,modeled UT1; not exact UTC,C1,2074-01-27T04:23:27.465,-2.569120959741877,-3.118479845053395,False,1
solar-09673,solar,2074-01-27,jerusalem_nasa_city_point,modeled UT1; not exact UTC,MID,2074-01-27T05:23:07.536,-1.5746567622778251,8.49139321772317,True,0
solar-09673,solar,2074-01-27,jerusalem_nasa_city_point,modeled UT1; not exact UTC,C4,2074-01-27T06:30:43.030,-0.44813052415717936,20.511176255228108,True,0
lunar-09816,lunar,2074-02-11,jerusalem_nasa_city_point,modeled UT1; not exact UTC,P1,2074-02-11T18:48:51.348,-2.14582,44.945211093683895,True,0
lunar-09816,lunar,2074-02-11,jerusalem_nasa_city_point,modeled UT1; not exact UTC,MID,2074-02-11T20:53:33.840,-0.06735,67.65919827803913,True,0
lunar-09816,lunar,2074-02-11,jerusalem_nasa_city_point,modeled UT1; not exact UTC,P4,2074-02-11T22:58:20.940,2.0124,67.53978979857413,True,0
lunar-09817,lunar,2074-07-08,jerusalem_nasa_city_point,modeled UT1; not exact UTC,P1,2074-07-08T16:20:47.808,-0.61322,-4.0719206973739865,False,2
lunar-09817,lunar,2074-07-08,jerusalem_nasa_city_point,modeled UT1; not exact UTC,MID,2074-07-08T17:19:13.020,0.36045,6.600029976069245,True,0
lunar-09817,lunar,2074-07-08,jerusalem_nasa_city_point,modeled UT1; not exact UTC,P4,2074-07-08T18:17:25.128,1.33048,16.400303272317164,True,0
lunar-09818,lunar,2074-08-07,jerusalem_nasa_city_point,modeled UT1; not exact UTC,P1,2074-08-06T23:57:29.152,-2.00168,29.98634168040417,True,0
lunar-09818,lunar,2074-08-07,jerusalem_nasa_city_point,modeled UT1; not exact UTC,MID,2074-08-07T01:53:38.680,-0.0657,11.996106058179176,True,0
lunar-09818,lunar,2074-08-07,jerusalem_nasa_city_point,modeled UT1; not exact UTC,P4,2074-08-07T03:49:39.604,1.86789,-9.812081896529248,False,2
lunar-09819,lunar,2075-01-02,jerusalem_nasa_city_point,modeled UT1; not exact UTC,P1,2075-01-02T07:45:11.008,-2.20647,-30.693925357597355,False,2
lunar-09819,lunar,2075-01-02,jerusalem_nasa_city_point,modeled UT1; not exact UTC,MID,2075-01-02T09:52:37.516,-0.08244,-37.090711348109245,False,2
lunar-09819,lunar,2075-01-02,jerusalem_nasa_city_point,modeled UT1; not exact UTC,P4,2075-01-02T12:00:07.948,2.04268,-28.488673508725896,False,2
solar-09675,solar,2075-01-16,jerusalem_nasa_city_point,modeled UT1; not exact UTC,C1,2075-01-16T19:07:32.127,0.1660907174910798,-52.45347114461489,False,1
solar-09675,solar,2075-01-16,jerusalem_nasa_city_point,modeled UT1; not exact UTC,MID,2075-01-16T19:28:44.240,0.519455674187691,-56.904763783616936,False,1
solar-09675,solar,2075-01-16,jerusalem_nasa_city_point,modeled UT1; not exact UTC,C4,2075-01-16T19:49:42.566,0.8689905979777683,-61.24807533739611,False,1
lunar-09820,lunar,2075-06-28,jerusalem_nasa_city_point,modeled UT1; not exact UTC,P1,2075-06-28T07:31:25.976,-2.43534,-61.28325337530359,False,2
lunar-09820,lunar,2075-06-28,jerusalem_nasa_city_point,modeled UT1; not exact UTC,U1,2075-06-28T08:34:39.548,-1.38157,-73.24252811990203,False,2
lunar-09820,lunar,2075-06-28,jerusalem_nasa_city_point,modeled UT1; not exact UTC,MID,2075-06-28T09:53:08.708,-0.07347,-80.65551534579846,False,2
lunar-09820,lunar,2075-06-28,jerusalem_nasa_city_point,modeled UT1; not exact UTC,U4,2075-06-28T11:11:37.544,1.23454,-69.27700697034119,False,2
lunar-09820,lunar,2075-06-28,jerusalem_nasa_city_point,modeled UT1; not exact UTC,P4,2075-06-28T12:14:51.188,2.28833,-56.97634894222192,False,2
solar-09676,solar,2075-07-13,jerusalem_nasa_city_point,modeled UT1; not exact UTC,C1,2075-07-13T03:16:41.755,-2.6809569244260745,5.647907488860997,True,0
solar-09676,solar,2075-07-13,jerusalem_nasa_city_point,modeled UT1; not exact UTC,MID,2075-07-13T04:15:27.635,-1.7015459508584656,17.471016130320248,True,0
solar-09676,solar,2075-07-13,jerusalem_nasa_city_point,modeled UT1; not exact UTC,C4,2075-07-13T05:21:54.082,-0.5941993187362242,31.29746281605559,True,0
lunar-09821,lunar,2075-12-22,jerusalem_nasa_city_point,modeled UT1; not exact UTC,P1,2075-12-22T05:54:38.896,-3.04814,-15.538424083154917,False,2
lunar-09821,lunar,2075-12-22,jerusalem_nasa_city_point,modeled UT1; not exact UTC,U1,2075-12-22T07:12:10.060,-1.75615,-26.43447385887868,False,2
lunar-09821,lunar,2075-12-22,jerusalem_nasa_city_point,modeled UT1; not exact UTC,MID,2075-12-22T08:53:27.292,-0.06803,-34.9857413080684,False,2
lunar-09821,lunar,2075-12-22,jerusalem_nasa_city_point,modeled UT1; not exact UTC,U4,2075-12-22T10:34:42.220,1.61945,-34.44986300822434,False,2
lunar-09821,lunar,2075-12-22,jerusalem_nasa_city_point,modeled UT1; not exact UTC,P4,2075-12-22T11:52:17.416,2.91256,-27.895899505443495,False,2
lunar-09822,lunar,2076-06-17,jerusalem_nasa_city_point,modeled UT1; not exact UTC,P1,2076-06-16T23:54:35.096,-3.04889,24.569343864367614,True,0
lunar-09822,lunar,2076-06-17,jerusalem_nasa_city_point,modeled UT1; not exact UTC,U1,2076-06-17T00:49:45.764,-2.12926,17.050287895383807,True,0
lunar-09822,lunar,2076-06-17,jerusalem_nasa_city_point,modeled UT1; not exact UTC,U2,2076-06-17T01:47:13.088,-1.17167,7.879038072285566,True,0
lunar-09822,lunar,2076-06-17,jerusalem_nasa_city_point,modeled UT1; not exact UTC,MID,2076-06-17T02:37:17.612,-0.33708,-0.8881355959090187,False,2
lunar-09822,lunar,2076-06-17,jerusalem_nasa_city_point,modeled UT1; not exact UTC,U3,2076-06-17T03:27:22.964,0.49774,-10.156525872333281,False,2
lunar-09822,lunar,2076-06-17,jerusalem_nasa_city_point,modeled UT1; not exact UTC,U4,2076-06-17T04:24:50.936,1.45551,-21.211182505255863,False,2
lunar-09822,lunar,2076-06-17,jerusalem_nasa_city_point,modeled UT1; not exact UTC,P4,2076-06-17T05:19:55.880,2.37355,-32.08499537250146,False,2
solar-09680,solar,2076-11-26,jerusalem_nasa_city_point,modeled UT1; not exact UTC,C1,2076-11-26T11:03:37.388,-0.8979755895359445,32.2121581991161,True,0
solar-09680,solar,2076-11-26,jerusalem_nasa_city_point,modeled UT1; not exact UTC,MID,2076-11-26T12:20:10.690,0.3779417516613184,22.715411863831406,True,0
solar-09680,solar,2076-11-26,jerusalem_nasa_city_point,modeled UT1; not exact UTC,C4,2076-11-26T13:29:23.290,1.5314416750122948,11.418332323653006,True,0
lunar-09823,lunar,2076-12-10,jerusalem_nasa_city_point,modeled UT1; not exact UTC,P1,2076-12-10T08:36:19.704,-3.35286,-34.84711798812261,False,2
lunar-09823,lunar,2076-12-10,jerusalem_nasa_city_point,modeled UT1; not exact UTC,U1,2076-12-10T09:42:01.740,-2.25785,-35.88457176742787,False,2
lunar-09823,lunar,2076-12-10,jerusalem_nasa_city_point,modeled UT1; not exact UTC,U2,2076-12-10T10:46:56.904,-1.17586,-32.93190453276154,False,2
lunar-09823,lunar,2076-12-10,jerusalem_nasa_city_point,modeled UT1; not exact UTC,MID,2076-12-10T11:32:21.456,-0.41904,-28.78929920400126,False,2
lunar-09823,lunar,2076-12-10,jerusalem_nasa_city_point,modeled UT1; not exact UTC,U3,2076-12-10T12:17:44.388,0.33733,-23.28422957648922,False,2
lunar-09823,lunar,2076-12-10,jerusalem_nasa_city_point,modeled UT1; not exact UTC,U4,2076-12-10T13:22:38.724,1.41909,-13.632693264739366,False,2
lunar-09823,lunar,2076-12-10,jerusalem_nasa_city_point,modeled UT1; not exact UTC,P4,2076-12-10T14:28:30.012,2.51667,-2.34126764771828,False,2
lunar-09824,lunar,2077-06-06,jerusalem_nasa_city_point,modeled UT1; not exact UTC,P1,2077-06-06T12:30:34.688,-2.44842,-50.3919595077419,False,2
lunar-09824,lunar,2077-06-06,jerusalem_nasa_city_point,modeled UT1; not exact UTC,U1,2077-06-06T13:54:55.136,-1.04274,-33.43640652464704,False,2
lunar-09824,lunar,2077-06-06,jerusalem_nasa_city_point,modeled UT1; not exact UTC,MID,2077-06-06T14:57:21.116,-0.00219,-21.099429422445514,False,2
lunar-09824,lunar,2077-06-06,jerusalem_nasa_city_point,modeled UT1; not exact UTC,U4,2077-06-06T15:59:57.428,1.04123,-9.10774473596767,False,2
lunar-09824,lunar,2077-06-06,jerusalem_nasa_city_point,modeled UT1; not exact UTC,P4,2077-06-06T17:24:09.920,2.4447,6.003202434393935,True,0
solar-09682,solar,2077-11-15,jerusalem_nasa_city_point,modeled UT1; not exact UTC,C1,2077-11-15T17:09:25.966,0.1994349345943376,-31.84158406289421,False,1
solar-09682,solar,2077-11-15,jerusalem_nasa_city_point,modeled UT1; not exact UTC,MID,2077-11-15T18:04:52.225,1.123395952635124,-43.62036223363441,False,1
solar-09682,solar,2077-11-15,jerusalem_nasa_city_point,modeled UT1; not exact UTC,C4,2077-11-15T18:56:55.895,1.9910819680300658,-54.57176462835379,False,1
lunar-09825,lunar,2077-11-29,jerusalem_nasa_city_point,modeled UT1; not exact UTC,P1,2077-11-29T19:17:20.868,-2.66862,60.40944279421194,True,0
lunar-09825,lunar,2077-11-29,jerusalem_nasa_city_point,modeled UT1; not exact UTC,U1,2077-11-29T20:40:48.216,-1.27769,76.27049961583384,True,0
lunar-09825,lunar,2077-11-29,jerusalem_nasa_city_point,modeled UT1; not exact UTC,MID,2077-11-29T21:33:21.060,-0.4019,80.48872961192396,True,0
lunar-09825,lunar,2077-11-29,jerusalem_nasa_city_point,modeled UT1; not exact UTC,U4,2077-11-29T22:25:45.480,0.47155,74.15056555211,True,0
lunar-09825,lunar,2077-11-29,jerusalem_nasa_city_point,modeled UT1; not exact UTC,P4,2077-11-29T23:49:20.748,1.86468,57.856605098884046,True,0
lunar-09826,lunar,2078-04-27,jerusalem_nasa_city_point,modeled UT1; not exact UTC,P1,2078-04-27T02:34:03.576,-2.38984,5.105800030464686,True,0
lunar-09826,lunar,2078-04-27,jerusalem_nasa_city_point,modeled UT1; not exact UTC,MID,2078-04-27T04:33:11.124,-0.40441,-19.124965850089783,False,2
lunar-09826,lunar,2078-04-27,jerusalem_nasa_city_point,modeled UT1; not exact UTC,P4,2078-04-27T06:32:18.240,1.5809,-43.60967924991435,False,2
solar-09683,solar,2078-05-11,jerusalem_nasa_city_point,modeled UT1; not exact UTC,C1,2078-05-11T18:29:10.428,0.5287578471139293,-23.050093395670107,False,1
solar-09683,solar,2078-05-11,jerusalem_nasa_city_point,modeled UT1; not exact UTC,MID,2078-05-11T19:05:50.514,1.1398929130183975,-28.547020011534183,False,1
solar-09683,solar,2078-05-11,jerusalem_nasa_city_point,modeled UT1; not exact UTC,C4,2078-05-11T19:41:29.241,1.7339835833371866,-33.10065219595628,False,1
lunar-09827,lunar,2078-10-21,jerusalem_nasa_city_point,modeled UT1; not exact UTC,P1,2078-10-21T01:13:04.096,-1.73939,31.232847948938947,True,0
lunar-09827,lunar,2078-10-21,jerusalem_nasa_city_point,modeled UT1; not exact UTC,MID,2078-10-21T03:05:28.516,0.13406,8.392843129033192,True,0
lunar-09827,lunar,2078-10-21,jerusalem_nasa_city_point,modeled UT1; not exact UTC,P4,2078-10-21T04:57:53.584,2.00769,-13.689364007317739,False,2
lunar-09828,lunar,2078-11-19,jerusalem_nasa_city_point,modeled UT1; not exact UTC,P1,2078-11-19T12:04:27.900,-0.88275,-25.2592120107875,False,2
lunar-09828,lunar,2078-11-19,jerusalem_nasa_city_point,modeled UT1; not exact UTC,MID,2078-11-19T12:37:29.664,-0.33226,-20.43238293382405,False,2
lunar-09828,lunar,2078-11-19,jerusalem_nasa_city_point,modeled UT1; not exact UTC,P4,2078-11-19T13:10:30.240,0.2179,-15.16341407939649,False,2
lunar-09829,lunar,2079-04-16,jerusalem_nasa_city_point,modeled UT1; not exact UTC,P1,2079-04-16T02:13:07.920,-2.73805,11.185100910392917,True,0
lunar-09829,lunar,2079-04-16,jerusalem_nasa_city_point,modeled UT1; not exact UTC,U1,2079-04-16T03:26:26.292,-1.51628,-3.6629466059116207,False,2
lunar-09829,lunar,2079-04-16,jerusalem_nasa_city_point,modeled UT1; not exact UTC,MID,2079-04-16T05:08:09.876,0.17916,-24.722201375243735,False,2
lunar-09829,lunar,2079-04-16,jerusalem_nasa_city_point,modeled UT1; not exact UTC,U4,2079-04-16T06:49:49.572,1.87352,-45.329289077110985,False,2
lunar-09829,lunar,2079-04-16,jerusalem_nasa_city_point,modeled UT1; not exact UTC,P4,2079-04-16T08:03:13.344,3.09679,-58.804416296769936,False,2
lunar-09830,lunar,2079-10-10,jerusalem_nasa_city_point,modeled UT1; not exact UTC,P1,2079-10-10T14:45:56.308,-3.19097,-5.435847402106939,False,2
lunar-09830,lunar,2079-10-10,jerusalem_nasa_city_point,modeled UT1; not exact UTC,U1,2079-10-10T15:48:34.060,-2.14715,7.534692106412257,True,0
lunar-09830,lunar,2079-10-10,jerusalem_nasa_city_point,modeled UT1; not exact UTC,U2,2079-10-10T17:06:43.168,-0.84462,23.837232977880905,True,0
lunar-09830,lunar,2079-10-10,jerusalem_nasa_city_point,modeled UT1; not exact UTC,MID,2079-10-10T17:27:53.716,-0.49169,28.218685736402957,True,0
lunar-09830,lunar,2079-10-10,jerusalem_nasa_city_point,modeled UT1; not exact UTC,U3,2079-10-10T17:49:07.144,-0.13796,32.5707054078721,True,0
lunar-09830,lunar,2079-10-10,jerusalem_nasa_city_point,modeled UT1; not exact UTC,U4,2079-10-10T19:07:16.540,1.16465,47.91169417354589,True,0
lunar-09830,lunar,2079-10-10,jerusalem_nasa_city_point,modeled UT1; not exact UTC,P4,2079-10-10T20:09:45.724,2.20609,58.399957436323604,True,0
lunar-09831,lunar,2080-04-04,jerusalem_nasa_city_point,modeled UT1; not exact UTC,P1,2080-04-04T08:31:55.112,-2.42433,-60.34253395067744,False,2
lunar-09831,lunar,2080-04-04,jerusalem_nasa_city_point,modeled UT1; not exact UTC,U1,2080-04-04T09:34:12.560,-1.38615,-64.54322292543388,False,2
lunar-09831,lunar,2080-04-04,jerusalem_nasa_city_point,modeled UT1; not exact UTC,U2,2080-04-04T10:39:55.892,-0.29078,-61.3183282649805,False,2
lunar-09831,lunar,2080-04-04,jerusalem_nasa_city_point,modeled UT1; not exact UTC,MID,2080-04-04T11:21:01.136,0.39401,-56.10040724258289,False,2
lunar-09831,lunar,2080-04-04,jerusalem_nasa_city_point,modeled UT1; not exact UTC,U3,2080-04-04T12:02:04.508,1.07828,-49.48769812032152,False,2
lunar-09831,lunar,2080-04-04,jerusalem_nasa_city_point,modeled UT1; not exact UTC,U4,2080-04-04T13:07:47.264,2.17349,-37.377167098126,False,2
lunar-09831,lunar,2080-04-04,jerusalem_nasa_city_point,modeled UT1; not exact UTC,P4,2080-04-04T14:10:13.712,3.21417,-25.04345997364393,False,2
solar-09688,solar,2080-09-13,jerusalem_nasa_city_point,modeled UT1; not exact UTC,C1,2080-09-13T16:32:16.932,-0.4179911212897075,-10.458555051584325,False,1
solar-09688,solar,2080-09-13,jerusalem_nasa_city_point,modeled UT1; not exact UTC,MID,2080-09-13T17:17:22.671,0.333603185451843,-19.775049955606992,False,1
solar-09688,solar,2080-09-13,jerusalem_nasa_city_point,modeled UT1; not exact UTC,C4,2080-09-13T18:00:22.922,1.0503395169002472,-28.340205856274736,False,1
lunar-09832,lunar,2080-09-29,jerusalem_nasa_city_point,modeled UT1; not exact UTC,P1,2080-09-28T22:53:09.924,-3.06991,53.176250432068194,True,0
lunar-09832,lunar,2080-09-29,jerusalem_nasa_city_point,modeled UT1; not exact UTC,U1,2080-09-29T00:01:24.096,-1.93264,42.45853592400163,True,0
lunar-09832,lunar,2080-09-29,jerusalem_nasa_city_point,modeled UT1; not exact UTC,U2,2080-09-29T01:13:11.244,-0.73621,28.92482272396203,True,0
lunar-09832,lunar,2080-09-29,jerusalem_nasa_city_point,modeled UT1; not exact UTC,MID,2080-09-29T01:50:03.408,-0.12172,21.56377811198774,True,0
lunar-09832,lunar,2080-09-29,jerusalem_nasa_city_point,modeled UT1; not exact UTC,U3,2080-09-29T02:26:57.624,0.49334,14.066320698161789,True,0
lunar-09832,lunar,2080-09-29,jerusalem_nasa_city_point,modeled UT1; not exact UTC,U4,2080-09-29T03:38:45.960,1.6901,-0.6219148328870656,False,2
lunar-09832,lunar,2080-09-29,jerusalem_nasa_city_point,modeled UT1; not exact UTC,P4,2080-09-29T04:46:53.076,2.82541,-14.347773188469967,False,2
solar-09689,solar,2081-03-10,jerusalem_nasa_city_point,modeled UT1; not exact UTC,C1,2081-03-10T16:29:41.354,1.5390982096431747,-10.562896857889003,False,1
solar-09689,solar,2081-03-10,jerusalem_nasa_city_point,modeled UT1; not exact UTC,MID,2081-03-10T17:10:11.848,2.214235419202018,-19.133398072177553,False,1
solar-09689,solar,2081-03-10,jerusalem_nasa_city_point,modeled UT1; not exact UTC,C4,2081-03-10T17:48:47.816,2.857560124226948,-27.19016606886004,False,1
lunar-09833,lunar,2081-03-25,jerusalem_nasa_city_point,modeled UT1; not exact UTC,P1,2081-03-24T22:13:09.532,-1.73638,54.45745940060475,True,0
lunar-09833,lunar,2081-03-25,jerusalem_nasa_city_point,modeled UT1; not exact UTC,U1,2081-03-24T23:45:45.520,-0.19305,43.99215000502077,True,0
lunar-09833,lunar,2081-03-25,jerusalem_nasa_city_point,modeled UT1; not exact UTC,MID,2081-03-25T00:19:21.808,0.36703,38.482420686242314,True,0
lunar-09833,lunar,2081-03-25,jerusalem_nasa_city_point,modeled UT1; not exact UTC,U4,2081-03-25T00:52:51.328,0.92523,32.48138900672018,True,0
lunar-09833,lunar,2081-03-25,jerusalem_nasa_city_point,modeled UT1; not exact UTC,P4,2081-03-25T02:25:33.832,2.47037,14.350710604084968,True,0
solar-09690,solar,2081-09-03,jerusalem_nasa_city_point,modeled UT1; not exact UTC,C1,2081-09-03T07:05:55.977,-1.856534210356062,46.89361716991018,True,0
solar-09690,solar,2081-09-03,jerusalem_nasa_city_point,modeled UT1; not exact UTC,MID,2081-09-03T08:21:41.159,-0.5939834874005567,59.65205407815611,True,0
solar-09690,solar,2081-09-03,jerusalem_nasa_city_point,modeled UT1; not exact UTC,C4,2081-09-03T09:39:29.914,0.7028926711903825,65.44336563337652,True,0
lunar-09834,lunar,2081-09-18,jerusalem_nasa_city_point,modeled UT1; not exact UTC,P1,2081-09-18T01:14:55.920,-2.70655,26.13933043111623,True,0
lunar-09834,lunar,2081-09-18,jerusalem_nasa_city_point,modeled UT1; not exact UTC,MID,2081-09-18T03:32:45.336,-0.40949,-1.6241535280625912,False,2
lunar-09834,lunar,2081-09-18,jerusalem_nasa_city_point,modeled UT1; not exact UTC,P4,2081-09-18T05:50:37.992,1.88847,-29.26705819657166,False,2
lunar-09835,lunar,2082-02-13,jerusalem_nasa_city_point,modeled UT1; not exact UTC,P1,2082-02-13T04:23:02.504,-1.57111,0,True,0
lunar-09835,lunar,2082-02-13,jerusalem_nasa_city_point,modeled UT1; not exact UTC,U1,2082-02-13T06:13:56.348,0.27718,-20.974043951568376,False,2
lunar-09835,lunar,2082-02-13,jerusalem_nasa_city_point,modeled UT1; not exact UTC,MID,2082-02-13T06:26:37.316,0.48856,-23.17177222784287,False,2
lunar-09835,lunar,2082-02-13,jerusalem_nasa_city_point,modeled UT1; not exact UTC,U4,2082-02-13T06:39:26.564,0.70224,-25.337323282196028,False,2
lunar-09835,lunar,2082-02-13,jerusalem_nasa_city_point,modeled UT1; not exact UTC,P4,2082-02-13T08:30:13.136,2.54851,-40.65290728822884,False,2
solar-09691,solar,2082-02-27,jerusalem_nasa_city_point,modeled UT1; not exact UTC,C1,2082-02-27T15:42:34.651,0.7544864439931018,-2.321285896304138,False,1
solar-09691,solar,2082-02-27,jerusalem_nasa_city_point,modeled UT1; not exact UTC,MID,2082-02-27T16:38:19.301,1.683555879367818,-14.122411249449268,False,1
solar-09691,solar,2082-02-27,jerusalem_nasa_city_point,modeled UT1; not exact UTC,C4,2082-02-27T17:29:58.561,2.5444614902179947,-25.07782694999257,False,1
lunar-09836,lunar,2082-08-08,jerusalem_nasa_city_point,modeled UT1; not exact UTC,P1,2082-08-08T12:29:03.088,-2.47067,-50.22624156901102,False,2
lunar-09836,lunar,2082-08-08,jerusalem_nasa_city_point,modeled UT1; not exact UTC,MID,2082-08-08T14:43:59.056,-0.22179,-22.621372837799246,False,2
lunar-09836,lunar,2082-08-08,jerusalem_nasa_city_point,modeled UT1; not exact UTC,P4,2082-08-08T16:58:48.364,2.02524,4.3273792305738,True,0
lunar-09837,lunar,2083-02-02,jerusalem_nasa_city_point,modeled UT1; not exact UTC,P1,2083-02-02T15:34:32.072,-2.37898,5.49546985714102,True,0
lunar-09837,lunar,2083-02-02,jerusalem_nasa_city_point,modeled UT1; not exact UTC,U1,2083-02-02T16:39:40.088,-1.29342,18.475741433165258,True,0
lunar-09837,lunar,2083-02-02,jerusalem_nasa_city_point,modeled UT1; not exact UTC,U2,2083-02-02T17:50:47.600,-0.108,33.021397582195064,True,0
lunar-09837,lunar,2083-02-02,jerusalem_nasa_city_point,modeled UT1; not exact UTC,MID,2083-02-02T18:24:02.144,0.44604,39.85795484769659,True,0
lunar-09837,lunar,2083-02-02,jerusalem_nasa_city_point,modeled UT1; not exact UTC,U3,2083-02-02T18:57:19.172,1.00077,46.66291614513039,True,0
lunar-09837,lunar,2083-02-02,jerusalem_nasa_city_point,modeled UT1; not exact UTC,U4,2083-02-02T20:08:27.260,2.18635,60.65545386842635,True,0
lunar-09837,lunar,2083-02-02,jerusalem_nasa_city_point,modeled UT1; not exact UTC,P4,2083-02-02T21:13:25.592,3.26922,71.09887462640114,True,0
lunar-09838,lunar,2083-07-29,jerusalem_nasa_city_point,modeled UT1; not exact UTC,P1,2083-07-28T22:18:51.732,-2.63988,37.154700114622926,True,0
lunar-09838,lunar,2083-07-29,jerusalem_nasa_city_point,modeled UT1; not exact UTC,U1,2083-07-28T23:16:21.720,-1.68155,33.370061196292525,True,0
lunar-09838,lunar,2083-07-29,jerusalem_nasa_city_point,modeled UT1; not exact UTC,U2,2083-07-29T00:17:36.204,-0.66086,26.414938016002544,True,0
lunar-09838,lunar,2083-07-29,jerusalem_nasa_city_point,modeled UT1; not exact UTC,MID,2083-07-29T01:02:49.560,0.09285,19.861348001663025,True,0
lunar-09838,lunar,2083-07-29,jerusalem_nasa_city_point,modeled UT1; not exact UTC,U3,2083-07-29T01:48:01.404,0.84614,12.460881975581753,True,0
lunar-09838,lunar,2083-07-29,jerusalem_nasa_city_point,modeled UT1; not exact UTC,U4,2083-07-29T02:49:14.880,1.86655,1.4974761916230412,True,0
lunar-09838,lunar,2083-07-29,jerusalem_nasa_city_point,modeled UT1; not exact UTC,P4,2083-07-29T03:46:51.672,2.82677,-9.468681318106373,False,2
lunar-09839,lunar,2084-01-22,jerusalem_nasa_city_point,modeled UT1; not exact UTC,P1,2084-01-22T20:09:12.688,-2.80042,65.07716977829374,True,0
lunar-09839,lunar,2084-01-22,jerusalem_nasa_city_point,modeled UT1; not exact UTC,U1,2084-01-22T21:22:07.732,-1.58513,76.31697490050793,True,0
lunar-09839,lunar,2084-01-22,jerusalem_nasa_city_point,modeled UT1; not exact UTC,U2,2084-01-22T22:39:58.984,-0.28756,72.81875255318539,True,0
lunar-09839,lunar,2084-01-22,jerusalem_nasa_city_point,modeled UT1; not exact UTC,MID,2084-01-22T23:10:14.212,0.21667,67.71090200543593,True,0
lunar-09839,lunar,2084-01-22,jerusalem_nasa_city_point,modeled UT1; not exact UTC,U3,2084-01-22T23:40:31.276,0.72141,61.93994143892128,True,0
lunar-09839,lunar,2084-01-22,jerusalem_nasa_city_point,modeled UT1; not exact UTC,U4,2084-01-23T00:58:23.500,2.01925,46.02205746563605,True,0
lunar-09839,lunar,2084-01-22,jerusalem_nasa_city_point,modeled UT1; not exact UTC,P4,2084-01-23T02:11:12.640,3.2329,30.805894060641158,True,0
solar-09697,solar,2084-07-03,jerusalem_nasa_city_point,modeled UT1; not exact UTC,C1,2084-07-02T23:37:38.308,-2.3263589080346447,-28.919306652291073,False,1
solar-09697,solar,2084-07-03,jerusalem_nasa_city_point,modeled UT1; not exact UTC,MID,2084-07-03T00:24:05.871,-1.5520359402361645,-23.21827904624342,False,1
solar-09697,solar,2084-07-03,jerusalem_nasa_city_point,modeled UT1; not exact UTC,C4,2084-07-03T01:12:39.277,-0.7427564049756754,-15.945055185962564,False,1
lunar-09840,lunar,2084-07-17,jerusalem_nasa_city_point,modeled UT1; not exact UTC,P1,2084-07-17T14:27:01.364,-2.50326,-26.512558700114944,False,2
lunar-09840,lunar,2084-07-17,jerusalem_nasa_city_point,modeled UT1; not exact UTC,U1,2084-07-17T15:25:22.832,-1.53063,-14.908623432832185,False,2
lunar-09840,lunar,2084-07-17,jerusalem_nasa_city_point,modeled UT1; not exact UTC,MID,2084-07-17T16:56:04.052,-0.01918,2.4259658966100535,True,0
lunar-09840,lunar,2084-07-17,jerusalem_nasa_city_point,modeled UT1; not exact UTC,U4,2084-07-17T18:26:44.660,1.4921,18.125609133750743,True,0
lunar-09840,lunar,2084-07-17,jerusalem_nasa_city_point,modeled UT1; not exact UTC,P4,2084-07-17T19:25:08.540,2.4654,26.686207017302955,True,0
lunar-09841,lunar,2085-01-10,jerusalem_nasa_city_point,modeled UT1; not exact UTC,P1,2085-01-10T20:07:15.504,-2.83236,66.0937836640609,True,0
lunar-09841,lunar,2085-01-10,jerusalem_nasa_city_point,modeled UT1; not exact UTC,MID,2085-01-10T22:29:41.472,-0.45848,75.0861526713512,True,0
lunar-09841,lunar,2085-01-10,jerusalem_nasa_city_point,modeled UT1; not exact UTC,P4,2085-01-11T00:52:07.620,1.91545,47.40978108846141,True,0
lunar-09842,lunar,2085-06-08,jerusalem_nasa_city_point,modeled UT1; not exact UTC,P1,2085-06-08T00:40:36.780,-1.2762,17.632745617954182,True,0
lunar-09842,lunar,2085-06-08,jerusalem_nasa_city_point,modeled UT1; not exact UTC,MID,2085-06-08T02:14:47.268,0.29338,2.527539417604917,True,0
lunar-09842,lunar,2085-06-08,jerusalem_nasa_city_point,modeled UT1; not exact UTC,P4,2085-06-08T03:49:08.016,1.86581,-14.77390639544324,False,2
solar-09699,solar,2085-06-22,jerusalem_nasa_city_point,modeled UT1; not exact UTC,C1,2085-06-22T01:29:26.906,-1.4622482285302243,-12.429002220085772,False,1
solar-09699,solar,2085-06-22,jerusalem_nasa_city_point,modeled UT1; not exact UTC,MID,2085-06-22T01:52:01.610,-1.0859417707034296,-8.557138894152141,False,1
solar-09699,solar,2085-06-22,jerusalem_nasa_city_point,modeled UT1; not exact UTC,C4,2085-06-22T02:15:11.646,-0.6998204166876721,-4.417639659288697,False,1
lunar-09843,lunar,2085-07-07,jerusalem_nasa_city_point,modeled UT1; not exact UTC,P1,2085-07-07T08:30:10.648,-1.45007,-71.74174207094927,False,2
lunar-09843,lunar,2085-07-07,jerusalem_nasa_city_point,modeled UT1; not exact UTC,MID,2085-07-07T10:01:50.800,0.07775,-78.84607554973853,False,2
lunar-09843,lunar,2085-07-07,jerusalem_nasa_city_point,modeled UT1; not exact UTC,P4,2085-07-07T11:33:38.728,1.60773,-64.31749649900571,False,2
lunar-09844,lunar,2085-12-01,jerusalem_nasa_city_point,modeled UT1; not exact UTC,P1,2085-12-01T06:33:26.632,-1.39538,-22.6196238936214,False,2
lunar-09844,lunar,2085-12-01,jerusalem_nasa_city_point,modeled UT1; not exact UTC,MID,2085-12-01T08:22:45.400,0.4265,-33.78105283221319,False,2
lunar-09844,lunar,2085-12-01,jerusalem_nasa_city_point,modeled UT1; not exact UTC,P4,2085-12-01T10:11:54.340,2.24565,-35.065715897995005,False,2
solar-09700,solar,2085-12-16,jerusalem_nasa_city_point,modeled UT1; not exact UTC,C1,2085-12-16T21:36:44.556,-1.3403733381190523,-81.58157873430258,False,1
solar-09700,solar,2085-12-16,jerusalem_nasa_city_point,modeled UT1; not exact UTC,MID,2085-12-16T22:19:00.280,-0.6360054633701298,-77.15182303596225,False,1
solar-09700,solar,2085-12-16,jerusalem_nasa_city_point,modeled UT1; not exact UTC,C4,2085-12-16T23:01:41.264,0.07537901921084356,-69.09986718828675,False,1
lunar-09845,lunar,2086-05-28,jerusalem_nasa_city_point,modeled UT1; not exact UTC,P1,2086-05-28T09:54:54.332,-3.03738,-79.00004002344625,False,2
lunar-09845,lunar,2086-05-28,jerusalem_nasa_city_point,modeled UT1; not exact UTC,U1,2086-05-28T11:06:15.416,-1.84819,-67.48815643047658,False,2
lunar-09845,lunar,2086-05-28,jerusalem_nasa_city_point,modeled UT1; not exact UTC,MID,2086-05-28T12:40:55.496,-0.27039,-48.703118392054094,False,2
lunar-09845,lunar,2086-05-28,jerusalem_nasa_city_point,modeled UT1; not exact UTC,U4,2086-05-28T14:15:41.156,1.30896,-29.581828081050304,False,2
lunar-09845,lunar,2086-05-28,jerusalem_nasa_city_point,modeled UT1; not exact UTC,P4,2086-05-28T15:26:53.744,2.49579,-15.50160882913023,False,2
lunar-09846,lunar,2086-11-20,jerusalem_nasa_city_point,modeled UT1; not exact UTC,P1,2086-11-20T17:42:05.964,-2.25051,39.802264476636566,True,0
lunar-09846,lunar,2086-11-20,jerusalem_nasa_city_point,modeled UT1; not exact UTC,U1,2086-11-20T18:42:44.844,-1.23971,52.32205098426494,True,0
lunar-09846,lunar,2086-11-20,jerusalem_nasa_city_point,modeled UT1; not exact UTC,MID,2086-11-20T20:16:50.076,0.32841,70.73078597653452,True,0
lunar-09846,lunar,2086-11-20,jerusalem_nasa_city_point,modeled UT1; not exact UTC,U4,2086-11-20T21:50:52.608,1.89578,77.46610587755016,True,0
lunar-09846,lunar,2086-11-20,jerusalem_nasa_city_point,modeled UT1; not exact UTC,P4,2086-11-20T22:51:37.032,2.90812,68.41484166989993,True,0
solar-09702,solar,2086-12-06,jerusalem_nasa_city_point,modeled UT1; not exact UTC,C1,2086-12-06T03:36:50.073,-2.338229687939312,-10.273082770433254,False,1
solar-09702,solar,2086-12-06,jerusalem_nasa_city_point,modeled UT1; not exact UTC,MID,2086-12-06T04:08:05.189,-1.8173640957074702,-4.12255995831611,False,1
solar-09702,solar,2086-12-06,jerusalem_nasa_city_point,modeled UT1; not exact UTC,C4,2086-12-06T04:40:59.510,-1.2689417362496898,2.1517602934649904,True,0
lunar-09847,lunar,2087-05-17,jerusalem_nasa_city_point,modeled UT1; not exact UTC,P1,2087-05-17T12:46:56.968,-3.16937,-44.76420652226778,False,2
lunar-09847,lunar,2087-05-17,jerusalem_nasa_city_point,modeled UT1; not exact UTC,U1,2087-05-17T13:57:07.996,-1.99964,-30.511886254471403,False,2
lunar-09847,lunar,2087-05-17,jerusalem_nasa_city_point,modeled UT1; not exact UTC,U2,2087-05-17T15:04:54.412,-0.87008,-16.87543457283764,False,2
lunar-09847,lunar,2087-05-17,jerusalem_nasa_city_point,modeled UT1; not exact UTC,MID,2087-05-17T15:52:26.908,-0.07772,-7.524033211986998,False,2
lunar-09847,lunar,2087-05-17,jerusalem_nasa_city_point,modeled UT1; not exact UTC,U3,2087-05-17T16:40:00.016,0.71481,1.5350433353427384,True,0
lunar-09847,lunar,2087-05-17,jerusalem_nasa_city_point,modeled UT1; not exact UTC,U4,2087-05-17T17:47:46.684,1.84444,13.656436285991981,True,0
lunar-09847,lunar,2087-05-17,jerusalem_nasa_city_point,modeled UT1; not exact UTC,P4,2087-05-17T18:57:54.220,3.0132,24.62919384309475,True,0
lunar-09848,lunar,2087-11-10,jerusalem_nasa_city_point,modeled UT1; not exact UTC,P1,2087-11-10T09:24:24.932,-2.54463,-42.219264107349645,False,2
lunar-09848,lunar,2087-11-10,jerusalem_nasa_city_point,modeled UT1; not exact UTC,U1,2087-11-10T10:19:22.028,-1.62877,-40.05108132807205,False,2
lunar-09848,lunar,2087-11-10,jerusalem_nasa_city_point,modeled UT1; not exact UTC,U2,2087-11-10T11:18:10.928,-0.64852,-34.626228727357585,False,2
lunar-09848,lunar,2087-11-10,jerusalem_nasa_city_point,modeled UT1; not exact UTC,MID,2087-11-10T12:02:38.960,0.0926,-28.884034609915197,False,2
lunar-09848,lunar,2087-11-10,jerusalem_nasa_city_point,modeled UT1; not exact UTC,U3,2087-11-10T12:47:07.208,0.83378,-22.113441202618414,False,2
lunar-09848,lunar,2087-11-10,jerusalem_nasa_city_point,modeled UT1; not exact UTC,U4,2087-11-10T13:45:56.108,1.81403,-12.036855817767627,False,2
lunar-09848,lunar,2087-11-10,jerusalem_nasa_city_point,modeled UT1; not exact UTC,P4,2087-11-10T14:40:51.908,2.72953,-1.8286801279918519,False,2
solar-09706,solar,2088-04-21,jerusalem_nasa_city_point,modeled UT1; not exact UTC,C1,2088-04-21T09:45:36.626,-1.1911038920223247,70.40523612047079,True,0
solar-09706,solar,2088-04-21,jerusalem_nasa_city_point,modeled UT1; not exact UTC,MID,2088-04-21T11:10:27.555,0.22304294078916007,61.10073864167887,True,0
solar-09706,solar,2088-04-21,jerusalem_nasa_city_point,modeled UT1; not exact UTC,C4,2088-04-21T12:30:16.651,1.5533474203863171,45.88772125638124,True,0
lunar-09849,lunar,2088-05-05,jerusalem_nasa_city_point,modeled UT1; not exact UTC,P1,2088-05-05T13:44:55.860,-2.2024,-31.40634677392793,False,2
lunar-09849,lunar,2088-05-05,jerusalem_nasa_city_point,modeled UT1; not exact UTC,U1,2088-05-05T15:35:17.412,-0.36308,-9.107136154172666,False,2
lunar-09849,lunar,2088-05-05,jerusalem_nasa_city_point,modeled UT1; not exact UTC,MID,2088-05-05T16:13:54.408,0.28053,-1.5066308819797076,False,2
lunar-09849,lunar,2088-05-05,jerusalem_nasa_city_point,modeled UT1; not exact UTC,U4,2088-05-05T16:52:24.492,0.92222,5.868360288481888,True,0
lunar-09849,lunar,2088-05-05,jerusalem_nasa_city_point,modeled UT1; not exact UTC,P4,2088-05-05T18:42:50.148,2.76268,25.047830780449537,True,0
lunar-09850,lunar,2088-10-30,jerusalem_nasa_city_point,modeled UT1; not exact UTC,P1,2088-10-30T00:46:08.884,-2.18181,38.176513769138936,True,0
lunar-09850,lunar,2088-10-30,jerusalem_nasa_city_point,modeled UT1; not exact UTC,U1,2088-10-30T02:13:39.088,-0.72342,20.276477612111776,True,0
lunar-09850,lunar,2088-10-30,jerusalem_nasa_city_point,modeled UT1; not exact UTC,MID,2088-10-30T03:00:23.452,0.05557,10.766692806750736,True,0
lunar-09850,lunar,2088-10-30,jerusalem_nasa_city_point,modeled UT1; not exact UTC,U4,2088-10-30T03:47:17.176,0.83716,1.3948104668913042,True,0
lunar-09850,lunar,2088-10-30,jerusalem_nasa_city_point,modeled UT1; not exact UTC,P4,2088-10-30T05:14:39.496,2.29336,-15.23210379934767,False,2
lunar-09851,lunar,2089-03-26,jerusalem_nasa_city_point,modeled UT1; not exact UTC,P1,2089-03-26T07:32:20.200,-2.41175,-49.40862577683321,False,2
lunar-09851,lunar,2089-03-26,jerusalem_nasa_city_point,modeled UT1; not exact UTC,MID,2089-03-26T09:31:16.048,-0.42957,-62.154810436828285,False,2
lunar-09851,lunar,2089-03-26,jerusalem_nasa_city_point,modeled UT1; not exact UTC,P4,2089-03-26T11:30:06.388,1.55108,-53.76669755008557,False,2
lunar-09852,lunar,2089-09-19,jerusalem_nasa_city_point,modeled UT1; not exact UTC,P1,2089-09-19T20:02:15.824,-1.91266,51.61282120321158,True,0
lunar-09852,lunar,2089-09-19,jerusalem_nasa_city_point,modeled UT1; not exact UTC,MID,2089-09-19T22:08:18.272,0.18802,56.63604705511593,True,0
lunar-09852,lunar,2089-09-19,jerusalem_nasa_city_point,modeled UT1; not exact UTC,P4,2089-09-20T00:14:28.100,2.29075,40.33181275635664,True,0
solar-09709,solar,2089-10-04,jerusalem_nasa_city_point,modeled UT1; not exact UTC,C1,2089-10-03T23:20:20.916,-1.6112178562491268,-52.09172852282128,False,1
solar-09709,solar,2089-10-04,jerusalem_nasa_city_point,modeled UT1; not exact UTC,MID,2089-10-04T00:03:44.929,-0.887880943399524,-44.4615118997907,False,1
solar-09709,solar,2089-10-04,jerusalem_nasa_city_point,modeled UT1; not exact UTC,C4,2089-10-04T00:48:36.849,-0.1401254142281585,-35.74335014457877,False,1
lunar-09853,lunar,2090-03-15,jerusalem_nasa_city_point,modeled UT1; not exact UTC,P1,2090-03-15T21:09:54.192,-2.78503,58.592740575012,True,0
lunar-09853,lunar,2090-03-15,jerusalem_nasa_city_point,modeled UT1; not exact UTC,U1,2090-03-15T22:06:46.740,-1.8371,58.8177696261607,True,0
lunar-09853,lunar,2090-03-15,jerusalem_nasa_city_point,modeled UT1; not exact UTC,U2,2090-03-15T23:14:00.288,-0.71667,52.58989868456117,True,0
lunar-09853,lunar,2090-03-15,jerusalem_nasa_city_point,modeled UT1; not exact UTC,MID,2090-03-15T23:45:30.936,-0.19149,47.995616072334194,True,0
lunar-09853,lunar,2090-03-15,jerusalem_nasa_city_point,modeled UT1; not exact UTC,U3,2090-03-16T00:17:00.720,0.33345,42.74553738589325,True,0
lunar-09853,lunar,2090-03-15,jerusalem_nasa_city_point,modeled UT1; not exact UTC,U4,2090-03-16T01:24:14.304,1.45389,30.2089335212077,True,0
lunar-09853,lunar,2090-03-15,jerusalem_nasa_city_point,modeled UT1; not exact UTC,P4,2090-03-16T02:21:10.092,2.40272,18.83178244038998,True,0
lunar-09854,lunar,2090-09-08,jerusalem_nasa_city_point,modeled UT1; not exact UTC,P1,2090-09-08T19:48:30.016,-3.14144,45.01977110263437,True,0
lunar-09854,lunar,2090-09-08,jerusalem_nasa_city_point,modeled UT1; not exact UTC,U1,2090-09-08T21:02:55.996,-1.90089,51.89112557090666,True,0
lunar-09854,lunar,2090-09-08,jerusalem_nasa_city_point,modeled UT1; not exact UTC,U2,2090-09-08T22:33:32.788,-0.39067,50.2684489867699,True,0
lunar-09854,lunar,2090-09-08,jerusalem_nasa_city_point,modeled UT1; not exact UTC,MID,2090-09-08T22:49:28.552,-0.12518,48.842648660035636,True,0
lunar-09854,lunar,2090-09-08,jerusalem_nasa_city_point,modeled UT1; not exact UTC,U3,2090-09-08T23:05:23.884,0.14019,47.14096612549449,True,0
lunar-09854,lunar,2090-09-08,jerusalem_nasa_city_point,modeled UT1; not exact UTC,U4,2090-09-09T00:36:00.856,1.65046,33.6760933952469,True,0
lunar-09854,lunar,2090-09-08,jerusalem_nasa_city_point,modeled UT1; not exact UTC,P4,2090-09-09T01:50:28.888,2.89158,19.863189471772326,True,0
solar-09711,solar,2090-09-23,jerusalem_nasa_city_point,modeled UT1; not exact UTC,C1,2090-09-23T17:02:10.661,0.08654478715958802,-19.450571704821687,False,1
solar-09711,solar,2090-09-23,jerusalem_nasa_city_point,modeled UT1; not exact UTC,MID,2090-09-23T17:45:26.854,0.8077095158247969,-28.324084521652495,False,1
solar-09711,solar,2090-09-23,jerusalem_nasa_city_point,modeled UT1; not exact UTC,C4,2090-09-23T18:26:50.682,1.4976617419204357,-36.45680396184663,False,1
solar-09712,solar,2091-02-18,jerusalem_nasa_city_point,modeled UT1; not exact UTC,C1,2091-02-18T09:33:05.115,-0.3980512896055335,46.49753512050971,True,0
solar-09712,solar,2091-02-18,jerusalem_nasa_city_point,modeled UT1; not exact UTC,MID,2091-02-18T10:04:48.640,0.13070565006913992,46.66831536121979,True,0
solar-09712,solar,2091-02-18,jerusalem_nasa_city_point,modeled UT1; not exact UTC,C4,2091-02-18T10:36:25.792,0.6576921920293578,45.52782601105193,True,0
lunar-09855,lunar,2091-03-05,jerusalem_nasa_city_point,modeled UT1; not exact UTC,P1,2091-03-05T13:17:49.900,-2.65225,-27.335475771353373,False,2
lunar-09855,lunar,2091-03-05,jerusalem_nasa_city_point,modeled UT1; not exact UTC,U1,2091-03-05T14:14:41.980,-1.70445,-16.781179350974625,False,2
lunar-09855,lunar,2091-03-05,jerusalem_nasa_city_point,modeled UT1; not exact UTC,U2,2091-03-05T15:18:54.664,-0.63426,-4.176430647516158,False,2
lunar-09855,lunar,2091-03-05,jerusalem_nasa_city_point,modeled UT1; not exact UTC,MID,2091-03-05T15:55:20.440,-0.0271,3.1607311911934497,True,0
lunar-09855,lunar,2091-03-05,jerusalem_nasa_city_point,modeled UT1; not exact UTC,U3,2091-03-05T16:31:47.188,0.58033,10.567631256027664,True,0
lunar-09855,lunar,2091-03-05,jerusalem_nasa_city_point,modeled UT1; not exact UTC,U4,2091-03-05T17:36:00.016,1.65056,23.6195704331558,True,0
lunar-09855,lunar,2091-03-05,jerusalem_nasa_city_point,modeled UT1; not exact UTC,P4,2091-03-05T18:32:47.812,2.59717,34.92516510932374,True,0
lunar-09856,lunar,2091-08-29,jerusalem_nasa_city_point,modeled UT1; not exact UTC,P1,2091-08-28T21:38:42.392,-3.30403,47.57427691427695,True,0
lunar-09856,lunar,2091-08-29,jerusalem_nasa_city_point,modeled UT1; not exact UTC,U1,2091-08-28T22:46:34.532,-2.17288,44.51608484503053,True,0
lunar-09856,lunar,2091-08-29,jerusalem_nasa_city_point,modeled UT1; not exact UTC,U2,2091-08-28T23:58:54.692,-0.96728,36.041096145334926,True,0
lunar-09856,lunar,2091-08-29,jerusalem_nasa_city_point,modeled UT1; not exact UTC,MID,2091-08-29T00:35:21.728,-0.35977,30.40816430141766,True,0
lunar-09856,lunar,2091-08-29,jerusalem_nasa_city_point,modeled UT1; not exact UTC,U3,2091-08-29T01:11:46.568,0.24713,24.18353993022164,True,0
lunar-09856,lunar,2091-08-29,jerusalem_nasa_city_point,modeled UT1; not exact UTC,U4,2091-08-29T02:24:05.648,1.45243,10.673967326479875,True,0
lunar-09856,lunar,2091-08-29,jerusalem_nasa_city_point,modeled UT1; not exact UTC,P4,2091-08-29T03:32:05.456,2.58571,-2.8189742413323544,False,2
solar-09714,solar,2092-02-07,jerusalem_nasa_city_point,modeled UT1; not exact UTC,C1,2092-02-07T15:51:05.824,0.9027566135914836,-7.513546723296045,False,1
solar-09714,solar,2092-02-07,jerusalem_nasa_city_point,modeled UT1; not exact UTC,MID,2092-02-07T16:45:54.214,1.8161983242729212,-18.980147478979546,False,1
solar-09714,solar,2092-02-07,jerusalem_nasa_city_point,modeled UT1; not exact UTC,C4,2092-02-07T17:36:48.392,2.6645812015179606,-29.771929726293674,False,1
lunar-09857,lunar,2092-02-23,jerusalem_nasa_city_point,modeled UT1; not exact UTC,P1,2092-02-23T03:11:46.116,-1.75269,12.755640786193455,True,0
lunar-09857,lunar,2092-02-23,jerusalem_nasa_city_point,modeled UT1; not exact UTC,MID,2092-02-23T05:17:54.720,0.3497,-12.616063793205452,False,2
lunar-09857,lunar,2092-02-23,jerusalem_nasa_city_point,modeled UT1; not exact UTC,P4,2092-02-23T07:24:07.572,2.45327,-34.816504605021265,False,2
lunar-09858,lunar,2092-07-19,jerusalem_nasa_city_point,modeled UT1; not exact UTC,P1,2092-07-19T00:04:53.664,-0.86701,27.931297687740777,True,0
lunar-09858,lunar,2092-07-19,jerusalem_nasa_city_point,modeled UT1; not exact UTC,MID,2092-07-19T00:38:52.776,-0.30059,23.281126129601006,True,0
lunar-09858,lunar,2092-07-19,jerusalem_nasa_city_point,modeled UT1; not exact UTC,P4,2092-07-19T01:12:37.848,0.26193,18.11507395572231,True,0
solar-09715,solar,2092-08-03,jerusalem_nasa_city_point,modeled UT1; not exact UTC,C1,2092-08-03T08:45:01.259,-1.1982058589539706,70.01079382352523,True,0
solar-09715,solar,2092-08-03,jerusalem_nasa_city_point,modeled UT1; not exact UTC,MID,2092-08-03T09:44:00.846,-0.2149871145125268,75.38906915224118,True,0
solar-09715,solar,2092-08-03,jerusalem_nasa_city_point,modeled UT1; not exact UTC,C4,2092-08-03T10:42:28.966,0.7594905478463576,70.47279050642992,True,0
lunar-09859,lunar,2092-08-17,jerusalem_nasa_city_point,modeled UT1; not exact UTC,P1,2092-08-17T07:07:29.092,-1.82378,-51.780839745198435,False,2
lunar-09859,lunar,2092-08-17,jerusalem_nasa_city_point,modeled UT1; not exact UTC,MID,2092-08-17T09:10:53.752,0.23307,-71.01541837726506,False,2
lunar-09859,lunar,2092-08-17,jerusalem_nasa_city_point,modeled UT1; not exact UTC,P4,2092-08-17T11:14:11.392,2.28797,-63.78106247385612,False,2
lunar-09860,lunar,2093-01-12,jerusalem_nasa_city_point,modeled UT1; not exact UTC,P1,2093-01-12T15:50:26.080,-2.1077,11.196092621253683,True,0
lunar-09860,lunar,2093-01-12,jerusalem_nasa_city_point,modeled UT1; not exact UTC,MID,2093-01-12T17:56:56.356,0.00071,36.911964676138794,True,0
lunar-09860,lunar,2093-01-12,jerusalem_nasa_city_point,modeled UT1; not exact UTC,P4,2093-01-12T20:03:30.664,2.11024,62.87570030455622,True,0
lunar-09861,lunar,2093-07-08,jerusalem_nasa_city_point,modeled UT1; not exact UTC,P1,2093-07-08T15:03:30.508,-1.88947,-19.25249486655955,False,2
lunar-09861,lunar,2093-07-08,jerusalem_nasa_city_point,modeled UT1; not exact UTC,U1,2093-07-08T16:10:14.680,-0.7772,-6.403955795707991,False,2
lunar-09861,lunar,2093-07-08,jerusalem_nasa_city_point,modeled UT1; not exact UTC,MID,2093-07-08T17:21:10.204,0.40489,6.517742702516744,True,0
lunar-09861,lunar,2093-07-08,jerusalem_nasa_city_point,modeled UT1; not exact UTC,U4,2093-07-08T18:32:05.944,1.58704,18.175386381742562,True,0
lunar-09861,lunar,2093-07-08,jerusalem_nasa_city_point,modeled UT1; not exact UTC,P4,2093-07-08T19:38:50.080,2.6993,27.265611280783634,True,0
solar-09717,solar,2093-07-23,jerusalem_nasa_city_point,modeled UT1; not exact UTC,C1,2093-07-23T12:29:59.841,-0.44796087521331185,51.406417326050814,True,0
solar-09717,solar,2093-07-23,jerusalem_nasa_city_point,modeled UT1; not exact UTC,MID,2093-07-23T13:55:13.979,0.9726330276602505,33.32185574998545,True,0
solar-09717,solar,2093-07-23,jerusalem_nasa_city_point,modeled UT1; not exact UTC,C4,2093-07-23T15:07:57.894,2.184831795885456,18.033522128832562,True,0
lunar-09862,lunar,2094-01-01,jerusalem_nasa_city_point,modeled UT1; not exact UTC,P1,2094-01-01T13:58:45.008,-2.96847,-8.095129736592048,False,2
lunar-09862,lunar,2094-01-01,jerusalem_nasa_city_point,modeled UT1; not exact UTC,U1,2094-01-01T15:16:19.844,-1.67546,6.102306580132287,True,0
lunar-09862,lunar,2094-01-01,jerusalem_nasa_city_point,modeled UT1; not exact UTC,MID,2094-01-01T16:56:57.512,0.00167,25.99262950859919,True,0
lunar-09862,lunar,2094-01-01,jerusalem_nasa_city_point,modeled UT1; not exact UTC,U4,2094-01-01T18:37:32.696,1.67811,46.728604178195944,True,0
lunar-09862,lunar,2094-01-01,jerusalem_nasa_city_point,modeled UT1; not exact UTC,P4,2094-01-01T19:55:12.104,2.97239,62.75928681768285,True,0
lunar-09863,lunar,2094-06-28,jerusalem_nasa_city_point,modeled UT1; not exact UTC,P1,2094-06-28T07:15:31.224,-2.68866,-58.36511891362083,False,2
lunar-09863,lunar,2094-06-28,jerusalem_nasa_city_point,modeled UT1; not exact UTC,U1,2094-06-28T08:10:56.796,-1.76489,-69.2303762611936,False,2
lunar-09863,lunar,2094-06-28,jerusalem_nasa_city_point,modeled UT1; not exact UTC,U2,2094-06-28T09:08:29.484,-0.80581,-79.04977936145399,False,2
lunar-09863,lunar,2094-06-28,jerusalem_nasa_city_point,modeled UT1; not exact UTC,MID,2094-06-28T09:58:47.148,0.03243,-80.87590368874805,False,2
lunar-09863,lunar,2094-06-28,jerusalem_nasa_city_point,modeled UT1; not exact UTC,U3,2094-06-28T10:49:05.676,0.87091,-73.67238731890684,False,2
lunar-09863,lunar,2094-06-28,jerusalem_nasa_city_point,modeled UT1; not exact UTC,U4,2094-06-28T11:46:39.012,1.83017,-62.71910881346157,False,2
lunar-09863,lunar,2094-06-28,jerusalem_nasa_city_point,modeled UT1; not exact UTC,P4,2094-06-28T12:41:58.536,2.75226,-51.68229011774221,False,2
lunar-09864,lunar,2094-12-21,jerusalem_nasa_city_point,modeled UT1; not exact UTC,P1,2094-12-21T16:57:48.484,-2.98356,29.08813922199299,True,0
lunar-09864,lunar,2094-12-21,jerusalem_nasa_city_point,modeled UT1; not exact UTC,U1,2094-12-21T18:03:06.436,-1.89524,42.497435499053985,True,0
lunar-09864,lunar,2094-12-21,jerusalem_nasa_city_point,modeled UT1; not exact UTC,U2,2094-12-21T19:07:31.792,-0.82153,55.86137150731975,True,0
lunar-09864,lunar,2094-12-21,jerusalem_nasa_city_point,modeled UT1; not exact UTC,MID,2094-12-21T19:53:21.436,-0.05774,65.27915323097923,True,0
lunar-09864,lunar,2094-12-21,jerusalem_nasa_city_point,modeled UT1; not exact UTC,U3,2094-12-21T20:39:09.460,0.7056,74.24554359280368,True,0
lunar-09864,lunar,2094-12-21,jerusalem_nasa_city_point,modeled UT1; not exact UTC,U4,2094-12-21T21:43:33.916,1.77906,81.78633687681292,True,0
lunar-09864,lunar,2094-12-21,jerusalem_nasa_city_point,modeled UT1; not exact UTC,P4,2094-12-21T22:49:01.084,2.86994,73.24201440014154,True,0
lunar-09865,lunar,2095-06-17,jerusalem_nasa_city_point,modeled UT1; not exact UTC,P1,2095-06-17T19:24:38.716,-2.53594,25.396415308109248,True,0
lunar-09865,lunar,2095-06-17,jerusalem_nasa_city_point,modeled UT1; not exact UTC,U1,2095-06-17T20:43:35.488,-1.22017,31.946344278734266,True,0
lunar-09865,lunar,2095-06-17,jerusalem_nasa_city_point,modeled UT1; not exact UTC,MID,2095-06-17T21:56:58.864,0.00299,33.18458877951223,True,0
lunar-09865,lunar,2095-06-17,jerusalem_nasa_city_point,modeled UT1; not exact UTC,U4,2095-06-17T23:10:31.168,1.22863,29.415326210377135,True,0
lunar-09865,lunar,2095-06-17,jerusalem_nasa_city_point,modeled UT1; not exact UTC,P4,2095-06-18T00:29:19.660,2.5421,20.784183689475856,True,0
solar-09723,solar,2095-11-27,jerusalem_nasa_city_point,modeled UT1; not exact UTC,C1,2095-11-26T23:18:32.385,-1.6374206972778587,-62.852874979249364,False,1
solar-09723,solar,2095-11-27,jerusalem_nasa_city_point,modeled UT1; not exact UTC,MID,2095-11-26T23:54:06.070,-1.044730562891405,-55.47528274000081,False,1
solar-09723,solar,2095-11-27,jerusalem_nasa_city_point,modeled UT1; not exact UTC,C4,2095-11-27T00:30:29.327,-0.4382703558317902,-47.78629503572485,False,1
lunar-09866,lunar,2095-12-11,jerusalem_nasa_city_point,modeled UT1; not exact UTC,P1,2095-12-11T03:55:21.716,-2.02369,5.38725562956565,True,0
lunar-09866,lunar,2095-12-11,jerusalem_nasa_city_point,modeled UT1; not exact UTC,U1,2095-12-11T05:17:16.688,-0.65842,-9.101038247609473,False,2
lunar-09866,lunar,2095-12-11,jerusalem_nasa_city_point,modeled UT1; not exact UTC,MID,2095-12-11T06:11:48.908,0.25053,-17.6723732736088,False,2
lunar-09866,lunar,2095-12-11,jerusalem_nasa_city_point,modeled UT1; not exact UTC,U4,2095-12-11T07:06:13.172,1.15727,-24.975069665110517,False,2
lunar-09866,lunar,2095-12-11,jerusalem_nasa_city_point,modeled UT1; not exact UTC,P4,2095-12-11T08:28:15.452,2.52457,-32.61591604172218,False,2
lunar-09867,lunar,2096-05-07,jerusalem_nasa_city_point,modeled UT1; not exact UTC,P1,2096-05-07T09:33:01.940,-1.3956,-74.24855521195481,False,2
lunar-09867,lunar,2096-05-07,jerusalem_nasa_city_point,modeled UT1; not exact UTC,MID,2096-05-07T11:21:28.508,0.41178,-62.07612882637904,False,2
lunar-09867,lunar,2096-05-07,jerusalem_nasa_city_point,modeled UT1; not exact UTC,P4,2096-05-07T13:09:54.572,2.21902,-41.01327284144873,False,2
lunar-09868,lunar,2096-06-06,jerusalem_nasa_city_point,modeled UT1; not exact UTC,P1,2096-06-06T02:29:58.068,-0.44662,-0.5186735127770764,False,2
lunar-09868,lunar,2096-06-06,jerusalem_nasa_city_point,modeled UT1; not exact UTC,MID,2096-06-06T02:40:27.240,-0.27185,-2.4243017479934683,False,2
lunar-09868,lunar,2096-06-06,jerusalem_nasa_city_point,modeled UT1; not exact UTC,P4,2096-06-06T02:51:07.500,-0.094,-4.385374479544993,False,2
lunar-09869,lunar,2096-10-31,jerusalem_nasa_city_point,modeled UT1; not exact UTC,P1,2096-10-31T09:37:29.192,-2.32103,-45.76851853873028,False,2
lunar-09869,lunar,2096-10-31,jerusalem_nasa_city_point,modeled UT1; not exact UTC,MID,2096-10-31T11:27:07.760,-0.49365,-36.88841374472034,False,2
lunar-09869,lunar,2096-10-31,jerusalem_nasa_city_point,modeled UT1; not exact UTC,P4,2096-10-31T13:16:47.660,1.3341,-19.751780199048472,False,2
solar-09725,solar,2096-11-15,jerusalem_nasa_city_point,modeled UT1; not exact UTC,C1,2096-11-14T22:50:36.759,-2.1022336706161306,-66.4442845174914,False,1
solar-09725,solar,2096-11-15,jerusalem_nasa_city_point,modeled UT1; not exact UTC,MID,2096-11-14T23:32:46.708,-1.3994699648789366,-58.15682460505403,False,1
solar-09725,solar,2096-11-15,jerusalem_nasa_city_point,modeled UT1; not exact UTC,C4,2096-11-15T00:15:56.085,-0.6801986285954519,-49.19795670963152,False,1
lunar-09870,lunar,2096-11-29,jerusalem_nasa_city_point,modeled UT1; not exact UTC,P1,2096-11-29T20:40:05.008,-0.27772,76.69399538678444,True,0
lunar-09870,lunar,2096-11-29,jerusalem_nasa_city_point,modeled UT1; not exact UTC,MID,2096-11-29T21:19:06.772,0.37277,81.1729139054399,True,0
lunar-09870,lunar,2096-11-29,jerusalem_nasa_city_point,modeled UT1; not exact UTC,P4,2096-11-29T21:58:08.212,1.02317,79.015987539993,True,0
lunar-09871,lunar,2097-04-26,jerusalem_nasa_city_point,modeled UT1; not exact UTC,P1,2097-04-26T09:23:00.816,-2.56194,-71.21647973501969,False,2
lunar-09871,lunar,2097-04-26,jerusalem_nasa_city_point,modeled UT1; not exact UTC,U1,2097-04-26T10:37:23.592,-1.32228,-66.78887325806781,False,2
lunar-09871,lunar,2097-04-26,jerusalem_nasa_city_point,modeled UT1; not exact UTC,MID,2097-04-26T12:15:00.828,0.30473,-50.2080411140816,False,2
lunar-09871,lunar,2097-04-26,jerusalem_nasa_city_point,modeled UT1; not exact UTC,U4,2097-04-26T13:52:33.420,1.93045,-30.789039617344994,False,2
lunar-09871,lunar,2097-04-26,jerusalem_nasa_city_point,modeled UT1; not exact UTC,P4,2097-04-26T15:07:01.848,3.17168,-15.681135573514117,False,2
solar-09726,solar,2097-05-11,jerusalem_nasa_city_point,modeled UT1; not exact UTC,C1,2097-05-11T19:06:35.113,0.16428127016731287,-28.57126741459795,False,1
solar-09726,solar,2097-05-11,jerusalem_nasa_city_point,modeled UT1; not exact UTC,MID,2097-05-11T19:41:38.843,0.7486507080602828,-33.03350554968347,False,1
solar-09726,solar,2097-05-11,jerusalem_nasa_city_point,modeled UT1; not exact UTC,C4,2097-05-11T20:15:55.326,1.3198961864487928,-36.475545950389204,False,1
lunar-09872,lunar,2097-10-21,jerusalem_nasa_city_point,modeled UT1; not exact UTC,P1,2097-10-20T22:46:03.556,-3.17754,59.75179346733245,True,0
lunar-09872,lunar,2097-10-21,jerusalem_nasa_city_point,modeled UT1; not exact UTC,U1,2097-10-20T23:50:02.776,-2.11109,48.74359169907886,True,0
lunar-09872,lunar,2097-10-21,jerusalem_nasa_city_point,modeled UT1; not exact UTC,U2,2097-10-21T01:20:03.100,-0.611,30.9574552464131,True,0
lunar-09872,lunar,2097-10-21,jerusalem_nasa_city_point,modeled UT1; not exact UTC,MID,2097-10-21T01:27:37.816,-0.48469,29.4141171764657,True,0
lunar-09872,lunar,2097-10-21,jerusalem_nasa_city_point,modeled UT1; not exact UTC,U3,2097-10-21T01:35:15.880,-0.35745,27.856493646974982,True,0
lunar-09872,lunar,2097-10-21,jerusalem_nasa_city_point,modeled UT1; not exact UTC,U4,2097-10-21T03:05:16.456,1.14271,9.474632670651175,True,0
lunar-09872,lunar,2097-10-21,jerusalem_nasa_city_point,modeled UT1; not exact UTC,P4,2097-10-21T04:09:06.856,2.20671,-3.288591720685177,False,2
lunar-09873,lunar,2098-04-15,jerusalem_nasa_city_point,modeled UT1; not exact UTC,P1,2098-04-15T16:12:23.764,-2.73826,2.1700438126361203,True,0
lunar-09873,lunar,2098-04-15,jerusalem_nasa_city_point,modeled UT1; not exact UTC,U1,2098-04-15T17:13:34.000,-1.71875,14.039504411390144,True,0
lunar-09873,lunar,2098-04-15,jerusalem_nasa_city_point,modeled UT1; not exact UTC,U2,2098-04-15T18:16:57.832,-0.66213,25.52641188100161,True,0
lunar-09873,lunar,2098-04-15,jerusalem_nasa_city_point,modeled UT1; not exact UTC,MID,2098-04-15T19:01:29.392,0.07997,32.75778629627566,True,0
lunar-09873,lunar,2098-04-15,jerusalem_nasa_city_point,modeled UT1; not exact UTC,U3,2098-04-15T19:45:59.368,0.82163,38.912795111939076,True,0
lunar-09873,lunar,2098-04-15,jerusalem_nasa_city_point,modeled UT1; not exact UTC,U4,2098-04-15T20:49:22.588,1.87808,44.91213958433892,True,0
lunar-09873,lunar,2098-04-15,jerusalem_nasa_city_point,modeled UT1; not exact UTC,P4,2098-04-15T21:50:41.536,2.90001,46.46208772010506,True,0
lunar-09874,lunar,2098-10-10,jerusalem_nasa_city_point,modeled UT1; not exact UTC,P1,2098-10-10T06:17:54.836,-2.64599,-32.92274056925349,False,2
lunar-09874,lunar,2098-10-10,jerusalem_nasa_city_point,modeled UT1; not exact UTC,U1,2098-10-10T07:26:09.476,-1.50859,-43.27487242536053,False,2
lunar-09874,lunar,2098-10-10,jerusalem_nasa_city_point,modeled UT1; not exact UTC,U2,2098-10-10T08:35:18.188,-0.35617,-50.129106910131256,False,2
lunar-09874,lunar,2098-10-10,jerusalem_nasa_city_point,modeled UT1; not exact UTC,MID,2098-10-10T09:16:38.732,0.33287,-51.61225760687771,False,2
lunar-09874,lunar,2098-10-10,jerusalem_nasa_city_point,modeled UT1; not exact UTC,U3,2098-10-10T09:58:01.040,1.0224,-50.80003494724065,False,2
lunar-09874,lunar,2098-10-10,jerusalem_nasa_city_point,modeled UT1; not exact UTC,U4,2098-10-10T11:07:10.868,2.17513,-44.803668946704704,False,2
lunar-09874,lunar,2098-10-10,jerusalem_nasa_city_point,modeled UT1; not exact UTC,P4,2098-10-10T12:15:18.524,3.31059,-34.93767439216273,False,2
lunar-09875,lunar,2099-04-05,jerusalem_nasa_city_point,modeled UT1; not exact UTC,P1,2099-04-05T06:18:44.280,-2.63195,-38.48491851301203,False,2
lunar-09875,lunar,2099-04-05,jerusalem_nasa_city_point,modeled UT1; not exact UTC,U1,2099-04-05T07:43:30.900,-1.219,-54.038080300288506,False,2
lunar-09875,lunar,2099-04-05,jerusalem_nasa_city_point,modeled UT1; not exact UTC,MID,2099-04-05T08:27:35.604,-0.48436,-60.610009763942955,False,2
lunar-09875,lunar,2099-04-05,jerusalem_nasa_city_point,modeled UT1; not exact UTC,U4,2099-04-05T09:11:34.620,0.2487,-64.99199117704086,False,2
lunar-09875,lunar,2099-04-05,jerusalem_nasa_city_point,modeled UT1; not exact UTC,P4,2099-04-05T10:36:27.288,1.66333,-63.51128481546917,False,2
solar-09732,solar,2099-09-14,jerusalem_nasa_city_point,modeled UT1; not exact UTC,C1,2099-09-14T17:09:12.399,0.20949962112211595,-18.21874887253048,False,1
solar-09732,solar,2099-09-14,jerusalem_nasa_city_point,modeled UT1; not exact UTC,MID,2099-09-14T17:36:25.978,0.6632717472317864,-23.733739796423208,False,1
solar-09732,solar,2099-09-14,jerusalem_nasa_city_point,modeled UT1; not exact UTC,C4,2099-09-14T18:02:58.097,1.105526967672139,-28.96090542754182,False,1
lunar-09876,lunar,2099-09-29,jerusalem_nasa_city_point,modeled UT1; not exact UTC,P1,2099-09-29T08:09:07.440,-2.79185,-51.661122919782066,False,2
lunar-09876,lunar,2099-09-29,jerusalem_nasa_city_point,modeled UT1; not exact UTC,MID,2099-09-29T10:33:16.368,-0.38937,-52.051113133040424,False,2
lunar-09876,lunar,2099-09-29,jerusalem_nasa_city_point,modeled UT1; not exact UTC,P4,2099-09-29T12:57:28.176,2.01391,-30.182164632535535,False,2
lunar-09877,lunar,2100-02-24,jerusalem_nasa_city_point,modeled UT1; not exact UTC,P1,2100-02-24T12:59:30.828,-1.95177,-28.70698209127084,False,2
lunar-09877,lunar,2100-02-24,jerusalem_nasa_city_point,modeled UT1; not exact UTC,MID,2100-02-24T15:01:48.600,0.0865,-6.494759941717777,False,2
lunar-09877,lunar,2100-02-24,jerusalem_nasa_city_point,modeled UT1; not exact UTC,P4,2100-02-24T17:04:07.668,2.12513,18.060097317875428,True,0
solar-09733,solar,2100-03-10,jerusalem_nasa_city_point,modeled UT1; not exact UTC,C1,2100-03-10T21:45:49.786,-0.17980956873371412,-62.02891101582078,False,1
solar-09733,solar,2100-03-10,jerusalem_nasa_city_point,modeled UT1; not exact UTC,MID,2100-03-10T22:31:52.413,0.5875868032219381,-60.278566476563505,False,1
solar-09733,solar,2100-03-10,jerusalem_nasa_city_point,modeled UT1; not exact UTC,C4,2100-03-10T23:18:30.212,1.3647532792138721,-55.01803868003677,False,1
lunar-09878,lunar,2100-08-19,jerusalem_nasa_city_point,modeled UT1; not exact UTC,P1,2100-08-19T19:34:24.000,-2.37,34.454323873144205,True,0
lunar-09878,lunar,2100-08-19,jerusalem_nasa_city_point,modeled UT1; not exact UTC,MID,2100-08-19T21:41:34.488,-0.25042,44.14133829278379,True,0
lunar-09878,lunar,2100-08-19,jerusalem_nasa_city_point,modeled UT1; not exact UTC,P4,2100-08-19T23:48:36.480,1.8668,36.07668371496133,True,0
solar-09734,solar,2100-09-04,jerusalem_nasa_city_point,modeled UT1; not exact UTC,C1,2100-09-04T07:12:30.251,-1.7349025310333503,48.061511974630314,True,0
solar-09734,solar,2100-09-04,jerusalem_nasa_city_point,modeled UT1; not exact UTC,MID,2100-09-04T07:32:15.497,-1.4056674186349125,51.66990526347496,True,0
solar-09734,solar,2100-09-04,jerusalem_nasa_city_point,modeled UT1; not exact UTC,C4,2100-09-04T07:52:08.031,-1.0744079907875599,55.07420591911221,True,0
