country,source_country_id,source_country_name,month,period_start,period_end,value,unit,indicator,observation_status,decimal,period_complete,usable,source_last_updated
ETH,ETH,Ethiopia,2015-01,2015-01-01,2015-01-31,20.24368181818,official LCU per USD,DPANUSLCU,,0,True,True,2026-08-28
ETH,ETH,Ethiopia,2015-02,2015-02-01,2015-02-28,20.31325,official LCU per USD,DPANUSLCU,,0,True,True,2026-08-28
ETH,ETH,Ethiopia,2015-03,2015-03-01,2015-03-31,20.39118181818,official LCU per USD,DPANUSLCU,,0,True,True,2026-08-28
ETH,ETH,Ethiopia,2015-04,2015-04-01,2015-04-30,20.46090909091,official LCU per USD,DPANUSLCU,,0,True,True,2026-08-28
ETH,ETH,Ethiopia,2015-05,2015-05-01,2015-05-31,20.56238095238,official LCU per USD,DPANUSLCU,,0,True,True,2026-08-28
ETH,ETH,Ethiopia,2015-06,2015-06-01,2015-06-30,20.61718181818,official LCU per USD,DPANUSLCU,,0,True,True,2026-08-28
ETH,ETH,Ethiopia,2015-07,2015-07-01,2015-07-31,20.74958695652,official LCU per USD,DPANUSLCU,,0,True,True,2026-08-28
ETH,ETH,Ethiopia,2015-08,2015-08-01,2015-08-31,20.76957575758,official LCU per USD,DPANUSLCU,,0,True,True,2026-08-28
ETH,ETH,Ethiopia,2015-09,2015-09-01,2015-09-30,20.89013223141,official LCU per USD,DPANUSLCU,,0,True,True,2026-08-28
ETH,ETH,Ethiopia,2015-10,2015-10-01,2015-10-31,20.97527272727,official LCU per USD,DPANUSLCU,,0,True,True,2026-08-28
ETH,ETH,Ethiopia,2015-11,2015-11-01,2015-11-30,21.05245238095,official LCU per USD,DPANUSLCU,,0,True,True,2026-08-28
ETH,ETH,Ethiopia,2015-12,2015-12-01,2015-12-31,21.0772173913,official LCU per USD,DPANUSLCU,,0,True,True,2026-08-28
ETH,ETH,Ethiopia,2016-01,2016-01-01,2016-01-31,21.26171428571,official LCU per USD,DPANUSLCU,,0,True,True,2026-08-28
ETH,ETH,Ethiopia,2016-02,2016-02-01,2016-02-29,21.2535,official LCU per USD,DPANUSLCU,,0,True,True,2026-08-28
ETH,ETH,Ethiopia,2016-03,2016-03-01,2016-03-31,21.35583478261,official LCU per USD,DPANUSLCU,,0,True,True,2026-08-28
ETH,ETH,Ethiopia,2016-04,2016-04-01,2016-04-30,21.52308571429,official LCU per USD,DPANUSLCU,,0,True,True,2026-08-28
ETH,ETH,Ethiopia,2016-05,2016-05-01,2016-05-31,21.6615,official LCU per USD,DPANUSLCU,,0,True,True,2026-08-28
ETH,ETH,Ethiopia,2016-06,2016-06-01,2016-06-30,21.76072727273,official LCU per USD,DPANUSLCU,,0,True,True,2026-08-28
ETH,ETH,Ethiopia,2016-07,2016-07-01,2016-07-31,21.98554761905,official LCU per USD,DPANUSLCU,,0,True,True,2026-08-28
ETH,ETH,Ethiopia,2016-08,2016-08-01,2016-08-31,22.09432608696,official LCU per USD,DPANUSLCU,,0,True,True,2026-08-28
ETH,ETH,Ethiopia,2016-09,2016-09-01,2016-09-30,22.15297727273,official LCU per USD,DPANUSLCU,,0,True,True,2026-08-28
ETH,ETH,Ethiopia,2016-10,2016-10-01,2016-10-31,22.20968398268,official LCU per USD,DPANUSLCU,,0,True,True,2026-08-28
ETH,ETH,Ethiopia,2016-11,2016-11-01,2016-11-30,22.38741528926,official LCU per USD,DPANUSLCU,,0,True,True,2026-08-28
ETH,ETH,Ethiopia,2016-12,2016-12-01,2016-12-31,22.41307954545,official LCU per USD,DPANUSLCU,,0,True,True,2026-08-28
ETH,ETH,Ethiopia,2017-01,2017-01-01,2017-01-31,22.60605681818,official LCU per USD,DPANUSLCU,,0,True,True,2026-08-28
ETH,ETH,Ethiopia,2017-02,2017-02-01,2017-02-28,22.70685,official LCU per USD,DPANUSLCU,,0,True,True,2026-08-28
ETH,ETH,Ethiopia,2017-03,2017-03-01,2017-03-31,22.76839130435,official LCU per USD,DPANUSLCU,,0,True,True,2026-08-28
ETH,ETH,Ethiopia,2017-04,2017-04-01,2017-04-30,22.906625,official LCU per USD,DPANUSLCU,,0,True,True,2026-08-28
ETH,ETH,Ethiopia,2017-05,2017-05-01,2017-05-31,23.09010869565,official LCU per USD,DPANUSLCU,,0,True,True,2026-08-28
ETH,ETH,Ethiopia,2017-06,2017-06-01,2017-06-30,23.23184090909,official LCU per USD,DPANUSLCU,,0,True,True,2026-08-28
ETH,ETH,Ethiopia,2017-07,2017-07-01,2017-07-31,23.40423809524,official LCU per USD,DPANUSLCU,,0,True,True,2026-08-28
ETH,ETH,Ethiopia,2017-08,2017-08-01,2017-08-31,23.4357173913,official LCU per USD,DPANUSLCU,,0,True,True,2026-08-28
ETH,ETH,Ethiopia,2017-09,2017-09-01,2017-09-30,23.54342857143,official LCU per USD,DPANUSLCU,,0,True,True,2026-08-28
ETH,ETH,Ethiopia,2017-10,2017-10-01,2017-10-31,25.71543181818,official LCU per USD,DPANUSLCU,,0,True,True,2026-08-28
ETH,ETH,Ethiopia,2017-11,2017-11-01,2017-11-30,27.2545,official LCU per USD,DPANUSLCU,,0,True,True,2026-08-28
ETH,ETH,Ethiopia,2017-12,2017-12-01,2017-12-31,27.31395918367,official LCU per USD,DPANUSLCU,,0,True,True,2026-08-28
ETH,ETH,Ethiopia,2018-01,2018-01-01,2018-01-31,27.42656335404,official LCU per USD,DPANUSLCU,,0,True,True,2026-08-28
ETH,ETH,Ethiopia,2018-02,2018-02-01,2018-02-28,27.476995,official LCU per USD,DPANUSLCU,,0,True,True,2026-08-28
ETH,ETH,Ethiopia,2018-03,2018-03-01,2018-03-31,27.51275,official LCU per USD,DPANUSLCU,,0,True,True,2026-08-28
ETH,ETH,Ethiopia,2018-04,2018-04-01,2018-04-30,27.37264285714,official LCU per USD,DPANUSLCU,,0,True,True,2026-08-28
ETH,ETH,Ethiopia,2018-05,2018-05-01,2018-05-31,27.45793478261,official LCU per USD,DPANUSLCU,,0,True,True,2026-08-28
ETH,ETH,Ethiopia,2018-06,2018-06-01,2018-06-30,27.42195238095,official LCU per USD,DPANUSLCU,,0,True,True,2026-08-28
ETH,ETH,Ethiopia,2018-07,2018-07-01,2018-07-31,27.47425,official LCU per USD,DPANUSLCU,,0,True,True,2026-08-28
ETH,ETH,Ethiopia,2018-08,2018-08-01,2018-08-31,27.63867391304,official LCU per USD,DPANUSLCU,,0,True,True,2026-08-28
ETH,ETH,Ethiopia,2018-09,2018-09-01,2018-09-30,27.687375,official LCU per USD,DPANUSLCU,,0,True,True,2026-08-28
ETH,ETH,Ethiopia,2018-10,2018-10-01,2018-10-31,27.88339130435,official LCU per USD,DPANUSLCU,,0,True,True,2026-08-28
ETH,ETH,Ethiopia,2018-11,2018-11-01,2018-11-30,28.03356818182,official LCU per USD,DPANUSLCU,,0,True,True,2026-08-28
ETH,ETH,Ethiopia,2018-12,2018-12-01,2018-12-31,28.21685714286,official LCU per USD,DPANUSLCU,,0,True,True,2026-08-28
ETH,ETH,Ethiopia,2019-01,2019-01-01,2019-01-31,28.41493478261,official LCU per USD,DPANUSLCU,,0,True,True,2026-08-28
ETH,ETH,Ethiopia,2019-02,2019-02-01,2019-02-28,28.53745,official LCU per USD,DPANUSLCU,,0,True,True,2026-08-28
ETH,ETH,Ethiopia,2019-03,2019-03-01,2019-03-31,28.62207142857,official LCU per USD,DPANUSLCU,,0,True,True,2026-08-28
ETH,ETH,Ethiopia,2019-04,2019-04-01,2019-04-30,28.86593181818,official LCU per USD,DPANUSLCU,,0,True,True,2026-08-28
ETH,ETH,Ethiopia,2019-05,2019-05-01,2019-05-31,28.93306521739,official LCU per USD,DPANUSLCU,,0,True,True,2026-08-28
ETH,ETH,Ethiopia,2019-06,2019-06-01,2019-06-30,29.02345,official LCU per USD,DPANUSLCU,,0,True,True,2026-08-28
ETH,ETH,Ethiopia,2019-07,2019-07-01,2019-07-31,28.97947826087,official LCU per USD,DPANUSLCU,,0,True,True,2026-08-28
ETH,ETH,Ethiopia,2019-08,2019-08-01,2019-08-31,29.14409090909,official LCU per USD,DPANUSLCU,,0,True,True,2026-08-28
ETH,ETH,Ethiopia,2019-09,2019-09-01,2019-09-30,29.43902380952,official LCU per USD,DPANUSLCU,,0,True,True,2026-08-28
ETH,ETH,Ethiopia,2019-10,2019-10-01,2019-10-31,29.49160869565,official LCU per USD,DPANUSLCU,,0,True,True,2026-08-28
ETH,ETH,Ethiopia,2019-11,2019-11-01,2019-11-30,29.98518253968,official LCU per USD,DPANUSLCU,,0,True,True,2026-08-28
ETH,ETH,Ethiopia,2019-12,2019-12-01,2019-12-31,31.57538636364,official LCU per USD,DPANUSLCU,,0,True,True,2026-08-28
ETH,ETH,Ethiopia,2020-01,2020-01-01,2020-01-31,32.02918115942,official LCU per USD,DPANUSLCU,,0,True,True,2026-08-28
ETH,ETH,Ethiopia,2020-02,2020-02-01,2020-02-29,32.095025,official LCU per USD,DPANUSLCU,,0,True,True,2026-08-28
ETH,ETH,Ethiopia,2020-03,2020-03-01,2020-03-31,32.55713636364,official LCU per USD,DPANUSLCU,,0,True,True,2026-08-28
ETH,ETH,Ethiopia,2020-04,2020-04-01,2020-04-30,32.95156818182,official LCU per USD,DPANUSLCU,,0,True,True,2026-08-28
ETH,ETH,Ethiopia,2020-05,2020-05-01,2020-05-31,33.70814285714,official LCU per USD,DPANUSLCU,,0,True,True,2026-08-28
ETH,ETH,Ethiopia,2020-06,2020-06-01,2020-06-30,34.32584090909,official LCU per USD,DPANUSLCU,,0,True,True,2026-08-28
ETH,ETH,Ethiopia,2020-07,2020-07-01,2020-07-31,35.103,official LCU per USD,DPANUSLCU,,0,True,True,2026-08-28
ETH,ETH,Ethiopia,2020-08,2020-08-01,2020-08-31,35.74047619048,official LCU per USD,DPANUSLCU,,0,True,True,2026-08-28
ETH,ETH,Ethiopia,2020-09,2020-09-01,2020-09-30,36.75372727273,official LCU per USD,DPANUSLCU,,0,True,True,2026-08-28
ETH,ETH,Ethiopia,2020-10,2020-10-01,2020-10-31,37.29190909091,official LCU per USD,DPANUSLCU,,0,True,True,2026-08-28
ETH,ETH,Ethiopia,2020-11,2020-11-01,2020-11-30,37.98511904762,official LCU per USD,DPANUSLCU,,0,True,True,2026-08-28
ETH,ETH,Ethiopia,2020-12,2020-12-01,2020-12-31,38.75115217391,official LCU per USD,DPANUSLCU,,0,True,True,2026-08-28
ETH,ETH,Ethiopia,2021-01,2021-01-01,2021-01-31,39.40395238095,official LCU per USD,DPANUSLCU,,0,True,True,2026-08-28
ETH,ETH,Ethiopia,2021-02,2021-02-01,2021-02-28,39.856325,official LCU per USD,DPANUSLCU,,0,True,True,2026-08-28
ETH,ETH,Ethiopia,2021-03,2021-03-01,2021-03-31,40.73510869565,official LCU per USD,DPANUSLCU,,0,True,True,2026-08-28
ETH,ETH,Ethiopia,2021-04,2021-04-01,2021-04-30,41.51643181818,official LCU per USD,DPANUSLCU,,0,True,True,2026-08-28
ETH,ETH,Ethiopia,2021-05,2021-05-01,2021-05-31,42.71164285714,official LCU per USD,DPANUSLCU,,0,True,True,2026-08-28
ETH,ETH,Ethiopia,2021-06,2021-06-01,2021-06-30,43.65531818182,official LCU per USD,DPANUSLCU,,0,True,True,2026-08-28
ETH,ETH,Ethiopia,2021-07,2021-07-01,2021-07-31,44.04927272727,official LCU per USD,DPANUSLCU,,0,True,True,2026-08-28
ETH,ETH,Ethiopia,2021-08,2021-08-01,2021-08-31,45.10354545455,official LCU per USD,DPANUSLCU,,0,True,True,2026-08-28
ETH,ETH,Ethiopia,2021-09,2021-09-01,2021-09-30,46.02065909091,official LCU per USD,DPANUSLCU,,0,True,True,2026-08-28
ETH,ETH,Ethiopia,2021-10,2021-10-01,2021-10-31,46.77757936508,official LCU per USD,DPANUSLCU,,0,True,True,2026-08-28
ETH,ETH,Ethiopia,2021-11,2021-11-01,2021-11-30,47.52662878788,official LCU per USD,DPANUSLCU,,0,True,True,2026-08-28
ETH,ETH,Ethiopia,2021-12,2021-12-01,2021-12-31,48.63397826087,official LCU per USD,DPANUSLCU,,0,True,True,2026-08-28
ETH,ETH,Ethiopia,2022-01,2022-01-01,2022-01-31,49.58123809524,official LCU per USD,DPANUSLCU,,0,True,True,2026-08-28
ETH,ETH,Ethiopia,2022-02,2022-02-01,2022-02-28,50.5332,official LCU per USD,DPANUSLCU,,0,True,True,2026-08-28
ETH,ETH,Ethiopia,2022-03,2022-03-01,2022-03-31,51.1757826087,official LCU per USD,DPANUSLCU,,0,True,True,2026-08-28
ETH,ETH,Ethiopia,2022-04,2022-04-01,2022-04-30,51.4065952381,official LCU per USD,DPANUSLCU,,0,True,True,2026-08-28
ETH,ETH,Ethiopia,2022-05,2022-05-01,2022-05-31,51.57109090909,official LCU per USD,DPANUSLCU,,0,True,True,2026-08-28
ETH,ETH,Ethiopia,2022-06,2022-06-01,2022-06-30,51.79318181818,official LCU per USD,DPANUSLCU,,0,True,True,2026-08-28
ETH,ETH,Ethiopia,2022-07,2022-07-01,2022-07-31,52.20447619048,official LCU per USD,DPANUSLCU,,0,True,True,2026-08-28
ETH,ETH,Ethiopia,2022-08,2022-08-01,2022-08-31,52.36904347826,official LCU per USD,DPANUSLCU,,0,True,True,2026-08-28
ETH,ETH,Ethiopia,2022-09,2022-09-01,2022-09-30,52.66134090909,official LCU per USD,DPANUSLCU,,0,True,True,2026-08-28
ETH,ETH,Ethiopia,2022-10,2022-10-01,2022-10-31,52.84719047619,official LCU per USD,DPANUSLCU,,0,True,True,2026-08-28
ETH,ETH,Ethiopia,2022-11,2022-11-01,2022-11-30,53.19568181818,official LCU per USD,DPANUSLCU,,0,True,True,2026-08-28
ETH,ETH,Ethiopia,2022-12,2022-12-01,2022-12-31,53.39725,official LCU per USD,DPANUSLCU,,0,True,True,2026-08-28
ETH,ETH,Ethiopia,2023-01,2023-01-01,2023-01-31,53.54763636364,official LCU per USD,DPANUSLCU,,0,True,True,2026-08-28
ETH,ETH,Ethiopia,2023-02,2023-02-01,2023-02-28,53.769925,official LCU per USD,DPANUSLCU,,0,True,True,2026-08-28
ETH,ETH,Ethiopia,2023-03,2023-03-01,2023-03-31,53.90691304348,official LCU per USD,DPANUSLCU,,0,True,True,2026-08-28
ETH,ETH,Ethiopia,2023-04,2023-04-01,2023-04-30,54.209075,official LCU per USD,DPANUSLCU,,0,True,True,2026-08-28
ETH,ETH,Ethiopia,2023-05,2023-05-01,2023-05-31,54.44697826087,official LCU per USD,DPANUSLCU,,0,True,True,2026-08-28
ETH,ETH,Ethiopia,2023-06,2023-06-01,2023-06-30,54.66915909091,official LCU per USD,DPANUSLCU,,0,True,True,2026-08-28
ETH,ETH,Ethiopia,2023-07,2023-07-01,2023-07-31,54.90928571429,official LCU per USD,DPANUSLCU,,0,True,True,2026-08-28
ETH,ETH,Ethiopia,2023-08,2023-08-01,2023-08-31,55.11691304348,official LCU per USD,DPANUSLCU,,0,True,True,2026-08-28
ETH,ETH,Ethiopia,2023-09,2023-09-01,2023-09-30,55.18476190476,official LCU per USD,DPANUSLCU,,0,True,True,2026-08-28
ETH,ETH,Ethiopia,2023-10,2023-10-01,2023-10-31,55.58534090909,official LCU per USD,DPANUSLCU,,0,True,True,2026-08-28
ETH,ETH,Ethiopia,2023-11,2023-11-01,2023-11-30,55.76170454545,official LCU per USD,DPANUSLCU,,0,True,True,2026-08-28
ETH,ETH,Ethiopia,2023-12,2023-12-01,2023-12-31,56.04911904762,official LCU per USD,DPANUSLCU,,0,True,True,2026-08-28
ETH,ETH,Ethiopia,2024-01,2024-01-01,2024-01-31,56.20395652174,official LCU per USD,DPANUSLCU,,0,True,True,2026-08-28
ETH,ETH,Ethiopia,2024-02,2024-02-01,2024-02-29,56.55414285714,official LCU per USD,DPANUSLCU,,0,True,True,2026-08-28
ETH,ETH,Ethiopia,2024-03,2024-03-01,2024-03-31,56.76466666667,official LCU per USD,DPANUSLCU,,0,True,True,2026-08-28
ETH,ETH,Ethiopia,2024-04,2024-04-01,2024-04-30,56.90370454545,official LCU per USD,DPANUSLCU,,0,True,True,2026-08-28
ETH,ETH,Ethiopia,2024-05,2024-05-01,2024-05-31,57.21473913043,official LCU per USD,DPANUSLCU,,0,True,True,2026-08-28
ETH,ETH,Ethiopia,2024-06,2024-06-01,2024-06-30,57.43845,official LCU per USD,DPANUSLCU,,0,True,True,2026-08-28
ETH,ETH,Ethiopia,2024-07,2024-07-01,2024-07-31,59.50230434783,official LCU per USD,DPANUSLCU,,0,True,True,2026-08-28
ETH,ETH,Ethiopia,2024-08,2024-08-01,2024-08-31,101.94879545455,official LCU per USD,DPANUSLCU,,0,True,True,2026-08-28
ETH,ETH,Ethiopia,2024-09,2024-09-01,2024-09-30,113.75919047619,official LCU per USD,DPANUSLCU,,0,True,True,2026-08-28
ETH,ETH,Ethiopia,2024-10,2024-10-01,2024-10-31,118.37402173913,official LCU per USD,DPANUSLCU,,0,True,True,2026-08-28
ETH,ETH,Ethiopia,2024-11,2024-11-01,2024-11-30,122.15035714286,official LCU per USD,DPANUSLCU,,0,True,True,2026-08-28
ETH,ETH,Ethiopia,2024-12,2024-12-01,2024-12-31,125.78518181818,official LCU per USD,DPANUSLCU,,0,True,True,2026-08-28
ETH,ETH,Ethiopia,2025-01,2025-01-01,2025-01-31,126.49243478261,official LCU per USD,DPANUSLCU,,0,True,True,2026-08-28
ETH,ETH,Ethiopia,2025-02,2025-02-01,2025-02-28,126.907075,official LCU per USD,DPANUSLCU,,0,True,True,2026-08-28
ETH,ETH,Ethiopia,2025-03,2025-03-01,2025-03-31,129.25697619048,official LCU per USD,DPANUSLCU,,0,True,True,2026-08-28
ETH,ETH,Ethiopia,2025-04,2025-04-01,2025-04-30,130.91020454546,official LCU per USD,DPANUSLCU,,0,True,True,2026-08-28
ETH,ETH,Ethiopia,2025-05,2025-05-01,2025-05-31,132.32356818182,official LCU per USD,DPANUSLCU,,0,True,True,2026-08-28
ETH,ETH,Ethiopia,2025-06,2025-06-01,2025-06-30,134.86035714286,official LCU per USD,DPANUSLCU,,0,True,True,2026-08-28
ETH,ETH,Ethiopia,2025-07,2025-07-01,2025-07-31,136.73091304348,official LCU per USD,DPANUSLCU,,0,True,True,2026-08-28
ETH,ETH,Ethiopia,2025-08,2025-08-01,2025-08-31,140.17466666667,official LCU per USD,DPANUSLCU,,0,True,True,2026-08-28
ETH,ETH,Ethiopia,2025-09,2025-09-01,2025-09-30,143.417,official LCU per USD,DPANUSLCU,,0,True,True,2026-08-28
ETH,ETH,Ethiopia,2025-10,2025-10-01,2025-10-31,148.39126086957,official LCU per USD,DPANUSLCU,,0,True,True,2026-08-28
ETH,ETH,Ethiopia,2025-11,2025-11-01,2025-11-30,153.36185,official LCU per USD,DPANUSLCU,,0,True,True,2026-08-28
ETH,ETH,Ethiopia,2025-12,2025-12-01,2025-12-31,154.8765,official LCU per USD,DPANUSLCU,,0,True,True,2026-08-28
ETH,ETH,Ethiopia,2026-01,2026-01-01,2026-01-31,155.14390909091,official LCU per USD,DPANUSLCU,,0,True,True,2026-08-28
ETH,ETH,Ethiopia,2026-02,2026-02-01,2026-02-28,155.195725,official LCU per USD,DPANUSLCU,,0,True,True,2026-08-28
ETH,ETH,Ethiopia,2026-03,2026-03-01,2026-03-31,156.27521052632,official LCU per USD,DPANUSLCU,,0,True,True,2026-08-28
ISR,ISR,Israel,2015-01,2015-01-01,2015-01-31,3.94213636364,official LCU per USD,DPANUSLCU,,0,True,True,2026-08-28
ISR,ISR,Israel,2015-02,2015-02-01,2015-02-28,3.8955,official LCU per USD,DPANUSLCU,,0,True,True,2026-08-28
ISR,ISR,Israel,2015-03,2015-03-01,2015-03-31,3.99486363636,official LCU per USD,DPANUSLCU,,0,True,True,2026-08-28
ISR,ISR,Israel,2015-04,2015-04-01,2015-04-30,3.93222727273,official LCU per USD,DPANUSLCU,,0,True,True,2026-08-28
ISR,ISR,Israel,2015-05,2015-05-01,2015-05-31,3.86435714286,official LCU per USD,DPANUSLCU,,0,True,True,2026-08-28
ISR,ISR,Israel,2015-06,2015-06-01,2015-06-30,3.81531818182,official LCU per USD,DPANUSLCU,,0,True,True,2026-08-28
ISR,ISR,Israel,2015-07,2015-07-01,2015-07-31,3.78980434783,official LCU per USD,DPANUSLCU,,0,True,True,2026-08-28
ISR,ISR,Israel,2015-08,2015-08-01,2015-08-31,3.83138961039,official LCU per USD,DPANUSLCU,,0,True,True,2026-08-28
ISR,ISR,Israel,2015-09,2015-09-01,2015-09-30,3.90149173554,official LCU per USD,DPANUSLCU,,0,True,True,2026-08-28
ISR,ISR,Israel,2015-10,2015-10-01,2015-10-31,3.86040909091,official LCU per USD,DPANUSLCU,,0,True,True,2026-08-28
ISR,ISR,Israel,2015-11,2015-11-01,2015-11-30,3.88871428571,official LCU per USD,DPANUSLCU,,0,True,True,2026-08-28
ISR,ISR,Israel,2015-12,2015-12-01,2015-12-31,3.87491304348,official LCU per USD,DPANUSLCU,,0,True,True,2026-08-28
ISR,ISR,Israel,2016-01,2016-01-01,2016-01-31,3.94866666667,official LCU per USD,DPANUSLCU,,0,True,True,2026-08-28
ISR,ISR,Israel,2016-02,2016-02-01,2016-02-29,3.9070952381,official LCU per USD,DPANUSLCU,,0,True,True,2026-08-28
ISR,ISR,Israel,2016-03,2016-03-01,2016-03-31,3.86376521739,official LCU per USD,DPANUSLCU,,0,True,True,2026-08-28
ISR,ISR,Israel,2016-04,2016-04-01,2016-04-30,3.7744952381,official LCU per USD,DPANUSLCU,,0,True,True,2026-08-28
ISR,ISR,Israel,2016-05,2016-05-01,2016-05-31,3.81647727273,official LCU per USD,DPANUSLCU,,0,True,True,2026-08-28
ISR,ISR,Israel,2016-06,2016-06-01,2016-06-30,3.85586363636,official LCU per USD,DPANUSLCU,,0,True,True,2026-08-28
ISR,ISR,Israel,2016-07,2016-07-01,2016-07-31,3.85683333333,official LCU per USD,DPANUSLCU,,0,True,True,2026-08-28
ISR,ISR,Israel,2016-08,2016-08-01,2016-08-31,3.79445652174,official LCU per USD,DPANUSLCU,,0,True,True,2026-08-28
ISR,ISR,Israel,2016-09,2016-09-01,2016-09-30,3.76338636364,official LCU per USD,DPANUSLCU,,0,True,True,2026-08-28
ISR,ISR,Israel,2016-10,2016-10-01,2016-10-31,3.81895887446,official LCU per USD,DPANUSLCU,,0,True,True,2026-08-28
ISR,ISR,Israel,2016-11,2016-11-01,2016-11-30,3.84517561983,official LCU per USD,DPANUSLCU,,0,True,True,2026-08-28
ISR,ISR,Israel,2016-12,2016-12-01,2016-12-31,3.82930681818,official LCU per USD,DPANUSLCU,,0,True,True,2026-08-28
ISR,ISR,Israel,2017-01,2017-01-01,2017-01-31,3.81621590909,official LCU per USD,DPANUSLCU,,0,True,True,2026-08-28
ISR,ISR,Israel,2017-02,2017-02-01,2017-02-28,3.7245,official LCU per USD,DPANUSLCU,,0,True,True,2026-08-28
ISR,ISR,Israel,2017-03,2017-03-01,2017-03-31,3.65106521739,official LCU per USD,DPANUSLCU,,0,True,True,2026-08-28
ISR,ISR,Israel,2017-04,2017-04-01,2017-04-30,3.65295,official LCU per USD,DPANUSLCU,,0,True,True,2026-08-28
ISR,ISR,Israel,2017-05,2017-05-01,2017-05-31,3.59319565217,official LCU per USD,DPANUSLCU,,0,True,True,2026-08-28
ISR,ISR,Israel,2017-06,2017-06-01,2017-06-30,3.52845454545,official LCU per USD,DPANUSLCU,,0,True,True,2026-08-28
ISR,ISR,Israel,2017-07,2017-07-01,2017-07-31,3.54819047619,official LCU per USD,DPANUSLCU,,0,True,True,2026-08-28
ISR,ISR,Israel,2017-08,2017-08-01,2017-08-31,3.59954347826,official LCU per USD,DPANUSLCU,,0,True,True,2026-08-28
ISR,ISR,Israel,2017-09,2017-09-01,2017-09-30,3.5319047619,official LCU per USD,DPANUSLCU,,0,True,True,2026-08-28
ISR,ISR,Israel,2017-10,2017-10-01,2017-10-31,3.51027272727,official LCU per USD,DPANUSLCU,,0,True,True,2026-08-28
ISR,ISR,Israel,2017-11,2017-11-01,2017-11-30,3.51677272727,official LCU per USD,DPANUSLCU,,0,True,True,2026-08-28
ISR,ISR,Israel,2017-12,2017-12-01,2017-12-31,3.50107482993,official LCU per USD,DPANUSLCU,,0,True,True,2026-08-28
ISR,ISR,Israel,2018-01,2018-01-01,2018-01-31,3.42658385093,official LCU per USD,DPANUSLCU,,0,True,True,2026-08-28
ISR,ISR,Israel,2018-02,2018-02-01,2018-02-28,3.4953,official LCU per USD,DPANUSLCU,,0,True,True,2026-08-28
ISR,ISR,Israel,2018-03,2018-03-01,2018-03-31,3.46883333333,official LCU per USD,DPANUSLCU,,0,True,True,2026-08-28
ISR,ISR,Israel,2018-04,2018-04-01,2018-04-30,3.5381031746,official LCU per USD,DPANUSLCU,,0,True,True,2026-08-28
ISR,ISR,Israel,2018-05,2018-05-01,2018-05-31,3.58589130435,official LCU per USD,DPANUSLCU,,0,True,True,2026-08-28
ISR,ISR,Israel,2018-06,2018-06-01,2018-06-30,3.60676190476,official LCU per USD,DPANUSLCU,,0,True,True,2026-08-28
ISR,ISR,Israel,2018-07,2018-07-01,2018-07-31,3.64438636364,official LCU per USD,DPANUSLCU,,0,True,True,2026-08-28
ISR,ISR,Israel,2018-08,2018-08-01,2018-08-31,3.66145652174,official LCU per USD,DPANUSLCU,,0,True,True,2026-08-28
ISR,ISR,Israel,2018-09,2018-09-01,2018-09-30,3.589275,official LCU per USD,DPANUSLCU,,0,True,True,2026-08-28
ISR,ISR,Israel,2018-10,2018-10-01,2018-10-31,3.65723913043,official LCU per USD,DPANUSLCU,,0,True,True,2026-08-28
ISR,ISR,Israel,2018-11,2018-11-01,2018-11-30,3.70011363636,official LCU per USD,DPANUSLCU,,0,True,True,2026-08-28
ISR,ISR,Israel,2018-12,2018-12-01,2018-12-31,3.75497619048,official LCU per USD,DPANUSLCU,,0,True,True,2026-08-28
ISR,ISR,Israel,2019-01,2019-01-01,2019-01-31,3.68673913043,official LCU per USD,DPANUSLCU,,0,True,True,2026-08-28
ISR,ISR,Israel,2019-02,2019-02-01,2019-02-28,3.6257,official LCU per USD,DPANUSLCU,,0,True,True,2026-08-28
ISR,ISR,Israel,2019-03,2019-03-01,2019-03-31,3.61638095238,official LCU per USD,DPANUSLCU,,0,True,True,2026-08-28
ISR,ISR,Israel,2019-04,2019-04-01,2019-04-30,3.59447727273,official LCU per USD,DPANUSLCU,,0,True,True,2026-08-28
ISR,ISR,Israel,2019-05,2019-05-01,2019-05-31,3.593,official LCU per USD,DPANUSLCU,,0,True,True,2026-08-28
ISR,ISR,Israel,2019-06,2019-06-01,2019-06-30,3.596575,official LCU per USD,DPANUSLCU,,0,True,True,2026-08-28
ISR,ISR,Israel,2019-07,2019-07-01,2019-07-31,3.54523913043,official LCU per USD,DPANUSLCU,,0,True,True,2026-08-28
ISR,ISR,Israel,2019-08,2019-08-01,2019-08-31,3.50845454545,official LCU per USD,DPANUSLCU,,0,True,True,2026-08-28
ISR,ISR,Israel,2019-09,2019-09-01,2019-09-30,3.52571428571,official LCU per USD,DPANUSLCU,,0,True,True,2026-08-28
ISR,ISR,Israel,2019-10,2019-10-01,2019-10-31,3.51765217391,official LCU per USD,DPANUSLCU,,0,True,True,2026-08-28
ISR,ISR,Israel,2019-11,2019-11-01,2019-11-30,3.48369047619,official LCU per USD,DPANUSLCU,,0,True,True,2026-08-28
ISR,ISR,Israel,2019-12,2019-12-01,2019-12-31,3.47337878788,official LCU per USD,DPANUSLCU,,0,True,True,2026-08-28
ISR,ISR,Israel,2020-01,2020-01-01,2020-01-31,3.46083333333,official LCU per USD,DPANUSLCU,,0,True,True,2026-08-28
ISR,ISR,Israel,2020-02,2020-02-01,2020-02-29,3.4335,official LCU per USD,DPANUSLCU,,0,True,True,2026-08-28
ISR,ISR,Israel,2020-03,2020-03-01,2020-03-31,3.55765909091,official LCU per USD,DPANUSLCU,,0,True,True,2026-08-28
ISR,ISR,Israel,2020-04,2020-04-01,2020-04-30,3.56997727273,official LCU per USD,DPANUSLCU,,0,True,True,2026-08-28
ISR,ISR,Israel,2020-05,2020-05-01,2020-05-31,3.51866666667,official LCU per USD,DPANUSLCU,,0,True,True,2026-08-28
ISR,ISR,Israel,2020-06,2020-06-01,2020-06-30,3.45968181818,official LCU per USD,DPANUSLCU,,0,True,True,2026-08-28
ISR,ISR,Israel,2020-07,2020-07-01,2020-07-31,3.43210869565,official LCU per USD,DPANUSLCU,,0,True,True,2026-08-28
ISR,ISR,Israel,2020-08,2020-08-01,2020-08-31,3.402,official LCU per USD,DPANUSLCU,,0,True,True,2026-08-28
ISR,ISR,Israel,2020-09,2020-09-01,2020-09-30,3.42363636364,official LCU per USD,DPANUSLCU,,0,True,True,2026-08-28
ISR,ISR,Israel,2020-10,2020-10-01,2020-10-31,3.39365909091,official LCU per USD,DPANUSLCU,,0,True,True,2026-08-28
ISR,ISR,Israel,2020-11,2020-11-01,2020-11-30,3.36247619048,official LCU per USD,DPANUSLCU,,0,True,True,2026-08-28
ISR,ISR,Israel,2020-12,2020-12-01,2020-12-31,3.2477173913,official LCU per USD,DPANUSLCU,,0,True,True,2026-08-28
ISR,ISR,Israel,2021-01,2021-01-01,2021-01-31,3.22785714286,official LCU per USD,DPANUSLCU,,0,True,True,2026-08-28
ISR,ISR,Israel,2021-02,2021-02-01,2021-02-28,3.271225,official LCU per USD,DPANUSLCU,,0,True,True,2026-08-28
ISR,ISR,Israel,2021-03,2021-03-01,2021-03-31,3.31382608696,official LCU per USD,DPANUSLCU,,0,True,True,2026-08-28
ISR,ISR,Israel,2021-04,2021-04-01,2021-04-30,3.28052272727,official LCU per USD,DPANUSLCU,,0,True,True,2026-08-28
ISR,ISR,Israel,2021-05,2021-05-01,2021-05-31,3.25842857143,official LCU per USD,DPANUSLCU,,0,True,True,2026-08-28
ISR,ISR,Israel,2021-06,2021-06-01,2021-06-30,3.2485,official LCU per USD,DPANUSLCU,,0,True,True,2026-08-28
ISR,ISR,Israel,2021-07,2021-07-01,2021-07-31,3.27081818182,official LCU per USD,DPANUSLCU,,0,True,True,2026-08-28
ISR,ISR,Israel,2021-08,2021-08-01,2021-08-31,3.22518181818,official LCU per USD,DPANUSLCU,,0,True,True,2026-08-28
ISR,ISR,Israel,2021-09,2021-09-01,2021-09-30,3.20690909091,official LCU per USD,DPANUSLCU,,0,True,True,2026-08-28
ISR,ISR,Israel,2021-10,2021-10-01,2021-10-31,3.21535714286,official LCU per USD,DPANUSLCU,,0,True,True,2026-08-28
ISR,ISR,Israel,2021-11,2021-11-01,2021-11-30,3.12168181818,official LCU per USD,DPANUSLCU,,0,True,True,2026-08-28
ISR,ISR,Israel,2021-12,2021-12-01,2021-12-31,3.13506521739,official LCU per USD,DPANUSLCU,,0,True,True,2026-08-28
ISR,ISR,Israel,2022-01,2022-01-01,2022-01-31,3.1344047619,official LCU per USD,DPANUSLCU,,0,True,True,2026-08-28
ISR,ISR,Israel,2022-02,2022-02-01,2022-02-28,3.21605,official LCU per USD,DPANUSLCU,,0,True,True,2026-08-28
ISR,ISR,Israel,2022-03,2022-03-01,2022-03-31,3.24276086957,official LCU per USD,DPANUSLCU,,0,True,True,2026-08-28
ISR,ISR,Israel,2022-04,2022-04-01,2022-04-30,3.24269047619,official LCU per USD,DPANUSLCU,,0,True,True,2026-08-28
ISR,ISR,Israel,2022-05,2022-05-01,2022-05-31,3.37725,official LCU per USD,DPANUSLCU,,0,True,True,2026-08-28
ISR,ISR,Israel,2022-06,2022-06-01,2022-06-30,3.40854545455,official LCU per USD,DPANUSLCU,,0,True,True,2026-08-28
ISR,ISR,Israel,2022-07,2022-07-01,2022-07-31,3.46452380952,official LCU per USD,DPANUSLCU,,0,True,True,2026-08-28
ISR,ISR,Israel,2022-08,2022-08-01,2022-08-31,3.30015217391,official LCU per USD,DPANUSLCU,,0,True,True,2026-08-28
ISR,ISR,Israel,2022-09,2022-09-01,2022-09-30,3.44618181818,official LCU per USD,DPANUSLCU,,0,True,True,2026-08-28
ISR,ISR,Israel,2022-10,2022-10-01,2022-10-31,3.53530952381,official LCU per USD,DPANUSLCU,,0,True,True,2026-08-28
ISR,ISR,Israel,2022-11,2022-11-01,2022-11-30,3.47668181818,official LCU per USD,DPANUSLCU,,0,True,True,2026-08-28
ISR,ISR,Israel,2022-12,2022-12-01,2022-12-31,3.45409090909,official LCU per USD,DPANUSLCU,,0,True,True,2026-08-28
ISR,ISR,Israel,2023-01,2023-01-01,2023-01-31,3.44361363636,official LCU per USD,DPANUSLCU,,0,True,True,2026-08-28
ISR,ISR,Israel,2023-02,2023-02-01,2023-02-28,3.5354625,official LCU per USD,DPANUSLCU,,0,True,True,2026-08-28
ISR,ISR,Israel,2023-03,2023-03-01,2023-03-31,3.61883695652,official LCU per USD,DPANUSLCU,,0,True,True,2026-08-28
ISR,ISR,Israel,2023-04,2023-04-01,2023-04-30,3.6348,official LCU per USD,DPANUSLCU,,0,True,True,2026-08-28
ISR,ISR,Israel,2023-05,2023-05-01,2023-05-31,3.66808695652,official LCU per USD,DPANUSLCU,,0,True,True,2026-08-28
ISR,ISR,Israel,2023-06,2023-06-01,2023-06-30,3.64586363636,official LCU per USD,DPANUSLCU,,0,True,True,2026-08-28
ISR,ISR,Israel,2023-07,2023-07-01,2023-07-31,3.6700952381,official LCU per USD,DPANUSLCU,,0,True,True,2026-08-28
ISR,ISR,Israel,2023-08,2023-08-01,2023-08-31,3.7382173913,official LCU per USD,DPANUSLCU,,0,True,True,2026-08-28
ISR,ISR,Israel,2023-09,2023-09-01,2023-09-30,3.82142857143,official LCU per USD,DPANUSLCU,,0,True,True,2026-08-28
ISR,ISR,Israel,2023-10,2023-10-01,2023-10-31,3.97377272727,official LCU per USD,DPANUSLCU,,0,True,True,2026-08-28
ISR,ISR,Israel,2023-11,2023-11-01,2023-11-30,3.80922727273,official LCU per USD,DPANUSLCU,,0,True,True,2026-08-28
ISR,ISR,Israel,2023-12,2023-12-01,2023-12-31,3.67104761905,official LCU per USD,DPANUSLCU,,0,True,True,2026-08-28
ISR,ISR,Israel,2024-01,2024-01-01,2024-01-31,3.71069565217,official LCU per USD,DPANUSLCU,,0,True,True,2026-08-28
ISR,ISR,Israel,2024-02,2024-02-01,2024-02-29,3.64733333333,official LCU per USD,DPANUSLCU,,0,True,True,2026-08-28
ISR,ISR,Israel,2024-03,2024-03-01,2024-03-31,3.63057142857,official LCU per USD,DPANUSLCU,,0,True,True,2026-08-28
ISR,ISR,Israel,2024-04,2024-04-01,2024-04-30,3.74488636364,official LCU per USD,DPANUSLCU,,0,True,True,2026-08-28
ISR,ISR,Israel,2024-05,2024-05-01,2024-05-31,3.70302173913,official LCU per USD,DPANUSLCU,,0,True,True,2026-08-28
ISR,ISR,Israel,2024-06,2024-06-01,2024-06-30,3.72675,official LCU per USD,DPANUSLCU,,0,True,True,2026-08-28
ISR,ISR,Israel,2024-07,2024-07-01,2024-07-31,3.67780434783,official LCU per USD,DPANUSLCU,,0,True,True,2026-08-28
ISR,ISR,Israel,2024-08,2024-08-01,2024-08-31,3.732,official LCU per USD,DPANUSLCU,,0,True,True,2026-08-28
ISR,ISR,Israel,2024-09,2024-09-01,2024-09-30,3.73211904762,official LCU per USD,DPANUSLCU,,0,True,True,2026-08-28
ISR,ISR,Israel,2024-10,2024-10-01,2024-10-31,3.76345652174,official LCU per USD,DPANUSLCU,,0,True,True,2026-08-28
ISR,ISR,Israel,2024-11,2024-11-01,2024-11-30,3.7219047619,official LCU per USD,DPANUSLCU,,0,True,True,2026-08-28
ISR,ISR,Israel,2024-12,2024-12-01,2024-12-31,3.62225,official LCU per USD,DPANUSLCU,,0,True,True,2026-08-28
ISR,ISR,Israel,2025-01,2025-01-01,2025-01-31,3.6157826087,official LCU per USD,DPANUSLCU,,0,True,True,2026-08-28
ISR,ISR,Israel,2025-02,2025-02-01,2025-02-28,3.57095,official LCU per USD,DPANUSLCU,,0,True,True,2026-08-28
ISR,ISR,Israel,2025-03,2025-03-01,2025-03-31,3.65135714286,official LCU per USD,DPANUSLCU,,0,True,True,2026-08-28
ISR,ISR,Israel,2025-04,2025-04-01,2025-04-30,3.699,official LCU per USD,DPANUSLCU,,0,True,True,2026-08-28
ISR,ISR,Israel,2025-05,2025-05-01,2025-05-31,3.56690909091,official LCU per USD,DPANUSLCU,,0,True,True,2026-08-28
ISR,ISR,Israel,2025-06,2025-06-01,2025-06-30,3.49242857143,official LCU per USD,DPANUSLCU,,0,True,True,2026-08-28
ISR,ISR,Israel,2025-07,2025-07-01,2025-07-31,3.35243478261,official LCU per USD,DPANUSLCU,,0,True,True,2026-08-28
ISR,ISR,Israel,2025-08,2025-08-01,2025-08-31,3.40080952381,official LCU per USD,DPANUSLCU,,0,True,True,2026-08-28
ISR,ISR,Israel,2025-09,2025-09-01,2025-09-30,3.34172727273,official LCU per USD,DPANUSLCU,,0,True,True,2026-08-28
ISR,ISR,Israel,2025-10,2025-10-01,2025-10-31,3.2852826087,official LCU per USD,DPANUSLCU,,0,True,True,2026-08-28
ISR,ISR,Israel,2025-11,2025-11-01,2025-11-30,3.2535,official LCU per USD,DPANUSLCU,,0,True,True,2026-08-28
ISR,ISR,Israel,2025-12,2025-12-01,2025-12-31,3.22,official LCU per USD,DPANUSLCU,,0,True,True,2026-08-28
ISR,ISR,Israel,2026-01,2026-01-01,2026-01-31,3.14618181818,official LCU per USD,DPANUSLCU,,0,True,True,2026-08-28
ISR,ISR,Israel,2026-02,2026-02-01,2026-02-28,3.10105,official LCU per USD,DPANUSLCU,,0,True,True,2026-08-28
ISR,ISR,Israel,2026-03,2026-03-01,2026-03-31,3.111775,official LCU per USD,DPANUSLCU,,0,True,True,2026-08-28
LBN,LBN,Lebanon,2015-01,2015-01-01,2015-01-31,1511.47727272727,official LCU per USD,DPANUSLCU,,0,True,True,2026-08-28
LBN,LBN,Lebanon,2015-02,2015-02-01,2015-02-28,1506.595,official LCU per USD,DPANUSLCU,,0,True,True,2026-08-28
LBN,LBN,Lebanon,2015-03,2015-03-01,2015-03-31,1504.04545454546,official LCU per USD,DPANUSLCU,,0,True,True,2026-08-28
LBN,LBN,Lebanon,2015-04,2015-04-01,2015-04-30,1507.43636363636,official LCU per USD,DPANUSLCU,,0,True,True,2026-08-28
LBN,LBN,Lebanon,2015-05,2015-05-01,2015-05-31,1507.11904761905,official LCU per USD,DPANUSLCU,,0,True,True,2026-08-28
LBN,LBN,Lebanon,2015-06,2015-06-01,2015-06-30,1507.47727272727,official LCU per USD,DPANUSLCU,,0,True,True,2026-08-28
LBN,LBN,Lebanon,2015-07,2015-07-01,2015-07-31,1507.87391304348,official LCU per USD,DPANUSLCU,,0,True,True,2026-08-28
LBN,LBN,Lebanon,2015-08,2015-08-01,2015-08-31,1508.41463203463,official LCU per USD,DPANUSLCU,,0,True,True,2026-08-28
LBN,LBN,Lebanon,2015-09,2015-09-01,2015-09-30,1507.95330578512,official LCU per USD,DPANUSLCU,,0,True,True,2026-08-28
LBN,LBN,Lebanon,2015-10,2015-10-01,2015-10-31,1507.85,official LCU per USD,DPANUSLCU,,0,True,True,2026-08-28
LBN,LBN,Lebanon,2015-11,2015-11-01,2015-11-30,1506.91904761905,official LCU per USD,DPANUSLCU,,0,True,True,2026-08-28
LBN,LBN,Lebanon,2015-12,2015-12-01,2015-12-31,1471.80434782609,official LCU per USD,DPANUSLCU,,0,True,True,2026-08-28
LBN,LBN,Lebanon,2016-01,2016-01-01,2016-01-31,1511.52857142857,official LCU per USD,DPANUSLCU,,0,True,True,2026-08-28
LBN,LBN,Lebanon,2016-02,2016-02-01,2016-02-29,1509.59238095238,official LCU per USD,DPANUSLCU,,0,True,True,2026-08-28
LBN,LBN,Lebanon,2016-03,2016-03-01,2016-03-31,1509.06173913043,official LCU per USD,DPANUSLCU,,0,True,True,2026-08-28
LBN,LBN,Lebanon,2016-04,2016-04-01,2016-04-30,1508.61571428571,official LCU per USD,DPANUSLCU,,0,True,True,2026-08-28
LBN,LBN,Lebanon,2016-05,2016-05-01,2016-05-31,1510.59227272727,official LCU per USD,DPANUSLCU,,0,True,True,2026-08-28
LBN,LBN,Lebanon,2016-06,2016-06-01,2016-06-30,1513.25045454546,official LCU per USD,DPANUSLCU,,0,True,True,2026-08-28
LBN,LBN,Lebanon,2016-07,2016-07-01,2016-07-31,1513.96428571429,official LCU per USD,DPANUSLCU,,0,True,True,2026-08-28
LBN,LBN,Lebanon,2016-08,2016-08-01,2016-08-31,1513.61413043478,official LCU per USD,DPANUSLCU,,0,True,True,2026-08-28
LBN,LBN,Lebanon,2016-09,2016-09-01,2016-09-30,1514.03863636364,official LCU per USD,DPANUSLCU,,0,True,True,2026-08-28
LBN,LBN,Lebanon,2016-10,2016-10-01,2016-10-31,1514.13428571429,official LCU per USD,DPANUSLCU,,0,True,True,2026-08-28
LBN,LBN,Lebanon,2016-11,2016-11-01,2016-11-30,1514.08227272727,official LCU per USD,DPANUSLCU,,0,True,True,2026-08-28
LBN,LBN,Lebanon,2016-12,2016-12-01,2016-12-31,1513.87340909091,official LCU per USD,DPANUSLCU,,0,True,True,2026-08-28
LBN,LBN,Lebanon,2017-01,2017-01-01,2017-01-31,1514.07272727273,official LCU per USD,DPANUSLCU,,0,True,True,2026-08-28
LBN,LBN,Lebanon,2017-02,2017-02-01,2017-02-28,1512.23375,official LCU per USD,DPANUSLCU,,0,True,True,2026-08-28
LBN,LBN,Lebanon,2017-03,2017-03-01,2017-03-31,1510.82108695652,official LCU per USD,DPANUSLCU,,0,True,True,2026-08-28
LBN,LBN,Lebanon,2017-04,2017-04-01,2017-04-30,1511.868,official LCU per USD,DPANUSLCU,,0,True,True,2026-08-28
LBN,LBN,Lebanon,2017-05,2017-05-01,2017-05-31,1511.12826086957,official LCU per USD,DPANUSLCU,,0,True,True,2026-08-28
LBN,LBN,Lebanon,2017-06,2017-06-01,2017-06-30,1510.17090909091,official LCU per USD,DPANUSLCU,,0,True,True,2026-08-28
LBN,LBN,Lebanon,2017-07,2017-07-01,2017-07-31,1507.40333333333,official LCU per USD,DPANUSLCU,,0,True,True,2026-08-28
LBN,LBN,Lebanon,2017-08,2017-08-01,2017-08-31,1506.65217391304,official LCU per USD,DPANUSLCU,,0,True,True,2026-08-28
LBN,LBN,Lebanon,2017-09,2017-09-01,2017-09-30,1509.08666666667,official LCU per USD,DPANUSLCU,,0,True,True,2026-08-28
LBN,LBN,Lebanon,2017-10,2017-10-01,2017-10-31,1509.15409090909,official LCU per USD,DPANUSLCU,,0,True,True,2026-08-28
LBN,LBN,Lebanon,2017-11,2017-11-01,2017-11-30,1510.68090909091,official LCU per USD,DPANUSLCU,,0,True,True,2026-08-28
LBN,LBN,Lebanon,2017-12,2017-12-01,2017-12-31,1512.1956462585,official LCU per USD,DPANUSLCU,,0,True,True,2026-08-28
LBN,LBN,Lebanon,2018-01,2018-01-01,2018-01-31,1511.13136645963,official LCU per USD,DPANUSLCU,,0,True,True,2026-08-28
LBN,LBN,Lebanon,2018-02,2018-02-01,2018-02-28,1512.9725,official LCU per USD,DPANUSLCU,,0,True,True,2026-08-28
LBN,LBN,Lebanon,2018-03,2018-03-01,2018-03-31,1513.28946969697,official LCU per USD,DPANUSLCU,,0,True,True,2026-08-28
LBN,LBN,Lebanon,2018-04,2018-04-01,2018-04-30,1513.46722222222,official LCU per USD,DPANUSLCU,,0,True,True,2026-08-28
LBN,LBN,Lebanon,2018-05,2018-05-01,2018-05-31,1514.13043478261,official LCU per USD,DPANUSLCU,,0,True,True,2026-08-28
LBN,LBN,Lebanon,2018-06,2018-06-01,2018-06-30,1512.90833333333,official LCU per USD,DPANUSLCU,,0,True,True,2026-08-28
LBN,LBN,Lebanon,2018-07,2018-07-01,2018-07-31,1513.23068181818,official LCU per USD,DPANUSLCU,,0,True,True,2026-08-28
LBN,LBN,Lebanon,2018-08,2018-08-01,2018-08-31,1511.67608695652,official LCU per USD,DPANUSLCU,,0,True,True,2026-08-28
LBN,LBN,Lebanon,2018-09,2018-09-01,2018-09-30,1510.4025,official LCU per USD,DPANUSLCU,,0,True,True,2026-08-28
LBN,LBN,Lebanon,2018-10,2018-10-01,2018-10-31,1510.775,official LCU per USD,DPANUSLCU,,0,True,True,2026-08-28
LBN,LBN,Lebanon,2018-11,2018-11-01,2018-11-30,1511.30340909091,official LCU per USD,DPANUSLCU,,0,True,True,2026-08-28
LBN,LBN,Lebanon,2018-12,2018-12-01,2018-12-31,1508.85952380952,official LCU per USD,DPANUSLCU,,0,True,True,2026-08-28
LBN,LBN,Lebanon,2019-01,2019-01-01,2019-01-31,1509.76043478261,official LCU per USD,DPANUSLCU,,0,True,True,2026-08-28
LBN,LBN,Lebanon,2019-02,2019-02-01,2019-02-28,1510.90425,official LCU per USD,DPANUSLCU,,0,True,True,2026-08-28
LBN,LBN,Lebanon,2019-03,2019-03-01,2019-03-31,1510.71642857143,official LCU per USD,DPANUSLCU,,0,True,True,2026-08-28
LBN,LBN,Lebanon,2019-04,2019-04-01,2019-04-30,1510.75704545455,official LCU per USD,DPANUSLCU,,0,True,True,2026-08-28
LBN,LBN,Lebanon,2019-05,2019-05-01,2019-05-31,1511.6647826087,official LCU per USD,DPANUSLCU,,0,True,True,2026-08-28
LBN,LBN,Lebanon,2019-06,2019-06-01,2019-06-30,1511.25375,official LCU per USD,DPANUSLCU,,0,True,True,2026-08-28
LBN,LBN,Lebanon,2019-07,2019-07-01,2019-07-31,1511.21630434783,official LCU per USD,DPANUSLCU,,0,True,True,2026-08-28
LBN,LBN,Lebanon,2019-08,2019-08-01,2019-08-31,1511.31363636364,official LCU per USD,DPANUSLCU,,0,True,True,2026-08-28
LBN,LBN,Lebanon,2019-09,2019-09-01,2019-09-30,1510.76428571429,official LCU per USD,DPANUSLCU,,0,True,True,2026-08-28
LBN,LBN,Lebanon,2019-10,2019-10-01,2019-10-31,1511.70782608696,official LCU per USD,DPANUSLCU,,0,True,True,2026-08-28
LBN,LBN,Lebanon,2019-11,2019-11-01,2019-11-30,1513.74166666667,official LCU per USD,DPANUSLCU,,0,True,True,2026-08-28
LBN,LBN,Lebanon,2019-12,2019-12-01,2019-12-31,1511.6903030303,official LCU per USD,DPANUSLCU,,0,True,True,2026-08-28
LBN,LBN,Lebanon,2020-01,2020-01-01,2020-01-31,1512.66666666667,official LCU per USD,DPANUSLCU,,0,True,True,2026-08-28
LBN,LBN,Lebanon,2020-02,2020-02-01,2020-02-29,1513.4125,official LCU per USD,DPANUSLCU,,0,True,True,2026-08-28
LBN,LBN,Lebanon,2020-03,2020-03-01,2020-03-31,1509.22727272727,official LCU per USD,DPANUSLCU,,0,True,True,2026-08-28
LBN,LBN,Lebanon,2020-04,2020-04-01,2020-04-30,1511.15909090909,official LCU per USD,DPANUSLCU,,0,True,True,2026-08-28
LBN,LBN,Lebanon,2020-05,2020-05-01,2020-05-31,1512.54761904762,official LCU per USD,DPANUSLCU,,0,True,True,2026-08-28
LBN,LBN,Lebanon,2020-06,2020-06-01,2020-06-30,1513.84090909091,official LCU per USD,DPANUSLCU,,0,True,True,2026-08-28
LBN,LBN,Lebanon,2020-07,2020-07-01,2020-07-31,1509.44565217391,official LCU per USD,DPANUSLCU,,0,True,True,2026-08-28
LBN,LBN,Lebanon,2020-08,2020-08-01,2020-08-31,1512.08333333333,official LCU per USD,DPANUSLCU,,0,True,True,2026-08-28
LBN,LBN,Lebanon,2020-09,2020-09-01,2020-09-30,1513.80681818182,official LCU per USD,DPANUSLCU,,0,True,True,2026-08-28
LBN,LBN,Lebanon,2020-10,2020-10-01,2020-10-31,1512.23863636364,official LCU per USD,DPANUSLCU,,0,True,True,2026-08-28
LBN,LBN,Lebanon,2020-11,2020-11-01,2020-11-30,1513.85714285714,official LCU per USD,DPANUSLCU,,0,True,True,2026-08-28
LBN,LBN,Lebanon,2020-12,2020-12-01,2020-12-31,1512.32608695652,official LCU per USD,DPANUSLCU,,0,True,True,2026-08-28
LBN,LBN,Lebanon,2021-01,2021-01-01,2021-01-31,1513.41666666667,official LCU per USD,DPANUSLCU,,0,True,True,2026-08-28
LBN,LBN,Lebanon,2021-02,2021-02-01,2021-02-28,1512.2,official LCU per USD,DPANUSLCU,,0,True,True,2026-08-28
LBN,LBN,Lebanon,2021-03,2021-03-01,2021-03-31,1514.71739130435,official LCU per USD,DPANUSLCU,,0,True,True,2026-08-28
LBN,LBN,Lebanon,2021-04,2021-04-01,2021-04-30,1515.25,official LCU per USD,DPANUSLCU,,0,True,True,2026-08-28
LBN,LBN,Lebanon,2021-05,2021-05-01,2021-05-31,1511.79190476191,official LCU per USD,DPANUSLCU,,0,True,True,2026-08-28
LBN,LBN,Lebanon,2021-06,2021-06-01,2021-06-30,1512.31818181818,official LCU per USD,DPANUSLCU,,0,True,True,2026-08-28
LBN,LBN,Lebanon,2021-07,2021-07-01,2021-07-31,1514.44181818182,official LCU per USD,DPANUSLCU,,0,True,True,2026-08-28
LBN,LBN,Lebanon,2021-08,2021-08-01,2021-08-31,1513.28454545455,official LCU per USD,DPANUSLCU,,0,True,True,2026-08-28
LBN,LBN,Lebanon,2021-09,2021-09-01,2021-09-30,1511.17204545455,official LCU per USD,DPANUSLCU,,0,True,True,2026-08-28
LBN,LBN,Lebanon,2021-10,2021-10-01,2021-10-31,1511.48396825397,official LCU per USD,DPANUSLCU,,0,True,True,2026-08-28
LBN,LBN,Lebanon,2021-11,2021-11-01,2021-11-30,1509.93712121212,official LCU per USD,DPANUSLCU,,0,True,True,2026-08-28
LBN,LBN,Lebanon,2021-12,2021-12-01,2021-12-31,1511.05934782609,official LCU per USD,DPANUSLCU,,0,True,True,2026-08-28
LBN,LBN,Lebanon,2022-01,2022-01-01,2022-01-31,1510.67714285714,official LCU per USD,DPANUSLCU,,0,True,True,2026-08-28
LBN,LBN,Lebanon,2022-02,2022-02-01,2022-02-28,1510.3745,official LCU per USD,DPANUSLCU,,0,True,True,2026-08-28
LBN,LBN,Lebanon,2022-03,2022-03-01,2022-03-31,1509.46826086957,official LCU per USD,DPANUSLCU,,0,True,True,2026-08-28
LBN,LBN,Lebanon,2022-04,2022-04-01,2022-04-30,1511.25071428571,official LCU per USD,DPANUSLCU,,0,True,True,2026-08-28
LBN,LBN,Lebanon,2022-05,2022-05-01,2022-05-31,1511.06181818182,official LCU per USD,DPANUSLCU,,0,True,True,2026-08-28
LBN,LBN,Lebanon,2022-06,2022-06-01,2022-06-30,1509.40909090909,official LCU per USD,DPANUSLCU,,0,True,True,2026-08-28
LBN,LBN,Lebanon,2022-07,2022-07-01,2022-07-31,1508.18095238095,official LCU per USD,DPANUSLCU,,0,True,True,2026-08-28
LBN,LBN,Lebanon,2022-08,2022-08-01,2022-08-31,1511.185,official LCU per USD,DPANUSLCU,,0,True,True,2026-08-28
LBN,LBN,Lebanon,2022-09,2022-09-01,2022-09-30,1511.38545454546,official LCU per USD,DPANUSLCU,,0,True,True,2026-08-28
LBN,LBN,Lebanon,2022-10,2022-10-01,2022-10-31,1513.83261904762,official LCU per USD,DPANUSLCU,,0,True,True,2026-08-28
LBN,LBN,Lebanon,2022-11,2022-11-01,2022-11-30,1517.66818181818,official LCU per USD,DPANUSLCU,,0,True,True,2026-08-28
LBN,LBN,Lebanon,2022-12,2022-12-01,2022-12-31,1518.29818181818,official LCU per USD,DPANUSLCU,,0,True,True,2026-08-28
LBN,LBN,Lebanon,2023-01,2023-01-01,2023-01-31,1517.37636363636,official LCU per USD,DPANUSLCU,,0,True,True,2026-08-28
LBN,LBN,Lebanon,2023-02,2023-02-01,2023-02-28,15028.82375,official LCU per USD,DPANUSLCU,,0,True,True,2026-08-28
LBN,LBN,Lebanon,2023-03,2023-03-01,2023-03-31,15027.8993478261,official LCU per USD,DPANUSLCU,,0,True,True,2026-08-28
LBN,LBN,Lebanon,2023-04,2023-04-01,2023-04-30,15043.2545,official LCU per USD,DPANUSLCU,,0,True,True,2026-08-28
LBN,LBN,Lebanon,2023-05,2023-05-01,2023-05-31,15025.9089130435,official LCU per USD,DPANUSLCU,,0,True,True,2026-08-28
LBN,LBN,Lebanon,2023-06,2023-06-01,2023-06-30,15033.7461363636,official LCU per USD,DPANUSLCU,,0,True,True,2026-08-28
LBN,LBN,Lebanon,2023-07,2023-07-01,2023-07-31,15038.3376190476,official LCU per USD,DPANUSLCU,,0,True,True,2026-08-28
LBN,LBN,Lebanon,2023-08,2023-08-01,2023-08-31,15034.4189130435,official LCU per USD,DPANUSLCU,,0,True,True,2026-08-28
LBN,LBN,Lebanon,2023-09,2023-09-01,2023-09-30,15045.5421428571,official LCU per USD,DPANUSLCU,,0,True,True,2026-08-28
LBN,LBN,Lebanon,2023-10,2023-10-01,2023-10-31,15032.0568181818,official LCU per USD,DPANUSLCU,,0,True,True,2026-08-28
LBN,LBN,Lebanon,2023-11,2023-11-01,2023-11-30,15030.1002272727,official LCU per USD,DPANUSLCU,,0,True,True,2026-08-28
LBN,LBN,Lebanon,2023-12,2023-12-01,2023-12-31,15031.1469047619,official LCU per USD,DPANUSLCU,,0,True,True,2026-08-28
LBN,LBN,Lebanon,2024-01,2024-01-01,2024-01-31,15036.3810869565,official LCU per USD,DPANUSLCU,,0,True,True,2026-08-28
LBN,LBN,Lebanon,2024-02,2024-02-01,2024-02-29,48720.0073809524,official LCU per USD,DPANUSLCU,,0,True,True,2026-08-28
LBN,LBN,Lebanon,2024-03,2024-03-01,2024-03-31,89539.3368253968,official LCU per USD,DPANUSLCU,,0,True,True,2026-08-28
LBN,LBN,Lebanon,2024-04,2024-04-01,2024-04-30,89533.1189393939,official LCU per USD,DPANUSLCU,,0,True,True,2026-08-28
LBN,LBN,Lebanon,2024-05,2024-05-01,2024-05-31,89515.3297826087,official LCU per USD,DPANUSLCU,,0,True,True,2026-08-28
LBN,LBN,Lebanon,2024-06,2024-06-01,2024-06-30,89519.00425,official LCU per USD,DPANUSLCU,,0,True,True,2026-08-28
LBN,LBN,Lebanon,2024-07,2024-07-01,2024-07-31,89508.2586956522,official LCU per USD,DPANUSLCU,,0,True,True,2026-08-28
LBN,LBN,Lebanon,2024-08,2024-08-01,2024-08-31,89508.6656818182,official LCU per USD,DPANUSLCU,,0,True,True,2026-08-28
LBN,LBN,Lebanon,2024-09,2024-09-01,2024-09-30,89522.8076190476,official LCU per USD,DPANUSLCU,,0,True,True,2026-08-28
LBN,LBN,Lebanon,2024-10,2024-10-01,2024-10-31,89535.762173913,official LCU per USD,DPANUSLCU,,0,True,True,2026-08-28
LBN,LBN,Lebanon,2024-11,2024-11-01,2024-11-30,89505.3835714286,official LCU per USD,DPANUSLCU,,0,True,True,2026-08-28
LBN,LBN,Lebanon,2024-12,2024-12-01,2024-12-31,89540.4479545455,official LCU per USD,DPANUSLCU,,0,True,True,2026-08-28
LBN,LBN,Lebanon,2025-01,2025-01-01,2025-01-31,89540.2432608696,official LCU per USD,DPANUSLCU,,0,True,True,2026-08-28
LBN,LBN,Lebanon,2025-02,2025-02-01,2025-02-28,89530.769,official LCU per USD,DPANUSLCU,,0,True,True,2026-08-28
LBN,LBN,Lebanon,2025-03,2025-03-01,2025-03-31,89547.8676190476,official LCU per USD,DPANUSLCU,,0,True,True,2026-08-28
LBN,LBN,Lebanon,2025-04,2025-04-01,2025-04-30,89578.9263636364,official LCU per USD,DPANUSLCU,,0,True,True,2026-08-28
LBN,LBN,Lebanon,2025-05,2025-05-01,2025-05-31,89590.295,official LCU per USD,DPANUSLCU,,0,True,True,2026-08-28
LBN,LBN,Lebanon,2025-06,2025-06-01,2025-06-30,89565.3952380952,official LCU per USD,DPANUSLCU,,0,True,True,2026-08-28
LBN,LBN,Lebanon,2025-07,2025-07-01,2025-07-31,89554.6230434783,official LCU per USD,DPANUSLCU,,0,True,True,2026-08-28
LBN,LBN,Lebanon,2025-08,2025-08-01,2025-08-31,89593.1123809524,official LCU per USD,DPANUSLCU,,0,True,True,2026-08-28
LBN,LBN,Lebanon,2025-09,2025-09-01,2025-09-30,89521.3004545455,official LCU per USD,DPANUSLCU,,0,True,True,2026-08-28
LBN,LBN,Lebanon,2025-10,2025-10-01,2025-10-31,89560.6032608696,official LCU per USD,DPANUSLCU,,0,True,True,2026-08-28
LBN,LBN,Lebanon,2025-11,2025-11-01,2025-11-30,89598.675,official LCU per USD,DPANUSLCU,,0,True,True,2026-08-28
LBN,LBN,Lebanon,2025-12,2025-12-01,2025-12-31,89556.3913043478,official LCU per USD,DPANUSLCU,,0,True,True,2026-08-28
LBN,LBN,Lebanon,2026-01,2026-01-01,2026-01-31,89529.2556818182,official LCU per USD,DPANUSLCU,,0,True,True,2026-08-28
LBN,LBN,Lebanon,2026-02,2026-02-01,2026-02-28,89532.45,official LCU per USD,DPANUSLCU,,0,True,True,2026-08-28
LBN,LBN,Lebanon,2026-03,2026-03-01,2026-03-31,89576.00025,official LCU per USD,DPANUSLCU,,0,True,True,2026-08-28
SDN,SDN,Sudan,2015-01,2015-01-01,2015-01-31,5.749,official LCU per USD,DPANUSLCU,,0,True,True,2026-08-28
SDN,SDN,Sudan,2015-02,2015-02-01,2015-02-28,5.75,official LCU per USD,DPANUSLCU,,0,True,True,2026-08-28
SDN,SDN,Sudan,2015-03,2015-03-01,2015-03-31,5.749,official LCU per USD,DPANUSLCU,,0,True,True,2026-08-28
SDN,SDN,Sudan,2015-04,2015-04-01,2015-04-30,5.749,official LCU per USD,DPANUSLCU,,0,True,True,2026-08-28
SDN,SDN,Sudan,2015-05,2015-05-01,2015-05-31,5.7509047619,official LCU per USD,DPANUSLCU,,0,True,True,2026-08-28
SDN,SDN,Sudan,2015-06,2015-06-01,2015-06-30,5.749,official LCU per USD,DPANUSLCU,,0,True,True,2026-08-28
SDN,SDN,Sudan,2015-07,2015-07-01,2015-07-31,5.75943478261,official LCU per USD,DPANUSLCU,,0,True,True,2026-08-28
SDN,SDN,Sudan,2015-08,2015-08-01,2015-08-31,5.78397835498,official LCU per USD,DPANUSLCU,,0,True,True,2026-08-28
SDN,SDN,Sudan,2015-09,2015-09-01,2015-09-30,6.25754132231,official LCU per USD,DPANUSLCU,,0,True,True,2026-08-28
SDN,SDN,Sudan,2015-10,2015-10-01,2015-10-31,6.46651440378,official LCU per USD,DPANUSLCU,,0,True,True,2026-08-28
SDN,SDN,Sudan,2015-11,2015-11-01,2015-11-30,6.45834285714,official LCU per USD,DPANUSLCU,,0,True,True,2026-08-28
SDN,SDN,Sudan,2015-12,2015-12-01,2015-12-31,6.4460447205,official LCU per USD,DPANUSLCU,,0,True,True,2026-08-28
SDN,SDN,Sudan,2016-01,2016-01-01,2016-01-31,6.446,official LCU per USD,DPANUSLCU,,0,True,True,2026-08-28
SDN,SDN,Sudan,2016-02,2016-02-01,2016-02-29,6.446,official LCU per USD,DPANUSLCU,,0,True,True,2026-08-28
SDN,SDN,Sudan,2016-03,2016-03-01,2016-03-31,6.446,official LCU per USD,DPANUSLCU,,0,True,True,2026-08-28
SDN,SDN,Sudan,2016-04,2016-04-01,2016-04-30,6.446,official LCU per USD,DPANUSLCU,,0,True,True,2026-08-28
SDN,SDN,Sudan,2016-05,2016-05-01,2016-05-31,6.446,official LCU per USD,DPANUSLCU,,0,True,True,2026-08-28
SDN,SDN,Sudan,2016-06,2016-06-01,2016-06-30,6.446,official LCU per USD,DPANUSLCU,,0,True,True,2026-08-28
SDN,SDN,Sudan,2016-07,2016-07-01,2016-07-31,6.446,official LCU per USD,DPANUSLCU,,0,True,True,2026-08-28
SDN,SDN,Sudan,2016-08,2016-08-01,2016-08-31,6.446,official LCU per USD,DPANUSLCU,,0,True,True,2026-08-28
SDN,SDN,Sudan,2016-09,2016-09-01,2016-09-30,6.44818181818,official LCU per USD,DPANUSLCU,,0,True,True,2026-08-28
SDN,SDN,Sudan,2016-10,2016-10-01,2016-10-31,6.55751620718,official LCU per USD,DPANUSLCU,,0,True,True,2026-08-28
SDN,SDN,Sudan,2016-11,2016-11-01,2016-11-30,10.61500438596,official LCU per USD,DPANUSLCU,,0,True,True,2026-08-28
SDN,SDN,Sudan,2016-12,2016-12-01,2016-12-31,17.78349210526,official LCU per USD,DPANUSLCU,,0,True,True,2026-08-28
SDN,SDN,Sudan,2017-01,2017-01-01,2017-01-31,24.95197982456,official LCU per USD,DPANUSLCU,,0,True,True,2026-08-28
SDN,SDN,Sudan,2017-02,2017-02-01,2017-02-28,31.79462719298,official LCU per USD,DPANUSLCU,,0,True,True,2026-08-28
SDN,SDN,Sudan,2017-03,2017-03-01,2017-03-31,38.80019473684,official LCU per USD,DPANUSLCU,,0,True,True,2026-08-28
SDN,SDN,Sudan,2017-04,2017-04-01,2017-04-30,45.8057622807,official LCU per USD,DPANUSLCU,,0,True,True,2026-08-28
SDN,SDN,Sudan,2017-05,2017-05-01,2017-05-31,52.81132982456,official LCU per USD,DPANUSLCU,,0,True,True,2026-08-28
SDN,SDN,Sudan,2017-06,2017-06-01,2017-06-30,60.1427377193,official LCU per USD,DPANUSLCU,,0,True,True,2026-08-28
SDN,SDN,Sudan,2017-07,2017-07-01,2017-07-31,67.14830526316,official LCU per USD,DPANUSLCU,,0,True,True,2026-08-28
SDN,SDN,Sudan,2017-08,2017-08-01,2017-08-31,74.31679298246,official LCU per USD,DPANUSLCU,,0,True,True,2026-08-28
SDN,SDN,Sudan,2017-09,2017-09-01,2017-09-30,81.48528070175,official LCU per USD,DPANUSLCU,,0,True,True,2026-08-28
SDN,SDN,Sudan,2017-10,2017-10-01,2017-10-31,88.49084824561,official LCU per USD,DPANUSLCU,,0,True,True,2026-08-28
SDN,SDN,Sudan,2017-11,2017-11-01,2017-11-30,95.65933596491,official LCU per USD,DPANUSLCU,,0,True,True,2026-08-28
SDN,SDN,Sudan,2017-12,2017-12-01,2017-12-31,102.66490350877,official LCU per USD,DPANUSLCU,,0,True,True,2026-08-28
SDN,SDN,Sudan,2018-01,2018-01-01,2018-01-31,109.83339122807,official LCU per USD,DPANUSLCU,,0,True,True,2026-08-28
SDN,SDN,Sudan,2018-02,2018-02-01,2018-02-28,116.83895877193,official LCU per USD,DPANUSLCU,,0,True,True,2026-08-28
SDN,SDN,Sudan,2018-03,2018-03-01,2018-03-31,123.68160614035,official LCU per USD,DPANUSLCU,,0,True,True,2026-08-28
SDN,SDN,Sudan,2018-04,2018-04-01,2018-04-30,130.68717368421,official LCU per USD,DPANUSLCU,,0,True,True,2026-08-28
SDN,SDN,Sudan,2018-05,2018-05-01,2018-05-31,137.85566140351,official LCU per USD,DPANUSLCU,,0,True,True,2026-08-28
SDN,SDN,Sudan,2018-06,2018-06-01,2018-06-30,145.02414912281,official LCU per USD,DPANUSLCU,,0,True,True,2026-08-28
SDN,SDN,Sudan,2018-07,2018-07-01,2018-07-31,152.02971666667,official LCU per USD,DPANUSLCU,,0,True,True,2026-08-28
SDN,SDN,Sudan,2018-08,2018-08-01,2018-08-31,159.3611245614,official LCU per USD,DPANUSLCU,,0,True,True,2026-08-28
SDN,SDN,Sudan,2018-09,2018-09-01,2018-09-30,166.36669210526,official LCU per USD,DPANUSLCU,,0,True,True,2026-08-28
SDN,SDN,Sudan,2018-10,2018-10-01,2018-10-31,173.37225964912,official LCU per USD,DPANUSLCU,,0,True,True,2026-08-28
SDN,SDN,Sudan,2018-11,2018-11-01,2018-11-30,180.70366754386,official LCU per USD,DPANUSLCU,,0,True,True,2026-08-28
SDN,SDN,Sudan,2018-12,2018-12-01,2018-12-31,187.70923508772,official LCU per USD,DPANUSLCU,,0,True,True,2026-08-28
SDN,SDN,Sudan,2019-01,2019-01-01,2019-01-31,194.87772280702,official LCU per USD,DPANUSLCU,,0,True,True,2026-08-28
SDN,SDN,Sudan,2019-02,2019-02-01,2019-02-28,201.88329035088,official LCU per USD,DPANUSLCU,,0,True,True,2026-08-28
SDN,SDN,Sudan,2019-03,2019-03-01,2019-03-31,208.56301754386,official LCU per USD,DPANUSLCU,,0,True,True,2026-08-28
SDN,SDN,Sudan,2019-04,2019-04-01,2019-04-30,215.56858508772,official LCU per USD,DPANUSLCU,,0,True,True,2026-08-28
SDN,SDN,Sudan,2019-05,2019-05-01,2019-05-31,222.89999298246,official LCU per USD,DPANUSLCU,,0,True,True,2026-08-28
SDN,SDN,Sudan,2019-06,2019-06-01,2019-06-30,229.90556052632,official LCU per USD,DPANUSLCU,,0,True,True,2026-08-28
SDN,SDN,Sudan,2019-07,2019-07-01,2019-07-31,236.91112807018,official LCU per USD,DPANUSLCU,,0,True,True,2026-08-28
SDN,SDN,Sudan,2019-08,2019-08-01,2019-08-31,244.24253596491,official LCU per USD,DPANUSLCU,,0,True,True,2026-08-28
SDN,SDN,Sudan,2019-09,2019-09-01,2019-09-30,251.24810350877,official LCU per USD,DPANUSLCU,,0,True,True,2026-08-28
SDN,SDN,Sudan,2019-10,2019-10-01,2019-10-31,258.41659122807,official LCU per USD,DPANUSLCU,,0,True,True,2026-08-28
SDN,SDN,Sudan,2019-11,2019-11-01,2019-11-30,265.58507894737,official LCU per USD,DPANUSLCU,,0,True,True,2026-08-28
SDN,SDN,Sudan,2019-12,2019-12-01,2019-12-31,272.59064649123,official LCU per USD,DPANUSLCU,,0,True,True,2026-08-28
SDN,SDN,Sudan,2020-01,2020-01-01,2020-01-31,279.92205438597,official LCU per USD,DPANUSLCU,,0,True,True,2026-08-28
SDN,SDN,Sudan,2020-02,2020-02-01,2020-02-29,286.92762192983,official LCU per USD,DPANUSLCU,,0,True,True,2026-08-28
SDN,SDN,Sudan,2020-03,2020-03-01,2020-03-31,293.77026929825,official LCU per USD,DPANUSLCU,,0,True,True,2026-08-28
SDN,SDN,Sudan,2020-04,2020-04-01,2020-04-30,300.93875701754,official LCU per USD,DPANUSLCU,,0,True,True,2026-08-28
SDN,SDN,Sudan,2020-05,2020-05-01,2020-05-31,307.9443245614,official LCU per USD,DPANUSLCU,,0,True,True,2026-08-28
SDN,SDN,Sudan,2020-06,2020-06-01,2020-06-30,314.94989210526,official LCU per USD,DPANUSLCU,,0,True,True,2026-08-28
SDN,SDN,Sudan,2020-07,2020-07-01,2020-07-31,322.2813,official LCU per USD,DPANUSLCU,,0,True,True,2026-08-28
SDN,SDN,Sudan,2020-08,2020-08-01,2020-08-31,329.4497877193,official LCU per USD,DPANUSLCU,,0,True,True,2026-08-28
SDN,SDN,Sudan,2020-09,2020-09-01,2020-09-30,336.45535526316,official LCU per USD,DPANUSLCU,,0,True,True,2026-08-28
SDN,SDN,Sudan,2020-10,2020-10-01,2020-10-31,343.62384298246,official LCU per USD,DPANUSLCU,,0,True,True,2026-08-28
SDN,SDN,Sudan,2020-11,2020-11-01,2020-11-30,350.62941052632,official LCU per USD,DPANUSLCU,,0,True,True,2026-08-28
SDN,SDN,Sudan,2020-12,2020-12-01,2020-12-31,357.79789824561,official LCU per USD,DPANUSLCU,,0,True,True,2026-08-28
SDN,SDN,Sudan,2021-01,2021-01-01,2021-01-31,364.96638596491,official LCU per USD,DPANUSLCU,,0,True,True,2026-08-28
SDN,SDN,Sudan,2021-02,2021-02-01,2021-02-28,371.6461131579,official LCU per USD,DPANUSLCU,,0,True,True,2026-08-28
SDN,SDN,Sudan,2021-03,2021-03-01,2021-03-31,377.5248993135,official LCU per USD,DPANUSLCU,,0,True,True,2026-08-28
SDN,SDN,Sudan,2021-04,2021-04-01,2021-04-30,382.66714015152,official LCU per USD,DPANUSLCU,,0,True,True,2026-08-28
SDN,SDN,Sudan,2021-05,2021-05-01,2021-05-31,397.81492460318,official LCU per USD,DPANUSLCU,,0,True,True,2026-08-28
SDN,SDN,Sudan,2021-06,2021-06-01,2021-06-30,428.82456818182,official LCU per USD,DPANUSLCU,,0,True,True,2026-08-28
SDN,SDN,Sudan,2021-07,2021-07-01,2021-07-31,444.64904545455,official LCU per USD,DPANUSLCU,,0,True,True,2026-08-28
SDN,SDN,Sudan,2021-08,2021-08-01,2021-08-31,445.60963636364,official LCU per USD,DPANUSLCU,,0,True,True,2026-08-28
SDN,SDN,Sudan,2021-09,2021-09-01,2021-09-30,443.39970454545,official LCU per USD,DPANUSLCU,,0,True,True,2026-08-28
SDN,SDN,Sudan,2021-10,2021-10-01,2021-10-31,444.3601984127,official LCU per USD,DPANUSLCU,,0,True,True,2026-08-28
SDN,SDN,Sudan,2021-11,2021-11-01,2021-11-30,443.29967424242,official LCU per USD,DPANUSLCU,,0,True,True,2026-08-28
SDN,SDN,Sudan,2021-12,2021-12-01,2021-12-31,441.96989130435,official LCU per USD,DPANUSLCU,,0,True,True,2026-08-28
SDN,SDN,Sudan,2022-01,2022-01-01,2022-01-31,443.52516666667,official LCU per USD,DPANUSLCU,,0,True,True,2026-08-28
SDN,SDN,Sudan,2022-02,2022-02-01,2022-02-28,450.184775,official LCU per USD,DPANUSLCU,,0,True,True,2026-08-28
SDN,SDN,Sudan,2022-03,2022-03-01,2022-03-31,459.53518925831,official LCU per USD,DPANUSLCU,,0,True,True,2026-08-28
SDN,SDN,Sudan,2022-04,2022-04-01,2022-04-30,493.74494117647,official LCU per USD,DPANUSLCU,,0,True,True,2026-08-28
SDN,SDN,Sudan,2022-05,2022-05-01,2022-05-31,525.04035374332,official LCU per USD,DPANUSLCU,,0,True,True,2026-08-28
SDN,SDN,Sudan,2022-06,2022-06-01,2022-06-30,527.48809,official LCU per USD,DPANUSLCU,,0,True,True,2026-08-28
SDN,SDN,Sudan,2022-07,2022-07-01,2022-07-31,529.54048,official LCU per USD,DPANUSLCU,,0,True,True,2026-08-28
SDN,SDN,Sudan,2022-08,2022-08-01,2022-08-31,554.63424086957,official LCU per USD,DPANUSLCU,,0,True,True,2026-08-28
SDN,SDN,Sudan,2022-09,2022-09-01,2022-09-30,575.47427272727,official LCU per USD,DPANUSLCU,,0,True,True,2026-08-28
SDN,SDN,Sudan,2022-10,2022-10-01,2022-10-31,571.37207142857,official LCU per USD,DPANUSLCU,,0,True,True,2026-08-28
SDN,SDN,Sudan,2022-11,2022-11-01,2022-11-30,572.83090909091,official LCU per USD,DPANUSLCU,,0,True,True,2026-08-28
SDN,SDN,Sudan,2022-12,2022-12-01,2022-12-31,572.98304545455,official LCU per USD,DPANUSLCU,,0,True,True,2026-08-28
SDN,SDN,Sudan,2023-01,2023-01-01,2023-01-31,574.67077272727,official LCU per USD,DPANUSLCU,,0,True,True,2026-08-28
SDN,SDN,Sudan,2023-02,2023-02-01,2023-02-28,577.68805,official LCU per USD,DPANUSLCU,,0,True,True,2026-08-28
SDN,SDN,Sudan,2023-03,2023-03-01,2023-03-31,583.85556521739,official LCU per USD,DPANUSLCU,,0,True,True,2026-08-28
SDN,SDN,Sudan,2023-04,2023-04-01,2023-04-30,588.0749,official LCU per USD,DPANUSLCU,,0,True,True,2026-08-28
SDN,SDN,Sudan,2023-05,2023-05-01,2023-05-31,596.04315217391,official LCU per USD,DPANUSLCU,,0,True,True,2026-08-28
SDN,SDN,Sudan,2023-06,2023-06-01,2023-06-30,587.92970454546,official LCU per USD,DPANUSLCU,,0,True,True,2026-08-28
SDN,SDN,Sudan,2023-07,2023-07-01,2023-07-31,562.85123809524,official LCU per USD,DPANUSLCU,,0,True,True,2026-08-28
SDN,SDN,Sudan,2023-08,2023-08-01,2023-08-31,554.62569565217,official LCU per USD,DPANUSLCU,,0,True,True,2026-08-28
SDN,SDN,Sudan,2023-09,2023-09-01,2023-09-30,605.51876190476,official LCU per USD,DPANUSLCU,,0,True,True,2026-08-28
SDN,SDN,Sudan,2023-10,2023-10-01,2023-10-31,635.61414285714,official LCU per USD,DPANUSLCU,,0,True,True,2026-08-28
SDN,SDN,Sudan,2023-11,2023-11-01,2023-11-30,647.36896978262,official LCU per USD,DPANUSLCU,,0,True,True,2026-08-28
SDN,SDN,Sudan,2023-12,2023-12-01,2023-12-31,647.90799473664,official LCU per USD,DPANUSLCU,,0,True,True,2026-08-28
SDN,SDN,Sudan,2024-01,2024-01-01,2024-01-31,647.90799473664,official LCU per USD,DPANUSLCU,,0,True,True,2026-08-28
SDN,SDN,Sudan,2024-02,2024-02-01,2024-02-29,647.83102197321,official LCU per USD,DPANUSLCU,,0,True,True,2026-08-28
SDN,SDN,Sudan,2024-03,2024-03-01,2024-03-31,640.97764309777,official LCU per USD,DPANUSLCU,,0,True,True,2026-08-28
SDN,SDN,Sudan,2024-04,2024-04-01,2024-04-30,632.47226054323,official LCU per USD,DPANUSLCU,,0,True,True,2026-08-28
SDN,SDN,Sudan,2024-05,2024-05-01,2024-05-31,645.65584067374,official LCU per USD,DPANUSLCU,,0,True,True,2026-08-28
SDN,SDN,Sudan,2024-06,2024-06-01,2024-06-30,639.84957167399,official LCU per USD,DPANUSLCU,,0,True,True,2026-08-28
SDN,SDN,Sudan,2024-07,2024-07-01,2024-07-31,642.79900841741,official LCU per USD,DPANUSLCU,,0,True,True,2026-08-28
SDN,SDN,Sudan,2024-08,2024-08-01,2024-08-31,648.44701969067,official LCU per USD,DPANUSLCU,,0,True,True,2026-08-28
SDN,SDN,Sudan,2024-09,2024-09-01,2024-09-30,648.44701969067,official LCU per USD,DPANUSLCU,,0,True,True,2026-08-28
SDN,SDN,Sudan,2024-10,2024-10-01,2024-10-31,648.44701969067,official LCU per USD,DPANUSLCU,,0,True,True,2026-08-28
SDN,SDN,Sudan,2024-11,2024-11-01,2024-11-30,,official LCU per USD,DPANUSLCU,,0,True,False,2026-08-28
SDN,SDN,Sudan,2024-12,2024-12-01,2024-12-31,,official LCU per USD,DPANUSLCU,,0,True,False,2026-08-28
SDN,SDN,Sudan,2025-01,2025-01-01,2025-01-31,,official LCU per USD,DPANUSLCU,,0,True,False,2026-08-28
SDN,SDN,Sudan,2025-02,2025-02-01,2025-02-28,,official LCU per USD,DPANUSLCU,,0,True,False,2026-08-28
SDN,SDN,Sudan,2025-03,2025-03-01,2025-03-31,,official LCU per USD,DPANUSLCU,,0,True,False,2026-08-28
SDN,SDN,Sudan,2025-04,2025-04-01,2025-04-30,,official LCU per USD,DPANUSLCU,,0,True,False,2026-08-28
SDN,SDN,Sudan,2025-05,2025-05-01,2025-05-31,,official LCU per USD,DPANUSLCU,,0,True,False,2026-08-28
SDN,SDN,Sudan,2025-06,2025-06-01,2025-06-30,,official LCU per USD,DPANUSLCU,,0,True,False,2026-08-28
SDN,SDN,Sudan,2025-07,2025-07-01,2025-07-31,,official LCU per USD,DPANUSLCU,,0,True,False,2026-08-28
SDN,SDN,Sudan,2025-08,2025-08-01,2025-08-31,,official LCU per USD,DPANUSLCU,,0,True,False,2026-08-28
SDN,SDN,Sudan,2025-09,2025-09-01,2025-09-30,,official LCU per USD,DPANUSLCU,,0,True,False,2026-08-28
SDN,SDN,Sudan,2025-10,2025-10-01,2025-10-31,,official LCU per USD,DPANUSLCU,,0,True,False,2026-08-28
SDN,SDN,Sudan,2025-11,2025-11-01,2025-11-30,,official LCU per USD,DPANUSLCU,,0,True,False,2026-08-28
SDN,SDN,Sudan,2025-12,2025-12-01,2025-12-31,,official LCU per USD,DPANUSLCU,,0,True,False,2026-08-28
SDN,SDN,Sudan,2026-01,2026-01-01,2026-01-31,,official LCU per USD,DPANUSLCU,,0,True,False,2026-08-28
SDN,SDN,Sudan,2026-02,2026-02-01,2026-02-28,,official LCU per USD,DPANUSLCU,,0,True,False,2026-08-28
SDN,SDN,Sudan,2026-03,2026-03-01,2026-03-31,,official LCU per USD,DPANUSLCU,,0,True,False,2026-08-28
SOM,SOM,Somalia,2015-01,2015-01-01,2015-01-31,22285.2,official LCU per USD,DPANUSLCU,,0,True,True,2026-08-28
SOM,SOM,Somalia,2015-02,2015-02-01,2015-02-28,22196.458,official LCU per USD,DPANUSLCU,,0,True,True,2026-08-28
SOM,SOM,Somalia,2015-03,2015-03-01,2015-03-31,22211.111,official LCU per USD,DPANUSLCU,,0,True,True,2026-08-28
SOM,SOM,Somalia,2015-04,2015-04-01,2015-04-30,22231.538,official LCU per USD,DPANUSLCU,,0,True,True,2026-08-28
SOM,SOM,Somalia,2015-05,2015-05-01,2015-05-31,22264.615,official LCU per USD,DPANUSLCU,,0,True,True,2026-08-28
SOM,SOM,Somalia,2015-06,2015-06-01,2015-06-30,22211.731,official LCU per USD,DPANUSLCU,,0,True,True,2026-08-28
SOM,SOM,Somalia,2015-07,2015-07-01,2015-07-31,22263.0,official LCU per USD,DPANUSLCU,,0,True,True,2026-08-28
SOM,SOM,Somalia,2015-08,2015-08-01,2015-08-31,22272.593,official LCU per USD,DPANUSLCU,,0,True,True,2026-08-28
SOM,SOM,Somalia,2015-09,2015-09-01,2015-09-30,22269.038,official LCU per USD,DPANUSLCU,,0,True,True,2026-08-28
SOM,SOM,Somalia,2015-10,2015-10-01,2015-10-31,22284.038,official LCU per USD,DPANUSLCU,,0,True,True,2026-08-28
SOM,SOM,Somalia,2015-11,2015-11-01,2015-11-30,22275.208,official LCU per USD,DPANUSLCU,,0,True,True,2026-08-28
SOM,SOM,Somalia,2015-12,2015-12-01,2015-12-31,22286.296,official LCU per USD,DPANUSLCU,,0,True,True,2026-08-28
SOM,SOM,Somalia,2016-01,2016-01-01,2016-01-31,22687.692,official LCU per USD,DPANUSLCU,,0,True,True,2026-08-28
SOM,SOM,Somalia,2016-02,2016-02-01,2016-02-29,22736.38,official LCU per USD,DPANUSLCU,,0,True,True,2026-08-28
SOM,SOM,Somalia,2016-03,2016-03-01,2016-03-31,22751.0,official LCU per USD,DPANUSLCU,,0,True,True,2026-08-28
SOM,SOM,Somalia,2016-04,2016-04-01,2016-04-30,22940.417,official LCU per USD,DPANUSLCU,,0,True,True,2026-08-28
SOM,SOM,Somalia,2016-05,2016-05-01,2016-05-31,23016.667,official LCU per USD,DPANUSLCU,,0,True,True,2026-08-28
SOM,SOM,Somalia,2016-06,2016-06-01,2016-06-30,22993.077,official LCU per USD,DPANUSLCU,,0,True,True,2026-08-28
SOM,SOM,Somalia,2016-07,2016-07-01,2016-07-31,23036.577,official LCU per USD,DPANUSLCU,,0,True,True,2026-08-28
SOM,SOM,Somalia,2016-08,2016-08-01,2016-08-31,23043.333,official LCU per USD,DPANUSLCU,,0,True,True,2026-08-28
SOM,SOM,Somalia,2016-09,2016-09-01,2016-09-30,22990.4,official LCU per USD,DPANUSLCU,,0,True,True,2026-08-28
SOM,SOM,Somalia,2016-10,2016-10-01,2016-10-31,23057.407,official LCU per USD,DPANUSLCU,,0,True,True,2026-08-28
SOM,SOM,Somalia,2016-11,2016-11-01,2016-11-30,23527.692,official LCU per USD,DPANUSLCU,,0,True,True,2026-08-28
SOM,SOM,Somalia,2016-12,2016-12-01,2016-12-31,23960.769,official LCU per USD,DPANUSLCU,,0,True,True,2026-08-28
SOM,SOM,Somalia,2017-01,2017-01-01,2017-01-31,23994.074,official LCU per USD,DPANUSLCU,,0,True,True,2026-08-28
SOM,SOM,Somalia,2017-02,2017-02-01,2017-02-28,21525.833,official LCU per USD,DPANUSLCU,,0,True,True,2026-08-28
SOM,SOM,Somalia,2017-03,2017-03-01,2017-03-31,21197.115,official LCU per USD,DPANUSLCU,,0,True,True,2026-08-28
SOM,SOM,Somalia,2017-04,2017-04-01,2017-04-30,23436.923,official LCU per USD,DPANUSLCU,,0,True,True,2026-08-28
SOM,SOM,Somalia,2017-05,2017-05-01,2017-05-31,23621.667,official LCU per USD,DPANUSLCU,,0,True,True,2026-08-28
SOM,SOM,Somalia,2017-06,2017-06-01,2017-06-30,23245.0,official LCU per USD,DPANUSLCU,,0,True,True,2026-08-28
SOM,SOM,Somalia,2017-07,2017-07-01,2017-07-31,23258.704,official LCU per USD,DPANUSLCU,,0,True,True,2026-08-28
SOM,SOM,Somalia,2017-08,2017-08-01,2017-08-31,23197.407,official LCU per USD,DPANUSLCU,,0,True,True,2026-08-28
SOM,SOM,Somalia,2017-09,2017-09-01,2017-09-30,23202.6,official LCU per USD,DPANUSLCU,,0,True,True,2026-08-28
SOM,SOM,Somalia,2017-10,2017-10-01,2017-10-31,23365.37,official LCU per USD,DPANUSLCU,,0,True,True,2026-08-28
SOM,SOM,Somalia,2017-11,2017-11-01,2017-11-30,23595.385,official LCU per USD,DPANUSLCU,,0,True,True,2026-08-28
SOM,SOM,Somalia,2017-12,2017-12-01,2017-12-31,23535.769,official LCU per USD,DPANUSLCU,,0,True,True,2026-08-28
SOM,SOM,Somalia,2018-01,2018-01-01,2018-01-31,23566.111,official LCU per USD,DPANUSLCU,,0,True,True,2026-08-28
SOM,SOM,Somalia,2018-02,2018-02-01,2018-02-28,23546.667,official LCU per USD,DPANUSLCU,,0,True,True,2026-08-28
SOM,SOM,Somalia,2018-03,2018-03-01,2018-03-31,23306.923,official LCU per USD,DPANUSLCU,,0,True,True,2026-08-28
SOM,SOM,Somalia,2018-04,2018-04-01,2018-04-30,23405.028,official LCU per USD,DPANUSLCU,,0,True,True,2026-08-28
SOM,SOM,Somalia,2018-05,2018-05-01,2018-05-31,23581.0,official LCU per USD,DPANUSLCU,,0,True,True,2026-08-28
SOM,SOM,Somalia,2018-06,2018-06-01,2018-06-30,23581.0,official LCU per USD,DPANUSLCU,,0,True,True,2026-08-28
SOM,SOM,Somalia,2018-07,2018-07-01,2018-07-31,,official LCU per USD,DPANUSLCU,,0,True,False,2026-08-28
SOM,SOM,Somalia,2018-08,2018-08-01,2018-08-31,,official LCU per USD,DPANUSLCU,,0,True,False,2026-08-28
SOM,SOM,Somalia,2018-09,2018-09-01,2018-09-30,,official LCU per USD,DPANUSLCU,,0,True,False,2026-08-28
SOM,SOM,Somalia,2018-10,2018-10-01,2018-10-31,,official LCU per USD,DPANUSLCU,,0,True,False,2026-08-28
SOM,SOM,Somalia,2018-11,2018-11-01,2018-11-30,,official LCU per USD,DPANUSLCU,,0,True,False,2026-08-28
SOM,SOM,Somalia,2018-12,2018-12-01,2018-12-31,,official LCU per USD,DPANUSLCU,,0,True,False,2026-08-28
SOM,SOM,Somalia,2019-01,2019-01-01,2019-01-31,,official LCU per USD,DPANUSLCU,,0,True,False,2026-08-28
SOM,SOM,Somalia,2019-02,2019-02-01,2019-02-28,,official LCU per USD,DPANUSLCU,,0,True,False,2026-08-28
SOM,SOM,Somalia,2019-03,2019-03-01,2019-03-31,,official LCU per USD,DPANUSLCU,,0,True,False,2026-08-28
SOM,SOM,Somalia,2019-04,2019-04-01,2019-04-30,,official LCU per USD,DPANUSLCU,,0,True,False,2026-08-28
SOM,SOM,Somalia,2019-05,2019-05-01,2019-05-31,,official LCU per USD,DPANUSLCU,,0,True,False,2026-08-28
SOM,SOM,Somalia,2019-06,2019-06-01,2019-06-30,,official LCU per USD,DPANUSLCU,,0,True,False,2026-08-28
SOM,SOM,Somalia,2019-07,2019-07-01,2019-07-31,,official LCU per USD,DPANUSLCU,,0,True,False,2026-08-28
SOM,SOM,Somalia,2019-08,2019-08-01,2019-08-31,,official LCU per USD,DPANUSLCU,,0,True,False,2026-08-28
SOM,SOM,Somalia,2019-09,2019-09-01,2019-09-30,,official LCU per USD,DPANUSLCU,,0,True,False,2026-08-28
SOM,SOM,Somalia,2019-10,2019-10-01,2019-10-31,,official LCU per USD,DPANUSLCU,,0,True,False,2026-08-28
SOM,SOM,Somalia,2019-11,2019-11-01,2019-11-30,,official LCU per USD,DPANUSLCU,,0,True,False,2026-08-28
SOM,SOM,Somalia,2019-12,2019-12-01,2019-12-31,,official LCU per USD,DPANUSLCU,,0,True,False,2026-08-28
SOM,SOM,Somalia,2020-01,2020-01-01,2020-01-31,,official LCU per USD,DPANUSLCU,,0,True,False,2026-08-28
SOM,SOM,Somalia,2020-02,2020-02-01,2020-02-29,,official LCU per USD,DPANUSLCU,,0,True,False,2026-08-28
SOM,SOM,Somalia,2020-03,2020-03-01,2020-03-31,,official LCU per USD,DPANUSLCU,,0,True,False,2026-08-28
SOM,SOM,Somalia,2020-04,2020-04-01,2020-04-30,,official LCU per USD,DPANUSLCU,,0,True,False,2026-08-28
SOM,SOM,Somalia,2020-05,2020-05-01,2020-05-31,,official LCU per USD,DPANUSLCU,,0,True,False,2026-08-28
SOM,SOM,Somalia,2020-06,2020-06-01,2020-06-30,,official LCU per USD,DPANUSLCU,,0,True,False,2026-08-28
SOM,SOM,Somalia,2020-07,2020-07-01,2020-07-31,,official LCU per USD,DPANUSLCU,,0,True,False,2026-08-28
SOM,SOM,Somalia,2020-08,2020-08-01,2020-08-31,,official LCU per USD,DPANUSLCU,,0,True,False,2026-08-28
SOM,SOM,Somalia,2020-09,2020-09-01,2020-09-30,,official LCU per USD,DPANUSLCU,,0,True,False,2026-08-28
SOM,SOM,Somalia,2020-10,2020-10-01,2020-10-31,,official LCU per USD,DPANUSLCU,,0,True,False,2026-08-28
SOM,SOM,Somalia,2020-11,2020-11-01,2020-11-30,,official LCU per USD,DPANUSLCU,,0,True,False,2026-08-28
SOM,SOM,Somalia,2020-12,2020-12-01,2020-12-31,,official LCU per USD,DPANUSLCU,,0,True,False,2026-08-28
SOM,SOM,Somalia,2021-01,2021-01-01,2021-01-31,,official LCU per USD,DPANUSLCU,,0,True,False,2026-08-28
SOM,SOM,Somalia,2021-02,2021-02-01,2021-02-28,,official LCU per USD,DPANUSLCU,,0,True,False,2026-08-28
SOM,SOM,Somalia,2021-03,2021-03-01,2021-03-31,,official LCU per USD,DPANUSLCU,,0,True,False,2026-08-28
SOM,SOM,Somalia,2021-04,2021-04-01,2021-04-30,,official LCU per USD,DPANUSLCU,,0,True,False,2026-08-28
SOM,SOM,Somalia,2021-05,2021-05-01,2021-05-31,,official LCU per USD,DPANUSLCU,,0,True,False,2026-08-28
SOM,SOM,Somalia,2021-06,2021-06-01,2021-06-30,,official LCU per USD,DPANUSLCU,,0,True,False,2026-08-28
SOM,SOM,Somalia,2021-07,2021-07-01,2021-07-31,,official LCU per USD,DPANUSLCU,,0,True,False,2026-08-28
SOM,SOM,Somalia,2021-08,2021-08-01,2021-08-31,,official LCU per USD,DPANUSLCU,,0,True,False,2026-08-28
SOM,SOM,Somalia,2021-09,2021-09-01,2021-09-30,,official LCU per USD,DPANUSLCU,,0,True,False,2026-08-28
SOM,SOM,Somalia,2021-10,2021-10-01,2021-10-31,,official LCU per USD,DPANUSLCU,,0,True,False,2026-08-28
SOM,SOM,Somalia,2021-11,2021-11-01,2021-11-30,,official LCU per USD,DPANUSLCU,,0,True,False,2026-08-28
SOM,SOM,Somalia,2021-12,2021-12-01,2021-12-31,,official LCU per USD,DPANUSLCU,,0,True,False,2026-08-28
SOM,SOM,Somalia,2022-01,2022-01-01,2022-01-31,,official LCU per USD,DPANUSLCU,,0,True,False,2026-08-28
SOM,SOM,Somalia,2022-02,2022-02-01,2022-02-28,,official LCU per USD,DPANUSLCU,,0,True,False,2026-08-28
SOM,SOM,Somalia,2022-03,2022-03-01,2022-03-31,,official LCU per USD,DPANUSLCU,,0,True,False,2026-08-28
SOM,SOM,Somalia,2022-04,2022-04-01,2022-04-30,,official LCU per USD,DPANUSLCU,,0,True,False,2026-08-28
SOM,SOM,Somalia,2022-05,2022-05-01,2022-05-31,,official LCU per USD,DPANUSLCU,,0,True,False,2026-08-28
SOM,SOM,Somalia,2022-06,2022-06-01,2022-06-30,,official LCU per USD,DPANUSLCU,,0,True,False,2026-08-28
SOM,SOM,Somalia,2022-07,2022-07-01,2022-07-31,,official LCU per USD,DPANUSLCU,,0,True,False,2026-08-28
SOM,SOM,Somalia,2022-08,2022-08-01,2022-08-31,,official LCU per USD,DPANUSLCU,,0,True,False,2026-08-28
SOM,SOM,Somalia,2022-09,2022-09-01,2022-09-30,,official LCU per USD,DPANUSLCU,,0,True,False,2026-08-28
SOM,SOM,Somalia,2022-10,2022-10-01,2022-10-31,,official LCU per USD,DPANUSLCU,,0,True,False,2026-08-28
SOM,SOM,Somalia,2022-11,2022-11-01,2022-11-30,,official LCU per USD,DPANUSLCU,,0,True,False,2026-08-28
SOM,SOM,Somalia,2022-12,2022-12-01,2022-12-31,,official LCU per USD,DPANUSLCU,,0,True,False,2026-08-28
SOM,SOM,Somalia,2023-01,2023-01-01,2023-01-31,,official LCU per USD,DPANUSLCU,,0,True,False,2026-08-28
SOM,SOM,Somalia,2023-02,2023-02-01,2023-02-28,,official LCU per USD,DPANUSLCU,,0,True,False,2026-08-28
SOM,SOM,Somalia,2023-03,2023-03-01,2023-03-31,,official LCU per USD,DPANUSLCU,,0,True,False,2026-08-28
SOM,SOM,Somalia,2023-04,2023-04-01,2023-04-30,,official LCU per USD,DPANUSLCU,,0,True,False,2026-08-28
SOM,SOM,Somalia,2023-05,2023-05-01,2023-05-31,,official LCU per USD,DPANUSLCU,,0,True,False,2026-08-28
SOM,SOM,Somalia,2023-06,2023-06-01,2023-06-30,,official LCU per USD,DPANUSLCU,,0,True,False,2026-08-28
SOM,SOM,Somalia,2023-07,2023-07-01,2023-07-31,,official LCU per USD,DPANUSLCU,,0,True,False,2026-08-28
SOM,SOM,Somalia,2023-08,2023-08-01,2023-08-31,,official LCU per USD,DPANUSLCU,,0,True,False,2026-08-28
SOM,SOM,Somalia,2023-09,2023-09-01,2023-09-30,,official LCU per USD,DPANUSLCU,,0,True,False,2026-08-28
SOM,SOM,Somalia,2023-10,2023-10-01,2023-10-31,,official LCU per USD,DPANUSLCU,,0,True,False,2026-08-28
SOM,SOM,Somalia,2023-11,2023-11-01,2023-11-30,,official LCU per USD,DPANUSLCU,,0,True,False,2026-08-28
SOM,SOM,Somalia,2023-12,2023-12-01,2023-12-31,,official LCU per USD,DPANUSLCU,,0,True,False,2026-08-28
SOM,SOM,Somalia,2024-01,2024-01-01,2024-01-31,,official LCU per USD,DPANUSLCU,,0,True,False,2026-08-28
SOM,SOM,Somalia,2024-02,2024-02-01,2024-02-29,,official LCU per USD,DPANUSLCU,,0,True,False,2026-08-28
SOM,SOM,Somalia,2024-03,2024-03-01,2024-03-31,,official LCU per USD,DPANUSLCU,,0,True,False,2026-08-28
SOM,SOM,Somalia,2024-04,2024-04-01,2024-04-30,,official LCU per USD,DPANUSLCU,,0,True,False,2026-08-28
SOM,SOM,Somalia,2024-05,2024-05-01,2024-05-31,,official LCU per USD,DPANUSLCU,,0,True,False,2026-08-28
SOM,SOM,Somalia,2024-06,2024-06-01,2024-06-30,,official LCU per USD,DPANUSLCU,,0,True,False,2026-08-28
SOM,SOM,Somalia,2024-07,2024-07-01,2024-07-31,,official LCU per USD,DPANUSLCU,,0,True,False,2026-08-28
SOM,SOM,Somalia,2024-08,2024-08-01,2024-08-31,,official LCU per USD,DPANUSLCU,,0,True,False,2026-08-28
SOM,SOM,Somalia,2024-09,2024-09-01,2024-09-30,,official LCU per USD,DPANUSLCU,,0,True,False,2026-08-28
SOM,SOM,Somalia,2024-10,2024-10-01,2024-10-31,,official LCU per USD,DPANUSLCU,,0,True,False,2026-08-28
SOM,SOM,Somalia,2024-11,2024-11-01,2024-11-30,,official LCU per USD,DPANUSLCU,,0,True,False,2026-08-28
SOM,SOM,Somalia,2024-12,2024-12-01,2024-12-31,,official LCU per USD,DPANUSLCU,,0,True,False,2026-08-28
SOM,SOM,Somalia,2025-01,2025-01-01,2025-01-31,,official LCU per USD,DPANUSLCU,,0,True,False,2026-08-28
SOM,SOM,Somalia,2025-02,2025-02-01,2025-02-28,,official LCU per USD,DPANUSLCU,,0,True,False,2026-08-28
SOM,SOM,Somalia,2025-03,2025-03-01,2025-03-31,,official LCU per USD,DPANUSLCU,,0,True,False,2026-08-28
SOM,SOM,Somalia,2025-04,2025-04-01,2025-04-30,,official LCU per USD,DPANUSLCU,,0,True,False,2026-08-28
SOM,SOM,Somalia,2025-05,2025-05-01,2025-05-31,,official LCU per USD,DPANUSLCU,,0,True,False,2026-08-28
SOM,SOM,Somalia,2025-06,2025-06-01,2025-06-30,,official LCU per USD,DPANUSLCU,,0,True,False,2026-08-28
SOM,SOM,Somalia,2025-07,2025-07-01,2025-07-31,,official LCU per USD,DPANUSLCU,,0,True,False,2026-08-28
SOM,SOM,Somalia,2025-08,2025-08-01,2025-08-31,,official LCU per USD,DPANUSLCU,,0,True,False,2026-08-28
SOM,SOM,Somalia,2025-09,2025-09-01,2025-09-30,,official LCU per USD,DPANUSLCU,,0,True,False,2026-08-28
SOM,SOM,Somalia,2025-10,2025-10-01,2025-10-31,,official LCU per USD,DPANUSLCU,,0,True,False,2026-08-28
SOM,SOM,Somalia,2025-11,2025-11-01,2025-11-30,,official LCU per USD,DPANUSLCU,,0,True,False,2026-08-28
SOM,SOM,Somalia,2025-12,2025-12-01,2025-12-31,,official LCU per USD,DPANUSLCU,,0,True,False,2026-08-28
SOM,SOM,Somalia,2026-01,2026-01-01,2026-01-31,,official LCU per USD,DPANUSLCU,,0,True,False,2026-08-28
SOM,SOM,Somalia,2026-02,2026-02-01,2026-02-28,,official LCU per USD,DPANUSLCU,,0,True,False,2026-08-28
SOM,SOM,Somalia,2026-03,2026-03-01,2026-03-31,,official LCU per USD,DPANUSLCU,,0,True,False,2026-08-28
UKR,UKR,Ukraine,2015-01,2015-01-01,2015-01-31,15.85727272727,official LCU per USD,DPANUSLCU,,0,True,True,2026-08-28
UKR,UKR,Ukraine,2015-02,2015-02-01,2015-02-28,25.69675,official LCU per USD,DPANUSLCU,,0,True,True,2026-08-28
UKR,UKR,Ukraine,2015-03,2015-03-01,2015-03-31,22.85090909091,official LCU per USD,DPANUSLCU,,0,True,True,2026-08-28
UKR,UKR,Ukraine,2015-04,2015-04-01,2015-04-30,22.61604545455,official LCU per USD,DPANUSLCU,,0,True,True,2026-08-28
UKR,UKR,Ukraine,2015-05,2015-05-01,2015-05-31,21.013,official LCU per USD,DPANUSLCU,,0,True,True,2026-08-28
UKR,UKR,Ukraine,2015-06,2015-06-01,2015-06-30,21.211,official LCU per USD,DPANUSLCU,,0,True,True,2026-08-28
UKR,UKR,Ukraine,2015-07,2015-07-01,2015-07-31,21.82417391304,official LCU per USD,DPANUSLCU,,0,True,True,2026-08-28
UKR,UKR,Ukraine,2015-08,2015-08-01,2015-08-31,21.98270562771,official LCU per USD,DPANUSLCU,,0,True,True,2026-08-28
UKR,UKR,Ukraine,2015-09,2015-09-01,2015-09-30,21.86319008264,official LCU per USD,DPANUSLCU,,0,True,True,2026-08-28
UKR,UKR,Ukraine,2015-10,2015-10-01,2015-10-31,21.88218181818,official LCU per USD,DPANUSLCU,,0,True,True,2026-08-28
UKR,UKR,Ukraine,2015-11,2015-11-01,2015-11-30,23.34223809524,official LCU per USD,DPANUSLCU,,0,True,True,2026-08-28
UKR,UKR,Ukraine,2015-12,2015-12-01,2015-12-31,23.46273913043,official LCU per USD,DPANUSLCU,,0,True,True,2026-08-28
UKR,UKR,Ukraine,2016-01,2016-01-01,2016-01-31,24.1399047619,official LCU per USD,DPANUSLCU,,0,True,True,2026-08-28
UKR,UKR,Ukraine,2016-02,2016-02-01,2016-02-29,26.41626190476,official LCU per USD,DPANUSLCU,,0,True,True,2026-08-28
UKR,UKR,Ukraine,2016-03,2016-03-01,2016-03-31,26.24468695652,official LCU per USD,DPANUSLCU,,0,True,True,2026-08-28
UKR,UKR,Ukraine,2016-04,2016-04-01,2016-04-30,25.5302,official LCU per USD,DPANUSLCU,,0,True,True,2026-08-28
UKR,UKR,Ukraine,2016-05,2016-05-01,2016-05-31,25.20225,official LCU per USD,DPANUSLCU,,0,True,True,2026-08-28
UKR,UKR,Ukraine,2016-06,2016-06-01,2016-06-30,24.92122727273,official LCU per USD,DPANUSLCU,,0,True,True,2026-08-28
UKR,UKR,Ukraine,2016-07,2016-07-01,2016-07-31,24.80435714286,official LCU per USD,DPANUSLCU,,0,True,True,2026-08-28
UKR,UKR,Ukraine,2016-08,2016-08-01,2016-08-31,25.14443478261,official LCU per USD,DPANUSLCU,,0,True,True,2026-08-28
UKR,UKR,Ukraine,2016-09,2016-09-01,2016-09-30,26.22279545455,official LCU per USD,DPANUSLCU,,0,True,True,2026-08-28
UKR,UKR,Ukraine,2016-10,2016-10-01,2016-10-31,25.75310822511,official LCU per USD,DPANUSLCU,,0,True,True,2026-08-28
UKR,UKR,Ukraine,2016-11,2016-11-01,2016-11-30,25.82069214876,official LCU per USD,DPANUSLCU,,0,True,True,2026-08-28
UKR,UKR,Ukraine,2016-12,2016-12-01,2016-12-31,26.24575,official LCU per USD,DPANUSLCU,,0,True,True,2026-08-28
UKR,UKR,Ukraine,2017-01,2017-01-01,2017-01-31,27.27995454545,official LCU per USD,DPANUSLCU,,0,True,True,2026-08-28
UKR,UKR,Ukraine,2017-02,2017-02-01,2017-02-28,27.053625,official LCU per USD,DPANUSLCU,,0,True,True,2026-08-28
UKR,UKR,Ukraine,2017-03,2017-03-01,2017-03-31,27.0337826087,official LCU per USD,DPANUSLCU,,0,True,True,2026-08-28
UKR,UKR,Ukraine,2017-04,2017-04-01,2017-04-30,26.8197,official LCU per USD,DPANUSLCU,,0,True,True,2026-08-28
UKR,UKR,Ukraine,2017-05,2017-05-01,2017-05-31,26.39180434783,official LCU per USD,DPANUSLCU,,0,True,True,2026-08-28
UKR,UKR,Ukraine,2017-06,2017-06-01,2017-06-30,26.09997727273,official LCU per USD,DPANUSLCU,,0,True,True,2026-08-28
UKR,UKR,Ukraine,2017-07,2017-07-01,2017-07-31,25.95483333333,official LCU per USD,DPANUSLCU,,0,True,True,2026-08-28
UKR,UKR,Ukraine,2017-08,2017-08-01,2017-08-31,25.63743478261,official LCU per USD,DPANUSLCU,,0,True,True,2026-08-28
UKR,UKR,Ukraine,2017-09,2017-09-01,2017-09-30,26.16404761905,official LCU per USD,DPANUSLCU,,0,True,True,2026-08-28
UKR,UKR,Ukraine,2017-10,2017-10-01,2017-10-31,26.65697727273,official LCU per USD,DPANUSLCU,,0,True,True,2026-08-28
UKR,UKR,Ukraine,2017-11,2017-11-01,2017-11-30,26.71772727273,official LCU per USD,DPANUSLCU,,0,True,True,2026-08-28
UKR,UKR,Ukraine,2017-12,2017-12-01,2017-12-31,27.5847585034,official LCU per USD,DPANUSLCU,,0,True,True,2026-08-28
UKR,UKR,Ukraine,2018-01,2018-01-01,2018-01-31,28.33587701863,official LCU per USD,DPANUSLCU,,0,True,True,2026-08-28
UKR,UKR,Ukraine,2018-02,2018-02-01,2018-02-28,27.121345,official LCU per USD,DPANUSLCU,,0,True,True,2026-08-28
UKR,UKR,Ukraine,2018-03,2018-03-01,2018-03-31,26.29174242424,official LCU per USD,DPANUSLCU,,0,True,True,2026-08-28
UKR,UKR,Ukraine,2018-04,2018-04-01,2018-04-30,26.1380952381,official LCU per USD,DPANUSLCU,,0,True,True,2026-08-28
UKR,UKR,Ukraine,2018-05,2018-05-01,2018-05-31,26.16665942029,official LCU per USD,DPANUSLCU,,0,True,True,2026-08-28
UKR,UKR,Ukraine,2018-06,2018-06-01,2018-06-30,26.23745238095,official LCU per USD,DPANUSLCU,,0,True,True,2026-08-28
UKR,UKR,Ukraine,2018-07,2018-07-01,2018-07-31,26.4255,official LCU per USD,DPANUSLCU,,0,True,True,2026-08-28
UKR,UKR,Ukraine,2018-08,2018-08-01,2018-08-31,27.57539130435,official LCU per USD,DPANUSLCU,,0,True,True,2026-08-28
UKR,UKR,Ukraine,2018-09,2018-09-01,2018-09-30,28.18975,official LCU per USD,DPANUSLCU,,0,True,True,2026-08-28
UKR,UKR,Ukraine,2018-10,2018-10-01,2018-10-31,28.11041304348,official LCU per USD,DPANUSLCU,,0,True,True,2026-08-28
UKR,UKR,Ukraine,2018-11,2018-11-01,2018-11-30,27.93913636364,official LCU per USD,DPANUSLCU,,0,True,True,2026-08-28
UKR,UKR,Ukraine,2018-12,2018-12-01,2018-12-31,27.73797619048,official LCU per USD,DPANUSLCU,,0,True,True,2026-08-28
UKR,UKR,Ukraine,2019-01,2019-01-01,2019-01-31,27.85213043478,official LCU per USD,DPANUSLCU,,0,True,True,2026-08-28
UKR,UKR,Ukraine,2019-02,2019-02-01,2019-02-28,27.11535,official LCU per USD,DPANUSLCU,,0,True,True,2026-08-28
UKR,UKR,Ukraine,2019-03,2019-03-01,2019-03-31,26.86004761905,official LCU per USD,DPANUSLCU,,0,True,True,2026-08-28
UKR,UKR,Ukraine,2019-04,2019-04-01,2019-04-30,26.76020454545,official LCU per USD,DPANUSLCU,,0,True,True,2026-08-28
UKR,UKR,Ukraine,2019-05,2019-05-01,2019-05-31,26.37386956522,official LCU per USD,DPANUSLCU,,0,True,True,2026-08-28
UKR,UKR,Ukraine,2019-06,2019-06-01,2019-06-30,26.435175,official LCU per USD,DPANUSLCU,,0,True,True,2026-08-28
UKR,UKR,Ukraine,2019-07,2019-07-01,2019-07-31,25.72954347826,official LCU per USD,DPANUSLCU,,0,True,True,2026-08-28
UKR,UKR,Ukraine,2019-08,2019-08-01,2019-08-31,25.25427272727,official LCU per USD,DPANUSLCU,,0,True,True,2026-08-28
UKR,UKR,Ukraine,2019-09,2019-09-01,2019-09-30,24.65692857143,official LCU per USD,DPANUSLCU,,0,True,True,2026-08-28
UKR,UKR,Ukraine,2019-10,2019-10-01,2019-10-31,24.79054347826,official LCU per USD,DPANUSLCU,,0,True,True,2026-08-28
UKR,UKR,Ukraine,2019-11,2019-11-01,2019-11-30,24.29226190476,official LCU per USD,DPANUSLCU,,0,True,True,2026-08-28
UKR,UKR,Ukraine,2019-12,2019-12-01,2019-12-31,23.63071590909,official LCU per USD,DPANUSLCU,,0,True,True,2026-08-28
UKR,UKR,Ukraine,2020-01,2020-01-01,2020-01-31,24.21340217391,official LCU per USD,DPANUSLCU,,0,True,True,2026-08-28
UKR,UKR,Ukraine,2020-02,2020-02-01,2020-02-29,24.520725,official LCU per USD,DPANUSLCU,,0,True,True,2026-08-28
UKR,UKR,Ukraine,2020-03,2020-03-01,2020-03-31,26.47404545455,official LCU per USD,DPANUSLCU,,0,True,True,2026-08-28
UKR,UKR,Ukraine,2020-04,2020-04-01,2020-04-30,27.18575,official LCU per USD,DPANUSLCU,,0,True,True,2026-08-28
UKR,UKR,Ukraine,2020-05,2020-05-01,2020-05-31,26.82238095238,official LCU per USD,DPANUSLCU,,0,True,True,2026-08-28
UKR,UKR,Ukraine,2020-06,2020-06-01,2020-06-30,26.68347727273,official LCU per USD,DPANUSLCU,,0,True,True,2026-08-28
UKR,UKR,Ukraine,2020-07,2020-07-01,2020-07-31,27.35873913043,official LCU per USD,DPANUSLCU,,0,True,True,2026-08-28
UKR,UKR,Ukraine,2020-08,2020-08-01,2020-08-31,27.50883333333,official LCU per USD,DPANUSLCU,,0,True,True,2026-08-28
UKR,UKR,Ukraine,2020-09,2020-09-01,2020-09-30,28.02354545455,official LCU per USD,DPANUSLCU,,0,True,True,2026-08-28
UKR,UKR,Ukraine,2020-10,2020-10-01,2020-10-31,28.33515909091,official LCU per USD,DPANUSLCU,,0,True,True,2026-08-28
UKR,UKR,Ukraine,2020-11,2020-11-01,2020-11-30,28.28930952381,official LCU per USD,DPANUSLCU,,0,True,True,2026-08-28
UKR,UKR,Ukraine,2020-12,2020-12-01,2020-12-31,28.14891304348,official LCU per USD,DPANUSLCU,,0,True,True,2026-08-28
UKR,UKR,Ukraine,2021-01,2021-01-01,2021-01-31,28.21942857143,official LCU per USD,DPANUSLCU,,0,True,True,2026-08-28
UKR,UKR,Ukraine,2021-02,2021-02-01,2021-02-28,27.89095,official LCU per USD,DPANUSLCU,,0,True,True,2026-08-28
UKR,UKR,Ukraine,2021-03,2021-03-01,2021-03-31,27.8037826087,official LCU per USD,DPANUSLCU,,0,True,True,2026-08-28
UKR,UKR,Ukraine,2021-04,2021-04-01,2021-04-30,27.93947727273,official LCU per USD,DPANUSLCU,,0,True,True,2026-08-28
UKR,UKR,Ukraine,2021-05,2021-05-01,2021-05-31,27.47788095238,official LCU per USD,DPANUSLCU,,0,True,True,2026-08-28
UKR,UKR,Ukraine,2021-06,2021-06-01,2021-06-30,27.20047727273,official LCU per USD,DPANUSLCU,,0,True,True,2026-08-28
UKR,UKR,Ukraine,2021-07,2021-07-01,2021-07-31,27.18809090909,official LCU per USD,DPANUSLCU,,0,True,True,2026-08-28
UKR,UKR,Ukraine,2021-08,2021-08-01,2021-08-31,26.73265909091,official LCU per USD,DPANUSLCU,,0,True,True,2026-08-28
UKR,UKR,Ukraine,2021-09,2021-09-01,2021-09-30,26.66563636364,official LCU per USD,DPANUSLCU,,0,True,True,2026-08-28
UKR,UKR,Ukraine,2021-10,2021-10-01,2021-10-31,26.37199206349,official LCU per USD,DPANUSLCU,,0,True,True,2026-08-28
UKR,UKR,Ukraine,2021-11,2021-11-01,2021-11-30,26.51475757576,official LCU per USD,DPANUSLCU,,0,True,True,2026-08-28
UKR,UKR,Ukraine,2021-12,2021-12-01,2021-12-31,27.21091304348,official LCU per USD,DPANUSLCU,,0,True,True,2026-08-28
UKR,UKR,Ukraine,2022-01,2022-01-01,2022-01-31,28.06807142857,official LCU per USD,DPANUSLCU,,0,True,True,2026-08-28
UKR,UKR,Ukraine,2022-02,2022-02-01,2022-02-28,28.58755,official LCU per USD,DPANUSLCU,,0,True,True,2026-08-28
UKR,UKR,Ukraine,2022-03,2022-03-01,2022-03-31,29.62834782609,official LCU per USD,DPANUSLCU,,0,True,True,2026-08-28
UKR,UKR,Ukraine,2022-04,2022-04-01,2022-04-30,29.63657142857,official LCU per USD,DPANUSLCU,,0,True,True,2026-08-28
UKR,UKR,Ukraine,2022-05,2022-05-01,2022-05-31,29.6585,official LCU per USD,DPANUSLCU,,0,True,True,2026-08-28
UKR,UKR,Ukraine,2022-06,2022-06-01,2022-06-30,29.514,official LCU per USD,DPANUSLCU,,0,True,True,2026-08-28
UKR,UKR,Ukraine,2022-07,2022-07-01,2022-07-31,31.57892857143,official LCU per USD,DPANUSLCU,,0,True,True,2026-08-28
UKR,UKR,Ukraine,2022-08,2022-08-01,2022-08-31,36.6577173913,official LCU per USD,DPANUSLCU,,0,True,True,2026-08-28
UKR,UKR,Ukraine,2022-09,2022-09-01,2022-09-30,36.79170454545,official LCU per USD,DPANUSLCU,,0,True,True,2026-08-28
UKR,UKR,Ukraine,2022-10,2022-10-01,2022-10-31,36.8135952381,official LCU per USD,DPANUSLCU,,0,True,True,2026-08-28
UKR,UKR,Ukraine,2022-11,2022-11-01,2022-11-30,36.8185,official LCU per USD,DPANUSLCU,,0,True,True,2026-08-28
UKR,UKR,Ukraine,2022-12,2022-12-01,2022-12-31,36.91022727273,official LCU per USD,DPANUSLCU,,0,True,True,2026-08-28
UKR,UKR,Ukraine,2023-01,2023-01-01,2023-01-31,36.84956818182,official LCU per USD,DPANUSLCU,,0,True,True,2026-08-28
UKR,UKR,Ukraine,2023-02,2023-02-01,2023-02-28,36.8560625,official LCU per USD,DPANUSLCU,,0,True,True,2026-08-28
UKR,UKR,Ukraine,2023-03,2023-03-01,2023-03-31,36.89064130435,official LCU per USD,DPANUSLCU,,0,True,True,2026-08-28
UKR,UKR,Ukraine,2023-04,2023-04-01,2023-04-30,36.868675,official LCU per USD,DPANUSLCU,,0,True,True,2026-08-28
UKR,UKR,Ukraine,2023-05,2023-05-01,2023-05-31,36.91195652174,official LCU per USD,DPANUSLCU,,0,True,True,2026-08-28
UKR,UKR,Ukraine,2023-06,2023-06-01,2023-06-30,36.92952272727,official LCU per USD,DPANUSLCU,,0,True,True,2026-08-28
UKR,UKR,Ukraine,2023-07,2023-07-01,2023-07-31,36.88142857143,official LCU per USD,DPANUSLCU,,0,True,True,2026-08-28
UKR,UKR,Ukraine,2023-08,2023-08-01,2023-08-31,36.88595652174,official LCU per USD,DPANUSLCU,,0,True,True,2026-08-28
UKR,UKR,Ukraine,2023-09,2023-09-01,2023-09-30,36.86938095238,official LCU per USD,DPANUSLCU,,0,True,True,2026-08-28
UKR,UKR,Ukraine,2023-10,2023-10-01,2023-10-31,36.60206818182,official LCU per USD,DPANUSLCU,,0,True,True,2026-08-28
UKR,UKR,Ukraine,2023-11,2023-11-01,2023-11-30,36.21259090909,official LCU per USD,DPANUSLCU,,0,True,True,2026-08-28
UKR,UKR,Ukraine,2023-12,2023-12-01,2023-12-31,37.18702380952,official LCU per USD,DPANUSLCU,,0,True,True,2026-08-28
UKR,UKR,Ukraine,2024-01,2024-01-01,2024-01-31,37.89004347826,official LCU per USD,DPANUSLCU,,0,True,True,2026-08-28
UKR,UKR,Ukraine,2024-02,2024-02-01,2024-02-29,38.04888095238,official LCU per USD,DPANUSLCU,,0,True,True,2026-08-28
UKR,UKR,Ukraine,2024-03,2024-03-01,2024-03-31,38.72911904762,official LCU per USD,DPANUSLCU,,0,True,True,2026-08-28
UKR,UKR,Ukraine,2024-04,2024-04-01,2024-04-30,39.39429545455,official LCU per USD,DPANUSLCU,,0,True,True,2026-08-28
UKR,UKR,Ukraine,2024-05,2024-05-01,2024-05-31,39.78008695652,official LCU per USD,DPANUSLCU,,0,True,True,2026-08-28
UKR,UKR,Ukraine,2024-06,2024-06-01,2024-06-30,40.498,official LCU per USD,DPANUSLCU,,0,True,True,2026-08-28
UKR,UKR,Ukraine,2024-07,2024-07-01,2024-07-31,41.00417391304,official LCU per USD,DPANUSLCU,,0,True,True,2026-08-28
UKR,UKR,Ukraine,2024-08,2024-08-01,2024-08-31,41.21911363636,official LCU per USD,DPANUSLCU,,0,True,True,2026-08-28
UKR,UKR,Ukraine,2024-09,2024-09-01,2024-09-30,41.27061904762,official LCU per USD,DPANUSLCU,,0,True,True,2026-08-28
UKR,UKR,Ukraine,2024-10,2024-10-01,2024-10-31,41.24739130435,official LCU per USD,DPANUSLCU,,0,True,True,2026-08-28
UKR,UKR,Ukraine,2024-11,2024-11-01,2024-11-30,41.38069047619,official LCU per USD,DPANUSLCU,,0,True,True,2026-08-28
UKR,UKR,Ukraine,2024-12,2024-12-01,2024-12-31,41.78895454545,official LCU per USD,DPANUSLCU,,0,True,True,2026-08-28
UKR,UKR,Ukraine,2025-01,2025-01-01,2025-01-31,42.08502173913,official LCU per USD,DPANUSLCU,,0,True,True,2026-08-28
UKR,UKR,Ukraine,2025-02,2025-02-01,2025-02-28,41.6496,official LCU per USD,DPANUSLCU,,0,True,True,2026-08-28
UKR,UKR,Ukraine,2025-03,2025-03-01,2025-03-31,41.50416666667,official LCU per USD,DPANUSLCU,,0,True,True,2026-08-28
UKR,UKR,Ukraine,2025-04,2025-04-01,2025-04-30,41.40863636364,official LCU per USD,DPANUSLCU,,0,True,True,2026-08-28
UKR,UKR,Ukraine,2025-05,2025-05-01,2025-05-31,41.53818181818,official LCU per USD,DPANUSLCU,,0,True,True,2026-08-28
UKR,UKR,Ukraine,2025-06,2025-06-01,2025-06-30,41.61746825397,official LCU per USD,DPANUSLCU,,0,True,True,2026-08-28
UKR,UKR,Ukraine,2025-07,2025-07-01,2025-07-31,41.77855072464,official LCU per USD,DPANUSLCU,,0,True,True,2026-08-28
UKR,UKR,Ukraine,2025-08,2025-08-01,2025-08-31,41.39921428571,official LCU per USD,DPANUSLCU,,0,True,True,2026-08-28
UKR,UKR,Ukraine,2025-09,2025-09-01,2025-09-30,41.29427272727,official LCU per USD,DPANUSLCU,,0,True,True,2026-08-28
UKR,UKR,Ukraine,2025-10,2025-10-01,2025-10-31,41.66210869565,official LCU per USD,DPANUSLCU,,0,True,True,2026-08-28
UKR,UKR,Ukraine,2025-11,2025-11-01,2025-11-30,42.112525,official LCU per USD,DPANUSLCU,,0,True,True,2026-08-28
UKR,UKR,Ukraine,2025-12,2025-12-01,2025-12-31,42.20517391304,official LCU per USD,DPANUSLCU,,0,True,True,2026-08-28
UKR,UKR,Ukraine,2026-01,2026-01-01,2026-01-31,42.9755,official LCU per USD,DPANUSLCU,,0,True,True,2026-08-28
UKR,UKR,Ukraine,2026-02,2026-02-01,2026-02-28,43.129725,official LCU per USD,DPANUSLCU,,0,True,True,2026-08-28
UKR,UKR,Ukraine,2026-03,2026-03-01,2026-03-31,43.87694736842,official LCU per USD,DPANUSLCU,,0,True,True,2026-08-28
YEM,YEM,Yemen Rep.,2015-01,2015-01-01,2015-01-31,215.03886363636,official LCU per USD,DPANUSLCU,,0,True,True,2026-08-28
YEM,YEM,Yemen Rep.,2015-02,2015-02-01,2015-02-28,215.071,official LCU per USD,DPANUSLCU,,0,True,True,2026-08-28
YEM,YEM,Yemen Rep.,2015-03,2015-03-01,2015-03-31,215.07090909091,official LCU per USD,DPANUSLCU,,0,True,True,2026-08-28
YEM,YEM,Yemen Rep.,2015-04,2015-04-01,2015-04-30,215.00522727273,official LCU per USD,DPANUSLCU,,0,True,True,2026-08-28
YEM,YEM,Yemen Rep.,2015-05,2015-05-01,2015-05-31,214.92654761905,official LCU per USD,DPANUSLCU,,0,True,True,2026-08-28
YEM,YEM,Yemen Rep.,2015-06,2015-06-01,2015-06-30,214.9275,official LCU per USD,DPANUSLCU,,0,True,True,2026-08-28
YEM,YEM,Yemen Rep.,2015-07,2015-07-01,2015-07-31,214.96282608696,official LCU per USD,DPANUSLCU,,0,True,True,2026-08-28
YEM,YEM,Yemen Rep.,2015-08,2015-08-01,2015-08-31,214.91333333333,official LCU per USD,DPANUSLCU,,0,True,True,2026-08-28
YEM,YEM,Yemen Rep.,2015-09,2015-09-01,2015-09-30,214.96090909091,official LCU per USD,DPANUSLCU,,0,True,True,2026-08-28
YEM,YEM,Yemen Rep.,2015-10,2015-10-01,2015-10-31,214.96431818182,official LCU per USD,DPANUSLCU,,0,True,True,2026-08-28
YEM,YEM,Yemen Rep.,2015-11,2015-11-01,2015-11-30,214.93595238095,official LCU per USD,DPANUSLCU,,0,True,True,2026-08-28
YEM,YEM,Yemen Rep.,2015-12,2015-12-01,2015-12-31,214.91869565217,official LCU per USD,DPANUSLCU,,0,True,True,2026-08-28
YEM,YEM,Yemen Rep.,2016-01,2016-01-01,2016-01-31,214.92523809524,official LCU per USD,DPANUSLCU,,0,True,True,2026-08-28
YEM,YEM,Yemen Rep.,2016-02,2016-02-01,2016-02-29,214.90428571429,official LCU per USD,DPANUSLCU,,0,True,True,2026-08-28
YEM,YEM,Yemen Rep.,2016-03,2016-03-01,2016-03-31,214.90586956522,official LCU per USD,DPANUSLCU,,0,True,True,2026-08-28
YEM,YEM,Yemen Rep.,2016-04,2016-04-01,2016-04-30,244.85095238095,official LCU per USD,DPANUSLCU,,0,True,True,2026-08-28
YEM,YEM,Yemen Rep.,2016-05,2016-05-01,2016-05-31,249.69068181818,official LCU per USD,DPANUSLCU,,0,True,True,2026-08-28
YEM,YEM,Yemen Rep.,2016-06,2016-06-01,2016-06-30,249.75818181818,official LCU per USD,DPANUSLCU,,0,True,True,2026-08-28
YEM,YEM,Yemen Rep.,2016-07,2016-07-01,2016-07-31,250.05238095238,official LCU per USD,DPANUSLCU,,0,True,True,2026-08-28
YEM,YEM,Yemen Rep.,2016-08,2016-08-01,2016-08-31,250.01152173913,official LCU per USD,DPANUSLCU,,0,True,True,2026-08-28
YEM,YEM,Yemen Rep.,2016-09,2016-09-01,2016-09-30,250.10931818182,official LCU per USD,DPANUSLCU,,0,True,True,2026-08-28
YEM,YEM,Yemen Rep.,2016-10,2016-10-01,2016-10-31,250.05787878788,official LCU per USD,DPANUSLCU,,0,True,True,2026-08-28
YEM,YEM,Yemen Rep.,2016-11,2016-11-01,2016-11-30,250.0441838843,official LCU per USD,DPANUSLCU,,0,True,True,2026-08-28
YEM,YEM,Yemen Rep.,2016-12,2016-12-01,2016-12-31,250.13454545455,official LCU per USD,DPANUSLCU,,0,True,True,2026-08-28
YEM,YEM,Yemen Rep.,2017-01,2017-01-01,2017-01-31,250.15522727273,official LCU per USD,DPANUSLCU,,0,True,True,2026-08-28
YEM,YEM,Yemen Rep.,2017-02,2017-02-01,2017-02-28,250.1475,official LCU per USD,DPANUSLCU,,0,True,True,2026-08-28
YEM,YEM,Yemen Rep.,2017-03,2017-03-01,2017-03-31,250.35369565217,official LCU per USD,DPANUSLCU,,0,True,True,2026-08-28
YEM,YEM,Yemen Rep.,2017-04,2017-04-01,2017-04-30,250.2115,official LCU per USD,DPANUSLCU,,0,True,True,2026-08-28
YEM,YEM,Yemen Rep.,2017-05,2017-05-01,2017-05-31,250.31739130435,official LCU per USD,DPANUSLCU,,0,True,True,2026-08-28
YEM,YEM,Yemen Rep.,2017-06,2017-06-01,2017-06-30,250.28147727273,official LCU per USD,DPANUSLCU,,0,True,True,2026-08-28
YEM,YEM,Yemen Rep.,2017-07,2017-07-01,2017-07-31,250.27416666667,official LCU per USD,DPANUSLCU,,0,True,True,2026-08-28
YEM,YEM,Yemen Rep.,2017-08,2017-08-01,2017-08-31,250.21626086957,official LCU per USD,DPANUSLCU,,0,True,True,2026-08-28
YEM,YEM,Yemen Rep.,2017-09,2017-09-01,2017-09-30,250.25445238095,official LCU per USD,DPANUSLCU,,0,True,True,2026-08-28
YEM,YEM,Yemen Rep.,2017-10,2017-10-01,2017-10-31,250.28511363636,official LCU per USD,DPANUSLCU,,0,True,True,2026-08-28
YEM,YEM,Yemen Rep.,2017-11,2017-11-01,2017-11-30,250.27434090909,official LCU per USD,DPANUSLCU,,0,True,True,2026-08-28
YEM,YEM,Yemen Rep.,2017-12,2017-12-01,2017-12-31,250.27035034014,official LCU per USD,DPANUSLCU,,0,True,True,2026-08-28
YEM,YEM,Yemen Rep.,2018-01,2018-01-01,2018-01-31,250.24727142857,official LCU per USD,DPANUSLCU,,0,True,True,2026-08-28
YEM,YEM,Yemen Rep.,2018-02,2018-02-01,2018-02-28,250.249645,official LCU per USD,DPANUSLCU,,0,True,True,2026-08-28
YEM,YEM,Yemen Rep.,2018-03,2018-03-01,2018-03-31,250.24522727273,official LCU per USD,DPANUSLCU,,0,True,True,2026-08-28
YEM,YEM,Yemen Rep.,2018-04,2018-04-01,2018-04-30,250.24857142857,official LCU per USD,DPANUSLCU,,0,True,True,2026-08-28
YEM,YEM,Yemen Rep.,2018-05,2018-05-01,2018-05-31,250.2902173913,official LCU per USD,DPANUSLCU,,0,True,True,2026-08-28
YEM,YEM,Yemen Rep.,2018-06,2018-06-01,2018-06-30,250.22904761905,official LCU per USD,DPANUSLCU,,0,True,True,2026-08-28
YEM,YEM,Yemen Rep.,2018-07,2018-07-01,2018-07-31,250.30227272727,official LCU per USD,DPANUSLCU,,0,True,True,2026-08-28
YEM,YEM,Yemen Rep.,2018-08,2018-08-01,2018-08-31,250.28456521739,official LCU per USD,DPANUSLCU,,0,True,True,2026-08-28
YEM,YEM,Yemen Rep.,2018-09,2018-09-01,2018-09-30,250.278625,official LCU per USD,DPANUSLCU,,0,True,True,2026-08-28
YEM,YEM,Yemen Rep.,2018-10,2018-10-01,2018-10-31,250.29467391304,official LCU per USD,DPANUSLCU,,0,True,True,2026-08-28
YEM,YEM,Yemen Rep.,2018-11,2018-11-01,2018-11-30,250.20818181818,official LCU per USD,DPANUSLCU,,0,True,True,2026-08-28
YEM,YEM,Yemen Rep.,2018-12,2018-12-01,2018-12-31,250.26892857143,official LCU per USD,DPANUSLCU,,0,True,True,2026-08-28
YEM,YEM,Yemen Rep.,2019-01,2019-01-01,2019-01-31,250.335,official LCU per USD,DPANUSLCU,,0,True,True,2026-08-28
YEM,YEM,Yemen Rep.,2019-02,2019-02-01,2019-02-28,250.20625,official LCU per USD,DPANUSLCU,,0,True,True,2026-08-28
YEM,YEM,Yemen Rep.,2019-03,2019-03-01,2019-03-31,250.33273809524,official LCU per USD,DPANUSLCU,,0,True,True,2026-08-28
YEM,YEM,Yemen Rep.,2019-04,2019-04-01,2019-04-30,250.32659090909,official LCU per USD,DPANUSLCU,,0,True,True,2026-08-28
YEM,YEM,Yemen Rep.,2019-05,2019-05-01,2019-05-31,250.23695652174,official LCU per USD,DPANUSLCU,,0,True,True,2026-08-28
YEM,YEM,Yemen Rep.,2019-06,2019-06-01,2019-06-30,250.260625,official LCU per USD,DPANUSLCU,,0,True,True,2026-08-28
YEM,YEM,Yemen Rep.,2019-07,2019-07-01,2019-07-31,250.14130434783,official LCU per USD,DPANUSLCU,,0,True,True,2026-08-28
YEM,YEM,Yemen Rep.,2019-08,2019-08-01,2019-08-31,250.25681818182,official LCU per USD,DPANUSLCU,,0,True,True,2026-08-28
YEM,YEM,Yemen Rep.,2019-09,2019-09-01,2019-09-30,250.32023809524,official LCU per USD,DPANUSLCU,,0,True,True,2026-08-28
YEM,YEM,Yemen Rep.,2019-10,2019-10-01,2019-10-31,250.23913043478,official LCU per USD,DPANUSLCU,,0,True,True,2026-08-28
YEM,YEM,Yemen Rep.,2019-11,2019-11-01,2019-11-30,250.3,official LCU per USD,DPANUSLCU,,0,True,True,2026-08-28
YEM,YEM,Yemen Rep.,2019-12,2019-12-01,2019-12-31,250.27670454546,official LCU per USD,DPANUSLCU,,0,True,True,2026-08-28
YEM,YEM,Yemen Rep.,2020-01,2020-01-01,2020-01-31,250.2347826087,official LCU per USD,DPANUSLCU,,0,True,True,2026-08-28
YEM,YEM,Yemen Rep.,2020-02,2020-02-01,2020-02-29,250.315,official LCU per USD,DPANUSLCU,,0,True,True,2026-08-28
YEM,YEM,Yemen Rep.,2020-03,2020-03-01,2020-03-31,250.30568181818,official LCU per USD,DPANUSLCU,,0,True,True,2026-08-28
YEM,YEM,Yemen Rep.,2020-04,2020-04-01,2020-04-30,250.32818181818,official LCU per USD,DPANUSLCU,,0,True,True,2026-08-28
YEM,YEM,Yemen Rep.,2020-05,2020-05-01,2020-05-31,250.14847619048,official LCU per USD,DPANUSLCU,,0,True,True,2026-08-28
YEM,YEM,Yemen Rep.,2020-06,2020-06-01,2020-06-30,250.10940909091,official LCU per USD,DPANUSLCU,,0,True,True,2026-08-28
YEM,YEM,Yemen Rep.,2020-07,2020-07-01,2020-07-31,250.21047826087,official LCU per USD,DPANUSLCU,,0,True,True,2026-08-28
YEM,YEM,Yemen Rep.,2020-08,2020-08-01,2020-08-31,249.91614285714,official LCU per USD,DPANUSLCU,,0,True,True,2026-08-28
YEM,YEM,Yemen Rep.,2020-09,2020-09-01,2020-09-30,249.80127272727,official LCU per USD,DPANUSLCU,,0,True,True,2026-08-28
YEM,YEM,Yemen Rep.,2020-10,2020-10-01,2020-10-31,249.51045454546,official LCU per USD,DPANUSLCU,,0,True,True,2026-08-28
YEM,YEM,Yemen Rep.,2020-11,2020-11-01,2020-11-30,250.01476190476,official LCU per USD,DPANUSLCU,,0,True,True,2026-08-28
YEM,YEM,Yemen Rep.,2020-12,2020-12-01,2020-12-31,249.93060869565,official LCU per USD,DPANUSLCU,,0,True,True,2026-08-28
YEM,YEM,Yemen Rep.,2021-01,2021-01-01,2021-01-31,250.53740476191,official LCU per USD,DPANUSLCU,,0,True,True,2026-08-28
YEM,YEM,Yemen Rep.,2021-02,2021-02-01,2021-02-28,251.578075,official LCU per USD,DPANUSLCU,,0,True,True,2026-08-28
YEM,YEM,Yemen Rep.,2021-03,2021-03-01,2021-03-31,251.85252173913,official LCU per USD,DPANUSLCU,,0,True,True,2026-08-28
YEM,YEM,Yemen Rep.,2021-04,2021-04-01,2021-04-30,251.86661363636,official LCU per USD,DPANUSLCU,,0,True,True,2026-08-28
YEM,YEM,Yemen Rep.,2021-05,2021-05-01,2021-05-31,250.84597619048,official LCU per USD,DPANUSLCU,,0,True,True,2026-08-28
YEM,YEM,Yemen Rep.,2021-06,2021-06-01,2021-06-30,250.79809090909,official LCU per USD,DPANUSLCU,,0,True,True,2026-08-28
YEM,YEM,Yemen Rep.,2021-07,2021-07-01,2021-07-31,251.45131818182,official LCU per USD,DPANUSLCU,,0,True,True,2026-08-28
YEM,YEM,Yemen Rep.,2021-08,2021-08-01,2021-08-31,251.31477272727,official LCU per USD,DPANUSLCU,,0,True,True,2026-08-28
YEM,YEM,Yemen Rep.,2021-09,2021-09-01,2021-09-30,251.24556818182,official LCU per USD,DPANUSLCU,,0,True,True,2026-08-28
YEM,YEM,Yemen Rep.,2021-10,2021-10-01,2021-10-31,251.06114285714,official LCU per USD,DPANUSLCU,,0,True,True,2026-08-28
YEM,YEM,Yemen Rep.,2021-11,2021-11-01,2021-11-30,250.90131818182,official LCU per USD,DPANUSLCU,,0,True,True,2026-08-28
YEM,YEM,Yemen Rep.,2021-12,2021-12-01,2021-12-31,250.22995652174,official LCU per USD,DPANUSLCU,,0,True,True,2026-08-28
YEM,YEM,Yemen Rep.,2022-01,2022-01-01,2022-01-31,250.2355952381,official LCU per USD,DPANUSLCU,,0,True,True,2026-08-28
YEM,YEM,Yemen Rep.,2022-02,2022-02-01,2022-02-28,250.2339,official LCU per USD,DPANUSLCU,,0,True,True,2026-08-28
YEM,YEM,Yemen Rep.,2022-03,2022-03-01,2022-03-31,250.22443478261,official LCU per USD,DPANUSLCU,,0,True,True,2026-08-28
YEM,YEM,Yemen Rep.,2022-04,2022-04-01,2022-04-30,250.22492857143,official LCU per USD,DPANUSLCU,,0,True,True,2026-08-28
YEM,YEM,Yemen Rep.,2022-05,2022-05-01,2022-05-31,250.21368181818,official LCU per USD,DPANUSLCU,,0,True,True,2026-08-28
YEM,YEM,Yemen Rep.,2022-06,2022-06-01,2022-06-30,250.22318181818,official LCU per USD,DPANUSLCU,,0,True,True,2026-08-28
YEM,YEM,Yemen Rep.,2022-07,2022-07-01,2022-07-31,250.21921428571,official LCU per USD,DPANUSLCU,,0,True,True,2026-08-28
YEM,YEM,Yemen Rep.,2022-08,2022-08-01,2022-08-31,250.2247826087,official LCU per USD,DPANUSLCU,,0,True,True,2026-08-28
YEM,YEM,Yemen Rep.,2022-09,2022-09-01,2022-09-30,250.23056818182,official LCU per USD,DPANUSLCU,,0,True,True,2026-08-28
YEM,YEM,Yemen Rep.,2022-10,2022-10-01,2022-10-31,250.21735714286,official LCU per USD,DPANUSLCU,,0,True,True,2026-08-28
YEM,YEM,Yemen Rep.,2022-11,2022-11-01,2022-11-30,250.21731818182,official LCU per USD,DPANUSLCU,,0,True,True,2026-08-28
YEM,YEM,Yemen Rep.,2022-12,2022-12-01,2022-12-31,250.23613636364,official LCU per USD,DPANUSLCU,,0,True,True,2026-08-28
YEM,YEM,Yemen Rep.,2023-01,2023-01-01,2023-01-31,250.24163636364,official LCU per USD,DPANUSLCU,,0,True,True,2026-08-28
YEM,YEM,Yemen Rep.,2023-02,2023-02-01,2023-02-28,250.257575,official LCU per USD,DPANUSLCU,,0,True,True,2026-08-28
YEM,YEM,Yemen Rep.,2023-03,2023-03-01,2023-03-31,250.2212173913,official LCU per USD,DPANUSLCU,,0,True,True,2026-08-28
YEM,YEM,Yemen Rep.,2023-04,2023-04-01,2023-04-30,250.2391,official LCU per USD,DPANUSLCU,,0,True,True,2026-08-28
YEM,YEM,Yemen Rep.,2023-05,2023-05-01,2023-05-31,250.22854347826,official LCU per USD,DPANUSLCU,,0,True,True,2026-08-28
YEM,YEM,Yemen Rep.,2023-06,2023-06-01,2023-06-30,250.24595454546,official LCU per USD,DPANUSLCU,,0,True,True,2026-08-28
YEM,YEM,Yemen Rep.,2023-07,2023-07-01,2023-07-31,250.23642857143,official LCU per USD,DPANUSLCU,,0,True,True,2026-08-28
YEM,YEM,Yemen Rep.,2023-08,2023-08-01,2023-08-31,250.27626086957,official LCU per USD,DPANUSLCU,,0,True,True,2026-08-28
YEM,YEM,Yemen Rep.,2023-09,2023-09-01,2023-09-30,250.30304761905,official LCU per USD,DPANUSLCU,,0,True,True,2026-08-28
YEM,YEM,Yemen Rep.,2023-10,2023-10-01,2023-10-31,250.28861363636,official LCU per USD,DPANUSLCU,,0,True,True,2026-08-28
YEM,YEM,Yemen Rep.,2023-11,2023-11-01,2023-11-30,250.26136363636,official LCU per USD,DPANUSLCU,,0,True,True,2026-08-28
YEM,YEM,Yemen Rep.,2023-12,2023-12-01,2023-12-31,250.2495,official LCU per USD,DPANUSLCU,,0,True,True,2026-08-28
YEM,YEM,Yemen Rep.,2024-01,2024-01-01,2024-01-31,250.25619565217,official LCU per USD,DPANUSLCU,,0,True,True,2026-08-28
YEM,YEM,Yemen Rep.,2024-02,2024-02-01,2024-02-29,250.24330952381,official LCU per USD,DPANUSLCU,,0,True,True,2026-08-28
YEM,YEM,Yemen Rep.,2024-03,2024-03-01,2024-03-31,250.26921428571,official LCU per USD,DPANUSLCU,,0,True,True,2026-08-28
YEM,YEM,Yemen Rep.,2024-04,2024-04-01,2024-04-30,250.276,official LCU per USD,DPANUSLCU,,0,True,True,2026-08-28
YEM,YEM,Yemen Rep.,2024-05,2024-05-01,2024-05-31,250.26386956522,official LCU per USD,DPANUSLCU,,0,True,True,2026-08-28
YEM,YEM,Yemen Rep.,2024-06,2024-06-01,2024-06-30,250.290425,official LCU per USD,DPANUSLCU,,0,True,True,2026-08-28
YEM,YEM,Yemen Rep.,2024-07,2024-07-01,2024-07-31,250.2677826087,official LCU per USD,DPANUSLCU,,0,True,True,2026-08-28
YEM,YEM,Yemen Rep.,2024-08,2024-08-01,2024-08-31,250.27134090909,official LCU per USD,DPANUSLCU,,0,True,True,2026-08-28
YEM,YEM,Yemen Rep.,2024-09,2024-09-01,2024-09-30,250.26340476191,official LCU per USD,DPANUSLCU,,0,True,True,2026-08-28
YEM,YEM,Yemen Rep.,2024-10,2024-10-01,2024-10-31,250.26469565217,official LCU per USD,DPANUSLCU,,0,True,True,2026-08-28
YEM,YEM,Yemen Rep.,2024-11,2024-11-01,2024-11-30,249.92240476191,official LCU per USD,DPANUSLCU,,0,True,True,2026-08-28
YEM,YEM,Yemen Rep.,2024-12,2024-12-01,2024-12-31,249.76154545455,official LCU per USD,DPANUSLCU,,0,True,True,2026-08-28
YEM,YEM,Yemen Rep.,2025-01,2025-01-01,2025-01-31,249.08513043478,official LCU per USD,DPANUSLCU,,0,True,True,2026-08-28
YEM,YEM,Yemen Rep.,2025-02,2025-02-01,2025-02-28,247.9288,official LCU per USD,DPANUSLCU,,0,True,True,2026-08-28
YEM,YEM,Yemen Rep.,2025-03,2025-03-01,2025-03-31,246.36233333333,official LCU per USD,DPANUSLCU,,0,True,True,2026-08-28
YEM,YEM,Yemen Rep.,2025-04,2025-04-01,2025-04-30,245.33043181818,official LCU per USD,DPANUSLCU,,0,True,True,2026-08-28
YEM,YEM,Yemen Rep.,2025-05,2025-05-01,2025-05-31,244.20931818182,official LCU per USD,DPANUSLCU,,0,True,True,2026-08-28
YEM,YEM,Yemen Rep.,2025-06,2025-06-01,2025-06-30,242.97039047619,official LCU per USD,DPANUSLCU,,0,True,True,2026-08-28
YEM,YEM,Yemen Rep.,2025-07,2025-07-01,2025-07-31,241.40786086957,official LCU per USD,DPANUSLCU,,0,True,True,2026-08-28
YEM,YEM,Yemen Rep.,2025-08,2025-08-01,2025-08-31,240.26995238095,official LCU per USD,DPANUSLCU,,0,True,True,2026-08-28
YEM,YEM,Yemen Rep.,2025-09,2025-09-01,2025-09-30,239.59595454546,official LCU per USD,DPANUSLCU,,0,True,True,2026-08-28
YEM,YEM,Yemen Rep.,2025-10,2025-10-01,2025-10-31,238.89915217391,official LCU per USD,DPANUSLCU,,0,True,True,2026-08-28
YEM,YEM,Yemen Rep.,2025-11,2025-11-01,2025-11-30,238.52275,official LCU per USD,DPANUSLCU,,0,True,True,2026-08-28
YEM,YEM,Yemen Rep.,2025-12,2025-12-01,2025-12-31,238.40236956522,official LCU per USD,DPANUSLCU,,0,True,True,2026-08-28
YEM,YEM,Yemen Rep.,2026-01,2026-01-01,2026-01-31,238.36443181818,official LCU per USD,DPANUSLCU,,0,True,True,2026-08-28
YEM,YEM,Yemen Rep.,2026-02,2026-02-01,2026-02-28,238.3578,official LCU per USD,DPANUSLCU,,0,True,True,2026-08-28
YEM,YEM,Yemen Rep.,2026-03,2026-03-01,2026-03-31,238.47497368421,official LCU per USD,DPANUSLCU,,0,True,True,2026-08-28
