country,period_start,period_end,metric,value,unit,numerator,denominator,frequency,source_id,source_version,source_url,published_at,fetched_at,provisional,dimensions,quality_note
ETH,2009-01-01,2009-12-31,internal_displacements_flow,200000.0,displacement movements,,,annual,idmc,GIDD annual HDX export,https://data.humdata.org/dataset/4b877793-d974-487e-846a-76e356b7530f/resource/c6dace98-9626-4f35-92b1-175d1295d058/download/internal-displacements-new-displacements-idps_eth.csv,2026-05-24T23:35:52.650155,2026-09-06T11:42:36.371537+00:00,False,"{""cause_scope"": ""Annual IDPs export; separate disaster-event export not aggregated or added"", ""geographic_scope"": ""IDMC source-country territory"", ""population_denominator_compatible"": false, ""source_country_name"": ""Ethiopia""}","New displacements count movements, including repeated movements by one person. Year-end stock counts people. Annual export and separate disaster-event export are not interchangeable. Geography/cause comparability not certified for cross-source inference. Missing years/counts remain missing."
ETH,2009-01-01,2009-12-31,internally_displaced_year_end_stock,350000.0,people,,,annual,idmc,GIDD annual HDX export,https://data.humdata.org/dataset/4b877793-d974-487e-846a-76e356b7530f/resource/c6dace98-9626-4f35-92b1-175d1295d058/download/internal-displacements-new-displacements-idps_eth.csv,2026-05-24T23:35:52.650155,2026-09-06T11:42:36.371537+00:00,False,"{""cause_scope"": ""Annual IDPs export; separate disaster-event export not aggregated or added"", ""geographic_scope"": ""IDMC source-country territory"", ""population_denominator_compatible"": false, ""source_country_name"": ""Ethiopia""}","New displacements count movements, including repeated movements by one person. Year-end stock counts people. Annual export and separate disaster-event export are not interchangeable. Geography/cause comparability not certified for cross-source inference. Missing years/counts remain missing."
ETH,2010-01-01,2010-12-31,internal_displacements_flow,0.0,displacement movements,,,annual,idmc,GIDD annual HDX export,https://data.humdata.org/dataset/4b877793-d974-487e-846a-76e356b7530f/resource/c6dace98-9626-4f35-92b1-175d1295d058/download/internal-displacements-new-displacements-idps_eth.csv,2026-05-24T23:35:52.650155,2026-09-06T11:42:36.371537+00:00,False,"{""cause_scope"": ""Annual IDPs export; separate disaster-event export not aggregated or added"", ""geographic_scope"": ""IDMC source-country territory"", ""population_denominator_compatible"": false, ""source_country_name"": ""Ethiopia""}","New displacements count movements, including repeated movements by one person. Year-end stock counts people. Annual export and separate disaster-event export are not interchangeable. Geography/cause comparability not certified for cross-source inference. Missing years/counts remain missing."
ETH,2010-01-01,2010-12-31,internally_displaced_year_end_stock,300000.0,people,,,annual,idmc,GIDD annual HDX export,https://data.humdata.org/dataset/4b877793-d974-487e-846a-76e356b7530f/resource/c6dace98-9626-4f35-92b1-175d1295d058/download/internal-displacements-new-displacements-idps_eth.csv,2026-05-24T23:35:52.650155,2026-09-06T11:42:36.371537+00:00,False,"{""cause_scope"": ""Annual IDPs export; separate disaster-event export not aggregated or added"", ""geographic_scope"": ""IDMC source-country territory"", ""population_denominator_compatible"": false, ""source_country_name"": ""Ethiopia""}","New displacements count movements, including repeated movements by one person. Year-end stock counts people. Annual export and separate disaster-event export are not interchangeable. Geography/cause comparability not certified for cross-source inference. Missing years/counts remain missing."
ETH,2011-01-01,2011-12-31,internal_displacements_flow,50000.0,displacement movements,,,annual,idmc,GIDD annual HDX export,https://data.humdata.org/dataset/4b877793-d974-487e-846a-76e356b7530f/resource/c6dace98-9626-4f35-92b1-175d1295d058/download/internal-displacements-new-displacements-idps_eth.csv,2026-05-24T23:35:52.650155,2026-09-06T11:42:36.371537+00:00,False,"{""cause_scope"": ""Annual IDPs export; separate disaster-event export not aggregated or added"", ""geographic_scope"": ""IDMC source-country territory"", ""population_denominator_compatible"": false, ""source_country_name"": ""Ethiopia""}","New displacements count movements, including repeated movements by one person. Year-end stock counts people. Annual export and separate disaster-event export are not interchangeable. Geography/cause comparability not certified for cross-source inference. Missing years/counts remain missing."
ETH,2011-01-01,2011-12-31,internally_displaced_year_end_stock,350000.0,people,,,annual,idmc,GIDD annual HDX export,https://data.humdata.org/dataset/4b877793-d974-487e-846a-76e356b7530f/resource/c6dace98-9626-4f35-92b1-175d1295d058/download/internal-displacements-new-displacements-idps_eth.csv,2026-05-24T23:35:52.650155,2026-09-06T11:42:36.371537+00:00,False,"{""cause_scope"": ""Annual IDPs export; separate disaster-event export not aggregated or added"", ""geographic_scope"": ""IDMC source-country territory"", ""population_denominator_compatible"": false, ""source_country_name"": ""Ethiopia""}","New displacements count movements, including repeated movements by one person. Year-end stock counts people. Annual export and separate disaster-event export are not interchangeable. Geography/cause comparability not certified for cross-source inference. Missing years/counts remain missing."
ETH,2012-01-01,2012-12-31,internal_displacements_flow,0.0,displacement movements,,,annual,idmc,GIDD annual HDX export,https://data.humdata.org/dataset/4b877793-d974-487e-846a-76e356b7530f/resource/c6dace98-9626-4f35-92b1-175d1295d058/download/internal-displacements-new-displacements-idps_eth.csv,2026-05-24T23:35:52.650155,2026-09-06T11:42:36.371537+00:00,False,"{""cause_scope"": ""Annual IDPs export; separate disaster-event export not aggregated or added"", ""geographic_scope"": ""IDMC source-country territory"", ""population_denominator_compatible"": false, ""source_country_name"": ""Ethiopia""}","New displacements count movements, including repeated movements by one person. Year-end stock counts people. Annual export and separate disaster-event export are not interchangeable. Geography/cause comparability not certified for cross-source inference. Missing years/counts remain missing."
ETH,2012-01-01,2012-12-31,internally_displaced_year_end_stock,350000.0,people,,,annual,idmc,GIDD annual HDX export,https://data.humdata.org/dataset/4b877793-d974-487e-846a-76e356b7530f/resource/c6dace98-9626-4f35-92b1-175d1295d058/download/internal-displacements-new-displacements-idps_eth.csv,2026-05-24T23:35:52.650155,2026-09-06T11:42:36.371537+00:00,False,"{""cause_scope"": ""Annual IDPs export; separate disaster-event export not aggregated or added"", ""geographic_scope"": ""IDMC source-country territory"", ""population_denominator_compatible"": false, ""source_country_name"": ""Ethiopia""}","New displacements count movements, including repeated movements by one person. Year-end stock counts people. Annual export and separate disaster-event export are not interchangeable. Geography/cause comparability not certified for cross-source inference. Missing years/counts remain missing."
ETH,2013-01-01,2013-12-31,internal_displacements_flow,178800.0,displacement movements,,,annual,idmc,GIDD annual HDX export,https://data.humdata.org/dataset/4b877793-d974-487e-846a-76e356b7530f/resource/c6dace98-9626-4f35-92b1-175d1295d058/download/internal-displacements-new-displacements-idps_eth.csv,2026-05-24T23:35:52.650155,2026-09-06T11:42:36.371537+00:00,False,"{""cause_scope"": ""Annual IDPs export; separate disaster-event export not aggregated or added"", ""geographic_scope"": ""IDMC source-country territory"", ""population_denominator_compatible"": false, ""source_country_name"": ""Ethiopia""}","New displacements count movements, including repeated movements by one person. Year-end stock counts people. Annual export and separate disaster-event export are not interchangeable. Geography/cause comparability not certified for cross-source inference. Missing years/counts remain missing."
ETH,2013-01-01,2013-12-31,internally_displaced_year_end_stock,316000.0,people,,,annual,idmc,GIDD annual HDX export,https://data.humdata.org/dataset/4b877793-d974-487e-846a-76e356b7530f/resource/c6dace98-9626-4f35-92b1-175d1295d058/download/internal-displacements-new-displacements-idps_eth.csv,2026-05-24T23:35:52.650155,2026-09-06T11:42:36.371537+00:00,False,"{""cause_scope"": ""Annual IDPs export; separate disaster-event export not aggregated or added"", ""geographic_scope"": ""IDMC source-country territory"", ""population_denominator_compatible"": false, ""source_country_name"": ""Ethiopia""}","New displacements count movements, including repeated movements by one person. Year-end stock counts people. Annual export and separate disaster-event export are not interchangeable. Geography/cause comparability not certified for cross-source inference. Missing years/counts remain missing."
ETH,2014-01-01,2014-12-31,internal_displacements_flow,137073.0,displacement movements,,,annual,idmc,GIDD annual HDX export,https://data.humdata.org/dataset/4b877793-d974-487e-846a-76e356b7530f/resource/c6dace98-9626-4f35-92b1-175d1295d058/download/internal-displacements-new-displacements-idps_eth.csv,2026-05-24T23:35:52.650155,2026-09-06T11:42:36.371537+00:00,False,"{""cause_scope"": ""Annual IDPs export; separate disaster-event export not aggregated or added"", ""geographic_scope"": ""IDMC source-country territory"", ""population_denominator_compatible"": false, ""source_country_name"": ""Ethiopia""}","New displacements count movements, including repeated movements by one person. Year-end stock counts people. Annual export and separate disaster-event export are not interchangeable. Geography/cause comparability not certified for cross-source inference. Missing years/counts remain missing."
ETH,2014-01-01,2014-12-31,internally_displaced_year_end_stock,397241.0,people,,,annual,idmc,GIDD annual HDX export,https://data.humdata.org/dataset/4b877793-d974-487e-846a-76e356b7530f/resource/c6dace98-9626-4f35-92b1-175d1295d058/download/internal-displacements-new-displacements-idps_eth.csv,2026-05-24T23:35:52.650155,2026-09-06T11:42:36.371537+00:00,False,"{""cause_scope"": ""Annual IDPs export; separate disaster-event export not aggregated or added"", ""geographic_scope"": ""IDMC source-country territory"", ""population_denominator_compatible"": false, ""source_country_name"": ""Ethiopia""}","New displacements count movements, including repeated movements by one person. Year-end stock counts people. Annual export and separate disaster-event export are not interchangeable. Geography/cause comparability not certified for cross-source inference. Missing years/counts remain missing."
ETH,2015-01-01,2015-12-31,internal_displacements_flow,55835.0,displacement movements,,,annual,idmc,GIDD annual HDX export,https://data.humdata.org/dataset/4b877793-d974-487e-846a-76e356b7530f/resource/c6dace98-9626-4f35-92b1-175d1295d058/download/internal-displacements-new-displacements-idps_eth.csv,2026-05-24T23:35:52.650155,2026-09-06T11:42:36.371537+00:00,False,"{""cause_scope"": ""Annual IDPs export; separate disaster-event export not aggregated or added"", ""geographic_scope"": ""IDMC source-country territory"", ""population_denominator_compatible"": false, ""source_country_name"": ""Ethiopia""}","New displacements count movements, including repeated movements by one person. Year-end stock counts people. Annual export and separate disaster-event export are not interchangeable. Geography/cause comparability not certified for cross-source inference. Missing years/counts remain missing."
ETH,2015-01-01,2015-12-31,internally_displaced_year_end_stock,450203.0,people,,,annual,idmc,GIDD annual HDX export,https://data.humdata.org/dataset/4b877793-d974-487e-846a-76e356b7530f/resource/c6dace98-9626-4f35-92b1-175d1295d058/download/internal-displacements-new-displacements-idps_eth.csv,2026-05-24T23:35:52.650155,2026-09-06T11:42:36.371537+00:00,False,"{""cause_scope"": ""Annual IDPs export; separate disaster-event export not aggregated or added"", ""geographic_scope"": ""IDMC source-country territory"", ""population_denominator_compatible"": false, ""source_country_name"": ""Ethiopia""}","New displacements count movements, including repeated movements by one person. Year-end stock counts people. Annual export and separate disaster-event export are not interchangeable. Geography/cause comparability not certified for cross-source inference. Missing years/counts remain missing."
ETH,2016-01-01,2016-12-31,internal_displacements_flow,296429.0,displacement movements,,,annual,idmc,GIDD annual HDX export,https://data.humdata.org/dataset/4b877793-d974-487e-846a-76e356b7530f/resource/c6dace98-9626-4f35-92b1-175d1295d058/download/internal-displacements-new-displacements-idps_eth.csv,2026-05-24T23:35:52.650155,2026-09-06T11:42:36.371537+00:00,False,"{""cause_scope"": ""Annual IDPs export; separate disaster-event export not aggregated or added"", ""geographic_scope"": ""IDMC source-country territory"", ""population_denominator_compatible"": false, ""source_country_name"": ""Ethiopia""}","New displacements count movements, including repeated movements by one person. Year-end stock counts people. Annual export and separate disaster-event export are not interchangeable. Geography/cause comparability not certified for cross-source inference. Missing years/counts remain missing."
ETH,2016-01-01,2016-12-31,internally_displaced_year_end_stock,257563.0,people,,,annual,idmc,GIDD annual HDX export,https://data.humdata.org/dataset/4b877793-d974-487e-846a-76e356b7530f/resource/c6dace98-9626-4f35-92b1-175d1295d058/download/internal-displacements-new-displacements-idps_eth.csv,2026-05-24T23:35:52.650155,2026-09-06T11:42:36.371537+00:00,False,"{""cause_scope"": ""Annual IDPs export; separate disaster-event export not aggregated or added"", ""geographic_scope"": ""IDMC source-country territory"", ""population_denominator_compatible"": false, ""source_country_name"": ""Ethiopia""}","New displacements count movements, including repeated movements by one person. Year-end stock counts people. Annual export and separate disaster-event export are not interchangeable. Geography/cause comparability not certified for cross-source inference. Missing years/counts remain missing."
ETH,2017-01-01,2017-12-31,internal_displacements_flow,724813.0,displacement movements,,,annual,idmc,GIDD annual HDX export,https://data.humdata.org/dataset/4b877793-d974-487e-846a-76e356b7530f/resource/c6dace98-9626-4f35-92b1-175d1295d058/download/internal-displacements-new-displacements-idps_eth.csv,2026-05-24T23:35:52.650155,2026-09-06T11:42:36.371537+00:00,False,"{""cause_scope"": ""Annual IDPs export; separate disaster-event export not aggregated or added"", ""geographic_scope"": ""IDMC source-country territory"", ""population_denominator_compatible"": false, ""source_country_name"": ""Ethiopia""}","New displacements count movements, including repeated movements by one person. Year-end stock counts people. Annual export and separate disaster-event export are not interchangeable. Geography/cause comparability not certified for cross-source inference. Missing years/counts remain missing."
ETH,2017-01-01,2017-12-31,internally_displaced_year_end_stock,1078429.0,people,,,annual,idmc,GIDD annual HDX export,https://data.humdata.org/dataset/4b877793-d974-487e-846a-76e356b7530f/resource/c6dace98-9626-4f35-92b1-175d1295d058/download/internal-displacements-new-displacements-idps_eth.csv,2026-05-24T23:35:52.650155,2026-09-06T11:42:36.371537+00:00,False,"{""cause_scope"": ""Annual IDPs export; separate disaster-event export not aggregated or added"", ""geographic_scope"": ""IDMC source-country territory"", ""population_denominator_compatible"": false, ""source_country_name"": ""Ethiopia""}","New displacements count movements, including repeated movements by one person. Year-end stock counts people. Annual export and separate disaster-event export are not interchangeable. Geography/cause comparability not certified for cross-source inference. Missing years/counts remain missing."
ETH,2018-01-01,2018-12-31,internal_displacements_flow,2894841.0,displacement movements,,,annual,idmc,GIDD annual HDX export,https://data.humdata.org/dataset/4b877793-d974-487e-846a-76e356b7530f/resource/c6dace98-9626-4f35-92b1-175d1295d058/download/internal-displacements-new-displacements-idps_eth.csv,2026-05-24T23:35:52.650155,2026-09-06T11:42:36.371537+00:00,False,"{""cause_scope"": ""Annual IDPs export; separate disaster-event export not aggregated or added"", ""geographic_scope"": ""IDMC source-country territory"", ""population_denominator_compatible"": false, ""source_country_name"": ""Ethiopia""}","New displacements count movements, including repeated movements by one person. Year-end stock counts people. Annual export and separate disaster-event export are not interchangeable. Geography/cause comparability not certified for cross-source inference. Missing years/counts remain missing."
ETH,2018-01-01,2018-12-31,internally_displaced_year_end_stock,2137422.0,people,,,annual,idmc,GIDD annual HDX export,https://data.humdata.org/dataset/4b877793-d974-487e-846a-76e356b7530f/resource/c6dace98-9626-4f35-92b1-175d1295d058/download/internal-displacements-new-displacements-idps_eth.csv,2026-05-24T23:35:52.650155,2026-09-06T11:42:36.371537+00:00,False,"{""cause_scope"": ""Annual IDPs export; separate disaster-event export not aggregated or added"", ""geographic_scope"": ""IDMC source-country territory"", ""population_denominator_compatible"": false, ""source_country_name"": ""Ethiopia""}","New displacements count movements, including repeated movements by one person. Year-end stock counts people. Annual export and separate disaster-event export are not interchangeable. Geography/cause comparability not certified for cross-source inference. Missing years/counts remain missing."
ETH,2019-01-01,2019-12-31,internal_displacements_flow,1051728.0,displacement movements,,,annual,idmc,GIDD annual HDX export,https://data.humdata.org/dataset/4b877793-d974-487e-846a-76e356b7530f/resource/c6dace98-9626-4f35-92b1-175d1295d058/download/internal-displacements-new-displacements-idps_eth.csv,2026-05-24T23:35:52.650155,2026-09-06T11:42:36.371537+00:00,False,"{""cause_scope"": ""Annual IDPs export; separate disaster-event export not aggregated or added"", ""geographic_scope"": ""IDMC source-country territory"", ""population_denominator_compatible"": false, ""source_country_name"": ""Ethiopia""}","New displacements count movements, including repeated movements by one person. Year-end stock counts people. Annual export and separate disaster-event export are not interchangeable. Geography/cause comparability not certified for cross-source inference. Missing years/counts remain missing."
ETH,2019-01-01,2019-12-31,internally_displaced_year_end_stock,1323553.0,people,,,annual,idmc,GIDD annual HDX export,https://data.humdata.org/dataset/4b877793-d974-487e-846a-76e356b7530f/resource/c6dace98-9626-4f35-92b1-175d1295d058/download/internal-displacements-new-displacements-idps_eth.csv,2026-05-24T23:35:52.650155,2026-09-06T11:42:36.371537+00:00,False,"{""cause_scope"": ""Annual IDPs export; separate disaster-event export not aggregated or added"", ""geographic_scope"": ""IDMC source-country territory"", ""population_denominator_compatible"": false, ""source_country_name"": ""Ethiopia""}","New displacements count movements, including repeated movements by one person. Year-end stock counts people. Annual export and separate disaster-event export are not interchangeable. Geography/cause comparability not certified for cross-source inference. Missing years/counts remain missing."
ETH,2020-01-01,2020-12-31,internal_displacements_flow,1691655.0,displacement movements,,,annual,idmc,GIDD annual HDX export,https://data.humdata.org/dataset/4b877793-d974-487e-846a-76e356b7530f/resource/c6dace98-9626-4f35-92b1-175d1295d058/download/internal-displacements-new-displacements-idps_eth.csv,2026-05-24T23:35:52.650155,2026-09-06T11:42:36.371537+00:00,False,"{""cause_scope"": ""Annual IDPs export; separate disaster-event export not aggregated or added"", ""geographic_scope"": ""IDMC source-country territory"", ""population_denominator_compatible"": false, ""source_country_name"": ""Ethiopia""}","New displacements count movements, including repeated movements by one person. Year-end stock counts people. Annual export and separate disaster-event export are not interchangeable. Geography/cause comparability not certified for cross-source inference. Missing years/counts remain missing."
ETH,2020-01-01,2020-12-31,internally_displaced_year_end_stock,2059883.0,people,,,annual,idmc,GIDD annual HDX export,https://data.humdata.org/dataset/4b877793-d974-487e-846a-76e356b7530f/resource/c6dace98-9626-4f35-92b1-175d1295d058/download/internal-displacements-new-displacements-idps_eth.csv,2026-05-24T23:35:52.650155,2026-09-06T11:42:36.371537+00:00,False,"{""cause_scope"": ""Annual IDPs export; separate disaster-event export not aggregated or added"", ""geographic_scope"": ""IDMC source-country territory"", ""population_denominator_compatible"": false, ""source_country_name"": ""Ethiopia""}","New displacements count movements, including repeated movements by one person. Year-end stock counts people. Annual export and separate disaster-event export are not interchangeable. Geography/cause comparability not certified for cross-source inference. Missing years/counts remain missing."
ETH,2021-01-01,2021-12-31,internal_displacements_flow,5142356.0,displacement movements,,,annual,idmc,GIDD annual HDX export,https://data.humdata.org/dataset/4b877793-d974-487e-846a-76e356b7530f/resource/c6dace98-9626-4f35-92b1-175d1295d058/download/internal-displacements-new-displacements-idps_eth.csv,2026-05-24T23:35:52.650155,2026-09-06T11:42:36.371537+00:00,False,"{""cause_scope"": ""Annual IDPs export; separate disaster-event export not aggregated or added"", ""geographic_scope"": ""IDMC source-country territory"", ""population_denominator_compatible"": false, ""source_country_name"": ""Ethiopia""}","New displacements count movements, including repeated movements by one person. Year-end stock counts people. Annual export and separate disaster-event export are not interchangeable. Geography/cause comparability not certified for cross-source inference. Missing years/counts remain missing."
ETH,2021-01-01,2021-12-31,internally_displaced_year_end_stock,3589421.0,people,,,annual,idmc,GIDD annual HDX export,https://data.humdata.org/dataset/4b877793-d974-487e-846a-76e356b7530f/resource/c6dace98-9626-4f35-92b1-175d1295d058/download/internal-displacements-new-displacements-idps_eth.csv,2026-05-24T23:35:52.650155,2026-09-06T11:42:36.371537+00:00,False,"{""cause_scope"": ""Annual IDPs export; separate disaster-event export not aggregated or added"", ""geographic_scope"": ""IDMC source-country territory"", ""population_denominator_compatible"": false, ""source_country_name"": ""Ethiopia""}","New displacements count movements, including repeated movements by one person. Year-end stock counts people. Annual export and separate disaster-event export are not interchangeable. Geography/cause comparability not certified for cross-source inference. Missing years/counts remain missing."
ETH,2022-01-01,2022-12-31,internal_displacements_flow,2032268.0,displacement movements,,,annual,idmc,GIDD annual HDX export,https://data.humdata.org/dataset/4b877793-d974-487e-846a-76e356b7530f/resource/c6dace98-9626-4f35-92b1-175d1295d058/download/internal-displacements-new-displacements-idps_eth.csv,2026-05-24T23:35:52.650155,2026-09-06T11:42:36.371537+00:00,False,"{""cause_scope"": ""Annual IDPs export; separate disaster-event export not aggregated or added"", ""geographic_scope"": ""IDMC source-country territory"", ""population_denominator_compatible"": false, ""source_country_name"": ""Ethiopia""}","New displacements count movements, including repeated movements by one person. Year-end stock counts people. Annual export and separate disaster-event export are not interchangeable. Geography/cause comparability not certified for cross-source inference. Missing years/counts remain missing."
ETH,2022-01-01,2022-12-31,internally_displaced_year_end_stock,3851840.0,people,,,annual,idmc,GIDD annual HDX export,https://data.humdata.org/dataset/4b877793-d974-487e-846a-76e356b7530f/resource/c6dace98-9626-4f35-92b1-175d1295d058/download/internal-displacements-new-displacements-idps_eth.csv,2026-05-24T23:35:52.650155,2026-09-06T11:42:36.371537+00:00,False,"{""cause_scope"": ""Annual IDPs export; separate disaster-event export not aggregated or added"", ""geographic_scope"": ""IDMC source-country territory"", ""population_denominator_compatible"": false, ""source_country_name"": ""Ethiopia""}","New displacements count movements, including repeated movements by one person. Year-end stock counts people. Annual export and separate disaster-event export are not interchangeable. Geography/cause comparability not certified for cross-source inference. Missing years/counts remain missing."
ETH,2023-01-01,2023-12-31,internal_displacements_flow,794266.0,displacement movements,,,annual,idmc,GIDD annual HDX export,https://data.humdata.org/dataset/4b877793-d974-487e-846a-76e356b7530f/resource/c6dace98-9626-4f35-92b1-175d1295d058/download/internal-displacements-new-displacements-idps_eth.csv,2026-05-24T23:35:52.650155,2026-09-06T11:42:36.371537+00:00,False,"{""cause_scope"": ""Annual IDPs export; separate disaster-event export not aggregated or added"", ""geographic_scope"": ""IDMC source-country territory"", ""population_denominator_compatible"": false, ""source_country_name"": ""Ethiopia""}","New displacements count movements, including repeated movements by one person. Year-end stock counts people. Annual export and separate disaster-event export are not interchangeable. Geography/cause comparability not certified for cross-source inference. Missing years/counts remain missing."
ETH,2023-01-01,2023-12-31,internally_displaced_year_end_stock,2852493.0,people,,,annual,idmc,GIDD annual HDX export,https://data.humdata.org/dataset/4b877793-d974-487e-846a-76e356b7530f/resource/c6dace98-9626-4f35-92b1-175d1295d058/download/internal-displacements-new-displacements-idps_eth.csv,2026-05-24T23:35:52.650155,2026-09-06T11:42:36.371537+00:00,False,"{""cause_scope"": ""Annual IDPs export; separate disaster-event export not aggregated or added"", ""geographic_scope"": ""IDMC source-country territory"", ""population_denominator_compatible"": false, ""source_country_name"": ""Ethiopia""}","New displacements count movements, including repeated movements by one person. Year-end stock counts people. Annual export and separate disaster-event export are not interchangeable. Geography/cause comparability not certified for cross-source inference. Missing years/counts remain missing."
ETH,2024-01-01,2024-12-31,internal_displacements_flow,386914.0,displacement movements,,,annual,idmc,GIDD annual HDX export,https://data.humdata.org/dataset/4b877793-d974-487e-846a-76e356b7530f/resource/c6dace98-9626-4f35-92b1-175d1295d058/download/internal-displacements-new-displacements-idps_eth.csv,2026-05-24T23:35:52.650155,2026-09-06T11:42:36.371537+00:00,False,"{""cause_scope"": ""Annual IDPs export; separate disaster-event export not aggregated or added"", ""geographic_scope"": ""IDMC source-country territory"", ""population_denominator_compatible"": false, ""source_country_name"": ""Ethiopia""}","New displacements count movements, including repeated movements by one person. Year-end stock counts people. Annual export and separate disaster-event export are not interchangeable. Geography/cause comparability not certified for cross-source inference. Missing years/counts remain missing."
ETH,2024-01-01,2024-12-31,internally_displaced_year_end_stock,2378032.0,people,,,annual,idmc,GIDD annual HDX export,https://data.humdata.org/dataset/4b877793-d974-487e-846a-76e356b7530f/resource/c6dace98-9626-4f35-92b1-175d1295d058/download/internal-displacements-new-displacements-idps_eth.csv,2026-05-24T23:35:52.650155,2026-09-06T11:42:36.371537+00:00,False,"{""cause_scope"": ""Annual IDPs export; separate disaster-event export not aggregated or added"", ""geographic_scope"": ""IDMC source-country territory"", ""population_denominator_compatible"": false, ""source_country_name"": ""Ethiopia""}","New displacements count movements, including repeated movements by one person. Year-end stock counts people. Annual export and separate disaster-event export are not interchangeable. Geography/cause comparability not certified for cross-source inference. Missing years/counts remain missing."
ETH,2025-01-01,2025-12-31,internal_displacements_flow,352933.0,displacement movements,,,annual,idmc,GIDD annual HDX export,https://data.humdata.org/dataset/4b877793-d974-487e-846a-76e356b7530f/resource/c6dace98-9626-4f35-92b1-175d1295d058/download/internal-displacements-new-displacements-idps_eth.csv,2026-05-24T23:35:52.650155,2026-09-06T11:42:36.371537+00:00,False,"{""cause_scope"": ""Annual IDPs export; separate disaster-event export not aggregated or added"", ""geographic_scope"": ""IDMC source-country territory"", ""population_denominator_compatible"": false, ""source_country_name"": ""Ethiopia""}","New displacements count movements, including repeated movements by one person. Year-end stock counts people. Annual export and separate disaster-event export are not interchangeable. Geography/cause comparability not certified for cross-source inference. Missing years/counts remain missing."
ETH,2025-01-01,2025-12-31,internally_displaced_year_end_stock,2378032.0,people,,,annual,idmc,GIDD annual HDX export,https://data.humdata.org/dataset/4b877793-d974-487e-846a-76e356b7530f/resource/c6dace98-9626-4f35-92b1-175d1295d058/download/internal-displacements-new-displacements-idps_eth.csv,2026-05-24T23:35:52.650155,2026-09-06T11:42:36.371537+00:00,False,"{""cause_scope"": ""Annual IDPs export; separate disaster-event export not aggregated or added"", ""geographic_scope"": ""IDMC source-country territory"", ""population_denominator_compatible"": false, ""source_country_name"": ""Ethiopia""}","New displacements count movements, including repeated movements by one person. Year-end stock counts people. Annual export and separate disaster-event export are not interchangeable. Geography/cause comparability not certified for cross-source inference. Missing years/counts remain missing."
ISR,2009-01-01,2009-12-31,internal_displacements_flow,0.0,displacement movements,,,annual,idmc,GIDD annual HDX export,https://data.humdata.org/dataset/e071b2e2-bea7-4dea-92e5-70d44f77053a/resource/013c2be6-4a44-4e37-8e8a-7bc46e8aa8f8/download/internal-displacements-new-displacements-idps_isr.csv,2026-05-24T23:36:51.450441,2026-09-06T11:42:36.371537+00:00,False,"{""cause_scope"": ""Annual IDPs export; separate disaster-event export not aggregated or added"", ""geographic_scope"": ""IDMC source-country territory"", ""population_denominator_compatible"": false, ""source_country_name"": ""Israel""}","New displacements count movements, including repeated movements by one person. Year-end stock counts people. Annual export and separate disaster-event export are not interchangeable. Geography/cause comparability not certified for cross-source inference. Missing years/counts remain missing."
ISR,2011-01-01,2011-12-31,internal_displacements_flow,484.0,displacement movements,,,annual,idmc,GIDD annual HDX export,https://data.humdata.org/dataset/e071b2e2-bea7-4dea-92e5-70d44f77053a/resource/013c2be6-4a44-4e37-8e8a-7bc46e8aa8f8/download/internal-displacements-new-displacements-idps_isr.csv,2026-05-24T23:36:51.450441,2026-09-06T11:42:36.371537+00:00,False,"{""cause_scope"": ""Annual IDPs export; separate disaster-event export not aggregated or added"", ""geographic_scope"": ""IDMC source-country territory"", ""population_denominator_compatible"": false, ""source_country_name"": ""Israel""}","New displacements count movements, including repeated movements by one person. Year-end stock counts people. Annual export and separate disaster-event export are not interchangeable. Geography/cause comparability not certified for cross-source inference. Missing years/counts remain missing."
ISR,2012-01-01,2012-12-31,internal_displacements_flow,0.0,displacement movements,,,annual,idmc,GIDD annual HDX export,https://data.humdata.org/dataset/e071b2e2-bea7-4dea-92e5-70d44f77053a/resource/013c2be6-4a44-4e37-8e8a-7bc46e8aa8f8/download/internal-displacements-new-displacements-idps_isr.csv,2026-05-24T23:36:51.450441,2026-09-06T11:42:36.371537+00:00,False,"{""cause_scope"": ""Annual IDPs export; separate disaster-event export not aggregated or added"", ""geographic_scope"": ""IDMC source-country territory"", ""population_denominator_compatible"": false, ""source_country_name"": ""Israel""}","New displacements count movements, including repeated movements by one person. Year-end stock counts people. Annual export and separate disaster-event export are not interchangeable. Geography/cause comparability not certified for cross-source inference. Missing years/counts remain missing."
ISR,2013-01-01,2013-12-31,internal_displacements_flow,0.0,displacement movements,,,annual,idmc,GIDD annual HDX export,https://data.humdata.org/dataset/e071b2e2-bea7-4dea-92e5-70d44f77053a/resource/013c2be6-4a44-4e37-8e8a-7bc46e8aa8f8/download/internal-displacements-new-displacements-idps_isr.csv,2026-05-24T23:36:51.450441,2026-09-06T11:42:36.371537+00:00,False,"{""cause_scope"": ""Annual IDPs export; separate disaster-event export not aggregated or added"", ""geographic_scope"": ""IDMC source-country territory"", ""population_denominator_compatible"": false, ""source_country_name"": ""Israel""}","New displacements count movements, including repeated movements by one person. Year-end stock counts people. Annual export and separate disaster-event export are not interchangeable. Geography/cause comparability not certified for cross-source inference. Missing years/counts remain missing."
ISR,2014-01-01,2014-12-31,internal_displacements_flow,10000.0,displacement movements,,,annual,idmc,GIDD annual HDX export,https://data.humdata.org/dataset/e071b2e2-bea7-4dea-92e5-70d44f77053a/resource/013c2be6-4a44-4e37-8e8a-7bc46e8aa8f8/download/internal-displacements-new-displacements-idps_isr.csv,2026-05-24T23:36:51.450441,2026-09-06T11:42:36.371537+00:00,False,"{""cause_scope"": ""Annual IDPs export; separate disaster-event export not aggregated or added"", ""geographic_scope"": ""IDMC source-country territory"", ""population_denominator_compatible"": false, ""source_country_name"": ""Israel""}","New displacements count movements, including repeated movements by one person. Year-end stock counts people. Annual export and separate disaster-event export are not interchangeable. Geography/cause comparability not certified for cross-source inference. Missing years/counts remain missing."
ISR,2016-01-01,2016-12-31,internal_displacements_flow,1750.0,displacement movements,,,annual,idmc,GIDD annual HDX export,https://data.humdata.org/dataset/e071b2e2-bea7-4dea-92e5-70d44f77053a/resource/013c2be6-4a44-4e37-8e8a-7bc46e8aa8f8/download/internal-displacements-new-displacements-idps_isr.csv,2026-05-24T23:36:51.450441,2026-09-06T11:42:36.371537+00:00,False,"{""cause_scope"": ""Annual IDPs export; separate disaster-event export not aggregated or added"", ""geographic_scope"": ""IDMC source-country territory"", ""population_denominator_compatible"": false, ""source_country_name"": ""Israel""}","New displacements count movements, including repeated movements by one person. Year-end stock counts people. Annual export and separate disaster-event export are not interchangeable. Geography/cause comparability not certified for cross-source inference. Missing years/counts remain missing."
ISR,2017-01-01,2017-12-31,internal_displacements_flow,2863.0,displacement movements,,,annual,idmc,GIDD annual HDX export,https://data.humdata.org/dataset/e071b2e2-bea7-4dea-92e5-70d44f77053a/resource/013c2be6-4a44-4e37-8e8a-7bc46e8aa8f8/download/internal-displacements-new-displacements-idps_isr.csv,2026-05-24T23:36:51.450441,2026-09-06T11:42:36.371537+00:00,False,"{""cause_scope"": ""Annual IDPs export; separate disaster-event export not aggregated or added"", ""geographic_scope"": ""IDMC source-country territory"", ""population_denominator_compatible"": false, ""source_country_name"": ""Israel""}","New displacements count movements, including repeated movements by one person. Year-end stock counts people. Annual export and separate disaster-event export are not interchangeable. Geography/cause comparability not certified for cross-source inference. Missing years/counts remain missing."
ISR,2018-01-01,2018-12-31,internal_displacements_flow,2114.0,displacement movements,,,annual,idmc,GIDD annual HDX export,https://data.humdata.org/dataset/e071b2e2-bea7-4dea-92e5-70d44f77053a/resource/013c2be6-4a44-4e37-8e8a-7bc46e8aa8f8/download/internal-displacements-new-displacements-idps_isr.csv,2026-05-24T23:36:51.450441,2026-09-06T11:42:36.371537+00:00,False,"{""cause_scope"": ""Annual IDPs export; separate disaster-event export not aggregated or added"", ""geographic_scope"": ""IDMC source-country territory"", ""population_denominator_compatible"": false, ""source_country_name"": ""Israel""}","New displacements count movements, including repeated movements by one person. Year-end stock counts people. Annual export and separate disaster-event export are not interchangeable. Geography/cause comparability not certified for cross-source inference. Missing years/counts remain missing."
ISR,2019-01-01,2019-12-31,internal_displacements_flow,2293.0,displacement movements,,,annual,idmc,GIDD annual HDX export,https://data.humdata.org/dataset/e071b2e2-bea7-4dea-92e5-70d44f77053a/resource/013c2be6-4a44-4e37-8e8a-7bc46e8aa8f8/download/internal-displacements-new-displacements-idps_isr.csv,2026-05-24T23:36:51.450441,2026-09-06T11:42:36.371537+00:00,False,"{""cause_scope"": ""Annual IDPs export; separate disaster-event export not aggregated or added"", ""geographic_scope"": ""IDMC source-country territory"", ""population_denominator_compatible"": false, ""source_country_name"": ""Israel""}","New displacements count movements, including repeated movements by one person. Year-end stock counts people. Annual export and separate disaster-event export are not interchangeable. Geography/cause comparability not certified for cross-source inference. Missing years/counts remain missing."
ISR,2020-01-01,2020-12-31,internal_displacements_flow,3028.0,displacement movements,,,annual,idmc,GIDD annual HDX export,https://data.humdata.org/dataset/e071b2e2-bea7-4dea-92e5-70d44f77053a/resource/013c2be6-4a44-4e37-8e8a-7bc46e8aa8f8/download/internal-displacements-new-displacements-idps_isr.csv,2026-05-24T23:36:51.450441,2026-09-06T11:42:36.371537+00:00,False,"{""cause_scope"": ""Annual IDPs export; separate disaster-event export not aggregated or added"", ""geographic_scope"": ""IDMC source-country territory"", ""population_denominator_compatible"": false, ""source_country_name"": ""Israel""}","New displacements count movements, including repeated movements by one person. Year-end stock counts people. Annual export and separate disaster-event export are not interchangeable. Geography/cause comparability not certified for cross-source inference. Missing years/counts remain missing."
ISR,2021-01-01,2021-12-31,internal_displacements_flow,3187.0,displacement movements,,,annual,idmc,GIDD annual HDX export,https://data.humdata.org/dataset/e071b2e2-bea7-4dea-92e5-70d44f77053a/resource/013c2be6-4a44-4e37-8e8a-7bc46e8aa8f8/download/internal-displacements-new-displacements-idps_isr.csv,2026-05-24T23:36:51.450441,2026-09-06T11:42:36.371537+00:00,False,"{""cause_scope"": ""Annual IDPs export; separate disaster-event export not aggregated or added"", ""geographic_scope"": ""IDMC source-country territory"", ""population_denominator_compatible"": false, ""source_country_name"": ""Israel""}","New displacements count movements, including repeated movements by one person. Year-end stock counts people. Annual export and separate disaster-event export are not interchangeable. Geography/cause comparability not certified for cross-source inference. Missing years/counts remain missing."
ISR,2022-01-01,2022-12-31,internal_displacements_flow,1105.0,displacement movements,,,annual,idmc,GIDD annual HDX export,https://data.humdata.org/dataset/e071b2e2-bea7-4dea-92e5-70d44f77053a/resource/013c2be6-4a44-4e37-8e8a-7bc46e8aa8f8/download/internal-displacements-new-displacements-idps_isr.csv,2026-05-24T23:36:51.450441,2026-09-06T11:42:36.371537+00:00,False,"{""cause_scope"": ""Annual IDPs export; separate disaster-event export not aggregated or added"", ""geographic_scope"": ""IDMC source-country territory"", ""population_denominator_compatible"": false, ""source_country_name"": ""Israel""}","New displacements count movements, including repeated movements by one person. Year-end stock counts people. Annual export and separate disaster-event export are not interchangeable. Geography/cause comparability not certified for cross-source inference. Missing years/counts remain missing."
ISR,2023-01-01,2023-12-31,internal_displacements_flow,202736.0,displacement movements,,,annual,idmc,GIDD annual HDX export,https://data.humdata.org/dataset/e071b2e2-bea7-4dea-92e5-70d44f77053a/resource/013c2be6-4a44-4e37-8e8a-7bc46e8aa8f8/download/internal-displacements-new-displacements-idps_isr.csv,2026-05-24T23:36:51.450441,2026-09-06T11:42:36.371537+00:00,False,"{""cause_scope"": ""Annual IDPs export; separate disaster-event export not aggregated or added"", ""geographic_scope"": ""IDMC source-country territory"", ""population_denominator_compatible"": false, ""source_country_name"": ""Israel""}","New displacements count movements, including repeated movements by one person. Year-end stock counts people. Annual export and separate disaster-event export are not interchangeable. Geography/cause comparability not certified for cross-source inference. Missing years/counts remain missing."
ISR,2023-01-01,2023-12-31,internally_displaced_year_end_stock,200000.0,people,,,annual,idmc,GIDD annual HDX export,https://data.humdata.org/dataset/e071b2e2-bea7-4dea-92e5-70d44f77053a/resource/013c2be6-4a44-4e37-8e8a-7bc46e8aa8f8/download/internal-displacements-new-displacements-idps_isr.csv,2026-05-24T23:36:51.450441,2026-09-06T11:42:36.371537+00:00,False,"{""cause_scope"": ""Annual IDPs export; separate disaster-event export not aggregated or added"", ""geographic_scope"": ""IDMC source-country territory"", ""population_denominator_compatible"": false, ""source_country_name"": ""Israel""}","New displacements count movements, including repeated movements by one person. Year-end stock counts people. Annual export and separate disaster-event export are not interchangeable. Geography/cause comparability not certified for cross-source inference. Missing years/counts remain missing."
ISR,2024-01-01,2024-12-31,internal_displacements_flow,743.0,displacement movements,,,annual,idmc,GIDD annual HDX export,https://data.humdata.org/dataset/e071b2e2-bea7-4dea-92e5-70d44f77053a/resource/013c2be6-4a44-4e37-8e8a-7bc46e8aa8f8/download/internal-displacements-new-displacements-idps_isr.csv,2026-05-24T23:36:51.450441,2026-09-06T11:42:36.371537+00:00,False,"{""cause_scope"": ""Annual IDPs export; separate disaster-event export not aggregated or added"", ""geographic_scope"": ""IDMC source-country territory"", ""population_denominator_compatible"": false, ""source_country_name"": ""Israel""}","New displacements count movements, including repeated movements by one person. Year-end stock counts people. Annual export and separate disaster-event export are not interchangeable. Geography/cause comparability not certified for cross-source inference. Missing years/counts remain missing."
ISR,2024-01-01,2024-12-31,internally_displaced_year_end_stock,68000.0,people,,,annual,idmc,GIDD annual HDX export,https://data.humdata.org/dataset/e071b2e2-bea7-4dea-92e5-70d44f77053a/resource/013c2be6-4a44-4e37-8e8a-7bc46e8aa8f8/download/internal-displacements-new-displacements-idps_isr.csv,2026-05-24T23:36:51.450441,2026-09-06T11:42:36.371537+00:00,False,"{""cause_scope"": ""Annual IDPs export; separate disaster-event export not aggregated or added"", ""geographic_scope"": ""IDMC source-country territory"", ""population_denominator_compatible"": false, ""source_country_name"": ""Israel""}","New displacements count movements, including repeated movements by one person. Year-end stock counts people. Annual export and separate disaster-event export are not interchangeable. Geography/cause comparability not certified for cross-source inference. Missing years/counts remain missing."
ISR,2025-01-01,2025-12-31,internal_displacements_flow,9304.0,displacement movements,,,annual,idmc,GIDD annual HDX export,https://data.humdata.org/dataset/e071b2e2-bea7-4dea-92e5-70d44f77053a/resource/013c2be6-4a44-4e37-8e8a-7bc46e8aa8f8/download/internal-displacements-new-displacements-idps_isr.csv,2026-05-24T23:36:51.450441,2026-09-06T11:42:36.371537+00:00,False,"{""cause_scope"": ""Annual IDPs export; separate disaster-event export not aggregated or added"", ""geographic_scope"": ""IDMC source-country territory"", ""population_denominator_compatible"": false, ""source_country_name"": ""Israel""}","New displacements count movements, including repeated movements by one person. Year-end stock counts people. Annual export and separate disaster-event export are not interchangeable. Geography/cause comparability not certified for cross-source inference. Missing years/counts remain missing."
ISR,2025-01-01,2025-12-31,internally_displaced_year_end_stock,31382.0,people,,,annual,idmc,GIDD annual HDX export,https://data.humdata.org/dataset/e071b2e2-bea7-4dea-92e5-70d44f77053a/resource/013c2be6-4a44-4e37-8e8a-7bc46e8aa8f8/download/internal-displacements-new-displacements-idps_isr.csv,2026-05-24T23:36:51.450441,2026-09-06T11:42:36.371537+00:00,False,"{""cause_scope"": ""Annual IDPs export; separate disaster-event export not aggregated or added"", ""geographic_scope"": ""IDMC source-country territory"", ""population_denominator_compatible"": false, ""source_country_name"": ""Israel""}","New displacements count movements, including repeated movements by one person. Year-end stock counts people. Annual export and separate disaster-event export are not interchangeable. Geography/cause comparability not certified for cross-source inference. Missing years/counts remain missing."
LBN,2009-01-01,2009-12-31,internal_displacements_flow,0.0,displacement movements,,,annual,idmc,GIDD annual HDX export,https://data.humdata.org/dataset/d44c1070-e049-4951-b13b-913e62adf6af/resource/11486668-67a7-46b5-a594-e4d1eb5b3874/download/internal-displacements-new-displacements-idps_lbn.csv,2026-05-24T23:37:17.317496,2026-09-06T11:42:36.371537+00:00,False,"{""cause_scope"": ""Annual IDPs export; separate disaster-event export not aggregated or added"", ""geographic_scope"": ""IDMC source-country territory"", ""population_denominator_compatible"": false, ""source_country_name"": ""Lebanon""}","New displacements count movements, including repeated movements by one person. Year-end stock counts people. Annual export and separate disaster-event export are not interchangeable. Geography/cause comparability not certified for cross-source inference. Missing years/counts remain missing."
LBN,2009-01-01,2009-12-31,internally_displaced_year_end_stock,90000.0,people,,,annual,idmc,GIDD annual HDX export,https://data.humdata.org/dataset/d44c1070-e049-4951-b13b-913e62adf6af/resource/11486668-67a7-46b5-a594-e4d1eb5b3874/download/internal-displacements-new-displacements-idps_lbn.csv,2026-05-24T23:37:17.317496,2026-09-06T11:42:36.371537+00:00,False,"{""cause_scope"": ""Annual IDPs export; separate disaster-event export not aggregated or added"", ""geographic_scope"": ""IDMC source-country territory"", ""population_denominator_compatible"": false, ""source_country_name"": ""Lebanon""}","New displacements count movements, including repeated movements by one person. Year-end stock counts people. Annual export and separate disaster-event export are not interchangeable. Geography/cause comparability not certified for cross-source inference. Missing years/counts remain missing."
LBN,2010-01-01,2010-12-31,internal_displacements_flow,0.0,displacement movements,,,annual,idmc,GIDD annual HDX export,https://data.humdata.org/dataset/d44c1070-e049-4951-b13b-913e62adf6af/resource/11486668-67a7-46b5-a594-e4d1eb5b3874/download/internal-displacements-new-displacements-idps_lbn.csv,2026-05-24T23:37:17.317496,2026-09-06T11:42:36.371537+00:00,False,"{""cause_scope"": ""Annual IDPs export; separate disaster-event export not aggregated or added"", ""geographic_scope"": ""IDMC source-country territory"", ""population_denominator_compatible"": false, ""source_country_name"": ""Lebanon""}","New displacements count movements, including repeated movements by one person. Year-end stock counts people. Annual export and separate disaster-event export are not interchangeable. Geography/cause comparability not certified for cross-source inference. Missing years/counts remain missing."
LBN,2010-01-01,2010-12-31,internally_displaced_year_end_stock,75000.0,people,,,annual,idmc,GIDD annual HDX export,https://data.humdata.org/dataset/d44c1070-e049-4951-b13b-913e62adf6af/resource/11486668-67a7-46b5-a594-e4d1eb5b3874/download/internal-displacements-new-displacements-idps_lbn.csv,2026-05-24T23:37:17.317496,2026-09-06T11:42:36.371537+00:00,False,"{""cause_scope"": ""Annual IDPs export; separate disaster-event export not aggregated or added"", ""geographic_scope"": ""IDMC source-country territory"", ""population_denominator_compatible"": false, ""source_country_name"": ""Lebanon""}","New displacements count movements, including repeated movements by one person. Year-end stock counts people. Annual export and separate disaster-event export are not interchangeable. Geography/cause comparability not certified for cross-source inference. Missing years/counts remain missing."
LBN,2011-01-01,2011-12-31,internal_displacements_flow,0.0,displacement movements,,,annual,idmc,GIDD annual HDX export,https://data.humdata.org/dataset/d44c1070-e049-4951-b13b-913e62adf6af/resource/11486668-67a7-46b5-a594-e4d1eb5b3874/download/internal-displacements-new-displacements-idps_lbn.csv,2026-05-24T23:37:17.317496,2026-09-06T11:42:36.371537+00:00,False,"{""cause_scope"": ""Annual IDPs export; separate disaster-event export not aggregated or added"", ""geographic_scope"": ""IDMC source-country territory"", ""population_denominator_compatible"": false, ""source_country_name"": ""Lebanon""}","New displacements count movements, including repeated movements by one person. Year-end stock counts people. Annual export and separate disaster-event export are not interchangeable. Geography/cause comparability not certified for cross-source inference. Missing years/counts remain missing."
LBN,2011-01-01,2011-12-31,internally_displaced_year_end_stock,47000.0,people,,,annual,idmc,GIDD annual HDX export,https://data.humdata.org/dataset/d44c1070-e049-4951-b13b-913e62adf6af/resource/11486668-67a7-46b5-a594-e4d1eb5b3874/download/internal-displacements-new-displacements-idps_lbn.csv,2026-05-24T23:37:17.317496,2026-09-06T11:42:36.371537+00:00,False,"{""cause_scope"": ""Annual IDPs export; separate disaster-event export not aggregated or added"", ""geographic_scope"": ""IDMC source-country territory"", ""population_denominator_compatible"": false, ""source_country_name"": ""Lebanon""}","New displacements count movements, including repeated movements by one person. Year-end stock counts people. Annual export and separate disaster-event export are not interchangeable. Geography/cause comparability not certified for cross-source inference. Missing years/counts remain missing."
LBN,2012-01-01,2012-12-31,internal_displacements_flow,0.0,displacement movements,,,annual,idmc,GIDD annual HDX export,https://data.humdata.org/dataset/d44c1070-e049-4951-b13b-913e62adf6af/resource/11486668-67a7-46b5-a594-e4d1eb5b3874/download/internal-displacements-new-displacements-idps_lbn.csv,2026-05-24T23:37:17.317496,2026-09-06T11:42:36.371537+00:00,False,"{""cause_scope"": ""Annual IDPs export; separate disaster-event export not aggregated or added"", ""geographic_scope"": ""IDMC source-country territory"", ""population_denominator_compatible"": false, ""source_country_name"": ""Lebanon""}","New displacements count movements, including repeated movements by one person. Year-end stock counts people. Annual export and separate disaster-event export are not interchangeable. Geography/cause comparability not certified for cross-source inference. Missing years/counts remain missing."
LBN,2012-01-01,2012-12-31,internally_displaced_year_end_stock,44600.0,people,,,annual,idmc,GIDD annual HDX export,https://data.humdata.org/dataset/d44c1070-e049-4951-b13b-913e62adf6af/resource/11486668-67a7-46b5-a594-e4d1eb5b3874/download/internal-displacements-new-displacements-idps_lbn.csv,2026-05-24T23:37:17.317496,2026-09-06T11:42:36.371537+00:00,False,"{""cause_scope"": ""Annual IDPs export; separate disaster-event export not aggregated or added"", ""geographic_scope"": ""IDMC source-country territory"", ""population_denominator_compatible"": false, ""source_country_name"": ""Lebanon""}","New displacements count movements, including repeated movements by one person. Year-end stock counts people. Annual export and separate disaster-event export are not interchangeable. Geography/cause comparability not certified for cross-source inference. Missing years/counts remain missing."
LBN,2013-01-01,2013-12-31,internal_displacements_flow,0.0,displacement movements,,,annual,idmc,GIDD annual HDX export,https://data.humdata.org/dataset/d44c1070-e049-4951-b13b-913e62adf6af/resource/11486668-67a7-46b5-a594-e4d1eb5b3874/download/internal-displacements-new-displacements-idps_lbn.csv,2026-05-24T23:37:17.317496,2026-09-06T11:42:36.371537+00:00,False,"{""cause_scope"": ""Annual IDPs export; separate disaster-event export not aggregated or added"", ""geographic_scope"": ""IDMC source-country territory"", ""population_denominator_compatible"": false, ""source_country_name"": ""Lebanon""}","New displacements count movements, including repeated movements by one person. Year-end stock counts people. Annual export and separate disaster-event export are not interchangeable. Geography/cause comparability not certified for cross-source inference. Missing years/counts remain missing."
LBN,2013-01-01,2013-12-31,internally_displaced_year_end_stock,20000.0,people,,,annual,idmc,GIDD annual HDX export,https://data.humdata.org/dataset/d44c1070-e049-4951-b13b-913e62adf6af/resource/11486668-67a7-46b5-a594-e4d1eb5b3874/download/internal-displacements-new-displacements-idps_lbn.csv,2026-05-24T23:37:17.317496,2026-09-06T11:42:36.371537+00:00,False,"{""cause_scope"": ""Annual IDPs export; separate disaster-event export not aggregated or added"", ""geographic_scope"": ""IDMC source-country territory"", ""population_denominator_compatible"": false, ""source_country_name"": ""Lebanon""}","New displacements count movements, including repeated movements by one person. Year-end stock counts people. Annual export and separate disaster-event export are not interchangeable. Geography/cause comparability not certified for cross-source inference. Missing years/counts remain missing."
LBN,2014-01-01,2014-12-31,internal_displacements_flow,0.0,displacement movements,,,annual,idmc,GIDD annual HDX export,https://data.humdata.org/dataset/d44c1070-e049-4951-b13b-913e62adf6af/resource/11486668-67a7-46b5-a594-e4d1eb5b3874/download/internal-displacements-new-displacements-idps_lbn.csv,2026-05-24T23:37:17.317496,2026-09-06T11:42:36.371537+00:00,False,"{""cause_scope"": ""Annual IDPs export; separate disaster-event export not aggregated or added"", ""geographic_scope"": ""IDMC source-country territory"", ""population_denominator_compatible"": false, ""source_country_name"": ""Lebanon""}","New displacements count movements, including repeated movements by one person. Year-end stock counts people. Annual export and separate disaster-event export are not interchangeable. Geography/cause comparability not certified for cross-source inference. Missing years/counts remain missing."
LBN,2014-01-01,2014-12-31,internally_displaced_year_end_stock,19719.0,people,,,annual,idmc,GIDD annual HDX export,https://data.humdata.org/dataset/d44c1070-e049-4951-b13b-913e62adf6af/resource/11486668-67a7-46b5-a594-e4d1eb5b3874/download/internal-displacements-new-displacements-idps_lbn.csv,2026-05-24T23:37:17.317496,2026-09-06T11:42:36.371537+00:00,False,"{""cause_scope"": ""Annual IDPs export; separate disaster-event export not aggregated or added"", ""geographic_scope"": ""IDMC source-country territory"", ""population_denominator_compatible"": false, ""source_country_name"": ""Lebanon""}","New displacements count movements, including repeated movements by one person. Year-end stock counts people. Annual export and separate disaster-event export are not interchangeable. Geography/cause comparability not certified for cross-source inference. Missing years/counts remain missing."
LBN,2015-01-01,2015-12-31,internal_displacements_flow,3000.0,displacement movements,,,annual,idmc,GIDD annual HDX export,https://data.humdata.org/dataset/d44c1070-e049-4951-b13b-913e62adf6af/resource/11486668-67a7-46b5-a594-e4d1eb5b3874/download/internal-displacements-new-displacements-idps_lbn.csv,2026-05-24T23:37:17.317496,2026-09-06T11:42:36.371537+00:00,False,"{""cause_scope"": ""Annual IDPs export; separate disaster-event export not aggregated or added"", ""geographic_scope"": ""IDMC source-country territory"", ""population_denominator_compatible"": false, ""source_country_name"": ""Lebanon""}","New displacements count movements, including repeated movements by one person. Year-end stock counts people. Annual export and separate disaster-event export are not interchangeable. Geography/cause comparability not certified for cross-source inference. Missing years/counts remain missing."
LBN,2015-01-01,2015-12-31,internally_displaced_year_end_stock,12419.0,people,,,annual,idmc,GIDD annual HDX export,https://data.humdata.org/dataset/d44c1070-e049-4951-b13b-913e62adf6af/resource/11486668-67a7-46b5-a594-e4d1eb5b3874/download/internal-displacements-new-displacements-idps_lbn.csv,2026-05-24T23:37:17.317496,2026-09-06T11:42:36.371537+00:00,False,"{""cause_scope"": ""Annual IDPs export; separate disaster-event export not aggregated or added"", ""geographic_scope"": ""IDMC source-country territory"", ""population_denominator_compatible"": false, ""source_country_name"": ""Lebanon""}","New displacements count movements, including repeated movements by one person. Year-end stock counts people. Annual export and separate disaster-event export are not interchangeable. Geography/cause comparability not certified for cross-source inference. Missing years/counts remain missing."
LBN,2016-01-01,2016-12-31,internal_displacements_flow,108.0,displacement movements,,,annual,idmc,GIDD annual HDX export,https://data.humdata.org/dataset/d44c1070-e049-4951-b13b-913e62adf6af/resource/11486668-67a7-46b5-a594-e4d1eb5b3874/download/internal-displacements-new-displacements-idps_lbn.csv,2026-05-24T23:37:17.317496,2026-09-06T11:42:36.371537+00:00,False,"{""cause_scope"": ""Annual IDPs export; separate disaster-event export not aggregated or added"", ""geographic_scope"": ""IDMC source-country territory"", ""population_denominator_compatible"": false, ""source_country_name"": ""Lebanon""}","New displacements count movements, including repeated movements by one person. Year-end stock counts people. Annual export and separate disaster-event export are not interchangeable. Geography/cause comparability not certified for cross-source inference. Missing years/counts remain missing."
LBN,2016-01-01,2016-12-31,internally_displaced_year_end_stock,12020.0,people,,,annual,idmc,GIDD annual HDX export,https://data.humdata.org/dataset/d44c1070-e049-4951-b13b-913e62adf6af/resource/11486668-67a7-46b5-a594-e4d1eb5b3874/download/internal-displacements-new-displacements-idps_lbn.csv,2026-05-24T23:37:17.317496,2026-09-06T11:42:36.371537+00:00,False,"{""cause_scope"": ""Annual IDPs export; separate disaster-event export not aggregated or added"", ""geographic_scope"": ""IDMC source-country territory"", ""population_denominator_compatible"": false, ""source_country_name"": ""Lebanon""}","New displacements count movements, including repeated movements by one person. Year-end stock counts people. Annual export and separate disaster-event export are not interchangeable. Geography/cause comparability not certified for cross-source inference. Missing years/counts remain missing."
LBN,2017-01-01,2017-12-31,internal_displacements_flow,200.0,displacement movements,,,annual,idmc,GIDD annual HDX export,https://data.humdata.org/dataset/d44c1070-e049-4951-b13b-913e62adf6af/resource/11486668-67a7-46b5-a594-e4d1eb5b3874/download/internal-displacements-new-displacements-idps_lbn.csv,2026-05-24T23:37:17.317496,2026-09-06T11:42:36.371537+00:00,False,"{""cause_scope"": ""Annual IDPs export; separate disaster-event export not aggregated or added"", ""geographic_scope"": ""IDMC source-country territory"", ""population_denominator_compatible"": false, ""source_country_name"": ""Lebanon""}","New displacements count movements, including repeated movements by one person. Year-end stock counts people. Annual export and separate disaster-event export are not interchangeable. Geography/cause comparability not certified for cross-source inference. Missing years/counts remain missing."
LBN,2017-01-01,2017-12-31,internally_displaced_year_end_stock,10815.0,people,,,annual,idmc,GIDD annual HDX export,https://data.humdata.org/dataset/d44c1070-e049-4951-b13b-913e62adf6af/resource/11486668-67a7-46b5-a594-e4d1eb5b3874/download/internal-displacements-new-displacements-idps_lbn.csv,2026-05-24T23:37:17.317496,2026-09-06T11:42:36.371537+00:00,False,"{""cause_scope"": ""Annual IDPs export; separate disaster-event export not aggregated or added"", ""geographic_scope"": ""IDMC source-country territory"", ""population_denominator_compatible"": false, ""source_country_name"": ""Lebanon""}","New displacements count movements, including repeated movements by one person. Year-end stock counts people. Annual export and separate disaster-event export are not interchangeable. Geography/cause comparability not certified for cross-source inference. Missing years/counts remain missing."
LBN,2018-01-01,2018-12-31,internally_displaced_year_end_stock,10540.0,people,,,annual,idmc,GIDD annual HDX export,https://data.humdata.org/dataset/d44c1070-e049-4951-b13b-913e62adf6af/resource/11486668-67a7-46b5-a594-e4d1eb5b3874/download/internal-displacements-new-displacements-idps_lbn.csv,2026-05-24T23:37:17.317496,2026-09-06T11:42:36.371537+00:00,False,"{""cause_scope"": ""Annual IDPs export; separate disaster-event export not aggregated or added"", ""geographic_scope"": ""IDMC source-country territory"", ""population_denominator_compatible"": false, ""source_country_name"": ""Lebanon""}","New displacements count movements, including repeated movements by one person. Year-end stock counts people. Annual export and separate disaster-event export are not interchangeable. Geography/cause comparability not certified for cross-source inference. Missing years/counts remain missing."
LBN,2019-01-01,2019-12-31,internally_displaced_year_end_stock,6991.0,people,,,annual,idmc,GIDD annual HDX export,https://data.humdata.org/dataset/d44c1070-e049-4951-b13b-913e62adf6af/resource/11486668-67a7-46b5-a594-e4d1eb5b3874/download/internal-displacements-new-displacements-idps_lbn.csv,2026-05-24T23:37:17.317496,2026-09-06T11:42:36.371537+00:00,False,"{""cause_scope"": ""Annual IDPs export; separate disaster-event export not aggregated or added"", ""geographic_scope"": ""IDMC source-country territory"", ""population_denominator_compatible"": false, ""source_country_name"": ""Lebanon""}","New displacements count movements, including repeated movements by one person. Year-end stock counts people. Annual export and separate disaster-event export are not interchangeable. Geography/cause comparability not certified for cross-source inference. Missing years/counts remain missing."
LBN,2020-01-01,2020-12-31,internally_displaced_year_end_stock,6991.0,people,,,annual,idmc,GIDD annual HDX export,https://data.humdata.org/dataset/d44c1070-e049-4951-b13b-913e62adf6af/resource/11486668-67a7-46b5-a594-e4d1eb5b3874/download/internal-displacements-new-displacements-idps_lbn.csv,2026-05-24T23:37:17.317496,2026-09-06T11:42:36.371537+00:00,False,"{""cause_scope"": ""Annual IDPs export; separate disaster-event export not aggregated or added"", ""geographic_scope"": ""IDMC source-country territory"", ""population_denominator_compatible"": false, ""source_country_name"": ""Lebanon""}","New displacements count movements, including repeated movements by one person. Year-end stock counts people. Annual export and separate disaster-event export are not interchangeable. Geography/cause comparability not certified for cross-source inference. Missing years/counts remain missing."
LBN,2021-01-01,2021-12-31,internal_displacements_flow,61.0,displacement movements,,,annual,idmc,GIDD annual HDX export,https://data.humdata.org/dataset/d44c1070-e049-4951-b13b-913e62adf6af/resource/11486668-67a7-46b5-a594-e4d1eb5b3874/download/internal-displacements-new-displacements-idps_lbn.csv,2026-05-24T23:37:17.317496,2026-09-06T11:42:36.371537+00:00,False,"{""cause_scope"": ""Annual IDPs export; separate disaster-event export not aggregated or added"", ""geographic_scope"": ""IDMC source-country territory"", ""population_denominator_compatible"": false, ""source_country_name"": ""Lebanon""}","New displacements count movements, including repeated movements by one person. Year-end stock counts people. Annual export and separate disaster-event export are not interchangeable. Geography/cause comparability not certified for cross-source inference. Missing years/counts remain missing."
LBN,2021-01-01,2021-12-31,internally_displaced_year_end_stock,50.0,people,,,annual,idmc,GIDD annual HDX export,https://data.humdata.org/dataset/d44c1070-e049-4951-b13b-913e62adf6af/resource/11486668-67a7-46b5-a594-e4d1eb5b3874/download/internal-displacements-new-displacements-idps_lbn.csv,2026-05-24T23:37:17.317496,2026-09-06T11:42:36.371537+00:00,False,"{""cause_scope"": ""Annual IDPs export; separate disaster-event export not aggregated or added"", ""geographic_scope"": ""IDMC source-country territory"", ""population_denominator_compatible"": false, ""source_country_name"": ""Lebanon""}","New displacements count movements, including repeated movements by one person. Year-end stock counts people. Annual export and separate disaster-event export are not interchangeable. Geography/cause comparability not certified for cross-source inference. Missing years/counts remain missing."
LBN,2023-01-01,2023-12-31,internal_displacements_flow,139479.0,displacement movements,,,annual,idmc,GIDD annual HDX export,https://data.humdata.org/dataset/d44c1070-e049-4951-b13b-913e62adf6af/resource/11486668-67a7-46b5-a594-e4d1eb5b3874/download/internal-displacements-new-displacements-idps_lbn.csv,2026-05-24T23:37:17.317496,2026-09-06T11:42:36.371537+00:00,False,"{""cause_scope"": ""Annual IDPs export; separate disaster-event export not aggregated or added"", ""geographic_scope"": ""IDMC source-country territory"", ""population_denominator_compatible"": false, ""source_country_name"": ""Lebanon""}","New displacements count movements, including repeated movements by one person. Year-end stock counts people. Annual export and separate disaster-event export are not interchangeable. Geography/cause comparability not certified for cross-source inference. Missing years/counts remain missing."
LBN,2023-01-01,2023-12-31,internally_displaced_year_end_stock,74471.0,people,,,annual,idmc,GIDD annual HDX export,https://data.humdata.org/dataset/d44c1070-e049-4951-b13b-913e62adf6af/resource/11486668-67a7-46b5-a594-e4d1eb5b3874/download/internal-displacements-new-displacements-idps_lbn.csv,2026-05-24T23:37:17.317496,2026-09-06T11:42:36.371537+00:00,False,"{""cause_scope"": ""Annual IDPs export; separate disaster-event export not aggregated or added"", ""geographic_scope"": ""IDMC source-country territory"", ""population_denominator_compatible"": false, ""source_country_name"": ""Lebanon""}","New displacements count movements, including repeated movements by one person. Year-end stock counts people. Annual export and separate disaster-event export are not interchangeable. Geography/cause comparability not certified for cross-source inference. Missing years/counts remain missing."
LBN,2024-01-01,2024-12-31,internal_displacements_flow,1055662.0,displacement movements,,,annual,idmc,GIDD annual HDX export,https://data.humdata.org/dataset/d44c1070-e049-4951-b13b-913e62adf6af/resource/11486668-67a7-46b5-a594-e4d1eb5b3874/download/internal-displacements-new-displacements-idps_lbn.csv,2026-05-24T23:37:17.317496,2026-09-06T11:42:36.371537+00:00,False,"{""cause_scope"": ""Annual IDPs export; separate disaster-event export not aggregated or added"", ""geographic_scope"": ""IDMC source-country territory"", ""population_denominator_compatible"": false, ""source_country_name"": ""Lebanon""}","New displacements count movements, including repeated movements by one person. Year-end stock counts people. Annual export and separate disaster-event export are not interchangeable. Geography/cause comparability not certified for cross-source inference. Missing years/counts remain missing."
LBN,2024-01-01,2024-12-31,internally_displaced_year_end_stock,984514.0,people,,,annual,idmc,GIDD annual HDX export,https://data.humdata.org/dataset/d44c1070-e049-4951-b13b-913e62adf6af/resource/11486668-67a7-46b5-a594-e4d1eb5b3874/download/internal-displacements-new-displacements-idps_lbn.csv,2026-05-24T23:37:17.317496,2026-09-06T11:42:36.371537+00:00,False,"{""cause_scope"": ""Annual IDPs export; separate disaster-event export not aggregated or added"", ""geographic_scope"": ""IDMC source-country territory"", ""population_denominator_compatible"": false, ""source_country_name"": ""Lebanon""}","New displacements count movements, including repeated movements by one person. Year-end stock counts people. Annual export and separate disaster-event export are not interchangeable. Geography/cause comparability not certified for cross-source inference. Missing years/counts remain missing."
LBN,2025-01-01,2025-12-31,internal_displacements_flow,41242.0,displacement movements,,,annual,idmc,GIDD annual HDX export,https://data.humdata.org/dataset/d44c1070-e049-4951-b13b-913e62adf6af/resource/11486668-67a7-46b5-a594-e4d1eb5b3874/download/internal-displacements-new-displacements-idps_lbn.csv,2026-05-24T23:37:17.317496,2026-09-06T11:42:36.371537+00:00,False,"{""cause_scope"": ""Annual IDPs export; separate disaster-event export not aggregated or added"", ""geographic_scope"": ""IDMC source-country territory"", ""population_denominator_compatible"": false, ""source_country_name"": ""Lebanon""}","New displacements count movements, including repeated movements by one person. Year-end stock counts people. Annual export and separate disaster-event export are not interchangeable. Geography/cause comparability not certified for cross-source inference. Missing years/counts remain missing."
LBN,2025-01-01,2025-12-31,internally_displaced_year_end_stock,64417.0,people,,,annual,idmc,GIDD annual HDX export,https://data.humdata.org/dataset/d44c1070-e049-4951-b13b-913e62adf6af/resource/11486668-67a7-46b5-a594-e4d1eb5b3874/download/internal-displacements-new-displacements-idps_lbn.csv,2026-05-24T23:37:17.317496,2026-09-06T11:42:36.371537+00:00,False,"{""cause_scope"": ""Annual IDPs export; separate disaster-event export not aggregated or added"", ""geographic_scope"": ""IDMC source-country territory"", ""population_denominator_compatible"": false, ""source_country_name"": ""Lebanon""}","New displacements count movements, including repeated movements by one person. Year-end stock counts people. Annual export and separate disaster-event export are not interchangeable. Geography/cause comparability not certified for cross-source inference. Missing years/counts remain missing."
PSE,2009-01-01,2009-12-31,internal_displacements_flow,100000.0,displacement movements,,,annual,idmc,GIDD annual HDX export,https://data.humdata.org/dataset/186d8411-6517-4519-af19-df5a0645f566/resource/2ee8b186-6755-4978-a55d-16bcb7b61e21/download/internal-displacements-new-displacements-idps_pse.csv,2026-05-24T23:38:44.288865,2026-09-06T11:42:36.371537+00:00,False,"{""cause_scope"": ""Annual IDPs export; separate disaster-event export not aggregated or added"", ""geographic_scope"": ""IDMC source-country territory"", ""population_denominator_compatible"": false, ""source_country_name"": ""State of Palestine""}","New displacements count movements, including repeated movements by one person. Year-end stock counts people. Annual export and separate disaster-event export are not interchangeable. Geography/cause comparability not certified for cross-source inference. Missing years/counts remain missing."
PSE,2009-01-01,2009-12-31,internally_displaced_year_end_stock,160000.0,people,,,annual,idmc,GIDD annual HDX export,https://data.humdata.org/dataset/186d8411-6517-4519-af19-df5a0645f566/resource/2ee8b186-6755-4978-a55d-16bcb7b61e21/download/internal-displacements-new-displacements-idps_pse.csv,2026-05-24T23:38:44.288865,2026-09-06T11:42:36.371537+00:00,False,"{""cause_scope"": ""Annual IDPs export; separate disaster-event export not aggregated or added"", ""geographic_scope"": ""IDMC source-country territory"", ""population_denominator_compatible"": false, ""source_country_name"": ""State of Palestine""}","New displacements count movements, including repeated movements by one person. Year-end stock counts people. Annual export and separate disaster-event export are not interchangeable. Geography/cause comparability not certified for cross-source inference. Missing years/counts remain missing."
PSE,2010-01-01,2010-12-31,internal_displacements_flow,600.0,displacement movements,,,annual,idmc,GIDD annual HDX export,https://data.humdata.org/dataset/186d8411-6517-4519-af19-df5a0645f566/resource/2ee8b186-6755-4978-a55d-16bcb7b61e21/download/internal-displacements-new-displacements-idps_pse.csv,2026-05-24T23:38:44.288865,2026-09-06T11:42:36.371537+00:00,False,"{""cause_scope"": ""Annual IDPs export; separate disaster-event export not aggregated or added"", ""geographic_scope"": ""IDMC source-country territory"", ""population_denominator_compatible"": false, ""source_country_name"": ""State of Palestine""}","New displacements count movements, including repeated movements by one person. Year-end stock counts people. Annual export and separate disaster-event export are not interchangeable. Geography/cause comparability not certified for cross-source inference. Missing years/counts remain missing."
PSE,2010-01-01,2010-12-31,internally_displaced_year_end_stock,160000.0,people,,,annual,idmc,GIDD annual HDX export,https://data.humdata.org/dataset/186d8411-6517-4519-af19-df5a0645f566/resource/2ee8b186-6755-4978-a55d-16bcb7b61e21/download/internal-displacements-new-displacements-idps_pse.csv,2026-05-24T23:38:44.288865,2026-09-06T11:42:36.371537+00:00,False,"{""cause_scope"": ""Annual IDPs export; separate disaster-event export not aggregated or added"", ""geographic_scope"": ""IDMC source-country territory"", ""population_denominator_compatible"": false, ""source_country_name"": ""State of Palestine""}","New displacements count movements, including repeated movements by one person. Year-end stock counts people. Annual export and separate disaster-event export are not interchangeable. Geography/cause comparability not certified for cross-source inference. Missing years/counts remain missing."
PSE,2011-01-01,2011-12-31,internal_displacements_flow,1100.0,displacement movements,,,annual,idmc,GIDD annual HDX export,https://data.humdata.org/dataset/186d8411-6517-4519-af19-df5a0645f566/resource/2ee8b186-6755-4978-a55d-16bcb7b61e21/download/internal-displacements-new-displacements-idps_pse.csv,2026-05-24T23:38:44.288865,2026-09-06T11:42:36.371537+00:00,False,"{""cause_scope"": ""Annual IDPs export; separate disaster-event export not aggregated or added"", ""geographic_scope"": ""IDMC source-country territory"", ""population_denominator_compatible"": false, ""source_country_name"": ""State of Palestine""}","New displacements count movements, including repeated movements by one person. Year-end stock counts people. Annual export and separate disaster-event export are not interchangeable. Geography/cause comparability not certified for cross-source inference. Missing years/counts remain missing."
PSE,2011-01-01,2011-12-31,internally_displaced_year_end_stock,160000.0,people,,,annual,idmc,GIDD annual HDX export,https://data.humdata.org/dataset/186d8411-6517-4519-af19-df5a0645f566/resource/2ee8b186-6755-4978-a55d-16bcb7b61e21/download/internal-displacements-new-displacements-idps_pse.csv,2026-05-24T23:38:44.288865,2026-09-06T11:42:36.371537+00:00,False,"{""cause_scope"": ""Annual IDPs export; separate disaster-event export not aggregated or added"", ""geographic_scope"": ""IDMC source-country territory"", ""population_denominator_compatible"": false, ""source_country_name"": ""State of Palestine""}","New displacements count movements, including repeated movements by one person. Year-end stock counts people. Annual export and separate disaster-event export are not interchangeable. Geography/cause comparability not certified for cross-source inference. Missing years/counts remain missing."
PSE,2012-01-01,2012-12-31,internal_displacements_flow,12000.0,displacement movements,,,annual,idmc,GIDD annual HDX export,https://data.humdata.org/dataset/186d8411-6517-4519-af19-df5a0645f566/resource/2ee8b186-6755-4978-a55d-16bcb7b61e21/download/internal-displacements-new-displacements-idps_pse.csv,2026-05-24T23:38:44.288865,2026-09-06T11:42:36.371537+00:00,False,"{""cause_scope"": ""Annual IDPs export; separate disaster-event export not aggregated or added"", ""geographic_scope"": ""IDMC source-country territory"", ""population_denominator_compatible"": false, ""source_country_name"": ""State of Palestine""}","New displacements count movements, including repeated movements by one person. Year-end stock counts people. Annual export and separate disaster-event export are not interchangeable. Geography/cause comparability not certified for cross-source inference. Missing years/counts remain missing."
PSE,2012-01-01,2012-12-31,internally_displaced_year_end_stock,144500.0,people,,,annual,idmc,GIDD annual HDX export,https://data.humdata.org/dataset/186d8411-6517-4519-af19-df5a0645f566/resource/2ee8b186-6755-4978-a55d-16bcb7b61e21/download/internal-displacements-new-displacements-idps_pse.csv,2026-05-24T23:38:44.288865,2026-09-06T11:42:36.371537+00:00,False,"{""cause_scope"": ""Annual IDPs export; separate disaster-event export not aggregated or added"", ""geographic_scope"": ""IDMC source-country territory"", ""population_denominator_compatible"": false, ""source_country_name"": ""State of Palestine""}","New displacements count movements, including repeated movements by one person. Year-end stock counts people. Annual export and separate disaster-event export are not interchangeable. Geography/cause comparability not certified for cross-source inference. Missing years/counts remain missing."
PSE,2013-01-01,2013-12-31,internal_displacements_flow,1100.0,displacement movements,,,annual,idmc,GIDD annual HDX export,https://data.humdata.org/dataset/186d8411-6517-4519-af19-df5a0645f566/resource/2ee8b186-6755-4978-a55d-16bcb7b61e21/download/internal-displacements-new-displacements-idps_pse.csv,2026-05-24T23:38:44.288865,2026-09-06T11:42:36.371537+00:00,False,"{""cause_scope"": ""Annual IDPs export; separate disaster-event export not aggregated or added"", ""geographic_scope"": ""IDMC source-country territory"", ""population_denominator_compatible"": false, ""source_country_name"": ""State of Palestine""}","New displacements count movements, including repeated movements by one person. Year-end stock counts people. Annual export and separate disaster-event export are not interchangeable. Geography/cause comparability not certified for cross-source inference. Missing years/counts remain missing."
PSE,2013-01-01,2013-12-31,internally_displaced_year_end_stock,146000.0,people,,,annual,idmc,GIDD annual HDX export,https://data.humdata.org/dataset/186d8411-6517-4519-af19-df5a0645f566/resource/2ee8b186-6755-4978-a55d-16bcb7b61e21/download/internal-displacements-new-displacements-idps_pse.csv,2026-05-24T23:38:44.288865,2026-09-06T11:42:36.371537+00:00,False,"{""cause_scope"": ""Annual IDPs export; separate disaster-event export not aggregated or added"", ""geographic_scope"": ""IDMC source-country territory"", ""population_denominator_compatible"": false, ""source_country_name"": ""State of Palestine""}","New displacements count movements, including repeated movements by one person. Year-end stock counts people. Annual export and separate disaster-event export are not interchangeable. Geography/cause comparability not certified for cross-source inference. Missing years/counts remain missing."
PSE,2014-01-01,2014-12-31,internal_displacements_flow,501000.0,displacement movements,,,annual,idmc,GIDD annual HDX export,https://data.humdata.org/dataset/186d8411-6517-4519-af19-df5a0645f566/resource/2ee8b186-6755-4978-a55d-16bcb7b61e21/download/internal-displacements-new-displacements-idps_pse.csv,2026-05-24T23:38:44.288865,2026-09-06T11:42:36.371537+00:00,False,"{""cause_scope"": ""Annual IDPs export; separate disaster-event export not aggregated or added"", ""geographic_scope"": ""IDMC source-country territory"", ""population_denominator_compatible"": false, ""source_country_name"": ""State of Palestine""}","New displacements count movements, including repeated movements by one person. Year-end stock counts people. Annual export and separate disaster-event export are not interchangeable. Geography/cause comparability not certified for cross-source inference. Missing years/counts remain missing."
PSE,2014-01-01,2014-12-31,internally_displaced_year_end_stock,275000.0,people,,,annual,idmc,GIDD annual HDX export,https://data.humdata.org/dataset/186d8411-6517-4519-af19-df5a0645f566/resource/2ee8b186-6755-4978-a55d-16bcb7b61e21/download/internal-displacements-new-displacements-idps_pse.csv,2026-05-24T23:38:44.288865,2026-09-06T11:42:36.371537+00:00,False,"{""cause_scope"": ""Annual IDPs export; separate disaster-event export not aggregated or added"", ""geographic_scope"": ""IDMC source-country territory"", ""population_denominator_compatible"": false, ""source_country_name"": ""State of Palestine""}","New displacements count movements, including repeated movements by one person. Year-end stock counts people. Annual export and separate disaster-event export are not interchangeable. Geography/cause comparability not certified for cross-source inference. Missing years/counts remain missing."
PSE,2015-01-01,2015-12-31,internal_displacements_flow,741.0,displacement movements,,,annual,idmc,GIDD annual HDX export,https://data.humdata.org/dataset/186d8411-6517-4519-af19-df5a0645f566/resource/2ee8b186-6755-4978-a55d-16bcb7b61e21/download/internal-displacements-new-displacements-idps_pse.csv,2026-05-24T23:38:44.288865,2026-09-06T11:42:36.371537+00:00,False,"{""cause_scope"": ""Annual IDPs export; separate disaster-event export not aggregated or added"", ""geographic_scope"": ""IDMC source-country territory"", ""population_denominator_compatible"": false, ""source_country_name"": ""State of Palestine""}","New displacements count movements, including repeated movements by one person. Year-end stock counts people. Annual export and separate disaster-event export are not interchangeable. Geography/cause comparability not certified for cross-source inference. Missing years/counts remain missing."
PSE,2015-01-01,2015-12-31,internally_displaced_year_end_stock,221425.0,people,,,annual,idmc,GIDD annual HDX export,https://data.humdata.org/dataset/186d8411-6517-4519-af19-df5a0645f566/resource/2ee8b186-6755-4978-a55d-16bcb7b61e21/download/internal-displacements-new-displacements-idps_pse.csv,2026-05-24T23:38:44.288865,2026-09-06T11:42:36.371537+00:00,False,"{""cause_scope"": ""Annual IDPs export; separate disaster-event export not aggregated or added"", ""geographic_scope"": ""IDMC source-country territory"", ""population_denominator_compatible"": false, ""source_country_name"": ""State of Palestine""}","New displacements count movements, including repeated movements by one person. Year-end stock counts people. Annual export and separate disaster-event export are not interchangeable. Geography/cause comparability not certified for cross-source inference. Missing years/counts remain missing."
PSE,2016-01-01,2016-12-31,internal_displacements_flow,1601.0,displacement movements,,,annual,idmc,GIDD annual HDX export,https://data.humdata.org/dataset/186d8411-6517-4519-af19-df5a0645f566/resource/2ee8b186-6755-4978-a55d-16bcb7b61e21/download/internal-displacements-new-displacements-idps_pse.csv,2026-05-24T23:38:44.288865,2026-09-06T11:42:36.371537+00:00,False,"{""cause_scope"": ""Annual IDPs export; separate disaster-event export not aggregated or added"", ""geographic_scope"": ""IDMC source-country territory"", ""population_denominator_compatible"": false, ""source_country_name"": ""State of Palestine""}","New displacements count movements, including repeated movements by one person. Year-end stock counts people. Annual export and separate disaster-event export are not interchangeable. Geography/cause comparability not certified for cross-source inference. Missing years/counts remain missing."
PSE,2016-01-01,2016-12-31,internally_displaced_year_end_stock,193277.0,people,,,annual,idmc,GIDD annual HDX export,https://data.humdata.org/dataset/186d8411-6517-4519-af19-df5a0645f566/resource/2ee8b186-6755-4978-a55d-16bcb7b61e21/download/internal-displacements-new-displacements-idps_pse.csv,2026-05-24T23:38:44.288865,2026-09-06T11:42:36.371537+00:00,False,"{""cause_scope"": ""Annual IDPs export; separate disaster-event export not aggregated or added"", ""geographic_scope"": ""IDMC source-country territory"", ""population_denominator_compatible"": false, ""source_country_name"": ""State of Palestine""}","New displacements count movements, including repeated movements by one person. Year-end stock counts people. Annual export and separate disaster-event export are not interchangeable. Geography/cause comparability not certified for cross-source inference. Missing years/counts remain missing."
PSE,2017-01-01,2017-12-31,internal_displacements_flow,700.0,displacement movements,,,annual,idmc,GIDD annual HDX export,https://data.humdata.org/dataset/186d8411-6517-4519-af19-df5a0645f566/resource/2ee8b186-6755-4978-a55d-16bcb7b61e21/download/internal-displacements-new-displacements-idps_pse.csv,2026-05-24T23:38:44.288865,2026-09-06T11:42:36.371537+00:00,False,"{""cause_scope"": ""Annual IDPs export; separate disaster-event export not aggregated or added"", ""geographic_scope"": ""IDMC source-country territory"", ""population_denominator_compatible"": false, ""source_country_name"": ""State of Palestine""}","New displacements count movements, including repeated movements by one person. Year-end stock counts people. Annual export and separate disaster-event export are not interchangeable. Geography/cause comparability not certified for cross-source inference. Missing years/counts remain missing."
PSE,2017-01-01,2017-12-31,internally_displaced_year_end_stock,231473.0,people,,,annual,idmc,GIDD annual HDX export,https://data.humdata.org/dataset/186d8411-6517-4519-af19-df5a0645f566/resource/2ee8b186-6755-4978-a55d-16bcb7b61e21/download/internal-displacements-new-displacements-idps_pse.csv,2026-05-24T23:38:44.288865,2026-09-06T11:42:36.371537+00:00,False,"{""cause_scope"": ""Annual IDPs export; separate disaster-event export not aggregated or added"", ""geographic_scope"": ""IDMC source-country territory"", ""population_denominator_compatible"": false, ""source_country_name"": ""State of Palestine""}","New displacements count movements, including repeated movements by one person. Year-end stock counts people. Annual export and separate disaster-event export are not interchangeable. Geography/cause comparability not certified for cross-source inference. Missing years/counts remain missing."
PSE,2018-01-01,2018-12-31,internal_displacements_flow,490.0,displacement movements,,,annual,idmc,GIDD annual HDX export,https://data.humdata.org/dataset/186d8411-6517-4519-af19-df5a0645f566/resource/2ee8b186-6755-4978-a55d-16bcb7b61e21/download/internal-displacements-new-displacements-idps_pse.csv,2026-05-24T23:38:44.288865,2026-09-06T11:42:36.371537+00:00,False,"{""cause_scope"": ""Annual IDPs export; separate disaster-event export not aggregated or added"", ""geographic_scope"": ""IDMC source-country territory"", ""population_denominator_compatible"": false, ""source_country_name"": ""State of Palestine""}","New displacements count movements, including repeated movements by one person. Year-end stock counts people. Annual export and separate disaster-event export are not interchangeable. Geography/cause comparability not certified for cross-source inference. Missing years/counts remain missing."
PSE,2018-01-01,2018-12-31,internally_displaced_year_end_stock,237556.0,people,,,annual,idmc,GIDD annual HDX export,https://data.humdata.org/dataset/186d8411-6517-4519-af19-df5a0645f566/resource/2ee8b186-6755-4978-a55d-16bcb7b61e21/download/internal-displacements-new-displacements-idps_pse.csv,2026-05-24T23:38:44.288865,2026-09-06T11:42:36.371537+00:00,False,"{""cause_scope"": ""Annual IDPs export; separate disaster-event export not aggregated or added"", ""geographic_scope"": ""IDMC source-country territory"", ""population_denominator_compatible"": false, ""source_country_name"": ""State of Palestine""}","New displacements count movements, including repeated movements by one person. Year-end stock counts people. Annual export and separate disaster-event export are not interchangeable. Geography/cause comparability not certified for cross-source inference. Missing years/counts remain missing."
PSE,2019-01-01,2019-12-31,internal_displacements_flow,1516.0,displacement movements,,,annual,idmc,GIDD annual HDX export,https://data.humdata.org/dataset/186d8411-6517-4519-af19-df5a0645f566/resource/2ee8b186-6755-4978-a55d-16bcb7b61e21/download/internal-displacements-new-displacements-idps_pse.csv,2026-05-24T23:38:44.288865,2026-09-06T11:42:36.371537+00:00,False,"{""cause_scope"": ""Annual IDPs export; separate disaster-event export not aggregated or added"", ""geographic_scope"": ""IDMC source-country territory"", ""population_denominator_compatible"": false, ""source_country_name"": ""State of Palestine""}","New displacements count movements, including repeated movements by one person. Year-end stock counts people. Annual export and separate disaster-event export are not interchangeable. Geography/cause comparability not certified for cross-source inference. Missing years/counts remain missing."
PSE,2019-01-01,2019-12-31,internally_displaced_year_end_stock,243355.0,people,,,annual,idmc,GIDD annual HDX export,https://data.humdata.org/dataset/186d8411-6517-4519-af19-df5a0645f566/resource/2ee8b186-6755-4978-a55d-16bcb7b61e21/download/internal-displacements-new-displacements-idps_pse.csv,2026-05-24T23:38:44.288865,2026-09-06T11:42:36.371537+00:00,False,"{""cause_scope"": ""Annual IDPs export; separate disaster-event export not aggregated or added"", ""geographic_scope"": ""IDMC source-country territory"", ""population_denominator_compatible"": false, ""source_country_name"": ""State of Palestine""}","New displacements count movements, including repeated movements by one person. Year-end stock counts people. Annual export and separate disaster-event export are not interchangeable. Geography/cause comparability not certified for cross-source inference. Missing years/counts remain missing."
PSE,2020-01-01,2020-12-31,internal_displacements_flow,1001.0,displacement movements,,,annual,idmc,GIDD annual HDX export,https://data.humdata.org/dataset/186d8411-6517-4519-af19-df5a0645f566/resource/2ee8b186-6755-4978-a55d-16bcb7b61e21/download/internal-displacements-new-displacements-idps_pse.csv,2026-05-24T23:38:44.288865,2026-09-06T11:42:36.371537+00:00,False,"{""cause_scope"": ""Annual IDPs export; separate disaster-event export not aggregated or added"", ""geographic_scope"": ""IDMC source-country territory"", ""population_denominator_compatible"": false, ""source_country_name"": ""State of Palestine""}","New displacements count movements, including repeated movements by one person. Year-end stock counts people. Annual export and separate disaster-event export are not interchangeable. Geography/cause comparability not certified for cross-source inference. Missing years/counts remain missing."
PSE,2020-01-01,2020-12-31,internally_displaced_year_end_stock,131082.0,people,,,annual,idmc,GIDD annual HDX export,https://data.humdata.org/dataset/186d8411-6517-4519-af19-df5a0645f566/resource/2ee8b186-6755-4978-a55d-16bcb7b61e21/download/internal-displacements-new-displacements-idps_pse.csv,2026-05-24T23:38:44.288865,2026-09-06T11:42:36.371537+00:00,False,"{""cause_scope"": ""Annual IDPs export; separate disaster-event export not aggregated or added"", ""geographic_scope"": ""IDMC source-country territory"", ""population_denominator_compatible"": false, ""source_country_name"": ""State of Palestine""}","New displacements count movements, including repeated movements by one person. Year-end stock counts people. Annual export and separate disaster-event export are not interchangeable. Geography/cause comparability not certified for cross-source inference. Missing years/counts remain missing."
PSE,2021-01-01,2021-12-31,internal_displacements_flow,118211.0,displacement movements,,,annual,idmc,GIDD annual HDX export,https://data.humdata.org/dataset/186d8411-6517-4519-af19-df5a0645f566/resource/2ee8b186-6755-4978-a55d-16bcb7b61e21/download/internal-displacements-new-displacements-idps_pse.csv,2026-05-24T23:38:44.288865,2026-09-06T11:42:36.371537+00:00,False,"{""cause_scope"": ""Annual IDPs export; separate disaster-event export not aggregated or added"", ""geographic_scope"": ""IDMC source-country territory"", ""population_denominator_compatible"": false, ""source_country_name"": ""State of Palestine""}","New displacements count movements, including repeated movements by one person. Year-end stock counts people. Annual export and separate disaster-event export are not interchangeable. Geography/cause comparability not certified for cross-source inference. Missing years/counts remain missing."
PSE,2021-01-01,2021-12-31,internally_displaced_year_end_stock,11711.0,people,,,annual,idmc,GIDD annual HDX export,https://data.humdata.org/dataset/186d8411-6517-4519-af19-df5a0645f566/resource/2ee8b186-6755-4978-a55d-16bcb7b61e21/download/internal-displacements-new-displacements-idps_pse.csv,2026-05-24T23:38:44.288865,2026-09-06T11:42:36.371537+00:00,False,"{""cause_scope"": ""Annual IDPs export; separate disaster-event export not aggregated or added"", ""geographic_scope"": ""IDMC source-country territory"", ""population_denominator_compatible"": false, ""source_country_name"": ""State of Palestine""}","New displacements count movements, including repeated movements by one person. Year-end stock counts people. Annual export and separate disaster-event export are not interchangeable. Geography/cause comparability not certified for cross-source inference. Missing years/counts remain missing."
PSE,2022-01-01,2022-12-31,internal_displacements_flow,1794.0,displacement movements,,,annual,idmc,GIDD annual HDX export,https://data.humdata.org/dataset/186d8411-6517-4519-af19-df5a0645f566/resource/2ee8b186-6755-4978-a55d-16bcb7b61e21/download/internal-displacements-new-displacements-idps_pse.csv,2026-05-24T23:38:44.288865,2026-09-06T11:42:36.371537+00:00,False,"{""cause_scope"": ""Annual IDPs export; separate disaster-event export not aggregated or added"", ""geographic_scope"": ""IDMC source-country territory"", ""population_denominator_compatible"": false, ""source_country_name"": ""State of Palestine""}","New displacements count movements, including repeated movements by one person. Year-end stock counts people. Annual export and separate disaster-event export are not interchangeable. Geography/cause comparability not certified for cross-source inference. Missing years/counts remain missing."
PSE,2022-01-01,2022-12-31,internally_displaced_year_end_stock,11796.0,people,,,annual,idmc,GIDD annual HDX export,https://data.humdata.org/dataset/186d8411-6517-4519-af19-df5a0645f566/resource/2ee8b186-6755-4978-a55d-16bcb7b61e21/download/internal-displacements-new-displacements-idps_pse.csv,2026-05-24T23:38:44.288865,2026-09-06T11:42:36.371537+00:00,False,"{""cause_scope"": ""Annual IDPs export; separate disaster-event export not aggregated or added"", ""geographic_scope"": ""IDMC source-country territory"", ""population_denominator_compatible"": false, ""source_country_name"": ""State of Palestine""}","New displacements count movements, including repeated movements by one person. Year-end stock counts people. Annual export and separate disaster-event export are not interchangeable. Geography/cause comparability not certified for cross-source inference. Missing years/counts remain missing."
PSE,2023-01-01,2023-12-31,internal_displacements_flow,3435904.0,displacement movements,,,annual,idmc,GIDD annual HDX export,https://data.humdata.org/dataset/186d8411-6517-4519-af19-df5a0645f566/resource/2ee8b186-6755-4978-a55d-16bcb7b61e21/download/internal-displacements-new-displacements-idps_pse.csv,2026-05-24T23:38:44.288865,2026-09-06T11:42:36.371537+00:00,False,"{""cause_scope"": ""Annual IDPs export; separate disaster-event export not aggregated or added"", ""geographic_scope"": ""IDMC source-country territory"", ""population_denominator_compatible"": false, ""source_country_name"": ""State of Palestine""}","New displacements count movements, including repeated movements by one person. Year-end stock counts people. Annual export and separate disaster-event export are not interchangeable. Geography/cause comparability not certified for cross-source inference. Missing years/counts remain missing."
PSE,2023-01-01,2023-12-31,internally_displaced_year_end_stock,1707498.0,people,,,annual,idmc,GIDD annual HDX export,https://data.humdata.org/dataset/186d8411-6517-4519-af19-df5a0645f566/resource/2ee8b186-6755-4978-a55d-16bcb7b61e21/download/internal-displacements-new-displacements-idps_pse.csv,2026-05-24T23:38:44.288865,2026-09-06T11:42:36.371537+00:00,False,"{""cause_scope"": ""Annual IDPs export; separate disaster-event export not aggregated or added"", ""geographic_scope"": ""IDMC source-country territory"", ""population_denominator_compatible"": false, ""source_country_name"": ""State of Palestine""}","New displacements count movements, including repeated movements by one person. Year-end stock counts people. Annual export and separate disaster-event export are not interchangeable. Geography/cause comparability not certified for cross-source inference. Missing years/counts remain missing."
PSE,2024-01-01,2024-12-31,internal_displacements_flow,3216584.0,displacement movements,,,annual,idmc,GIDD annual HDX export,https://data.humdata.org/dataset/186d8411-6517-4519-af19-df5a0645f566/resource/2ee8b186-6755-4978-a55d-16bcb7b61e21/download/internal-displacements-new-displacements-idps_pse.csv,2026-05-24T23:38:44.288865,2026-09-06T11:42:36.371537+00:00,False,"{""cause_scope"": ""Annual IDPs export; separate disaster-event export not aggregated or added"", ""geographic_scope"": ""IDMC source-country territory"", ""population_denominator_compatible"": false, ""source_country_name"": ""State of Palestine""}","New displacements count movements, including repeated movements by one person. Year-end stock counts people. Annual export and separate disaster-event export are not interchangeable. Geography/cause comparability not certified for cross-source inference. Missing years/counts remain missing."
PSE,2024-01-01,2024-12-31,internally_displaced_year_end_stock,2032011.0,people,,,annual,idmc,GIDD annual HDX export,https://data.humdata.org/dataset/186d8411-6517-4519-af19-df5a0645f566/resource/2ee8b186-6755-4978-a55d-16bcb7b61e21/download/internal-displacements-new-displacements-idps_pse.csv,2026-05-24T23:38:44.288865,2026-09-06T11:42:36.371537+00:00,False,"{""cause_scope"": ""Annual IDPs export; separate disaster-event export not aggregated or added"", ""geographic_scope"": ""IDMC source-country territory"", ""population_denominator_compatible"": false, ""source_country_name"": ""State of Palestine""}","New displacements count movements, including repeated movements by one person. Year-end stock counts people. Annual export and separate disaster-event export are not interchangeable. Geography/cause comparability not certified for cross-source inference. Missing years/counts remain missing."
PSE,2025-01-01,2025-12-31,internal_displacements_flow,2755779.0,displacement movements,,,annual,idmc,GIDD annual HDX export,https://data.humdata.org/dataset/186d8411-6517-4519-af19-df5a0645f566/resource/2ee8b186-6755-4978-a55d-16bcb7b61e21/download/internal-displacements-new-displacements-idps_pse.csv,2026-05-24T23:38:44.288865,2026-09-06T11:42:36.371537+00:00,False,"{""cause_scope"": ""Annual IDPs export; separate disaster-event export not aggregated or added"", ""geographic_scope"": ""IDMC source-country territory"", ""population_denominator_compatible"": false, ""source_country_name"": ""State of Palestine""}","New displacements count movements, including repeated movements by one person. Year-end stock counts people. Annual export and separate disaster-event export are not interchangeable. Geography/cause comparability not certified for cross-source inference. Missing years/counts remain missing."
PSE,2025-01-01,2025-12-31,internally_displaced_year_end_stock,2035131.0,people,,,annual,idmc,GIDD annual HDX export,https://data.humdata.org/dataset/186d8411-6517-4519-af19-df5a0645f566/resource/2ee8b186-6755-4978-a55d-16bcb7b61e21/download/internal-displacements-new-displacements-idps_pse.csv,2026-05-24T23:38:44.288865,2026-09-06T11:42:36.371537+00:00,False,"{""cause_scope"": ""Annual IDPs export; separate disaster-event export not aggregated or added"", ""geographic_scope"": ""IDMC source-country territory"", ""population_denominator_compatible"": false, ""source_country_name"": ""State of Palestine""}","New displacements count movements, including repeated movements by one person. Year-end stock counts people. Annual export and separate disaster-event export are not interchangeable. Geography/cause comparability not certified for cross-source inference. Missing years/counts remain missing."
SDN,2009-01-01,2009-12-31,internal_displacements_flow,530000.0,displacement movements,,,annual,idmc,GIDD annual HDX export,https://data.humdata.org/dataset/17017886-0213-4cc0-955e-9905c8b29eb8/resource/d7353527-2d36-4e3a-ae33-68d14c143e84/download/internal-displacements-new-displacements-idps_sdn.csv,2026-05-24T23:38:57.692560,2026-09-06T11:42:36.371537+00:00,False,"{""cause_scope"": ""Annual IDPs export; separate disaster-event export not aggregated or added"", ""geographic_scope"": ""IDMC source-country territory"", ""population_denominator_compatible"": false, ""source_country_name"": ""Sudan""}","New displacements count movements, including repeated movements by one person. Year-end stock counts people. Annual export and separate disaster-event export are not interchangeable. Geography/cause comparability not certified for cross-source inference. Missing years/counts remain missing."
SDN,2009-01-01,2009-12-31,internally_displaced_year_end_stock,4900000.0,people,,,annual,idmc,GIDD annual HDX export,https://data.humdata.org/dataset/17017886-0213-4cc0-955e-9905c8b29eb8/resource/d7353527-2d36-4e3a-ae33-68d14c143e84/download/internal-displacements-new-displacements-idps_sdn.csv,2026-05-24T23:38:57.692560,2026-09-06T11:42:36.371537+00:00,False,"{""cause_scope"": ""Annual IDPs export; separate disaster-event export not aggregated or added"", ""geographic_scope"": ""IDMC source-country territory"", ""population_denominator_compatible"": false, ""source_country_name"": ""Sudan""}","New displacements count movements, including repeated movements by one person. Year-end stock counts people. Annual export and separate disaster-event export are not interchangeable. Geography/cause comparability not certified for cross-source inference. Missing years/counts remain missing."
SDN,2010-01-01,2010-12-31,internal_displacements_flow,490000.0,displacement movements,,,annual,idmc,GIDD annual HDX export,https://data.humdata.org/dataset/17017886-0213-4cc0-955e-9905c8b29eb8/resource/d7353527-2d36-4e3a-ae33-68d14c143e84/download/internal-displacements-new-displacements-idps_sdn.csv,2026-05-24T23:38:57.692560,2026-09-06T11:42:36.371537+00:00,False,"{""cause_scope"": ""Annual IDPs export; separate disaster-event export not aggregated or added"", ""geographic_scope"": ""IDMC source-country territory"", ""population_denominator_compatible"": false, ""source_country_name"": ""Sudan""}","New displacements count movements, including repeated movements by one person. Year-end stock counts people. Annual export and separate disaster-event export are not interchangeable. Geography/cause comparability not certified for cross-source inference. Missing years/counts remain missing."
SDN,2010-01-01,2010-12-31,internally_displaced_year_end_stock,4800000.0,people,,,annual,idmc,GIDD annual HDX export,https://data.humdata.org/dataset/17017886-0213-4cc0-955e-9905c8b29eb8/resource/d7353527-2d36-4e3a-ae33-68d14c143e84/download/internal-displacements-new-displacements-idps_sdn.csv,2026-05-24T23:38:57.692560,2026-09-06T11:42:36.371537+00:00,False,"{""cause_scope"": ""Annual IDPs export; separate disaster-event export not aggregated or added"", ""geographic_scope"": ""IDMC source-country territory"", ""population_denominator_compatible"": false, ""source_country_name"": ""Sudan""}","New displacements count movements, including repeated movements by one person. Year-end stock counts people. Annual export and separate disaster-event export are not interchangeable. Geography/cause comparability not certified for cross-source inference. Missing years/counts remain missing."
SDN,2011-01-01,2011-12-31,internal_displacements_flow,115000.0,displacement movements,,,annual,idmc,GIDD annual HDX export,https://data.humdata.org/dataset/17017886-0213-4cc0-955e-9905c8b29eb8/resource/d7353527-2d36-4e3a-ae33-68d14c143e84/download/internal-displacements-new-displacements-idps_sdn.csv,2026-05-24T23:38:57.692560,2026-09-06T11:42:36.371537+00:00,False,"{""cause_scope"": ""Annual IDPs export; separate disaster-event export not aggregated or added"", ""geographic_scope"": ""IDMC source-country territory"", ""population_denominator_compatible"": false, ""source_country_name"": ""Sudan""}","New displacements count movements, including repeated movements by one person. Year-end stock counts people. Annual export and separate disaster-event export are not interchangeable. Geography/cause comparability not certified for cross-source inference. Missing years/counts remain missing."
SDN,2011-01-01,2011-12-31,internally_displaced_year_end_stock,2200000.0,people,,,annual,idmc,GIDD annual HDX export,https://data.humdata.org/dataset/17017886-0213-4cc0-955e-9905c8b29eb8/resource/d7353527-2d36-4e3a-ae33-68d14c143e84/download/internal-displacements-new-displacements-idps_sdn.csv,2026-05-24T23:38:57.692560,2026-09-06T11:42:36.371537+00:00,False,"{""cause_scope"": ""Annual IDPs export; separate disaster-event export not aggregated or added"", ""geographic_scope"": ""IDMC source-country territory"", ""population_denominator_compatible"": false, ""source_country_name"": ""Sudan""}","New displacements count movements, including repeated movements by one person. Year-end stock counts people. Annual export and separate disaster-event export are not interchangeable. Geography/cause comparability not certified for cross-source inference. Missing years/counts remain missing."
SDN,2012-01-01,2012-12-31,internal_displacements_flow,500000.0,displacement movements,,,annual,idmc,GIDD annual HDX export,https://data.humdata.org/dataset/17017886-0213-4cc0-955e-9905c8b29eb8/resource/d7353527-2d36-4e3a-ae33-68d14c143e84/download/internal-displacements-new-displacements-idps_sdn.csv,2026-05-24T23:38:57.692560,2026-09-06T11:42:36.371537+00:00,False,"{""cause_scope"": ""Annual IDPs export; separate disaster-event export not aggregated or added"", ""geographic_scope"": ""IDMC source-country territory"", ""population_denominator_compatible"": false, ""source_country_name"": ""Sudan""}","New displacements count movements, including repeated movements by one person. Year-end stock counts people. Annual export and separate disaster-event export are not interchangeable. Geography/cause comparability not certified for cross-source inference. Missing years/counts remain missing."
SDN,2012-01-01,2012-12-31,internally_displaced_year_end_stock,3000000.0,people,,,annual,idmc,GIDD annual HDX export,https://data.humdata.org/dataset/17017886-0213-4cc0-955e-9905c8b29eb8/resource/d7353527-2d36-4e3a-ae33-68d14c143e84/download/internal-displacements-new-displacements-idps_sdn.csv,2026-05-24T23:38:57.692560,2026-09-06T11:42:36.371537+00:00,False,"{""cause_scope"": ""Annual IDPs export; separate disaster-event export not aggregated or added"", ""geographic_scope"": ""IDMC source-country territory"", ""population_denominator_compatible"": false, ""source_country_name"": ""Sudan""}","New displacements count movements, including repeated movements by one person. Year-end stock counts people. Annual export and separate disaster-event export are not interchangeable. Geography/cause comparability not certified for cross-source inference. Missing years/counts remain missing."
SDN,2013-01-01,2013-12-31,internal_displacements_flow,470000.0,displacement movements,,,annual,idmc,GIDD annual HDX export,https://data.humdata.org/dataset/17017886-0213-4cc0-955e-9905c8b29eb8/resource/d7353527-2d36-4e3a-ae33-68d14c143e84/download/internal-displacements-new-displacements-idps_sdn.csv,2026-05-24T23:38:57.692560,2026-09-06T11:42:36.371537+00:00,False,"{""cause_scope"": ""Annual IDPs export; separate disaster-event export not aggregated or added"", ""geographic_scope"": ""IDMC source-country territory"", ""population_denominator_compatible"": false, ""source_country_name"": ""Sudan""}","New displacements count movements, including repeated movements by one person. Year-end stock counts people. Annual export and separate disaster-event export are not interchangeable. Geography/cause comparability not certified for cross-source inference. Missing years/counts remain missing."
SDN,2013-01-01,2013-12-31,internally_displaced_year_end_stock,2426700.0,people,,,annual,idmc,GIDD annual HDX export,https://data.humdata.org/dataset/17017886-0213-4cc0-955e-9905c8b29eb8/resource/d7353527-2d36-4e3a-ae33-68d14c143e84/download/internal-displacements-new-displacements-idps_sdn.csv,2026-05-24T23:38:57.692560,2026-09-06T11:42:36.371537+00:00,False,"{""cause_scope"": ""Annual IDPs export; separate disaster-event export not aggregated or added"", ""geographic_scope"": ""IDMC source-country territory"", ""population_denominator_compatible"": false, ""source_country_name"": ""Sudan""}","New displacements count movements, including repeated movements by one person. Year-end stock counts people. Annual export and separate disaster-event export are not interchangeable. Geography/cause comparability not certified for cross-source inference. Missing years/counts remain missing."
SDN,2014-01-01,2014-12-31,internal_displacements_flow,557500.0,displacement movements,,,annual,idmc,GIDD annual HDX export,https://data.humdata.org/dataset/17017886-0213-4cc0-955e-9905c8b29eb8/resource/d7353527-2d36-4e3a-ae33-68d14c143e84/download/internal-displacements-new-displacements-idps_sdn.csv,2026-05-24T23:38:57.692560,2026-09-06T11:42:36.371537+00:00,False,"{""cause_scope"": ""Annual IDPs export; separate disaster-event export not aggregated or added"", ""geographic_scope"": ""IDMC source-country territory"", ""population_denominator_compatible"": false, ""source_country_name"": ""Sudan""}","New displacements count movements, including repeated movements by one person. Year-end stock counts people. Annual export and separate disaster-event export are not interchangeable. Geography/cause comparability not certified for cross-source inference. Missing years/counts remain missing."
SDN,2014-01-01,2014-12-31,internally_displaced_year_end_stock,3100000.0,people,,,annual,idmc,GIDD annual HDX export,https://data.humdata.org/dataset/17017886-0213-4cc0-955e-9905c8b29eb8/resource/d7353527-2d36-4e3a-ae33-68d14c143e84/download/internal-displacements-new-displacements-idps_sdn.csv,2026-05-24T23:38:57.692560,2026-09-06T11:42:36.371537+00:00,False,"{""cause_scope"": ""Annual IDPs export; separate disaster-event export not aggregated or added"", ""geographic_scope"": ""IDMC source-country territory"", ""population_denominator_compatible"": false, ""source_country_name"": ""Sudan""}","New displacements count movements, including repeated movements by one person. Year-end stock counts people. Annual export and separate disaster-event export are not interchangeable. Geography/cause comparability not certified for cross-source inference. Missing years/counts remain missing."
SDN,2015-01-01,2015-12-31,internal_displacements_flow,143760.0,displacement movements,,,annual,idmc,GIDD annual HDX export,https://data.humdata.org/dataset/17017886-0213-4cc0-955e-9905c8b29eb8/resource/d7353527-2d36-4e3a-ae33-68d14c143e84/download/internal-displacements-new-displacements-idps_sdn.csv,2026-05-24T23:38:57.692560,2026-09-06T11:42:36.371537+00:00,False,"{""cause_scope"": ""Annual IDPs export; separate disaster-event export not aggregated or added"", ""geographic_scope"": ""IDMC source-country territory"", ""population_denominator_compatible"": false, ""source_country_name"": ""Sudan""}","New displacements count movements, including repeated movements by one person. Year-end stock counts people. Annual export and separate disaster-event export are not interchangeable. Geography/cause comparability not certified for cross-source inference. Missing years/counts remain missing."
SDN,2015-01-01,2015-12-31,internally_displaced_year_end_stock,3182286.0,people,,,annual,idmc,GIDD annual HDX export,https://data.humdata.org/dataset/17017886-0213-4cc0-955e-9905c8b29eb8/resource/d7353527-2d36-4e3a-ae33-68d14c143e84/download/internal-displacements-new-displacements-idps_sdn.csv,2026-05-24T23:38:57.692560,2026-09-06T11:42:36.371537+00:00,False,"{""cause_scope"": ""Annual IDPs export; separate disaster-event export not aggregated or added"", ""geographic_scope"": ""IDMC source-country territory"", ""population_denominator_compatible"": false, ""source_country_name"": ""Sudan""}","New displacements count movements, including repeated movements by one person. Year-end stock counts people. Annual export and separate disaster-event export are not interchangeable. Geography/cause comparability not certified for cross-source inference. Missing years/counts remain missing."
SDN,2016-01-01,2016-12-31,internal_displacements_flow,97481.0,displacement movements,,,annual,idmc,GIDD annual HDX export,https://data.humdata.org/dataset/17017886-0213-4cc0-955e-9905c8b29eb8/resource/d7353527-2d36-4e3a-ae33-68d14c143e84/download/internal-displacements-new-displacements-idps_sdn.csv,2026-05-24T23:38:57.692560,2026-09-06T11:42:36.371537+00:00,False,"{""cause_scope"": ""Annual IDPs export; separate disaster-event export not aggregated or added"", ""geographic_scope"": ""IDMC source-country territory"", ""population_denominator_compatible"": false, ""source_country_name"": ""Sudan""}","New displacements count movements, including repeated movements by one person. Year-end stock counts people. Annual export and separate disaster-event export are not interchangeable. Geography/cause comparability not certified for cross-source inference. Missing years/counts remain missing."
SDN,2016-01-01,2016-12-31,internally_displaced_year_end_stock,3300000.0,people,,,annual,idmc,GIDD annual HDX export,https://data.humdata.org/dataset/17017886-0213-4cc0-955e-9905c8b29eb8/resource/d7353527-2d36-4e3a-ae33-68d14c143e84/download/internal-displacements-new-displacements-idps_sdn.csv,2026-05-24T23:38:57.692560,2026-09-06T11:42:36.371537+00:00,False,"{""cause_scope"": ""Annual IDPs export; separate disaster-event export not aggregated or added"", ""geographic_scope"": ""IDMC source-country territory"", ""population_denominator_compatible"": false, ""source_country_name"": ""Sudan""}","New displacements count movements, including repeated movements by one person. Year-end stock counts people. Annual export and separate disaster-event export are not interchangeable. Geography/cause comparability not certified for cross-source inference. Missing years/counts remain missing."
SDN,2017-01-01,2017-12-31,internal_displacements_flow,17218.0,displacement movements,,,annual,idmc,GIDD annual HDX export,https://data.humdata.org/dataset/17017886-0213-4cc0-955e-9905c8b29eb8/resource/d7353527-2d36-4e3a-ae33-68d14c143e84/download/internal-displacements-new-displacements-idps_sdn.csv,2026-05-24T23:38:57.692560,2026-09-06T11:42:36.371537+00:00,False,"{""cause_scope"": ""Annual IDPs export; separate disaster-event export not aggregated or added"", ""geographic_scope"": ""IDMC source-country territory"", ""population_denominator_compatible"": false, ""source_country_name"": ""Sudan""}","New displacements count movements, including repeated movements by one person. Year-end stock counts people. Annual export and separate disaster-event export are not interchangeable. Geography/cause comparability not certified for cross-source inference. Missing years/counts remain missing."
SDN,2017-01-01,2017-12-31,internally_displaced_year_end_stock,2071956.0,people,,,annual,idmc,GIDD annual HDX export,https://data.humdata.org/dataset/17017886-0213-4cc0-955e-9905c8b29eb8/resource/d7353527-2d36-4e3a-ae33-68d14c143e84/download/internal-displacements-new-displacements-idps_sdn.csv,2026-05-24T23:38:57.692560,2026-09-06T11:42:36.371537+00:00,False,"{""cause_scope"": ""Annual IDPs export; separate disaster-event export not aggregated or added"", ""geographic_scope"": ""IDMC source-country territory"", ""population_denominator_compatible"": false, ""source_country_name"": ""Sudan""}","New displacements count movements, including repeated movements by one person. Year-end stock counts people. Annual export and separate disaster-event export are not interchangeable. Geography/cause comparability not certified for cross-source inference. Missing years/counts remain missing."
SDN,2018-01-01,2018-12-31,internal_displacements_flow,40795.0,displacement movements,,,annual,idmc,GIDD annual HDX export,https://data.humdata.org/dataset/17017886-0213-4cc0-955e-9905c8b29eb8/resource/d7353527-2d36-4e3a-ae33-68d14c143e84/download/internal-displacements-new-displacements-idps_sdn.csv,2026-05-24T23:38:57.692560,2026-09-06T11:42:36.371537+00:00,False,"{""cause_scope"": ""Annual IDPs export; separate disaster-event export not aggregated or added"", ""geographic_scope"": ""IDMC source-country territory"", ""population_denominator_compatible"": false, ""source_country_name"": ""Sudan""}","New displacements count movements, including repeated movements by one person. Year-end stock counts people. Annual export and separate disaster-event export are not interchangeable. Geography/cause comparability not certified for cross-source inference. Missing years/counts remain missing."
SDN,2018-01-01,2018-12-31,internally_displaced_year_end_stock,2071821.0,people,,,annual,idmc,GIDD annual HDX export,https://data.humdata.org/dataset/17017886-0213-4cc0-955e-9905c8b29eb8/resource/d7353527-2d36-4e3a-ae33-68d14c143e84/download/internal-displacements-new-displacements-idps_sdn.csv,2026-05-24T23:38:57.692560,2026-09-06T11:42:36.371537+00:00,False,"{""cause_scope"": ""Annual IDPs export; separate disaster-event export not aggregated or added"", ""geographic_scope"": ""IDMC source-country territory"", ""population_denominator_compatible"": false, ""source_country_name"": ""Sudan""}","New displacements count movements, including repeated movements by one person. Year-end stock counts people. Annual export and separate disaster-event export are not interchangeable. Geography/cause comparability not certified for cross-source inference. Missing years/counts remain missing."
SDN,2019-01-01,2019-12-31,internal_displacements_flow,83819.0,displacement movements,,,annual,idmc,GIDD annual HDX export,https://data.humdata.org/dataset/17017886-0213-4cc0-955e-9905c8b29eb8/resource/d7353527-2d36-4e3a-ae33-68d14c143e84/download/internal-displacements-new-displacements-idps_sdn.csv,2026-05-24T23:38:57.692560,2026-09-06T11:42:36.371537+00:00,False,"{""cause_scope"": ""Annual IDPs export; separate disaster-event export not aggregated or added"", ""geographic_scope"": ""IDMC source-country territory"", ""population_denominator_compatible"": false, ""source_country_name"": ""Sudan""}","New displacements count movements, including repeated movements by one person. Year-end stock counts people. Annual export and separate disaster-event export are not interchangeable. Geography/cause comparability not certified for cross-source inference. Missing years/counts remain missing."
SDN,2019-01-01,2019-12-31,internally_displaced_year_end_stock,2134323.0,people,,,annual,idmc,GIDD annual HDX export,https://data.humdata.org/dataset/17017886-0213-4cc0-955e-9905c8b29eb8/resource/d7353527-2d36-4e3a-ae33-68d14c143e84/download/internal-displacements-new-displacements-idps_sdn.csv,2026-05-24T23:38:57.692560,2026-09-06T11:42:36.371537+00:00,False,"{""cause_scope"": ""Annual IDPs export; separate disaster-event export not aggregated or added"", ""geographic_scope"": ""IDMC source-country territory"", ""population_denominator_compatible"": false, ""source_country_name"": ""Sudan""}","New displacements count movements, including repeated movements by one person. Year-end stock counts people. Annual export and separate disaster-event export are not interchangeable. Geography/cause comparability not certified for cross-source inference. Missing years/counts remain missing."
SDN,2020-01-01,2020-12-31,internal_displacements_flow,79399.0,displacement movements,,,annual,idmc,GIDD annual HDX export,https://data.humdata.org/dataset/17017886-0213-4cc0-955e-9905c8b29eb8/resource/d7353527-2d36-4e3a-ae33-68d14c143e84/download/internal-displacements-new-displacements-idps_sdn.csv,2026-05-24T23:38:57.692560,2026-09-06T11:42:36.371537+00:00,False,"{""cause_scope"": ""Annual IDPs export; separate disaster-event export not aggregated or added"", ""geographic_scope"": ""IDMC source-country territory"", ""population_denominator_compatible"": false, ""source_country_name"": ""Sudan""}","New displacements count movements, including repeated movements by one person. Year-end stock counts people. Annual export and separate disaster-event export are not interchangeable. Geography/cause comparability not certified for cross-source inference. Missing years/counts remain missing."
SDN,2020-01-01,2020-12-31,internally_displaced_year_end_stock,2276314.0,people,,,annual,idmc,GIDD annual HDX export,https://data.humdata.org/dataset/17017886-0213-4cc0-955e-9905c8b29eb8/resource/d7353527-2d36-4e3a-ae33-68d14c143e84/download/internal-displacements-new-displacements-idps_sdn.csv,2026-05-24T23:38:57.692560,2026-09-06T11:42:36.371537+00:00,False,"{""cause_scope"": ""Annual IDPs export; separate disaster-event export not aggregated or added"", ""geographic_scope"": ""IDMC source-country territory"", ""population_denominator_compatible"": false, ""source_country_name"": ""Sudan""}","New displacements count movements, including repeated movements by one person. Year-end stock counts people. Annual export and separate disaster-event export are not interchangeable. Geography/cause comparability not certified for cross-source inference. Missing years/counts remain missing."
SDN,2021-01-01,2021-12-31,internal_displacements_flow,442427.0,displacement movements,,,annual,idmc,GIDD annual HDX export,https://data.humdata.org/dataset/17017886-0213-4cc0-955e-9905c8b29eb8/resource/d7353527-2d36-4e3a-ae33-68d14c143e84/download/internal-displacements-new-displacements-idps_sdn.csv,2026-05-24T23:38:57.692560,2026-09-06T11:42:36.371537+00:00,False,"{""cause_scope"": ""Annual IDPs export; separate disaster-event export not aggregated or added"", ""geographic_scope"": ""IDMC source-country territory"", ""population_denominator_compatible"": false, ""source_country_name"": ""Sudan""}","New displacements count movements, including repeated movements by one person. Year-end stock counts people. Annual export and separate disaster-event export are not interchangeable. Geography/cause comparability not certified for cross-source inference. Missing years/counts remain missing."
SDN,2021-01-01,2021-12-31,internally_displaced_year_end_stock,3175046.0,people,,,annual,idmc,GIDD annual HDX export,https://data.humdata.org/dataset/17017886-0213-4cc0-955e-9905c8b29eb8/resource/d7353527-2d36-4e3a-ae33-68d14c143e84/download/internal-displacements-new-displacements-idps_sdn.csv,2026-05-24T23:38:57.692560,2026-09-06T11:42:36.371537+00:00,False,"{""cause_scope"": ""Annual IDPs export; separate disaster-event export not aggregated or added"", ""geographic_scope"": ""IDMC source-country territory"", ""population_denominator_compatible"": false, ""source_country_name"": ""Sudan""}","New displacements count movements, including repeated movements by one person. Year-end stock counts people. Annual export and separate disaster-event export are not interchangeable. Geography/cause comparability not certified for cross-source inference. Missing years/counts remain missing."
SDN,2022-01-01,2022-12-31,internal_displacements_flow,313683.0,displacement movements,,,annual,idmc,GIDD annual HDX export,https://data.humdata.org/dataset/17017886-0213-4cc0-955e-9905c8b29eb8/resource/d7353527-2d36-4e3a-ae33-68d14c143e84/download/internal-displacements-new-displacements-idps_sdn.csv,2026-05-24T23:38:57.692560,2026-09-06T11:42:36.371537+00:00,False,"{""cause_scope"": ""Annual IDPs export; separate disaster-event export not aggregated or added"", ""geographic_scope"": ""IDMC source-country territory"", ""population_denominator_compatible"": false, ""source_country_name"": ""Sudan""}","New displacements count movements, including repeated movements by one person. Year-end stock counts people. Annual export and separate disaster-event export are not interchangeable. Geography/cause comparability not certified for cross-source inference. Missing years/counts remain missing."
SDN,2022-01-01,2022-12-31,internally_displaced_year_end_stock,3552718.0,people,,,annual,idmc,GIDD annual HDX export,https://data.humdata.org/dataset/17017886-0213-4cc0-955e-9905c8b29eb8/resource/d7353527-2d36-4e3a-ae33-68d14c143e84/download/internal-displacements-new-displacements-idps_sdn.csv,2026-05-24T23:38:57.692560,2026-09-06T11:42:36.371537+00:00,False,"{""cause_scope"": ""Annual IDPs export; separate disaster-event export not aggregated or added"", ""geographic_scope"": ""IDMC source-country territory"", ""population_denominator_compatible"": false, ""source_country_name"": ""Sudan""}","New displacements count movements, including repeated movements by one person. Year-end stock counts people. Annual export and separate disaster-event export are not interchangeable. Geography/cause comparability not certified for cross-source inference. Missing years/counts remain missing."
SDN,2023-01-01,2023-12-31,internal_displacements_flow,6038666.0,displacement movements,,,annual,idmc,GIDD annual HDX export,https://data.humdata.org/dataset/17017886-0213-4cc0-955e-9905c8b29eb8/resource/d7353527-2d36-4e3a-ae33-68d14c143e84/download/internal-displacements-new-displacements-idps_sdn.csv,2026-05-24T23:38:57.692560,2026-09-06T11:42:36.371537+00:00,False,"{""cause_scope"": ""Annual IDPs export; separate disaster-event export not aggregated or added"", ""geographic_scope"": ""IDMC source-country territory"", ""population_denominator_compatible"": false, ""source_country_name"": ""Sudan""}","New displacements count movements, including repeated movements by one person. Year-end stock counts people. Annual export and separate disaster-event export are not interchangeable. Geography/cause comparability not certified for cross-source inference. Missing years/counts remain missing."
SDN,2023-01-01,2023-12-31,internally_displaced_year_end_stock,9052822.0,people,,,annual,idmc,GIDD annual HDX export,https://data.humdata.org/dataset/17017886-0213-4cc0-955e-9905c8b29eb8/resource/d7353527-2d36-4e3a-ae33-68d14c143e84/download/internal-displacements-new-displacements-idps_sdn.csv,2026-05-24T23:38:57.692560,2026-09-06T11:42:36.371537+00:00,False,"{""cause_scope"": ""Annual IDPs export; separate disaster-event export not aggregated or added"", ""geographic_scope"": ""IDMC source-country territory"", ""population_denominator_compatible"": false, ""source_country_name"": ""Sudan""}","New displacements count movements, including repeated movements by one person. Year-end stock counts people. Annual export and separate disaster-event export are not interchangeable. Geography/cause comparability not certified for cross-source inference. Missing years/counts remain missing."
SDN,2024-01-01,2024-12-31,internal_displacements_flow,3777679.0,displacement movements,,,annual,idmc,GIDD annual HDX export,https://data.humdata.org/dataset/17017886-0213-4cc0-955e-9905c8b29eb8/resource/d7353527-2d36-4e3a-ae33-68d14c143e84/download/internal-displacements-new-displacements-idps_sdn.csv,2026-05-24T23:38:57.692560,2026-09-06T11:42:36.371537+00:00,False,"{""cause_scope"": ""Annual IDPs export; separate disaster-event export not aggregated or added"", ""geographic_scope"": ""IDMC source-country territory"", ""population_denominator_compatible"": false, ""source_country_name"": ""Sudan""}","New displacements count movements, including repeated movements by one person. Year-end stock counts people. Annual export and separate disaster-event export are not interchangeable. Geography/cause comparability not certified for cross-source inference. Missing years/counts remain missing."
SDN,2024-01-01,2024-12-31,internally_displaced_year_end_stock,11559970.0,people,,,annual,idmc,GIDD annual HDX export,https://data.humdata.org/dataset/17017886-0213-4cc0-955e-9905c8b29eb8/resource/d7353527-2d36-4e3a-ae33-68d14c143e84/download/internal-displacements-new-displacements-idps_sdn.csv,2026-05-24T23:38:57.692560,2026-09-06T11:42:36.371537+00:00,False,"{""cause_scope"": ""Annual IDPs export; separate disaster-event export not aggregated or added"", ""geographic_scope"": ""IDMC source-country territory"", ""population_denominator_compatible"": false, ""source_country_name"": ""Sudan""}","New displacements count movements, including repeated movements by one person. Year-end stock counts people. Annual export and separate disaster-event export are not interchangeable. Geography/cause comparability not certified for cross-source inference. Missing years/counts remain missing."
SDN,2025-01-01,2025-12-31,internal_displacements_flow,1732551.0,displacement movements,,,annual,idmc,GIDD annual HDX export,https://data.humdata.org/dataset/17017886-0213-4cc0-955e-9905c8b29eb8/resource/d7353527-2d36-4e3a-ae33-68d14c143e84/download/internal-displacements-new-displacements-idps_sdn.csv,2026-05-24T23:38:57.692560,2026-09-06T11:42:36.371537+00:00,False,"{""cause_scope"": ""Annual IDPs export; separate disaster-event export not aggregated or added"", ""geographic_scope"": ""IDMC source-country territory"", ""population_denominator_compatible"": false, ""source_country_name"": ""Sudan""}","New displacements count movements, including repeated movements by one person. Year-end stock counts people. Annual export and separate disaster-event export are not interchangeable. Geography/cause comparability not certified for cross-source inference. Missing years/counts remain missing."
SDN,2025-01-01,2025-12-31,internally_displaced_year_end_stock,9116896.0,people,,,annual,idmc,GIDD annual HDX export,https://data.humdata.org/dataset/17017886-0213-4cc0-955e-9905c8b29eb8/resource/d7353527-2d36-4e3a-ae33-68d14c143e84/download/internal-displacements-new-displacements-idps_sdn.csv,2026-05-24T23:38:57.692560,2026-09-06T11:42:36.371537+00:00,False,"{""cause_scope"": ""Annual IDPs export; separate disaster-event export not aggregated or added"", ""geographic_scope"": ""IDMC source-country territory"", ""population_denominator_compatible"": false, ""source_country_name"": ""Sudan""}","New displacements count movements, including repeated movements by one person. Year-end stock counts people. Annual export and separate disaster-event export are not interchangeable. Geography/cause comparability not certified for cross-source inference. Missing years/counts remain missing."
SOM,2009-01-01,2009-12-31,internal_displacements_flow,400000.0,displacement movements,,,annual,idmc,GIDD annual HDX export,https://data.humdata.org/dataset/c67f8253-b5c5-4f6c-ba34-9af41331d1f2/resource/27f0f3fc-ecca-421b-8a98-ec93787f332c/download/internal-displacements-new-displacements-idps_som.csv,2026-05-24T23:39:09.958908,2026-09-06T11:42:36.371537+00:00,False,"{""cause_scope"": ""Annual IDPs export; separate disaster-event export not aggregated or added"", ""geographic_scope"": ""IDMC source-country territory"", ""population_denominator_compatible"": false, ""source_country_name"": ""Somalia""}","New displacements count movements, including repeated movements by one person. Year-end stock counts people. Annual export and separate disaster-event export are not interchangeable. Geography/cause comparability not certified for cross-source inference. Missing years/counts remain missing."
SOM,2009-01-01,2009-12-31,internally_displaced_year_end_stock,1500000.0,people,,,annual,idmc,GIDD annual HDX export,https://data.humdata.org/dataset/c67f8253-b5c5-4f6c-ba34-9af41331d1f2/resource/27f0f3fc-ecca-421b-8a98-ec93787f332c/download/internal-displacements-new-displacements-idps_som.csv,2026-05-24T23:39:09.958908,2026-09-06T11:42:36.371537+00:00,False,"{""cause_scope"": ""Annual IDPs export; separate disaster-event export not aggregated or added"", ""geographic_scope"": ""IDMC source-country territory"", ""population_denominator_compatible"": false, ""source_country_name"": ""Somalia""}","New displacements count movements, including repeated movements by one person. Year-end stock counts people. Annual export and separate disaster-event export are not interchangeable. Geography/cause comparability not certified for cross-source inference. Missing years/counts remain missing."
SOM,2010-01-01,2010-12-31,internal_displacements_flow,300000.0,displacement movements,,,annual,idmc,GIDD annual HDX export,https://data.humdata.org/dataset/c67f8253-b5c5-4f6c-ba34-9af41331d1f2/resource/27f0f3fc-ecca-421b-8a98-ec93787f332c/download/internal-displacements-new-displacements-idps_som.csv,2026-05-24T23:39:09.958908,2026-09-06T11:42:36.371537+00:00,False,"{""cause_scope"": ""Annual IDPs export; separate disaster-event export not aggregated or added"", ""geographic_scope"": ""IDMC source-country territory"", ""population_denominator_compatible"": false, ""source_country_name"": ""Somalia""}","New displacements count movements, including repeated movements by one person. Year-end stock counts people. Annual export and separate disaster-event export are not interchangeable. Geography/cause comparability not certified for cross-source inference. Missing years/counts remain missing."
SOM,2010-01-01,2010-12-31,internally_displaced_year_end_stock,1500000.0,people,,,annual,idmc,GIDD annual HDX export,https://data.humdata.org/dataset/c67f8253-b5c5-4f6c-ba34-9af41331d1f2/resource/27f0f3fc-ecca-421b-8a98-ec93787f332c/download/internal-displacements-new-displacements-idps_som.csv,2026-05-24T23:39:09.958908,2026-09-06T11:42:36.371537+00:00,False,"{""cause_scope"": ""Annual IDPs export; separate disaster-event export not aggregated or added"", ""geographic_scope"": ""IDMC source-country territory"", ""population_denominator_compatible"": false, ""source_country_name"": ""Somalia""}","New displacements count movements, including repeated movements by one person. Year-end stock counts people. Annual export and separate disaster-event export are not interchangeable. Geography/cause comparability not certified for cross-source inference. Missing years/counts remain missing."
SOM,2011-01-01,2011-12-31,internal_displacements_flow,100000.0,displacement movements,,,annual,idmc,GIDD annual HDX export,https://data.humdata.org/dataset/c67f8253-b5c5-4f6c-ba34-9af41331d1f2/resource/27f0f3fc-ecca-421b-8a98-ec93787f332c/download/internal-displacements-new-displacements-idps_som.csv,2026-05-24T23:39:09.958908,2026-09-06T11:42:36.371537+00:00,False,"{""cause_scope"": ""Annual IDPs export; separate disaster-event export not aggregated or added"", ""geographic_scope"": ""IDMC source-country territory"", ""population_denominator_compatible"": false, ""source_country_name"": ""Somalia""}","New displacements count movements, including repeated movements by one person. Year-end stock counts people. Annual export and separate disaster-event export are not interchangeable. Geography/cause comparability not certified for cross-source inference. Missing years/counts remain missing."
SOM,2011-01-01,2011-12-31,internally_displaced_year_end_stock,1459000.0,people,,,annual,idmc,GIDD annual HDX export,https://data.humdata.org/dataset/c67f8253-b5c5-4f6c-ba34-9af41331d1f2/resource/27f0f3fc-ecca-421b-8a98-ec93787f332c/download/internal-displacements-new-displacements-idps_som.csv,2026-05-24T23:39:09.958908,2026-09-06T11:42:36.371537+00:00,False,"{""cause_scope"": ""Annual IDPs export; separate disaster-event export not aggregated or added"", ""geographic_scope"": ""IDMC source-country territory"", ""population_denominator_compatible"": false, ""source_country_name"": ""Somalia""}","New displacements count movements, including repeated movements by one person. Year-end stock counts people. Annual export and separate disaster-event export are not interchangeable. Geography/cause comparability not certified for cross-source inference. Missing years/counts remain missing."
SOM,2012-01-01,2012-12-31,internal_displacements_flow,185000.0,displacement movements,,,annual,idmc,GIDD annual HDX export,https://data.humdata.org/dataset/c67f8253-b5c5-4f6c-ba34-9af41331d1f2/resource/27f0f3fc-ecca-421b-8a98-ec93787f332c/download/internal-displacements-new-displacements-idps_som.csv,2026-05-24T23:39:09.958908,2026-09-06T11:42:36.371537+00:00,False,"{""cause_scope"": ""Annual IDPs export; separate disaster-event export not aggregated or added"", ""geographic_scope"": ""IDMC source-country territory"", ""population_denominator_compatible"": false, ""source_country_name"": ""Somalia""}","New displacements count movements, including repeated movements by one person. Year-end stock counts people. Annual export and separate disaster-event export are not interchangeable. Geography/cause comparability not certified for cross-source inference. Missing years/counts remain missing."
SOM,2012-01-01,2012-12-31,internally_displaced_year_end_stock,1350000.0,people,,,annual,idmc,GIDD annual HDX export,https://data.humdata.org/dataset/c67f8253-b5c5-4f6c-ba34-9af41331d1f2/resource/27f0f3fc-ecca-421b-8a98-ec93787f332c/download/internal-displacements-new-displacements-idps_som.csv,2026-05-24T23:39:09.958908,2026-09-06T11:42:36.371537+00:00,False,"{""cause_scope"": ""Annual IDPs export; separate disaster-event export not aggregated or added"", ""geographic_scope"": ""IDMC source-country territory"", ""population_denominator_compatible"": false, ""source_country_name"": ""Somalia""}","New displacements count movements, including repeated movements by one person. Year-end stock counts people. Annual export and separate disaster-event export are not interchangeable. Geography/cause comparability not certified for cross-source inference. Missing years/counts remain missing."
SOM,2013-01-01,2013-12-31,internal_displacements_flow,80000.0,displacement movements,,,annual,idmc,GIDD annual HDX export,https://data.humdata.org/dataset/c67f8253-b5c5-4f6c-ba34-9af41331d1f2/resource/27f0f3fc-ecca-421b-8a98-ec93787f332c/download/internal-displacements-new-displacements-idps_som.csv,2026-05-24T23:39:09.958908,2026-09-06T11:42:36.371537+00:00,False,"{""cause_scope"": ""Annual IDPs export; separate disaster-event export not aggregated or added"", ""geographic_scope"": ""IDMC source-country territory"", ""population_denominator_compatible"": false, ""source_country_name"": ""Somalia""}","New displacements count movements, including repeated movements by one person. Year-end stock counts people. Annual export and separate disaster-event export are not interchangeable. Geography/cause comparability not certified for cross-source inference. Missing years/counts remain missing."
SOM,2013-01-01,2013-12-31,internally_displaced_year_end_stock,1100000.0,people,,,annual,idmc,GIDD annual HDX export,https://data.humdata.org/dataset/c67f8253-b5c5-4f6c-ba34-9af41331d1f2/resource/27f0f3fc-ecca-421b-8a98-ec93787f332c/download/internal-displacements-new-displacements-idps_som.csv,2026-05-24T23:39:09.958908,2026-09-06T11:42:36.371537+00:00,False,"{""cause_scope"": ""Annual IDPs export; separate disaster-event export not aggregated or added"", ""geographic_scope"": ""IDMC source-country territory"", ""population_denominator_compatible"": false, ""source_country_name"": ""Somalia""}","New displacements count movements, including repeated movements by one person. Year-end stock counts people. Annual export and separate disaster-event export are not interchangeable. Geography/cause comparability not certified for cross-source inference. Missing years/counts remain missing."
SOM,2014-01-01,2014-12-31,internal_displacements_flow,89000.0,displacement movements,,,annual,idmc,GIDD annual HDX export,https://data.humdata.org/dataset/c67f8253-b5c5-4f6c-ba34-9af41331d1f2/resource/27f0f3fc-ecca-421b-8a98-ec93787f332c/download/internal-displacements-new-displacements-idps_som.csv,2026-05-24T23:39:09.958908,2026-09-06T11:42:36.371537+00:00,False,"{""cause_scope"": ""Annual IDPs export; separate disaster-event export not aggregated or added"", ""geographic_scope"": ""IDMC source-country territory"", ""population_denominator_compatible"": false, ""source_country_name"": ""Somalia""}","New displacements count movements, including repeated movements by one person. Year-end stock counts people. Annual export and separate disaster-event export are not interchangeable. Geography/cause comparability not certified for cross-source inference. Missing years/counts remain missing."
SOM,2014-01-01,2014-12-31,internally_displaced_year_end_stock,1106751.0,people,,,annual,idmc,GIDD annual HDX export,https://data.humdata.org/dataset/c67f8253-b5c5-4f6c-ba34-9af41331d1f2/resource/27f0f3fc-ecca-421b-8a98-ec93787f332c/download/internal-displacements-new-displacements-idps_som.csv,2026-05-24T23:39:09.958908,2026-09-06T11:42:36.371537+00:00,False,"{""cause_scope"": ""Annual IDPs export; separate disaster-event export not aggregated or added"", ""geographic_scope"": ""IDMC source-country territory"", ""population_denominator_compatible"": false, ""source_country_name"": ""Somalia""}","New displacements count movements, including repeated movements by one person. Year-end stock counts people. Annual export and separate disaster-event export are not interchangeable. Geography/cause comparability not certified for cross-source inference. Missing years/counts remain missing."
SOM,2015-01-01,2015-12-31,internal_displacements_flow,90000.0,displacement movements,,,annual,idmc,GIDD annual HDX export,https://data.humdata.org/dataset/c67f8253-b5c5-4f6c-ba34-9af41331d1f2/resource/27f0f3fc-ecca-421b-8a98-ec93787f332c/download/internal-displacements-new-displacements-idps_som.csv,2026-05-24T23:39:09.958908,2026-09-06T11:42:36.371537+00:00,False,"{""cause_scope"": ""Annual IDPs export; separate disaster-event export not aggregated or added"", ""geographic_scope"": ""IDMC source-country territory"", ""population_denominator_compatible"": false, ""source_country_name"": ""Somalia""}","New displacements count movements, including repeated movements by one person. Year-end stock counts people. Annual export and separate disaster-event export are not interchangeable. Geography/cause comparability not certified for cross-source inference. Missing years/counts remain missing."
SOM,2015-01-01,2015-12-31,internally_displaced_year_end_stock,1223000.0,people,,,annual,idmc,GIDD annual HDX export,https://data.humdata.org/dataset/c67f8253-b5c5-4f6c-ba34-9af41331d1f2/resource/27f0f3fc-ecca-421b-8a98-ec93787f332c/download/internal-displacements-new-displacements-idps_som.csv,2026-05-24T23:39:09.958908,2026-09-06T11:42:36.371537+00:00,False,"{""cause_scope"": ""Annual IDPs export; separate disaster-event export not aggregated or added"", ""geographic_scope"": ""IDMC source-country territory"", ""population_denominator_compatible"": false, ""source_country_name"": ""Somalia""}","New displacements count movements, including repeated movements by one person. Year-end stock counts people. Annual export and separate disaster-event export are not interchangeable. Geography/cause comparability not certified for cross-source inference. Missing years/counts remain missing."
SOM,2016-01-01,2016-12-31,internal_displacements_flow,175000.0,displacement movements,,,annual,idmc,GIDD annual HDX export,https://data.humdata.org/dataset/c67f8253-b5c5-4f6c-ba34-9af41331d1f2/resource/27f0f3fc-ecca-421b-8a98-ec93787f332c/download/internal-displacements-new-displacements-idps_som.csv,2026-05-24T23:39:09.958908,2026-09-06T11:42:36.371537+00:00,False,"{""cause_scope"": ""Annual IDPs export; separate disaster-event export not aggregated or added"", ""geographic_scope"": ""IDMC source-country territory"", ""population_denominator_compatible"": false, ""source_country_name"": ""Somalia""}","New displacements count movements, including repeated movements by one person. Year-end stock counts people. Annual export and separate disaster-event export are not interchangeable. Geography/cause comparability not certified for cross-source inference. Missing years/counts remain missing."
SOM,2016-01-01,2016-12-31,internally_displaced_year_end_stock,1106751.0,people,,,annual,idmc,GIDD annual HDX export,https://data.humdata.org/dataset/c67f8253-b5c5-4f6c-ba34-9af41331d1f2/resource/27f0f3fc-ecca-421b-8a98-ec93787f332c/download/internal-displacements-new-displacements-idps_som.csv,2026-05-24T23:39:09.958908,2026-09-06T11:42:36.371537+00:00,False,"{""cause_scope"": ""Annual IDPs export; separate disaster-event export not aggregated or added"", ""geographic_scope"": ""IDMC source-country territory"", ""population_denominator_compatible"": false, ""source_country_name"": ""Somalia""}","New displacements count movements, including repeated movements by one person. Year-end stock counts people. Annual export and separate disaster-event export are not interchangeable. Geography/cause comparability not certified for cross-source inference. Missing years/counts remain missing."
SOM,2017-01-01,2017-12-31,internal_displacements_flow,387558.0,displacement movements,,,annual,idmc,GIDD annual HDX export,https://data.humdata.org/dataset/c67f8253-b5c5-4f6c-ba34-9af41331d1f2/resource/27f0f3fc-ecca-421b-8a98-ec93787f332c/download/internal-displacements-new-displacements-idps_som.csv,2026-05-24T23:39:09.958908,2026-09-06T11:42:36.371537+00:00,False,"{""cause_scope"": ""Annual IDPs export; separate disaster-event export not aggregated or added"", ""geographic_scope"": ""IDMC source-country territory"", ""population_denominator_compatible"": false, ""source_country_name"": ""Somalia""}","New displacements count movements, including repeated movements by one person. Year-end stock counts people. Annual export and separate disaster-event export are not interchangeable. Geography/cause comparability not certified for cross-source inference. Missing years/counts remain missing."
SOM,2017-01-01,2017-12-31,internally_displaced_year_end_stock,824551.0,people,,,annual,idmc,GIDD annual HDX export,https://data.humdata.org/dataset/c67f8253-b5c5-4f6c-ba34-9af41331d1f2/resource/27f0f3fc-ecca-421b-8a98-ec93787f332c/download/internal-displacements-new-displacements-idps_som.csv,2026-05-24T23:39:09.958908,2026-09-06T11:42:36.371537+00:00,False,"{""cause_scope"": ""Annual IDPs export; separate disaster-event export not aggregated or added"", ""geographic_scope"": ""IDMC source-country territory"", ""population_denominator_compatible"": false, ""source_country_name"": ""Somalia""}","New displacements count movements, including repeated movements by one person. Year-end stock counts people. Annual export and separate disaster-event export are not interchangeable. Geography/cause comparability not certified for cross-source inference. Missing years/counts remain missing."
SOM,2018-01-01,2018-12-31,internal_displacements_flow,578170.0,displacement movements,,,annual,idmc,GIDD annual HDX export,https://data.humdata.org/dataset/c67f8253-b5c5-4f6c-ba34-9af41331d1f2/resource/27f0f3fc-ecca-421b-8a98-ec93787f332c/download/internal-displacements-new-displacements-idps_som.csv,2026-05-24T23:39:09.958908,2026-09-06T11:42:36.371537+00:00,False,"{""cause_scope"": ""Annual IDPs export; separate disaster-event export not aggregated or added"", ""geographic_scope"": ""IDMC source-country territory"", ""population_denominator_compatible"": false, ""source_country_name"": ""Somalia""}","New displacements count movements, including repeated movements by one person. Year-end stock counts people. Annual export and separate disaster-event export are not interchangeable. Geography/cause comparability not certified for cross-source inference. Missing years/counts remain missing."
SOM,2018-01-01,2018-12-31,internally_displaced_year_end_stock,2648000.0,people,,,annual,idmc,GIDD annual HDX export,https://data.humdata.org/dataset/c67f8253-b5c5-4f6c-ba34-9af41331d1f2/resource/27f0f3fc-ecca-421b-8a98-ec93787f332c/download/internal-displacements-new-displacements-idps_som.csv,2026-05-24T23:39:09.958908,2026-09-06T11:42:36.371537+00:00,False,"{""cause_scope"": ""Annual IDPs export; separate disaster-event export not aggregated or added"", ""geographic_scope"": ""IDMC source-country territory"", ""population_denominator_compatible"": false, ""source_country_name"": ""Somalia""}","New displacements count movements, including repeated movements by one person. Year-end stock counts people. Annual export and separate disaster-event export are not interchangeable. Geography/cause comparability not certified for cross-source inference. Missing years/counts remain missing."
SOM,2019-01-01,2019-12-31,internal_displacements_flow,188229.0,displacement movements,,,annual,idmc,GIDD annual HDX export,https://data.humdata.org/dataset/c67f8253-b5c5-4f6c-ba34-9af41331d1f2/resource/27f0f3fc-ecca-421b-8a98-ec93787f332c/download/internal-displacements-new-displacements-idps_som.csv,2026-05-24T23:39:09.958908,2026-09-06T11:42:36.371537+00:00,False,"{""cause_scope"": ""Annual IDPs export; separate disaster-event export not aggregated or added"", ""geographic_scope"": ""IDMC source-country territory"", ""population_denominator_compatible"": false, ""source_country_name"": ""Somalia""}","New displacements count movements, including repeated movements by one person. Year-end stock counts people. Annual export and separate disaster-event export are not interchangeable. Geography/cause comparability not certified for cross-source inference. Missing years/counts remain missing."
SOM,2019-01-01,2019-12-31,internally_displaced_year_end_stock,2648000.0,people,,,annual,idmc,GIDD annual HDX export,https://data.humdata.org/dataset/c67f8253-b5c5-4f6c-ba34-9af41331d1f2/resource/27f0f3fc-ecca-421b-8a98-ec93787f332c/download/internal-displacements-new-displacements-idps_som.csv,2026-05-24T23:39:09.958908,2026-09-06T11:42:36.371537+00:00,False,"{""cause_scope"": ""Annual IDPs export; separate disaster-event export not aggregated or added"", ""geographic_scope"": ""IDMC source-country territory"", ""population_denominator_compatible"": false, ""source_country_name"": ""Somalia""}","New displacements count movements, including repeated movements by one person. Year-end stock counts people. Annual export and separate disaster-event export are not interchangeable. Geography/cause comparability not certified for cross-source inference. Missing years/counts remain missing."
SOM,2020-01-01,2020-12-31,internal_displacements_flow,292518.0,displacement movements,,,annual,idmc,GIDD annual HDX export,https://data.humdata.org/dataset/c67f8253-b5c5-4f6c-ba34-9af41331d1f2/resource/27f0f3fc-ecca-421b-8a98-ec93787f332c/download/internal-displacements-new-displacements-idps_som.csv,2026-05-24T23:39:09.958908,2026-09-06T11:42:36.371537+00:00,False,"{""cause_scope"": ""Annual IDPs export; separate disaster-event export not aggregated or added"", ""geographic_scope"": ""IDMC source-country territory"", ""population_denominator_compatible"": false, ""source_country_name"": ""Somalia""}","New displacements count movements, including repeated movements by one person. Year-end stock counts people. Annual export and separate disaster-event export are not interchangeable. Geography/cause comparability not certified for cross-source inference. Missing years/counts remain missing."
SOM,2020-01-01,2020-12-31,internally_displaced_year_end_stock,2967500.0,people,,,annual,idmc,GIDD annual HDX export,https://data.humdata.org/dataset/c67f8253-b5c5-4f6c-ba34-9af41331d1f2/resource/27f0f3fc-ecca-421b-8a98-ec93787f332c/download/internal-displacements-new-displacements-idps_som.csv,2026-05-24T23:39:09.958908,2026-09-06T11:42:36.371537+00:00,False,"{""cause_scope"": ""Annual IDPs export; separate disaster-event export not aggregated or added"", ""geographic_scope"": ""IDMC source-country territory"", ""population_denominator_compatible"": false, ""source_country_name"": ""Somalia""}","New displacements count movements, including repeated movements by one person. Year-end stock counts people. Annual export and separate disaster-event export are not interchangeable. Geography/cause comparability not certified for cross-source inference. Missing years/counts remain missing."
SOM,2021-01-01,2021-12-31,internal_displacements_flow,548884.0,displacement movements,,,annual,idmc,GIDD annual HDX export,https://data.humdata.org/dataset/c67f8253-b5c5-4f6c-ba34-9af41331d1f2/resource/27f0f3fc-ecca-421b-8a98-ec93787f332c/download/internal-displacements-new-displacements-idps_som.csv,2026-05-24T23:39:09.958908,2026-09-06T11:42:36.371537+00:00,False,"{""cause_scope"": ""Annual IDPs export; separate disaster-event export not aggregated or added"", ""geographic_scope"": ""IDMC source-country territory"", ""population_denominator_compatible"": false, ""source_country_name"": ""Somalia""}","New displacements count movements, including repeated movements by one person. Year-end stock counts people. Annual export and separate disaster-event export are not interchangeable. Geography/cause comparability not certified for cross-source inference. Missing years/counts remain missing."
SOM,2021-01-01,2021-12-31,internally_displaced_year_end_stock,2967500.0,people,,,annual,idmc,GIDD annual HDX export,https://data.humdata.org/dataset/c67f8253-b5c5-4f6c-ba34-9af41331d1f2/resource/27f0f3fc-ecca-421b-8a98-ec93787f332c/download/internal-displacements-new-displacements-idps_som.csv,2026-05-24T23:39:09.958908,2026-09-06T11:42:36.371537+00:00,False,"{""cause_scope"": ""Annual IDPs export; separate disaster-event export not aggregated or added"", ""geographic_scope"": ""IDMC source-country territory"", ""population_denominator_compatible"": false, ""source_country_name"": ""Somalia""}","New displacements count movements, including repeated movements by one person. Year-end stock counts people. Annual export and separate disaster-event export are not interchangeable. Geography/cause comparability not certified for cross-source inference. Missing years/counts remain missing."
SOM,2022-01-01,2022-12-31,internal_displacements_flow,621371.0,displacement movements,,,annual,idmc,GIDD annual HDX export,https://data.humdata.org/dataset/c67f8253-b5c5-4f6c-ba34-9af41331d1f2/resource/27f0f3fc-ecca-421b-8a98-ec93787f332c/download/internal-displacements-new-displacements-idps_som.csv,2026-05-24T23:39:09.958908,2026-09-06T11:42:36.371537+00:00,False,"{""cause_scope"": ""Annual IDPs export; separate disaster-event export not aggregated or added"", ""geographic_scope"": ""IDMC source-country territory"", ""population_denominator_compatible"": false, ""source_country_name"": ""Somalia""}","New displacements count movements, including repeated movements by one person. Year-end stock counts people. Annual export and separate disaster-event export are not interchangeable. Geography/cause comparability not certified for cross-source inference. Missing years/counts remain missing."
SOM,2022-01-01,2022-12-31,internally_displaced_year_end_stock,3864000.0,people,,,annual,idmc,GIDD annual HDX export,https://data.humdata.org/dataset/c67f8253-b5c5-4f6c-ba34-9af41331d1f2/resource/27f0f3fc-ecca-421b-8a98-ec93787f332c/download/internal-displacements-new-displacements-idps_som.csv,2026-05-24T23:39:09.958908,2026-09-06T11:42:36.371537+00:00,False,"{""cause_scope"": ""Annual IDPs export; separate disaster-event export not aggregated or added"", ""geographic_scope"": ""IDMC source-country territory"", ""population_denominator_compatible"": false, ""source_country_name"": ""Somalia""}","New displacements count movements, including repeated movements by one person. Year-end stock counts people. Annual export and separate disaster-event export are not interchangeable. Geography/cause comparability not certified for cross-source inference. Missing years/counts remain missing."
SOM,2023-01-01,2023-12-31,internal_displacements_flow,673034.0,displacement movements,,,annual,idmc,GIDD annual HDX export,https://data.humdata.org/dataset/c67f8253-b5c5-4f6c-ba34-9af41331d1f2/resource/27f0f3fc-ecca-421b-8a98-ec93787f332c/download/internal-displacements-new-displacements-idps_som.csv,2026-05-24T23:39:09.958908,2026-09-06T11:42:36.371537+00:00,False,"{""cause_scope"": ""Annual IDPs export; separate disaster-event export not aggregated or added"", ""geographic_scope"": ""IDMC source-country territory"", ""population_denominator_compatible"": false, ""source_country_name"": ""Somalia""}","New displacements count movements, including repeated movements by one person. Year-end stock counts people. Annual export and separate disaster-event export are not interchangeable. Geography/cause comparability not certified for cross-source inference. Missing years/counts remain missing."
SOM,2023-01-01,2023-12-31,internally_displaced_year_end_stock,3861643.0,people,,,annual,idmc,GIDD annual HDX export,https://data.humdata.org/dataset/c67f8253-b5c5-4f6c-ba34-9af41331d1f2/resource/27f0f3fc-ecca-421b-8a98-ec93787f332c/download/internal-displacements-new-displacements-idps_som.csv,2026-05-24T23:39:09.958908,2026-09-06T11:42:36.371537+00:00,False,"{""cause_scope"": ""Annual IDPs export; separate disaster-event export not aggregated or added"", ""geographic_scope"": ""IDMC source-country territory"", ""population_denominator_compatible"": false, ""source_country_name"": ""Somalia""}","New displacements count movements, including repeated movements by one person. Year-end stock counts people. Annual export and separate disaster-event export are not interchangeable. Geography/cause comparability not certified for cross-source inference. Missing years/counts remain missing."
SOM,2024-01-01,2024-12-31,internal_displacements_flow,316316.0,displacement movements,,,annual,idmc,GIDD annual HDX export,https://data.humdata.org/dataset/c67f8253-b5c5-4f6c-ba34-9af41331d1f2/resource/27f0f3fc-ecca-421b-8a98-ec93787f332c/download/internal-displacements-new-displacements-idps_som.csv,2026-05-24T23:39:09.958908,2026-09-06T11:42:36.371537+00:00,False,"{""cause_scope"": ""Annual IDPs export; separate disaster-event export not aggregated or added"", ""geographic_scope"": ""IDMC source-country territory"", ""population_denominator_compatible"": false, ""source_country_name"": ""Somalia""}","New displacements count movements, including repeated movements by one person. Year-end stock counts people. Annual export and separate disaster-event export are not interchangeable. Geography/cause comparability not certified for cross-source inference. Missing years/counts remain missing."
SOM,2024-01-01,2024-12-31,internally_displaced_year_end_stock,3135940.0,people,,,annual,idmc,GIDD annual HDX export,https://data.humdata.org/dataset/c67f8253-b5c5-4f6c-ba34-9af41331d1f2/resource/27f0f3fc-ecca-421b-8a98-ec93787f332c/download/internal-displacements-new-displacements-idps_som.csv,2026-05-24T23:39:09.958908,2026-09-06T11:42:36.371537+00:00,False,"{""cause_scope"": ""Annual IDPs export; separate disaster-event export not aggregated or added"", ""geographic_scope"": ""IDMC source-country territory"", ""population_denominator_compatible"": false, ""source_country_name"": ""Somalia""}","New displacements count movements, including repeated movements by one person. Year-end stock counts people. Annual export and separate disaster-event export are not interchangeable. Geography/cause comparability not certified for cross-source inference. Missing years/counts remain missing."
SOM,2025-01-01,2025-12-31,internal_displacements_flow,213669.0,displacement movements,,,annual,idmc,GIDD annual HDX export,https://data.humdata.org/dataset/c67f8253-b5c5-4f6c-ba34-9af41331d1f2/resource/27f0f3fc-ecca-421b-8a98-ec93787f332c/download/internal-displacements-new-displacements-idps_som.csv,2026-05-24T23:39:09.958908,2026-09-06T11:42:36.371537+00:00,False,"{""cause_scope"": ""Annual IDPs export; separate disaster-event export not aggregated or added"", ""geographic_scope"": ""IDMC source-country territory"", ""population_denominator_compatible"": false, ""source_country_name"": ""Somalia""}","New displacements count movements, including repeated movements by one person. Year-end stock counts people. Annual export and separate disaster-event export are not interchangeable. Geography/cause comparability not certified for cross-source inference. Missing years/counts remain missing."
SOM,2025-01-01,2025-12-31,internally_displaced_year_end_stock,3347408.0,people,,,annual,idmc,GIDD annual HDX export,https://data.humdata.org/dataset/c67f8253-b5c5-4f6c-ba34-9af41331d1f2/resource/27f0f3fc-ecca-421b-8a98-ec93787f332c/download/internal-displacements-new-displacements-idps_som.csv,2026-05-24T23:39:09.958908,2026-09-06T11:42:36.371537+00:00,False,"{""cause_scope"": ""Annual IDPs export; separate disaster-event export not aggregated or added"", ""geographic_scope"": ""IDMC source-country territory"", ""population_denominator_compatible"": false, ""source_country_name"": ""Somalia""}","New displacements count movements, including repeated movements by one person. Year-end stock counts people. Annual export and separate disaster-event export are not interchangeable. Geography/cause comparability not certified for cross-source inference. Missing years/counts remain missing."
UKR,2014-01-01,2014-12-31,internal_displacements_flow,646500.0,displacement movements,,,annual,idmc,GIDD annual HDX export,https://data.humdata.org/dataset/d1280be9-71e4-418c-b08c-1670651a3c78/resource/93401ae0-bf95-4a85-89b2-f9587e18b8d3/download/internal-displacements-new-displacements-idps_ukr.csv,2026-05-24T23:39:55.112859,2026-09-06T11:42:36.371537+00:00,False,"{""cause_scope"": ""Annual IDPs export; separate disaster-event export not aggregated or added"", ""geographic_scope"": ""IDMC source-country territory"", ""population_denominator_compatible"": false, ""source_country_name"": ""Ukraine""}","New displacements count movements, including repeated movements by one person. Year-end stock counts people. Annual export and separate disaster-event export are not interchangeable. Geography/cause comparability not certified for cross-source inference. Missing years/counts remain missing."
UKR,2014-01-01,2014-12-31,internally_displaced_year_end_stock,646500.0,people,,,annual,idmc,GIDD annual HDX export,https://data.humdata.org/dataset/d1280be9-71e4-418c-b08c-1670651a3c78/resource/93401ae0-bf95-4a85-89b2-f9587e18b8d3/download/internal-displacements-new-displacements-idps_ukr.csv,2026-05-24T23:39:55.112859,2026-09-06T11:42:36.371537+00:00,False,"{""cause_scope"": ""Annual IDPs export; separate disaster-event export not aggregated or added"", ""geographic_scope"": ""IDMC source-country territory"", ""population_denominator_compatible"": false, ""source_country_name"": ""Ukraine""}","New displacements count movements, including repeated movements by one person. Year-end stock counts people. Annual export and separate disaster-event export are not interchangeable. Geography/cause comparability not certified for cross-source inference. Missing years/counts remain missing."
UKR,2015-01-01,2015-12-31,internal_displacements_flow,942418.0,displacement movements,,,annual,idmc,GIDD annual HDX export,https://data.humdata.org/dataset/d1280be9-71e4-418c-b08c-1670651a3c78/resource/93401ae0-bf95-4a85-89b2-f9587e18b8d3/download/internal-displacements-new-displacements-idps_ukr.csv,2026-05-24T23:39:55.112859,2026-09-06T11:42:36.371537+00:00,False,"{""cause_scope"": ""Annual IDPs export; separate disaster-event export not aggregated or added"", ""geographic_scope"": ""IDMC source-country territory"", ""population_denominator_compatible"": false, ""source_country_name"": ""Ukraine""}","New displacements count movements, including repeated movements by one person. Year-end stock counts people. Annual export and separate disaster-event export are not interchangeable. Geography/cause comparability not certified for cross-source inference. Missing years/counts remain missing."
UKR,2015-01-01,2015-12-31,internally_displaced_year_end_stock,1678587.0,people,,,annual,idmc,GIDD annual HDX export,https://data.humdata.org/dataset/d1280be9-71e4-418c-b08c-1670651a3c78/resource/93401ae0-bf95-4a85-89b2-f9587e18b8d3/download/internal-displacements-new-displacements-idps_ukr.csv,2026-05-24T23:39:55.112859,2026-09-06T11:42:36.371537+00:00,False,"{""cause_scope"": ""Annual IDPs export; separate disaster-event export not aggregated or added"", ""geographic_scope"": ""IDMC source-country territory"", ""population_denominator_compatible"": false, ""source_country_name"": ""Ukraine""}","New displacements count movements, including repeated movements by one person. Year-end stock counts people. Annual export and separate disaster-event export are not interchangeable. Geography/cause comparability not certified for cross-source inference. Missing years/counts remain missing."
UKR,2016-01-01,2016-12-31,internal_displacements_flow,108921.0,displacement movements,,,annual,idmc,GIDD annual HDX export,https://data.humdata.org/dataset/d1280be9-71e4-418c-b08c-1670651a3c78/resource/93401ae0-bf95-4a85-89b2-f9587e18b8d3/download/internal-displacements-new-displacements-idps_ukr.csv,2026-05-24T23:39:55.112859,2026-09-06T11:42:36.371537+00:00,False,"{""cause_scope"": ""Annual IDPs export; separate disaster-event export not aggregated or added"", ""geographic_scope"": ""IDMC source-country territory"", ""population_denominator_compatible"": false, ""source_country_name"": ""Ukraine""}","New displacements count movements, including repeated movements by one person. Year-end stock counts people. Annual export and separate disaster-event export are not interchangeable. Geography/cause comparability not certified for cross-source inference. Missing years/counts remain missing."
UKR,2016-01-01,2016-12-31,internally_displaced_year_end_stock,1652512.0,people,,,annual,idmc,GIDD annual HDX export,https://data.humdata.org/dataset/d1280be9-71e4-418c-b08c-1670651a3c78/resource/93401ae0-bf95-4a85-89b2-f9587e18b8d3/download/internal-displacements-new-displacements-idps_ukr.csv,2026-05-24T23:39:55.112859,2026-09-06T11:42:36.371537+00:00,False,"{""cause_scope"": ""Annual IDPs export; separate disaster-event export not aggregated or added"", ""geographic_scope"": ""IDMC source-country territory"", ""population_denominator_compatible"": false, ""source_country_name"": ""Ukraine""}","New displacements count movements, including repeated movements by one person. Year-end stock counts people. Annual export and separate disaster-event export are not interchangeable. Geography/cause comparability not certified for cross-source inference. Missing years/counts remain missing."
UKR,2017-01-01,2017-12-31,internal_displacements_flow,21415.0,displacement movements,,,annual,idmc,GIDD annual HDX export,https://data.humdata.org/dataset/d1280be9-71e4-418c-b08c-1670651a3c78/resource/93401ae0-bf95-4a85-89b2-f9587e18b8d3/download/internal-displacements-new-displacements-idps_ukr.csv,2026-05-24T23:39:55.112859,2026-09-06T11:42:36.371537+00:00,False,"{""cause_scope"": ""Annual IDPs export; separate disaster-event export not aggregated or added"", ""geographic_scope"": ""IDMC source-country territory"", ""population_denominator_compatible"": false, ""source_country_name"": ""Ukraine""}","New displacements count movements, including repeated movements by one person. Year-end stock counts people. Annual export and separate disaster-event export are not interchangeable. Geography/cause comparability not certified for cross-source inference. Missing years/counts remain missing."
UKR,2017-01-01,2017-12-31,internally_displaced_year_end_stock,800000.0,people,,,annual,idmc,GIDD annual HDX export,https://data.humdata.org/dataset/d1280be9-71e4-418c-b08c-1670651a3c78/resource/93401ae0-bf95-4a85-89b2-f9587e18b8d3/download/internal-displacements-new-displacements-idps_ukr.csv,2026-05-24T23:39:55.112859,2026-09-06T11:42:36.371537+00:00,False,"{""cause_scope"": ""Annual IDPs export; separate disaster-event export not aggregated or added"", ""geographic_scope"": ""IDMC source-country territory"", ""population_denominator_compatible"": false, ""source_country_name"": ""Ukraine""}","New displacements count movements, including repeated movements by one person. Year-end stock counts people. Annual export and separate disaster-event export are not interchangeable. Geography/cause comparability not certified for cross-source inference. Missing years/counts remain missing."
UKR,2018-01-01,2018-12-31,internal_displacements_flow,12162.0,displacement movements,,,annual,idmc,GIDD annual HDX export,https://data.humdata.org/dataset/d1280be9-71e4-418c-b08c-1670651a3c78/resource/93401ae0-bf95-4a85-89b2-f9587e18b8d3/download/internal-displacements-new-displacements-idps_ukr.csv,2026-05-24T23:39:55.112859,2026-09-06T11:42:36.371537+00:00,False,"{""cause_scope"": ""Annual IDPs export; separate disaster-event export not aggregated or added"", ""geographic_scope"": ""IDMC source-country territory"", ""population_denominator_compatible"": false, ""source_country_name"": ""Ukraine""}","New displacements count movements, including repeated movements by one person. Year-end stock counts people. Annual export and separate disaster-event export are not interchangeable. Geography/cause comparability not certified for cross-source inference. Missing years/counts remain missing."
UKR,2018-01-01,2018-12-31,internally_displaced_year_end_stock,800208.0,people,,,annual,idmc,GIDD annual HDX export,https://data.humdata.org/dataset/d1280be9-71e4-418c-b08c-1670651a3c78/resource/93401ae0-bf95-4a85-89b2-f9587e18b8d3/download/internal-displacements-new-displacements-idps_ukr.csv,2026-05-24T23:39:55.112859,2026-09-06T11:42:36.371537+00:00,False,"{""cause_scope"": ""Annual IDPs export; separate disaster-event export not aggregated or added"", ""geographic_scope"": ""IDMC source-country territory"", ""population_denominator_compatible"": false, ""source_country_name"": ""Ukraine""}","New displacements count movements, including repeated movements by one person. Year-end stock counts people. Annual export and separate disaster-event export are not interchangeable. Geography/cause comparability not certified for cross-source inference. Missing years/counts remain missing."
UKR,2019-01-01,2019-12-31,internal_displacements_flow,60.0,displacement movements,,,annual,idmc,GIDD annual HDX export,https://data.humdata.org/dataset/d1280be9-71e4-418c-b08c-1670651a3c78/resource/93401ae0-bf95-4a85-89b2-f9587e18b8d3/download/internal-displacements-new-displacements-idps_ukr.csv,2026-05-24T23:39:55.112859,2026-09-06T11:42:36.371537+00:00,False,"{""cause_scope"": ""Annual IDPs export; separate disaster-event export not aggregated or added"", ""geographic_scope"": ""IDMC source-country territory"", ""population_denominator_compatible"": false, ""source_country_name"": ""Ukraine""}","New displacements count movements, including repeated movements by one person. Year-end stock counts people. Annual export and separate disaster-event export are not interchangeable. Geography/cause comparability not certified for cross-source inference. Missing years/counts remain missing."
UKR,2019-01-01,2019-12-31,internally_displaced_year_end_stock,730000.0,people,,,annual,idmc,GIDD annual HDX export,https://data.humdata.org/dataset/d1280be9-71e4-418c-b08c-1670651a3c78/resource/93401ae0-bf95-4a85-89b2-f9587e18b8d3/download/internal-displacements-new-displacements-idps_ukr.csv,2026-05-24T23:39:55.112859,2026-09-06T11:42:36.371537+00:00,False,"{""cause_scope"": ""Annual IDPs export; separate disaster-event export not aggregated or added"", ""geographic_scope"": ""IDMC source-country territory"", ""population_denominator_compatible"": false, ""source_country_name"": ""Ukraine""}","New displacements count movements, including repeated movements by one person. Year-end stock counts people. Annual export and separate disaster-event export are not interchangeable. Geography/cause comparability not certified for cross-source inference. Missing years/counts remain missing."
UKR,2020-01-01,2020-12-31,internal_displacements_flow,74.0,displacement movements,,,annual,idmc,GIDD annual HDX export,https://data.humdata.org/dataset/d1280be9-71e4-418c-b08c-1670651a3c78/resource/93401ae0-bf95-4a85-89b2-f9587e18b8d3/download/internal-displacements-new-displacements-idps_ukr.csv,2026-05-24T23:39:55.112859,2026-09-06T11:42:36.371537+00:00,False,"{""cause_scope"": ""Annual IDPs export; separate disaster-event export not aggregated or added"", ""geographic_scope"": ""IDMC source-country territory"", ""population_denominator_compatible"": false, ""source_country_name"": ""Ukraine""}","New displacements count movements, including repeated movements by one person. Year-end stock counts people. Annual export and separate disaster-event export are not interchangeable. Geography/cause comparability not certified for cross-source inference. Missing years/counts remain missing."
UKR,2020-01-01,2020-12-31,internally_displaced_year_end_stock,734344.0,people,,,annual,idmc,GIDD annual HDX export,https://data.humdata.org/dataset/d1280be9-71e4-418c-b08c-1670651a3c78/resource/93401ae0-bf95-4a85-89b2-f9587e18b8d3/download/internal-displacements-new-displacements-idps_ukr.csv,2026-05-24T23:39:55.112859,2026-09-06T11:42:36.371537+00:00,False,"{""cause_scope"": ""Annual IDPs export; separate disaster-event export not aggregated or added"", ""geographic_scope"": ""IDMC source-country territory"", ""population_denominator_compatible"": false, ""source_country_name"": ""Ukraine""}","New displacements count movements, including repeated movements by one person. Year-end stock counts people. Annual export and separate disaster-event export are not interchangeable. Geography/cause comparability not certified for cross-source inference. Missing years/counts remain missing."
UKR,2021-01-01,2021-12-31,internal_displacements_flow,40.0,displacement movements,,,annual,idmc,GIDD annual HDX export,https://data.humdata.org/dataset/d1280be9-71e4-418c-b08c-1670651a3c78/resource/93401ae0-bf95-4a85-89b2-f9587e18b8d3/download/internal-displacements-new-displacements-idps_ukr.csv,2026-05-24T23:39:55.112859,2026-09-06T11:42:36.371537+00:00,False,"{""cause_scope"": ""Annual IDPs export; separate disaster-event export not aggregated or added"", ""geographic_scope"": ""IDMC source-country territory"", ""population_denominator_compatible"": false, ""source_country_name"": ""Ukraine""}","New displacements count movements, including repeated movements by one person. Year-end stock counts people. Annual export and separate disaster-event export are not interchangeable. Geography/cause comparability not certified for cross-source inference. Missing years/counts remain missing."
UKR,2021-01-01,2021-12-31,internally_displaced_year_end_stock,854000.0,people,,,annual,idmc,GIDD annual HDX export,https://data.humdata.org/dataset/d1280be9-71e4-418c-b08c-1670651a3c78/resource/93401ae0-bf95-4a85-89b2-f9587e18b8d3/download/internal-displacements-new-displacements-idps_ukr.csv,2026-05-24T23:39:55.112859,2026-09-06T11:42:36.371537+00:00,False,"{""cause_scope"": ""Annual IDPs export; separate disaster-event export not aggregated or added"", ""geographic_scope"": ""IDMC source-country territory"", ""population_denominator_compatible"": false, ""source_country_name"": ""Ukraine""}","New displacements count movements, including repeated movements by one person. Year-end stock counts people. Annual export and separate disaster-event export are not interchangeable. Geography/cause comparability not certified for cross-source inference. Missing years/counts remain missing."
UKR,2022-01-01,2022-12-31,internal_displacements_flow,16870323.0,displacement movements,,,annual,idmc,GIDD annual HDX export,https://data.humdata.org/dataset/d1280be9-71e4-418c-b08c-1670651a3c78/resource/93401ae0-bf95-4a85-89b2-f9587e18b8d3/download/internal-displacements-new-displacements-idps_ukr.csv,2026-05-24T23:39:55.112859,2026-09-06T11:42:36.371537+00:00,False,"{""cause_scope"": ""Annual IDPs export; separate disaster-event export not aggregated or added"", ""geographic_scope"": ""IDMC source-country territory"", ""population_denominator_compatible"": false, ""source_country_name"": ""Ukraine""}","New displacements count movements, including repeated movements by one person. Year-end stock counts people. Annual export and separate disaster-event export are not interchangeable. Geography/cause comparability not certified for cross-source inference. Missing years/counts remain missing."
UKR,2022-01-01,2022-12-31,internally_displaced_year_end_stock,5913638.0,people,,,annual,idmc,GIDD annual HDX export,https://data.humdata.org/dataset/d1280be9-71e4-418c-b08c-1670651a3c78/resource/93401ae0-bf95-4a85-89b2-f9587e18b8d3/download/internal-displacements-new-displacements-idps_ukr.csv,2026-05-24T23:39:55.112859,2026-09-06T11:42:36.371537+00:00,False,"{""cause_scope"": ""Annual IDPs export; separate disaster-event export not aggregated or added"", ""geographic_scope"": ""IDMC source-country territory"", ""population_denominator_compatible"": false, ""source_country_name"": ""Ukraine""}","New displacements count movements, including repeated movements by one person. Year-end stock counts people. Annual export and separate disaster-event export are not interchangeable. Geography/cause comparability not certified for cross-source inference. Missing years/counts remain missing."
UKR,2023-01-01,2023-12-31,internal_displacements_flow,713911.0,displacement movements,,,annual,idmc,GIDD annual HDX export,https://data.humdata.org/dataset/d1280be9-71e4-418c-b08c-1670651a3c78/resource/93401ae0-bf95-4a85-89b2-f9587e18b8d3/download/internal-displacements-new-displacements-idps_ukr.csv,2026-05-24T23:39:55.112859,2026-09-06T11:42:36.371537+00:00,False,"{""cause_scope"": ""Annual IDPs export; separate disaster-event export not aggregated or added"", ""geographic_scope"": ""IDMC source-country territory"", ""population_denominator_compatible"": false, ""source_country_name"": ""Ukraine""}","New displacements count movements, including repeated movements by one person. Year-end stock counts people. Annual export and separate disaster-event export are not interchangeable. Geography/cause comparability not certified for cross-source inference. Missing years/counts remain missing."
UKR,2023-01-01,2023-12-31,internally_displaced_year_end_stock,3689088.0,people,,,annual,idmc,GIDD annual HDX export,https://data.humdata.org/dataset/d1280be9-71e4-418c-b08c-1670651a3c78/resource/93401ae0-bf95-4a85-89b2-f9587e18b8d3/download/internal-displacements-new-displacements-idps_ukr.csv,2026-05-24T23:39:55.112859,2026-09-06T11:42:36.371537+00:00,False,"{""cause_scope"": ""Annual IDPs export; separate disaster-event export not aggregated or added"", ""geographic_scope"": ""IDMC source-country territory"", ""population_denominator_compatible"": false, ""source_country_name"": ""Ukraine""}","New displacements count movements, including repeated movements by one person. Year-end stock counts people. Annual export and separate disaster-event export are not interchangeable. Geography/cause comparability not certified for cross-source inference. Missing years/counts remain missing."
UKR,2024-01-01,2024-12-31,internal_displacements_flow,306044.0,displacement movements,,,annual,idmc,GIDD annual HDX export,https://data.humdata.org/dataset/d1280be9-71e4-418c-b08c-1670651a3c78/resource/93401ae0-bf95-4a85-89b2-f9587e18b8d3/download/internal-displacements-new-displacements-idps_ukr.csv,2026-05-24T23:39:55.112859,2026-09-06T11:42:36.371537+00:00,False,"{""cause_scope"": ""Annual IDPs export; separate disaster-event export not aggregated or added"", ""geographic_scope"": ""IDMC source-country territory"", ""population_denominator_compatible"": false, ""source_country_name"": ""Ukraine""}","New displacements count movements, including repeated movements by one person. Year-end stock counts people. Annual export and separate disaster-event export are not interchangeable. Geography/cause comparability not certified for cross-source inference. Missing years/counts remain missing."
UKR,2024-01-01,2024-12-31,internally_displaced_year_end_stock,3665165.0,people,,,annual,idmc,GIDD annual HDX export,https://data.humdata.org/dataset/d1280be9-71e4-418c-b08c-1670651a3c78/resource/93401ae0-bf95-4a85-89b2-f9587e18b8d3/download/internal-displacements-new-displacements-idps_ukr.csv,2026-05-24T23:39:55.112859,2026-09-06T11:42:36.371537+00:00,False,"{""cause_scope"": ""Annual IDPs export; separate disaster-event export not aggregated or added"", ""geographic_scope"": ""IDMC source-country territory"", ""population_denominator_compatible"": false, ""source_country_name"": ""Ukraine""}","New displacements count movements, including repeated movements by one person. Year-end stock counts people. Annual export and separate disaster-event export are not interchangeable. Geography/cause comparability not certified for cross-source inference. Missing years/counts remain missing."
UKR,2025-01-01,2025-12-31,internal_displacements_flow,167869.0,displacement movements,,,annual,idmc,GIDD annual HDX export,https://data.humdata.org/dataset/d1280be9-71e4-418c-b08c-1670651a3c78/resource/93401ae0-bf95-4a85-89b2-f9587e18b8d3/download/internal-displacements-new-displacements-idps_ukr.csv,2026-05-24T23:39:55.112859,2026-09-06T11:42:36.371537+00:00,False,"{""cause_scope"": ""Annual IDPs export; separate disaster-event export not aggregated or added"", ""geographic_scope"": ""IDMC source-country territory"", ""population_denominator_compatible"": false, ""source_country_name"": ""Ukraine""}","New displacements count movements, including repeated movements by one person. Year-end stock counts people. Annual export and separate disaster-event export are not interchangeable. Geography/cause comparability not certified for cross-source inference. Missing years/counts remain missing."
UKR,2025-01-01,2025-12-31,internally_displaced_year_end_stock,3712000.0,people,,,annual,idmc,GIDD annual HDX export,https://data.humdata.org/dataset/d1280be9-71e4-418c-b08c-1670651a3c78/resource/93401ae0-bf95-4a85-89b2-f9587e18b8d3/download/internal-displacements-new-displacements-idps_ukr.csv,2026-05-24T23:39:55.112859,2026-09-06T11:42:36.371537+00:00,False,"{""cause_scope"": ""Annual IDPs export; separate disaster-event export not aggregated or added"", ""geographic_scope"": ""IDMC source-country territory"", ""population_denominator_compatible"": false, ""source_country_name"": ""Ukraine""}","New displacements count movements, including repeated movements by one person. Year-end stock counts people. Annual export and separate disaster-event export are not interchangeable. Geography/cause comparability not certified for cross-source inference. Missing years/counts remain missing."
YEM,2009-01-01,2009-12-31,internal_displacements_flow,150000.0,displacement movements,,,annual,idmc,GIDD annual HDX export,https://data.humdata.org/dataset/154bd394-e366-4297-b933-73c13fba45a4/resource/334f899d-c6e8-4335-9968-aa51ce88b12c/download/internal-displacements-new-displacements-idps_yem.csv,2026-05-24T23:40:13.982667,2026-09-06T11:42:36.371537+00:00,False,"{""cause_scope"": ""Annual IDPs export; separate disaster-event export not aggregated or added"", ""geographic_scope"": ""IDMC source-country territory"", ""population_denominator_compatible"": false, ""source_country_name"": ""Yemen""}","New displacements count movements, including repeated movements by one person. Year-end stock counts people. Annual export and separate disaster-event export are not interchangeable. Geography/cause comparability not certified for cross-source inference. Missing years/counts remain missing."
YEM,2009-01-01,2009-12-31,internally_displaced_year_end_stock,175000.0,people,,,annual,idmc,GIDD annual HDX export,https://data.humdata.org/dataset/154bd394-e366-4297-b933-73c13fba45a4/resource/334f899d-c6e8-4335-9968-aa51ce88b12c/download/internal-displacements-new-displacements-idps_yem.csv,2026-05-24T23:40:13.982667,2026-09-06T11:42:36.371537+00:00,False,"{""cause_scope"": ""Annual IDPs export; separate disaster-event export not aggregated or added"", ""geographic_scope"": ""IDMC source-country territory"", ""population_denominator_compatible"": false, ""source_country_name"": ""Yemen""}","New displacements count movements, including repeated movements by one person. Year-end stock counts people. Annual export and separate disaster-event export are not interchangeable. Geography/cause comparability not certified for cross-source inference. Missing years/counts remain missing."
YEM,2010-01-01,2010-12-31,internal_displacements_flow,176000.0,displacement movements,,,annual,idmc,GIDD annual HDX export,https://data.humdata.org/dataset/154bd394-e366-4297-b933-73c13fba45a4/resource/334f899d-c6e8-4335-9968-aa51ce88b12c/download/internal-displacements-new-displacements-idps_yem.csv,2026-05-24T23:40:13.982667,2026-09-06T11:42:36.371537+00:00,False,"{""cause_scope"": ""Annual IDPs export; separate disaster-event export not aggregated or added"", ""geographic_scope"": ""IDMC source-country territory"", ""population_denominator_compatible"": false, ""source_country_name"": ""Yemen""}","New displacements count movements, including repeated movements by one person. Year-end stock counts people. Annual export and separate disaster-event export are not interchangeable. Geography/cause comparability not certified for cross-source inference. Missing years/counts remain missing."
YEM,2010-01-01,2010-12-31,internally_displaced_year_end_stock,226000.0,people,,,annual,idmc,GIDD annual HDX export,https://data.humdata.org/dataset/154bd394-e366-4297-b933-73c13fba45a4/resource/334f899d-c6e8-4335-9968-aa51ce88b12c/download/internal-displacements-new-displacements-idps_yem.csv,2026-05-24T23:40:13.982667,2026-09-06T11:42:36.371537+00:00,False,"{""cause_scope"": ""Annual IDPs export; separate disaster-event export not aggregated or added"", ""geographic_scope"": ""IDMC source-country territory"", ""population_denominator_compatible"": false, ""source_country_name"": ""Yemen""}","New displacements count movements, including repeated movements by one person. Year-end stock counts people. Annual export and separate disaster-event export are not interchangeable. Geography/cause comparability not certified for cross-source inference. Missing years/counts remain missing."
YEM,2011-01-01,2011-12-31,internal_displacements_flow,175000.0,displacement movements,,,annual,idmc,GIDD annual HDX export,https://data.humdata.org/dataset/154bd394-e366-4297-b933-73c13fba45a4/resource/334f899d-c6e8-4335-9968-aa51ce88b12c/download/internal-displacements-new-displacements-idps_yem.csv,2026-05-24T23:40:13.982667,2026-09-06T11:42:36.371537+00:00,False,"{""cause_scope"": ""Annual IDPs export; separate disaster-event export not aggregated or added"", ""geographic_scope"": ""IDMC source-country territory"", ""population_denominator_compatible"": false, ""source_country_name"": ""Yemen""}","New displacements count movements, including repeated movements by one person. Year-end stock counts people. Annual export and separate disaster-event export are not interchangeable. Geography/cause comparability not certified for cross-source inference. Missing years/counts remain missing."
YEM,2011-01-01,2011-12-31,internally_displaced_year_end_stock,463500.0,people,,,annual,idmc,GIDD annual HDX export,https://data.humdata.org/dataset/154bd394-e366-4297-b933-73c13fba45a4/resource/334f899d-c6e8-4335-9968-aa51ce88b12c/download/internal-displacements-new-displacements-idps_yem.csv,2026-05-24T23:40:13.982667,2026-09-06T11:42:36.371537+00:00,False,"{""cause_scope"": ""Annual IDPs export; separate disaster-event export not aggregated or added"", ""geographic_scope"": ""IDMC source-country territory"", ""population_denominator_compatible"": false, ""source_country_name"": ""Yemen""}","New displacements count movements, including repeated movements by one person. Year-end stock counts people. Annual export and separate disaster-event export are not interchangeable. Geography/cause comparability not certified for cross-source inference. Missing years/counts remain missing."
YEM,2012-01-01,2012-12-31,internal_displacements_flow,132000.0,displacement movements,,,annual,idmc,GIDD annual HDX export,https://data.humdata.org/dataset/154bd394-e366-4297-b933-73c13fba45a4/resource/334f899d-c6e8-4335-9968-aa51ce88b12c/download/internal-displacements-new-displacements-idps_yem.csv,2026-05-24T23:40:13.982667,2026-09-06T11:42:36.371537+00:00,False,"{""cause_scope"": ""Annual IDPs export; separate disaster-event export not aggregated or added"", ""geographic_scope"": ""IDMC source-country territory"", ""population_denominator_compatible"": false, ""source_country_name"": ""Yemen""}","New displacements count movements, including repeated movements by one person. Year-end stock counts people. Annual export and separate disaster-event export are not interchangeable. Geography/cause comparability not certified for cross-source inference. Missing years/counts remain missing."
YEM,2012-01-01,2012-12-31,internally_displaced_year_end_stock,385000.0,people,,,annual,idmc,GIDD annual HDX export,https://data.humdata.org/dataset/154bd394-e366-4297-b933-73c13fba45a4/resource/334f899d-c6e8-4335-9968-aa51ce88b12c/download/internal-displacements-new-displacements-idps_yem.csv,2026-05-24T23:40:13.982667,2026-09-06T11:42:36.371537+00:00,False,"{""cause_scope"": ""Annual IDPs export; separate disaster-event export not aggregated or added"", ""geographic_scope"": ""IDMC source-country territory"", ""population_denominator_compatible"": false, ""source_country_name"": ""Yemen""}","New displacements count movements, including repeated movements by one person. Year-end stock counts people. Annual export and separate disaster-event export are not interchangeable. Geography/cause comparability not certified for cross-source inference. Missing years/counts remain missing."
YEM,2013-01-01,2013-12-31,internal_displacements_flow,20000.0,displacement movements,,,annual,idmc,GIDD annual HDX export,https://data.humdata.org/dataset/154bd394-e366-4297-b933-73c13fba45a4/resource/334f899d-c6e8-4335-9968-aa51ce88b12c/download/internal-displacements-new-displacements-idps_yem.csv,2026-05-24T23:40:13.982667,2026-09-06T11:42:36.371537+00:00,False,"{""cause_scope"": ""Annual IDPs export; separate disaster-event export not aggregated or added"", ""geographic_scope"": ""IDMC source-country territory"", ""population_denominator_compatible"": false, ""source_country_name"": ""Yemen""}","New displacements count movements, including repeated movements by one person. Year-end stock counts people. Annual export and separate disaster-event export are not interchangeable. Geography/cause comparability not certified for cross-source inference. Missing years/counts remain missing."
YEM,2013-01-01,2013-12-31,internally_displaced_year_end_stock,307000.0,people,,,annual,idmc,GIDD annual HDX export,https://data.humdata.org/dataset/154bd394-e366-4297-b933-73c13fba45a4/resource/334f899d-c6e8-4335-9968-aa51ce88b12c/download/internal-displacements-new-displacements-idps_yem.csv,2026-05-24T23:40:13.982667,2026-09-06T11:42:36.371537+00:00,False,"{""cause_scope"": ""Annual IDPs export; separate disaster-event export not aggregated or added"", ""geographic_scope"": ""IDMC source-country territory"", ""population_denominator_compatible"": false, ""source_country_name"": ""Yemen""}","New displacements count movements, including repeated movements by one person. Year-end stock counts people. Annual export and separate disaster-event export are not interchangeable. Geography/cause comparability not certified for cross-source inference. Missing years/counts remain missing."
YEM,2014-01-01,2014-12-31,internal_displacements_flow,100000.0,displacement movements,,,annual,idmc,GIDD annual HDX export,https://data.humdata.org/dataset/154bd394-e366-4297-b933-73c13fba45a4/resource/334f899d-c6e8-4335-9968-aa51ce88b12c/download/internal-displacements-new-displacements-idps_yem.csv,2026-05-24T23:40:13.982667,2026-09-06T11:42:36.371537+00:00,False,"{""cause_scope"": ""Annual IDPs export; separate disaster-event export not aggregated or added"", ""geographic_scope"": ""IDMC source-country territory"", ""population_denominator_compatible"": false, ""source_country_name"": ""Yemen""}","New displacements count movements, including repeated movements by one person. Year-end stock counts people. Annual export and separate disaster-event export are not interchangeable. Geography/cause comparability not certified for cross-source inference. Missing years/counts remain missing."
YEM,2014-01-01,2014-12-31,internally_displaced_year_end_stock,334090.0,people,,,annual,idmc,GIDD annual HDX export,https://data.humdata.org/dataset/154bd394-e366-4297-b933-73c13fba45a4/resource/334f899d-c6e8-4335-9968-aa51ce88b12c/download/internal-displacements-new-displacements-idps_yem.csv,2026-05-24T23:40:13.982667,2026-09-06T11:42:36.371537+00:00,False,"{""cause_scope"": ""Annual IDPs export; separate disaster-event export not aggregated or added"", ""geographic_scope"": ""IDMC source-country territory"", ""population_denominator_compatible"": false, ""source_country_name"": ""Yemen""}","New displacements count movements, including repeated movements by one person. Year-end stock counts people. Annual export and separate disaster-event export are not interchangeable. Geography/cause comparability not certified for cross-source inference. Missing years/counts remain missing."
YEM,2015-01-01,2015-12-31,internal_displacements_flow,2174968.0,displacement movements,,,annual,idmc,GIDD annual HDX export,https://data.humdata.org/dataset/154bd394-e366-4297-b933-73c13fba45a4/resource/334f899d-c6e8-4335-9968-aa51ce88b12c/download/internal-displacements-new-displacements-idps_yem.csv,2026-05-24T23:40:13.982667,2026-09-06T11:42:36.371537+00:00,False,"{""cause_scope"": ""Annual IDPs export; separate disaster-event export not aggregated or added"", ""geographic_scope"": ""IDMC source-country territory"", ""population_denominator_compatible"": false, ""source_country_name"": ""Yemen""}","New displacements count movements, including repeated movements by one person. Year-end stock counts people. Annual export and separate disaster-event export are not interchangeable. Geography/cause comparability not certified for cross-source inference. Missing years/counts remain missing."
YEM,2015-01-01,2015-12-31,internally_displaced_year_end_stock,2509068.0,people,,,annual,idmc,GIDD annual HDX export,https://data.humdata.org/dataset/154bd394-e366-4297-b933-73c13fba45a4/resource/334f899d-c6e8-4335-9968-aa51ce88b12c/download/internal-displacements-new-displacements-idps_yem.csv,2026-05-24T23:40:13.982667,2026-09-06T11:42:36.371537+00:00,False,"{""cause_scope"": ""Annual IDPs export; separate disaster-event export not aggregated or added"", ""geographic_scope"": ""IDMC source-country territory"", ""population_denominator_compatible"": false, ""source_country_name"": ""Yemen""}","New displacements count movements, including repeated movements by one person. Year-end stock counts people. Annual export and separate disaster-event export are not interchangeable. Geography/cause comparability not certified for cross-source inference. Missing years/counts remain missing."
YEM,2016-01-01,2016-12-31,internal_displacements_flow,477747.0,displacement movements,,,annual,idmc,GIDD annual HDX export,https://data.humdata.org/dataset/154bd394-e366-4297-b933-73c13fba45a4/resource/334f899d-c6e8-4335-9968-aa51ce88b12c/download/internal-displacements-new-displacements-idps_yem.csv,2026-05-24T23:40:13.982667,2026-09-06T11:42:36.371537+00:00,False,"{""cause_scope"": ""Annual IDPs export; separate disaster-event export not aggregated or added"", ""geographic_scope"": ""IDMC source-country territory"", ""population_denominator_compatible"": false, ""source_country_name"": ""Yemen""}","New displacements count movements, including repeated movements by one person. Year-end stock counts people. Annual export and separate disaster-event export are not interchangeable. Geography/cause comparability not certified for cross-source inference. Missing years/counts remain missing."
YEM,2016-01-01,2016-12-31,internally_displaced_year_end_stock,1973994.0,people,,,annual,idmc,GIDD annual HDX export,https://data.humdata.org/dataset/154bd394-e366-4297-b933-73c13fba45a4/resource/334f899d-c6e8-4335-9968-aa51ce88b12c/download/internal-displacements-new-displacements-idps_yem.csv,2026-05-24T23:40:13.982667,2026-09-06T11:42:36.371537+00:00,False,"{""cause_scope"": ""Annual IDPs export; separate disaster-event export not aggregated or added"", ""geographic_scope"": ""IDMC source-country territory"", ""population_denominator_compatible"": false, ""source_country_name"": ""Yemen""}","New displacements count movements, including repeated movements by one person. Year-end stock counts people. Annual export and separate disaster-event export are not interchangeable. Geography/cause comparability not certified for cross-source inference. Missing years/counts remain missing."
YEM,2017-01-01,2017-12-31,internal_displacements_flow,160178.0,displacement movements,,,annual,idmc,GIDD annual HDX export,https://data.humdata.org/dataset/154bd394-e366-4297-b933-73c13fba45a4/resource/334f899d-c6e8-4335-9968-aa51ce88b12c/download/internal-displacements-new-displacements-idps_yem.csv,2026-05-24T23:40:13.982667,2026-09-06T11:42:36.371537+00:00,False,"{""cause_scope"": ""Annual IDPs export; separate disaster-event export not aggregated or added"", ""geographic_scope"": ""IDMC source-country territory"", ""population_denominator_compatible"": false, ""source_country_name"": ""Yemen""}","New displacements count movements, including repeated movements by one person. Year-end stock counts people. Annual export and separate disaster-event export are not interchangeable. Geography/cause comparability not certified for cross-source inference. Missing years/counts remain missing."
YEM,2017-01-01,2017-12-31,internally_displaced_year_end_stock,2014026.0,people,,,annual,idmc,GIDD annual HDX export,https://data.humdata.org/dataset/154bd394-e366-4297-b933-73c13fba45a4/resource/334f899d-c6e8-4335-9968-aa51ce88b12c/download/internal-displacements-new-displacements-idps_yem.csv,2026-05-24T23:40:13.982667,2026-09-06T11:42:36.371537+00:00,False,"{""cause_scope"": ""Annual IDPs export; separate disaster-event export not aggregated or added"", ""geographic_scope"": ""IDMC source-country territory"", ""population_denominator_compatible"": false, ""source_country_name"": ""Yemen""}","New displacements count movements, including repeated movements by one person. Year-end stock counts people. Annual export and separate disaster-event export are not interchangeable. Geography/cause comparability not certified for cross-source inference. Missing years/counts remain missing."
YEM,2018-01-01,2018-12-31,internal_displacements_flow,251964.0,displacement movements,,,annual,idmc,GIDD annual HDX export,https://data.humdata.org/dataset/154bd394-e366-4297-b933-73c13fba45a4/resource/334f899d-c6e8-4335-9968-aa51ce88b12c/download/internal-displacements-new-displacements-idps_yem.csv,2026-05-24T23:40:13.982667,2026-09-06T11:42:36.371537+00:00,False,"{""cause_scope"": ""Annual IDPs export; separate disaster-event export not aggregated or added"", ""geographic_scope"": ""IDMC source-country territory"", ""population_denominator_compatible"": false, ""source_country_name"": ""Yemen""}","New displacements count movements, including repeated movements by one person. Year-end stock counts people. Annual export and separate disaster-event export are not interchangeable. Geography/cause comparability not certified for cross-source inference. Missing years/counts remain missing."
YEM,2018-01-01,2018-12-31,internally_displaced_year_end_stock,2323596.0,people,,,annual,idmc,GIDD annual HDX export,https://data.humdata.org/dataset/154bd394-e366-4297-b933-73c13fba45a4/resource/334f899d-c6e8-4335-9968-aa51ce88b12c/download/internal-displacements-new-displacements-idps_yem.csv,2026-05-24T23:40:13.982667,2026-09-06T11:42:36.371537+00:00,False,"{""cause_scope"": ""Annual IDPs export; separate disaster-event export not aggregated or added"", ""geographic_scope"": ""IDMC source-country territory"", ""population_denominator_compatible"": false, ""source_country_name"": ""Yemen""}","New displacements count movements, including repeated movements by one person. Year-end stock counts people. Annual export and separate disaster-event export are not interchangeable. Geography/cause comparability not certified for cross-source inference. Missing years/counts remain missing."
YEM,2019-01-01,2019-12-31,internal_displacements_flow,398412.0,displacement movements,,,annual,idmc,GIDD annual HDX export,https://data.humdata.org/dataset/154bd394-e366-4297-b933-73c13fba45a4/resource/334f899d-c6e8-4335-9968-aa51ce88b12c/download/internal-displacements-new-displacements-idps_yem.csv,2026-05-24T23:40:13.982667,2026-09-06T11:42:36.371537+00:00,False,"{""cause_scope"": ""Annual IDPs export; separate disaster-event export not aggregated or added"", ""geographic_scope"": ""IDMC source-country territory"", ""population_denominator_compatible"": false, ""source_country_name"": ""Yemen""}","New displacements count movements, including repeated movements by one person. Year-end stock counts people. Annual export and separate disaster-event export are not interchangeable. Geography/cause comparability not certified for cross-source inference. Missing years/counts remain missing."
YEM,2019-01-01,2019-12-31,internally_displaced_year_end_stock,3634845.0,people,,,annual,idmc,GIDD annual HDX export,https://data.humdata.org/dataset/154bd394-e366-4297-b933-73c13fba45a4/resource/334f899d-c6e8-4335-9968-aa51ce88b12c/download/internal-displacements-new-displacements-idps_yem.csv,2026-05-24T23:40:13.982667,2026-09-06T11:42:36.371537+00:00,False,"{""cause_scope"": ""Annual IDPs export; separate disaster-event export not aggregated or added"", ""geographic_scope"": ""IDMC source-country territory"", ""population_denominator_compatible"": false, ""source_country_name"": ""Yemen""}","New displacements count movements, including repeated movements by one person. Year-end stock counts people. Annual export and separate disaster-event export are not interchangeable. Geography/cause comparability not certified for cross-source inference. Missing years/counts remain missing."
YEM,2020-01-01,2020-12-31,internal_displacements_flow,142884.0,displacement movements,,,annual,idmc,GIDD annual HDX export,https://data.humdata.org/dataset/154bd394-e366-4297-b933-73c13fba45a4/resource/334f899d-c6e8-4335-9968-aa51ce88b12c/download/internal-displacements-new-displacements-idps_yem.csv,2026-05-24T23:40:13.982667,2026-09-06T11:42:36.371537+00:00,False,"{""cause_scope"": ""Annual IDPs export; separate disaster-event export not aggregated or added"", ""geographic_scope"": ""IDMC source-country territory"", ""population_denominator_compatible"": false, ""source_country_name"": ""Yemen""}","New displacements count movements, including repeated movements by one person. Year-end stock counts people. Annual export and separate disaster-event export are not interchangeable. Geography/cause comparability not certified for cross-source inference. Missing years/counts remain missing."
YEM,2020-01-01,2020-12-31,internally_displaced_year_end_stock,3634845.0,people,,,annual,idmc,GIDD annual HDX export,https://data.humdata.org/dataset/154bd394-e366-4297-b933-73c13fba45a4/resource/334f899d-c6e8-4335-9968-aa51ce88b12c/download/internal-displacements-new-displacements-idps_yem.csv,2026-05-24T23:40:13.982667,2026-09-06T11:42:36.371537+00:00,False,"{""cause_scope"": ""Annual IDPs export; separate disaster-event export not aggregated or added"", ""geographic_scope"": ""IDMC source-country territory"", ""population_denominator_compatible"": false, ""source_country_name"": ""Yemen""}","New displacements count movements, including repeated movements by one person. Year-end stock counts people. Annual export and separate disaster-event export are not interchangeable. Geography/cause comparability not certified for cross-source inference. Missing years/counts remain missing."
YEM,2021-01-01,2021-12-31,internal_displacements_flow,376663.0,displacement movements,,,annual,idmc,GIDD annual HDX export,https://data.humdata.org/dataset/154bd394-e366-4297-b933-73c13fba45a4/resource/334f899d-c6e8-4335-9968-aa51ce88b12c/download/internal-displacements-new-displacements-idps_yem.csv,2026-05-24T23:40:13.982667,2026-09-06T11:42:36.371537+00:00,False,"{""cause_scope"": ""Annual IDPs export; separate disaster-event export not aggregated or added"", ""geographic_scope"": ""IDMC source-country territory"", ""population_denominator_compatible"": false, ""source_country_name"": ""Yemen""}","New displacements count movements, including repeated movements by one person. Year-end stock counts people. Annual export and separate disaster-event export are not interchangeable. Geography/cause comparability not certified for cross-source inference. Missing years/counts remain missing."
YEM,2021-01-01,2021-12-31,internally_displaced_year_end_stock,4288739.0,people,,,annual,idmc,GIDD annual HDX export,https://data.humdata.org/dataset/154bd394-e366-4297-b933-73c13fba45a4/resource/334f899d-c6e8-4335-9968-aa51ce88b12c/download/internal-displacements-new-displacements-idps_yem.csv,2026-05-24T23:40:13.982667,2026-09-06T11:42:36.371537+00:00,False,"{""cause_scope"": ""Annual IDPs export; separate disaster-event export not aggregated or added"", ""geographic_scope"": ""IDMC source-country territory"", ""population_denominator_compatible"": false, ""source_country_name"": ""Yemen""}","New displacements count movements, including repeated movements by one person. Year-end stock counts people. Annual export and separate disaster-event export are not interchangeable. Geography/cause comparability not certified for cross-source inference. Missing years/counts remain missing."
YEM,2022-01-01,2022-12-31,internal_displacements_flow,275814.0,displacement movements,,,annual,idmc,GIDD annual HDX export,https://data.humdata.org/dataset/154bd394-e366-4297-b933-73c13fba45a4/resource/334f899d-c6e8-4335-9968-aa51ce88b12c/download/internal-displacements-new-displacements-idps_yem.csv,2026-05-24T23:40:13.982667,2026-09-06T11:42:36.371537+00:00,False,"{""cause_scope"": ""Annual IDPs export; separate disaster-event export not aggregated or added"", ""geographic_scope"": ""IDMC source-country territory"", ""population_denominator_compatible"": false, ""source_country_name"": ""Yemen""}","New displacements count movements, including repeated movements by one person. Year-end stock counts people. Annual export and separate disaster-event export are not interchangeable. Geography/cause comparability not certified for cross-source inference. Missing years/counts remain missing."
YEM,2022-01-01,2022-12-31,internally_displaced_year_end_stock,4523022.0,people,,,annual,idmc,GIDD annual HDX export,https://data.humdata.org/dataset/154bd394-e366-4297-b933-73c13fba45a4/resource/334f899d-c6e8-4335-9968-aa51ce88b12c/download/internal-displacements-new-displacements-idps_yem.csv,2026-05-24T23:40:13.982667,2026-09-06T11:42:36.371537+00:00,False,"{""cause_scope"": ""Annual IDPs export; separate disaster-event export not aggregated or added"", ""geographic_scope"": ""IDMC source-country territory"", ""population_denominator_compatible"": false, ""source_country_name"": ""Yemen""}","New displacements count movements, including repeated movements by one person. Year-end stock counts people. Annual export and separate disaster-event export are not interchangeable. Geography/cause comparability not certified for cross-source inference. Missing years/counts remain missing."
YEM,2023-01-01,2023-12-31,internal_displacements_flow,79828.0,displacement movements,,,annual,idmc,GIDD annual HDX export,https://data.humdata.org/dataset/154bd394-e366-4297-b933-73c13fba45a4/resource/334f899d-c6e8-4335-9968-aa51ce88b12c/download/internal-displacements-new-displacements-idps_yem.csv,2026-05-24T23:40:13.982667,2026-09-06T11:42:36.371537+00:00,False,"{""cause_scope"": ""Annual IDPs export; separate disaster-event export not aggregated or added"", ""geographic_scope"": ""IDMC source-country territory"", ""population_denominator_compatible"": false, ""source_country_name"": ""Yemen""}","New displacements count movements, including repeated movements by one person. Year-end stock counts people. Annual export and separate disaster-event export are not interchangeable. Geography/cause comparability not certified for cross-source inference. Missing years/counts remain missing."
YEM,2023-01-01,2023-12-31,internally_displaced_year_end_stock,4516341.0,people,,,annual,idmc,GIDD annual HDX export,https://data.humdata.org/dataset/154bd394-e366-4297-b933-73c13fba45a4/resource/334f899d-c6e8-4335-9968-aa51ce88b12c/download/internal-displacements-new-displacements-idps_yem.csv,2026-05-24T23:40:13.982667,2026-09-06T11:42:36.371537+00:00,False,"{""cause_scope"": ""Annual IDPs export; separate disaster-event export not aggregated or added"", ""geographic_scope"": ""IDMC source-country territory"", ""population_denominator_compatible"": false, ""source_country_name"": ""Yemen""}","New displacements count movements, including repeated movements by one person. Year-end stock counts people. Annual export and separate disaster-event export are not interchangeable. Geography/cause comparability not certified for cross-source inference. Missing years/counts remain missing."
YEM,2024-01-01,2024-12-31,internal_displacements_flow,36442.0,displacement movements,,,annual,idmc,GIDD annual HDX export,https://data.humdata.org/dataset/154bd394-e366-4297-b933-73c13fba45a4/resource/334f899d-c6e8-4335-9968-aa51ce88b12c/download/internal-displacements-new-displacements-idps_yem.csv,2026-05-24T23:40:13.982667,2026-09-06T11:42:36.371537+00:00,False,"{""cause_scope"": ""Annual IDPs export; separate disaster-event export not aggregated or added"", ""geographic_scope"": ""IDMC source-country territory"", ""population_denominator_compatible"": false, ""source_country_name"": ""Yemen""}","New displacements count movements, including repeated movements by one person. Year-end stock counts people. Annual export and separate disaster-event export are not interchangeable. Geography/cause comparability not certified for cross-source inference. Missing years/counts remain missing."
YEM,2024-01-01,2024-12-31,internally_displaced_year_end_stock,4795983.0,people,,,annual,idmc,GIDD annual HDX export,https://data.humdata.org/dataset/154bd394-e366-4297-b933-73c13fba45a4/resource/334f899d-c6e8-4335-9968-aa51ce88b12c/download/internal-displacements-new-displacements-idps_yem.csv,2026-05-24T23:40:13.982667,2026-09-06T11:42:36.371537+00:00,False,"{""cause_scope"": ""Annual IDPs export; separate disaster-event export not aggregated or added"", ""geographic_scope"": ""IDMC source-country territory"", ""population_denominator_compatible"": false, ""source_country_name"": ""Yemen""}","New displacements count movements, including repeated movements by one person. Year-end stock counts people. Annual export and separate disaster-event export are not interchangeable. Geography/cause comparability not certified for cross-source inference. Missing years/counts remain missing."
YEM,2025-01-01,2025-12-31,internal_displacements_flow,56798.0,displacement movements,,,annual,idmc,GIDD annual HDX export,https://data.humdata.org/dataset/154bd394-e366-4297-b933-73c13fba45a4/resource/334f899d-c6e8-4335-9968-aa51ce88b12c/download/internal-displacements-new-displacements-idps_yem.csv,2026-05-24T23:40:13.982667,2026-09-06T11:42:36.371537+00:00,False,"{""cause_scope"": ""Annual IDPs export; separate disaster-event export not aggregated or added"", ""geographic_scope"": ""IDMC source-country territory"", ""population_denominator_compatible"": false, ""source_country_name"": ""Yemen""}","New displacements count movements, including repeated movements by one person. Year-end stock counts people. Annual export and separate disaster-event export are not interchangeable. Geography/cause comparability not certified for cross-source inference. Missing years/counts remain missing."
YEM,2025-01-01,2025-12-31,internally_displaced_year_end_stock,4795983.0,people,,,annual,idmc,GIDD annual HDX export,https://data.humdata.org/dataset/154bd394-e366-4297-b933-73c13fba45a4/resource/334f899d-c6e8-4335-9968-aa51ce88b12c/download/internal-displacements-new-displacements-idps_yem.csv,2026-05-24T23:40:13.982667,2026-09-06T11:42:36.371537+00:00,False,"{""cause_scope"": ""Annual IDPs export; separate disaster-event export not aggregated or added"", ""geographic_scope"": ""IDMC source-country territory"", ""population_denominator_compatible"": false, ""source_country_name"": ""Yemen""}","New displacements count movements, including repeated movements by one person. Year-end stock counts people. Annual export and separate disaster-event export are not interchangeable. Geography/cause comparability not certified for cross-source inference. Missing years/counts remain missing."
