country,period_start,period_end,metric,value,unit,numerator,denominator,frequency,source_id,source_version,source_url,published_at,fetched_at,provisional,dimensions,quality_note
ETH,2000-01-01,2000-12-31,conflict_battle_deaths,48257.0,deaths,,,annual,ucdp,26.1,https://ucdp.uu.se/downloads/organizedviolencecy/organizedviolencecy-261-csv.zip,,2026-09-07T11:32:05.412663+00:00,False,"{""geographic_scope"": ""UCDP source-country territory"", ""population_denominator_compatible"": true, ""source_country_id"": 530, ""source_country_name"": ""Ethiopia""}",UCDP territory-coded best estimate; not intensity-band floor. Israel/Palestine source unit and pre-2012 Sudan are excluded from unmatched WDI population rates.
ETH,2000-01-01,2000-12-31,conflict_civilian_targeting_deaths,0.0,deaths,,,annual,ucdp,26.1,https://ucdp.uu.se/downloads/organizedviolencecy/organizedviolencecy-261-csv.zip,,2026-09-07T11:32:05.412663+00:00,False,"{""geographic_scope"": ""UCDP source-country territory"", ""population_denominator_compatible"": true, ""source_country_id"": 530, ""source_country_name"": ""Ethiopia""}",UCDP territory-coded best estimate; not intensity-band floor. Israel/Palestine source unit and pre-2012 Sudan are excluded from unmatched WDI population rates.
ETH,2000-01-01,2000-12-31,conflict_nonstate_deaths,409.0,deaths,,,annual,ucdp,26.1,https://ucdp.uu.se/downloads/organizedviolencecy/organizedviolencecy-261-csv.zip,,2026-09-07T11:32:05.412663+00:00,False,"{""geographic_scope"": ""UCDP source-country territory"", ""population_denominator_compatible"": true, ""source_country_id"": 530, ""source_country_name"": ""Ethiopia""}",UCDP territory-coded best estimate; not intensity-band floor. Israel/Palestine source unit and pre-2012 Sudan are excluded from unmatched WDI population rates.
ETH,2000-01-01,2000-12-31,conflict_total_deaths,48666.0,deaths,,,annual,ucdp,26.1,https://ucdp.uu.se/downloads/organizedviolencecy/organizedviolencecy-261-csv.zip,,2026-09-07T11:32:05.412663+00:00,False,"{""geographic_scope"": ""UCDP source-country territory"", ""population_denominator_compatible"": true, ""source_country_id"": 530, ""source_country_name"": ""Ethiopia""}",UCDP territory-coded best estimate; not intensity-band floor. Israel/Palestine source unit and pre-2012 Sudan are excluded from unmatched WDI population rates.
ETH,2001-01-01,2001-12-31,conflict_battle_deaths,40.0,deaths,,,annual,ucdp,26.1,https://ucdp.uu.se/downloads/organizedviolencecy/organizedviolencecy-261-csv.zip,,2026-09-07T11:32:05.412663+00:00,False,"{""geographic_scope"": ""UCDP source-country territory"", ""population_denominator_compatible"": true, ""source_country_id"": 530, ""source_country_name"": ""Ethiopia""}",UCDP territory-coded best estimate; not intensity-band floor. Israel/Palestine source unit and pre-2012 Sudan are excluded from unmatched WDI population rates.
ETH,2001-01-01,2001-12-31,conflict_civilian_targeting_deaths,0.0,deaths,,,annual,ucdp,26.1,https://ucdp.uu.se/downloads/organizedviolencecy/organizedviolencecy-261-csv.zip,,2026-09-07T11:32:05.412663+00:00,False,"{""geographic_scope"": ""UCDP source-country territory"", ""population_denominator_compatible"": true, ""source_country_id"": 530, ""source_country_name"": ""Ethiopia""}",UCDP territory-coded best estimate; not intensity-band floor. Israel/Palestine source unit and pre-2012 Sudan are excluded from unmatched WDI population rates.
ETH,2001-01-01,2001-12-31,conflict_nonstate_deaths,348.0,deaths,,,annual,ucdp,26.1,https://ucdp.uu.se/downloads/organizedviolencecy/organizedviolencecy-261-csv.zip,,2026-09-07T11:32:05.412663+00:00,False,"{""geographic_scope"": ""UCDP source-country territory"", ""population_denominator_compatible"": true, ""source_country_id"": 530, ""source_country_name"": ""Ethiopia""}",UCDP territory-coded best estimate; not intensity-band floor. Israel/Palestine source unit and pre-2012 Sudan are excluded from unmatched WDI population rates.
ETH,2001-01-01,2001-12-31,conflict_total_deaths,388.0,deaths,,,annual,ucdp,26.1,https://ucdp.uu.se/downloads/organizedviolencecy/organizedviolencecy-261-csv.zip,,2026-09-07T11:32:05.412663+00:00,False,"{""geographic_scope"": ""UCDP source-country territory"", ""population_denominator_compatible"": true, ""source_country_id"": 530, ""source_country_name"": ""Ethiopia""}",UCDP territory-coded best estimate; not intensity-band floor. Israel/Palestine source unit and pre-2012 Sudan are excluded from unmatched WDI population rates.
ETH,2002-01-01,2002-12-31,conflict_battle_deaths,50.0,deaths,,,annual,ucdp,26.1,https://ucdp.uu.se/downloads/organizedviolencecy/organizedviolencecy-261-csv.zip,,2026-09-07T11:32:05.412663+00:00,False,"{""geographic_scope"": ""UCDP source-country territory"", ""population_denominator_compatible"": true, ""source_country_id"": 530, ""source_country_name"": ""Ethiopia""}",UCDP territory-coded best estimate; not intensity-band floor. Israel/Palestine source unit and pre-2012 Sudan are excluded from unmatched WDI population rates.
ETH,2002-01-01,2002-12-31,conflict_civilian_targeting_deaths,35.0,deaths,,,annual,ucdp,26.1,https://ucdp.uu.se/downloads/organizedviolencecy/organizedviolencecy-261-csv.zip,,2026-09-07T11:32:05.412663+00:00,False,"{""geographic_scope"": ""UCDP source-country territory"", ""population_denominator_compatible"": true, ""source_country_id"": 530, ""source_country_name"": ""Ethiopia""}",UCDP territory-coded best estimate; not intensity-band floor. Israel/Palestine source unit and pre-2012 Sudan are excluded from unmatched WDI population rates.
ETH,2002-01-01,2002-12-31,conflict_nonstate_deaths,724.0,deaths,,,annual,ucdp,26.1,https://ucdp.uu.se/downloads/organizedviolencecy/organizedviolencecy-261-csv.zip,,2026-09-07T11:32:05.412663+00:00,False,"{""geographic_scope"": ""UCDP source-country territory"", ""population_denominator_compatible"": true, ""source_country_id"": 530, ""source_country_name"": ""Ethiopia""}",UCDP territory-coded best estimate; not intensity-band floor. Israel/Palestine source unit and pre-2012 Sudan are excluded from unmatched WDI population rates.
ETH,2002-01-01,2002-12-31,conflict_total_deaths,809.0,deaths,,,annual,ucdp,26.1,https://ucdp.uu.se/downloads/organizedviolencecy/organizedviolencecy-261-csv.zip,,2026-09-07T11:32:05.412663+00:00,False,"{""geographic_scope"": ""UCDP source-country territory"", ""population_denominator_compatible"": true, ""source_country_id"": 530, ""source_country_name"": ""Ethiopia""}",UCDP territory-coded best estimate; not intensity-band floor. Israel/Palestine source unit and pre-2012 Sudan are excluded from unmatched WDI population rates.
ETH,2003-01-01,2003-12-31,conflict_battle_deaths,50.0,deaths,,,annual,ucdp,26.1,https://ucdp.uu.se/downloads/organizedviolencecy/organizedviolencecy-261-csv.zip,,2026-09-07T11:32:05.412663+00:00,False,"{""geographic_scope"": ""UCDP source-country territory"", ""population_denominator_compatible"": true, ""source_country_id"": 530, ""source_country_name"": ""Ethiopia""}",UCDP territory-coded best estimate; not intensity-band floor. Israel/Palestine source unit and pre-2012 Sudan are excluded from unmatched WDI population rates.
ETH,2003-01-01,2003-12-31,conflict_civilian_targeting_deaths,511.0,deaths,,,annual,ucdp,26.1,https://ucdp.uu.se/downloads/organizedviolencecy/organizedviolencecy-261-csv.zip,,2026-09-07T11:32:05.412663+00:00,False,"{""geographic_scope"": ""UCDP source-country territory"", ""population_denominator_compatible"": true, ""source_country_id"": 530, ""source_country_name"": ""Ethiopia""}",UCDP territory-coded best estimate; not intensity-band floor. Israel/Palestine source unit and pre-2012 Sudan are excluded from unmatched WDI population rates.
ETH,2003-01-01,2003-12-31,conflict_nonstate_deaths,532.0,deaths,,,annual,ucdp,26.1,https://ucdp.uu.se/downloads/organizedviolencecy/organizedviolencecy-261-csv.zip,,2026-09-07T11:32:05.412663+00:00,False,"{""geographic_scope"": ""UCDP source-country territory"", ""population_denominator_compatible"": true, ""source_country_id"": 530, ""source_country_name"": ""Ethiopia""}",UCDP territory-coded best estimate; not intensity-band floor. Israel/Palestine source unit and pre-2012 Sudan are excluded from unmatched WDI population rates.
ETH,2003-01-01,2003-12-31,conflict_total_deaths,1093.0,deaths,,,annual,ucdp,26.1,https://ucdp.uu.se/downloads/organizedviolencecy/organizedviolencecy-261-csv.zip,,2026-09-07T11:32:05.412663+00:00,False,"{""geographic_scope"": ""UCDP source-country territory"", ""population_denominator_compatible"": true, ""source_country_id"": 530, ""source_country_name"": ""Ethiopia""}",UCDP territory-coded best estimate; not intensity-band floor. Israel/Palestine source unit and pre-2012 Sudan are excluded from unmatched WDI population rates.
ETH,2004-01-01,2004-12-31,conflict_battle_deaths,50.0,deaths,,,annual,ucdp,26.1,https://ucdp.uu.se/downloads/organizedviolencecy/organizedviolencecy-261-csv.zip,,2026-09-07T11:32:05.412663+00:00,False,"{""geographic_scope"": ""UCDP source-country territory"", ""population_denominator_compatible"": true, ""source_country_id"": 530, ""source_country_name"": ""Ethiopia""}",UCDP territory-coded best estimate; not intensity-band floor. Israel/Palestine source unit and pre-2012 Sudan are excluded from unmatched WDI population rates.
ETH,2004-01-01,2004-12-31,conflict_civilian_targeting_deaths,244.0,deaths,,,annual,ucdp,26.1,https://ucdp.uu.se/downloads/organizedviolencecy/organizedviolencecy-261-csv.zip,,2026-09-07T11:32:05.412663+00:00,False,"{""geographic_scope"": ""UCDP source-country territory"", ""population_denominator_compatible"": true, ""source_country_id"": 530, ""source_country_name"": ""Ethiopia""}",UCDP territory-coded best estimate; not intensity-band floor. Israel/Palestine source unit and pre-2012 Sudan are excluded from unmatched WDI population rates.
ETH,2004-01-01,2004-12-31,conflict_nonstate_deaths,181.0,deaths,,,annual,ucdp,26.1,https://ucdp.uu.se/downloads/organizedviolencecy/organizedviolencecy-261-csv.zip,,2026-09-07T11:32:05.412663+00:00,False,"{""geographic_scope"": ""UCDP source-country territory"", ""population_denominator_compatible"": true, ""source_country_id"": 530, ""source_country_name"": ""Ethiopia""}",UCDP territory-coded best estimate; not intensity-band floor. Israel/Palestine source unit and pre-2012 Sudan are excluded from unmatched WDI population rates.
ETH,2004-01-01,2004-12-31,conflict_total_deaths,475.0,deaths,,,annual,ucdp,26.1,https://ucdp.uu.se/downloads/organizedviolencecy/organizedviolencecy-261-csv.zip,,2026-09-07T11:32:05.412663+00:00,False,"{""geographic_scope"": ""UCDP source-country territory"", ""population_denominator_compatible"": true, ""source_country_id"": 530, ""source_country_name"": ""Ethiopia""}",UCDP territory-coded best estimate; not intensity-band floor. Israel/Palestine source unit and pre-2012 Sudan are excluded from unmatched WDI population rates.
ETH,2005-01-01,2005-12-31,conflict_battle_deaths,83.0,deaths,,,annual,ucdp,26.1,https://ucdp.uu.se/downloads/organizedviolencecy/organizedviolencecy-261-csv.zip,,2026-09-07T11:32:05.412663+00:00,False,"{""geographic_scope"": ""UCDP source-country territory"", ""population_denominator_compatible"": true, ""source_country_id"": 530, ""source_country_name"": ""Ethiopia""}",UCDP territory-coded best estimate; not intensity-band floor. Israel/Palestine source unit and pre-2012 Sudan are excluded from unmatched WDI population rates.
ETH,2005-01-01,2005-12-31,conflict_civilian_targeting_deaths,24.0,deaths,,,annual,ucdp,26.1,https://ucdp.uu.se/downloads/organizedviolencecy/organizedviolencecy-261-csv.zip,,2026-09-07T11:32:05.412663+00:00,False,"{""geographic_scope"": ""UCDP source-country territory"", ""population_denominator_compatible"": true, ""source_country_id"": 530, ""source_country_name"": ""Ethiopia""}",UCDP territory-coded best estimate; not intensity-band floor. Israel/Palestine source unit and pre-2012 Sudan are excluded from unmatched WDI population rates.
ETH,2005-01-01,2005-12-31,conflict_nonstate_deaths,183.0,deaths,,,annual,ucdp,26.1,https://ucdp.uu.se/downloads/organizedviolencecy/organizedviolencecy-261-csv.zip,,2026-09-07T11:32:05.412663+00:00,False,"{""geographic_scope"": ""UCDP source-country territory"", ""population_denominator_compatible"": true, ""source_country_id"": 530, ""source_country_name"": ""Ethiopia""}",UCDP territory-coded best estimate; not intensity-band floor. Israel/Palestine source unit and pre-2012 Sudan are excluded from unmatched WDI population rates.
ETH,2005-01-01,2005-12-31,conflict_total_deaths,290.0,deaths,,,annual,ucdp,26.1,https://ucdp.uu.se/downloads/organizedviolencecy/organizedviolencecy-261-csv.zip,,2026-09-07T11:32:05.412663+00:00,False,"{""geographic_scope"": ""UCDP source-country territory"", ""population_denominator_compatible"": true, ""source_country_id"": 530, ""source_country_name"": ""Ethiopia""}",UCDP territory-coded best estimate; not intensity-band floor. Israel/Palestine source unit and pre-2012 Sudan are excluded from unmatched WDI population rates.
ETH,2006-01-01,2006-12-31,conflict_battle_deaths,50.0,deaths,,,annual,ucdp,26.1,https://ucdp.uu.se/downloads/organizedviolencecy/organizedviolencecy-261-csv.zip,,2026-09-07T11:32:05.412663+00:00,False,"{""geographic_scope"": ""UCDP source-country territory"", ""population_denominator_compatible"": true, ""source_country_id"": 530, ""source_country_name"": ""Ethiopia""}",UCDP territory-coded best estimate; not intensity-band floor. Israel/Palestine source unit and pre-2012 Sudan are excluded from unmatched WDI population rates.
ETH,2006-01-01,2006-12-31,conflict_civilian_targeting_deaths,20.0,deaths,,,annual,ucdp,26.1,https://ucdp.uu.se/downloads/organizedviolencecy/organizedviolencecy-261-csv.zip,,2026-09-07T11:32:05.412663+00:00,False,"{""geographic_scope"": ""UCDP source-country territory"", ""population_denominator_compatible"": true, ""source_country_id"": 530, ""source_country_name"": ""Ethiopia""}",UCDP territory-coded best estimate; not intensity-band floor. Israel/Palestine source unit and pre-2012 Sudan are excluded from unmatched WDI population rates.
ETH,2006-01-01,2006-12-31,conflict_nonstate_deaths,360.0,deaths,,,annual,ucdp,26.1,https://ucdp.uu.se/downloads/organizedviolencecy/organizedviolencecy-261-csv.zip,,2026-09-07T11:32:05.412663+00:00,False,"{""geographic_scope"": ""UCDP source-country territory"", ""population_denominator_compatible"": true, ""source_country_id"": 530, ""source_country_name"": ""Ethiopia""}",UCDP territory-coded best estimate; not intensity-band floor. Israel/Palestine source unit and pre-2012 Sudan are excluded from unmatched WDI population rates.
ETH,2006-01-01,2006-12-31,conflict_total_deaths,430.0,deaths,,,annual,ucdp,26.1,https://ucdp.uu.se/downloads/organizedviolencecy/organizedviolencecy-261-csv.zip,,2026-09-07T11:32:05.412663+00:00,False,"{""geographic_scope"": ""UCDP source-country territory"", ""population_denominator_compatible"": true, ""source_country_id"": 530, ""source_country_name"": ""Ethiopia""}",UCDP territory-coded best estimate; not intensity-band floor. Israel/Palestine source unit and pre-2012 Sudan are excluded from unmatched WDI population rates.
ETH,2007-01-01,2007-12-31,conflict_battle_deaths,177.0,deaths,,,annual,ucdp,26.1,https://ucdp.uu.se/downloads/organizedviolencecy/organizedviolencecy-261-csv.zip,,2026-09-07T11:32:05.412663+00:00,False,"{""geographic_scope"": ""UCDP source-country territory"", ""population_denominator_compatible"": true, ""source_country_id"": 530, ""source_country_name"": ""Ethiopia""}",UCDP territory-coded best estimate; not intensity-band floor. Israel/Palestine source unit and pre-2012 Sudan are excluded from unmatched WDI population rates.
ETH,2007-01-01,2007-12-31,conflict_civilian_targeting_deaths,235.0,deaths,,,annual,ucdp,26.1,https://ucdp.uu.se/downloads/organizedviolencecy/organizedviolencecy-261-csv.zip,,2026-09-07T11:32:05.412663+00:00,False,"{""geographic_scope"": ""UCDP source-country territory"", ""population_denominator_compatible"": true, ""source_country_id"": 530, ""source_country_name"": ""Ethiopia""}",UCDP territory-coded best estimate; not intensity-band floor. Israel/Palestine source unit and pre-2012 Sudan are excluded from unmatched WDI population rates.
ETH,2007-01-01,2007-12-31,conflict_nonstate_deaths,88.0,deaths,,,annual,ucdp,26.1,https://ucdp.uu.se/downloads/organizedviolencecy/organizedviolencecy-261-csv.zip,,2026-09-07T11:32:05.412663+00:00,False,"{""geographic_scope"": ""UCDP source-country territory"", ""population_denominator_compatible"": true, ""source_country_id"": 530, ""source_country_name"": ""Ethiopia""}",UCDP territory-coded best estimate; not intensity-band floor. Israel/Palestine source unit and pre-2012 Sudan are excluded from unmatched WDI population rates.
ETH,2007-01-01,2007-12-31,conflict_total_deaths,500.0,deaths,,,annual,ucdp,26.1,https://ucdp.uu.se/downloads/organizedviolencecy/organizedviolencecy-261-csv.zip,,2026-09-07T11:32:05.412663+00:00,False,"{""geographic_scope"": ""UCDP source-country territory"", ""population_denominator_compatible"": true, ""source_country_id"": 530, ""source_country_name"": ""Ethiopia""}",UCDP territory-coded best estimate; not intensity-band floor. Israel/Palestine source unit and pre-2012 Sudan are excluded from unmatched WDI population rates.
ETH,2008-01-01,2008-12-31,conflict_battle_deaths,50.0,deaths,,,annual,ucdp,26.1,https://ucdp.uu.se/downloads/organizedviolencecy/organizedviolencecy-261-csv.zip,,2026-09-07T11:32:05.412663+00:00,False,"{""geographic_scope"": ""UCDP source-country territory"", ""population_denominator_compatible"": true, ""source_country_id"": 530, ""source_country_name"": ""Ethiopia""}",UCDP territory-coded best estimate; not intensity-band floor. Israel/Palestine source unit and pre-2012 Sudan are excluded from unmatched WDI population rates.
ETH,2008-01-01,2008-12-31,conflict_civilian_targeting_deaths,1.0,deaths,,,annual,ucdp,26.1,https://ucdp.uu.se/downloads/organizedviolencecy/organizedviolencecy-261-csv.zip,,2026-09-07T11:32:05.412663+00:00,False,"{""geographic_scope"": ""UCDP source-country territory"", ""population_denominator_compatible"": true, ""source_country_id"": 530, ""source_country_name"": ""Ethiopia""}",UCDP territory-coded best estimate; not intensity-band floor. Israel/Palestine source unit and pre-2012 Sudan are excluded from unmatched WDI population rates.
ETH,2008-01-01,2008-12-31,conflict_nonstate_deaths,260.0,deaths,,,annual,ucdp,26.1,https://ucdp.uu.se/downloads/organizedviolencecy/organizedviolencecy-261-csv.zip,,2026-09-07T11:32:05.412663+00:00,False,"{""geographic_scope"": ""UCDP source-country territory"", ""population_denominator_compatible"": true, ""source_country_id"": 530, ""source_country_name"": ""Ethiopia""}",UCDP territory-coded best estimate; not intensity-band floor. Israel/Palestine source unit and pre-2012 Sudan are excluded from unmatched WDI population rates.
ETH,2008-01-01,2008-12-31,conflict_total_deaths,311.0,deaths,,,annual,ucdp,26.1,https://ucdp.uu.se/downloads/organizedviolencecy/organizedviolencecy-261-csv.zip,,2026-09-07T11:32:05.412663+00:00,False,"{""geographic_scope"": ""UCDP source-country territory"", ""population_denominator_compatible"": true, ""source_country_id"": 530, ""source_country_name"": ""Ethiopia""}",UCDP territory-coded best estimate; not intensity-band floor. Israel/Palestine source unit and pre-2012 Sudan are excluded from unmatched WDI population rates.
ETH,2009-01-01,2009-12-31,conflict_battle_deaths,515.0,deaths,,,annual,ucdp,26.1,https://ucdp.uu.se/downloads/organizedviolencecy/organizedviolencecy-261-csv.zip,,2026-09-07T11:32:05.412663+00:00,False,"{""geographic_scope"": ""UCDP source-country territory"", ""population_denominator_compatible"": true, ""source_country_id"": 530, ""source_country_name"": ""Ethiopia""}",UCDP territory-coded best estimate; not intensity-band floor. Israel/Palestine source unit and pre-2012 Sudan are excluded from unmatched WDI population rates.
ETH,2009-01-01,2009-12-31,conflict_civilian_targeting_deaths,0.0,deaths,,,annual,ucdp,26.1,https://ucdp.uu.se/downloads/organizedviolencecy/organizedviolencecy-261-csv.zip,,2026-09-07T11:32:05.412663+00:00,False,"{""geographic_scope"": ""UCDP source-country territory"", ""population_denominator_compatible"": true, ""source_country_id"": 530, ""source_country_name"": ""Ethiopia""}",UCDP territory-coded best estimate; not intensity-band floor. Israel/Palestine source unit and pre-2012 Sudan are excluded from unmatched WDI population rates.
ETH,2009-01-01,2009-12-31,conflict_nonstate_deaths,75.0,deaths,,,annual,ucdp,26.1,https://ucdp.uu.se/downloads/organizedviolencecy/organizedviolencecy-261-csv.zip,,2026-09-07T11:32:05.412663+00:00,False,"{""geographic_scope"": ""UCDP source-country territory"", ""population_denominator_compatible"": true, ""source_country_id"": 530, ""source_country_name"": ""Ethiopia""}",UCDP territory-coded best estimate; not intensity-band floor. Israel/Palestine source unit and pre-2012 Sudan are excluded from unmatched WDI population rates.
ETH,2009-01-01,2009-12-31,conflict_total_deaths,590.0,deaths,,,annual,ucdp,26.1,https://ucdp.uu.se/downloads/organizedviolencecy/organizedviolencecy-261-csv.zip,,2026-09-07T11:32:05.412663+00:00,False,"{""geographic_scope"": ""UCDP source-country territory"", ""population_denominator_compatible"": true, ""source_country_id"": 530, ""source_country_name"": ""Ethiopia""}",UCDP territory-coded best estimate; not intensity-band floor. Israel/Palestine source unit and pre-2012 Sudan are excluded from unmatched WDI population rates.
ETH,2010-01-01,2010-12-31,conflict_battle_deaths,151.0,deaths,,,annual,ucdp,26.1,https://ucdp.uu.se/downloads/organizedviolencecy/organizedviolencecy-261-csv.zip,,2026-09-07T11:32:05.412663+00:00,False,"{""geographic_scope"": ""UCDP source-country territory"", ""population_denominator_compatible"": true, ""source_country_id"": 530, ""source_country_name"": ""Ethiopia""}",UCDP territory-coded best estimate; not intensity-band floor. Israel/Palestine source unit and pre-2012 Sudan are excluded from unmatched WDI population rates.
ETH,2010-01-01,2010-12-31,conflict_civilian_targeting_deaths,0.0,deaths,,,annual,ucdp,26.1,https://ucdp.uu.se/downloads/organizedviolencecy/organizedviolencecy-261-csv.zip,,2026-09-07T11:32:05.412663+00:00,False,"{""geographic_scope"": ""UCDP source-country territory"", ""population_denominator_compatible"": true, ""source_country_id"": 530, ""source_country_name"": ""Ethiopia""}",UCDP territory-coded best estimate; not intensity-band floor. Israel/Palestine source unit and pre-2012 Sudan are excluded from unmatched WDI population rates.
ETH,2010-01-01,2010-12-31,conflict_nonstate_deaths,1.0,deaths,,,annual,ucdp,26.1,https://ucdp.uu.se/downloads/organizedviolencecy/organizedviolencecy-261-csv.zip,,2026-09-07T11:32:05.412663+00:00,False,"{""geographic_scope"": ""UCDP source-country territory"", ""population_denominator_compatible"": true, ""source_country_id"": 530, ""source_country_name"": ""Ethiopia""}",UCDP territory-coded best estimate; not intensity-band floor. Israel/Palestine source unit and pre-2012 Sudan are excluded from unmatched WDI population rates.
ETH,2010-01-01,2010-12-31,conflict_total_deaths,152.0,deaths,,,annual,ucdp,26.1,https://ucdp.uu.se/downloads/organizedviolencecy/organizedviolencecy-261-csv.zip,,2026-09-07T11:32:05.412663+00:00,False,"{""geographic_scope"": ""UCDP source-country territory"", ""population_denominator_compatible"": true, ""source_country_id"": 530, ""source_country_name"": ""Ethiopia""}",UCDP territory-coded best estimate; not intensity-band floor. Israel/Palestine source unit and pre-2012 Sudan are excluded from unmatched WDI population rates.
ETH,2011-01-01,2011-12-31,conflict_battle_deaths,51.0,deaths,,,annual,ucdp,26.1,https://ucdp.uu.se/downloads/organizedviolencecy/organizedviolencecy-261-csv.zip,,2026-09-07T11:32:05.412663+00:00,False,"{""geographic_scope"": ""UCDP source-country territory"", ""population_denominator_compatible"": true, ""source_country_id"": 530, ""source_country_name"": ""Ethiopia""}",UCDP territory-coded best estimate; not intensity-band floor. Israel/Palestine source unit and pre-2012 Sudan are excluded from unmatched WDI population rates.
ETH,2011-01-01,2011-12-31,conflict_civilian_targeting_deaths,0.0,deaths,,,annual,ucdp,26.1,https://ucdp.uu.se/downloads/organizedviolencecy/organizedviolencecy-261-csv.zip,,2026-09-07T11:32:05.412663+00:00,False,"{""geographic_scope"": ""UCDP source-country territory"", ""population_denominator_compatible"": true, ""source_country_id"": 530, ""source_country_name"": ""Ethiopia""}",UCDP territory-coded best estimate; not intensity-band floor. Israel/Palestine source unit and pre-2012 Sudan are excluded from unmatched WDI population rates.
ETH,2011-01-01,2011-12-31,conflict_nonstate_deaths,15.0,deaths,,,annual,ucdp,26.1,https://ucdp.uu.se/downloads/organizedviolencecy/organizedviolencecy-261-csv.zip,,2026-09-07T11:32:05.412663+00:00,False,"{""geographic_scope"": ""UCDP source-country territory"", ""population_denominator_compatible"": true, ""source_country_id"": 530, ""source_country_name"": ""Ethiopia""}",UCDP territory-coded best estimate; not intensity-band floor. Israel/Palestine source unit and pre-2012 Sudan are excluded from unmatched WDI population rates.
ETH,2011-01-01,2011-12-31,conflict_total_deaths,66.0,deaths,,,annual,ucdp,26.1,https://ucdp.uu.se/downloads/organizedviolencecy/organizedviolencecy-261-csv.zip,,2026-09-07T11:32:05.412663+00:00,False,"{""geographic_scope"": ""UCDP source-country territory"", ""population_denominator_compatible"": true, ""source_country_id"": 530, ""source_country_name"": ""Ethiopia""}",UCDP territory-coded best estimate; not intensity-band floor. Israel/Palestine source unit and pre-2012 Sudan are excluded from unmatched WDI population rates.
ETH,2012-01-01,2012-12-31,conflict_battle_deaths,50.0,deaths,,,annual,ucdp,26.1,https://ucdp.uu.se/downloads/organizedviolencecy/organizedviolencecy-261-csv.zip,,2026-09-07T11:32:05.412663+00:00,False,"{""geographic_scope"": ""UCDP source-country territory"", ""population_denominator_compatible"": true, ""source_country_id"": 530, ""source_country_name"": ""Ethiopia""}",UCDP territory-coded best estimate; not intensity-band floor. Israel/Palestine source unit and pre-2012 Sudan are excluded from unmatched WDI population rates.
ETH,2012-01-01,2012-12-31,conflict_civilian_targeting_deaths,88.0,deaths,,,annual,ucdp,26.1,https://ucdp.uu.se/downloads/organizedviolencecy/organizedviolencecy-261-csv.zip,,2026-09-07T11:32:05.412663+00:00,False,"{""geographic_scope"": ""UCDP source-country territory"", ""population_denominator_compatible"": true, ""source_country_id"": 530, ""source_country_name"": ""Ethiopia""}",UCDP territory-coded best estimate; not intensity-band floor. Israel/Palestine source unit and pre-2012 Sudan are excluded from unmatched WDI population rates.
ETH,2012-01-01,2012-12-31,conflict_nonstate_deaths,253.0,deaths,,,annual,ucdp,26.1,https://ucdp.uu.se/downloads/organizedviolencecy/organizedviolencecy-261-csv.zip,,2026-09-07T11:32:05.412663+00:00,False,"{""geographic_scope"": ""UCDP source-country territory"", ""population_denominator_compatible"": true, ""source_country_id"": 530, ""source_country_name"": ""Ethiopia""}",UCDP territory-coded best estimate; not intensity-band floor. Israel/Palestine source unit and pre-2012 Sudan are excluded from unmatched WDI population rates.
ETH,2012-01-01,2012-12-31,conflict_total_deaths,391.0,deaths,,,annual,ucdp,26.1,https://ucdp.uu.se/downloads/organizedviolencecy/organizedviolencecy-261-csv.zip,,2026-09-07T11:32:05.412663+00:00,False,"{""geographic_scope"": ""UCDP source-country territory"", ""population_denominator_compatible"": true, ""source_country_id"": 530, ""source_country_name"": ""Ethiopia""}",UCDP territory-coded best estimate; not intensity-band floor. Israel/Palestine source unit and pre-2012 Sudan are excluded from unmatched WDI population rates.
ETH,2013-01-01,2013-12-31,conflict_battle_deaths,77.0,deaths,,,annual,ucdp,26.1,https://ucdp.uu.se/downloads/organizedviolencecy/organizedviolencecy-261-csv.zip,,2026-09-07T11:32:05.412663+00:00,False,"{""geographic_scope"": ""UCDP source-country territory"", ""population_denominator_compatible"": true, ""source_country_id"": 530, ""source_country_name"": ""Ethiopia""}",UCDP territory-coded best estimate; not intensity-band floor. Israel/Palestine source unit and pre-2012 Sudan are excluded from unmatched WDI population rates.
ETH,2013-01-01,2013-12-31,conflict_civilian_targeting_deaths,11.0,deaths,,,annual,ucdp,26.1,https://ucdp.uu.se/downloads/organizedviolencecy/organizedviolencecy-261-csv.zip,,2026-09-07T11:32:05.412663+00:00,False,"{""geographic_scope"": ""UCDP source-country territory"", ""population_denominator_compatible"": true, ""source_country_id"": 530, ""source_country_name"": ""Ethiopia""}",UCDP territory-coded best estimate; not intensity-band floor. Israel/Palestine source unit and pre-2012 Sudan are excluded from unmatched WDI population rates.
ETH,2013-01-01,2013-12-31,conflict_nonstate_deaths,0.0,deaths,,,annual,ucdp,26.1,https://ucdp.uu.se/downloads/organizedviolencecy/organizedviolencecy-261-csv.zip,,2026-09-07T11:32:05.412663+00:00,False,"{""geographic_scope"": ""UCDP source-country territory"", ""population_denominator_compatible"": true, ""source_country_id"": 530, ""source_country_name"": ""Ethiopia""}",UCDP territory-coded best estimate; not intensity-band floor. Israel/Palestine source unit and pre-2012 Sudan are excluded from unmatched WDI population rates.
ETH,2013-01-01,2013-12-31,conflict_total_deaths,88.0,deaths,,,annual,ucdp,26.1,https://ucdp.uu.se/downloads/organizedviolencecy/organizedviolencecy-261-csv.zip,,2026-09-07T11:32:05.412663+00:00,False,"{""geographic_scope"": ""UCDP source-country territory"", ""population_denominator_compatible"": true, ""source_country_id"": 530, ""source_country_name"": ""Ethiopia""}",UCDP territory-coded best estimate; not intensity-band floor. Israel/Palestine source unit and pre-2012 Sudan are excluded from unmatched WDI population rates.
ETH,2014-01-01,2014-12-31,conflict_battle_deaths,30.0,deaths,,,annual,ucdp,26.1,https://ucdp.uu.se/downloads/organizedviolencecy/organizedviolencecy-261-csv.zip,,2026-09-07T11:32:05.412663+00:00,False,"{""geographic_scope"": ""UCDP source-country territory"", ""population_denominator_compatible"": true, ""source_country_id"": 530, ""source_country_name"": ""Ethiopia""}",UCDP territory-coded best estimate; not intensity-band floor. Israel/Palestine source unit and pre-2012 Sudan are excluded from unmatched WDI population rates.
ETH,2014-01-01,2014-12-31,conflict_civilian_targeting_deaths,9.0,deaths,,,annual,ucdp,26.1,https://ucdp.uu.se/downloads/organizedviolencecy/organizedviolencecy-261-csv.zip,,2026-09-07T11:32:05.412663+00:00,False,"{""geographic_scope"": ""UCDP source-country territory"", ""population_denominator_compatible"": true, ""source_country_id"": 530, ""source_country_name"": ""Ethiopia""}",UCDP territory-coded best estimate; not intensity-band floor. Israel/Palestine source unit and pre-2012 Sudan are excluded from unmatched WDI population rates.
ETH,2014-01-01,2014-12-31,conflict_nonstate_deaths,100.0,deaths,,,annual,ucdp,26.1,https://ucdp.uu.se/downloads/organizedviolencecy/organizedviolencecy-261-csv.zip,,2026-09-07T11:32:05.412663+00:00,False,"{""geographic_scope"": ""UCDP source-country territory"", ""population_denominator_compatible"": true, ""source_country_id"": 530, ""source_country_name"": ""Ethiopia""}",UCDP territory-coded best estimate; not intensity-band floor. Israel/Palestine source unit and pre-2012 Sudan are excluded from unmatched WDI population rates.
ETH,2014-01-01,2014-12-31,conflict_total_deaths,139.0,deaths,,,annual,ucdp,26.1,https://ucdp.uu.se/downloads/organizedviolencecy/organizedviolencecy-261-csv.zip,,2026-09-07T11:32:05.412663+00:00,False,"{""geographic_scope"": ""UCDP source-country territory"", ""population_denominator_compatible"": true, ""source_country_id"": 530, ""source_country_name"": ""Ethiopia""}",UCDP territory-coded best estimate; not intensity-band floor. Israel/Palestine source unit and pre-2012 Sudan are excluded from unmatched WDI population rates.
ETH,2015-01-01,2015-12-31,conflict_battle_deaths,49.0,deaths,,,annual,ucdp,26.1,https://ucdp.uu.se/downloads/organizedviolencecy/organizedviolencecy-261-csv.zip,,2026-09-07T11:32:05.412663+00:00,False,"{""geographic_scope"": ""UCDP source-country territory"", ""population_denominator_compatible"": true, ""source_country_id"": 530, ""source_country_name"": ""Ethiopia""}",UCDP territory-coded best estimate; not intensity-band floor. Israel/Palestine source unit and pre-2012 Sudan are excluded from unmatched WDI population rates.
ETH,2015-01-01,2015-12-31,conflict_civilian_targeting_deaths,258.0,deaths,,,annual,ucdp,26.1,https://ucdp.uu.se/downloads/organizedviolencecy/organizedviolencecy-261-csv.zip,,2026-09-07T11:32:05.412663+00:00,False,"{""geographic_scope"": ""UCDP source-country territory"", ""population_denominator_compatible"": true, ""source_country_id"": 530, ""source_country_name"": ""Ethiopia""}",UCDP territory-coded best estimate; not intensity-band floor. Israel/Palestine source unit and pre-2012 Sudan are excluded from unmatched WDI population rates.
ETH,2015-01-01,2015-12-31,conflict_nonstate_deaths,0.0,deaths,,,annual,ucdp,26.1,https://ucdp.uu.se/downloads/organizedviolencecy/organizedviolencecy-261-csv.zip,,2026-09-07T11:32:05.412663+00:00,False,"{""geographic_scope"": ""UCDP source-country territory"", ""population_denominator_compatible"": true, ""source_country_id"": 530, ""source_country_name"": ""Ethiopia""}",UCDP territory-coded best estimate; not intensity-band floor. Israel/Palestine source unit and pre-2012 Sudan are excluded from unmatched WDI population rates.
ETH,2015-01-01,2015-12-31,conflict_total_deaths,307.0,deaths,,,annual,ucdp,26.1,https://ucdp.uu.se/downloads/organizedviolencecy/organizedviolencecy-261-csv.zip,,2026-09-07T11:32:05.412663+00:00,False,"{""geographic_scope"": ""UCDP source-country territory"", ""population_denominator_compatible"": true, ""source_country_id"": 530, ""source_country_name"": ""Ethiopia""}",UCDP territory-coded best estimate; not intensity-band floor. Israel/Palestine source unit and pre-2012 Sudan are excluded from unmatched WDI population rates.
ETH,2016-01-01,2016-12-31,conflict_battle_deaths,50.0,deaths,,,annual,ucdp,26.1,https://ucdp.uu.se/downloads/organizedviolencecy/organizedviolencecy-261-csv.zip,,2026-09-07T11:32:05.412663+00:00,False,"{""geographic_scope"": ""UCDP source-country territory"", ""population_denominator_compatible"": true, ""source_country_id"": 530, ""source_country_name"": ""Ethiopia""}",UCDP territory-coded best estimate; not intensity-band floor. Israel/Palestine source unit and pre-2012 Sudan are excluded from unmatched WDI population rates.
ETH,2016-01-01,2016-12-31,conflict_civilian_targeting_deaths,301.0,deaths,,,annual,ucdp,26.1,https://ucdp.uu.se/downloads/organizedviolencecy/organizedviolencecy-261-csv.zip,,2026-09-07T11:32:05.412663+00:00,False,"{""geographic_scope"": ""UCDP source-country territory"", ""population_denominator_compatible"": true, ""source_country_id"": 530, ""source_country_name"": ""Ethiopia""}",UCDP territory-coded best estimate; not intensity-band floor. Israel/Palestine source unit and pre-2012 Sudan are excluded from unmatched WDI population rates.
ETH,2016-01-01,2016-12-31,conflict_nonstate_deaths,178.0,deaths,,,annual,ucdp,26.1,https://ucdp.uu.se/downloads/organizedviolencecy/organizedviolencecy-261-csv.zip,,2026-09-07T11:32:05.412663+00:00,False,"{""geographic_scope"": ""UCDP source-country territory"", ""population_denominator_compatible"": true, ""source_country_id"": 530, ""source_country_name"": ""Ethiopia""}",UCDP territory-coded best estimate; not intensity-band floor. Israel/Palestine source unit and pre-2012 Sudan are excluded from unmatched WDI population rates.
ETH,2016-01-01,2016-12-31,conflict_total_deaths,529.0,deaths,,,annual,ucdp,26.1,https://ucdp.uu.se/downloads/organizedviolencecy/organizedviolencecy-261-csv.zip,,2026-09-07T11:32:05.412663+00:00,False,"{""geographic_scope"": ""UCDP source-country territory"", ""population_denominator_compatible"": true, ""source_country_id"": 530, ""source_country_name"": ""Ethiopia""}",UCDP territory-coded best estimate; not intensity-band floor. Israel/Palestine source unit and pre-2012 Sudan are excluded from unmatched WDI population rates.
ETH,2017-01-01,2017-12-31,conflict_battle_deaths,0.0,deaths,,,annual,ucdp,26.1,https://ucdp.uu.se/downloads/organizedviolencecy/organizedviolencecy-261-csv.zip,,2026-09-07T11:32:05.412663+00:00,False,"{""geographic_scope"": ""UCDP source-country territory"", ""population_denominator_compatible"": true, ""source_country_id"": 530, ""source_country_name"": ""Ethiopia""}",UCDP territory-coded best estimate; not intensity-band floor. Israel/Palestine source unit and pre-2012 Sudan are excluded from unmatched WDI population rates.
ETH,2017-01-01,2017-12-31,conflict_civilian_targeting_deaths,173.0,deaths,,,annual,ucdp,26.1,https://ucdp.uu.se/downloads/organizedviolencecy/organizedviolencecy-261-csv.zip,,2026-09-07T11:32:05.412663+00:00,False,"{""geographic_scope"": ""UCDP source-country territory"", ""population_denominator_compatible"": true, ""source_country_id"": 530, ""source_country_name"": ""Ethiopia""}",UCDP territory-coded best estimate; not intensity-band floor. Israel/Palestine source unit and pre-2012 Sudan are excluded from unmatched WDI population rates.
ETH,2017-01-01,2017-12-31,conflict_nonstate_deaths,315.0,deaths,,,annual,ucdp,26.1,https://ucdp.uu.se/downloads/organizedviolencecy/organizedviolencecy-261-csv.zip,,2026-09-07T11:32:05.412663+00:00,False,"{""geographic_scope"": ""UCDP source-country territory"", ""population_denominator_compatible"": true, ""source_country_id"": 530, ""source_country_name"": ""Ethiopia""}",UCDP territory-coded best estimate; not intensity-band floor. Israel/Palestine source unit and pre-2012 Sudan are excluded from unmatched WDI population rates.
ETH,2017-01-01,2017-12-31,conflict_total_deaths,488.0,deaths,,,annual,ucdp,26.1,https://ucdp.uu.se/downloads/organizedviolencecy/organizedviolencecy-261-csv.zip,,2026-09-07T11:32:05.412663+00:00,False,"{""geographic_scope"": ""UCDP source-country territory"", ""population_denominator_compatible"": true, ""source_country_id"": 530, ""source_country_name"": ""Ethiopia""}",UCDP territory-coded best estimate; not intensity-band floor. Israel/Palestine source unit and pre-2012 Sudan are excluded from unmatched WDI population rates.
ETH,2018-01-01,2018-12-31,conflict_battle_deaths,18.0,deaths,,,annual,ucdp,26.1,https://ucdp.uu.se/downloads/organizedviolencecy/organizedviolencecy-261-csv.zip,,2026-09-07T11:32:05.412663+00:00,False,"{""geographic_scope"": ""UCDP source-country territory"", ""population_denominator_compatible"": true, ""source_country_id"": 530, ""source_country_name"": ""Ethiopia""}",UCDP territory-coded best estimate; not intensity-band floor. Israel/Palestine source unit and pre-2012 Sudan are excluded from unmatched WDI population rates.
ETH,2018-01-01,2018-12-31,conflict_civilian_targeting_deaths,186.0,deaths,,,annual,ucdp,26.1,https://ucdp.uu.se/downloads/organizedviolencecy/organizedviolencecy-261-csv.zip,,2026-09-07T11:32:05.412663+00:00,False,"{""geographic_scope"": ""UCDP source-country territory"", ""population_denominator_compatible"": true, ""source_country_id"": 530, ""source_country_name"": ""Ethiopia""}",UCDP territory-coded best estimate; not intensity-band floor. Israel/Palestine source unit and pre-2012 Sudan are excluded from unmatched WDI population rates.
ETH,2018-01-01,2018-12-31,conflict_nonstate_deaths,509.0,deaths,,,annual,ucdp,26.1,https://ucdp.uu.se/downloads/organizedviolencecy/organizedviolencecy-261-csv.zip,,2026-09-07T11:32:05.412663+00:00,False,"{""geographic_scope"": ""UCDP source-country territory"", ""population_denominator_compatible"": true, ""source_country_id"": 530, ""source_country_name"": ""Ethiopia""}",UCDP territory-coded best estimate; not intensity-band floor. Israel/Palestine source unit and pre-2012 Sudan are excluded from unmatched WDI population rates.
ETH,2018-01-01,2018-12-31,conflict_total_deaths,713.0,deaths,,,annual,ucdp,26.1,https://ucdp.uu.se/downloads/organizedviolencecy/organizedviolencecy-261-csv.zip,,2026-09-07T11:32:05.412663+00:00,False,"{""geographic_scope"": ""UCDP source-country territory"", ""population_denominator_compatible"": true, ""source_country_id"": 530, ""source_country_name"": ""Ethiopia""}",UCDP territory-coded best estimate; not intensity-band floor. Israel/Palestine source unit and pre-2012 Sudan are excluded from unmatched WDI population rates.
ETH,2019-01-01,2019-12-31,conflict_battle_deaths,67.0,deaths,,,annual,ucdp,26.1,https://ucdp.uu.se/downloads/organizedviolencecy/organizedviolencecy-261-csv.zip,,2026-09-07T11:32:05.412663+00:00,False,"{""geographic_scope"": ""UCDP source-country territory"", ""population_denominator_compatible"": true, ""source_country_id"": 530, ""source_country_name"": ""Ethiopia""}",UCDP territory-coded best estimate; not intensity-band floor. Israel/Palestine source unit and pre-2012 Sudan are excluded from unmatched WDI population rates.
ETH,2019-01-01,2019-12-31,conflict_civilian_targeting_deaths,145.0,deaths,,,annual,ucdp,26.1,https://ucdp.uu.se/downloads/organizedviolencecy/organizedviolencecy-261-csv.zip,,2026-09-07T11:32:05.412663+00:00,False,"{""geographic_scope"": ""UCDP source-country territory"", ""population_denominator_compatible"": true, ""source_country_id"": 530, ""source_country_name"": ""Ethiopia""}",UCDP territory-coded best estimate; not intensity-band floor. Israel/Palestine source unit and pre-2012 Sudan are excluded from unmatched WDI population rates.
ETH,2019-01-01,2019-12-31,conflict_nonstate_deaths,213.0,deaths,,,annual,ucdp,26.1,https://ucdp.uu.se/downloads/organizedviolencecy/organizedviolencecy-261-csv.zip,,2026-09-07T11:32:05.412663+00:00,False,"{""geographic_scope"": ""UCDP source-country territory"", ""population_denominator_compatible"": true, ""source_country_id"": 530, ""source_country_name"": ""Ethiopia""}",UCDP territory-coded best estimate; not intensity-band floor. Israel/Palestine source unit and pre-2012 Sudan are excluded from unmatched WDI population rates.
ETH,2019-01-01,2019-12-31,conflict_total_deaths,425.0,deaths,,,annual,ucdp,26.1,https://ucdp.uu.se/downloads/organizedviolencecy/organizedviolencecy-261-csv.zip,,2026-09-07T11:32:05.412663+00:00,False,"{""geographic_scope"": ""UCDP source-country territory"", ""population_denominator_compatible"": true, ""source_country_id"": 530, ""source_country_name"": ""Ethiopia""}",UCDP territory-coded best estimate; not intensity-band floor. Israel/Palestine source unit and pre-2012 Sudan are excluded from unmatched WDI population rates.
ETH,2020-01-01,2020-12-31,conflict_battle_deaths,20916.0,deaths,,,annual,ucdp,26.1,https://ucdp.uu.se/downloads/organizedviolencecy/organizedviolencecy-261-csv.zip,,2026-09-07T11:32:05.412663+00:00,False,"{""geographic_scope"": ""UCDP source-country territory"", ""population_denominator_compatible"": true, ""source_country_id"": 530, ""source_country_name"": ""Ethiopia""}",UCDP territory-coded best estimate; not intensity-band floor. Israel/Palestine source unit and pre-2012 Sudan are excluded from unmatched WDI population rates.
ETH,2020-01-01,2020-12-31,conflict_civilian_targeting_deaths,2931.0,deaths,,,annual,ucdp,26.1,https://ucdp.uu.se/downloads/organizedviolencecy/organizedviolencecy-261-csv.zip,,2026-09-07T11:32:05.412663+00:00,False,"{""geographic_scope"": ""UCDP source-country territory"", ""population_denominator_compatible"": true, ""source_country_id"": 530, ""source_country_name"": ""Ethiopia""}",UCDP territory-coded best estimate; not intensity-band floor. Israel/Palestine source unit and pre-2012 Sudan are excluded from unmatched WDI population rates.
ETH,2020-01-01,2020-12-31,conflict_nonstate_deaths,583.0,deaths,,,annual,ucdp,26.1,https://ucdp.uu.se/downloads/organizedviolencecy/organizedviolencecy-261-csv.zip,,2026-09-07T11:32:05.412663+00:00,False,"{""geographic_scope"": ""UCDP source-country territory"", ""population_denominator_compatible"": true, ""source_country_id"": 530, ""source_country_name"": ""Ethiopia""}",UCDP territory-coded best estimate; not intensity-band floor. Israel/Palestine source unit and pre-2012 Sudan are excluded from unmatched WDI population rates.
ETH,2020-01-01,2020-12-31,conflict_total_deaths,24430.0,deaths,,,annual,ucdp,26.1,https://ucdp.uu.se/downloads/organizedviolencecy/organizedviolencecy-261-csv.zip,,2026-09-07T11:32:05.412663+00:00,False,"{""geographic_scope"": ""UCDP source-country territory"", ""population_denominator_compatible"": true, ""source_country_id"": 530, ""source_country_name"": ""Ethiopia""}",UCDP territory-coded best estimate; not intensity-band floor. Israel/Palestine source unit and pre-2012 Sudan are excluded from unmatched WDI population rates.
ETH,2021-01-01,2021-12-31,conflict_battle_deaths,124553.0,deaths,,,annual,ucdp,26.1,https://ucdp.uu.se/downloads/organizedviolencecy/organizedviolencecy-261-csv.zip,,2026-09-07T11:32:05.412663+00:00,False,"{""geographic_scope"": ""UCDP source-country territory"", ""population_denominator_compatible"": true, ""source_country_id"": 530, ""source_country_name"": ""Ethiopia""}",UCDP territory-coded best estimate; not intensity-band floor. Israel/Palestine source unit and pre-2012 Sudan are excluded from unmatched WDI population rates.
ETH,2021-01-01,2021-12-31,conflict_civilian_targeting_deaths,4806.0,deaths,,,annual,ucdp,26.1,https://ucdp.uu.se/downloads/organizedviolencecy/organizedviolencecy-261-csv.zip,,2026-09-07T11:32:05.412663+00:00,False,"{""geographic_scope"": ""UCDP source-country territory"", ""population_denominator_compatible"": true, ""source_country_id"": 530, ""source_country_name"": ""Ethiopia""}",UCDP territory-coded best estimate; not intensity-band floor. Israel/Palestine source unit and pre-2012 Sudan are excluded from unmatched WDI population rates.
ETH,2021-01-01,2021-12-31,conflict_nonstate_deaths,157.0,deaths,,,annual,ucdp,26.1,https://ucdp.uu.se/downloads/organizedviolencecy/organizedviolencecy-261-csv.zip,,2026-09-07T11:32:05.412663+00:00,False,"{""geographic_scope"": ""UCDP source-country territory"", ""population_denominator_compatible"": true, ""source_country_id"": 530, ""source_country_name"": ""Ethiopia""}",UCDP territory-coded best estimate; not intensity-band floor. Israel/Palestine source unit and pre-2012 Sudan are excluded from unmatched WDI population rates.
ETH,2021-01-01,2021-12-31,conflict_total_deaths,129516.0,deaths,,,annual,ucdp,26.1,https://ucdp.uu.se/downloads/organizedviolencecy/organizedviolencecy-261-csv.zip,,2026-09-07T11:32:05.412663+00:00,False,"{""geographic_scope"": ""UCDP source-country territory"", ""population_denominator_compatible"": true, ""source_country_id"": 530, ""source_country_name"": ""Ethiopia""}",UCDP territory-coded best estimate; not intensity-band floor. Israel/Palestine source unit and pre-2012 Sudan are excluded from unmatched WDI population rates.
ETH,2022-01-01,2022-12-31,conflict_battle_deaths,163210.0,deaths,,,annual,ucdp,26.1,https://ucdp.uu.se/downloads/organizedviolencecy/organizedviolencecy-261-csv.zip,,2026-09-07T11:32:05.412663+00:00,False,"{""geographic_scope"": ""UCDP source-country territory"", ""population_denominator_compatible"": true, ""source_country_id"": 530, ""source_country_name"": ""Ethiopia""}",UCDP territory-coded best estimate; not intensity-band floor. Israel/Palestine source unit and pre-2012 Sudan are excluded from unmatched WDI population rates.
ETH,2022-01-01,2022-12-31,conflict_civilian_targeting_deaths,1794.0,deaths,,,annual,ucdp,26.1,https://ucdp.uu.se/downloads/organizedviolencecy/organizedviolencecy-261-csv.zip,,2026-09-07T11:32:05.412663+00:00,False,"{""geographic_scope"": ""UCDP source-country territory"", ""population_denominator_compatible"": true, ""source_country_id"": 530, ""source_country_name"": ""Ethiopia""}",UCDP territory-coded best estimate; not intensity-band floor. Israel/Palestine source unit and pre-2012 Sudan are excluded from unmatched WDI population rates.
ETH,2022-01-01,2022-12-31,conflict_nonstate_deaths,21.0,deaths,,,annual,ucdp,26.1,https://ucdp.uu.se/downloads/organizedviolencecy/organizedviolencecy-261-csv.zip,,2026-09-07T11:32:05.412663+00:00,False,"{""geographic_scope"": ""UCDP source-country territory"", ""population_denominator_compatible"": true, ""source_country_id"": 530, ""source_country_name"": ""Ethiopia""}",UCDP territory-coded best estimate; not intensity-band floor. Israel/Palestine source unit and pre-2012 Sudan are excluded from unmatched WDI population rates.
ETH,2022-01-01,2022-12-31,conflict_total_deaths,165025.0,deaths,,,annual,ucdp,26.1,https://ucdp.uu.se/downloads/organizedviolencecy/organizedviolencecy-261-csv.zip,,2026-09-07T11:32:05.412663+00:00,False,"{""geographic_scope"": ""UCDP source-country territory"", ""population_denominator_compatible"": true, ""source_country_id"": 530, ""source_country_name"": ""Ethiopia""}",UCDP territory-coded best estimate; not intensity-band floor. Israel/Palestine source unit and pre-2012 Sudan are excluded from unmatched WDI population rates.
ETH,2023-01-01,2023-12-31,conflict_battle_deaths,1725.0,deaths,,,annual,ucdp,26.1,https://ucdp.uu.se/downloads/organizedviolencecy/organizedviolencecy-261-csv.zip,,2026-09-07T11:32:05.412663+00:00,False,"{""geographic_scope"": ""UCDP source-country territory"", ""population_denominator_compatible"": true, ""source_country_id"": 530, ""source_country_name"": ""Ethiopia""}",UCDP territory-coded best estimate; not intensity-band floor. Israel/Palestine source unit and pre-2012 Sudan are excluded from unmatched WDI population rates.
ETH,2023-01-01,2023-12-31,conflict_civilian_targeting_deaths,469.0,deaths,,,annual,ucdp,26.1,https://ucdp.uu.se/downloads/organizedviolencecy/organizedviolencecy-261-csv.zip,,2026-09-07T11:32:05.412663+00:00,False,"{""geographic_scope"": ""UCDP source-country territory"", ""population_denominator_compatible"": true, ""source_country_id"": 530, ""source_country_name"": ""Ethiopia""}",UCDP territory-coded best estimate; not intensity-band floor. Israel/Palestine source unit and pre-2012 Sudan are excluded from unmatched WDI population rates.
ETH,2023-01-01,2023-12-31,conflict_nonstate_deaths,189.0,deaths,,,annual,ucdp,26.1,https://ucdp.uu.se/downloads/organizedviolencecy/organizedviolencecy-261-csv.zip,,2026-09-07T11:32:05.412663+00:00,False,"{""geographic_scope"": ""UCDP source-country territory"", ""population_denominator_compatible"": true, ""source_country_id"": 530, ""source_country_name"": ""Ethiopia""}",UCDP territory-coded best estimate; not intensity-band floor. Israel/Palestine source unit and pre-2012 Sudan are excluded from unmatched WDI population rates.
ETH,2023-01-01,2023-12-31,conflict_total_deaths,2383.0,deaths,,,annual,ucdp,26.1,https://ucdp.uu.se/downloads/organizedviolencecy/organizedviolencecy-261-csv.zip,,2026-09-07T11:32:05.412663+00:00,False,"{""geographic_scope"": ""UCDP source-country territory"", ""population_denominator_compatible"": true, ""source_country_id"": 530, ""source_country_name"": ""Ethiopia""}",UCDP territory-coded best estimate; not intensity-band floor. Israel/Palestine source unit and pre-2012 Sudan are excluded from unmatched WDI population rates.
ETH,2024-01-01,2024-12-31,conflict_battle_deaths,2886.0,deaths,,,annual,ucdp,26.1,https://ucdp.uu.se/downloads/organizedviolencecy/organizedviolencecy-261-csv.zip,,2026-09-07T11:32:05.412663+00:00,False,"{""geographic_scope"": ""UCDP source-country territory"", ""population_denominator_compatible"": true, ""source_country_id"": 530, ""source_country_name"": ""Ethiopia""}",UCDP territory-coded best estimate; not intensity-band floor. Israel/Palestine source unit and pre-2012 Sudan are excluded from unmatched WDI population rates.
ETH,2024-01-01,2024-12-31,conflict_civilian_targeting_deaths,1065.0,deaths,,,annual,ucdp,26.1,https://ucdp.uu.se/downloads/organizedviolencecy/organizedviolencecy-261-csv.zip,,2026-09-07T11:32:05.412663+00:00,False,"{""geographic_scope"": ""UCDP source-country territory"", ""population_denominator_compatible"": true, ""source_country_id"": 530, ""source_country_name"": ""Ethiopia""}",UCDP territory-coded best estimate; not intensity-band floor. Israel/Palestine source unit and pre-2012 Sudan are excluded from unmatched WDI population rates.
ETH,2024-01-01,2024-12-31,conflict_nonstate_deaths,208.0,deaths,,,annual,ucdp,26.1,https://ucdp.uu.se/downloads/organizedviolencecy/organizedviolencecy-261-csv.zip,,2026-09-07T11:32:05.412663+00:00,False,"{""geographic_scope"": ""UCDP source-country territory"", ""population_denominator_compatible"": true, ""source_country_id"": 530, ""source_country_name"": ""Ethiopia""}",UCDP territory-coded best estimate; not intensity-band floor. Israel/Palestine source unit and pre-2012 Sudan are excluded from unmatched WDI population rates.
ETH,2024-01-01,2024-12-31,conflict_total_deaths,4159.0,deaths,,,annual,ucdp,26.1,https://ucdp.uu.se/downloads/organizedviolencecy/organizedviolencecy-261-csv.zip,,2026-09-07T11:32:05.412663+00:00,False,"{""geographic_scope"": ""UCDP source-country territory"", ""population_denominator_compatible"": true, ""source_country_id"": 530, ""source_country_name"": ""Ethiopia""}",UCDP territory-coded best estimate; not intensity-band floor. Israel/Palestine source unit and pre-2012 Sudan are excluded from unmatched WDI population rates.
ETH,2025-01-01,2025-12-31,conflict_battle_deaths,4331.0,deaths,,,annual,ucdp,26.1,https://ucdp.uu.se/downloads/organizedviolencecy/organizedviolencecy-261-csv.zip,,2026-09-07T11:32:05.412663+00:00,False,"{""geographic_scope"": ""UCDP source-country territory"", ""population_denominator_compatible"": true, ""source_country_id"": 530, ""source_country_name"": ""Ethiopia""}",UCDP territory-coded best estimate; not intensity-band floor. Israel/Palestine source unit and pre-2012 Sudan are excluded from unmatched WDI population rates.
ETH,2025-01-01,2025-12-31,conflict_civilian_targeting_deaths,824.0,deaths,,,annual,ucdp,26.1,https://ucdp.uu.se/downloads/organizedviolencecy/organizedviolencecy-261-csv.zip,,2026-09-07T11:32:05.412663+00:00,False,"{""geographic_scope"": ""UCDP source-country territory"", ""population_denominator_compatible"": true, ""source_country_id"": 530, ""source_country_name"": ""Ethiopia""}",UCDP territory-coded best estimate; not intensity-band floor. Israel/Palestine source unit and pre-2012 Sudan are excluded from unmatched WDI population rates.
ETH,2025-01-01,2025-12-31,conflict_nonstate_deaths,303.0,deaths,,,annual,ucdp,26.1,https://ucdp.uu.se/downloads/organizedviolencecy/organizedviolencecy-261-csv.zip,,2026-09-07T11:32:05.412663+00:00,False,"{""geographic_scope"": ""UCDP source-country territory"", ""population_denominator_compatible"": true, ""source_country_id"": 530, ""source_country_name"": ""Ethiopia""}",UCDP territory-coded best estimate; not intensity-band floor. Israel/Palestine source unit and pre-2012 Sudan are excluded from unmatched WDI population rates.
ETH,2025-01-01,2025-12-31,conflict_total_deaths,5458.0,deaths,,,annual,ucdp,26.1,https://ucdp.uu.se/downloads/organizedviolencecy/organizedviolencecy-261-csv.zip,,2026-09-07T11:32:05.412663+00:00,False,"{""geographic_scope"": ""UCDP source-country territory"", ""population_denominator_compatible"": true, ""source_country_id"": 530, ""source_country_name"": ""Ethiopia""}",UCDP territory-coded best estimate; not intensity-band floor. Israel/Palestine source unit and pre-2012 Sudan are excluded from unmatched WDI population rates.
ISR,2000-01-01,2000-12-31,conflict_battle_deaths,102.0,deaths,,,annual,ucdp,26.1,https://ucdp.uu.se/downloads/organizedviolencecy/organizedviolencecy-261-csv.zip,,2026-09-07T11:32:05.412663+00:00,False,"{""geographic_scope"": ""UCDP Israel country unit includes Palestinian territories; not Israeli-nationality deaths"", ""population_denominator_compatible"": false, ""source_country_id"": 666, ""source_country_name"": ""Israel""}",UCDP territory-coded best estimate; not intensity-band floor. Israel/Palestine source unit and pre-2012 Sudan are excluded from unmatched WDI population rates.
ISR,2000-01-01,2000-12-31,conflict_civilian_targeting_deaths,7.0,deaths,,,annual,ucdp,26.1,https://ucdp.uu.se/downloads/organizedviolencecy/organizedviolencecy-261-csv.zip,,2026-09-07T11:32:05.412663+00:00,False,"{""geographic_scope"": ""UCDP Israel country unit includes Palestinian territories; not Israeli-nationality deaths"", ""population_denominator_compatible"": false, ""source_country_id"": 666, ""source_country_name"": ""Israel""}",UCDP territory-coded best estimate; not intensity-band floor. Israel/Palestine source unit and pre-2012 Sudan are excluded from unmatched WDI population rates.
ISR,2000-01-01,2000-12-31,conflict_nonstate_deaths,0.0,deaths,,,annual,ucdp,26.1,https://ucdp.uu.se/downloads/organizedviolencecy/organizedviolencecy-261-csv.zip,,2026-09-07T11:32:05.412663+00:00,False,"{""geographic_scope"": ""UCDP Israel country unit includes Palestinian territories; not Israeli-nationality deaths"", ""population_denominator_compatible"": false, ""source_country_id"": 666, ""source_country_name"": ""Israel""}",UCDP territory-coded best estimate; not intensity-band floor. Israel/Palestine source unit and pre-2012 Sudan are excluded from unmatched WDI population rates.
ISR,2000-01-01,2000-12-31,conflict_total_deaths,109.0,deaths,,,annual,ucdp,26.1,https://ucdp.uu.se/downloads/organizedviolencecy/organizedviolencecy-261-csv.zip,,2026-09-07T11:32:05.412663+00:00,False,"{""geographic_scope"": ""UCDP Israel country unit includes Palestinian territories; not Israeli-nationality deaths"", ""population_denominator_compatible"": false, ""source_country_id"": 666, ""source_country_name"": ""Israel""}",UCDP territory-coded best estimate; not intensity-band floor. Israel/Palestine source unit and pre-2012 Sudan are excluded from unmatched WDI population rates.
ISR,2001-01-01,2001-12-31,conflict_battle_deaths,253.0,deaths,,,annual,ucdp,26.1,https://ucdp.uu.se/downloads/organizedviolencecy/organizedviolencecy-261-csv.zip,,2026-09-07T11:32:05.412663+00:00,False,"{""geographic_scope"": ""UCDP Israel country unit includes Palestinian territories; not Israeli-nationality deaths"", ""population_denominator_compatible"": false, ""source_country_id"": 666, ""source_country_name"": ""Israel""}",UCDP territory-coded best estimate; not intensity-band floor. Israel/Palestine source unit and pre-2012 Sudan are excluded from unmatched WDI population rates.
ISR,2001-01-01,2001-12-31,conflict_civilian_targeting_deaths,103.0,deaths,,,annual,ucdp,26.1,https://ucdp.uu.se/downloads/organizedviolencecy/organizedviolencecy-261-csv.zip,,2026-09-07T11:32:05.412663+00:00,False,"{""geographic_scope"": ""UCDP Israel country unit includes Palestinian territories; not Israeli-nationality deaths"", ""population_denominator_compatible"": false, ""source_country_id"": 666, ""source_country_name"": ""Israel""}",UCDP territory-coded best estimate; not intensity-band floor. Israel/Palestine source unit and pre-2012 Sudan are excluded from unmatched WDI population rates.
ISR,2001-01-01,2001-12-31,conflict_nonstate_deaths,0.0,deaths,,,annual,ucdp,26.1,https://ucdp.uu.se/downloads/organizedviolencecy/organizedviolencecy-261-csv.zip,,2026-09-07T11:32:05.412663+00:00,False,"{""geographic_scope"": ""UCDP Israel country unit includes Palestinian territories; not Israeli-nationality deaths"", ""population_denominator_compatible"": false, ""source_country_id"": 666, ""source_country_name"": ""Israel""}",UCDP territory-coded best estimate; not intensity-band floor. Israel/Palestine source unit and pre-2012 Sudan are excluded from unmatched WDI population rates.
ISR,2001-01-01,2001-12-31,conflict_total_deaths,356.0,deaths,,,annual,ucdp,26.1,https://ucdp.uu.se/downloads/organizedviolencecy/organizedviolencecy-261-csv.zip,,2026-09-07T11:32:05.412663+00:00,False,"{""geographic_scope"": ""UCDP Israel country unit includes Palestinian territories; not Israeli-nationality deaths"", ""population_denominator_compatible"": false, ""source_country_id"": 666, ""source_country_name"": ""Israel""}",UCDP territory-coded best estimate; not intensity-band floor. Israel/Palestine source unit and pre-2012 Sudan are excluded from unmatched WDI population rates.
ISR,2002-01-01,2002-12-31,conflict_battle_deaths,627.0,deaths,,,annual,ucdp,26.1,https://ucdp.uu.se/downloads/organizedviolencecy/organizedviolencecy-261-csv.zip,,2026-09-07T11:32:05.412663+00:00,False,"{""geographic_scope"": ""UCDP Israel country unit includes Palestinian territories; not Israeli-nationality deaths"", ""population_denominator_compatible"": false, ""source_country_id"": 666, ""source_country_name"": ""Israel""}",UCDP territory-coded best estimate; not intensity-band floor. Israel/Palestine source unit and pre-2012 Sudan are excluded from unmatched WDI population rates.
ISR,2002-01-01,2002-12-31,conflict_civilian_targeting_deaths,263.0,deaths,,,annual,ucdp,26.1,https://ucdp.uu.se/downloads/organizedviolencecy/organizedviolencecy-261-csv.zip,,2026-09-07T11:32:05.412663+00:00,False,"{""geographic_scope"": ""UCDP Israel country unit includes Palestinian territories; not Israeli-nationality deaths"", ""population_denominator_compatible"": false, ""source_country_id"": 666, ""source_country_name"": ""Israel""}",UCDP territory-coded best estimate; not intensity-band floor. Israel/Palestine source unit and pre-2012 Sudan are excluded from unmatched WDI population rates.
ISR,2002-01-01,2002-12-31,conflict_nonstate_deaths,2.0,deaths,,,annual,ucdp,26.1,https://ucdp.uu.se/downloads/organizedviolencecy/organizedviolencecy-261-csv.zip,,2026-09-07T11:32:05.412663+00:00,False,"{""geographic_scope"": ""UCDP Israel country unit includes Palestinian territories; not Israeli-nationality deaths"", ""population_denominator_compatible"": false, ""source_country_id"": 666, ""source_country_name"": ""Israel""}",UCDP territory-coded best estimate; not intensity-band floor. Israel/Palestine source unit and pre-2012 Sudan are excluded from unmatched WDI population rates.
ISR,2002-01-01,2002-12-31,conflict_total_deaths,892.0,deaths,,,annual,ucdp,26.1,https://ucdp.uu.se/downloads/organizedviolencecy/organizedviolencecy-261-csv.zip,,2026-09-07T11:32:05.412663+00:00,False,"{""geographic_scope"": ""UCDP Israel country unit includes Palestinian territories; not Israeli-nationality deaths"", ""population_denominator_compatible"": false, ""source_country_id"": 666, ""source_country_name"": ""Israel""}",UCDP territory-coded best estimate; not intensity-band floor. Israel/Palestine source unit and pre-2012 Sudan are excluded from unmatched WDI population rates.
ISR,2003-01-01,2003-12-31,conflict_battle_deaths,314.0,deaths,,,annual,ucdp,26.1,https://ucdp.uu.se/downloads/organizedviolencecy/organizedviolencecy-261-csv.zip,,2026-09-07T11:32:05.412663+00:00,False,"{""geographic_scope"": ""UCDP Israel country unit includes Palestinian territories; not Israeli-nationality deaths"", ""population_denominator_compatible"": false, ""source_country_id"": 666, ""source_country_name"": ""Israel""}",UCDP territory-coded best estimate; not intensity-band floor. Israel/Palestine source unit and pre-2012 Sudan are excluded from unmatched WDI population rates.
ISR,2003-01-01,2003-12-31,conflict_civilian_targeting_deaths,154.0,deaths,,,annual,ucdp,26.1,https://ucdp.uu.se/downloads/organizedviolencecy/organizedviolencecy-261-csv.zip,,2026-09-07T11:32:05.412663+00:00,False,"{""geographic_scope"": ""UCDP Israel country unit includes Palestinian territories; not Israeli-nationality deaths"", ""population_denominator_compatible"": false, ""source_country_id"": 666, ""source_country_name"": ""Israel""}",UCDP territory-coded best estimate; not intensity-band floor. Israel/Palestine source unit and pre-2012 Sudan are excluded from unmatched WDI population rates.
ISR,2003-01-01,2003-12-31,conflict_nonstate_deaths,0.0,deaths,,,annual,ucdp,26.1,https://ucdp.uu.se/downloads/organizedviolencecy/organizedviolencecy-261-csv.zip,,2026-09-07T11:32:05.412663+00:00,False,"{""geographic_scope"": ""UCDP Israel country unit includes Palestinian territories; not Israeli-nationality deaths"", ""population_denominator_compatible"": false, ""source_country_id"": 666, ""source_country_name"": ""Israel""}",UCDP territory-coded best estimate; not intensity-band floor. Israel/Palestine source unit and pre-2012 Sudan are excluded from unmatched WDI population rates.
ISR,2003-01-01,2003-12-31,conflict_total_deaths,468.0,deaths,,,annual,ucdp,26.1,https://ucdp.uu.se/downloads/organizedviolencecy/organizedviolencecy-261-csv.zip,,2026-09-07T11:32:05.412663+00:00,False,"{""geographic_scope"": ""UCDP Israel country unit includes Palestinian territories; not Israeli-nationality deaths"", ""population_denominator_compatible"": false, ""source_country_id"": 666, ""source_country_name"": ""Israel""}",UCDP territory-coded best estimate; not intensity-band floor. Israel/Palestine source unit and pre-2012 Sudan are excluded from unmatched WDI population rates.
ISR,2004-01-01,2004-12-31,conflict_battle_deaths,431.0,deaths,,,annual,ucdp,26.1,https://ucdp.uu.se/downloads/organizedviolencecy/organizedviolencecy-261-csv.zip,,2026-09-07T11:32:05.412663+00:00,False,"{""geographic_scope"": ""UCDP Israel country unit includes Palestinian territories; not Israeli-nationality deaths"", ""population_denominator_compatible"": false, ""source_country_id"": 666, ""source_country_name"": ""Israel""}",UCDP territory-coded best estimate; not intensity-band floor. Israel/Palestine source unit and pre-2012 Sudan are excluded from unmatched WDI population rates.
ISR,2004-01-01,2004-12-31,conflict_civilian_targeting_deaths,91.0,deaths,,,annual,ucdp,26.1,https://ucdp.uu.se/downloads/organizedviolencecy/organizedviolencecy-261-csv.zip,,2026-09-07T11:32:05.412663+00:00,False,"{""geographic_scope"": ""UCDP Israel country unit includes Palestinian territories; not Israeli-nationality deaths"", ""population_denominator_compatible"": false, ""source_country_id"": 666, ""source_country_name"": ""Israel""}",UCDP territory-coded best estimate; not intensity-band floor. Israel/Palestine source unit and pre-2012 Sudan are excluded from unmatched WDI population rates.
ISR,2004-01-01,2004-12-31,conflict_nonstate_deaths,0.0,deaths,,,annual,ucdp,26.1,https://ucdp.uu.se/downloads/organizedviolencecy/organizedviolencecy-261-csv.zip,,2026-09-07T11:32:05.412663+00:00,False,"{""geographic_scope"": ""UCDP Israel country unit includes Palestinian territories; not Israeli-nationality deaths"", ""population_denominator_compatible"": false, ""source_country_id"": 666, ""source_country_name"": ""Israel""}",UCDP territory-coded best estimate; not intensity-band floor. Israel/Palestine source unit and pre-2012 Sudan are excluded from unmatched WDI population rates.
ISR,2004-01-01,2004-12-31,conflict_total_deaths,522.0,deaths,,,annual,ucdp,26.1,https://ucdp.uu.se/downloads/organizedviolencecy/organizedviolencecy-261-csv.zip,,2026-09-07T11:32:05.412663+00:00,False,"{""geographic_scope"": ""UCDP Israel country unit includes Palestinian territories; not Israeli-nationality deaths"", ""population_denominator_compatible"": false, ""source_country_id"": 666, ""source_country_name"": ""Israel""}",UCDP territory-coded best estimate; not intensity-band floor. Israel/Palestine source unit and pre-2012 Sudan are excluded from unmatched WDI population rates.
ISR,2005-01-01,2005-12-31,conflict_battle_deaths,146.0,deaths,,,annual,ucdp,26.1,https://ucdp.uu.se/downloads/organizedviolencecy/organizedviolencecy-261-csv.zip,,2026-09-07T11:32:05.412663+00:00,False,"{""geographic_scope"": ""UCDP Israel country unit includes Palestinian territories; not Israeli-nationality deaths"", ""population_denominator_compatible"": false, ""source_country_id"": 666, ""source_country_name"": ""Israel""}",UCDP territory-coded best estimate; not intensity-band floor. Israel/Palestine source unit and pre-2012 Sudan are excluded from unmatched WDI population rates.
ISR,2005-01-01,2005-12-31,conflict_civilian_targeting_deaths,68.0,deaths,,,annual,ucdp,26.1,https://ucdp.uu.se/downloads/organizedviolencecy/organizedviolencecy-261-csv.zip,,2026-09-07T11:32:05.412663+00:00,False,"{""geographic_scope"": ""UCDP Israel country unit includes Palestinian territories; not Israeli-nationality deaths"", ""population_denominator_compatible"": false, ""source_country_id"": 666, ""source_country_name"": ""Israel""}",UCDP territory-coded best estimate; not intensity-band floor. Israel/Palestine source unit and pre-2012 Sudan are excluded from unmatched WDI population rates.
ISR,2005-01-01,2005-12-31,conflict_nonstate_deaths,0.0,deaths,,,annual,ucdp,26.1,https://ucdp.uu.se/downloads/organizedviolencecy/organizedviolencecy-261-csv.zip,,2026-09-07T11:32:05.412663+00:00,False,"{""geographic_scope"": ""UCDP Israel country unit includes Palestinian territories; not Israeli-nationality deaths"", ""population_denominator_compatible"": false, ""source_country_id"": 666, ""source_country_name"": ""Israel""}",UCDP territory-coded best estimate; not intensity-band floor. Israel/Palestine source unit and pre-2012 Sudan are excluded from unmatched WDI population rates.
ISR,2005-01-01,2005-12-31,conflict_total_deaths,214.0,deaths,,,annual,ucdp,26.1,https://ucdp.uu.se/downloads/organizedviolencecy/organizedviolencecy-261-csv.zip,,2026-09-07T11:32:05.412663+00:00,False,"{""geographic_scope"": ""UCDP Israel country unit includes Palestinian territories; not Israeli-nationality deaths"", ""population_denominator_compatible"": false, ""source_country_id"": 666, ""source_country_name"": ""Israel""}",UCDP territory-coded best estimate; not intensity-band floor. Israel/Palestine source unit and pre-2012 Sudan are excluded from unmatched WDI population rates.
ISR,2006-01-01,2006-12-31,conflict_battle_deaths,477.0,deaths,,,annual,ucdp,26.1,https://ucdp.uu.se/downloads/organizedviolencecy/organizedviolencecy-261-csv.zip,,2026-09-07T11:32:05.412663+00:00,False,"{""geographic_scope"": ""UCDP Israel country unit includes Palestinian territories; not Israeli-nationality deaths"", ""population_denominator_compatible"": false, ""source_country_id"": 666, ""source_country_name"": ""Israel""}",UCDP territory-coded best estimate; not intensity-band floor. Israel/Palestine source unit and pre-2012 Sudan are excluded from unmatched WDI population rates.
ISR,2006-01-01,2006-12-31,conflict_civilian_targeting_deaths,44.0,deaths,,,annual,ucdp,26.1,https://ucdp.uu.se/downloads/organizedviolencecy/organizedviolencecy-261-csv.zip,,2026-09-07T11:32:05.412663+00:00,False,"{""geographic_scope"": ""UCDP Israel country unit includes Palestinian territories; not Israeli-nationality deaths"", ""population_denominator_compatible"": false, ""source_country_id"": 666, ""source_country_name"": ""Israel""}",UCDP territory-coded best estimate; not intensity-band floor. Israel/Palestine source unit and pre-2012 Sudan are excluded from unmatched WDI population rates.
ISR,2006-01-01,2006-12-31,conflict_nonstate_deaths,36.0,deaths,,,annual,ucdp,26.1,https://ucdp.uu.se/downloads/organizedviolencecy/organizedviolencecy-261-csv.zip,,2026-09-07T11:32:05.412663+00:00,False,"{""geographic_scope"": ""UCDP Israel country unit includes Palestinian territories; not Israeli-nationality deaths"", ""population_denominator_compatible"": false, ""source_country_id"": 666, ""source_country_name"": ""Israel""}",UCDP territory-coded best estimate; not intensity-band floor. Israel/Palestine source unit and pre-2012 Sudan are excluded from unmatched WDI population rates.
ISR,2006-01-01,2006-12-31,conflict_total_deaths,557.0,deaths,,,annual,ucdp,26.1,https://ucdp.uu.se/downloads/organizedviolencecy/organizedviolencecy-261-csv.zip,,2026-09-07T11:32:05.412663+00:00,False,"{""geographic_scope"": ""UCDP Israel country unit includes Palestinian territories; not Israeli-nationality deaths"", ""population_denominator_compatible"": false, ""source_country_id"": 666, ""source_country_name"": ""Israel""}",UCDP territory-coded best estimate; not intensity-band floor. Israel/Palestine source unit and pre-2012 Sudan are excluded from unmatched WDI population rates.
ISR,2007-01-01,2007-12-31,conflict_battle_deaths,286.0,deaths,,,annual,ucdp,26.1,https://ucdp.uu.se/downloads/organizedviolencecy/organizedviolencecy-261-csv.zip,,2026-09-07T11:32:05.412663+00:00,False,"{""geographic_scope"": ""UCDP Israel country unit includes Palestinian territories; not Israeli-nationality deaths"", ""population_denominator_compatible"": false, ""source_country_id"": 666, ""source_country_name"": ""Israel""}",UCDP territory-coded best estimate; not intensity-band floor. Israel/Palestine source unit and pre-2012 Sudan are excluded from unmatched WDI population rates.
ISR,2007-01-01,2007-12-31,conflict_civilian_targeting_deaths,17.0,deaths,,,annual,ucdp,26.1,https://ucdp.uu.se/downloads/organizedviolencecy/organizedviolencecy-261-csv.zip,,2026-09-07T11:32:05.412663+00:00,False,"{""geographic_scope"": ""UCDP Israel country unit includes Palestinian territories; not Israeli-nationality deaths"", ""population_denominator_compatible"": false, ""source_country_id"": 666, ""source_country_name"": ""Israel""}",UCDP territory-coded best estimate; not intensity-band floor. Israel/Palestine source unit and pre-2012 Sudan are excluded from unmatched WDI population rates.
ISR,2007-01-01,2007-12-31,conflict_nonstate_deaths,235.0,deaths,,,annual,ucdp,26.1,https://ucdp.uu.se/downloads/organizedviolencecy/organizedviolencecy-261-csv.zip,,2026-09-07T11:32:05.412663+00:00,False,"{""geographic_scope"": ""UCDP Israel country unit includes Palestinian territories; not Israeli-nationality deaths"", ""population_denominator_compatible"": false, ""source_country_id"": 666, ""source_country_name"": ""Israel""}",UCDP territory-coded best estimate; not intensity-band floor. Israel/Palestine source unit and pre-2012 Sudan are excluded from unmatched WDI population rates.
ISR,2007-01-01,2007-12-31,conflict_total_deaths,538.0,deaths,,,annual,ucdp,26.1,https://ucdp.uu.se/downloads/organizedviolencecy/organizedviolencecy-261-csv.zip,,2026-09-07T11:32:05.412663+00:00,False,"{""geographic_scope"": ""UCDP Israel country unit includes Palestinian territories; not Israeli-nationality deaths"", ""population_denominator_compatible"": false, ""source_country_id"": 666, ""source_country_name"": ""Israel""}",UCDP territory-coded best estimate; not intensity-band floor. Israel/Palestine source unit and pre-2012 Sudan are excluded from unmatched WDI population rates.
ISR,2008-01-01,2008-12-31,conflict_battle_deaths,708.0,deaths,,,annual,ucdp,26.1,https://ucdp.uu.se/downloads/organizedviolencecy/organizedviolencecy-261-csv.zip,,2026-09-07T11:32:05.412663+00:00,False,"{""geographic_scope"": ""UCDP Israel country unit includes Palestinian territories; not Israeli-nationality deaths"", ""population_denominator_compatible"": false, ""source_country_id"": 666, ""source_country_name"": ""Israel""}",UCDP territory-coded best estimate; not intensity-band floor. Israel/Palestine source unit and pre-2012 Sudan are excluded from unmatched WDI population rates.
ISR,2008-01-01,2008-12-31,conflict_civilian_targeting_deaths,12.0,deaths,,,annual,ucdp,26.1,https://ucdp.uu.se/downloads/organizedviolencecy/organizedviolencecy-261-csv.zip,,2026-09-07T11:32:05.412663+00:00,False,"{""geographic_scope"": ""UCDP Israel country unit includes Palestinian territories; not Israeli-nationality deaths"", ""population_denominator_compatible"": false, ""source_country_id"": 666, ""source_country_name"": ""Israel""}",UCDP territory-coded best estimate; not intensity-band floor. Israel/Palestine source unit and pre-2012 Sudan are excluded from unmatched WDI population rates.
ISR,2008-01-01,2008-12-31,conflict_nonstate_deaths,18.0,deaths,,,annual,ucdp,26.1,https://ucdp.uu.se/downloads/organizedviolencecy/organizedviolencecy-261-csv.zip,,2026-09-07T11:32:05.412663+00:00,False,"{""geographic_scope"": ""UCDP Israel country unit includes Palestinian territories; not Israeli-nationality deaths"", ""population_denominator_compatible"": false, ""source_country_id"": 666, ""source_country_name"": ""Israel""}",UCDP territory-coded best estimate; not intensity-band floor. Israel/Palestine source unit and pre-2012 Sudan are excluded from unmatched WDI population rates.
ISR,2008-01-01,2008-12-31,conflict_total_deaths,738.0,deaths,,,annual,ucdp,26.1,https://ucdp.uu.se/downloads/organizedviolencecy/organizedviolencecy-261-csv.zip,,2026-09-07T11:32:05.412663+00:00,False,"{""geographic_scope"": ""UCDP Israel country unit includes Palestinian territories; not Israeli-nationality deaths"", ""population_denominator_compatible"": false, ""source_country_id"": 666, ""source_country_name"": ""Israel""}",UCDP territory-coded best estimate; not intensity-band floor. Israel/Palestine source unit and pre-2012 Sudan are excluded from unmatched WDI population rates.
ISR,2009-01-01,2009-12-31,conflict_battle_deaths,709.0,deaths,,,annual,ucdp,26.1,https://ucdp.uu.se/downloads/organizedviolencecy/organizedviolencecy-261-csv.zip,,2026-09-07T11:32:05.412663+00:00,False,"{""geographic_scope"": ""UCDP Israel country unit includes Palestinian territories; not Israeli-nationality deaths"", ""population_denominator_compatible"": false, ""source_country_id"": 666, ""source_country_name"": ""Israel""}",UCDP territory-coded best estimate; not intensity-band floor. Israel/Palestine source unit and pre-2012 Sudan are excluded from unmatched WDI population rates.
ISR,2009-01-01,2009-12-31,conflict_civilian_targeting_deaths,14.0,deaths,,,annual,ucdp,26.1,https://ucdp.uu.se/downloads/organizedviolencecy/organizedviolencecy-261-csv.zip,,2026-09-07T11:32:05.412663+00:00,False,"{""geographic_scope"": ""UCDP Israel country unit includes Palestinian territories; not Israeli-nationality deaths"", ""population_denominator_compatible"": false, ""source_country_id"": 666, ""source_country_name"": ""Israel""}",UCDP territory-coded best estimate; not intensity-band floor. Israel/Palestine source unit and pre-2012 Sudan are excluded from unmatched WDI population rates.
ISR,2009-01-01,2009-12-31,conflict_nonstate_deaths,28.0,deaths,,,annual,ucdp,26.1,https://ucdp.uu.se/downloads/organizedviolencecy/organizedviolencecy-261-csv.zip,,2026-09-07T11:32:05.412663+00:00,False,"{""geographic_scope"": ""UCDP Israel country unit includes Palestinian territories; not Israeli-nationality deaths"", ""population_denominator_compatible"": false, ""source_country_id"": 666, ""source_country_name"": ""Israel""}",UCDP territory-coded best estimate; not intensity-band floor. Israel/Palestine source unit and pre-2012 Sudan are excluded from unmatched WDI population rates.
ISR,2009-01-01,2009-12-31,conflict_total_deaths,751.0,deaths,,,annual,ucdp,26.1,https://ucdp.uu.se/downloads/organizedviolencecy/organizedviolencecy-261-csv.zip,,2026-09-07T11:32:05.412663+00:00,False,"{""geographic_scope"": ""UCDP Israel country unit includes Palestinian territories; not Israeli-nationality deaths"", ""population_denominator_compatible"": false, ""source_country_id"": 666, ""source_country_name"": ""Israel""}",UCDP territory-coded best estimate; not intensity-band floor. Israel/Palestine source unit and pre-2012 Sudan are excluded from unmatched WDI population rates.
ISR,2010-01-01,2010-12-31,conflict_battle_deaths,65.0,deaths,,,annual,ucdp,26.1,https://ucdp.uu.se/downloads/organizedviolencecy/organizedviolencecy-261-csv.zip,,2026-09-07T11:32:05.412663+00:00,False,"{""geographic_scope"": ""UCDP Israel country unit includes Palestinian territories; not Israeli-nationality deaths"", ""population_denominator_compatible"": false, ""source_country_id"": 666, ""source_country_name"": ""Israel""}",UCDP territory-coded best estimate; not intensity-band floor. Israel/Palestine source unit and pre-2012 Sudan are excluded from unmatched WDI population rates.
ISR,2010-01-01,2010-12-31,conflict_civilian_targeting_deaths,10.0,deaths,,,annual,ucdp,26.1,https://ucdp.uu.se/downloads/organizedviolencecy/organizedviolencecy-261-csv.zip,,2026-09-07T11:32:05.412663+00:00,False,"{""geographic_scope"": ""UCDP Israel country unit includes Palestinian territories; not Israeli-nationality deaths"", ""population_denominator_compatible"": false, ""source_country_id"": 666, ""source_country_name"": ""Israel""}",UCDP territory-coded best estimate; not intensity-band floor. Israel/Palestine source unit and pre-2012 Sudan are excluded from unmatched WDI population rates.
ISR,2010-01-01,2010-12-31,conflict_nonstate_deaths,0.0,deaths,,,annual,ucdp,26.1,https://ucdp.uu.se/downloads/organizedviolencecy/organizedviolencecy-261-csv.zip,,2026-09-07T11:32:05.412663+00:00,False,"{""geographic_scope"": ""UCDP Israel country unit includes Palestinian territories; not Israeli-nationality deaths"", ""population_denominator_compatible"": false, ""source_country_id"": 666, ""source_country_name"": ""Israel""}",UCDP territory-coded best estimate; not intensity-band floor. Israel/Palestine source unit and pre-2012 Sudan are excluded from unmatched WDI population rates.
ISR,2010-01-01,2010-12-31,conflict_total_deaths,75.0,deaths,,,annual,ucdp,26.1,https://ucdp.uu.se/downloads/organizedviolencecy/organizedviolencecy-261-csv.zip,,2026-09-07T11:32:05.412663+00:00,False,"{""geographic_scope"": ""UCDP Israel country unit includes Palestinian territories; not Israeli-nationality deaths"", ""population_denominator_compatible"": false, ""source_country_id"": 666, ""source_country_name"": ""Israel""}",UCDP territory-coded best estimate; not intensity-band floor. Israel/Palestine source unit and pre-2012 Sudan are excluded from unmatched WDI population rates.
ISR,2011-01-01,2011-12-31,conflict_battle_deaths,101.0,deaths,,,annual,ucdp,26.1,https://ucdp.uu.se/downloads/organizedviolencecy/organizedviolencecy-261-csv.zip,,2026-09-07T11:32:05.412663+00:00,False,"{""geographic_scope"": ""UCDP Israel country unit includes Palestinian territories; not Israeli-nationality deaths"", ""population_denominator_compatible"": false, ""source_country_id"": 666, ""source_country_name"": ""Israel""}",UCDP territory-coded best estimate; not intensity-band floor. Israel/Palestine source unit and pre-2012 Sudan are excluded from unmatched WDI population rates.
ISR,2011-01-01,2011-12-31,conflict_civilian_targeting_deaths,1.0,deaths,,,annual,ucdp,26.1,https://ucdp.uu.se/downloads/organizedviolencecy/organizedviolencecy-261-csv.zip,,2026-09-07T11:32:05.412663+00:00,False,"{""geographic_scope"": ""UCDP Israel country unit includes Palestinian territories; not Israeli-nationality deaths"", ""population_denominator_compatible"": false, ""source_country_id"": 666, ""source_country_name"": ""Israel""}",UCDP territory-coded best estimate; not intensity-band floor. Israel/Palestine source unit and pre-2012 Sudan are excluded from unmatched WDI population rates.
ISR,2011-01-01,2011-12-31,conflict_nonstate_deaths,0.0,deaths,,,annual,ucdp,26.1,https://ucdp.uu.se/downloads/organizedviolencecy/organizedviolencecy-261-csv.zip,,2026-09-07T11:32:05.412663+00:00,False,"{""geographic_scope"": ""UCDP Israel country unit includes Palestinian territories; not Israeli-nationality deaths"", ""population_denominator_compatible"": false, ""source_country_id"": 666, ""source_country_name"": ""Israel""}",UCDP territory-coded best estimate; not intensity-band floor. Israel/Palestine source unit and pre-2012 Sudan are excluded from unmatched WDI population rates.
ISR,2011-01-01,2011-12-31,conflict_total_deaths,102.0,deaths,,,annual,ucdp,26.1,https://ucdp.uu.se/downloads/organizedviolencecy/organizedviolencecy-261-csv.zip,,2026-09-07T11:32:05.412663+00:00,False,"{""geographic_scope"": ""UCDP Israel country unit includes Palestinian territories; not Israeli-nationality deaths"", ""population_denominator_compatible"": false, ""source_country_id"": 666, ""source_country_name"": ""Israel""}",UCDP territory-coded best estimate; not intensity-band floor. Israel/Palestine source unit and pre-2012 Sudan are excluded from unmatched WDI population rates.
ISR,2012-01-01,2012-12-31,conflict_battle_deaths,252.0,deaths,,,annual,ucdp,26.1,https://ucdp.uu.se/downloads/organizedviolencecy/organizedviolencecy-261-csv.zip,,2026-09-07T11:32:05.412663+00:00,False,"{""geographic_scope"": ""UCDP Israel country unit includes Palestinian territories; not Israeli-nationality deaths"", ""population_denominator_compatible"": false, ""source_country_id"": 666, ""source_country_name"": ""Israel""}",UCDP territory-coded best estimate; not intensity-band floor. Israel/Palestine source unit and pre-2012 Sudan are excluded from unmatched WDI population rates.
ISR,2012-01-01,2012-12-31,conflict_civilian_targeting_deaths,1.0,deaths,,,annual,ucdp,26.1,https://ucdp.uu.se/downloads/organizedviolencecy/organizedviolencecy-261-csv.zip,,2026-09-07T11:32:05.412663+00:00,False,"{""geographic_scope"": ""UCDP Israel country unit includes Palestinian territories; not Israeli-nationality deaths"", ""population_denominator_compatible"": false, ""source_country_id"": 666, ""source_country_name"": ""Israel""}",UCDP territory-coded best estimate; not intensity-band floor. Israel/Palestine source unit and pre-2012 Sudan are excluded from unmatched WDI population rates.
ISR,2012-01-01,2012-12-31,conflict_nonstate_deaths,0.0,deaths,,,annual,ucdp,26.1,https://ucdp.uu.se/downloads/organizedviolencecy/organizedviolencecy-261-csv.zip,,2026-09-07T11:32:05.412663+00:00,False,"{""geographic_scope"": ""UCDP Israel country unit includes Palestinian territories; not Israeli-nationality deaths"", ""population_denominator_compatible"": false, ""source_country_id"": 666, ""source_country_name"": ""Israel""}",UCDP territory-coded best estimate; not intensity-band floor. Israel/Palestine source unit and pre-2012 Sudan are excluded from unmatched WDI population rates.
ISR,2012-01-01,2012-12-31,conflict_total_deaths,253.0,deaths,,,annual,ucdp,26.1,https://ucdp.uu.se/downloads/organizedviolencecy/organizedviolencecy-261-csv.zip,,2026-09-07T11:32:05.412663+00:00,False,"{""geographic_scope"": ""UCDP Israel country unit includes Palestinian territories; not Israeli-nationality deaths"", ""population_denominator_compatible"": false, ""source_country_id"": 666, ""source_country_name"": ""Israel""}",UCDP territory-coded best estimate; not intensity-band floor. Israel/Palestine source unit and pre-2012 Sudan are excluded from unmatched WDI population rates.
ISR,2013-01-01,2013-12-31,conflict_battle_deaths,12.0,deaths,,,annual,ucdp,26.1,https://ucdp.uu.se/downloads/organizedviolencecy/organizedviolencecy-261-csv.zip,,2026-09-07T11:32:05.412663+00:00,False,"{""geographic_scope"": ""UCDP Israel country unit includes Palestinian territories; not Israeli-nationality deaths"", ""population_denominator_compatible"": false, ""source_country_id"": 666, ""source_country_name"": ""Israel""}",UCDP territory-coded best estimate; not intensity-band floor. Israel/Palestine source unit and pre-2012 Sudan are excluded from unmatched WDI population rates.
ISR,2013-01-01,2013-12-31,conflict_civilian_targeting_deaths,0.0,deaths,,,annual,ucdp,26.1,https://ucdp.uu.se/downloads/organizedviolencecy/organizedviolencecy-261-csv.zip,,2026-09-07T11:32:05.412663+00:00,False,"{""geographic_scope"": ""UCDP Israel country unit includes Palestinian territories; not Israeli-nationality deaths"", ""population_denominator_compatible"": false, ""source_country_id"": 666, ""source_country_name"": ""Israel""}",UCDP territory-coded best estimate; not intensity-band floor. Israel/Palestine source unit and pre-2012 Sudan are excluded from unmatched WDI population rates.
ISR,2013-01-01,2013-12-31,conflict_nonstate_deaths,0.0,deaths,,,annual,ucdp,26.1,https://ucdp.uu.se/downloads/organizedviolencecy/organizedviolencecy-261-csv.zip,,2026-09-07T11:32:05.412663+00:00,False,"{""geographic_scope"": ""UCDP Israel country unit includes Palestinian territories; not Israeli-nationality deaths"", ""population_denominator_compatible"": false, ""source_country_id"": 666, ""source_country_name"": ""Israel""}",UCDP territory-coded best estimate; not intensity-band floor. Israel/Palestine source unit and pre-2012 Sudan are excluded from unmatched WDI population rates.
ISR,2013-01-01,2013-12-31,conflict_total_deaths,12.0,deaths,,,annual,ucdp,26.1,https://ucdp.uu.se/downloads/organizedviolencecy/organizedviolencecy-261-csv.zip,,2026-09-07T11:32:05.412663+00:00,False,"{""geographic_scope"": ""UCDP Israel country unit includes Palestinian territories; not Israeli-nationality deaths"", ""population_denominator_compatible"": false, ""source_country_id"": 666, ""source_country_name"": ""Israel""}",UCDP territory-coded best estimate; not intensity-band floor. Israel/Palestine source unit and pre-2012 Sudan are excluded from unmatched WDI population rates.
ISR,2014-01-01,2014-12-31,conflict_battle_deaths,2409.0,deaths,,,annual,ucdp,26.1,https://ucdp.uu.se/downloads/organizedviolencecy/organizedviolencecy-261-csv.zip,,2026-09-07T11:32:05.412663+00:00,False,"{""geographic_scope"": ""UCDP Israel country unit includes Palestinian territories; not Israeli-nationality deaths"", ""population_denominator_compatible"": false, ""source_country_id"": 666, ""source_country_name"": ""Israel""}",UCDP territory-coded best estimate; not intensity-band floor. Israel/Palestine source unit and pre-2012 Sudan are excluded from unmatched WDI population rates.
ISR,2014-01-01,2014-12-31,conflict_civilian_targeting_deaths,3.0,deaths,,,annual,ucdp,26.1,https://ucdp.uu.se/downloads/organizedviolencecy/organizedviolencecy-261-csv.zip,,2026-09-07T11:32:05.412663+00:00,False,"{""geographic_scope"": ""UCDP Israel country unit includes Palestinian territories; not Israeli-nationality deaths"", ""population_denominator_compatible"": false, ""source_country_id"": 666, ""source_country_name"": ""Israel""}",UCDP territory-coded best estimate; not intensity-band floor. Israel/Palestine source unit and pre-2012 Sudan are excluded from unmatched WDI population rates.
ISR,2014-01-01,2014-12-31,conflict_nonstate_deaths,0.0,deaths,,,annual,ucdp,26.1,https://ucdp.uu.se/downloads/organizedviolencecy/organizedviolencecy-261-csv.zip,,2026-09-07T11:32:05.412663+00:00,False,"{""geographic_scope"": ""UCDP Israel country unit includes Palestinian territories; not Israeli-nationality deaths"", ""population_denominator_compatible"": false, ""source_country_id"": 666, ""source_country_name"": ""Israel""}",UCDP territory-coded best estimate; not intensity-band floor. Israel/Palestine source unit and pre-2012 Sudan are excluded from unmatched WDI population rates.
ISR,2014-01-01,2014-12-31,conflict_total_deaths,2412.0,deaths,,,annual,ucdp,26.1,https://ucdp.uu.se/downloads/organizedviolencecy/organizedviolencecy-261-csv.zip,,2026-09-07T11:32:05.412663+00:00,False,"{""geographic_scope"": ""UCDP Israel country unit includes Palestinian territories; not Israeli-nationality deaths"", ""population_denominator_compatible"": false, ""source_country_id"": 666, ""source_country_name"": ""Israel""}",UCDP territory-coded best estimate; not intensity-band floor. Israel/Palestine source unit and pre-2012 Sudan are excluded from unmatched WDI population rates.
ISR,2015-01-01,2015-12-31,conflict_battle_deaths,10.0,deaths,,,annual,ucdp,26.1,https://ucdp.uu.se/downloads/organizedviolencecy/organizedviolencecy-261-csv.zip,,2026-09-07T11:32:05.412663+00:00,False,"{""geographic_scope"": ""UCDP Israel country unit includes Palestinian territories; not Israeli-nationality deaths"", ""population_denominator_compatible"": false, ""source_country_id"": 666, ""source_country_name"": ""Israel""}",UCDP territory-coded best estimate; not intensity-band floor. Israel/Palestine source unit and pre-2012 Sudan are excluded from unmatched WDI population rates.
ISR,2015-01-01,2015-12-31,conflict_civilian_targeting_deaths,7.0,deaths,,,annual,ucdp,26.1,https://ucdp.uu.se/downloads/organizedviolencecy/organizedviolencecy-261-csv.zip,,2026-09-07T11:32:05.412663+00:00,False,"{""geographic_scope"": ""UCDP Israel country unit includes Palestinian territories; not Israeli-nationality deaths"", ""population_denominator_compatible"": false, ""source_country_id"": 666, ""source_country_name"": ""Israel""}",UCDP territory-coded best estimate; not intensity-band floor. Israel/Palestine source unit and pre-2012 Sudan are excluded from unmatched WDI population rates.
ISR,2015-01-01,2015-12-31,conflict_nonstate_deaths,0.0,deaths,,,annual,ucdp,26.1,https://ucdp.uu.se/downloads/organizedviolencecy/organizedviolencecy-261-csv.zip,,2026-09-07T11:32:05.412663+00:00,False,"{""geographic_scope"": ""UCDP Israel country unit includes Palestinian territories; not Israeli-nationality deaths"", ""population_denominator_compatible"": false, ""source_country_id"": 666, ""source_country_name"": ""Israel""}",UCDP territory-coded best estimate; not intensity-band floor. Israel/Palestine source unit and pre-2012 Sudan are excluded from unmatched WDI population rates.
ISR,2015-01-01,2015-12-31,conflict_total_deaths,17.0,deaths,,,annual,ucdp,26.1,https://ucdp.uu.se/downloads/organizedviolencecy/organizedviolencecy-261-csv.zip,,2026-09-07T11:32:05.412663+00:00,False,"{""geographic_scope"": ""UCDP Israel country unit includes Palestinian territories; not Israeli-nationality deaths"", ""population_denominator_compatible"": false, ""source_country_id"": 666, ""source_country_name"": ""Israel""}",UCDP territory-coded best estimate; not intensity-band floor. Israel/Palestine source unit and pre-2012 Sudan are excluded from unmatched WDI population rates.
ISR,2016-01-01,2016-12-31,conflict_battle_deaths,7.0,deaths,,,annual,ucdp,26.1,https://ucdp.uu.se/downloads/organizedviolencecy/organizedviolencecy-261-csv.zip,,2026-09-07T11:32:05.412663+00:00,False,"{""geographic_scope"": ""UCDP Israel country unit includes Palestinian territories; not Israeli-nationality deaths"", ""population_denominator_compatible"": false, ""source_country_id"": 666, ""source_country_name"": ""Israel""}",UCDP territory-coded best estimate; not intensity-band floor. Israel/Palestine source unit and pre-2012 Sudan are excluded from unmatched WDI population rates.
ISR,2016-01-01,2016-12-31,conflict_civilian_targeting_deaths,5.0,deaths,,,annual,ucdp,26.1,https://ucdp.uu.se/downloads/organizedviolencecy/organizedviolencecy-261-csv.zip,,2026-09-07T11:32:05.412663+00:00,False,"{""geographic_scope"": ""UCDP Israel country unit includes Palestinian territories; not Israeli-nationality deaths"", ""population_denominator_compatible"": false, ""source_country_id"": 666, ""source_country_name"": ""Israel""}",UCDP territory-coded best estimate; not intensity-band floor. Israel/Palestine source unit and pre-2012 Sudan are excluded from unmatched WDI population rates.
ISR,2016-01-01,2016-12-31,conflict_nonstate_deaths,0.0,deaths,,,annual,ucdp,26.1,https://ucdp.uu.se/downloads/organizedviolencecy/organizedviolencecy-261-csv.zip,,2026-09-07T11:32:05.412663+00:00,False,"{""geographic_scope"": ""UCDP Israel country unit includes Palestinian territories; not Israeli-nationality deaths"", ""population_denominator_compatible"": false, ""source_country_id"": 666, ""source_country_name"": ""Israel""}",UCDP territory-coded best estimate; not intensity-band floor. Israel/Palestine source unit and pre-2012 Sudan are excluded from unmatched WDI population rates.
ISR,2016-01-01,2016-12-31,conflict_total_deaths,12.0,deaths,,,annual,ucdp,26.1,https://ucdp.uu.se/downloads/organizedviolencecy/organizedviolencecy-261-csv.zip,,2026-09-07T11:32:05.412663+00:00,False,"{""geographic_scope"": ""UCDP Israel country unit includes Palestinian territories; not Israeli-nationality deaths"", ""population_denominator_compatible"": false, ""source_country_id"": 666, ""source_country_name"": ""Israel""}",UCDP territory-coded best estimate; not intensity-band floor. Israel/Palestine source unit and pre-2012 Sudan are excluded from unmatched WDI population rates.
ISR,2017-01-01,2017-12-31,conflict_battle_deaths,24.0,deaths,,,annual,ucdp,26.1,https://ucdp.uu.se/downloads/organizedviolencecy/organizedviolencecy-261-csv.zip,,2026-09-07T11:32:05.412663+00:00,False,"{""geographic_scope"": ""UCDP Israel country unit includes Palestinian territories; not Israeli-nationality deaths"", ""population_denominator_compatible"": false, ""source_country_id"": 666, ""source_country_name"": ""Israel""}",UCDP territory-coded best estimate; not intensity-band floor. Israel/Palestine source unit and pre-2012 Sudan are excluded from unmatched WDI population rates.
ISR,2017-01-01,2017-12-31,conflict_civilian_targeting_deaths,2.0,deaths,,,annual,ucdp,26.1,https://ucdp.uu.se/downloads/organizedviolencecy/organizedviolencecy-261-csv.zip,,2026-09-07T11:32:05.412663+00:00,False,"{""geographic_scope"": ""UCDP Israel country unit includes Palestinian territories; not Israeli-nationality deaths"", ""population_denominator_compatible"": false, ""source_country_id"": 666, ""source_country_name"": ""Israel""}",UCDP territory-coded best estimate; not intensity-band floor. Israel/Palestine source unit and pre-2012 Sudan are excluded from unmatched WDI population rates.
ISR,2017-01-01,2017-12-31,conflict_nonstate_deaths,0.0,deaths,,,annual,ucdp,26.1,https://ucdp.uu.se/downloads/organizedviolencecy/organizedviolencecy-261-csv.zip,,2026-09-07T11:32:05.412663+00:00,False,"{""geographic_scope"": ""UCDP Israel country unit includes Palestinian territories; not Israeli-nationality deaths"", ""population_denominator_compatible"": false, ""source_country_id"": 666, ""source_country_name"": ""Israel""}",UCDP territory-coded best estimate; not intensity-band floor. Israel/Palestine source unit and pre-2012 Sudan are excluded from unmatched WDI population rates.
ISR,2017-01-01,2017-12-31,conflict_total_deaths,26.0,deaths,,,annual,ucdp,26.1,https://ucdp.uu.se/downloads/organizedviolencecy/organizedviolencecy-261-csv.zip,,2026-09-07T11:32:05.412663+00:00,False,"{""geographic_scope"": ""UCDP Israel country unit includes Palestinian territories; not Israeli-nationality deaths"", ""population_denominator_compatible"": false, ""source_country_id"": 666, ""source_country_name"": ""Israel""}",UCDP territory-coded best estimate; not intensity-band floor. Israel/Palestine source unit and pre-2012 Sudan are excluded from unmatched WDI population rates.
ISR,2018-01-01,2018-12-31,conflict_battle_deaths,67.0,deaths,,,annual,ucdp,26.1,https://ucdp.uu.se/downloads/organizedviolencecy/organizedviolencecy-261-csv.zip,,2026-09-07T11:32:05.412663+00:00,False,"{""geographic_scope"": ""UCDP Israel country unit includes Palestinian territories; not Israeli-nationality deaths"", ""population_denominator_compatible"": false, ""source_country_id"": 666, ""source_country_name"": ""Israel""}",UCDP territory-coded best estimate; not intensity-band floor. Israel/Palestine source unit and pre-2012 Sudan are excluded from unmatched WDI population rates.
ISR,2018-01-01,2018-12-31,conflict_civilian_targeting_deaths,11.0,deaths,,,annual,ucdp,26.1,https://ucdp.uu.se/downloads/organizedviolencecy/organizedviolencecy-261-csv.zip,,2026-09-07T11:32:05.412663+00:00,False,"{""geographic_scope"": ""UCDP Israel country unit includes Palestinian territories; not Israeli-nationality deaths"", ""population_denominator_compatible"": false, ""source_country_id"": 666, ""source_country_name"": ""Israel""}",UCDP territory-coded best estimate; not intensity-band floor. Israel/Palestine source unit and pre-2012 Sudan are excluded from unmatched WDI population rates.
ISR,2018-01-01,2018-12-31,conflict_nonstate_deaths,0.0,deaths,,,annual,ucdp,26.1,https://ucdp.uu.se/downloads/organizedviolencecy/organizedviolencecy-261-csv.zip,,2026-09-07T11:32:05.412663+00:00,False,"{""geographic_scope"": ""UCDP Israel country unit includes Palestinian territories; not Israeli-nationality deaths"", ""population_denominator_compatible"": false, ""source_country_id"": 666, ""source_country_name"": ""Israel""}",UCDP territory-coded best estimate; not intensity-band floor. Israel/Palestine source unit and pre-2012 Sudan are excluded from unmatched WDI population rates.
ISR,2018-01-01,2018-12-31,conflict_total_deaths,78.0,deaths,,,annual,ucdp,26.1,https://ucdp.uu.se/downloads/organizedviolencecy/organizedviolencecy-261-csv.zip,,2026-09-07T11:32:05.412663+00:00,False,"{""geographic_scope"": ""UCDP Israel country unit includes Palestinian territories; not Israeli-nationality deaths"", ""population_denominator_compatible"": false, ""source_country_id"": 666, ""source_country_name"": ""Israel""}",UCDP territory-coded best estimate; not intensity-band floor. Israel/Palestine source unit and pre-2012 Sudan are excluded from unmatched WDI population rates.
ISR,2019-01-01,2019-12-31,conflict_battle_deaths,80.0,deaths,,,annual,ucdp,26.1,https://ucdp.uu.se/downloads/organizedviolencecy/organizedviolencecy-261-csv.zip,,2026-09-07T11:32:05.412663+00:00,False,"{""geographic_scope"": ""UCDP Israel country unit includes Palestinian territories; not Israeli-nationality deaths"", ""population_denominator_compatible"": false, ""source_country_id"": 666, ""source_country_name"": ""Israel""}",UCDP territory-coded best estimate; not intensity-band floor. Israel/Palestine source unit and pre-2012 Sudan are excluded from unmatched WDI population rates.
ISR,2019-01-01,2019-12-31,conflict_civilian_targeting_deaths,3.0,deaths,,,annual,ucdp,26.1,https://ucdp.uu.se/downloads/organizedviolencecy/organizedviolencecy-261-csv.zip,,2026-09-07T11:32:05.412663+00:00,False,"{""geographic_scope"": ""UCDP Israel country unit includes Palestinian territories; not Israeli-nationality deaths"", ""population_denominator_compatible"": false, ""source_country_id"": 666, ""source_country_name"": ""Israel""}",UCDP territory-coded best estimate; not intensity-band floor. Israel/Palestine source unit and pre-2012 Sudan are excluded from unmatched WDI population rates.
ISR,2019-01-01,2019-12-31,conflict_nonstate_deaths,0.0,deaths,,,annual,ucdp,26.1,https://ucdp.uu.se/downloads/organizedviolencecy/organizedviolencecy-261-csv.zip,,2026-09-07T11:32:05.412663+00:00,False,"{""geographic_scope"": ""UCDP Israel country unit includes Palestinian territories; not Israeli-nationality deaths"", ""population_denominator_compatible"": false, ""source_country_id"": 666, ""source_country_name"": ""Israel""}",UCDP territory-coded best estimate; not intensity-band floor. Israel/Palestine source unit and pre-2012 Sudan are excluded from unmatched WDI population rates.
ISR,2019-01-01,2019-12-31,conflict_total_deaths,83.0,deaths,,,annual,ucdp,26.1,https://ucdp.uu.se/downloads/organizedviolencecy/organizedviolencecy-261-csv.zip,,2026-09-07T11:32:05.412663+00:00,False,"{""geographic_scope"": ""UCDP Israel country unit includes Palestinian territories; not Israeli-nationality deaths"", ""population_denominator_compatible"": false, ""source_country_id"": 666, ""source_country_name"": ""Israel""}",UCDP territory-coded best estimate; not intensity-band floor. Israel/Palestine source unit and pre-2012 Sudan are excluded from unmatched WDI population rates.
ISR,2020-01-01,2020-12-31,conflict_battle_deaths,7.0,deaths,,,annual,ucdp,26.1,https://ucdp.uu.se/downloads/organizedviolencecy/organizedviolencecy-261-csv.zip,,2026-09-07T11:32:05.412663+00:00,False,"{""geographic_scope"": ""UCDP Israel country unit includes Palestinian territories; not Israeli-nationality deaths"", ""population_denominator_compatible"": false, ""source_country_id"": 666, ""source_country_name"": ""Israel""}",UCDP territory-coded best estimate; not intensity-band floor. Israel/Palestine source unit and pre-2012 Sudan are excluded from unmatched WDI population rates.
ISR,2020-01-01,2020-12-31,conflict_civilian_targeting_deaths,3.0,deaths,,,annual,ucdp,26.1,https://ucdp.uu.se/downloads/organizedviolencecy/organizedviolencecy-261-csv.zip,,2026-09-07T11:32:05.412663+00:00,False,"{""geographic_scope"": ""UCDP Israel country unit includes Palestinian territories; not Israeli-nationality deaths"", ""population_denominator_compatible"": false, ""source_country_id"": 666, ""source_country_name"": ""Israel""}",UCDP territory-coded best estimate; not intensity-band floor. Israel/Palestine source unit and pre-2012 Sudan are excluded from unmatched WDI population rates.
ISR,2020-01-01,2020-12-31,conflict_nonstate_deaths,0.0,deaths,,,annual,ucdp,26.1,https://ucdp.uu.se/downloads/organizedviolencecy/organizedviolencecy-261-csv.zip,,2026-09-07T11:32:05.412663+00:00,False,"{""geographic_scope"": ""UCDP Israel country unit includes Palestinian territories; not Israeli-nationality deaths"", ""population_denominator_compatible"": false, ""source_country_id"": 666, ""source_country_name"": ""Israel""}",UCDP territory-coded best estimate; not intensity-band floor. Israel/Palestine source unit and pre-2012 Sudan are excluded from unmatched WDI population rates.
ISR,2020-01-01,2020-12-31,conflict_total_deaths,10.0,deaths,,,annual,ucdp,26.1,https://ucdp.uu.se/downloads/organizedviolencecy/organizedviolencecy-261-csv.zip,,2026-09-07T11:32:05.412663+00:00,False,"{""geographic_scope"": ""UCDP Israel country unit includes Palestinian territories; not Israeli-nationality deaths"", ""population_denominator_compatible"": false, ""source_country_id"": 666, ""source_country_name"": ""Israel""}",UCDP territory-coded best estimate; not intensity-band floor. Israel/Palestine source unit and pre-2012 Sudan are excluded from unmatched WDI population rates.
ISR,2021-01-01,2021-12-31,conflict_battle_deaths,273.0,deaths,,,annual,ucdp,26.1,https://ucdp.uu.se/downloads/organizedviolencecy/organizedviolencecy-261-csv.zip,,2026-09-07T11:32:05.412663+00:00,False,"{""geographic_scope"": ""UCDP Israel country unit includes Palestinian territories; not Israeli-nationality deaths"", ""population_denominator_compatible"": false, ""source_country_id"": 666, ""source_country_name"": ""Israel""}",UCDP territory-coded best estimate; not intensity-band floor. Israel/Palestine source unit and pre-2012 Sudan are excluded from unmatched WDI population rates.
ISR,2021-01-01,2021-12-31,conflict_civilian_targeting_deaths,8.0,deaths,,,annual,ucdp,26.1,https://ucdp.uu.se/downloads/organizedviolencecy/organizedviolencecy-261-csv.zip,,2026-09-07T11:32:05.412663+00:00,False,"{""geographic_scope"": ""UCDP Israel country unit includes Palestinian territories; not Israeli-nationality deaths"", ""population_denominator_compatible"": false, ""source_country_id"": 666, ""source_country_name"": ""Israel""}",UCDP territory-coded best estimate; not intensity-band floor. Israel/Palestine source unit and pre-2012 Sudan are excluded from unmatched WDI population rates.
ISR,2021-01-01,2021-12-31,conflict_nonstate_deaths,0.0,deaths,,,annual,ucdp,26.1,https://ucdp.uu.se/downloads/organizedviolencecy/organizedviolencecy-261-csv.zip,,2026-09-07T11:32:05.412663+00:00,False,"{""geographic_scope"": ""UCDP Israel country unit includes Palestinian territories; not Israeli-nationality deaths"", ""population_denominator_compatible"": false, ""source_country_id"": 666, ""source_country_name"": ""Israel""}",UCDP territory-coded best estimate; not intensity-band floor. Israel/Palestine source unit and pre-2012 Sudan are excluded from unmatched WDI population rates.
ISR,2021-01-01,2021-12-31,conflict_total_deaths,281.0,deaths,,,annual,ucdp,26.1,https://ucdp.uu.se/downloads/organizedviolencecy/organizedviolencecy-261-csv.zip,,2026-09-07T11:32:05.412663+00:00,False,"{""geographic_scope"": ""UCDP Israel country unit includes Palestinian territories; not Israeli-nationality deaths"", ""population_denominator_compatible"": false, ""source_country_id"": 666, ""source_country_name"": ""Israel""}",UCDP territory-coded best estimate; not intensity-band floor. Israel/Palestine source unit and pre-2012 Sudan are excluded from unmatched WDI population rates.
ISR,2022-01-01,2022-12-31,conflict_battle_deaths,97.0,deaths,,,annual,ucdp,26.1,https://ucdp.uu.se/downloads/organizedviolencecy/organizedviolencecy-261-csv.zip,,2026-09-07T11:32:05.412663+00:00,False,"{""geographic_scope"": ""UCDP Israel country unit includes Palestinian territories; not Israeli-nationality deaths"", ""population_denominator_compatible"": false, ""source_country_id"": 666, ""source_country_name"": ""Israel""}",UCDP territory-coded best estimate; not intensity-band floor. Israel/Palestine source unit and pre-2012 Sudan are excluded from unmatched WDI population rates.
ISR,2022-01-01,2022-12-31,conflict_civilian_targeting_deaths,3.0,deaths,,,annual,ucdp,26.1,https://ucdp.uu.se/downloads/organizedviolencecy/organizedviolencecy-261-csv.zip,,2026-09-07T11:32:05.412663+00:00,False,"{""geographic_scope"": ""UCDP Israel country unit includes Palestinian territories; not Israeli-nationality deaths"", ""population_denominator_compatible"": false, ""source_country_id"": 666, ""source_country_name"": ""Israel""}",UCDP territory-coded best estimate; not intensity-band floor. Israel/Palestine source unit and pre-2012 Sudan are excluded from unmatched WDI population rates.
ISR,2022-01-01,2022-12-31,conflict_nonstate_deaths,0.0,deaths,,,annual,ucdp,26.1,https://ucdp.uu.se/downloads/organizedviolencecy/organizedviolencecy-261-csv.zip,,2026-09-07T11:32:05.412663+00:00,False,"{""geographic_scope"": ""UCDP Israel country unit includes Palestinian territories; not Israeli-nationality deaths"", ""population_denominator_compatible"": false, ""source_country_id"": 666, ""source_country_name"": ""Israel""}",UCDP territory-coded best estimate; not intensity-band floor. Israel/Palestine source unit and pre-2012 Sudan are excluded from unmatched WDI population rates.
ISR,2022-01-01,2022-12-31,conflict_total_deaths,100.0,deaths,,,annual,ucdp,26.1,https://ucdp.uu.se/downloads/organizedviolencecy/organizedviolencecy-261-csv.zip,,2026-09-07T11:32:05.412663+00:00,False,"{""geographic_scope"": ""UCDP Israel country unit includes Palestinian territories; not Israeli-nationality deaths"", ""population_denominator_compatible"": false, ""source_country_id"": 666, ""source_country_name"": ""Israel""}",UCDP territory-coded best estimate; not intensity-band floor. Israel/Palestine source unit and pre-2012 Sudan are excluded from unmatched WDI population rates.
ISR,2023-01-01,2023-12-31,conflict_battle_deaths,26816.0,deaths,,,annual,ucdp,26.1,https://ucdp.uu.se/downloads/organizedviolencecy/organizedviolencecy-261-csv.zip,,2026-09-07T11:32:05.412663+00:00,False,"{""geographic_scope"": ""UCDP Israel country unit includes Palestinian territories; not Israeli-nationality deaths"", ""population_denominator_compatible"": false, ""source_country_id"": 666, ""source_country_name"": ""Israel""}",UCDP territory-coded best estimate; not intensity-band floor. Israel/Palestine source unit and pre-2012 Sudan are excluded from unmatched WDI population rates.
ISR,2023-01-01,2023-12-31,conflict_civilian_targeting_deaths,719.0,deaths,,,annual,ucdp,26.1,https://ucdp.uu.se/downloads/organizedviolencecy/organizedviolencecy-261-csv.zip,,2026-09-07T11:32:05.412663+00:00,False,"{""geographic_scope"": ""UCDP Israel country unit includes Palestinian territories; not Israeli-nationality deaths"", ""population_denominator_compatible"": false, ""source_country_id"": 666, ""source_country_name"": ""Israel""}",UCDP territory-coded best estimate; not intensity-band floor. Israel/Palestine source unit and pre-2012 Sudan are excluded from unmatched WDI population rates.
ISR,2023-01-01,2023-12-31,conflict_nonstate_deaths,0.0,deaths,,,annual,ucdp,26.1,https://ucdp.uu.se/downloads/organizedviolencecy/organizedviolencecy-261-csv.zip,,2026-09-07T11:32:05.412663+00:00,False,"{""geographic_scope"": ""UCDP Israel country unit includes Palestinian territories; not Israeli-nationality deaths"", ""population_denominator_compatible"": false, ""source_country_id"": 666, ""source_country_name"": ""Israel""}",UCDP territory-coded best estimate; not intensity-band floor. Israel/Palestine source unit and pre-2012 Sudan are excluded from unmatched WDI population rates.
ISR,2023-01-01,2023-12-31,conflict_total_deaths,27535.0,deaths,,,annual,ucdp,26.1,https://ucdp.uu.se/downloads/organizedviolencecy/organizedviolencecy-261-csv.zip,,2026-09-07T11:32:05.412663+00:00,False,"{""geographic_scope"": ""UCDP Israel country unit includes Palestinian territories; not Israeli-nationality deaths"", ""population_denominator_compatible"": false, ""source_country_id"": 666, ""source_country_name"": ""Israel""}",UCDP territory-coded best estimate; not intensity-band floor. Israel/Palestine source unit and pre-2012 Sudan are excluded from unmatched WDI population rates.
ISR,2024-01-01,2024-12-31,conflict_battle_deaths,21571.0,deaths,,,annual,ucdp,26.1,https://ucdp.uu.se/downloads/organizedviolencecy/organizedviolencecy-261-csv.zip,,2026-09-07T11:32:05.412663+00:00,False,"{""geographic_scope"": ""UCDP Israel country unit includes Palestinian territories; not Israeli-nationality deaths"", ""population_denominator_compatible"": false, ""source_country_id"": 666, ""source_country_name"": ""Israel""}",UCDP territory-coded best estimate; not intensity-band floor. Israel/Palestine source unit and pre-2012 Sudan are excluded from unmatched WDI population rates.
ISR,2024-01-01,2024-12-31,conflict_civilian_targeting_deaths,51.0,deaths,,,annual,ucdp,26.1,https://ucdp.uu.se/downloads/organizedviolencecy/organizedviolencecy-261-csv.zip,,2026-09-07T11:32:05.412663+00:00,False,"{""geographic_scope"": ""UCDP Israel country unit includes Palestinian territories; not Israeli-nationality deaths"", ""population_denominator_compatible"": false, ""source_country_id"": 666, ""source_country_name"": ""Israel""}",UCDP territory-coded best estimate; not intensity-band floor. Israel/Palestine source unit and pre-2012 Sudan are excluded from unmatched WDI population rates.
ISR,2024-01-01,2024-12-31,conflict_nonstate_deaths,0.0,deaths,,,annual,ucdp,26.1,https://ucdp.uu.se/downloads/organizedviolencecy/organizedviolencecy-261-csv.zip,,2026-09-07T11:32:05.412663+00:00,False,"{""geographic_scope"": ""UCDP Israel country unit includes Palestinian territories; not Israeli-nationality deaths"", ""population_denominator_compatible"": false, ""source_country_id"": 666, ""source_country_name"": ""Israel""}",UCDP territory-coded best estimate; not intensity-band floor. Israel/Palestine source unit and pre-2012 Sudan are excluded from unmatched WDI population rates.
ISR,2024-01-01,2024-12-31,conflict_total_deaths,21622.0,deaths,,,annual,ucdp,26.1,https://ucdp.uu.se/downloads/organizedviolencecy/organizedviolencecy-261-csv.zip,,2026-09-07T11:32:05.412663+00:00,False,"{""geographic_scope"": ""UCDP Israel country unit includes Palestinian territories; not Israeli-nationality deaths"", ""population_denominator_compatible"": false, ""source_country_id"": 666, ""source_country_name"": ""Israel""}",UCDP territory-coded best estimate; not intensity-band floor. Israel/Palestine source unit and pre-2012 Sudan are excluded from unmatched WDI population rates.
ISR,2025-01-01,2025-12-31,conflict_battle_deaths,14472.0,deaths,,,annual,ucdp,26.1,https://ucdp.uu.se/downloads/organizedviolencecy/organizedviolencecy-261-csv.zip,,2026-09-07T11:32:05.412663+00:00,False,"{""geographic_scope"": ""UCDP Israel country unit includes Palestinian territories; not Israeli-nationality deaths"", ""population_denominator_compatible"": false, ""source_country_id"": 666, ""source_country_name"": ""Israel""}",UCDP territory-coded best estimate; not intensity-band floor. Israel/Palestine source unit and pre-2012 Sudan are excluded from unmatched WDI population rates.
ISR,2025-01-01,2025-12-31,conflict_civilian_targeting_deaths,91.0,deaths,,,annual,ucdp,26.1,https://ucdp.uu.se/downloads/organizedviolencecy/organizedviolencecy-261-csv.zip,,2026-09-07T11:32:05.412663+00:00,False,"{""geographic_scope"": ""UCDP Israel country unit includes Palestinian territories; not Israeli-nationality deaths"", ""population_denominator_compatible"": false, ""source_country_id"": 666, ""source_country_name"": ""Israel""}",UCDP territory-coded best estimate; not intensity-band floor. Israel/Palestine source unit and pre-2012 Sudan are excluded from unmatched WDI population rates.
ISR,2025-01-01,2025-12-31,conflict_nonstate_deaths,0.0,deaths,,,annual,ucdp,26.1,https://ucdp.uu.se/downloads/organizedviolencecy/organizedviolencecy-261-csv.zip,,2026-09-07T11:32:05.412663+00:00,False,"{""geographic_scope"": ""UCDP Israel country unit includes Palestinian territories; not Israeli-nationality deaths"", ""population_denominator_compatible"": false, ""source_country_id"": 666, ""source_country_name"": ""Israel""}",UCDP territory-coded best estimate; not intensity-band floor. Israel/Palestine source unit and pre-2012 Sudan are excluded from unmatched WDI population rates.
ISR,2025-01-01,2025-12-31,conflict_total_deaths,14563.0,deaths,,,annual,ucdp,26.1,https://ucdp.uu.se/downloads/organizedviolencecy/organizedviolencecy-261-csv.zip,,2026-09-07T11:32:05.412663+00:00,False,"{""geographic_scope"": ""UCDP Israel country unit includes Palestinian territories; not Israeli-nationality deaths"", ""population_denominator_compatible"": false, ""source_country_id"": 666, ""source_country_name"": ""Israel""}",UCDP territory-coded best estimate; not intensity-band floor. Israel/Palestine source unit and pre-2012 Sudan are excluded from unmatched WDI population rates.
LBN,2000-01-01,2000-12-31,conflict_battle_deaths,29.0,deaths,,,annual,ucdp,26.1,https://ucdp.uu.se/downloads/organizedviolencecy/organizedviolencecy-261-csv.zip,,2026-09-07T11:32:05.412663+00:00,False,"{""geographic_scope"": ""UCDP source-country territory"", ""population_denominator_compatible"": true, ""source_country_id"": 660, ""source_country_name"": ""Lebanon""}",UCDP territory-coded best estimate; not intensity-band floor. Israel/Palestine source unit and pre-2012 Sudan are excluded from unmatched WDI population rates.
LBN,2000-01-01,2000-12-31,conflict_civilian_targeting_deaths,1.0,deaths,,,annual,ucdp,26.1,https://ucdp.uu.se/downloads/organizedviolencecy/organizedviolencecy-261-csv.zip,,2026-09-07T11:32:05.412663+00:00,False,"{""geographic_scope"": ""UCDP source-country territory"", ""population_denominator_compatible"": true, ""source_country_id"": 660, ""source_country_name"": ""Lebanon""}",UCDP territory-coded best estimate; not intensity-band floor. Israel/Palestine source unit and pre-2012 Sudan are excluded from unmatched WDI population rates.
LBN,2000-01-01,2000-12-31,conflict_nonstate_deaths,29.0,deaths,,,annual,ucdp,26.1,https://ucdp.uu.se/downloads/organizedviolencecy/organizedviolencecy-261-csv.zip,,2026-09-07T11:32:05.412663+00:00,False,"{""geographic_scope"": ""UCDP source-country territory"", ""population_denominator_compatible"": true, ""source_country_id"": 660, ""source_country_name"": ""Lebanon""}",UCDP territory-coded best estimate; not intensity-band floor. Israel/Palestine source unit and pre-2012 Sudan are excluded from unmatched WDI population rates.
LBN,2000-01-01,2000-12-31,conflict_total_deaths,59.0,deaths,,,annual,ucdp,26.1,https://ucdp.uu.se/downloads/organizedviolencecy/organizedviolencecy-261-csv.zip,,2026-09-07T11:32:05.412663+00:00,False,"{""geographic_scope"": ""UCDP source-country territory"", ""population_denominator_compatible"": true, ""source_country_id"": 660, ""source_country_name"": ""Lebanon""}",UCDP territory-coded best estimate; not intensity-band floor. Israel/Palestine source unit and pre-2012 Sudan are excluded from unmatched WDI population rates.
LBN,2001-01-01,2001-12-31,conflict_battle_deaths,7.0,deaths,,,annual,ucdp,26.1,https://ucdp.uu.se/downloads/organizedviolencecy/organizedviolencecy-261-csv.zip,,2026-09-07T11:32:05.412663+00:00,False,"{""geographic_scope"": ""UCDP source-country territory"", ""population_denominator_compatible"": true, ""source_country_id"": 660, ""source_country_name"": ""Lebanon""}",UCDP territory-coded best estimate; not intensity-band floor. Israel/Palestine source unit and pre-2012 Sudan are excluded from unmatched WDI population rates.
LBN,2001-01-01,2001-12-31,conflict_civilian_targeting_deaths,0.0,deaths,,,annual,ucdp,26.1,https://ucdp.uu.se/downloads/organizedviolencecy/organizedviolencecy-261-csv.zip,,2026-09-07T11:32:05.412663+00:00,False,"{""geographic_scope"": ""UCDP source-country territory"", ""population_denominator_compatible"": true, ""source_country_id"": 660, ""source_country_name"": ""Lebanon""}",UCDP territory-coded best estimate; not intensity-band floor. Israel/Palestine source unit and pre-2012 Sudan are excluded from unmatched WDI population rates.
LBN,2001-01-01,2001-12-31,conflict_nonstate_deaths,0.0,deaths,,,annual,ucdp,26.1,https://ucdp.uu.se/downloads/organizedviolencecy/organizedviolencecy-261-csv.zip,,2026-09-07T11:32:05.412663+00:00,False,"{""geographic_scope"": ""UCDP source-country territory"", ""population_denominator_compatible"": true, ""source_country_id"": 660, ""source_country_name"": ""Lebanon""}",UCDP territory-coded best estimate; not intensity-band floor. Israel/Palestine source unit and pre-2012 Sudan are excluded from unmatched WDI population rates.
LBN,2001-01-01,2001-12-31,conflict_total_deaths,7.0,deaths,,,annual,ucdp,26.1,https://ucdp.uu.se/downloads/organizedviolencecy/organizedviolencecy-261-csv.zip,,2026-09-07T11:32:05.412663+00:00,False,"{""geographic_scope"": ""UCDP source-country territory"", ""population_denominator_compatible"": true, ""source_country_id"": 660, ""source_country_name"": ""Lebanon""}",UCDP territory-coded best estimate; not intensity-band floor. Israel/Palestine source unit and pre-2012 Sudan are excluded from unmatched WDI population rates.
LBN,2002-01-01,2002-12-31,conflict_battle_deaths,0.0,deaths,,,annual,ucdp,26.1,https://ucdp.uu.se/downloads/organizedviolencecy/organizedviolencecy-261-csv.zip,,2026-09-07T11:32:05.412663+00:00,False,"{""geographic_scope"": ""UCDP source-country territory"", ""population_denominator_compatible"": true, ""source_country_id"": 660, ""source_country_name"": ""Lebanon""}",UCDP territory-coded best estimate; not intensity-band floor. Israel/Palestine source unit and pre-2012 Sudan are excluded from unmatched WDI population rates.
LBN,2002-01-01,2002-12-31,conflict_civilian_targeting_deaths,0.0,deaths,,,annual,ucdp,26.1,https://ucdp.uu.se/downloads/organizedviolencecy/organizedviolencecy-261-csv.zip,,2026-09-07T11:32:05.412663+00:00,False,"{""geographic_scope"": ""UCDP source-country territory"", ""population_denominator_compatible"": true, ""source_country_id"": 660, ""source_country_name"": ""Lebanon""}",UCDP territory-coded best estimate; not intensity-band floor. Israel/Palestine source unit and pre-2012 Sudan are excluded from unmatched WDI population rates.
LBN,2002-01-01,2002-12-31,conflict_nonstate_deaths,0.0,deaths,,,annual,ucdp,26.1,https://ucdp.uu.se/downloads/organizedviolencecy/organizedviolencecy-261-csv.zip,,2026-09-07T11:32:05.412663+00:00,False,"{""geographic_scope"": ""UCDP source-country territory"", ""population_denominator_compatible"": true, ""source_country_id"": 660, ""source_country_name"": ""Lebanon""}",UCDP territory-coded best estimate; not intensity-band floor. Israel/Palestine source unit and pre-2012 Sudan are excluded from unmatched WDI population rates.
LBN,2002-01-01,2002-12-31,conflict_total_deaths,0.0,deaths,,,annual,ucdp,26.1,https://ucdp.uu.se/downloads/organizedviolencecy/organizedviolencecy-261-csv.zip,,2026-09-07T11:32:05.412663+00:00,False,"{""geographic_scope"": ""UCDP source-country territory"", ""population_denominator_compatible"": true, ""source_country_id"": 660, ""source_country_name"": ""Lebanon""}",UCDP territory-coded best estimate; not intensity-band floor. Israel/Palestine source unit and pre-2012 Sudan are excluded from unmatched WDI population rates.
LBN,2003-01-01,2003-12-31,conflict_battle_deaths,1.0,deaths,,,annual,ucdp,26.1,https://ucdp.uu.se/downloads/organizedviolencecy/organizedviolencecy-261-csv.zip,,2026-09-07T11:32:05.412663+00:00,False,"{""geographic_scope"": ""UCDP source-country territory"", ""population_denominator_compatible"": true, ""source_country_id"": 660, ""source_country_name"": ""Lebanon""}",UCDP territory-coded best estimate; not intensity-band floor. Israel/Palestine source unit and pre-2012 Sudan are excluded from unmatched WDI population rates.
LBN,2003-01-01,2003-12-31,conflict_civilian_targeting_deaths,0.0,deaths,,,annual,ucdp,26.1,https://ucdp.uu.se/downloads/organizedviolencecy/organizedviolencecy-261-csv.zip,,2026-09-07T11:32:05.412663+00:00,False,"{""geographic_scope"": ""UCDP source-country territory"", ""population_denominator_compatible"": true, ""source_country_id"": 660, ""source_country_name"": ""Lebanon""}",UCDP territory-coded best estimate; not intensity-band floor. Israel/Palestine source unit and pre-2012 Sudan are excluded from unmatched WDI population rates.
LBN,2003-01-01,2003-12-31,conflict_nonstate_deaths,0.0,deaths,,,annual,ucdp,26.1,https://ucdp.uu.se/downloads/organizedviolencecy/organizedviolencecy-261-csv.zip,,2026-09-07T11:32:05.412663+00:00,False,"{""geographic_scope"": ""UCDP source-country territory"", ""population_denominator_compatible"": true, ""source_country_id"": 660, ""source_country_name"": ""Lebanon""}",UCDP territory-coded best estimate; not intensity-band floor. Israel/Palestine source unit and pre-2012 Sudan are excluded from unmatched WDI population rates.
LBN,2003-01-01,2003-12-31,conflict_total_deaths,1.0,deaths,,,annual,ucdp,26.1,https://ucdp.uu.se/downloads/organizedviolencecy/organizedviolencecy-261-csv.zip,,2026-09-07T11:32:05.412663+00:00,False,"{""geographic_scope"": ""UCDP source-country territory"", ""population_denominator_compatible"": true, ""source_country_id"": 660, ""source_country_name"": ""Lebanon""}",UCDP territory-coded best estimate; not intensity-band floor. Israel/Palestine source unit and pre-2012 Sudan are excluded from unmatched WDI population rates.
LBN,2004-01-01,2004-12-31,conflict_battle_deaths,0.0,deaths,,,annual,ucdp,26.1,https://ucdp.uu.se/downloads/organizedviolencecy/organizedviolencecy-261-csv.zip,,2026-09-07T11:32:05.412663+00:00,False,"{""geographic_scope"": ""UCDP source-country territory"", ""population_denominator_compatible"": true, ""source_country_id"": 660, ""source_country_name"": ""Lebanon""}",UCDP territory-coded best estimate; not intensity-band floor. Israel/Palestine source unit and pre-2012 Sudan are excluded from unmatched WDI population rates.
LBN,2004-01-01,2004-12-31,conflict_civilian_targeting_deaths,0.0,deaths,,,annual,ucdp,26.1,https://ucdp.uu.se/downloads/organizedviolencecy/organizedviolencecy-261-csv.zip,,2026-09-07T11:32:05.412663+00:00,False,"{""geographic_scope"": ""UCDP source-country territory"", ""population_denominator_compatible"": true, ""source_country_id"": 660, ""source_country_name"": ""Lebanon""}",UCDP territory-coded best estimate; not intensity-band floor. Israel/Palestine source unit and pre-2012 Sudan are excluded from unmatched WDI population rates.
LBN,2004-01-01,2004-12-31,conflict_nonstate_deaths,0.0,deaths,,,annual,ucdp,26.1,https://ucdp.uu.se/downloads/organizedviolencecy/organizedviolencecy-261-csv.zip,,2026-09-07T11:32:05.412663+00:00,False,"{""geographic_scope"": ""UCDP source-country territory"", ""population_denominator_compatible"": true, ""source_country_id"": 660, ""source_country_name"": ""Lebanon""}",UCDP territory-coded best estimate; not intensity-band floor. Israel/Palestine source unit and pre-2012 Sudan are excluded from unmatched WDI population rates.
LBN,2004-01-01,2004-12-31,conflict_total_deaths,0.0,deaths,,,annual,ucdp,26.1,https://ucdp.uu.se/downloads/organizedviolencecy/organizedviolencecy-261-csv.zip,,2026-09-07T11:32:05.412663+00:00,False,"{""geographic_scope"": ""UCDP source-country territory"", ""population_denominator_compatible"": true, ""source_country_id"": 660, ""source_country_name"": ""Lebanon""}",UCDP territory-coded best estimate; not intensity-band floor. Israel/Palestine source unit and pre-2012 Sudan are excluded from unmatched WDI population rates.
LBN,2005-01-01,2005-12-31,conflict_battle_deaths,3.0,deaths,,,annual,ucdp,26.1,https://ucdp.uu.se/downloads/organizedviolencecy/organizedviolencecy-261-csv.zip,,2026-09-07T11:32:05.412663+00:00,False,"{""geographic_scope"": ""UCDP source-country territory"", ""population_denominator_compatible"": true, ""source_country_id"": 660, ""source_country_name"": ""Lebanon""}",UCDP territory-coded best estimate; not intensity-band floor. Israel/Palestine source unit and pre-2012 Sudan are excluded from unmatched WDI population rates.
LBN,2005-01-01,2005-12-31,conflict_civilian_targeting_deaths,0.0,deaths,,,annual,ucdp,26.1,https://ucdp.uu.se/downloads/organizedviolencecy/organizedviolencecy-261-csv.zip,,2026-09-07T11:32:05.412663+00:00,False,"{""geographic_scope"": ""UCDP source-country territory"", ""population_denominator_compatible"": true, ""source_country_id"": 660, ""source_country_name"": ""Lebanon""}",UCDP territory-coded best estimate; not intensity-band floor. Israel/Palestine source unit and pre-2012 Sudan are excluded from unmatched WDI population rates.
LBN,2005-01-01,2005-12-31,conflict_nonstate_deaths,0.0,deaths,,,annual,ucdp,26.1,https://ucdp.uu.se/downloads/organizedviolencecy/organizedviolencecy-261-csv.zip,,2026-09-07T11:32:05.412663+00:00,False,"{""geographic_scope"": ""UCDP source-country territory"", ""population_denominator_compatible"": true, ""source_country_id"": 660, ""source_country_name"": ""Lebanon""}",UCDP territory-coded best estimate; not intensity-band floor. Israel/Palestine source unit and pre-2012 Sudan are excluded from unmatched WDI population rates.
LBN,2005-01-01,2005-12-31,conflict_total_deaths,3.0,deaths,,,annual,ucdp,26.1,https://ucdp.uu.se/downloads/organizedviolencecy/organizedviolencecy-261-csv.zip,,2026-09-07T11:32:05.412663+00:00,False,"{""geographic_scope"": ""UCDP source-country territory"", ""population_denominator_compatible"": true, ""source_country_id"": 660, ""source_country_name"": ""Lebanon""}",UCDP territory-coded best estimate; not intensity-band floor. Israel/Palestine source unit and pre-2012 Sudan are excluded from unmatched WDI population rates.
LBN,2006-01-01,2006-12-31,conflict_battle_deaths,1189.0,deaths,,,annual,ucdp,26.1,https://ucdp.uu.se/downloads/organizedviolencecy/organizedviolencecy-261-csv.zip,,2026-09-07T11:32:05.412663+00:00,False,"{""geographic_scope"": ""UCDP source-country territory"", ""population_denominator_compatible"": true, ""source_country_id"": 660, ""source_country_name"": ""Lebanon""}",UCDP territory-coded best estimate; not intensity-band floor. Israel/Palestine source unit and pre-2012 Sudan are excluded from unmatched WDI population rates.
LBN,2006-01-01,2006-12-31,conflict_civilian_targeting_deaths,5.0,deaths,,,annual,ucdp,26.1,https://ucdp.uu.se/downloads/organizedviolencecy/organizedviolencecy-261-csv.zip,,2026-09-07T11:32:05.412663+00:00,False,"{""geographic_scope"": ""UCDP source-country territory"", ""population_denominator_compatible"": true, ""source_country_id"": 660, ""source_country_name"": ""Lebanon""}",UCDP territory-coded best estimate; not intensity-band floor. Israel/Palestine source unit and pre-2012 Sudan are excluded from unmatched WDI population rates.
LBN,2006-01-01,2006-12-31,conflict_nonstate_deaths,0.0,deaths,,,annual,ucdp,26.1,https://ucdp.uu.se/downloads/organizedviolencecy/organizedviolencecy-261-csv.zip,,2026-09-07T11:32:05.412663+00:00,False,"{""geographic_scope"": ""UCDP source-country territory"", ""population_denominator_compatible"": true, ""source_country_id"": 660, ""source_country_name"": ""Lebanon""}",UCDP territory-coded best estimate; not intensity-band floor. Israel/Palestine source unit and pre-2012 Sudan are excluded from unmatched WDI population rates.
LBN,2006-01-01,2006-12-31,conflict_total_deaths,1194.0,deaths,,,annual,ucdp,26.1,https://ucdp.uu.se/downloads/organizedviolencecy/organizedviolencecy-261-csv.zip,,2026-09-07T11:32:05.412663+00:00,False,"{""geographic_scope"": ""UCDP source-country territory"", ""population_denominator_compatible"": true, ""source_country_id"": 660, ""source_country_name"": ""Lebanon""}",UCDP territory-coded best estimate; not intensity-band floor. Israel/Palestine source unit and pre-2012 Sudan are excluded from unmatched WDI population rates.
LBN,2007-01-01,2007-12-31,conflict_battle_deaths,0.0,deaths,,,annual,ucdp,26.1,https://ucdp.uu.se/downloads/organizedviolencecy/organizedviolencecy-261-csv.zip,,2026-09-07T11:32:05.412663+00:00,False,"{""geographic_scope"": ""UCDP source-country territory"", ""population_denominator_compatible"": true, ""source_country_id"": 660, ""source_country_name"": ""Lebanon""}",UCDP territory-coded best estimate; not intensity-band floor. Israel/Palestine source unit and pre-2012 Sudan are excluded from unmatched WDI population rates.
LBN,2007-01-01,2007-12-31,conflict_civilian_targeting_deaths,0.0,deaths,,,annual,ucdp,26.1,https://ucdp.uu.se/downloads/organizedviolencecy/organizedviolencecy-261-csv.zip,,2026-09-07T11:32:05.412663+00:00,False,"{""geographic_scope"": ""UCDP source-country territory"", ""population_denominator_compatible"": true, ""source_country_id"": 660, ""source_country_name"": ""Lebanon""}",UCDP territory-coded best estimate; not intensity-band floor. Israel/Palestine source unit and pre-2012 Sudan are excluded from unmatched WDI population rates.
LBN,2007-01-01,2007-12-31,conflict_nonstate_deaths,0.0,deaths,,,annual,ucdp,26.1,https://ucdp.uu.se/downloads/organizedviolencecy/organizedviolencecy-261-csv.zip,,2026-09-07T11:32:05.412663+00:00,False,"{""geographic_scope"": ""UCDP source-country territory"", ""population_denominator_compatible"": true, ""source_country_id"": 660, ""source_country_name"": ""Lebanon""}",UCDP territory-coded best estimate; not intensity-band floor. Israel/Palestine source unit and pre-2012 Sudan are excluded from unmatched WDI population rates.
LBN,2007-01-01,2007-12-31,conflict_total_deaths,0.0,deaths,,,annual,ucdp,26.1,https://ucdp.uu.se/downloads/organizedviolencecy/organizedviolencecy-261-csv.zip,,2026-09-07T11:32:05.412663+00:00,False,"{""geographic_scope"": ""UCDP source-country territory"", ""population_denominator_compatible"": true, ""source_country_id"": 660, ""source_country_name"": ""Lebanon""}",UCDP territory-coded best estimate; not intensity-band floor. Israel/Palestine source unit and pre-2012 Sudan are excluded from unmatched WDI population rates.
LBN,2008-01-01,2008-12-31,conflict_battle_deaths,0.0,deaths,,,annual,ucdp,26.1,https://ucdp.uu.se/downloads/organizedviolencecy/organizedviolencecy-261-csv.zip,,2026-09-07T11:32:05.412663+00:00,False,"{""geographic_scope"": ""UCDP source-country territory"", ""population_denominator_compatible"": true, ""source_country_id"": 660, ""source_country_name"": ""Lebanon""}",UCDP territory-coded best estimate; not intensity-band floor. Israel/Palestine source unit and pre-2012 Sudan are excluded from unmatched WDI population rates.
LBN,2008-01-01,2008-12-31,conflict_civilian_targeting_deaths,0.0,deaths,,,annual,ucdp,26.1,https://ucdp.uu.se/downloads/organizedviolencecy/organizedviolencecy-261-csv.zip,,2026-09-07T11:32:05.412663+00:00,False,"{""geographic_scope"": ""UCDP source-country territory"", ""population_denominator_compatible"": true, ""source_country_id"": 660, ""source_country_name"": ""Lebanon""}",UCDP territory-coded best estimate; not intensity-band floor. Israel/Palestine source unit and pre-2012 Sudan are excluded from unmatched WDI population rates.
LBN,2008-01-01,2008-12-31,conflict_nonstate_deaths,38.0,deaths,,,annual,ucdp,26.1,https://ucdp.uu.se/downloads/organizedviolencecy/organizedviolencecy-261-csv.zip,,2026-09-07T11:32:05.412663+00:00,False,"{""geographic_scope"": ""UCDP source-country territory"", ""population_denominator_compatible"": true, ""source_country_id"": 660, ""source_country_name"": ""Lebanon""}",UCDP territory-coded best estimate; not intensity-band floor. Israel/Palestine source unit and pre-2012 Sudan are excluded from unmatched WDI population rates.
LBN,2008-01-01,2008-12-31,conflict_total_deaths,38.0,deaths,,,annual,ucdp,26.1,https://ucdp.uu.se/downloads/organizedviolencecy/organizedviolencecy-261-csv.zip,,2026-09-07T11:32:05.412663+00:00,False,"{""geographic_scope"": ""UCDP source-country territory"", ""population_denominator_compatible"": true, ""source_country_id"": 660, ""source_country_name"": ""Lebanon""}",UCDP territory-coded best estimate; not intensity-band floor. Israel/Palestine source unit and pre-2012 Sudan are excluded from unmatched WDI population rates.
LBN,2009-01-01,2009-12-31,conflict_battle_deaths,0.0,deaths,,,annual,ucdp,26.1,https://ucdp.uu.se/downloads/organizedviolencecy/organizedviolencecy-261-csv.zip,,2026-09-07T11:32:05.412663+00:00,False,"{""geographic_scope"": ""UCDP source-country territory"", ""population_denominator_compatible"": true, ""source_country_id"": 660, ""source_country_name"": ""Lebanon""}",UCDP territory-coded best estimate; not intensity-band floor. Israel/Palestine source unit and pre-2012 Sudan are excluded from unmatched WDI population rates.
LBN,2009-01-01,2009-12-31,conflict_civilian_targeting_deaths,0.0,deaths,,,annual,ucdp,26.1,https://ucdp.uu.se/downloads/organizedviolencecy/organizedviolencecy-261-csv.zip,,2026-09-07T11:32:05.412663+00:00,False,"{""geographic_scope"": ""UCDP source-country territory"", ""population_denominator_compatible"": true, ""source_country_id"": 660, ""source_country_name"": ""Lebanon""}",UCDP territory-coded best estimate; not intensity-band floor. Israel/Palestine source unit and pre-2012 Sudan are excluded from unmatched WDI population rates.
LBN,2009-01-01,2009-12-31,conflict_nonstate_deaths,0.0,deaths,,,annual,ucdp,26.1,https://ucdp.uu.se/downloads/organizedviolencecy/organizedviolencecy-261-csv.zip,,2026-09-07T11:32:05.412663+00:00,False,"{""geographic_scope"": ""UCDP source-country territory"", ""population_denominator_compatible"": true, ""source_country_id"": 660, ""source_country_name"": ""Lebanon""}",UCDP territory-coded best estimate; not intensity-band floor. Israel/Palestine source unit and pre-2012 Sudan are excluded from unmatched WDI population rates.
LBN,2009-01-01,2009-12-31,conflict_total_deaths,0.0,deaths,,,annual,ucdp,26.1,https://ucdp.uu.se/downloads/organizedviolencecy/organizedviolencecy-261-csv.zip,,2026-09-07T11:32:05.412663+00:00,False,"{""geographic_scope"": ""UCDP source-country territory"", ""population_denominator_compatible"": true, ""source_country_id"": 660, ""source_country_name"": ""Lebanon""}",UCDP territory-coded best estimate; not intensity-band floor. Israel/Palestine source unit and pre-2012 Sudan are excluded from unmatched WDI population rates.
LBN,2010-01-01,2010-12-31,conflict_battle_deaths,0.0,deaths,,,annual,ucdp,26.1,https://ucdp.uu.se/downloads/organizedviolencecy/organizedviolencecy-261-csv.zip,,2026-09-07T11:32:05.412663+00:00,False,"{""geographic_scope"": ""UCDP source-country territory"", ""population_denominator_compatible"": true, ""source_country_id"": 660, ""source_country_name"": ""Lebanon""}",UCDP territory-coded best estimate; not intensity-band floor. Israel/Palestine source unit and pre-2012 Sudan are excluded from unmatched WDI population rates.
LBN,2010-01-01,2010-12-31,conflict_civilian_targeting_deaths,0.0,deaths,,,annual,ucdp,26.1,https://ucdp.uu.se/downloads/organizedviolencecy/organizedviolencecy-261-csv.zip,,2026-09-07T11:32:05.412663+00:00,False,"{""geographic_scope"": ""UCDP source-country territory"", ""population_denominator_compatible"": true, ""source_country_id"": 660, ""source_country_name"": ""Lebanon""}",UCDP territory-coded best estimate; not intensity-band floor. Israel/Palestine source unit and pre-2012 Sudan are excluded from unmatched WDI population rates.
LBN,2010-01-01,2010-12-31,conflict_nonstate_deaths,0.0,deaths,,,annual,ucdp,26.1,https://ucdp.uu.se/downloads/organizedviolencecy/organizedviolencecy-261-csv.zip,,2026-09-07T11:32:05.412663+00:00,False,"{""geographic_scope"": ""UCDP source-country territory"", ""population_denominator_compatible"": true, ""source_country_id"": 660, ""source_country_name"": ""Lebanon""}",UCDP territory-coded best estimate; not intensity-band floor. Israel/Palestine source unit and pre-2012 Sudan are excluded from unmatched WDI population rates.
LBN,2010-01-01,2010-12-31,conflict_total_deaths,0.0,deaths,,,annual,ucdp,26.1,https://ucdp.uu.se/downloads/organizedviolencecy/organizedviolencecy-261-csv.zip,,2026-09-07T11:32:05.412663+00:00,False,"{""geographic_scope"": ""UCDP source-country territory"", ""population_denominator_compatible"": true, ""source_country_id"": 660, ""source_country_name"": ""Lebanon""}",UCDP territory-coded best estimate; not intensity-band floor. Israel/Palestine source unit and pre-2012 Sudan are excluded from unmatched WDI population rates.
LBN,2011-01-01,2011-12-31,conflict_battle_deaths,0.0,deaths,,,annual,ucdp,26.1,https://ucdp.uu.se/downloads/organizedviolencecy/organizedviolencecy-261-csv.zip,,2026-09-07T11:32:05.412663+00:00,False,"{""geographic_scope"": ""UCDP source-country territory"", ""population_denominator_compatible"": true, ""source_country_id"": 660, ""source_country_name"": ""Lebanon""}",UCDP territory-coded best estimate; not intensity-band floor. Israel/Palestine source unit and pre-2012 Sudan are excluded from unmatched WDI population rates.
LBN,2011-01-01,2011-12-31,conflict_civilian_targeting_deaths,4.0,deaths,,,annual,ucdp,26.1,https://ucdp.uu.se/downloads/organizedviolencecy/organizedviolencecy-261-csv.zip,,2026-09-07T11:32:05.412663+00:00,False,"{""geographic_scope"": ""UCDP source-country territory"", ""population_denominator_compatible"": true, ""source_country_id"": 660, ""source_country_name"": ""Lebanon""}",UCDP territory-coded best estimate; not intensity-band floor. Israel/Palestine source unit and pre-2012 Sudan are excluded from unmatched WDI population rates.
LBN,2011-01-01,2011-12-31,conflict_nonstate_deaths,0.0,deaths,,,annual,ucdp,26.1,https://ucdp.uu.se/downloads/organizedviolencecy/organizedviolencecy-261-csv.zip,,2026-09-07T11:32:05.412663+00:00,False,"{""geographic_scope"": ""UCDP source-country territory"", ""population_denominator_compatible"": true, ""source_country_id"": 660, ""source_country_name"": ""Lebanon""}",UCDP territory-coded best estimate; not intensity-band floor. Israel/Palestine source unit and pre-2012 Sudan are excluded from unmatched WDI population rates.
LBN,2011-01-01,2011-12-31,conflict_total_deaths,4.0,deaths,,,annual,ucdp,26.1,https://ucdp.uu.se/downloads/organizedviolencecy/organizedviolencecy-261-csv.zip,,2026-09-07T11:32:05.412663+00:00,False,"{""geographic_scope"": ""UCDP source-country territory"", ""population_denominator_compatible"": true, ""source_country_id"": 660, ""source_country_name"": ""Lebanon""}",UCDP territory-coded best estimate; not intensity-band floor. Israel/Palestine source unit and pre-2012 Sudan are excluded from unmatched WDI population rates.
LBN,2012-01-01,2012-12-31,conflict_battle_deaths,0.0,deaths,,,annual,ucdp,26.1,https://ucdp.uu.se/downloads/organizedviolencecy/organizedviolencecy-261-csv.zip,,2026-09-07T11:32:05.412663+00:00,False,"{""geographic_scope"": ""UCDP source-country territory"", ""population_denominator_compatible"": true, ""source_country_id"": 660, ""source_country_name"": ""Lebanon""}",UCDP territory-coded best estimate; not intensity-band floor. Israel/Palestine source unit and pre-2012 Sudan are excluded from unmatched WDI population rates.
LBN,2012-01-01,2012-12-31,conflict_civilian_targeting_deaths,1.0,deaths,,,annual,ucdp,26.1,https://ucdp.uu.se/downloads/organizedviolencecy/organizedviolencecy-261-csv.zip,,2026-09-07T11:32:05.412663+00:00,False,"{""geographic_scope"": ""UCDP source-country territory"", ""population_denominator_compatible"": true, ""source_country_id"": 660, ""source_country_name"": ""Lebanon""}",UCDP territory-coded best estimate; not intensity-band floor. Israel/Palestine source unit and pre-2012 Sudan are excluded from unmatched WDI population rates.
LBN,2012-01-01,2012-12-31,conflict_nonstate_deaths,52.0,deaths,,,annual,ucdp,26.1,https://ucdp.uu.se/downloads/organizedviolencecy/organizedviolencecy-261-csv.zip,,2026-09-07T11:32:05.412663+00:00,False,"{""geographic_scope"": ""UCDP source-country territory"", ""population_denominator_compatible"": true, ""source_country_id"": 660, ""source_country_name"": ""Lebanon""}",UCDP territory-coded best estimate; not intensity-band floor. Israel/Palestine source unit and pre-2012 Sudan are excluded from unmatched WDI population rates.
LBN,2012-01-01,2012-12-31,conflict_total_deaths,53.0,deaths,,,annual,ucdp,26.1,https://ucdp.uu.se/downloads/organizedviolencecy/organizedviolencecy-261-csv.zip,,2026-09-07T11:32:05.412663+00:00,False,"{""geographic_scope"": ""UCDP source-country territory"", ""population_denominator_compatible"": true, ""source_country_id"": 660, ""source_country_name"": ""Lebanon""}",UCDP territory-coded best estimate; not intensity-band floor. Israel/Palestine source unit and pre-2012 Sudan are excluded from unmatched WDI population rates.
LBN,2013-01-01,2013-12-31,conflict_battle_deaths,2.0,deaths,,,annual,ucdp,26.1,https://ucdp.uu.se/downloads/organizedviolencecy/organizedviolencecy-261-csv.zip,,2026-09-07T11:32:05.412663+00:00,False,"{""geographic_scope"": ""UCDP source-country territory"", ""population_denominator_compatible"": true, ""source_country_id"": 660, ""source_country_name"": ""Lebanon""}",UCDP territory-coded best estimate; not intensity-band floor. Israel/Palestine source unit and pre-2012 Sudan are excluded from unmatched WDI population rates.
LBN,2013-01-01,2013-12-31,conflict_civilian_targeting_deaths,47.0,deaths,,,annual,ucdp,26.1,https://ucdp.uu.se/downloads/organizedviolencecy/organizedviolencecy-261-csv.zip,,2026-09-07T11:32:05.412663+00:00,False,"{""geographic_scope"": ""UCDP source-country territory"", ""population_denominator_compatible"": true, ""source_country_id"": 660, ""source_country_name"": ""Lebanon""}",UCDP territory-coded best estimate; not intensity-band floor. Israel/Palestine source unit and pre-2012 Sudan are excluded from unmatched WDI population rates.
LBN,2013-01-01,2013-12-31,conflict_nonstate_deaths,130.0,deaths,,,annual,ucdp,26.1,https://ucdp.uu.se/downloads/organizedviolencecy/organizedviolencecy-261-csv.zip,,2026-09-07T11:32:05.412663+00:00,False,"{""geographic_scope"": ""UCDP source-country territory"", ""population_denominator_compatible"": true, ""source_country_id"": 660, ""source_country_name"": ""Lebanon""}",UCDP territory-coded best estimate; not intensity-band floor. Israel/Palestine source unit and pre-2012 Sudan are excluded from unmatched WDI population rates.
LBN,2013-01-01,2013-12-31,conflict_total_deaths,179.0,deaths,,,annual,ucdp,26.1,https://ucdp.uu.se/downloads/organizedviolencecy/organizedviolencecy-261-csv.zip,,2026-09-07T11:32:05.412663+00:00,False,"{""geographic_scope"": ""UCDP source-country territory"", ""population_denominator_compatible"": true, ""source_country_id"": 660, ""source_country_name"": ""Lebanon""}",UCDP territory-coded best estimate; not intensity-band floor. Israel/Palestine source unit and pre-2012 Sudan are excluded from unmatched WDI population rates.
LBN,2014-01-01,2014-12-31,conflict_battle_deaths,140.0,deaths,,,annual,ucdp,26.1,https://ucdp.uu.se/downloads/organizedviolencecy/organizedviolencecy-261-csv.zip,,2026-09-07T11:32:05.412663+00:00,False,"{""geographic_scope"": ""UCDP source-country territory"", ""population_denominator_compatible"": true, ""source_country_id"": 660, ""source_country_name"": ""Lebanon""}",UCDP territory-coded best estimate; not intensity-band floor. Israel/Palestine source unit and pre-2012 Sudan are excluded from unmatched WDI population rates.
LBN,2014-01-01,2014-12-31,conflict_civilian_targeting_deaths,0.0,deaths,,,annual,ucdp,26.1,https://ucdp.uu.se/downloads/organizedviolencecy/organizedviolencecy-261-csv.zip,,2026-09-07T11:32:05.412663+00:00,False,"{""geographic_scope"": ""UCDP source-country territory"", ""population_denominator_compatible"": true, ""source_country_id"": 660, ""source_country_name"": ""Lebanon""}",UCDP territory-coded best estimate; not intensity-band floor. Israel/Palestine source unit and pre-2012 Sudan are excluded from unmatched WDI population rates.
LBN,2014-01-01,2014-12-31,conflict_nonstate_deaths,91.0,deaths,,,annual,ucdp,26.1,https://ucdp.uu.se/downloads/organizedviolencecy/organizedviolencecy-261-csv.zip,,2026-09-07T11:32:05.412663+00:00,False,"{""geographic_scope"": ""UCDP source-country territory"", ""population_denominator_compatible"": true, ""source_country_id"": 660, ""source_country_name"": ""Lebanon""}",UCDP territory-coded best estimate; not intensity-band floor. Israel/Palestine source unit and pre-2012 Sudan are excluded from unmatched WDI population rates.
LBN,2014-01-01,2014-12-31,conflict_total_deaths,231.0,deaths,,,annual,ucdp,26.1,https://ucdp.uu.se/downloads/organizedviolencecy/organizedviolencecy-261-csv.zip,,2026-09-07T11:32:05.412663+00:00,False,"{""geographic_scope"": ""UCDP source-country territory"", ""population_denominator_compatible"": true, ""source_country_id"": 660, ""source_country_name"": ""Lebanon""}",UCDP territory-coded best estimate; not intensity-band floor. Israel/Palestine source unit and pre-2012 Sudan are excluded from unmatched WDI population rates.
LBN,2015-01-01,2015-12-31,conflict_battle_deaths,79.0,deaths,,,annual,ucdp,26.1,https://ucdp.uu.se/downloads/organizedviolencecy/organizedviolencecy-261-csv.zip,,2026-09-07T11:32:05.412663+00:00,False,"{""geographic_scope"": ""UCDP source-country territory"", ""population_denominator_compatible"": true, ""source_country_id"": 660, ""source_country_name"": ""Lebanon""}",UCDP territory-coded best estimate; not intensity-band floor. Israel/Palestine source unit and pre-2012 Sudan are excluded from unmatched WDI population rates.
LBN,2015-01-01,2015-12-31,conflict_civilian_targeting_deaths,0.0,deaths,,,annual,ucdp,26.1,https://ucdp.uu.se/downloads/organizedviolencecy/organizedviolencecy-261-csv.zip,,2026-09-07T11:32:05.412663+00:00,False,"{""geographic_scope"": ""UCDP source-country territory"", ""population_denominator_compatible"": true, ""source_country_id"": 660, ""source_country_name"": ""Lebanon""}",UCDP territory-coded best estimate; not intensity-band floor. Israel/Palestine source unit and pre-2012 Sudan are excluded from unmatched WDI population rates.
LBN,2015-01-01,2015-12-31,conflict_nonstate_deaths,121.0,deaths,,,annual,ucdp,26.1,https://ucdp.uu.se/downloads/organizedviolencecy/organizedviolencecy-261-csv.zip,,2026-09-07T11:32:05.412663+00:00,False,"{""geographic_scope"": ""UCDP source-country territory"", ""population_denominator_compatible"": true, ""source_country_id"": 660, ""source_country_name"": ""Lebanon""}",UCDP territory-coded best estimate; not intensity-band floor. Israel/Palestine source unit and pre-2012 Sudan are excluded from unmatched WDI population rates.
LBN,2015-01-01,2015-12-31,conflict_total_deaths,200.0,deaths,,,annual,ucdp,26.1,https://ucdp.uu.se/downloads/organizedviolencecy/organizedviolencecy-261-csv.zip,,2026-09-07T11:32:05.412663+00:00,False,"{""geographic_scope"": ""UCDP source-country territory"", ""population_denominator_compatible"": true, ""source_country_id"": 660, ""source_country_name"": ""Lebanon""}",UCDP territory-coded best estimate; not intensity-band floor. Israel/Palestine source unit and pre-2012 Sudan are excluded from unmatched WDI population rates.
LBN,2016-01-01,2016-12-31,conflict_battle_deaths,17.0,deaths,,,annual,ucdp,26.1,https://ucdp.uu.se/downloads/organizedviolencecy/organizedviolencecy-261-csv.zip,,2026-09-07T11:32:05.412663+00:00,False,"{""geographic_scope"": ""UCDP source-country territory"", ""population_denominator_compatible"": true, ""source_country_id"": 660, ""source_country_name"": ""Lebanon""}",UCDP territory-coded best estimate; not intensity-band floor. Israel/Palestine source unit and pre-2012 Sudan are excluded from unmatched WDI population rates.
LBN,2016-01-01,2016-12-31,conflict_civilian_targeting_deaths,5.0,deaths,,,annual,ucdp,26.1,https://ucdp.uu.se/downloads/organizedviolencecy/organizedviolencecy-261-csv.zip,,2026-09-07T11:32:05.412663+00:00,False,"{""geographic_scope"": ""UCDP source-country territory"", ""population_denominator_compatible"": true, ""source_country_id"": 660, ""source_country_name"": ""Lebanon""}",UCDP territory-coded best estimate; not intensity-band floor. Israel/Palestine source unit and pre-2012 Sudan are excluded from unmatched WDI population rates.
LBN,2016-01-01,2016-12-31,conflict_nonstate_deaths,34.0,deaths,,,annual,ucdp,26.1,https://ucdp.uu.se/downloads/organizedviolencecy/organizedviolencecy-261-csv.zip,,2026-09-07T11:32:05.412663+00:00,False,"{""geographic_scope"": ""UCDP source-country territory"", ""population_denominator_compatible"": true, ""source_country_id"": 660, ""source_country_name"": ""Lebanon""}",UCDP territory-coded best estimate; not intensity-band floor. Israel/Palestine source unit and pre-2012 Sudan are excluded from unmatched WDI population rates.
LBN,2016-01-01,2016-12-31,conflict_total_deaths,56.0,deaths,,,annual,ucdp,26.1,https://ucdp.uu.se/downloads/organizedviolencecy/organizedviolencecy-261-csv.zip,,2026-09-07T11:32:05.412663+00:00,False,"{""geographic_scope"": ""UCDP source-country territory"", ""population_denominator_compatible"": true, ""source_country_id"": 660, ""source_country_name"": ""Lebanon""}",UCDP territory-coded best estimate; not intensity-band floor. Israel/Palestine source unit and pre-2012 Sudan are excluded from unmatched WDI population rates.
LBN,2017-01-01,2017-12-31,conflict_battle_deaths,74.0,deaths,,,annual,ucdp,26.1,https://ucdp.uu.se/downloads/organizedviolencecy/organizedviolencecy-261-csv.zip,,2026-09-07T11:32:05.412663+00:00,False,"{""geographic_scope"": ""UCDP source-country territory"", ""population_denominator_compatible"": true, ""source_country_id"": 660, ""source_country_name"": ""Lebanon""}",UCDP territory-coded best estimate; not intensity-band floor. Israel/Palestine source unit and pre-2012 Sudan are excluded from unmatched WDI population rates.
LBN,2017-01-01,2017-12-31,conflict_civilian_targeting_deaths,0.0,deaths,,,annual,ucdp,26.1,https://ucdp.uu.se/downloads/organizedviolencecy/organizedviolencecy-261-csv.zip,,2026-09-07T11:32:05.412663+00:00,False,"{""geographic_scope"": ""UCDP source-country territory"", ""population_denominator_compatible"": true, ""source_country_id"": 660, ""source_country_name"": ""Lebanon""}",UCDP territory-coded best estimate; not intensity-band floor. Israel/Palestine source unit and pre-2012 Sudan are excluded from unmatched WDI population rates.
LBN,2017-01-01,2017-12-31,conflict_nonstate_deaths,223.0,deaths,,,annual,ucdp,26.1,https://ucdp.uu.se/downloads/organizedviolencecy/organizedviolencecy-261-csv.zip,,2026-09-07T11:32:05.412663+00:00,False,"{""geographic_scope"": ""UCDP source-country territory"", ""population_denominator_compatible"": true, ""source_country_id"": 660, ""source_country_name"": ""Lebanon""}",UCDP territory-coded best estimate; not intensity-band floor. Israel/Palestine source unit and pre-2012 Sudan are excluded from unmatched WDI population rates.
LBN,2017-01-01,2017-12-31,conflict_total_deaths,297.0,deaths,,,annual,ucdp,26.1,https://ucdp.uu.se/downloads/organizedviolencecy/organizedviolencecy-261-csv.zip,,2026-09-07T11:32:05.412663+00:00,False,"{""geographic_scope"": ""UCDP source-country territory"", ""population_denominator_compatible"": true, ""source_country_id"": 660, ""source_country_name"": ""Lebanon""}",UCDP territory-coded best estimate; not intensity-band floor. Israel/Palestine source unit and pre-2012 Sudan are excluded from unmatched WDI population rates.
LBN,2018-01-01,2018-12-31,conflict_battle_deaths,2.0,deaths,,,annual,ucdp,26.1,https://ucdp.uu.se/downloads/organizedviolencecy/organizedviolencecy-261-csv.zip,,2026-09-07T11:32:05.412663+00:00,False,"{""geographic_scope"": ""UCDP source-country territory"", ""population_denominator_compatible"": true, ""source_country_id"": 660, ""source_country_name"": ""Lebanon""}",UCDP territory-coded best estimate; not intensity-band floor. Israel/Palestine source unit and pre-2012 Sudan are excluded from unmatched WDI population rates.
LBN,2018-01-01,2018-12-31,conflict_civilian_targeting_deaths,0.0,deaths,,,annual,ucdp,26.1,https://ucdp.uu.se/downloads/organizedviolencecy/organizedviolencecy-261-csv.zip,,2026-09-07T11:32:05.412663+00:00,False,"{""geographic_scope"": ""UCDP source-country territory"", ""population_denominator_compatible"": true, ""source_country_id"": 660, ""source_country_name"": ""Lebanon""}",UCDP territory-coded best estimate; not intensity-band floor. Israel/Palestine source unit and pre-2012 Sudan are excluded from unmatched WDI population rates.
LBN,2018-01-01,2018-12-31,conflict_nonstate_deaths,0.0,deaths,,,annual,ucdp,26.1,https://ucdp.uu.se/downloads/organizedviolencecy/organizedviolencecy-261-csv.zip,,2026-09-07T11:32:05.412663+00:00,False,"{""geographic_scope"": ""UCDP source-country territory"", ""population_denominator_compatible"": true, ""source_country_id"": 660, ""source_country_name"": ""Lebanon""}",UCDP territory-coded best estimate; not intensity-band floor. Israel/Palestine source unit and pre-2012 Sudan are excluded from unmatched WDI population rates.
LBN,2018-01-01,2018-12-31,conflict_total_deaths,2.0,deaths,,,annual,ucdp,26.1,https://ucdp.uu.se/downloads/organizedviolencecy/organizedviolencecy-261-csv.zip,,2026-09-07T11:32:05.412663+00:00,False,"{""geographic_scope"": ""UCDP source-country territory"", ""population_denominator_compatible"": true, ""source_country_id"": 660, ""source_country_name"": ""Lebanon""}",UCDP territory-coded best estimate; not intensity-band floor. Israel/Palestine source unit and pre-2012 Sudan are excluded from unmatched WDI population rates.
LBN,2019-01-01,2019-12-31,conflict_battle_deaths,0.0,deaths,,,annual,ucdp,26.1,https://ucdp.uu.se/downloads/organizedviolencecy/organizedviolencecy-261-csv.zip,,2026-09-07T11:32:05.412663+00:00,False,"{""geographic_scope"": ""UCDP source-country territory"", ""population_denominator_compatible"": true, ""source_country_id"": 660, ""source_country_name"": ""Lebanon""}",UCDP territory-coded best estimate; not intensity-band floor. Israel/Palestine source unit and pre-2012 Sudan are excluded from unmatched WDI population rates.
LBN,2019-01-01,2019-12-31,conflict_civilian_targeting_deaths,0.0,deaths,,,annual,ucdp,26.1,https://ucdp.uu.se/downloads/organizedviolencecy/organizedviolencecy-261-csv.zip,,2026-09-07T11:32:05.412663+00:00,False,"{""geographic_scope"": ""UCDP source-country territory"", ""population_denominator_compatible"": true, ""source_country_id"": 660, ""source_country_name"": ""Lebanon""}",UCDP territory-coded best estimate; not intensity-band floor. Israel/Palestine source unit and pre-2012 Sudan are excluded from unmatched WDI population rates.
LBN,2019-01-01,2019-12-31,conflict_nonstate_deaths,0.0,deaths,,,annual,ucdp,26.1,https://ucdp.uu.se/downloads/organizedviolencecy/organizedviolencecy-261-csv.zip,,2026-09-07T11:32:05.412663+00:00,False,"{""geographic_scope"": ""UCDP source-country territory"", ""population_denominator_compatible"": true, ""source_country_id"": 660, ""source_country_name"": ""Lebanon""}",UCDP territory-coded best estimate; not intensity-band floor. Israel/Palestine source unit and pre-2012 Sudan are excluded from unmatched WDI population rates.
LBN,2019-01-01,2019-12-31,conflict_total_deaths,0.0,deaths,,,annual,ucdp,26.1,https://ucdp.uu.se/downloads/organizedviolencecy/organizedviolencecy-261-csv.zip,,2026-09-07T11:32:05.412663+00:00,False,"{""geographic_scope"": ""UCDP source-country territory"", ""population_denominator_compatible"": true, ""source_country_id"": 660, ""source_country_name"": ""Lebanon""}",UCDP territory-coded best estimate; not intensity-band floor. Israel/Palestine source unit and pre-2012 Sudan are excluded from unmatched WDI population rates.
LBN,2020-01-01,2020-12-31,conflict_battle_deaths,20.0,deaths,,,annual,ucdp,26.1,https://ucdp.uu.se/downloads/organizedviolencecy/organizedviolencecy-261-csv.zip,,2026-09-07T11:32:05.412663+00:00,False,"{""geographic_scope"": ""UCDP source-country territory"", ""population_denominator_compatible"": true, ""source_country_id"": 660, ""source_country_name"": ""Lebanon""}",UCDP territory-coded best estimate; not intensity-band floor. Israel/Palestine source unit and pre-2012 Sudan are excluded from unmatched WDI population rates.
LBN,2020-01-01,2020-12-31,conflict_civilian_targeting_deaths,0.0,deaths,,,annual,ucdp,26.1,https://ucdp.uu.se/downloads/organizedviolencecy/organizedviolencecy-261-csv.zip,,2026-09-07T11:32:05.412663+00:00,False,"{""geographic_scope"": ""UCDP source-country territory"", ""population_denominator_compatible"": true, ""source_country_id"": 660, ""source_country_name"": ""Lebanon""}",UCDP territory-coded best estimate; not intensity-band floor. Israel/Palestine source unit and pre-2012 Sudan are excluded from unmatched WDI population rates.
LBN,2020-01-01,2020-12-31,conflict_nonstate_deaths,0.0,deaths,,,annual,ucdp,26.1,https://ucdp.uu.se/downloads/organizedviolencecy/organizedviolencecy-261-csv.zip,,2026-09-07T11:32:05.412663+00:00,False,"{""geographic_scope"": ""UCDP source-country territory"", ""population_denominator_compatible"": true, ""source_country_id"": 660, ""source_country_name"": ""Lebanon""}",UCDP territory-coded best estimate; not intensity-band floor. Israel/Palestine source unit and pre-2012 Sudan are excluded from unmatched WDI population rates.
LBN,2020-01-01,2020-12-31,conflict_total_deaths,20.0,deaths,,,annual,ucdp,26.1,https://ucdp.uu.se/downloads/organizedviolencecy/organizedviolencecy-261-csv.zip,,2026-09-07T11:32:05.412663+00:00,False,"{""geographic_scope"": ""UCDP source-country territory"", ""population_denominator_compatible"": true, ""source_country_id"": 660, ""source_country_name"": ""Lebanon""}",UCDP territory-coded best estimate; not intensity-band floor. Israel/Palestine source unit and pre-2012 Sudan are excluded from unmatched WDI population rates.
LBN,2021-01-01,2021-12-31,conflict_battle_deaths,0.0,deaths,,,annual,ucdp,26.1,https://ucdp.uu.se/downloads/organizedviolencecy/organizedviolencecy-261-csv.zip,,2026-09-07T11:32:05.412663+00:00,False,"{""geographic_scope"": ""UCDP source-country territory"", ""population_denominator_compatible"": true, ""source_country_id"": 660, ""source_country_name"": ""Lebanon""}",UCDP territory-coded best estimate; not intensity-band floor. Israel/Palestine source unit and pre-2012 Sudan are excluded from unmatched WDI population rates.
LBN,2021-01-01,2021-12-31,conflict_civilian_targeting_deaths,0.0,deaths,,,annual,ucdp,26.1,https://ucdp.uu.se/downloads/organizedviolencecy/organizedviolencecy-261-csv.zip,,2026-09-07T11:32:05.412663+00:00,False,"{""geographic_scope"": ""UCDP source-country territory"", ""population_denominator_compatible"": true, ""source_country_id"": 660, ""source_country_name"": ""Lebanon""}",UCDP territory-coded best estimate; not intensity-band floor. Israel/Palestine source unit and pre-2012 Sudan are excluded from unmatched WDI population rates.
LBN,2021-01-01,2021-12-31,conflict_nonstate_deaths,0.0,deaths,,,annual,ucdp,26.1,https://ucdp.uu.se/downloads/organizedviolencecy/organizedviolencecy-261-csv.zip,,2026-09-07T11:32:05.412663+00:00,False,"{""geographic_scope"": ""UCDP source-country territory"", ""population_denominator_compatible"": true, ""source_country_id"": 660, ""source_country_name"": ""Lebanon""}",UCDP territory-coded best estimate; not intensity-band floor. Israel/Palestine source unit and pre-2012 Sudan are excluded from unmatched WDI population rates.
LBN,2021-01-01,2021-12-31,conflict_total_deaths,0.0,deaths,,,annual,ucdp,26.1,https://ucdp.uu.se/downloads/organizedviolencecy/organizedviolencecy-261-csv.zip,,2026-09-07T11:32:05.412663+00:00,False,"{""geographic_scope"": ""UCDP source-country territory"", ""population_denominator_compatible"": true, ""source_country_id"": 660, ""source_country_name"": ""Lebanon""}",UCDP territory-coded best estimate; not intensity-band floor. Israel/Palestine source unit and pre-2012 Sudan are excluded from unmatched WDI population rates.
LBN,2022-01-01,2022-12-31,conflict_battle_deaths,0.0,deaths,,,annual,ucdp,26.1,https://ucdp.uu.se/downloads/organizedviolencecy/organizedviolencecy-261-csv.zip,,2026-09-07T11:32:05.412663+00:00,False,"{""geographic_scope"": ""UCDP source-country territory"", ""population_denominator_compatible"": true, ""source_country_id"": 660, ""source_country_name"": ""Lebanon""}",UCDP territory-coded best estimate; not intensity-band floor. Israel/Palestine source unit and pre-2012 Sudan are excluded from unmatched WDI population rates.
LBN,2022-01-01,2022-12-31,conflict_civilian_targeting_deaths,0.0,deaths,,,annual,ucdp,26.1,https://ucdp.uu.se/downloads/organizedviolencecy/organizedviolencecy-261-csv.zip,,2026-09-07T11:32:05.412663+00:00,False,"{""geographic_scope"": ""UCDP source-country territory"", ""population_denominator_compatible"": true, ""source_country_id"": 660, ""source_country_name"": ""Lebanon""}",UCDP territory-coded best estimate; not intensity-band floor. Israel/Palestine source unit and pre-2012 Sudan are excluded from unmatched WDI population rates.
LBN,2022-01-01,2022-12-31,conflict_nonstate_deaths,0.0,deaths,,,annual,ucdp,26.1,https://ucdp.uu.se/downloads/organizedviolencecy/organizedviolencecy-261-csv.zip,,2026-09-07T11:32:05.412663+00:00,False,"{""geographic_scope"": ""UCDP source-country territory"", ""population_denominator_compatible"": true, ""source_country_id"": 660, ""source_country_name"": ""Lebanon""}",UCDP territory-coded best estimate; not intensity-band floor. Israel/Palestine source unit and pre-2012 Sudan are excluded from unmatched WDI population rates.
LBN,2022-01-01,2022-12-31,conflict_total_deaths,0.0,deaths,,,annual,ucdp,26.1,https://ucdp.uu.se/downloads/organizedviolencecy/organizedviolencecy-261-csv.zip,,2026-09-07T11:32:05.412663+00:00,False,"{""geographic_scope"": ""UCDP source-country territory"", ""population_denominator_compatible"": true, ""source_country_id"": 660, ""source_country_name"": ""Lebanon""}",UCDP territory-coded best estimate; not intensity-band floor. Israel/Palestine source unit and pre-2012 Sudan are excluded from unmatched WDI population rates.
LBN,2023-01-01,2023-12-31,conflict_battle_deaths,123.0,deaths,,,annual,ucdp,26.1,https://ucdp.uu.se/downloads/organizedviolencecy/organizedviolencecy-261-csv.zip,,2026-09-07T11:32:05.412663+00:00,False,"{""geographic_scope"": ""UCDP source-country territory"", ""population_denominator_compatible"": true, ""source_country_id"": 660, ""source_country_name"": ""Lebanon""}",UCDP territory-coded best estimate; not intensity-band floor. Israel/Palestine source unit and pre-2012 Sudan are excluded from unmatched WDI population rates.
LBN,2023-01-01,2023-12-31,conflict_civilian_targeting_deaths,0.0,deaths,,,annual,ucdp,26.1,https://ucdp.uu.se/downloads/organizedviolencecy/organizedviolencecy-261-csv.zip,,2026-09-07T11:32:05.412663+00:00,False,"{""geographic_scope"": ""UCDP source-country territory"", ""population_denominator_compatible"": true, ""source_country_id"": 660, ""source_country_name"": ""Lebanon""}",UCDP territory-coded best estimate; not intensity-band floor. Israel/Palestine source unit and pre-2012 Sudan are excluded from unmatched WDI population rates.
LBN,2023-01-01,2023-12-31,conflict_nonstate_deaths,0.0,deaths,,,annual,ucdp,26.1,https://ucdp.uu.se/downloads/organizedviolencecy/organizedviolencecy-261-csv.zip,,2026-09-07T11:32:05.412663+00:00,False,"{""geographic_scope"": ""UCDP source-country territory"", ""population_denominator_compatible"": true, ""source_country_id"": 660, ""source_country_name"": ""Lebanon""}",UCDP territory-coded best estimate; not intensity-band floor. Israel/Palestine source unit and pre-2012 Sudan are excluded from unmatched WDI population rates.
LBN,2023-01-01,2023-12-31,conflict_total_deaths,123.0,deaths,,,annual,ucdp,26.1,https://ucdp.uu.se/downloads/organizedviolencecy/organizedviolencecy-261-csv.zip,,2026-09-07T11:32:05.412663+00:00,False,"{""geographic_scope"": ""UCDP source-country territory"", ""population_denominator_compatible"": true, ""source_country_id"": 660, ""source_country_name"": ""Lebanon""}",UCDP territory-coded best estimate; not intensity-band floor. Israel/Palestine source unit and pre-2012 Sudan are excluded from unmatched WDI population rates.
LBN,2024-01-01,2024-12-31,conflict_battle_deaths,4339.0,deaths,,,annual,ucdp,26.1,https://ucdp.uu.se/downloads/organizedviolencecy/organizedviolencecy-261-csv.zip,,2026-09-07T11:32:05.412663+00:00,False,"{""geographic_scope"": ""UCDP source-country territory"", ""population_denominator_compatible"": true, ""source_country_id"": 660, ""source_country_name"": ""Lebanon""}",UCDP territory-coded best estimate; not intensity-band floor. Israel/Palestine source unit and pre-2012 Sudan are excluded from unmatched WDI population rates.
LBN,2024-01-01,2024-12-31,conflict_civilian_targeting_deaths,0.0,deaths,,,annual,ucdp,26.1,https://ucdp.uu.se/downloads/organizedviolencecy/organizedviolencecy-261-csv.zip,,2026-09-07T11:32:05.412663+00:00,False,"{""geographic_scope"": ""UCDP source-country territory"", ""population_denominator_compatible"": true, ""source_country_id"": 660, ""source_country_name"": ""Lebanon""}",UCDP territory-coded best estimate; not intensity-band floor. Israel/Palestine source unit and pre-2012 Sudan are excluded from unmatched WDI population rates.
LBN,2024-01-01,2024-12-31,conflict_nonstate_deaths,0.0,deaths,,,annual,ucdp,26.1,https://ucdp.uu.se/downloads/organizedviolencecy/organizedviolencecy-261-csv.zip,,2026-09-07T11:32:05.412663+00:00,False,"{""geographic_scope"": ""UCDP source-country territory"", ""population_denominator_compatible"": true, ""source_country_id"": 660, ""source_country_name"": ""Lebanon""}",UCDP territory-coded best estimate; not intensity-band floor. Israel/Palestine source unit and pre-2012 Sudan are excluded from unmatched WDI population rates.
LBN,2024-01-01,2024-12-31,conflict_total_deaths,4339.0,deaths,,,annual,ucdp,26.1,https://ucdp.uu.se/downloads/organizedviolencecy/organizedviolencecy-261-csv.zip,,2026-09-07T11:32:05.412663+00:00,False,"{""geographic_scope"": ""UCDP source-country territory"", ""population_denominator_compatible"": true, ""source_country_id"": 660, ""source_country_name"": ""Lebanon""}",UCDP territory-coded best estimate; not intensity-band floor. Israel/Palestine source unit and pre-2012 Sudan are excluded from unmatched WDI population rates.
LBN,2025-01-01,2025-12-31,conflict_battle_deaths,347.0,deaths,,,annual,ucdp,26.1,https://ucdp.uu.se/downloads/organizedviolencecy/organizedviolencecy-261-csv.zip,,2026-09-07T11:32:05.412663+00:00,False,"{""geographic_scope"": ""UCDP source-country territory"", ""population_denominator_compatible"": true, ""source_country_id"": 660, ""source_country_name"": ""Lebanon""}",UCDP territory-coded best estimate; not intensity-band floor. Israel/Palestine source unit and pre-2012 Sudan are excluded from unmatched WDI population rates.
LBN,2025-01-01,2025-12-31,conflict_civilian_targeting_deaths,0.0,deaths,,,annual,ucdp,26.1,https://ucdp.uu.se/downloads/organizedviolencecy/organizedviolencecy-261-csv.zip,,2026-09-07T11:32:05.412663+00:00,False,"{""geographic_scope"": ""UCDP source-country territory"", ""population_denominator_compatible"": true, ""source_country_id"": 660, ""source_country_name"": ""Lebanon""}",UCDP territory-coded best estimate; not intensity-band floor. Israel/Palestine source unit and pre-2012 Sudan are excluded from unmatched WDI population rates.
LBN,2025-01-01,2025-12-31,conflict_nonstate_deaths,0.0,deaths,,,annual,ucdp,26.1,https://ucdp.uu.se/downloads/organizedviolencecy/organizedviolencecy-261-csv.zip,,2026-09-07T11:32:05.412663+00:00,False,"{""geographic_scope"": ""UCDP source-country territory"", ""population_denominator_compatible"": true, ""source_country_id"": 660, ""source_country_name"": ""Lebanon""}",UCDP territory-coded best estimate; not intensity-band floor. Israel/Palestine source unit and pre-2012 Sudan are excluded from unmatched WDI population rates.
LBN,2025-01-01,2025-12-31,conflict_total_deaths,347.0,deaths,,,annual,ucdp,26.1,https://ucdp.uu.se/downloads/organizedviolencecy/organizedviolencecy-261-csv.zip,,2026-09-07T11:32:05.412663+00:00,False,"{""geographic_scope"": ""UCDP source-country territory"", ""population_denominator_compatible"": true, ""source_country_id"": 660, ""source_country_name"": ""Lebanon""}",UCDP territory-coded best estimate; not intensity-band floor. Israel/Palestine source unit and pre-2012 Sudan are excluded from unmatched WDI population rates.
SDN,2000-01-01,2000-12-31,conflict_battle_deaths,2841.0,deaths,,,annual,ucdp,26.1,https://ucdp.uu.se/downloads/organizedviolencecy/organizedviolencecy-261-csv.zip,,2026-09-07T11:32:05.412663+00:00,False,"{""geographic_scope"": ""Sudan source borders before South Sudan independence"", ""population_denominator_compatible"": false, ""source_country_id"": 625, ""source_country_name"": ""Sudan""}",UCDP territory-coded best estimate; not intensity-band floor. Israel/Palestine source unit and pre-2012 Sudan are excluded from unmatched WDI population rates.
SDN,2000-01-01,2000-12-31,conflict_civilian_targeting_deaths,295.0,deaths,,,annual,ucdp,26.1,https://ucdp.uu.se/downloads/organizedviolencecy/organizedviolencecy-261-csv.zip,,2026-09-07T11:32:05.412663+00:00,False,"{""geographic_scope"": ""Sudan source borders before South Sudan independence"", ""population_denominator_compatible"": false, ""source_country_id"": 625, ""source_country_name"": ""Sudan""}",UCDP territory-coded best estimate; not intensity-band floor. Israel/Palestine source unit and pre-2012 Sudan are excluded from unmatched WDI population rates.
SDN,2000-01-01,2000-12-31,conflict_nonstate_deaths,401.0,deaths,,,annual,ucdp,26.1,https://ucdp.uu.se/downloads/organizedviolencecy/organizedviolencecy-261-csv.zip,,2026-09-07T11:32:05.412663+00:00,False,"{""geographic_scope"": ""Sudan source borders before South Sudan independence"", ""population_denominator_compatible"": false, ""source_country_id"": 625, ""source_country_name"": ""Sudan""}",UCDP territory-coded best estimate; not intensity-band floor. Israel/Palestine source unit and pre-2012 Sudan are excluded from unmatched WDI population rates.
SDN,2000-01-01,2000-12-31,conflict_total_deaths,3537.0,deaths,,,annual,ucdp,26.1,https://ucdp.uu.se/downloads/organizedviolencecy/organizedviolencecy-261-csv.zip,,2026-09-07T11:32:05.412663+00:00,False,"{""geographic_scope"": ""Sudan source borders before South Sudan independence"", ""population_denominator_compatible"": false, ""source_country_id"": 625, ""source_country_name"": ""Sudan""}",UCDP territory-coded best estimate; not intensity-band floor. Israel/Palestine source unit and pre-2012 Sudan are excluded from unmatched WDI population rates.
SDN,2001-01-01,2001-12-31,conflict_battle_deaths,3457.0,deaths,,,annual,ucdp,26.1,https://ucdp.uu.se/downloads/organizedviolencecy/organizedviolencecy-261-csv.zip,,2026-09-07T11:32:05.412663+00:00,False,"{""geographic_scope"": ""Sudan source borders before South Sudan independence"", ""population_denominator_compatible"": false, ""source_country_id"": 625, ""source_country_name"": ""Sudan""}",UCDP territory-coded best estimate; not intensity-band floor. Israel/Palestine source unit and pre-2012 Sudan are excluded from unmatched WDI population rates.
SDN,2001-01-01,2001-12-31,conflict_civilian_targeting_deaths,192.0,deaths,,,annual,ucdp,26.1,https://ucdp.uu.se/downloads/organizedviolencecy/organizedviolencecy-261-csv.zip,,2026-09-07T11:32:05.412663+00:00,False,"{""geographic_scope"": ""Sudan source borders before South Sudan independence"", ""population_denominator_compatible"": false, ""source_country_id"": 625, ""source_country_name"": ""Sudan""}",UCDP territory-coded best estimate; not intensity-band floor. Israel/Palestine source unit and pre-2012 Sudan are excluded from unmatched WDI population rates.
SDN,2001-01-01,2001-12-31,conflict_nonstate_deaths,70.0,deaths,,,annual,ucdp,26.1,https://ucdp.uu.se/downloads/organizedviolencecy/organizedviolencecy-261-csv.zip,,2026-09-07T11:32:05.412663+00:00,False,"{""geographic_scope"": ""Sudan source borders before South Sudan independence"", ""population_denominator_compatible"": false, ""source_country_id"": 625, ""source_country_name"": ""Sudan""}",UCDP territory-coded best estimate; not intensity-band floor. Israel/Palestine source unit and pre-2012 Sudan are excluded from unmatched WDI population rates.
SDN,2001-01-01,2001-12-31,conflict_total_deaths,3719.0,deaths,,,annual,ucdp,26.1,https://ucdp.uu.se/downloads/organizedviolencecy/organizedviolencecy-261-csv.zip,,2026-09-07T11:32:05.412663+00:00,False,"{""geographic_scope"": ""Sudan source borders before South Sudan independence"", ""population_denominator_compatible"": false, ""source_country_id"": 625, ""source_country_name"": ""Sudan""}",UCDP territory-coded best estimate; not intensity-band floor. Israel/Palestine source unit and pre-2012 Sudan are excluded from unmatched WDI population rates.
SDN,2002-01-01,2002-12-31,conflict_battle_deaths,2312.0,deaths,,,annual,ucdp,26.1,https://ucdp.uu.se/downloads/organizedviolencecy/organizedviolencecy-261-csv.zip,,2026-09-07T11:32:05.412663+00:00,False,"{""geographic_scope"": ""Sudan source borders before South Sudan independence"", ""population_denominator_compatible"": false, ""source_country_id"": 625, ""source_country_name"": ""Sudan""}",UCDP territory-coded best estimate; not intensity-band floor. Israel/Palestine source unit and pre-2012 Sudan are excluded from unmatched WDI population rates.
SDN,2002-01-01,2002-12-31,conflict_civilian_targeting_deaths,722.0,deaths,,,annual,ucdp,26.1,https://ucdp.uu.se/downloads/organizedviolencecy/organizedviolencecy-261-csv.zip,,2026-09-07T11:32:05.412663+00:00,False,"{""geographic_scope"": ""Sudan source borders before South Sudan independence"", ""population_denominator_compatible"": false, ""source_country_id"": 625, ""source_country_name"": ""Sudan""}",UCDP territory-coded best estimate; not intensity-band floor. Israel/Palestine source unit and pre-2012 Sudan are excluded from unmatched WDI population rates.
SDN,2002-01-01,2002-12-31,conflict_nonstate_deaths,173.0,deaths,,,annual,ucdp,26.1,https://ucdp.uu.se/downloads/organizedviolencecy/organizedviolencecy-261-csv.zip,,2026-09-07T11:32:05.412663+00:00,False,"{""geographic_scope"": ""Sudan source borders before South Sudan independence"", ""population_denominator_compatible"": false, ""source_country_id"": 625, ""source_country_name"": ""Sudan""}",UCDP territory-coded best estimate; not intensity-band floor. Israel/Palestine source unit and pre-2012 Sudan are excluded from unmatched WDI population rates.
SDN,2002-01-01,2002-12-31,conflict_total_deaths,3207.0,deaths,,,annual,ucdp,26.1,https://ucdp.uu.se/downloads/organizedviolencecy/organizedviolencecy-261-csv.zip,,2026-09-07T11:32:05.412663+00:00,False,"{""geographic_scope"": ""Sudan source borders before South Sudan independence"", ""population_denominator_compatible"": false, ""source_country_id"": 625, ""source_country_name"": ""Sudan""}",UCDP territory-coded best estimate; not intensity-band floor. Israel/Palestine source unit and pre-2012 Sudan are excluded from unmatched WDI population rates.
SDN,2003-01-01,2003-12-31,conflict_battle_deaths,2008.0,deaths,,,annual,ucdp,26.1,https://ucdp.uu.se/downloads/organizedviolencecy/organizedviolencecy-261-csv.zip,,2026-09-07T11:32:05.412663+00:00,False,"{""geographic_scope"": ""Sudan source borders before South Sudan independence"", ""population_denominator_compatible"": false, ""source_country_id"": 625, ""source_country_name"": ""Sudan""}",UCDP territory-coded best estimate; not intensity-band floor. Israel/Palestine source unit and pre-2012 Sudan are excluded from unmatched WDI population rates.
SDN,2003-01-01,2003-12-31,conflict_civilian_targeting_deaths,2816.0,deaths,,,annual,ucdp,26.1,https://ucdp.uu.se/downloads/organizedviolencecy/organizedviolencecy-261-csv.zip,,2026-09-07T11:32:05.412663+00:00,False,"{""geographic_scope"": ""Sudan source borders before South Sudan independence"", ""population_denominator_compatible"": false, ""source_country_id"": 625, ""source_country_name"": ""Sudan""}",UCDP territory-coded best estimate; not intensity-band floor. Israel/Palestine source unit and pre-2012 Sudan are excluded from unmatched WDI population rates.
SDN,2003-01-01,2003-12-31,conflict_nonstate_deaths,186.0,deaths,,,annual,ucdp,26.1,https://ucdp.uu.se/downloads/organizedviolencecy/organizedviolencecy-261-csv.zip,,2026-09-07T11:32:05.412663+00:00,False,"{""geographic_scope"": ""Sudan source borders before South Sudan independence"", ""population_denominator_compatible"": false, ""source_country_id"": 625, ""source_country_name"": ""Sudan""}",UCDP territory-coded best estimate; not intensity-band floor. Israel/Palestine source unit and pre-2012 Sudan are excluded from unmatched WDI population rates.
SDN,2003-01-01,2003-12-31,conflict_total_deaths,5010.0,deaths,,,annual,ucdp,26.1,https://ucdp.uu.se/downloads/organizedviolencecy/organizedviolencecy-261-csv.zip,,2026-09-07T11:32:05.412663+00:00,False,"{""geographic_scope"": ""Sudan source borders before South Sudan independence"", ""population_denominator_compatible"": false, ""source_country_id"": 625, ""source_country_name"": ""Sudan""}",UCDP territory-coded best estimate; not intensity-band floor. Israel/Palestine source unit and pre-2012 Sudan are excluded from unmatched WDI population rates.
SDN,2004-01-01,2004-12-31,conflict_battle_deaths,3671.0,deaths,,,annual,ucdp,26.1,https://ucdp.uu.se/downloads/organizedviolencecy/organizedviolencecy-261-csv.zip,,2026-09-07T11:32:05.412663+00:00,False,"{""geographic_scope"": ""Sudan source borders before South Sudan independence"", ""population_denominator_compatible"": false, ""source_country_id"": 625, ""source_country_name"": ""Sudan""}",UCDP territory-coded best estimate; not intensity-band floor. Israel/Palestine source unit and pre-2012 Sudan are excluded from unmatched WDI population rates.
SDN,2004-01-01,2004-12-31,conflict_civilian_targeting_deaths,5829.0,deaths,,,annual,ucdp,26.1,https://ucdp.uu.se/downloads/organizedviolencecy/organizedviolencecy-261-csv.zip,,2026-09-07T11:32:05.412663+00:00,False,"{""geographic_scope"": ""Sudan source borders before South Sudan independence"", ""population_denominator_compatible"": false, ""source_country_id"": 625, ""source_country_name"": ""Sudan""}",UCDP territory-coded best estimate; not intensity-band floor. Israel/Palestine source unit and pre-2012 Sudan are excluded from unmatched WDI population rates.
SDN,2004-01-01,2004-12-31,conflict_nonstate_deaths,212.0,deaths,,,annual,ucdp,26.1,https://ucdp.uu.se/downloads/organizedviolencecy/organizedviolencecy-261-csv.zip,,2026-09-07T11:32:05.412663+00:00,False,"{""geographic_scope"": ""Sudan source borders before South Sudan independence"", ""population_denominator_compatible"": false, ""source_country_id"": 625, ""source_country_name"": ""Sudan""}",UCDP territory-coded best estimate; not intensity-band floor. Israel/Palestine source unit and pre-2012 Sudan are excluded from unmatched WDI population rates.
SDN,2004-01-01,2004-12-31,conflict_total_deaths,9712.0,deaths,,,annual,ucdp,26.1,https://ucdp.uu.se/downloads/organizedviolencecy/organizedviolencecy-261-csv.zip,,2026-09-07T11:32:05.412663+00:00,False,"{""geographic_scope"": ""Sudan source borders before South Sudan independence"", ""population_denominator_compatible"": false, ""source_country_id"": 625, ""source_country_name"": ""Sudan""}",UCDP territory-coded best estimate; not intensity-band floor. Israel/Palestine source unit and pre-2012 Sudan are excluded from unmatched WDI population rates.
SDN,2005-01-01,2005-12-31,conflict_battle_deaths,246.0,deaths,,,annual,ucdp,26.1,https://ucdp.uu.se/downloads/organizedviolencecy/organizedviolencecy-261-csv.zip,,2026-09-07T11:32:05.412663+00:00,False,"{""geographic_scope"": ""Sudan source borders before South Sudan independence"", ""population_denominator_compatible"": false, ""source_country_id"": 625, ""source_country_name"": ""Sudan""}",UCDP territory-coded best estimate; not intensity-band floor. Israel/Palestine source unit and pre-2012 Sudan are excluded from unmatched WDI population rates.
SDN,2005-01-01,2005-12-31,conflict_civilian_targeting_deaths,759.0,deaths,,,annual,ucdp,26.1,https://ucdp.uu.se/downloads/organizedviolencecy/organizedviolencecy-261-csv.zip,,2026-09-07T11:32:05.412663+00:00,False,"{""geographic_scope"": ""Sudan source borders before South Sudan independence"", ""population_denominator_compatible"": false, ""source_country_id"": 625, ""source_country_name"": ""Sudan""}",UCDP territory-coded best estimate; not intensity-band floor. Israel/Palestine source unit and pre-2012 Sudan are excluded from unmatched WDI population rates.
SDN,2005-01-01,2005-12-31,conflict_nonstate_deaths,500.0,deaths,,,annual,ucdp,26.1,https://ucdp.uu.se/downloads/organizedviolencecy/organizedviolencecy-261-csv.zip,,2026-09-07T11:32:05.412663+00:00,False,"{""geographic_scope"": ""Sudan source borders before South Sudan independence"", ""population_denominator_compatible"": false, ""source_country_id"": 625, ""source_country_name"": ""Sudan""}",UCDP territory-coded best estimate; not intensity-band floor. Israel/Palestine source unit and pre-2012 Sudan are excluded from unmatched WDI population rates.
SDN,2005-01-01,2005-12-31,conflict_total_deaths,1505.0,deaths,,,annual,ucdp,26.1,https://ucdp.uu.se/downloads/organizedviolencecy/organizedviolencecy-261-csv.zip,,2026-09-07T11:32:05.412663+00:00,False,"{""geographic_scope"": ""Sudan source borders before South Sudan independence"", ""population_denominator_compatible"": false, ""source_country_id"": 625, ""source_country_name"": ""Sudan""}",UCDP territory-coded best estimate; not intensity-band floor. Israel/Palestine source unit and pre-2012 Sudan are excluded from unmatched WDI population rates.
SDN,2006-01-01,2006-12-31,conflict_battle_deaths,1030.0,deaths,,,annual,ucdp,26.1,https://ucdp.uu.se/downloads/organizedviolencecy/organizedviolencecy-261-csv.zip,,2026-09-07T11:32:05.412663+00:00,False,"{""geographic_scope"": ""Sudan source borders before South Sudan independence"", ""population_denominator_compatible"": false, ""source_country_id"": 625, ""source_country_name"": ""Sudan""}",UCDP territory-coded best estimate; not intensity-band floor. Israel/Palestine source unit and pre-2012 Sudan are excluded from unmatched WDI population rates.
SDN,2006-01-01,2006-12-31,conflict_civilian_targeting_deaths,740.0,deaths,,,annual,ucdp,26.1,https://ucdp.uu.se/downloads/organizedviolencecy/organizedviolencecy-261-csv.zip,,2026-09-07T11:32:05.412663+00:00,False,"{""geographic_scope"": ""Sudan source borders before South Sudan independence"", ""population_denominator_compatible"": false, ""source_country_id"": 625, ""source_country_name"": ""Sudan""}",UCDP territory-coded best estimate; not intensity-band floor. Israel/Palestine source unit and pre-2012 Sudan are excluded from unmatched WDI population rates.
SDN,2006-01-01,2006-12-31,conflict_nonstate_deaths,417.0,deaths,,,annual,ucdp,26.1,https://ucdp.uu.se/downloads/organizedviolencecy/organizedviolencecy-261-csv.zip,,2026-09-07T11:32:05.412663+00:00,False,"{""geographic_scope"": ""Sudan source borders before South Sudan independence"", ""population_denominator_compatible"": false, ""source_country_id"": 625, ""source_country_name"": ""Sudan""}",UCDP territory-coded best estimate; not intensity-band floor. Israel/Palestine source unit and pre-2012 Sudan are excluded from unmatched WDI population rates.
SDN,2006-01-01,2006-12-31,conflict_total_deaths,2187.0,deaths,,,annual,ucdp,26.1,https://ucdp.uu.se/downloads/organizedviolencecy/organizedviolencecy-261-csv.zip,,2026-09-07T11:32:05.412663+00:00,False,"{""geographic_scope"": ""Sudan source borders before South Sudan independence"", ""population_denominator_compatible"": false, ""source_country_id"": 625, ""source_country_name"": ""Sudan""}",UCDP territory-coded best estimate; not intensity-band floor. Israel/Palestine source unit and pre-2012 Sudan are excluded from unmatched WDI population rates.
SDN,2007-01-01,2007-12-31,conflict_battle_deaths,242.0,deaths,,,annual,ucdp,26.1,https://ucdp.uu.se/downloads/organizedviolencecy/organizedviolencecy-261-csv.zip,,2026-09-07T11:32:05.412663+00:00,False,"{""geographic_scope"": ""Sudan source borders before South Sudan independence"", ""population_denominator_compatible"": false, ""source_country_id"": 625, ""source_country_name"": ""Sudan""}",UCDP territory-coded best estimate; not intensity-band floor. Israel/Palestine source unit and pre-2012 Sudan are excluded from unmatched WDI population rates.
SDN,2007-01-01,2007-12-31,conflict_civilian_targeting_deaths,184.0,deaths,,,annual,ucdp,26.1,https://ucdp.uu.se/downloads/organizedviolencecy/organizedviolencecy-261-csv.zip,,2026-09-07T11:32:05.412663+00:00,False,"{""geographic_scope"": ""Sudan source borders before South Sudan independence"", ""population_denominator_compatible"": false, ""source_country_id"": 625, ""source_country_name"": ""Sudan""}",UCDP territory-coded best estimate; not intensity-band floor. Israel/Palestine source unit and pre-2012 Sudan are excluded from unmatched WDI population rates.
SDN,2007-01-01,2007-12-31,conflict_nonstate_deaths,754.0,deaths,,,annual,ucdp,26.1,https://ucdp.uu.se/downloads/organizedviolencecy/organizedviolencecy-261-csv.zip,,2026-09-07T11:32:05.412663+00:00,False,"{""geographic_scope"": ""Sudan source borders before South Sudan independence"", ""population_denominator_compatible"": false, ""source_country_id"": 625, ""source_country_name"": ""Sudan""}",UCDP territory-coded best estimate; not intensity-band floor. Israel/Palestine source unit and pre-2012 Sudan are excluded from unmatched WDI population rates.
SDN,2007-01-01,2007-12-31,conflict_total_deaths,1180.0,deaths,,,annual,ucdp,26.1,https://ucdp.uu.se/downloads/organizedviolencecy/organizedviolencecy-261-csv.zip,,2026-09-07T11:32:05.412663+00:00,False,"{""geographic_scope"": ""Sudan source borders before South Sudan independence"", ""population_denominator_compatible"": false, ""source_country_id"": 625, ""source_country_name"": ""Sudan""}",UCDP territory-coded best estimate; not intensity-band floor. Israel/Palestine source unit and pre-2012 Sudan are excluded from unmatched WDI population rates.
SDN,2008-01-01,2008-12-31,conflict_battle_deaths,620.0,deaths,,,annual,ucdp,26.1,https://ucdp.uu.se/downloads/organizedviolencecy/organizedviolencecy-261-csv.zip,,2026-09-07T11:32:05.412663+00:00,False,"{""geographic_scope"": ""Sudan source borders before South Sudan independence"", ""population_denominator_compatible"": false, ""source_country_id"": 625, ""source_country_name"": ""Sudan""}",UCDP territory-coded best estimate; not intensity-band floor. Israel/Palestine source unit and pre-2012 Sudan are excluded from unmatched WDI population rates.
SDN,2008-01-01,2008-12-31,conflict_civilian_targeting_deaths,332.0,deaths,,,annual,ucdp,26.1,https://ucdp.uu.se/downloads/organizedviolencecy/organizedviolencecy-261-csv.zip,,2026-09-07T11:32:05.412663+00:00,False,"{""geographic_scope"": ""Sudan source borders before South Sudan independence"", ""population_denominator_compatible"": false, ""source_country_id"": 625, ""source_country_name"": ""Sudan""}",UCDP territory-coded best estimate; not intensity-band floor. Israel/Palestine source unit and pre-2012 Sudan are excluded from unmatched WDI population rates.
SDN,2008-01-01,2008-12-31,conflict_nonstate_deaths,289.0,deaths,,,annual,ucdp,26.1,https://ucdp.uu.se/downloads/organizedviolencecy/organizedviolencecy-261-csv.zip,,2026-09-07T11:32:05.412663+00:00,False,"{""geographic_scope"": ""Sudan source borders before South Sudan independence"", ""population_denominator_compatible"": false, ""source_country_id"": 625, ""source_country_name"": ""Sudan""}",UCDP territory-coded best estimate; not intensity-band floor. Israel/Palestine source unit and pre-2012 Sudan are excluded from unmatched WDI population rates.
SDN,2008-01-01,2008-12-31,conflict_total_deaths,1241.0,deaths,,,annual,ucdp,26.1,https://ucdp.uu.se/downloads/organizedviolencecy/organizedviolencecy-261-csv.zip,,2026-09-07T11:32:05.412663+00:00,False,"{""geographic_scope"": ""Sudan source borders before South Sudan independence"", ""population_denominator_compatible"": false, ""source_country_id"": 625, ""source_country_name"": ""Sudan""}",UCDP territory-coded best estimate; not intensity-band floor. Israel/Palestine source unit and pre-2012 Sudan are excluded from unmatched WDI population rates.
SDN,2009-01-01,2009-12-31,conflict_battle_deaths,373.0,deaths,,,annual,ucdp,26.1,https://ucdp.uu.se/downloads/organizedviolencecy/organizedviolencecy-261-csv.zip,,2026-09-07T11:32:05.412663+00:00,False,"{""geographic_scope"": ""Sudan source borders before South Sudan independence"", ""population_denominator_compatible"": false, ""source_country_id"": 625, ""source_country_name"": ""Sudan""}",UCDP territory-coded best estimate; not intensity-band floor. Israel/Palestine source unit and pre-2012 Sudan are excluded from unmatched WDI population rates.
SDN,2009-01-01,2009-12-31,conflict_civilian_targeting_deaths,189.0,deaths,,,annual,ucdp,26.1,https://ucdp.uu.se/downloads/organizedviolencecy/organizedviolencecy-261-csv.zip,,2026-09-07T11:32:05.412663+00:00,False,"{""geographic_scope"": ""Sudan source borders before South Sudan independence"", ""population_denominator_compatible"": false, ""source_country_id"": 625, ""source_country_name"": ""Sudan""}",UCDP territory-coded best estimate; not intensity-band floor. Israel/Palestine source unit and pre-2012 Sudan are excluded from unmatched WDI population rates.
SDN,2009-01-01,2009-12-31,conflict_nonstate_deaths,2127.0,deaths,,,annual,ucdp,26.1,https://ucdp.uu.se/downloads/organizedviolencecy/organizedviolencecy-261-csv.zip,,2026-09-07T11:32:05.412663+00:00,False,"{""geographic_scope"": ""Sudan source borders before South Sudan independence"", ""population_denominator_compatible"": false, ""source_country_id"": 625, ""source_country_name"": ""Sudan""}",UCDP territory-coded best estimate; not intensity-band floor. Israel/Palestine source unit and pre-2012 Sudan are excluded from unmatched WDI population rates.
SDN,2009-01-01,2009-12-31,conflict_total_deaths,2689.0,deaths,,,annual,ucdp,26.1,https://ucdp.uu.se/downloads/organizedviolencecy/organizedviolencecy-261-csv.zip,,2026-09-07T11:32:05.412663+00:00,False,"{""geographic_scope"": ""Sudan source borders before South Sudan independence"", ""population_denominator_compatible"": false, ""source_country_id"": 625, ""source_country_name"": ""Sudan""}",UCDP territory-coded best estimate; not intensity-band floor. Israel/Palestine source unit and pre-2012 Sudan are excluded from unmatched WDI population rates.
SDN,2010-01-01,2010-12-31,conflict_battle_deaths,1056.0,deaths,,,annual,ucdp,26.1,https://ucdp.uu.se/downloads/organizedviolencecy/organizedviolencecy-261-csv.zip,,2026-09-07T11:32:05.412663+00:00,False,"{""geographic_scope"": ""Sudan source borders before South Sudan independence"", ""population_denominator_compatible"": false, ""source_country_id"": 625, ""source_country_name"": ""Sudan""}",UCDP territory-coded best estimate; not intensity-band floor. Israel/Palestine source unit and pre-2012 Sudan are excluded from unmatched WDI population rates.
SDN,2010-01-01,2010-12-31,conflict_civilian_targeting_deaths,82.0,deaths,,,annual,ucdp,26.1,https://ucdp.uu.se/downloads/organizedviolencecy/organizedviolencecy-261-csv.zip,,2026-09-07T11:32:05.412663+00:00,False,"{""geographic_scope"": ""Sudan source borders before South Sudan independence"", ""population_denominator_compatible"": false, ""source_country_id"": 625, ""source_country_name"": ""Sudan""}",UCDP territory-coded best estimate; not intensity-band floor. Israel/Palestine source unit and pre-2012 Sudan are excluded from unmatched WDI population rates.
SDN,2010-01-01,2010-12-31,conflict_nonstate_deaths,652.0,deaths,,,annual,ucdp,26.1,https://ucdp.uu.se/downloads/organizedviolencecy/organizedviolencecy-261-csv.zip,,2026-09-07T11:32:05.412663+00:00,False,"{""geographic_scope"": ""Sudan source borders before South Sudan independence"", ""population_denominator_compatible"": false, ""source_country_id"": 625, ""source_country_name"": ""Sudan""}",UCDP territory-coded best estimate; not intensity-band floor. Israel/Palestine source unit and pre-2012 Sudan are excluded from unmatched WDI population rates.
SDN,2010-01-01,2010-12-31,conflict_total_deaths,1790.0,deaths,,,annual,ucdp,26.1,https://ucdp.uu.se/downloads/organizedviolencecy/organizedviolencecy-261-csv.zip,,2026-09-07T11:32:05.412663+00:00,False,"{""geographic_scope"": ""Sudan source borders before South Sudan independence"", ""population_denominator_compatible"": false, ""source_country_id"": 625, ""source_country_name"": ""Sudan""}",UCDP territory-coded best estimate; not intensity-band floor. Israel/Palestine source unit and pre-2012 Sudan are excluded from unmatched WDI population rates.
SDN,2011-01-01,2011-12-31,conflict_battle_deaths,1404.0,deaths,,,annual,ucdp,26.1,https://ucdp.uu.se/downloads/organizedviolencecy/organizedviolencecy-261-csv.zip,,2026-09-07T11:32:05.412663+00:00,False,"{""geographic_scope"": ""Sudan source borders before South Sudan independence"", ""population_denominator_compatible"": false, ""source_country_id"": 625, ""source_country_name"": ""Sudan""}",UCDP territory-coded best estimate; not intensity-band floor. Israel/Palestine source unit and pre-2012 Sudan are excluded from unmatched WDI population rates.
SDN,2011-01-01,2011-12-31,conflict_civilian_targeting_deaths,180.0,deaths,,,annual,ucdp,26.1,https://ucdp.uu.se/downloads/organizedviolencecy/organizedviolencecy-261-csv.zip,,2026-09-07T11:32:05.412663+00:00,False,"{""geographic_scope"": ""Sudan source borders before South Sudan independence"", ""population_denominator_compatible"": false, ""source_country_id"": 625, ""source_country_name"": ""Sudan""}",UCDP territory-coded best estimate; not intensity-band floor. Israel/Palestine source unit and pre-2012 Sudan are excluded from unmatched WDI population rates.
SDN,2011-01-01,2011-12-31,conflict_nonstate_deaths,983.0,deaths,,,annual,ucdp,26.1,https://ucdp.uu.se/downloads/organizedviolencecy/organizedviolencecy-261-csv.zip,,2026-09-07T11:32:05.412663+00:00,False,"{""geographic_scope"": ""Sudan source borders before South Sudan independence"", ""population_denominator_compatible"": false, ""source_country_id"": 625, ""source_country_name"": ""Sudan""}",UCDP territory-coded best estimate; not intensity-band floor. Israel/Palestine source unit and pre-2012 Sudan are excluded from unmatched WDI population rates.
SDN,2011-01-01,2011-12-31,conflict_total_deaths,2567.0,deaths,,,annual,ucdp,26.1,https://ucdp.uu.se/downloads/organizedviolencecy/organizedviolencecy-261-csv.zip,,2026-09-07T11:32:05.412663+00:00,False,"{""geographic_scope"": ""Sudan source borders before South Sudan independence"", ""population_denominator_compatible"": false, ""source_country_id"": 625, ""source_country_name"": ""Sudan""}",UCDP territory-coded best estimate; not intensity-band floor. Israel/Palestine source unit and pre-2012 Sudan are excluded from unmatched WDI population rates.
SDN,2012-01-01,2012-12-31,conflict_battle_deaths,1411.0,deaths,,,annual,ucdp,26.1,https://ucdp.uu.se/downloads/organizedviolencecy/organizedviolencecy-261-csv.zip,,2026-09-07T11:32:05.412663+00:00,False,"{""geographic_scope"": ""UCDP source-country territory"", ""population_denominator_compatible"": true, ""source_country_id"": 625, ""source_country_name"": ""Sudan""}",UCDP territory-coded best estimate; not intensity-band floor. Israel/Palestine source unit and pre-2012 Sudan are excluded from unmatched WDI population rates.
SDN,2012-01-01,2012-12-31,conflict_civilian_targeting_deaths,50.0,deaths,,,annual,ucdp,26.1,https://ucdp.uu.se/downloads/organizedviolencecy/organizedviolencecy-261-csv.zip,,2026-09-07T11:32:05.412663+00:00,False,"{""geographic_scope"": ""UCDP source-country territory"", ""population_denominator_compatible"": true, ""source_country_id"": 625, ""source_country_name"": ""Sudan""}",UCDP territory-coded best estimate; not intensity-band floor. Israel/Palestine source unit and pre-2012 Sudan are excluded from unmatched WDI population rates.
SDN,2012-01-01,2012-12-31,conflict_nonstate_deaths,64.0,deaths,,,annual,ucdp,26.1,https://ucdp.uu.se/downloads/organizedviolencecy/organizedviolencecy-261-csv.zip,,2026-09-07T11:32:05.412663+00:00,False,"{""geographic_scope"": ""UCDP source-country territory"", ""population_denominator_compatible"": true, ""source_country_id"": 625, ""source_country_name"": ""Sudan""}",UCDP territory-coded best estimate; not intensity-band floor. Israel/Palestine source unit and pre-2012 Sudan are excluded from unmatched WDI population rates.
SDN,2012-01-01,2012-12-31,conflict_total_deaths,1525.0,deaths,,,annual,ucdp,26.1,https://ucdp.uu.se/downloads/organizedviolencecy/organizedviolencecy-261-csv.zip,,2026-09-07T11:32:05.412663+00:00,False,"{""geographic_scope"": ""UCDP source-country territory"", ""population_denominator_compatible"": true, ""source_country_id"": 625, ""source_country_name"": ""Sudan""}",UCDP territory-coded best estimate; not intensity-band floor. Israel/Palestine source unit and pre-2012 Sudan are excluded from unmatched WDI population rates.
SDN,2013-01-01,2013-12-31,conflict_battle_deaths,597.0,deaths,,,annual,ucdp,26.1,https://ucdp.uu.se/downloads/organizedviolencecy/organizedviolencecy-261-csv.zip,,2026-09-07T11:32:05.412663+00:00,False,"{""geographic_scope"": ""UCDP source-country territory"", ""population_denominator_compatible"": true, ""source_country_id"": 625, ""source_country_name"": ""Sudan""}",UCDP territory-coded best estimate; not intensity-band floor. Israel/Palestine source unit and pre-2012 Sudan are excluded from unmatched WDI population rates.
SDN,2013-01-01,2013-12-31,conflict_civilian_targeting_deaths,27.0,deaths,,,annual,ucdp,26.1,https://ucdp.uu.se/downloads/organizedviolencecy/organizedviolencecy-261-csv.zip,,2026-09-07T11:32:05.412663+00:00,False,"{""geographic_scope"": ""UCDP source-country territory"", ""population_denominator_compatible"": true, ""source_country_id"": 625, ""source_country_name"": ""Sudan""}",UCDP territory-coded best estimate; not intensity-band floor. Israel/Palestine source unit and pre-2012 Sudan are excluded from unmatched WDI population rates.
SDN,2013-01-01,2013-12-31,conflict_nonstate_deaths,1335.0,deaths,,,annual,ucdp,26.1,https://ucdp.uu.se/downloads/organizedviolencecy/organizedviolencecy-261-csv.zip,,2026-09-07T11:32:05.412663+00:00,False,"{""geographic_scope"": ""UCDP source-country territory"", ""population_denominator_compatible"": true, ""source_country_id"": 625, ""source_country_name"": ""Sudan""}",UCDP territory-coded best estimate; not intensity-band floor. Israel/Palestine source unit and pre-2012 Sudan are excluded from unmatched WDI population rates.
SDN,2013-01-01,2013-12-31,conflict_total_deaths,1959.0,deaths,,,annual,ucdp,26.1,https://ucdp.uu.se/downloads/organizedviolencecy/organizedviolencecy-261-csv.zip,,2026-09-07T11:32:05.412663+00:00,False,"{""geographic_scope"": ""UCDP source-country territory"", ""population_denominator_compatible"": true, ""source_country_id"": 625, ""source_country_name"": ""Sudan""}",UCDP territory-coded best estimate; not intensity-band floor. Israel/Palestine source unit and pre-2012 Sudan are excluded from unmatched WDI population rates.
SDN,2014-01-01,2014-12-31,conflict_battle_deaths,849.0,deaths,,,annual,ucdp,26.1,https://ucdp.uu.se/downloads/organizedviolencecy/organizedviolencecy-261-csv.zip,,2026-09-07T11:32:05.412663+00:00,False,"{""geographic_scope"": ""UCDP source-country territory"", ""population_denominator_compatible"": true, ""source_country_id"": 625, ""source_country_name"": ""Sudan""}",UCDP territory-coded best estimate; not intensity-band floor. Israel/Palestine source unit and pre-2012 Sudan are excluded from unmatched WDI population rates.
SDN,2014-01-01,2014-12-31,conflict_civilian_targeting_deaths,94.0,deaths,,,annual,ucdp,26.1,https://ucdp.uu.se/downloads/organizedviolencecy/organizedviolencecy-261-csv.zip,,2026-09-07T11:32:05.412663+00:00,False,"{""geographic_scope"": ""UCDP source-country territory"", ""population_denominator_compatible"": true, ""source_country_id"": 625, ""source_country_name"": ""Sudan""}",UCDP territory-coded best estimate; not intensity-band floor. Israel/Palestine source unit and pre-2012 Sudan are excluded from unmatched WDI population rates.
SDN,2014-01-01,2014-12-31,conflict_nonstate_deaths,969.0,deaths,,,annual,ucdp,26.1,https://ucdp.uu.se/downloads/organizedviolencecy/organizedviolencecy-261-csv.zip,,2026-09-07T11:32:05.412663+00:00,False,"{""geographic_scope"": ""UCDP source-country territory"", ""population_denominator_compatible"": true, ""source_country_id"": 625, ""source_country_name"": ""Sudan""}",UCDP territory-coded best estimate; not intensity-band floor. Israel/Palestine source unit and pre-2012 Sudan are excluded from unmatched WDI population rates.
SDN,2014-01-01,2014-12-31,conflict_total_deaths,1912.0,deaths,,,annual,ucdp,26.1,https://ucdp.uu.se/downloads/organizedviolencecy/organizedviolencecy-261-csv.zip,,2026-09-07T11:32:05.412663+00:00,False,"{""geographic_scope"": ""UCDP source-country territory"", ""population_denominator_compatible"": true, ""source_country_id"": 625, ""source_country_name"": ""Sudan""}",UCDP territory-coded best estimate; not intensity-band floor. Israel/Palestine source unit and pre-2012 Sudan are excluded from unmatched WDI population rates.
SDN,2015-01-01,2015-12-31,conflict_battle_deaths,1264.0,deaths,,,annual,ucdp,26.1,https://ucdp.uu.se/downloads/organizedviolencecy/organizedviolencecy-261-csv.zip,,2026-09-07T11:32:05.412663+00:00,False,"{""geographic_scope"": ""UCDP source-country territory"", ""population_denominator_compatible"": true, ""source_country_id"": 625, ""source_country_name"": ""Sudan""}",UCDP territory-coded best estimate; not intensity-band floor. Israel/Palestine source unit and pre-2012 Sudan are excluded from unmatched WDI population rates.
SDN,2015-01-01,2015-12-31,conflict_civilian_targeting_deaths,371.0,deaths,,,annual,ucdp,26.1,https://ucdp.uu.se/downloads/organizedviolencecy/organizedviolencecy-261-csv.zip,,2026-09-07T11:32:05.412663+00:00,False,"{""geographic_scope"": ""UCDP source-country territory"", ""population_denominator_compatible"": true, ""source_country_id"": 625, ""source_country_name"": ""Sudan""}",UCDP territory-coded best estimate; not intensity-band floor. Israel/Palestine source unit and pre-2012 Sudan are excluded from unmatched WDI population rates.
SDN,2015-01-01,2015-12-31,conflict_nonstate_deaths,923.0,deaths,,,annual,ucdp,26.1,https://ucdp.uu.se/downloads/organizedviolencecy/organizedviolencecy-261-csv.zip,,2026-09-07T11:32:05.412663+00:00,False,"{""geographic_scope"": ""UCDP source-country territory"", ""population_denominator_compatible"": true, ""source_country_id"": 625, ""source_country_name"": ""Sudan""}",UCDP territory-coded best estimate; not intensity-band floor. Israel/Palestine source unit and pre-2012 Sudan are excluded from unmatched WDI population rates.
SDN,2015-01-01,2015-12-31,conflict_total_deaths,2558.0,deaths,,,annual,ucdp,26.1,https://ucdp.uu.se/downloads/organizedviolencecy/organizedviolencecy-261-csv.zip,,2026-09-07T11:32:05.412663+00:00,False,"{""geographic_scope"": ""UCDP source-country territory"", ""population_denominator_compatible"": true, ""source_country_id"": 625, ""source_country_name"": ""Sudan""}",UCDP territory-coded best estimate; not intensity-band floor. Israel/Palestine source unit and pre-2012 Sudan are excluded from unmatched WDI population rates.
SDN,2016-01-01,2016-12-31,conflict_battle_deaths,1316.0,deaths,,,annual,ucdp,26.1,https://ucdp.uu.se/downloads/organizedviolencecy/organizedviolencecy-261-csv.zip,,2026-09-07T11:32:05.412663+00:00,False,"{""geographic_scope"": ""UCDP source-country territory"", ""population_denominator_compatible"": true, ""source_country_id"": 625, ""source_country_name"": ""Sudan""}",UCDP territory-coded best estimate; not intensity-band floor. Israel/Palestine source unit and pre-2012 Sudan are excluded from unmatched WDI population rates.
SDN,2016-01-01,2016-12-31,conflict_civilian_targeting_deaths,449.0,deaths,,,annual,ucdp,26.1,https://ucdp.uu.se/downloads/organizedviolencecy/organizedviolencecy-261-csv.zip,,2026-09-07T11:32:05.412663+00:00,False,"{""geographic_scope"": ""UCDP source-country territory"", ""population_denominator_compatible"": true, ""source_country_id"": 625, ""source_country_name"": ""Sudan""}",UCDP territory-coded best estimate; not intensity-band floor. Israel/Palestine source unit and pre-2012 Sudan are excluded from unmatched WDI population rates.
SDN,2016-01-01,2016-12-31,conflict_nonstate_deaths,232.0,deaths,,,annual,ucdp,26.1,https://ucdp.uu.se/downloads/organizedviolencecy/organizedviolencecy-261-csv.zip,,2026-09-07T11:32:05.412663+00:00,False,"{""geographic_scope"": ""UCDP source-country territory"", ""population_denominator_compatible"": true, ""source_country_id"": 625, ""source_country_name"": ""Sudan""}",UCDP territory-coded best estimate; not intensity-band floor. Israel/Palestine source unit and pre-2012 Sudan are excluded from unmatched WDI population rates.
SDN,2016-01-01,2016-12-31,conflict_total_deaths,1997.0,deaths,,,annual,ucdp,26.1,https://ucdp.uu.se/downloads/organizedviolencecy/organizedviolencecy-261-csv.zip,,2026-09-07T11:32:05.412663+00:00,False,"{""geographic_scope"": ""UCDP source-country territory"", ""population_denominator_compatible"": true, ""source_country_id"": 625, ""source_country_name"": ""Sudan""}",UCDP territory-coded best estimate; not intensity-band floor. Israel/Palestine source unit and pre-2012 Sudan are excluded from unmatched WDI population rates.
SDN,2017-01-01,2017-12-31,conflict_battle_deaths,166.0,deaths,,,annual,ucdp,26.1,https://ucdp.uu.se/downloads/organizedviolencecy/organizedviolencecy-261-csv.zip,,2026-09-07T11:32:05.412663+00:00,False,"{""geographic_scope"": ""UCDP source-country territory"", ""population_denominator_compatible"": true, ""source_country_id"": 625, ""source_country_name"": ""Sudan""}",UCDP territory-coded best estimate; not intensity-band floor. Israel/Palestine source unit and pre-2012 Sudan are excluded from unmatched WDI population rates.
SDN,2017-01-01,2017-12-31,conflict_civilian_targeting_deaths,66.0,deaths,,,annual,ucdp,26.1,https://ucdp.uu.se/downloads/organizedviolencecy/organizedviolencecy-261-csv.zip,,2026-09-07T11:32:05.412663+00:00,False,"{""geographic_scope"": ""UCDP source-country territory"", ""population_denominator_compatible"": true, ""source_country_id"": 625, ""source_country_name"": ""Sudan""}",UCDP territory-coded best estimate; not intensity-band floor. Israel/Palestine source unit and pre-2012 Sudan are excluded from unmatched WDI population rates.
SDN,2017-01-01,2017-12-31,conflict_nonstate_deaths,316.0,deaths,,,annual,ucdp,26.1,https://ucdp.uu.se/downloads/organizedviolencecy/organizedviolencecy-261-csv.zip,,2026-09-07T11:32:05.412663+00:00,False,"{""geographic_scope"": ""UCDP source-country territory"", ""population_denominator_compatible"": true, ""source_country_id"": 625, ""source_country_name"": ""Sudan""}",UCDP territory-coded best estimate; not intensity-band floor. Israel/Palestine source unit and pre-2012 Sudan are excluded from unmatched WDI population rates.
SDN,2017-01-01,2017-12-31,conflict_total_deaths,548.0,deaths,,,annual,ucdp,26.1,https://ucdp.uu.se/downloads/organizedviolencecy/organizedviolencecy-261-csv.zip,,2026-09-07T11:32:05.412663+00:00,False,"{""geographic_scope"": ""UCDP source-country territory"", ""population_denominator_compatible"": true, ""source_country_id"": 625, ""source_country_name"": ""Sudan""}",UCDP territory-coded best estimate; not intensity-band floor. Israel/Palestine source unit and pre-2012 Sudan are excluded from unmatched WDI population rates.
SDN,2018-01-01,2018-12-31,conflict_battle_deaths,254.0,deaths,,,annual,ucdp,26.1,https://ucdp.uu.se/downloads/organizedviolencecy/organizedviolencecy-261-csv.zip,,2026-09-07T11:32:05.412663+00:00,False,"{""geographic_scope"": ""UCDP source-country territory"", ""population_denominator_compatible"": true, ""source_country_id"": 625, ""source_country_name"": ""Sudan""}",UCDP territory-coded best estimate; not intensity-band floor. Israel/Palestine source unit and pre-2012 Sudan are excluded from unmatched WDI population rates.
SDN,2018-01-01,2018-12-31,conflict_civilian_targeting_deaths,75.0,deaths,,,annual,ucdp,26.1,https://ucdp.uu.se/downloads/organizedviolencecy/organizedviolencecy-261-csv.zip,,2026-09-07T11:32:05.412663+00:00,False,"{""geographic_scope"": ""UCDP source-country territory"", ""population_denominator_compatible"": true, ""source_country_id"": 625, ""source_country_name"": ""Sudan""}",UCDP territory-coded best estimate; not intensity-band floor. Israel/Palestine source unit and pre-2012 Sudan are excluded from unmatched WDI population rates.
SDN,2018-01-01,2018-12-31,conflict_nonstate_deaths,103.0,deaths,,,annual,ucdp,26.1,https://ucdp.uu.se/downloads/organizedviolencecy/organizedviolencecy-261-csv.zip,,2026-09-07T11:32:05.412663+00:00,False,"{""geographic_scope"": ""UCDP source-country territory"", ""population_denominator_compatible"": true, ""source_country_id"": 625, ""source_country_name"": ""Sudan""}",UCDP territory-coded best estimate; not intensity-band floor. Israel/Palestine source unit and pre-2012 Sudan are excluded from unmatched WDI population rates.
SDN,2018-01-01,2018-12-31,conflict_total_deaths,432.0,deaths,,,annual,ucdp,26.1,https://ucdp.uu.se/downloads/organizedviolencecy/organizedviolencecy-261-csv.zip,,2026-09-07T11:32:05.412663+00:00,False,"{""geographic_scope"": ""UCDP source-country territory"", ""population_denominator_compatible"": true, ""source_country_id"": 625, ""source_country_name"": ""Sudan""}",UCDP territory-coded best estimate; not intensity-band floor. Israel/Palestine source unit and pre-2012 Sudan are excluded from unmatched WDI population rates.
SDN,2019-01-01,2019-12-31,conflict_battle_deaths,23.0,deaths,,,annual,ucdp,26.1,https://ucdp.uu.se/downloads/organizedviolencecy/organizedviolencecy-261-csv.zip,,2026-09-07T11:32:05.412663+00:00,False,"{""geographic_scope"": ""UCDP source-country territory"", ""population_denominator_compatible"": true, ""source_country_id"": 625, ""source_country_name"": ""Sudan""}",UCDP territory-coded best estimate; not intensity-band floor. Israel/Palestine source unit and pre-2012 Sudan are excluded from unmatched WDI population rates.
SDN,2019-01-01,2019-12-31,conflict_civilian_targeting_deaths,219.0,deaths,,,annual,ucdp,26.1,https://ucdp.uu.se/downloads/organizedviolencecy/organizedviolencecy-261-csv.zip,,2026-09-07T11:32:05.412663+00:00,False,"{""geographic_scope"": ""UCDP source-country territory"", ""population_denominator_compatible"": true, ""source_country_id"": 625, ""source_country_name"": ""Sudan""}",UCDP territory-coded best estimate; not intensity-band floor. Israel/Palestine source unit and pre-2012 Sudan are excluded from unmatched WDI population rates.
SDN,2019-01-01,2019-12-31,conflict_nonstate_deaths,193.0,deaths,,,annual,ucdp,26.1,https://ucdp.uu.se/downloads/organizedviolencecy/organizedviolencecy-261-csv.zip,,2026-09-07T11:32:05.412663+00:00,False,"{""geographic_scope"": ""UCDP source-country territory"", ""population_denominator_compatible"": true, ""source_country_id"": 625, ""source_country_name"": ""Sudan""}",UCDP territory-coded best estimate; not intensity-band floor. Israel/Palestine source unit and pre-2012 Sudan are excluded from unmatched WDI population rates.
SDN,2019-01-01,2019-12-31,conflict_total_deaths,435.0,deaths,,,annual,ucdp,26.1,https://ucdp.uu.se/downloads/organizedviolencecy/organizedviolencecy-261-csv.zip,,2026-09-07T11:32:05.412663+00:00,False,"{""geographic_scope"": ""UCDP source-country territory"", ""population_denominator_compatible"": true, ""source_country_id"": 625, ""source_country_name"": ""Sudan""}",UCDP territory-coded best estimate; not intensity-band floor. Israel/Palestine source unit and pre-2012 Sudan are excluded from unmatched WDI population rates.
SDN,2020-01-01,2020-12-31,conflict_battle_deaths,48.0,deaths,,,annual,ucdp,26.1,https://ucdp.uu.se/downloads/organizedviolencecy/organizedviolencecy-261-csv.zip,,2026-09-07T11:32:05.412663+00:00,False,"{""geographic_scope"": ""UCDP source-country territory"", ""population_denominator_compatible"": true, ""source_country_id"": 625, ""source_country_name"": ""Sudan""}",UCDP territory-coded best estimate; not intensity-band floor. Israel/Palestine source unit and pre-2012 Sudan are excluded from unmatched WDI population rates.
SDN,2020-01-01,2020-12-31,conflict_civilian_targeting_deaths,61.0,deaths,,,annual,ucdp,26.1,https://ucdp.uu.se/downloads/organizedviolencecy/organizedviolencecy-261-csv.zip,,2026-09-07T11:32:05.412663+00:00,False,"{""geographic_scope"": ""UCDP source-country territory"", ""population_denominator_compatible"": true, ""source_country_id"": 625, ""source_country_name"": ""Sudan""}",UCDP territory-coded best estimate; not intensity-band floor. Israel/Palestine source unit and pre-2012 Sudan are excluded from unmatched WDI population rates.
SDN,2020-01-01,2020-12-31,conflict_nonstate_deaths,518.0,deaths,,,annual,ucdp,26.1,https://ucdp.uu.se/downloads/organizedviolencecy/organizedviolencecy-261-csv.zip,,2026-09-07T11:32:05.412663+00:00,False,"{""geographic_scope"": ""UCDP source-country territory"", ""population_denominator_compatible"": true, ""source_country_id"": 625, ""source_country_name"": ""Sudan""}",UCDP territory-coded best estimate; not intensity-band floor. Israel/Palestine source unit and pre-2012 Sudan are excluded from unmatched WDI population rates.
SDN,2020-01-01,2020-12-31,conflict_total_deaths,627.0,deaths,,,annual,ucdp,26.1,https://ucdp.uu.se/downloads/organizedviolencecy/organizedviolencecy-261-csv.zip,,2026-09-07T11:32:05.412663+00:00,False,"{""geographic_scope"": ""UCDP source-country territory"", ""population_denominator_compatible"": true, ""source_country_id"": 625, ""source_country_name"": ""Sudan""}",UCDP territory-coded best estimate; not intensity-band floor. Israel/Palestine source unit and pre-2012 Sudan are excluded from unmatched WDI population rates.
SDN,2021-01-01,2021-12-31,conflict_battle_deaths,31.0,deaths,,,annual,ucdp,26.1,https://ucdp.uu.se/downloads/organizedviolencecy/organizedviolencecy-261-csv.zip,,2026-09-07T11:32:05.412663+00:00,False,"{""geographic_scope"": ""UCDP source-country territory"", ""population_denominator_compatible"": true, ""source_country_id"": 625, ""source_country_name"": ""Sudan""}",UCDP territory-coded best estimate; not intensity-band floor. Israel/Palestine source unit and pre-2012 Sudan are excluded from unmatched WDI population rates.
SDN,2021-01-01,2021-12-31,conflict_civilian_targeting_deaths,105.0,deaths,,,annual,ucdp,26.1,https://ucdp.uu.se/downloads/organizedviolencecy/organizedviolencecy-261-csv.zip,,2026-09-07T11:32:05.412663+00:00,False,"{""geographic_scope"": ""UCDP source-country territory"", ""population_denominator_compatible"": true, ""source_country_id"": 625, ""source_country_name"": ""Sudan""}",UCDP territory-coded best estimate; not intensity-band floor. Israel/Palestine source unit and pre-2012 Sudan are excluded from unmatched WDI population rates.
SDN,2021-01-01,2021-12-31,conflict_nonstate_deaths,726.0,deaths,,,annual,ucdp,26.1,https://ucdp.uu.se/downloads/organizedviolencecy/organizedviolencecy-261-csv.zip,,2026-09-07T11:32:05.412663+00:00,False,"{""geographic_scope"": ""UCDP source-country territory"", ""population_denominator_compatible"": true, ""source_country_id"": 625, ""source_country_name"": ""Sudan""}",UCDP territory-coded best estimate; not intensity-band floor. Israel/Palestine source unit and pre-2012 Sudan are excluded from unmatched WDI population rates.
SDN,2021-01-01,2021-12-31,conflict_total_deaths,862.0,deaths,,,annual,ucdp,26.1,https://ucdp.uu.se/downloads/organizedviolencecy/organizedviolencecy-261-csv.zip,,2026-09-07T11:32:05.412663+00:00,False,"{""geographic_scope"": ""UCDP source-country territory"", ""population_denominator_compatible"": true, ""source_country_id"": 625, ""source_country_name"": ""Sudan""}",UCDP territory-coded best estimate; not intensity-band floor. Israel/Palestine source unit and pre-2012 Sudan are excluded from unmatched WDI population rates.
SDN,2022-01-01,2022-12-31,conflict_battle_deaths,54.0,deaths,,,annual,ucdp,26.1,https://ucdp.uu.se/downloads/organizedviolencecy/organizedviolencecy-261-csv.zip,,2026-09-07T11:32:05.412663+00:00,False,"{""geographic_scope"": ""UCDP source-country territory"", ""population_denominator_compatible"": true, ""source_country_id"": 625, ""source_country_name"": ""Sudan""}",UCDP territory-coded best estimate; not intensity-band floor. Israel/Palestine source unit and pre-2012 Sudan are excluded from unmatched WDI population rates.
SDN,2022-01-01,2022-12-31,conflict_civilian_targeting_deaths,74.0,deaths,,,annual,ucdp,26.1,https://ucdp.uu.se/downloads/organizedviolencecy/organizedviolencecy-261-csv.zip,,2026-09-07T11:32:05.412663+00:00,False,"{""geographic_scope"": ""UCDP source-country territory"", ""population_denominator_compatible"": true, ""source_country_id"": 625, ""source_country_name"": ""Sudan""}",UCDP territory-coded best estimate; not intensity-band floor. Israel/Palestine source unit and pre-2012 Sudan are excluded from unmatched WDI population rates.
SDN,2022-01-01,2022-12-31,conflict_nonstate_deaths,1279.0,deaths,,,annual,ucdp,26.1,https://ucdp.uu.se/downloads/organizedviolencecy/organizedviolencecy-261-csv.zip,,2026-09-07T11:32:05.412663+00:00,False,"{""geographic_scope"": ""UCDP source-country territory"", ""population_denominator_compatible"": true, ""source_country_id"": 625, ""source_country_name"": ""Sudan""}",UCDP territory-coded best estimate; not intensity-band floor. Israel/Palestine source unit and pre-2012 Sudan are excluded from unmatched WDI population rates.
SDN,2022-01-01,2022-12-31,conflict_total_deaths,1407.0,deaths,,,annual,ucdp,26.1,https://ucdp.uu.se/downloads/organizedviolencecy/organizedviolencecy-261-csv.zip,,2026-09-07T11:32:05.412663+00:00,False,"{""geographic_scope"": ""UCDP source-country territory"", ""population_denominator_compatible"": true, ""source_country_id"": 625, ""source_country_name"": ""Sudan""}",UCDP territory-coded best estimate; not intensity-band floor. Israel/Palestine source unit and pre-2012 Sudan are excluded from unmatched WDI population rates.
SDN,2023-01-01,2023-12-31,conflict_battle_deaths,11760.0,deaths,,,annual,ucdp,26.1,https://ucdp.uu.se/downloads/organizedviolencecy/organizedviolencecy-261-csv.zip,,2026-09-07T11:32:05.412663+00:00,False,"{""geographic_scope"": ""UCDP source-country territory"", ""population_denominator_compatible"": true, ""source_country_id"": 625, ""source_country_name"": ""Sudan""}",UCDP territory-coded best estimate; not intensity-band floor. Israel/Palestine source unit and pre-2012 Sudan are excluded from unmatched WDI population rates.
SDN,2023-01-01,2023-12-31,conflict_civilian_targeting_deaths,2318.0,deaths,,,annual,ucdp,26.1,https://ucdp.uu.se/downloads/organizedviolencecy/organizedviolencecy-261-csv.zip,,2026-09-07T11:32:05.412663+00:00,False,"{""geographic_scope"": ""UCDP source-country territory"", ""population_denominator_compatible"": true, ""source_country_id"": 625, ""source_country_name"": ""Sudan""}",UCDP territory-coded best estimate; not intensity-band floor. Israel/Palestine source unit and pre-2012 Sudan are excluded from unmatched WDI population rates.
SDN,2023-01-01,2023-12-31,conflict_nonstate_deaths,692.0,deaths,,,annual,ucdp,26.1,https://ucdp.uu.se/downloads/organizedviolencecy/organizedviolencecy-261-csv.zip,,2026-09-07T11:32:05.412663+00:00,False,"{""geographic_scope"": ""UCDP source-country territory"", ""population_denominator_compatible"": true, ""source_country_id"": 625, ""source_country_name"": ""Sudan""}",UCDP territory-coded best estimate; not intensity-band floor. Israel/Palestine source unit and pre-2012 Sudan are excluded from unmatched WDI population rates.
SDN,2023-01-01,2023-12-31,conflict_total_deaths,14770.0,deaths,,,annual,ucdp,26.1,https://ucdp.uu.se/downloads/organizedviolencecy/organizedviolencecy-261-csv.zip,,2026-09-07T11:32:05.412663+00:00,False,"{""geographic_scope"": ""UCDP source-country territory"", ""population_denominator_compatible"": true, ""source_country_id"": 625, ""source_country_name"": ""Sudan""}",UCDP territory-coded best estimate; not intensity-band floor. Israel/Palestine source unit and pre-2012 Sudan are excluded from unmatched WDI population rates.
SDN,2024-01-01,2024-12-31,conflict_battle_deaths,4680.0,deaths,,,annual,ucdp,26.1,https://ucdp.uu.se/downloads/organizedviolencecy/organizedviolencecy-261-csv.zip,,2026-09-07T11:32:05.412663+00:00,False,"{""geographic_scope"": ""UCDP source-country territory"", ""population_denominator_compatible"": true, ""source_country_id"": 625, ""source_country_name"": ""Sudan""}",UCDP territory-coded best estimate; not intensity-band floor. Israel/Palestine source unit and pre-2012 Sudan are excluded from unmatched WDI population rates.
SDN,2024-01-01,2024-12-31,conflict_civilian_targeting_deaths,2316.0,deaths,,,annual,ucdp,26.1,https://ucdp.uu.se/downloads/organizedviolencecy/organizedviolencecy-261-csv.zip,,2026-09-07T11:32:05.412663+00:00,False,"{""geographic_scope"": ""UCDP source-country territory"", ""population_denominator_compatible"": true, ""source_country_id"": 625, ""source_country_name"": ""Sudan""}",UCDP territory-coded best estimate; not intensity-band floor. Israel/Palestine source unit and pre-2012 Sudan are excluded from unmatched WDI population rates.
SDN,2024-01-01,2024-12-31,conflict_nonstate_deaths,107.0,deaths,,,annual,ucdp,26.1,https://ucdp.uu.se/downloads/organizedviolencecy/organizedviolencecy-261-csv.zip,,2026-09-07T11:32:05.412663+00:00,False,"{""geographic_scope"": ""UCDP source-country territory"", ""population_denominator_compatible"": true, ""source_country_id"": 625, ""source_country_name"": ""Sudan""}",UCDP territory-coded best estimate; not intensity-band floor. Israel/Palestine source unit and pre-2012 Sudan are excluded from unmatched WDI population rates.
SDN,2024-01-01,2024-12-31,conflict_total_deaths,7103.0,deaths,,,annual,ucdp,26.1,https://ucdp.uu.se/downloads/organizedviolencecy/organizedviolencecy-261-csv.zip,,2026-09-07T11:32:05.412663+00:00,False,"{""geographic_scope"": ""UCDP source-country territory"", ""population_denominator_compatible"": true, ""source_country_id"": 625, ""source_country_name"": ""Sudan""}",UCDP territory-coded best estimate; not intensity-band floor. Israel/Palestine source unit and pre-2012 Sudan are excluded from unmatched WDI population rates.
SDN,2025-01-01,2025-12-31,conflict_battle_deaths,12269.0,deaths,,,annual,ucdp,26.1,https://ucdp.uu.se/downloads/organizedviolencecy/organizedviolencecy-261-csv.zip,,2026-09-07T11:32:05.412663+00:00,False,"{""geographic_scope"": ""UCDP source-country territory"", ""population_denominator_compatible"": true, ""source_country_id"": 625, ""source_country_name"": ""Sudan""}",UCDP territory-coded best estimate; not intensity-band floor. Israel/Palestine source unit and pre-2012 Sudan are excluded from unmatched WDI population rates.
SDN,2025-01-01,2025-12-31,conflict_civilian_targeting_deaths,62775.0,deaths,,,annual,ucdp,26.1,https://ucdp.uu.se/downloads/organizedviolencecy/organizedviolencecy-261-csv.zip,,2026-09-07T11:32:05.412663+00:00,False,"{""geographic_scope"": ""UCDP source-country territory"", ""population_denominator_compatible"": true, ""source_country_id"": 625, ""source_country_name"": ""Sudan""}",UCDP territory-coded best estimate; not intensity-band floor. Israel/Palestine source unit and pre-2012 Sudan are excluded from unmatched WDI population rates.
SDN,2025-01-01,2025-12-31,conflict_nonstate_deaths,130.0,deaths,,,annual,ucdp,26.1,https://ucdp.uu.se/downloads/organizedviolencecy/organizedviolencecy-261-csv.zip,,2026-09-07T11:32:05.412663+00:00,False,"{""geographic_scope"": ""UCDP source-country territory"", ""population_denominator_compatible"": true, ""source_country_id"": 625, ""source_country_name"": ""Sudan""}",UCDP territory-coded best estimate; not intensity-band floor. Israel/Palestine source unit and pre-2012 Sudan are excluded from unmatched WDI population rates.
SDN,2025-01-01,2025-12-31,conflict_total_deaths,75174.0,deaths,,,annual,ucdp,26.1,https://ucdp.uu.se/downloads/organizedviolencecy/organizedviolencecy-261-csv.zip,,2026-09-07T11:32:05.412663+00:00,False,"{""geographic_scope"": ""UCDP source-country territory"", ""population_denominator_compatible"": true, ""source_country_id"": 625, ""source_country_name"": ""Sudan""}",UCDP territory-coded best estimate; not intensity-band floor. Israel/Palestine source unit and pre-2012 Sudan are excluded from unmatched WDI population rates.
SOM,2000-01-01,2000-12-31,conflict_battle_deaths,0.0,deaths,,,annual,ucdp,26.1,https://ucdp.uu.se/downloads/organizedviolencecy/organizedviolencecy-261-csv.zip,,2026-09-07T11:32:05.412663+00:00,False,"{""geographic_scope"": ""UCDP source-country territory"", ""population_denominator_compatible"": true, ""source_country_id"": 520, ""source_country_name"": ""Somalia""}",UCDP territory-coded best estimate; not intensity-band floor. Israel/Palestine source unit and pre-2012 Sudan are excluded from unmatched WDI population rates.
SOM,2000-01-01,2000-12-31,conflict_civilian_targeting_deaths,2.0,deaths,,,annual,ucdp,26.1,https://ucdp.uu.se/downloads/organizedviolencecy/organizedviolencecy-261-csv.zip,,2026-09-07T11:32:05.412663+00:00,False,"{""geographic_scope"": ""UCDP source-country territory"", ""population_denominator_compatible"": true, ""source_country_id"": 520, ""source_country_name"": ""Somalia""}",UCDP territory-coded best estimate; not intensity-band floor. Israel/Palestine source unit and pre-2012 Sudan are excluded from unmatched WDI population rates.
SOM,2000-01-01,2000-12-31,conflict_nonstate_deaths,183.0,deaths,,,annual,ucdp,26.1,https://ucdp.uu.se/downloads/organizedviolencecy/organizedviolencecy-261-csv.zip,,2026-09-07T11:32:05.412663+00:00,False,"{""geographic_scope"": ""UCDP source-country territory"", ""population_denominator_compatible"": true, ""source_country_id"": 520, ""source_country_name"": ""Somalia""}",UCDP territory-coded best estimate; not intensity-band floor. Israel/Palestine source unit and pre-2012 Sudan are excluded from unmatched WDI population rates.
SOM,2000-01-01,2000-12-31,conflict_total_deaths,185.0,deaths,,,annual,ucdp,26.1,https://ucdp.uu.se/downloads/organizedviolencecy/organizedviolencecy-261-csv.zip,,2026-09-07T11:32:05.412663+00:00,False,"{""geographic_scope"": ""UCDP source-country territory"", ""population_denominator_compatible"": true, ""source_country_id"": 520, ""source_country_name"": ""Somalia""}",UCDP territory-coded best estimate; not intensity-band floor. Israel/Palestine source unit and pre-2012 Sudan are excluded from unmatched WDI population rates.
SOM,2001-01-01,2001-12-31,conflict_battle_deaths,228.0,deaths,,,annual,ucdp,26.1,https://ucdp.uu.se/downloads/organizedviolencecy/organizedviolencecy-261-csv.zip,,2026-09-07T11:32:05.412663+00:00,False,"{""geographic_scope"": ""UCDP source-country territory"", ""population_denominator_compatible"": true, ""source_country_id"": 520, ""source_country_name"": ""Somalia""}",UCDP territory-coded best estimate; not intensity-band floor. Israel/Palestine source unit and pre-2012 Sudan are excluded from unmatched WDI population rates.
SOM,2001-01-01,2001-12-31,conflict_civilian_targeting_deaths,5.0,deaths,,,annual,ucdp,26.1,https://ucdp.uu.se/downloads/organizedviolencecy/organizedviolencecy-261-csv.zip,,2026-09-07T11:32:05.412663+00:00,False,"{""geographic_scope"": ""UCDP source-country territory"", ""population_denominator_compatible"": true, ""source_country_id"": 520, ""source_country_name"": ""Somalia""}",UCDP territory-coded best estimate; not intensity-band floor. Israel/Palestine source unit and pre-2012 Sudan are excluded from unmatched WDI population rates.
SOM,2001-01-01,2001-12-31,conflict_nonstate_deaths,250.0,deaths,,,annual,ucdp,26.1,https://ucdp.uu.se/downloads/organizedviolencecy/organizedviolencecy-261-csv.zip,,2026-09-07T11:32:05.412663+00:00,False,"{""geographic_scope"": ""UCDP source-country territory"", ""population_denominator_compatible"": true, ""source_country_id"": 520, ""source_country_name"": ""Somalia""}",UCDP territory-coded best estimate; not intensity-band floor. Israel/Palestine source unit and pre-2012 Sudan are excluded from unmatched WDI population rates.
SOM,2001-01-01,2001-12-31,conflict_total_deaths,483.0,deaths,,,annual,ucdp,26.1,https://ucdp.uu.se/downloads/organizedviolencecy/organizedviolencecy-261-csv.zip,,2026-09-07T11:32:05.412663+00:00,False,"{""geographic_scope"": ""UCDP source-country territory"", ""population_denominator_compatible"": true, ""source_country_id"": 520, ""source_country_name"": ""Somalia""}",UCDP territory-coded best estimate; not intensity-band floor. Israel/Palestine source unit and pre-2012 Sudan are excluded from unmatched WDI population rates.
SOM,2002-01-01,2002-12-31,conflict_battle_deaths,114.0,deaths,,,annual,ucdp,26.1,https://ucdp.uu.se/downloads/organizedviolencecy/organizedviolencecy-261-csv.zip,,2026-09-07T11:32:05.412663+00:00,False,"{""geographic_scope"": ""UCDP source-country territory"", ""population_denominator_compatible"": true, ""source_country_id"": 520, ""source_country_name"": ""Somalia""}",UCDP territory-coded best estimate; not intensity-band floor. Israel/Palestine source unit and pre-2012 Sudan are excluded from unmatched WDI population rates.
SOM,2002-01-01,2002-12-31,conflict_civilian_targeting_deaths,0.0,deaths,,,annual,ucdp,26.1,https://ucdp.uu.se/downloads/organizedviolencecy/organizedviolencecy-261-csv.zip,,2026-09-07T11:32:05.412663+00:00,False,"{""geographic_scope"": ""UCDP source-country territory"", ""population_denominator_compatible"": true, ""source_country_id"": 520, ""source_country_name"": ""Somalia""}",UCDP territory-coded best estimate; not intensity-band floor. Israel/Palestine source unit and pre-2012 Sudan are excluded from unmatched WDI population rates.
SOM,2002-01-01,2002-12-31,conflict_nonstate_deaths,524.0,deaths,,,annual,ucdp,26.1,https://ucdp.uu.se/downloads/organizedviolencecy/organizedviolencecy-261-csv.zip,,2026-09-07T11:32:05.412663+00:00,False,"{""geographic_scope"": ""UCDP source-country territory"", ""population_denominator_compatible"": true, ""source_country_id"": 520, ""source_country_name"": ""Somalia""}",UCDP territory-coded best estimate; not intensity-band floor. Israel/Palestine source unit and pre-2012 Sudan are excluded from unmatched WDI population rates.
SOM,2002-01-01,2002-12-31,conflict_total_deaths,638.0,deaths,,,annual,ucdp,26.1,https://ucdp.uu.se/downloads/organizedviolencecy/organizedviolencecy-261-csv.zip,,2026-09-07T11:32:05.412663+00:00,False,"{""geographic_scope"": ""UCDP source-country territory"", ""population_denominator_compatible"": true, ""source_country_id"": 520, ""source_country_name"": ""Somalia""}",UCDP territory-coded best estimate; not intensity-band floor. Israel/Palestine source unit and pre-2012 Sudan are excluded from unmatched WDI population rates.
SOM,2003-01-01,2003-12-31,conflict_battle_deaths,0.0,deaths,,,annual,ucdp,26.1,https://ucdp.uu.se/downloads/organizedviolencecy/organizedviolencecy-261-csv.zip,,2026-09-07T11:32:05.412663+00:00,False,"{""geographic_scope"": ""UCDP source-country territory"", ""population_denominator_compatible"": true, ""source_country_id"": 520, ""source_country_name"": ""Somalia""}",UCDP territory-coded best estimate; not intensity-band floor. Israel/Palestine source unit and pre-2012 Sudan are excluded from unmatched WDI population rates.
SOM,2003-01-01,2003-12-31,conflict_civilian_targeting_deaths,4.0,deaths,,,annual,ucdp,26.1,https://ucdp.uu.se/downloads/organizedviolencecy/organizedviolencecy-261-csv.zip,,2026-09-07T11:32:05.412663+00:00,False,"{""geographic_scope"": ""UCDP source-country territory"", ""population_denominator_compatible"": true, ""source_country_id"": 520, ""source_country_name"": ""Somalia""}",UCDP territory-coded best estimate; not intensity-band floor. Israel/Palestine source unit and pre-2012 Sudan are excluded from unmatched WDI population rates.
SOM,2003-01-01,2003-12-31,conflict_nonstate_deaths,401.0,deaths,,,annual,ucdp,26.1,https://ucdp.uu.se/downloads/organizedviolencecy/organizedviolencecy-261-csv.zip,,2026-09-07T11:32:05.412663+00:00,False,"{""geographic_scope"": ""UCDP source-country territory"", ""population_denominator_compatible"": true, ""source_country_id"": 520, ""source_country_name"": ""Somalia""}",UCDP territory-coded best estimate; not intensity-band floor. Israel/Palestine source unit and pre-2012 Sudan are excluded from unmatched WDI population rates.
SOM,2003-01-01,2003-12-31,conflict_total_deaths,405.0,deaths,,,annual,ucdp,26.1,https://ucdp.uu.se/downloads/organizedviolencecy/organizedviolencecy-261-csv.zip,,2026-09-07T11:32:05.412663+00:00,False,"{""geographic_scope"": ""UCDP source-country territory"", ""population_denominator_compatible"": true, ""source_country_id"": 520, ""source_country_name"": ""Somalia""}",UCDP territory-coded best estimate; not intensity-band floor. Israel/Palestine source unit and pre-2012 Sudan are excluded from unmatched WDI population rates.
SOM,2004-01-01,2004-12-31,conflict_battle_deaths,0.0,deaths,,,annual,ucdp,26.1,https://ucdp.uu.se/downloads/organizedviolencecy/organizedviolencecy-261-csv.zip,,2026-09-07T11:32:05.412663+00:00,False,"{""geographic_scope"": ""UCDP source-country territory"", ""population_denominator_compatible"": true, ""source_country_id"": 520, ""source_country_name"": ""Somalia""}",UCDP territory-coded best estimate; not intensity-band floor. Israel/Palestine source unit and pre-2012 Sudan are excluded from unmatched WDI population rates.
SOM,2004-01-01,2004-12-31,conflict_civilian_targeting_deaths,0.0,deaths,,,annual,ucdp,26.1,https://ucdp.uu.se/downloads/organizedviolencecy/organizedviolencecy-261-csv.zip,,2026-09-07T11:32:05.412663+00:00,False,"{""geographic_scope"": ""UCDP source-country territory"", ""population_denominator_compatible"": true, ""source_country_id"": 520, ""source_country_name"": ""Somalia""}",UCDP territory-coded best estimate; not intensity-band floor. Israel/Palestine source unit and pre-2012 Sudan are excluded from unmatched WDI population rates.
SOM,2004-01-01,2004-12-31,conflict_nonstate_deaths,670.0,deaths,,,annual,ucdp,26.1,https://ucdp.uu.se/downloads/organizedviolencecy/organizedviolencecy-261-csv.zip,,2026-09-07T11:32:05.412663+00:00,False,"{""geographic_scope"": ""UCDP source-country territory"", ""population_denominator_compatible"": true, ""source_country_id"": 520, ""source_country_name"": ""Somalia""}",UCDP territory-coded best estimate; not intensity-band floor. Israel/Palestine source unit and pre-2012 Sudan are excluded from unmatched WDI population rates.
SOM,2004-01-01,2004-12-31,conflict_total_deaths,670.0,deaths,,,annual,ucdp,26.1,https://ucdp.uu.se/downloads/organizedviolencecy/organizedviolencecy-261-csv.zip,,2026-09-07T11:32:05.412663+00:00,False,"{""geographic_scope"": ""UCDP source-country territory"", ""population_denominator_compatible"": true, ""source_country_id"": 520, ""source_country_name"": ""Somalia""}",UCDP territory-coded best estimate; not intensity-band floor. Israel/Palestine source unit and pre-2012 Sudan are excluded from unmatched WDI population rates.
SOM,2005-01-01,2005-12-31,conflict_battle_deaths,0.0,deaths,,,annual,ucdp,26.1,https://ucdp.uu.se/downloads/organizedviolencecy/organizedviolencecy-261-csv.zip,,2026-09-07T11:32:05.412663+00:00,False,"{""geographic_scope"": ""UCDP source-country territory"", ""population_denominator_compatible"": true, ""source_country_id"": 520, ""source_country_name"": ""Somalia""}",UCDP territory-coded best estimate; not intensity-band floor. Israel/Palestine source unit and pre-2012 Sudan are excluded from unmatched WDI population rates.
SOM,2005-01-01,2005-12-31,conflict_civilian_targeting_deaths,0.0,deaths,,,annual,ucdp,26.1,https://ucdp.uu.se/downloads/organizedviolencecy/organizedviolencecy-261-csv.zip,,2026-09-07T11:32:05.412663+00:00,False,"{""geographic_scope"": ""UCDP source-country territory"", ""population_denominator_compatible"": true, ""source_country_id"": 520, ""source_country_name"": ""Somalia""}",UCDP territory-coded best estimate; not intensity-band floor. Israel/Palestine source unit and pre-2012 Sudan are excluded from unmatched WDI population rates.
SOM,2005-01-01,2005-12-31,conflict_nonstate_deaths,340.0,deaths,,,annual,ucdp,26.1,https://ucdp.uu.se/downloads/organizedviolencecy/organizedviolencecy-261-csv.zip,,2026-09-07T11:32:05.412663+00:00,False,"{""geographic_scope"": ""UCDP source-country territory"", ""population_denominator_compatible"": true, ""source_country_id"": 520, ""source_country_name"": ""Somalia""}",UCDP territory-coded best estimate; not intensity-band floor. Israel/Palestine source unit and pre-2012 Sudan are excluded from unmatched WDI population rates.
SOM,2005-01-01,2005-12-31,conflict_total_deaths,340.0,deaths,,,annual,ucdp,26.1,https://ucdp.uu.se/downloads/organizedviolencecy/organizedviolencecy-261-csv.zip,,2026-09-07T11:32:05.412663+00:00,False,"{""geographic_scope"": ""UCDP source-country territory"", ""population_denominator_compatible"": true, ""source_country_id"": 520, ""source_country_name"": ""Somalia""}",UCDP territory-coded best estimate; not intensity-band floor. Israel/Palestine source unit and pre-2012 Sudan are excluded from unmatched WDI population rates.
SOM,2006-01-01,2006-12-31,conflict_battle_deaths,547.0,deaths,,,annual,ucdp,26.1,https://ucdp.uu.se/downloads/organizedviolencecy/organizedviolencecy-261-csv.zip,,2026-09-07T11:32:05.412663+00:00,False,"{""geographic_scope"": ""UCDP source-country territory"", ""population_denominator_compatible"": true, ""source_country_id"": 520, ""source_country_name"": ""Somalia""}",UCDP territory-coded best estimate; not intensity-band floor. Israel/Palestine source unit and pre-2012 Sudan are excluded from unmatched WDI population rates.
SOM,2006-01-01,2006-12-31,conflict_civilian_targeting_deaths,1.0,deaths,,,annual,ucdp,26.1,https://ucdp.uu.se/downloads/organizedviolencecy/organizedviolencecy-261-csv.zip,,2026-09-07T11:32:05.412663+00:00,False,"{""geographic_scope"": ""UCDP source-country territory"", ""population_denominator_compatible"": true, ""source_country_id"": 520, ""source_country_name"": ""Somalia""}",UCDP territory-coded best estimate; not intensity-band floor. Israel/Palestine source unit and pre-2012 Sudan are excluded from unmatched WDI population rates.
SOM,2006-01-01,2006-12-31,conflict_nonstate_deaths,656.0,deaths,,,annual,ucdp,26.1,https://ucdp.uu.se/downloads/organizedviolencecy/organizedviolencecy-261-csv.zip,,2026-09-07T11:32:05.412663+00:00,False,"{""geographic_scope"": ""UCDP source-country territory"", ""population_denominator_compatible"": true, ""source_country_id"": 520, ""source_country_name"": ""Somalia""}",UCDP territory-coded best estimate; not intensity-band floor. Israel/Palestine source unit and pre-2012 Sudan are excluded from unmatched WDI population rates.
SOM,2006-01-01,2006-12-31,conflict_total_deaths,1204.0,deaths,,,annual,ucdp,26.1,https://ucdp.uu.se/downloads/organizedviolencecy/organizedviolencecy-261-csv.zip,,2026-09-07T11:32:05.412663+00:00,False,"{""geographic_scope"": ""UCDP source-country territory"", ""population_denominator_compatible"": true, ""source_country_id"": 520, ""source_country_name"": ""Somalia""}",UCDP territory-coded best estimate; not intensity-band floor. Israel/Palestine source unit and pre-2012 Sudan are excluded from unmatched WDI population rates.
SOM,2007-01-01,2007-12-31,conflict_battle_deaths,1575.0,deaths,,,annual,ucdp,26.1,https://ucdp.uu.se/downloads/organizedviolencecy/organizedviolencecy-261-csv.zip,,2026-09-07T11:32:05.412663+00:00,False,"{""geographic_scope"": ""UCDP source-country territory"", ""population_denominator_compatible"": true, ""source_country_id"": 520, ""source_country_name"": ""Somalia""}",UCDP territory-coded best estimate; not intensity-band floor. Israel/Palestine source unit and pre-2012 Sudan are excluded from unmatched WDI population rates.
SOM,2007-01-01,2007-12-31,conflict_civilian_targeting_deaths,25.0,deaths,,,annual,ucdp,26.1,https://ucdp.uu.se/downloads/organizedviolencecy/organizedviolencecy-261-csv.zip,,2026-09-07T11:32:05.412663+00:00,False,"{""geographic_scope"": ""UCDP source-country territory"", ""population_denominator_compatible"": true, ""source_country_id"": 520, ""source_country_name"": ""Somalia""}",UCDP territory-coded best estimate; not intensity-band floor. Israel/Palestine source unit and pre-2012 Sudan are excluded from unmatched WDI population rates.
SOM,2007-01-01,2007-12-31,conflict_nonstate_deaths,20.0,deaths,,,annual,ucdp,26.1,https://ucdp.uu.se/downloads/organizedviolencecy/organizedviolencecy-261-csv.zip,,2026-09-07T11:32:05.412663+00:00,False,"{""geographic_scope"": ""UCDP source-country territory"", ""population_denominator_compatible"": true, ""source_country_id"": 520, ""source_country_name"": ""Somalia""}",UCDP territory-coded best estimate; not intensity-band floor. Israel/Palestine source unit and pre-2012 Sudan are excluded from unmatched WDI population rates.
SOM,2007-01-01,2007-12-31,conflict_total_deaths,1620.0,deaths,,,annual,ucdp,26.1,https://ucdp.uu.se/downloads/organizedviolencecy/organizedviolencecy-261-csv.zip,,2026-09-07T11:32:05.412663+00:00,False,"{""geographic_scope"": ""UCDP source-country territory"", ""population_denominator_compatible"": true, ""source_country_id"": 520, ""source_country_name"": ""Somalia""}",UCDP territory-coded best estimate; not intensity-band floor. Israel/Palestine source unit and pre-2012 Sudan are excluded from unmatched WDI population rates.
SOM,2008-01-01,2008-12-31,conflict_battle_deaths,1521.0,deaths,,,annual,ucdp,26.1,https://ucdp.uu.se/downloads/organizedviolencecy/organizedviolencecy-261-csv.zip,,2026-09-07T11:32:05.412663+00:00,False,"{""geographic_scope"": ""UCDP source-country territory"", ""population_denominator_compatible"": true, ""source_country_id"": 520, ""source_country_name"": ""Somalia""}",UCDP territory-coded best estimate; not intensity-band floor. Israel/Palestine source unit and pre-2012 Sudan are excluded from unmatched WDI population rates.
SOM,2008-01-01,2008-12-31,conflict_civilian_targeting_deaths,85.0,deaths,,,annual,ucdp,26.1,https://ucdp.uu.se/downloads/organizedviolencecy/organizedviolencecy-261-csv.zip,,2026-09-07T11:32:05.412663+00:00,False,"{""geographic_scope"": ""UCDP source-country territory"", ""population_denominator_compatible"": true, ""source_country_id"": 520, ""source_country_name"": ""Somalia""}",UCDP territory-coded best estimate; not intensity-band floor. Israel/Palestine source unit and pre-2012 Sudan are excluded from unmatched WDI population rates.
SOM,2008-01-01,2008-12-31,conflict_nonstate_deaths,145.0,deaths,,,annual,ucdp,26.1,https://ucdp.uu.se/downloads/organizedviolencecy/organizedviolencecy-261-csv.zip,,2026-09-07T11:32:05.412663+00:00,False,"{""geographic_scope"": ""UCDP source-country territory"", ""population_denominator_compatible"": true, ""source_country_id"": 520, ""source_country_name"": ""Somalia""}",UCDP territory-coded best estimate; not intensity-band floor. Israel/Palestine source unit and pre-2012 Sudan are excluded from unmatched WDI population rates.
SOM,2008-01-01,2008-12-31,conflict_total_deaths,1751.0,deaths,,,annual,ucdp,26.1,https://ucdp.uu.se/downloads/organizedviolencecy/organizedviolencecy-261-csv.zip,,2026-09-07T11:32:05.412663+00:00,False,"{""geographic_scope"": ""UCDP source-country territory"", ""population_denominator_compatible"": true, ""source_country_id"": 520, ""source_country_name"": ""Somalia""}",UCDP territory-coded best estimate; not intensity-band floor. Israel/Palestine source unit and pre-2012 Sudan are excluded from unmatched WDI population rates.
SOM,2009-01-01,2009-12-31,conflict_battle_deaths,1490.0,deaths,,,annual,ucdp,26.1,https://ucdp.uu.se/downloads/organizedviolencecy/organizedviolencecy-261-csv.zip,,2026-09-07T11:32:05.412663+00:00,False,"{""geographic_scope"": ""UCDP source-country territory"", ""population_denominator_compatible"": true, ""source_country_id"": 520, ""source_country_name"": ""Somalia""}",UCDP territory-coded best estimate; not intensity-band floor. Israel/Palestine source unit and pre-2012 Sudan are excluded from unmatched WDI population rates.
SOM,2009-01-01,2009-12-31,conflict_civilian_targeting_deaths,33.0,deaths,,,annual,ucdp,26.1,https://ucdp.uu.se/downloads/organizedviolencecy/organizedviolencecy-261-csv.zip,,2026-09-07T11:32:05.412663+00:00,False,"{""geographic_scope"": ""UCDP source-country territory"", ""population_denominator_compatible"": true, ""source_country_id"": 520, ""source_country_name"": ""Somalia""}",UCDP territory-coded best estimate; not intensity-band floor. Israel/Palestine source unit and pre-2012 Sudan are excluded from unmatched WDI population rates.
SOM,2009-01-01,2009-12-31,conflict_nonstate_deaths,681.0,deaths,,,annual,ucdp,26.1,https://ucdp.uu.se/downloads/organizedviolencecy/organizedviolencecy-261-csv.zip,,2026-09-07T11:32:05.412663+00:00,False,"{""geographic_scope"": ""UCDP source-country territory"", ""population_denominator_compatible"": true, ""source_country_id"": 520, ""source_country_name"": ""Somalia""}",UCDP territory-coded best estimate; not intensity-band floor. Israel/Palestine source unit and pre-2012 Sudan are excluded from unmatched WDI population rates.
SOM,2009-01-01,2009-12-31,conflict_total_deaths,2204.0,deaths,,,annual,ucdp,26.1,https://ucdp.uu.se/downloads/organizedviolencecy/organizedviolencecy-261-csv.zip,,2026-09-07T11:32:05.412663+00:00,False,"{""geographic_scope"": ""UCDP source-country territory"", ""population_denominator_compatible"": true, ""source_country_id"": 520, ""source_country_name"": ""Somalia""}",UCDP territory-coded best estimate; not intensity-band floor. Israel/Palestine source unit and pre-2012 Sudan are excluded from unmatched WDI population rates.
SOM,2010-01-01,2010-12-31,conflict_battle_deaths,2150.0,deaths,,,annual,ucdp,26.1,https://ucdp.uu.se/downloads/organizedviolencecy/organizedviolencecy-261-csv.zip,,2026-09-07T11:32:05.412663+00:00,False,"{""geographic_scope"": ""UCDP source-country territory"", ""population_denominator_compatible"": true, ""source_country_id"": 520, ""source_country_name"": ""Somalia""}",UCDP territory-coded best estimate; not intensity-band floor. Israel/Palestine source unit and pre-2012 Sudan are excluded from unmatched WDI population rates.
SOM,2010-01-01,2010-12-31,conflict_civilian_targeting_deaths,18.0,deaths,,,annual,ucdp,26.1,https://ucdp.uu.se/downloads/organizedviolencecy/organizedviolencecy-261-csv.zip,,2026-09-07T11:32:05.412663+00:00,False,"{""geographic_scope"": ""UCDP source-country territory"", ""population_denominator_compatible"": true, ""source_country_id"": 520, ""source_country_name"": ""Somalia""}",UCDP territory-coded best estimate; not intensity-band floor. Israel/Palestine source unit and pre-2012 Sudan are excluded from unmatched WDI population rates.
SOM,2010-01-01,2010-12-31,conflict_nonstate_deaths,554.0,deaths,,,annual,ucdp,26.1,https://ucdp.uu.se/downloads/organizedviolencecy/organizedviolencecy-261-csv.zip,,2026-09-07T11:32:05.412663+00:00,False,"{""geographic_scope"": ""UCDP source-country territory"", ""population_denominator_compatible"": true, ""source_country_id"": 520, ""source_country_name"": ""Somalia""}",UCDP territory-coded best estimate; not intensity-band floor. Israel/Palestine source unit and pre-2012 Sudan are excluded from unmatched WDI population rates.
SOM,2010-01-01,2010-12-31,conflict_total_deaths,2722.0,deaths,,,annual,ucdp,26.1,https://ucdp.uu.se/downloads/organizedviolencecy/organizedviolencecy-261-csv.zip,,2026-09-07T11:32:05.412663+00:00,False,"{""geographic_scope"": ""UCDP source-country territory"", ""population_denominator_compatible"": true, ""source_country_id"": 520, ""source_country_name"": ""Somalia""}",UCDP territory-coded best estimate; not intensity-band floor. Israel/Palestine source unit and pre-2012 Sudan are excluded from unmatched WDI population rates.
SOM,2011-01-01,2011-12-31,conflict_battle_deaths,1937.0,deaths,,,annual,ucdp,26.1,https://ucdp.uu.se/downloads/organizedviolencecy/organizedviolencecy-261-csv.zip,,2026-09-07T11:32:05.412663+00:00,False,"{""geographic_scope"": ""UCDP source-country territory"", ""population_denominator_compatible"": true, ""source_country_id"": 520, ""source_country_name"": ""Somalia""}",UCDP territory-coded best estimate; not intensity-band floor. Israel/Palestine source unit and pre-2012 Sudan are excluded from unmatched WDI population rates.
SOM,2011-01-01,2011-12-31,conflict_civilian_targeting_deaths,72.0,deaths,,,annual,ucdp,26.1,https://ucdp.uu.se/downloads/organizedviolencecy/organizedviolencecy-261-csv.zip,,2026-09-07T11:32:05.412663+00:00,False,"{""geographic_scope"": ""UCDP source-country territory"", ""population_denominator_compatible"": true, ""source_country_id"": 520, ""source_country_name"": ""Somalia""}",UCDP territory-coded best estimate; not intensity-band floor. Israel/Palestine source unit and pre-2012 Sudan are excluded from unmatched WDI population rates.
SOM,2011-01-01,2011-12-31,conflict_nonstate_deaths,109.0,deaths,,,annual,ucdp,26.1,https://ucdp.uu.se/downloads/organizedviolencecy/organizedviolencecy-261-csv.zip,,2026-09-07T11:32:05.412663+00:00,False,"{""geographic_scope"": ""UCDP source-country territory"", ""population_denominator_compatible"": true, ""source_country_id"": 520, ""source_country_name"": ""Somalia""}",UCDP territory-coded best estimate; not intensity-band floor. Israel/Palestine source unit and pre-2012 Sudan are excluded from unmatched WDI population rates.
SOM,2011-01-01,2011-12-31,conflict_total_deaths,2118.0,deaths,,,annual,ucdp,26.1,https://ucdp.uu.se/downloads/organizedviolencecy/organizedviolencecy-261-csv.zip,,2026-09-07T11:32:05.412663+00:00,False,"{""geographic_scope"": ""UCDP source-country territory"", ""population_denominator_compatible"": true, ""source_country_id"": 520, ""source_country_name"": ""Somalia""}",UCDP territory-coded best estimate; not intensity-band floor. Israel/Palestine source unit and pre-2012 Sudan are excluded from unmatched WDI population rates.
SOM,2012-01-01,2012-12-31,conflict_battle_deaths,2624.0,deaths,,,annual,ucdp,26.1,https://ucdp.uu.se/downloads/organizedviolencecy/organizedviolencecy-261-csv.zip,,2026-09-07T11:32:05.412663+00:00,False,"{""geographic_scope"": ""UCDP source-country territory"", ""population_denominator_compatible"": true, ""source_country_id"": 520, ""source_country_name"": ""Somalia""}",UCDP territory-coded best estimate; not intensity-band floor. Israel/Palestine source unit and pre-2012 Sudan are excluded from unmatched WDI population rates.
SOM,2012-01-01,2012-12-31,conflict_civilian_targeting_deaths,108.0,deaths,,,annual,ucdp,26.1,https://ucdp.uu.se/downloads/organizedviolencecy/organizedviolencecy-261-csv.zip,,2026-09-07T11:32:05.412663+00:00,False,"{""geographic_scope"": ""UCDP source-country territory"", ""population_denominator_compatible"": true, ""source_country_id"": 520, ""source_country_name"": ""Somalia""}",UCDP territory-coded best estimate; not intensity-band floor. Israel/Palestine source unit and pre-2012 Sudan are excluded from unmatched WDI population rates.
SOM,2012-01-01,2012-12-31,conflict_nonstate_deaths,257.0,deaths,,,annual,ucdp,26.1,https://ucdp.uu.se/downloads/organizedviolencecy/organizedviolencecy-261-csv.zip,,2026-09-07T11:32:05.412663+00:00,False,"{""geographic_scope"": ""UCDP source-country territory"", ""population_denominator_compatible"": true, ""source_country_id"": 520, ""source_country_name"": ""Somalia""}",UCDP territory-coded best estimate; not intensity-band floor. Israel/Palestine source unit and pre-2012 Sudan are excluded from unmatched WDI population rates.
SOM,2012-01-01,2012-12-31,conflict_total_deaths,2989.0,deaths,,,annual,ucdp,26.1,https://ucdp.uu.se/downloads/organizedviolencecy/organizedviolencecy-261-csv.zip,,2026-09-07T11:32:05.412663+00:00,False,"{""geographic_scope"": ""UCDP source-country territory"", ""population_denominator_compatible"": true, ""source_country_id"": 520, ""source_country_name"": ""Somalia""}",UCDP territory-coded best estimate; not intensity-band floor. Israel/Palestine source unit and pre-2012 Sudan are excluded from unmatched WDI population rates.
SOM,2013-01-01,2013-12-31,conflict_battle_deaths,913.0,deaths,,,annual,ucdp,26.1,https://ucdp.uu.se/downloads/organizedviolencecy/organizedviolencecy-261-csv.zip,,2026-09-07T11:32:05.412663+00:00,False,"{""geographic_scope"": ""UCDP source-country territory"", ""population_denominator_compatible"": true, ""source_country_id"": 520, ""source_country_name"": ""Somalia""}",UCDP territory-coded best estimate; not intensity-band floor. Israel/Palestine source unit and pre-2012 Sudan are excluded from unmatched WDI population rates.
SOM,2013-01-01,2013-12-31,conflict_civilian_targeting_deaths,132.0,deaths,,,annual,ucdp,26.1,https://ucdp.uu.se/downloads/organizedviolencecy/organizedviolencecy-261-csv.zip,,2026-09-07T11:32:05.412663+00:00,False,"{""geographic_scope"": ""UCDP source-country territory"", ""population_denominator_compatible"": true, ""source_country_id"": 520, ""source_country_name"": ""Somalia""}",UCDP territory-coded best estimate; not intensity-band floor. Israel/Palestine source unit and pre-2012 Sudan are excluded from unmatched WDI population rates.
SOM,2013-01-01,2013-12-31,conflict_nonstate_deaths,0.0,deaths,,,annual,ucdp,26.1,https://ucdp.uu.se/downloads/organizedviolencecy/organizedviolencecy-261-csv.zip,,2026-09-07T11:32:05.412663+00:00,False,"{""geographic_scope"": ""UCDP source-country territory"", ""population_denominator_compatible"": true, ""source_country_id"": 520, ""source_country_name"": ""Somalia""}",UCDP territory-coded best estimate; not intensity-band floor. Israel/Palestine source unit and pre-2012 Sudan are excluded from unmatched WDI population rates.
SOM,2013-01-01,2013-12-31,conflict_total_deaths,1045.0,deaths,,,annual,ucdp,26.1,https://ucdp.uu.se/downloads/organizedviolencecy/organizedviolencecy-261-csv.zip,,2026-09-07T11:32:05.412663+00:00,False,"{""geographic_scope"": ""UCDP source-country territory"", ""population_denominator_compatible"": true, ""source_country_id"": 520, ""source_country_name"": ""Somalia""}",UCDP territory-coded best estimate; not intensity-band floor. Israel/Palestine source unit and pre-2012 Sudan are excluded from unmatched WDI population rates.
SOM,2014-01-01,2014-12-31,conflict_battle_deaths,1111.0,deaths,,,annual,ucdp,26.1,https://ucdp.uu.se/downloads/organizedviolencecy/organizedviolencecy-261-csv.zip,,2026-09-07T11:32:05.412663+00:00,False,"{""geographic_scope"": ""UCDP source-country territory"", ""population_denominator_compatible"": true, ""source_country_id"": 520, ""source_country_name"": ""Somalia""}",UCDP territory-coded best estimate; not intensity-band floor. Israel/Palestine source unit and pre-2012 Sudan are excluded from unmatched WDI population rates.
SOM,2014-01-01,2014-12-31,conflict_civilian_targeting_deaths,127.0,deaths,,,annual,ucdp,26.1,https://ucdp.uu.se/downloads/organizedviolencecy/organizedviolencecy-261-csv.zip,,2026-09-07T11:32:05.412663+00:00,False,"{""geographic_scope"": ""UCDP source-country territory"", ""population_denominator_compatible"": true, ""source_country_id"": 520, ""source_country_name"": ""Somalia""}",UCDP territory-coded best estimate; not intensity-band floor. Israel/Palestine source unit and pre-2012 Sudan are excluded from unmatched WDI population rates.
SOM,2014-01-01,2014-12-31,conflict_nonstate_deaths,9.0,deaths,,,annual,ucdp,26.1,https://ucdp.uu.se/downloads/organizedviolencecy/organizedviolencecy-261-csv.zip,,2026-09-07T11:32:05.412663+00:00,False,"{""geographic_scope"": ""UCDP source-country territory"", ""population_denominator_compatible"": true, ""source_country_id"": 520, ""source_country_name"": ""Somalia""}",UCDP territory-coded best estimate; not intensity-band floor. Israel/Palestine source unit and pre-2012 Sudan are excluded from unmatched WDI population rates.
SOM,2014-01-01,2014-12-31,conflict_total_deaths,1247.0,deaths,,,annual,ucdp,26.1,https://ucdp.uu.se/downloads/organizedviolencecy/organizedviolencecy-261-csv.zip,,2026-09-07T11:32:05.412663+00:00,False,"{""geographic_scope"": ""UCDP source-country territory"", ""population_denominator_compatible"": true, ""source_country_id"": 520, ""source_country_name"": ""Somalia""}",UCDP territory-coded best estimate; not intensity-band floor. Israel/Palestine source unit and pre-2012 Sudan are excluded from unmatched WDI population rates.
SOM,2015-01-01,2015-12-31,conflict_battle_deaths,1201.0,deaths,,,annual,ucdp,26.1,https://ucdp.uu.se/downloads/organizedviolencecy/organizedviolencecy-261-csv.zip,,2026-09-07T11:32:05.412663+00:00,False,"{""geographic_scope"": ""UCDP source-country territory"", ""population_denominator_compatible"": true, ""source_country_id"": 520, ""source_country_name"": ""Somalia""}",UCDP territory-coded best estimate; not intensity-band floor. Israel/Palestine source unit and pre-2012 Sudan are excluded from unmatched WDI population rates.
SOM,2015-01-01,2015-12-31,conflict_civilian_targeting_deaths,51.0,deaths,,,annual,ucdp,26.1,https://ucdp.uu.se/downloads/organizedviolencecy/organizedviolencecy-261-csv.zip,,2026-09-07T11:32:05.412663+00:00,False,"{""geographic_scope"": ""UCDP source-country territory"", ""population_denominator_compatible"": true, ""source_country_id"": 520, ""source_country_name"": ""Somalia""}",UCDP territory-coded best estimate; not intensity-band floor. Israel/Palestine source unit and pre-2012 Sudan are excluded from unmatched WDI population rates.
SOM,2015-01-01,2015-12-31,conflict_nonstate_deaths,2.0,deaths,,,annual,ucdp,26.1,https://ucdp.uu.se/downloads/organizedviolencecy/organizedviolencecy-261-csv.zip,,2026-09-07T11:32:05.412663+00:00,False,"{""geographic_scope"": ""UCDP source-country territory"", ""population_denominator_compatible"": true, ""source_country_id"": 520, ""source_country_name"": ""Somalia""}",UCDP territory-coded best estimate; not intensity-band floor. Israel/Palestine source unit and pre-2012 Sudan are excluded from unmatched WDI population rates.
SOM,2015-01-01,2015-12-31,conflict_total_deaths,1254.0,deaths,,,annual,ucdp,26.1,https://ucdp.uu.se/downloads/organizedviolencecy/organizedviolencecy-261-csv.zip,,2026-09-07T11:32:05.412663+00:00,False,"{""geographic_scope"": ""UCDP source-country territory"", ""population_denominator_compatible"": true, ""source_country_id"": 520, ""source_country_name"": ""Somalia""}",UCDP territory-coded best estimate; not intensity-band floor. Israel/Palestine source unit and pre-2012 Sudan are excluded from unmatched WDI population rates.
SOM,2016-01-01,2016-12-31,conflict_battle_deaths,1943.0,deaths,,,annual,ucdp,26.1,https://ucdp.uu.se/downloads/organizedviolencecy/organizedviolencecy-261-csv.zip,,2026-09-07T11:32:05.412663+00:00,False,"{""geographic_scope"": ""UCDP source-country territory"", ""population_denominator_compatible"": true, ""source_country_id"": 520, ""source_country_name"": ""Somalia""}",UCDP territory-coded best estimate; not intensity-band floor. Israel/Palestine source unit and pre-2012 Sudan are excluded from unmatched WDI population rates.
SOM,2016-01-01,2016-12-31,conflict_civilian_targeting_deaths,89.0,deaths,,,annual,ucdp,26.1,https://ucdp.uu.se/downloads/organizedviolencecy/organizedviolencecy-261-csv.zip,,2026-09-07T11:32:05.412663+00:00,False,"{""geographic_scope"": ""UCDP source-country territory"", ""population_denominator_compatible"": true, ""source_country_id"": 520, ""source_country_name"": ""Somalia""}",UCDP territory-coded best estimate; not intensity-band floor. Israel/Palestine source unit and pre-2012 Sudan are excluded from unmatched WDI population rates.
SOM,2016-01-01,2016-12-31,conflict_nonstate_deaths,41.0,deaths,,,annual,ucdp,26.1,https://ucdp.uu.se/downloads/organizedviolencecy/organizedviolencecy-261-csv.zip,,2026-09-07T11:32:05.412663+00:00,False,"{""geographic_scope"": ""UCDP source-country territory"", ""population_denominator_compatible"": true, ""source_country_id"": 520, ""source_country_name"": ""Somalia""}",UCDP territory-coded best estimate; not intensity-band floor. Israel/Palestine source unit and pre-2012 Sudan are excluded from unmatched WDI population rates.
SOM,2016-01-01,2016-12-31,conflict_total_deaths,2073.0,deaths,,,annual,ucdp,26.1,https://ucdp.uu.se/downloads/organizedviolencecy/organizedviolencecy-261-csv.zip,,2026-09-07T11:32:05.412663+00:00,False,"{""geographic_scope"": ""UCDP source-country territory"", ""population_denominator_compatible"": true, ""source_country_id"": 520, ""source_country_name"": ""Somalia""}",UCDP territory-coded best estimate; not intensity-band floor. Israel/Palestine source unit and pre-2012 Sudan are excluded from unmatched WDI population rates.
SOM,2017-01-01,2017-12-31,conflict_battle_deaths,1918.0,deaths,,,annual,ucdp,26.1,https://ucdp.uu.se/downloads/organizedviolencecy/organizedviolencecy-261-csv.zip,,2026-09-07T11:32:05.412663+00:00,False,"{""geographic_scope"": ""UCDP source-country territory"", ""population_denominator_compatible"": true, ""source_country_id"": 520, ""source_country_name"": ""Somalia""}",UCDP territory-coded best estimate; not intensity-band floor. Israel/Palestine source unit and pre-2012 Sudan are excluded from unmatched WDI population rates.
SOM,2017-01-01,2017-12-31,conflict_civilian_targeting_deaths,104.0,deaths,,,annual,ucdp,26.1,https://ucdp.uu.se/downloads/organizedviolencecy/organizedviolencecy-261-csv.zip,,2026-09-07T11:32:05.412663+00:00,False,"{""geographic_scope"": ""UCDP source-country territory"", ""population_denominator_compatible"": true, ""source_country_id"": 520, ""source_country_name"": ""Somalia""}",UCDP territory-coded best estimate; not intensity-band floor. Israel/Palestine source unit and pre-2012 Sudan are excluded from unmatched WDI population rates.
SOM,2017-01-01,2017-12-31,conflict_nonstate_deaths,49.0,deaths,,,annual,ucdp,26.1,https://ucdp.uu.se/downloads/organizedviolencecy/organizedviolencecy-261-csv.zip,,2026-09-07T11:32:05.412663+00:00,False,"{""geographic_scope"": ""UCDP source-country territory"", ""population_denominator_compatible"": true, ""source_country_id"": 520, ""source_country_name"": ""Somalia""}",UCDP territory-coded best estimate; not intensity-band floor. Israel/Palestine source unit and pre-2012 Sudan are excluded from unmatched WDI population rates.
SOM,2017-01-01,2017-12-31,conflict_total_deaths,2071.0,deaths,,,annual,ucdp,26.1,https://ucdp.uu.se/downloads/organizedviolencecy/organizedviolencecy-261-csv.zip,,2026-09-07T11:32:05.412663+00:00,False,"{""geographic_scope"": ""UCDP source-country territory"", ""population_denominator_compatible"": true, ""source_country_id"": 520, ""source_country_name"": ""Somalia""}",UCDP territory-coded best estimate; not intensity-band floor. Israel/Palestine source unit and pre-2012 Sudan are excluded from unmatched WDI population rates.
SOM,2018-01-01,2018-12-31,conflict_battle_deaths,2213.0,deaths,,,annual,ucdp,26.1,https://ucdp.uu.se/downloads/organizedviolencecy/organizedviolencecy-261-csv.zip,,2026-09-07T11:32:05.412663+00:00,False,"{""geographic_scope"": ""UCDP source-country territory"", ""population_denominator_compatible"": true, ""source_country_id"": 520, ""source_country_name"": ""Somalia""}",UCDP territory-coded best estimate; not intensity-band floor. Israel/Palestine source unit and pre-2012 Sudan are excluded from unmatched WDI population rates.
SOM,2018-01-01,2018-12-31,conflict_civilian_targeting_deaths,134.0,deaths,,,annual,ucdp,26.1,https://ucdp.uu.se/downloads/organizedviolencecy/organizedviolencecy-261-csv.zip,,2026-09-07T11:32:05.412663+00:00,False,"{""geographic_scope"": ""UCDP source-country territory"", ""population_denominator_compatible"": true, ""source_country_id"": 520, ""source_country_name"": ""Somalia""}",UCDP territory-coded best estimate; not intensity-band floor. Israel/Palestine source unit and pre-2012 Sudan are excluded from unmatched WDI population rates.
SOM,2018-01-01,2018-12-31,conflict_nonstate_deaths,160.0,deaths,,,annual,ucdp,26.1,https://ucdp.uu.se/downloads/organizedviolencecy/organizedviolencecy-261-csv.zip,,2026-09-07T11:32:05.412663+00:00,False,"{""geographic_scope"": ""UCDP source-country territory"", ""population_denominator_compatible"": true, ""source_country_id"": 520, ""source_country_name"": ""Somalia""}",UCDP territory-coded best estimate; not intensity-band floor. Israel/Palestine source unit and pre-2012 Sudan are excluded from unmatched WDI population rates.
SOM,2018-01-01,2018-12-31,conflict_total_deaths,2507.0,deaths,,,annual,ucdp,26.1,https://ucdp.uu.se/downloads/organizedviolencecy/organizedviolencecy-261-csv.zip,,2026-09-07T11:32:05.412663+00:00,False,"{""geographic_scope"": ""UCDP source-country territory"", ""population_denominator_compatible"": true, ""source_country_id"": 520, ""source_country_name"": ""Somalia""}",UCDP territory-coded best estimate; not intensity-band floor. Israel/Palestine source unit and pre-2012 Sudan are excluded from unmatched WDI population rates.
SOM,2019-01-01,2019-12-31,conflict_battle_deaths,1946.0,deaths,,,annual,ucdp,26.1,https://ucdp.uu.se/downloads/organizedviolencecy/organizedviolencecy-261-csv.zip,,2026-09-07T11:32:05.412663+00:00,False,"{""geographic_scope"": ""UCDP source-country territory"", ""population_denominator_compatible"": true, ""source_country_id"": 520, ""source_country_name"": ""Somalia""}",UCDP territory-coded best estimate; not intensity-band floor. Israel/Palestine source unit and pre-2012 Sudan are excluded from unmatched WDI population rates.
SOM,2019-01-01,2019-12-31,conflict_civilian_targeting_deaths,101.0,deaths,,,annual,ucdp,26.1,https://ucdp.uu.se/downloads/organizedviolencecy/organizedviolencecy-261-csv.zip,,2026-09-07T11:32:05.412663+00:00,False,"{""geographic_scope"": ""UCDP source-country territory"", ""population_denominator_compatible"": true, ""source_country_id"": 520, ""source_country_name"": ""Somalia""}",UCDP territory-coded best estimate; not intensity-band floor. Israel/Palestine source unit and pre-2012 Sudan are excluded from unmatched WDI population rates.
SOM,2019-01-01,2019-12-31,conflict_nonstate_deaths,172.0,deaths,,,annual,ucdp,26.1,https://ucdp.uu.se/downloads/organizedviolencecy/organizedviolencecy-261-csv.zip,,2026-09-07T11:32:05.412663+00:00,False,"{""geographic_scope"": ""UCDP source-country territory"", ""population_denominator_compatible"": true, ""source_country_id"": 520, ""source_country_name"": ""Somalia""}",UCDP territory-coded best estimate; not intensity-band floor. Israel/Palestine source unit and pre-2012 Sudan are excluded from unmatched WDI population rates.
SOM,2019-01-01,2019-12-31,conflict_total_deaths,2219.0,deaths,,,annual,ucdp,26.1,https://ucdp.uu.se/downloads/organizedviolencecy/organizedviolencecy-261-csv.zip,,2026-09-07T11:32:05.412663+00:00,False,"{""geographic_scope"": ""UCDP source-country territory"", ""population_denominator_compatible"": true, ""source_country_id"": 520, ""source_country_name"": ""Somalia""}",UCDP territory-coded best estimate; not intensity-band floor. Israel/Palestine source unit and pre-2012 Sudan are excluded from unmatched WDI population rates.
SOM,2020-01-01,2020-12-31,conflict_battle_deaths,1945.0,deaths,,,annual,ucdp,26.1,https://ucdp.uu.se/downloads/organizedviolencecy/organizedviolencecy-261-csv.zip,,2026-09-07T11:32:05.412663+00:00,False,"{""geographic_scope"": ""UCDP source-country territory"", ""population_denominator_compatible"": true, ""source_country_id"": 520, ""source_country_name"": ""Somalia""}",UCDP territory-coded best estimate; not intensity-band floor. Israel/Palestine source unit and pre-2012 Sudan are excluded from unmatched WDI population rates.
SOM,2020-01-01,2020-12-31,conflict_civilian_targeting_deaths,93.0,deaths,,,annual,ucdp,26.1,https://ucdp.uu.se/downloads/organizedviolencecy/organizedviolencecy-261-csv.zip,,2026-09-07T11:32:05.412663+00:00,False,"{""geographic_scope"": ""UCDP source-country territory"", ""population_denominator_compatible"": true, ""source_country_id"": 520, ""source_country_name"": ""Somalia""}",UCDP territory-coded best estimate; not intensity-band floor. Israel/Palestine source unit and pre-2012 Sudan are excluded from unmatched WDI population rates.
SOM,2020-01-01,2020-12-31,conflict_nonstate_deaths,82.0,deaths,,,annual,ucdp,26.1,https://ucdp.uu.se/downloads/organizedviolencecy/organizedviolencecy-261-csv.zip,,2026-09-07T11:32:05.412663+00:00,False,"{""geographic_scope"": ""UCDP source-country territory"", ""population_denominator_compatible"": true, ""source_country_id"": 520, ""source_country_name"": ""Somalia""}",UCDP territory-coded best estimate; not intensity-band floor. Israel/Palestine source unit and pre-2012 Sudan are excluded from unmatched WDI population rates.
SOM,2020-01-01,2020-12-31,conflict_total_deaths,2120.0,deaths,,,annual,ucdp,26.1,https://ucdp.uu.se/downloads/organizedviolencecy/organizedviolencecy-261-csv.zip,,2026-09-07T11:32:05.412663+00:00,False,"{""geographic_scope"": ""UCDP source-country territory"", ""population_denominator_compatible"": true, ""source_country_id"": 520, ""source_country_name"": ""Somalia""}",UCDP territory-coded best estimate; not intensity-band floor. Israel/Palestine source unit and pre-2012 Sudan are excluded from unmatched WDI population rates.
SOM,2021-01-01,2021-12-31,conflict_battle_deaths,2174.0,deaths,,,annual,ucdp,26.1,https://ucdp.uu.se/downloads/organizedviolencecy/organizedviolencecy-261-csv.zip,,2026-09-07T11:32:05.412663+00:00,False,"{""geographic_scope"": ""UCDP source-country territory"", ""population_denominator_compatible"": true, ""source_country_id"": 520, ""source_country_name"": ""Somalia""}",UCDP territory-coded best estimate; not intensity-band floor. Israel/Palestine source unit and pre-2012 Sudan are excluded from unmatched WDI population rates.
SOM,2021-01-01,2021-12-31,conflict_civilian_targeting_deaths,92.0,deaths,,,annual,ucdp,26.1,https://ucdp.uu.se/downloads/organizedviolencecy/organizedviolencecy-261-csv.zip,,2026-09-07T11:32:05.412663+00:00,False,"{""geographic_scope"": ""UCDP source-country territory"", ""population_denominator_compatible"": true, ""source_country_id"": 520, ""source_country_name"": ""Somalia""}",UCDP territory-coded best estimate; not intensity-band floor. Israel/Palestine source unit and pre-2012 Sudan are excluded from unmatched WDI population rates.
SOM,2021-01-01,2021-12-31,conflict_nonstate_deaths,3.0,deaths,,,annual,ucdp,26.1,https://ucdp.uu.se/downloads/organizedviolencecy/organizedviolencecy-261-csv.zip,,2026-09-07T11:32:05.412663+00:00,False,"{""geographic_scope"": ""UCDP source-country territory"", ""population_denominator_compatible"": true, ""source_country_id"": 520, ""source_country_name"": ""Somalia""}",UCDP territory-coded best estimate; not intensity-band floor. Israel/Palestine source unit and pre-2012 Sudan are excluded from unmatched WDI population rates.
SOM,2021-01-01,2021-12-31,conflict_total_deaths,2269.0,deaths,,,annual,ucdp,26.1,https://ucdp.uu.se/downloads/organizedviolencecy/organizedviolencecy-261-csv.zip,,2026-09-07T11:32:05.412663+00:00,False,"{""geographic_scope"": ""UCDP source-country territory"", ""population_denominator_compatible"": true, ""source_country_id"": 520, ""source_country_name"": ""Somalia""}",UCDP territory-coded best estimate; not intensity-band floor. Israel/Palestine source unit and pre-2012 Sudan are excluded from unmatched WDI population rates.
SOM,2022-01-01,2022-12-31,conflict_battle_deaths,3040.0,deaths,,,annual,ucdp,26.1,https://ucdp.uu.se/downloads/organizedviolencecy/organizedviolencecy-261-csv.zip,,2026-09-07T11:32:05.412663+00:00,False,"{""geographic_scope"": ""UCDP source-country territory"", ""population_denominator_compatible"": true, ""source_country_id"": 520, ""source_country_name"": ""Somalia""}",UCDP territory-coded best estimate; not intensity-band floor. Israel/Palestine source unit and pre-2012 Sudan are excluded from unmatched WDI population rates.
SOM,2022-01-01,2022-12-31,conflict_civilian_targeting_deaths,71.0,deaths,,,annual,ucdp,26.1,https://ucdp.uu.se/downloads/organizedviolencecy/organizedviolencecy-261-csv.zip,,2026-09-07T11:32:05.412663+00:00,False,"{""geographic_scope"": ""UCDP source-country territory"", ""population_denominator_compatible"": true, ""source_country_id"": 520, ""source_country_name"": ""Somalia""}",UCDP territory-coded best estimate; not intensity-band floor. Israel/Palestine source unit and pre-2012 Sudan are excluded from unmatched WDI population rates.
SOM,2022-01-01,2022-12-31,conflict_nonstate_deaths,4.0,deaths,,,annual,ucdp,26.1,https://ucdp.uu.se/downloads/organizedviolencecy/organizedviolencecy-261-csv.zip,,2026-09-07T11:32:05.412663+00:00,False,"{""geographic_scope"": ""UCDP source-country territory"", ""population_denominator_compatible"": true, ""source_country_id"": 520, ""source_country_name"": ""Somalia""}",UCDP territory-coded best estimate; not intensity-band floor. Israel/Palestine source unit and pre-2012 Sudan are excluded from unmatched WDI population rates.
SOM,2022-01-01,2022-12-31,conflict_total_deaths,3115.0,deaths,,,annual,ucdp,26.1,https://ucdp.uu.se/downloads/organizedviolencecy/organizedviolencecy-261-csv.zip,,2026-09-07T11:32:05.412663+00:00,False,"{""geographic_scope"": ""UCDP source-country territory"", ""population_denominator_compatible"": true, ""source_country_id"": 520, ""source_country_name"": ""Somalia""}",UCDP territory-coded best estimate; not intensity-band floor. Israel/Palestine source unit and pre-2012 Sudan are excluded from unmatched WDI population rates.
SOM,2023-01-01,2023-12-31,conflict_battle_deaths,3862.0,deaths,,,annual,ucdp,26.1,https://ucdp.uu.se/downloads/organizedviolencecy/organizedviolencecy-261-csv.zip,,2026-09-07T11:32:05.412663+00:00,False,"{""geographic_scope"": ""UCDP source-country territory"", ""population_denominator_compatible"": true, ""source_country_id"": 520, ""source_country_name"": ""Somalia""}",UCDP territory-coded best estimate; not intensity-band floor. Israel/Palestine source unit and pre-2012 Sudan are excluded from unmatched WDI population rates.
SOM,2023-01-01,2023-12-31,conflict_civilian_targeting_deaths,42.0,deaths,,,annual,ucdp,26.1,https://ucdp.uu.se/downloads/organizedviolencecy/organizedviolencecy-261-csv.zip,,2026-09-07T11:32:05.412663+00:00,False,"{""geographic_scope"": ""UCDP source-country territory"", ""population_denominator_compatible"": true, ""source_country_id"": 520, ""source_country_name"": ""Somalia""}",UCDP territory-coded best estimate; not intensity-band floor. Israel/Palestine source unit and pre-2012 Sudan are excluded from unmatched WDI population rates.
SOM,2023-01-01,2023-12-31,conflict_nonstate_deaths,312.0,deaths,,,annual,ucdp,26.1,https://ucdp.uu.se/downloads/organizedviolencecy/organizedviolencecy-261-csv.zip,,2026-09-07T11:32:05.412663+00:00,False,"{""geographic_scope"": ""UCDP source-country territory"", ""population_denominator_compatible"": true, ""source_country_id"": 520, ""source_country_name"": ""Somalia""}",UCDP territory-coded best estimate; not intensity-band floor. Israel/Palestine source unit and pre-2012 Sudan are excluded from unmatched WDI population rates.
SOM,2023-01-01,2023-12-31,conflict_total_deaths,4216.0,deaths,,,annual,ucdp,26.1,https://ucdp.uu.se/downloads/organizedviolencecy/organizedviolencecy-261-csv.zip,,2026-09-07T11:32:05.412663+00:00,False,"{""geographic_scope"": ""UCDP source-country territory"", ""population_denominator_compatible"": true, ""source_country_id"": 520, ""source_country_name"": ""Somalia""}",UCDP territory-coded best estimate; not intensity-band floor. Israel/Palestine source unit and pre-2012 Sudan are excluded from unmatched WDI population rates.
SOM,2024-01-01,2024-12-31,conflict_battle_deaths,2187.0,deaths,,,annual,ucdp,26.1,https://ucdp.uu.se/downloads/organizedviolencecy/organizedviolencecy-261-csv.zip,,2026-09-07T11:32:05.412663+00:00,False,"{""geographic_scope"": ""UCDP source-country territory"", ""population_denominator_compatible"": true, ""source_country_id"": 520, ""source_country_name"": ""Somalia""}",UCDP territory-coded best estimate; not intensity-band floor. Israel/Palestine source unit and pre-2012 Sudan are excluded from unmatched WDI population rates.
SOM,2024-01-01,2024-12-31,conflict_civilian_targeting_deaths,88.0,deaths,,,annual,ucdp,26.1,https://ucdp.uu.se/downloads/organizedviolencecy/organizedviolencecy-261-csv.zip,,2026-09-07T11:32:05.412663+00:00,False,"{""geographic_scope"": ""UCDP source-country territory"", ""population_denominator_compatible"": true, ""source_country_id"": 520, ""source_country_name"": ""Somalia""}",UCDP territory-coded best estimate; not intensity-band floor. Israel/Palestine source unit and pre-2012 Sudan are excluded from unmatched WDI population rates.
SOM,2024-01-01,2024-12-31,conflict_nonstate_deaths,162.0,deaths,,,annual,ucdp,26.1,https://ucdp.uu.se/downloads/organizedviolencecy/organizedviolencecy-261-csv.zip,,2026-09-07T11:32:05.412663+00:00,False,"{""geographic_scope"": ""UCDP source-country territory"", ""population_denominator_compatible"": true, ""source_country_id"": 520, ""source_country_name"": ""Somalia""}",UCDP territory-coded best estimate; not intensity-band floor. Israel/Palestine source unit and pre-2012 Sudan are excluded from unmatched WDI population rates.
SOM,2024-01-01,2024-12-31,conflict_total_deaths,2437.0,deaths,,,annual,ucdp,26.1,https://ucdp.uu.se/downloads/organizedviolencecy/organizedviolencecy-261-csv.zip,,2026-09-07T11:32:05.412663+00:00,False,"{""geographic_scope"": ""UCDP source-country territory"", ""population_denominator_compatible"": true, ""source_country_id"": 520, ""source_country_name"": ""Somalia""}",UCDP territory-coded best estimate; not intensity-band floor. Israel/Palestine source unit and pre-2012 Sudan are excluded from unmatched WDI population rates.
SOM,2025-01-01,2025-12-31,conflict_battle_deaths,3095.0,deaths,,,annual,ucdp,26.1,https://ucdp.uu.se/downloads/organizedviolencecy/organizedviolencecy-261-csv.zip,,2026-09-07T11:32:05.412663+00:00,False,"{""geographic_scope"": ""UCDP source-country territory"", ""population_denominator_compatible"": true, ""source_country_id"": 520, ""source_country_name"": ""Somalia""}",UCDP territory-coded best estimate; not intensity-band floor. Israel/Palestine source unit and pre-2012 Sudan are excluded from unmatched WDI population rates.
SOM,2025-01-01,2025-12-31,conflict_civilian_targeting_deaths,3.0,deaths,,,annual,ucdp,26.1,https://ucdp.uu.se/downloads/organizedviolencecy/organizedviolencecy-261-csv.zip,,2026-09-07T11:32:05.412663+00:00,False,"{""geographic_scope"": ""UCDP source-country territory"", ""population_denominator_compatible"": true, ""source_country_id"": 520, ""source_country_name"": ""Somalia""}",UCDP territory-coded best estimate; not intensity-band floor. Israel/Palestine source unit and pre-2012 Sudan are excluded from unmatched WDI population rates.
SOM,2025-01-01,2025-12-31,conflict_nonstate_deaths,774.0,deaths,,,annual,ucdp,26.1,https://ucdp.uu.se/downloads/organizedviolencecy/organizedviolencecy-261-csv.zip,,2026-09-07T11:32:05.412663+00:00,False,"{""geographic_scope"": ""UCDP source-country territory"", ""population_denominator_compatible"": true, ""source_country_id"": 520, ""source_country_name"": ""Somalia""}",UCDP territory-coded best estimate; not intensity-band floor. Israel/Palestine source unit and pre-2012 Sudan are excluded from unmatched WDI population rates.
SOM,2025-01-01,2025-12-31,conflict_total_deaths,3872.0,deaths,,,annual,ucdp,26.1,https://ucdp.uu.se/downloads/organizedviolencecy/organizedviolencecy-261-csv.zip,,2026-09-07T11:32:05.412663+00:00,False,"{""geographic_scope"": ""UCDP source-country territory"", ""population_denominator_compatible"": true, ""source_country_id"": 520, ""source_country_name"": ""Somalia""}",UCDP territory-coded best estimate; not intensity-band floor. Israel/Palestine source unit and pre-2012 Sudan are excluded from unmatched WDI population rates.
UKR,2000-01-01,2000-12-31,conflict_battle_deaths,0.0,deaths,,,annual,ucdp,26.1,https://ucdp.uu.se/downloads/organizedviolencecy/organizedviolencecy-261-csv.zip,,2026-09-07T11:32:05.412663+00:00,False,"{""geographic_scope"": ""UCDP source-country territory"", ""population_denominator_compatible"": true, ""source_country_id"": 369, ""source_country_name"": ""Ukraine""}",UCDP territory-coded best estimate; not intensity-band floor. Israel/Palestine source unit and pre-2012 Sudan are excluded from unmatched WDI population rates.
UKR,2000-01-01,2000-12-31,conflict_civilian_targeting_deaths,0.0,deaths,,,annual,ucdp,26.1,https://ucdp.uu.se/downloads/organizedviolencecy/organizedviolencecy-261-csv.zip,,2026-09-07T11:32:05.412663+00:00,False,"{""geographic_scope"": ""UCDP source-country territory"", ""population_denominator_compatible"": true, ""source_country_id"": 369, ""source_country_name"": ""Ukraine""}",UCDP territory-coded best estimate; not intensity-band floor. Israel/Palestine source unit and pre-2012 Sudan are excluded from unmatched WDI population rates.
UKR,2000-01-01,2000-12-31,conflict_nonstate_deaths,0.0,deaths,,,annual,ucdp,26.1,https://ucdp.uu.se/downloads/organizedviolencecy/organizedviolencecy-261-csv.zip,,2026-09-07T11:32:05.412663+00:00,False,"{""geographic_scope"": ""UCDP source-country territory"", ""population_denominator_compatible"": true, ""source_country_id"": 369, ""source_country_name"": ""Ukraine""}",UCDP territory-coded best estimate; not intensity-band floor. Israel/Palestine source unit and pre-2012 Sudan are excluded from unmatched WDI population rates.
UKR,2000-01-01,2000-12-31,conflict_total_deaths,0.0,deaths,,,annual,ucdp,26.1,https://ucdp.uu.se/downloads/organizedviolencecy/organizedviolencecy-261-csv.zip,,2026-09-07T11:32:05.412663+00:00,False,"{""geographic_scope"": ""UCDP source-country territory"", ""population_denominator_compatible"": true, ""source_country_id"": 369, ""source_country_name"": ""Ukraine""}",UCDP territory-coded best estimate; not intensity-band floor. Israel/Palestine source unit and pre-2012 Sudan are excluded from unmatched WDI population rates.
UKR,2001-01-01,2001-12-31,conflict_battle_deaths,0.0,deaths,,,annual,ucdp,26.1,https://ucdp.uu.se/downloads/organizedviolencecy/organizedviolencecy-261-csv.zip,,2026-09-07T11:32:05.412663+00:00,False,"{""geographic_scope"": ""UCDP source-country territory"", ""population_denominator_compatible"": true, ""source_country_id"": 369, ""source_country_name"": ""Ukraine""}",UCDP territory-coded best estimate; not intensity-band floor. Israel/Palestine source unit and pre-2012 Sudan are excluded from unmatched WDI population rates.
UKR,2001-01-01,2001-12-31,conflict_civilian_targeting_deaths,0.0,deaths,,,annual,ucdp,26.1,https://ucdp.uu.se/downloads/organizedviolencecy/organizedviolencecy-261-csv.zip,,2026-09-07T11:32:05.412663+00:00,False,"{""geographic_scope"": ""UCDP source-country territory"", ""population_denominator_compatible"": true, ""source_country_id"": 369, ""source_country_name"": ""Ukraine""}",UCDP territory-coded best estimate; not intensity-band floor. Israel/Palestine source unit and pre-2012 Sudan are excluded from unmatched WDI population rates.
UKR,2001-01-01,2001-12-31,conflict_nonstate_deaths,0.0,deaths,,,annual,ucdp,26.1,https://ucdp.uu.se/downloads/organizedviolencecy/organizedviolencecy-261-csv.zip,,2026-09-07T11:32:05.412663+00:00,False,"{""geographic_scope"": ""UCDP source-country territory"", ""population_denominator_compatible"": true, ""source_country_id"": 369, ""source_country_name"": ""Ukraine""}",UCDP territory-coded best estimate; not intensity-band floor. Israel/Palestine source unit and pre-2012 Sudan are excluded from unmatched WDI population rates.
UKR,2001-01-01,2001-12-31,conflict_total_deaths,0.0,deaths,,,annual,ucdp,26.1,https://ucdp.uu.se/downloads/organizedviolencecy/organizedviolencecy-261-csv.zip,,2026-09-07T11:32:05.412663+00:00,False,"{""geographic_scope"": ""UCDP source-country territory"", ""population_denominator_compatible"": true, ""source_country_id"": 369, ""source_country_name"": ""Ukraine""}",UCDP territory-coded best estimate; not intensity-band floor. Israel/Palestine source unit and pre-2012 Sudan are excluded from unmatched WDI population rates.
UKR,2002-01-01,2002-12-31,conflict_battle_deaths,0.0,deaths,,,annual,ucdp,26.1,https://ucdp.uu.se/downloads/organizedviolencecy/organizedviolencecy-261-csv.zip,,2026-09-07T11:32:05.412663+00:00,False,"{""geographic_scope"": ""UCDP source-country territory"", ""population_denominator_compatible"": true, ""source_country_id"": 369, ""source_country_name"": ""Ukraine""}",UCDP territory-coded best estimate; not intensity-band floor. Israel/Palestine source unit and pre-2012 Sudan are excluded from unmatched WDI population rates.
UKR,2002-01-01,2002-12-31,conflict_civilian_targeting_deaths,0.0,deaths,,,annual,ucdp,26.1,https://ucdp.uu.se/downloads/organizedviolencecy/organizedviolencecy-261-csv.zip,,2026-09-07T11:32:05.412663+00:00,False,"{""geographic_scope"": ""UCDP source-country territory"", ""population_denominator_compatible"": true, ""source_country_id"": 369, ""source_country_name"": ""Ukraine""}",UCDP territory-coded best estimate; not intensity-band floor. Israel/Palestine source unit and pre-2012 Sudan are excluded from unmatched WDI population rates.
UKR,2002-01-01,2002-12-31,conflict_nonstate_deaths,0.0,deaths,,,annual,ucdp,26.1,https://ucdp.uu.se/downloads/organizedviolencecy/organizedviolencecy-261-csv.zip,,2026-09-07T11:32:05.412663+00:00,False,"{""geographic_scope"": ""UCDP source-country territory"", ""population_denominator_compatible"": true, ""source_country_id"": 369, ""source_country_name"": ""Ukraine""}",UCDP territory-coded best estimate; not intensity-band floor. Israel/Palestine source unit and pre-2012 Sudan are excluded from unmatched WDI population rates.
UKR,2002-01-01,2002-12-31,conflict_total_deaths,0.0,deaths,,,annual,ucdp,26.1,https://ucdp.uu.se/downloads/organizedviolencecy/organizedviolencecy-261-csv.zip,,2026-09-07T11:32:05.412663+00:00,False,"{""geographic_scope"": ""UCDP source-country territory"", ""population_denominator_compatible"": true, ""source_country_id"": 369, ""source_country_name"": ""Ukraine""}",UCDP territory-coded best estimate; not intensity-band floor. Israel/Palestine source unit and pre-2012 Sudan are excluded from unmatched WDI population rates.
UKR,2003-01-01,2003-12-31,conflict_battle_deaths,0.0,deaths,,,annual,ucdp,26.1,https://ucdp.uu.se/downloads/organizedviolencecy/organizedviolencecy-261-csv.zip,,2026-09-07T11:32:05.412663+00:00,False,"{""geographic_scope"": ""UCDP source-country territory"", ""population_denominator_compatible"": true, ""source_country_id"": 369, ""source_country_name"": ""Ukraine""}",UCDP territory-coded best estimate; not intensity-band floor. Israel/Palestine source unit and pre-2012 Sudan are excluded from unmatched WDI population rates.
UKR,2003-01-01,2003-12-31,conflict_civilian_targeting_deaths,0.0,deaths,,,annual,ucdp,26.1,https://ucdp.uu.se/downloads/organizedviolencecy/organizedviolencecy-261-csv.zip,,2026-09-07T11:32:05.412663+00:00,False,"{""geographic_scope"": ""UCDP source-country territory"", ""population_denominator_compatible"": true, ""source_country_id"": 369, ""source_country_name"": ""Ukraine""}",UCDP territory-coded best estimate; not intensity-band floor. Israel/Palestine source unit and pre-2012 Sudan are excluded from unmatched WDI population rates.
UKR,2003-01-01,2003-12-31,conflict_nonstate_deaths,0.0,deaths,,,annual,ucdp,26.1,https://ucdp.uu.se/downloads/organizedviolencecy/organizedviolencecy-261-csv.zip,,2026-09-07T11:32:05.412663+00:00,False,"{""geographic_scope"": ""UCDP source-country territory"", ""population_denominator_compatible"": true, ""source_country_id"": 369, ""source_country_name"": ""Ukraine""}",UCDP territory-coded best estimate; not intensity-band floor. Israel/Palestine source unit and pre-2012 Sudan are excluded from unmatched WDI population rates.
UKR,2003-01-01,2003-12-31,conflict_total_deaths,0.0,deaths,,,annual,ucdp,26.1,https://ucdp.uu.se/downloads/organizedviolencecy/organizedviolencecy-261-csv.zip,,2026-09-07T11:32:05.412663+00:00,False,"{""geographic_scope"": ""UCDP source-country territory"", ""population_denominator_compatible"": true, ""source_country_id"": 369, ""source_country_name"": ""Ukraine""}",UCDP territory-coded best estimate; not intensity-band floor. Israel/Palestine source unit and pre-2012 Sudan are excluded from unmatched WDI population rates.
UKR,2004-01-01,2004-12-31,conflict_battle_deaths,0.0,deaths,,,annual,ucdp,26.1,https://ucdp.uu.se/downloads/organizedviolencecy/organizedviolencecy-261-csv.zip,,2026-09-07T11:32:05.412663+00:00,False,"{""geographic_scope"": ""UCDP source-country territory"", ""population_denominator_compatible"": true, ""source_country_id"": 369, ""source_country_name"": ""Ukraine""}",UCDP territory-coded best estimate; not intensity-band floor. Israel/Palestine source unit and pre-2012 Sudan are excluded from unmatched WDI population rates.
UKR,2004-01-01,2004-12-31,conflict_civilian_targeting_deaths,0.0,deaths,,,annual,ucdp,26.1,https://ucdp.uu.se/downloads/organizedviolencecy/organizedviolencecy-261-csv.zip,,2026-09-07T11:32:05.412663+00:00,False,"{""geographic_scope"": ""UCDP source-country territory"", ""population_denominator_compatible"": true, ""source_country_id"": 369, ""source_country_name"": ""Ukraine""}",UCDP territory-coded best estimate; not intensity-band floor. Israel/Palestine source unit and pre-2012 Sudan are excluded from unmatched WDI population rates.
UKR,2004-01-01,2004-12-31,conflict_nonstate_deaths,0.0,deaths,,,annual,ucdp,26.1,https://ucdp.uu.se/downloads/organizedviolencecy/organizedviolencecy-261-csv.zip,,2026-09-07T11:32:05.412663+00:00,False,"{""geographic_scope"": ""UCDP source-country territory"", ""population_denominator_compatible"": true, ""source_country_id"": 369, ""source_country_name"": ""Ukraine""}",UCDP territory-coded best estimate; not intensity-band floor. Israel/Palestine source unit and pre-2012 Sudan are excluded from unmatched WDI population rates.
UKR,2004-01-01,2004-12-31,conflict_total_deaths,0.0,deaths,,,annual,ucdp,26.1,https://ucdp.uu.se/downloads/organizedviolencecy/organizedviolencecy-261-csv.zip,,2026-09-07T11:32:05.412663+00:00,False,"{""geographic_scope"": ""UCDP source-country territory"", ""population_denominator_compatible"": true, ""source_country_id"": 369, ""source_country_name"": ""Ukraine""}",UCDP territory-coded best estimate; not intensity-band floor. Israel/Palestine source unit and pre-2012 Sudan are excluded from unmatched WDI population rates.
UKR,2005-01-01,2005-12-31,conflict_battle_deaths,0.0,deaths,,,annual,ucdp,26.1,https://ucdp.uu.se/downloads/organizedviolencecy/organizedviolencecy-261-csv.zip,,2026-09-07T11:32:05.412663+00:00,False,"{""geographic_scope"": ""UCDP source-country territory"", ""population_denominator_compatible"": true, ""source_country_id"": 369, ""source_country_name"": ""Ukraine""}",UCDP territory-coded best estimate; not intensity-band floor. Israel/Palestine source unit and pre-2012 Sudan are excluded from unmatched WDI population rates.
UKR,2005-01-01,2005-12-31,conflict_civilian_targeting_deaths,0.0,deaths,,,annual,ucdp,26.1,https://ucdp.uu.se/downloads/organizedviolencecy/organizedviolencecy-261-csv.zip,,2026-09-07T11:32:05.412663+00:00,False,"{""geographic_scope"": ""UCDP source-country territory"", ""population_denominator_compatible"": true, ""source_country_id"": 369, ""source_country_name"": ""Ukraine""}",UCDP territory-coded best estimate; not intensity-band floor. Israel/Palestine source unit and pre-2012 Sudan are excluded from unmatched WDI population rates.
UKR,2005-01-01,2005-12-31,conflict_nonstate_deaths,0.0,deaths,,,annual,ucdp,26.1,https://ucdp.uu.se/downloads/organizedviolencecy/organizedviolencecy-261-csv.zip,,2026-09-07T11:32:05.412663+00:00,False,"{""geographic_scope"": ""UCDP source-country territory"", ""population_denominator_compatible"": true, ""source_country_id"": 369, ""source_country_name"": ""Ukraine""}",UCDP territory-coded best estimate; not intensity-band floor. Israel/Palestine source unit and pre-2012 Sudan are excluded from unmatched WDI population rates.
UKR,2005-01-01,2005-12-31,conflict_total_deaths,0.0,deaths,,,annual,ucdp,26.1,https://ucdp.uu.se/downloads/organizedviolencecy/organizedviolencecy-261-csv.zip,,2026-09-07T11:32:05.412663+00:00,False,"{""geographic_scope"": ""UCDP source-country territory"", ""population_denominator_compatible"": true, ""source_country_id"": 369, ""source_country_name"": ""Ukraine""}",UCDP territory-coded best estimate; not intensity-band floor. Israel/Palestine source unit and pre-2012 Sudan are excluded from unmatched WDI population rates.
UKR,2006-01-01,2006-12-31,conflict_battle_deaths,0.0,deaths,,,annual,ucdp,26.1,https://ucdp.uu.se/downloads/organizedviolencecy/organizedviolencecy-261-csv.zip,,2026-09-07T11:32:05.412663+00:00,False,"{""geographic_scope"": ""UCDP source-country territory"", ""population_denominator_compatible"": true, ""source_country_id"": 369, ""source_country_name"": ""Ukraine""}",UCDP territory-coded best estimate; not intensity-band floor. Israel/Palestine source unit and pre-2012 Sudan are excluded from unmatched WDI population rates.
UKR,2006-01-01,2006-12-31,conflict_civilian_targeting_deaths,0.0,deaths,,,annual,ucdp,26.1,https://ucdp.uu.se/downloads/organizedviolencecy/organizedviolencecy-261-csv.zip,,2026-09-07T11:32:05.412663+00:00,False,"{""geographic_scope"": ""UCDP source-country territory"", ""population_denominator_compatible"": true, ""source_country_id"": 369, ""source_country_name"": ""Ukraine""}",UCDP territory-coded best estimate; not intensity-band floor. Israel/Palestine source unit and pre-2012 Sudan are excluded from unmatched WDI population rates.
UKR,2006-01-01,2006-12-31,conflict_nonstate_deaths,0.0,deaths,,,annual,ucdp,26.1,https://ucdp.uu.se/downloads/organizedviolencecy/organizedviolencecy-261-csv.zip,,2026-09-07T11:32:05.412663+00:00,False,"{""geographic_scope"": ""UCDP source-country territory"", ""population_denominator_compatible"": true, ""source_country_id"": 369, ""source_country_name"": ""Ukraine""}",UCDP territory-coded best estimate; not intensity-band floor. Israel/Palestine source unit and pre-2012 Sudan are excluded from unmatched WDI population rates.
UKR,2006-01-01,2006-12-31,conflict_total_deaths,0.0,deaths,,,annual,ucdp,26.1,https://ucdp.uu.se/downloads/organizedviolencecy/organizedviolencecy-261-csv.zip,,2026-09-07T11:32:05.412663+00:00,False,"{""geographic_scope"": ""UCDP source-country territory"", ""population_denominator_compatible"": true, ""source_country_id"": 369, ""source_country_name"": ""Ukraine""}",UCDP territory-coded best estimate; not intensity-band floor. Israel/Palestine source unit and pre-2012 Sudan are excluded from unmatched WDI population rates.
UKR,2007-01-01,2007-12-31,conflict_battle_deaths,0.0,deaths,,,annual,ucdp,26.1,https://ucdp.uu.se/downloads/organizedviolencecy/organizedviolencecy-261-csv.zip,,2026-09-07T11:32:05.412663+00:00,False,"{""geographic_scope"": ""UCDP source-country territory"", ""population_denominator_compatible"": true, ""source_country_id"": 369, ""source_country_name"": ""Ukraine""}",UCDP territory-coded best estimate; not intensity-band floor. Israel/Palestine source unit and pre-2012 Sudan are excluded from unmatched WDI population rates.
UKR,2007-01-01,2007-12-31,conflict_civilian_targeting_deaths,0.0,deaths,,,annual,ucdp,26.1,https://ucdp.uu.se/downloads/organizedviolencecy/organizedviolencecy-261-csv.zip,,2026-09-07T11:32:05.412663+00:00,False,"{""geographic_scope"": ""UCDP source-country territory"", ""population_denominator_compatible"": true, ""source_country_id"": 369, ""source_country_name"": ""Ukraine""}",UCDP territory-coded best estimate; not intensity-band floor. Israel/Palestine source unit and pre-2012 Sudan are excluded from unmatched WDI population rates.
UKR,2007-01-01,2007-12-31,conflict_nonstate_deaths,0.0,deaths,,,annual,ucdp,26.1,https://ucdp.uu.se/downloads/organizedviolencecy/organizedviolencecy-261-csv.zip,,2026-09-07T11:32:05.412663+00:00,False,"{""geographic_scope"": ""UCDP source-country territory"", ""population_denominator_compatible"": true, ""source_country_id"": 369, ""source_country_name"": ""Ukraine""}",UCDP territory-coded best estimate; not intensity-band floor. Israel/Palestine source unit and pre-2012 Sudan are excluded from unmatched WDI population rates.
UKR,2007-01-01,2007-12-31,conflict_total_deaths,0.0,deaths,,,annual,ucdp,26.1,https://ucdp.uu.se/downloads/organizedviolencecy/organizedviolencecy-261-csv.zip,,2026-09-07T11:32:05.412663+00:00,False,"{""geographic_scope"": ""UCDP source-country territory"", ""population_denominator_compatible"": true, ""source_country_id"": 369, ""source_country_name"": ""Ukraine""}",UCDP territory-coded best estimate; not intensity-band floor. Israel/Palestine source unit and pre-2012 Sudan are excluded from unmatched WDI population rates.
UKR,2008-01-01,2008-12-31,conflict_battle_deaths,0.0,deaths,,,annual,ucdp,26.1,https://ucdp.uu.se/downloads/organizedviolencecy/organizedviolencecy-261-csv.zip,,2026-09-07T11:32:05.412663+00:00,False,"{""geographic_scope"": ""UCDP source-country territory"", ""population_denominator_compatible"": true, ""source_country_id"": 369, ""source_country_name"": ""Ukraine""}",UCDP territory-coded best estimate; not intensity-band floor. Israel/Palestine source unit and pre-2012 Sudan are excluded from unmatched WDI population rates.
UKR,2008-01-01,2008-12-31,conflict_civilian_targeting_deaths,0.0,deaths,,,annual,ucdp,26.1,https://ucdp.uu.se/downloads/organizedviolencecy/organizedviolencecy-261-csv.zip,,2026-09-07T11:32:05.412663+00:00,False,"{""geographic_scope"": ""UCDP source-country territory"", ""population_denominator_compatible"": true, ""source_country_id"": 369, ""source_country_name"": ""Ukraine""}",UCDP territory-coded best estimate; not intensity-band floor. Israel/Palestine source unit and pre-2012 Sudan are excluded from unmatched WDI population rates.
UKR,2008-01-01,2008-12-31,conflict_nonstate_deaths,0.0,deaths,,,annual,ucdp,26.1,https://ucdp.uu.se/downloads/organizedviolencecy/organizedviolencecy-261-csv.zip,,2026-09-07T11:32:05.412663+00:00,False,"{""geographic_scope"": ""UCDP source-country territory"", ""population_denominator_compatible"": true, ""source_country_id"": 369, ""source_country_name"": ""Ukraine""}",UCDP territory-coded best estimate; not intensity-band floor. Israel/Palestine source unit and pre-2012 Sudan are excluded from unmatched WDI population rates.
UKR,2008-01-01,2008-12-31,conflict_total_deaths,0.0,deaths,,,annual,ucdp,26.1,https://ucdp.uu.se/downloads/organizedviolencecy/organizedviolencecy-261-csv.zip,,2026-09-07T11:32:05.412663+00:00,False,"{""geographic_scope"": ""UCDP source-country territory"", ""population_denominator_compatible"": true, ""source_country_id"": 369, ""source_country_name"": ""Ukraine""}",UCDP territory-coded best estimate; not intensity-band floor. Israel/Palestine source unit and pre-2012 Sudan are excluded from unmatched WDI population rates.
UKR,2009-01-01,2009-12-31,conflict_battle_deaths,0.0,deaths,,,annual,ucdp,26.1,https://ucdp.uu.se/downloads/organizedviolencecy/organizedviolencecy-261-csv.zip,,2026-09-07T11:32:05.412663+00:00,False,"{""geographic_scope"": ""UCDP source-country territory"", ""population_denominator_compatible"": true, ""source_country_id"": 369, ""source_country_name"": ""Ukraine""}",UCDP territory-coded best estimate; not intensity-band floor. Israel/Palestine source unit and pre-2012 Sudan are excluded from unmatched WDI population rates.
UKR,2009-01-01,2009-12-31,conflict_civilian_targeting_deaths,0.0,deaths,,,annual,ucdp,26.1,https://ucdp.uu.se/downloads/organizedviolencecy/organizedviolencecy-261-csv.zip,,2026-09-07T11:32:05.412663+00:00,False,"{""geographic_scope"": ""UCDP source-country territory"", ""population_denominator_compatible"": true, ""source_country_id"": 369, ""source_country_name"": ""Ukraine""}",UCDP territory-coded best estimate; not intensity-band floor. Israel/Palestine source unit and pre-2012 Sudan are excluded from unmatched WDI population rates.
UKR,2009-01-01,2009-12-31,conflict_nonstate_deaths,0.0,deaths,,,annual,ucdp,26.1,https://ucdp.uu.se/downloads/organizedviolencecy/organizedviolencecy-261-csv.zip,,2026-09-07T11:32:05.412663+00:00,False,"{""geographic_scope"": ""UCDP source-country territory"", ""population_denominator_compatible"": true, ""source_country_id"": 369, ""source_country_name"": ""Ukraine""}",UCDP territory-coded best estimate; not intensity-band floor. Israel/Palestine source unit and pre-2012 Sudan are excluded from unmatched WDI population rates.
UKR,2009-01-01,2009-12-31,conflict_total_deaths,0.0,deaths,,,annual,ucdp,26.1,https://ucdp.uu.se/downloads/organizedviolencecy/organizedviolencecy-261-csv.zip,,2026-09-07T11:32:05.412663+00:00,False,"{""geographic_scope"": ""UCDP source-country territory"", ""population_denominator_compatible"": true, ""source_country_id"": 369, ""source_country_name"": ""Ukraine""}",UCDP territory-coded best estimate; not intensity-band floor. Israel/Palestine source unit and pre-2012 Sudan are excluded from unmatched WDI population rates.
UKR,2010-01-01,2010-12-31,conflict_battle_deaths,0.0,deaths,,,annual,ucdp,26.1,https://ucdp.uu.se/downloads/organizedviolencecy/organizedviolencecy-261-csv.zip,,2026-09-07T11:32:05.412663+00:00,False,"{""geographic_scope"": ""UCDP source-country territory"", ""population_denominator_compatible"": true, ""source_country_id"": 369, ""source_country_name"": ""Ukraine""}",UCDP territory-coded best estimate; not intensity-band floor. Israel/Palestine source unit and pre-2012 Sudan are excluded from unmatched WDI population rates.
UKR,2010-01-01,2010-12-31,conflict_civilian_targeting_deaths,0.0,deaths,,,annual,ucdp,26.1,https://ucdp.uu.se/downloads/organizedviolencecy/organizedviolencecy-261-csv.zip,,2026-09-07T11:32:05.412663+00:00,False,"{""geographic_scope"": ""UCDP source-country territory"", ""population_denominator_compatible"": true, ""source_country_id"": 369, ""source_country_name"": ""Ukraine""}",UCDP territory-coded best estimate; not intensity-band floor. Israel/Palestine source unit and pre-2012 Sudan are excluded from unmatched WDI population rates.
UKR,2010-01-01,2010-12-31,conflict_nonstate_deaths,0.0,deaths,,,annual,ucdp,26.1,https://ucdp.uu.se/downloads/organizedviolencecy/organizedviolencecy-261-csv.zip,,2026-09-07T11:32:05.412663+00:00,False,"{""geographic_scope"": ""UCDP source-country territory"", ""population_denominator_compatible"": true, ""source_country_id"": 369, ""source_country_name"": ""Ukraine""}",UCDP territory-coded best estimate; not intensity-band floor. Israel/Palestine source unit and pre-2012 Sudan are excluded from unmatched WDI population rates.
UKR,2010-01-01,2010-12-31,conflict_total_deaths,0.0,deaths,,,annual,ucdp,26.1,https://ucdp.uu.se/downloads/organizedviolencecy/organizedviolencecy-261-csv.zip,,2026-09-07T11:32:05.412663+00:00,False,"{""geographic_scope"": ""UCDP source-country territory"", ""population_denominator_compatible"": true, ""source_country_id"": 369, ""source_country_name"": ""Ukraine""}",UCDP territory-coded best estimate; not intensity-band floor. Israel/Palestine source unit and pre-2012 Sudan are excluded from unmatched WDI population rates.
UKR,2011-01-01,2011-12-31,conflict_battle_deaths,0.0,deaths,,,annual,ucdp,26.1,https://ucdp.uu.se/downloads/organizedviolencecy/organizedviolencecy-261-csv.zip,,2026-09-07T11:32:05.412663+00:00,False,"{""geographic_scope"": ""UCDP source-country territory"", ""population_denominator_compatible"": true, ""source_country_id"": 369, ""source_country_name"": ""Ukraine""}",UCDP territory-coded best estimate; not intensity-band floor. Israel/Palestine source unit and pre-2012 Sudan are excluded from unmatched WDI population rates.
UKR,2011-01-01,2011-12-31,conflict_civilian_targeting_deaths,0.0,deaths,,,annual,ucdp,26.1,https://ucdp.uu.se/downloads/organizedviolencecy/organizedviolencecy-261-csv.zip,,2026-09-07T11:32:05.412663+00:00,False,"{""geographic_scope"": ""UCDP source-country territory"", ""population_denominator_compatible"": true, ""source_country_id"": 369, ""source_country_name"": ""Ukraine""}",UCDP territory-coded best estimate; not intensity-band floor. Israel/Palestine source unit and pre-2012 Sudan are excluded from unmatched WDI population rates.
UKR,2011-01-01,2011-12-31,conflict_nonstate_deaths,0.0,deaths,,,annual,ucdp,26.1,https://ucdp.uu.se/downloads/organizedviolencecy/organizedviolencecy-261-csv.zip,,2026-09-07T11:32:05.412663+00:00,False,"{""geographic_scope"": ""UCDP source-country territory"", ""population_denominator_compatible"": true, ""source_country_id"": 369, ""source_country_name"": ""Ukraine""}",UCDP territory-coded best estimate; not intensity-band floor. Israel/Palestine source unit and pre-2012 Sudan are excluded from unmatched WDI population rates.
UKR,2011-01-01,2011-12-31,conflict_total_deaths,0.0,deaths,,,annual,ucdp,26.1,https://ucdp.uu.se/downloads/organizedviolencecy/organizedviolencecy-261-csv.zip,,2026-09-07T11:32:05.412663+00:00,False,"{""geographic_scope"": ""UCDP source-country territory"", ""population_denominator_compatible"": true, ""source_country_id"": 369, ""source_country_name"": ""Ukraine""}",UCDP territory-coded best estimate; not intensity-band floor. Israel/Palestine source unit and pre-2012 Sudan are excluded from unmatched WDI population rates.
UKR,2012-01-01,2012-12-31,conflict_battle_deaths,0.0,deaths,,,annual,ucdp,26.1,https://ucdp.uu.se/downloads/organizedviolencecy/organizedviolencecy-261-csv.zip,,2026-09-07T11:32:05.412663+00:00,False,"{""geographic_scope"": ""UCDP source-country territory"", ""population_denominator_compatible"": true, ""source_country_id"": 369, ""source_country_name"": ""Ukraine""}",UCDP territory-coded best estimate; not intensity-band floor. Israel/Palestine source unit and pre-2012 Sudan are excluded from unmatched WDI population rates.
UKR,2012-01-01,2012-12-31,conflict_civilian_targeting_deaths,0.0,deaths,,,annual,ucdp,26.1,https://ucdp.uu.se/downloads/organizedviolencecy/organizedviolencecy-261-csv.zip,,2026-09-07T11:32:05.412663+00:00,False,"{""geographic_scope"": ""UCDP source-country territory"", ""population_denominator_compatible"": true, ""source_country_id"": 369, ""source_country_name"": ""Ukraine""}",UCDP territory-coded best estimate; not intensity-band floor. Israel/Palestine source unit and pre-2012 Sudan are excluded from unmatched WDI population rates.
UKR,2012-01-01,2012-12-31,conflict_nonstate_deaths,0.0,deaths,,,annual,ucdp,26.1,https://ucdp.uu.se/downloads/organizedviolencecy/organizedviolencecy-261-csv.zip,,2026-09-07T11:32:05.412663+00:00,False,"{""geographic_scope"": ""UCDP source-country territory"", ""population_denominator_compatible"": true, ""source_country_id"": 369, ""source_country_name"": ""Ukraine""}",UCDP territory-coded best estimate; not intensity-band floor. Israel/Palestine source unit and pre-2012 Sudan are excluded from unmatched WDI population rates.
UKR,2012-01-01,2012-12-31,conflict_total_deaths,0.0,deaths,,,annual,ucdp,26.1,https://ucdp.uu.se/downloads/organizedviolencecy/organizedviolencecy-261-csv.zip,,2026-09-07T11:32:05.412663+00:00,False,"{""geographic_scope"": ""UCDP source-country territory"", ""population_denominator_compatible"": true, ""source_country_id"": 369, ""source_country_name"": ""Ukraine""}",UCDP territory-coded best estimate; not intensity-band floor. Israel/Palestine source unit and pre-2012 Sudan are excluded from unmatched WDI population rates.
UKR,2013-01-01,2013-12-31,conflict_battle_deaths,0.0,deaths,,,annual,ucdp,26.1,https://ucdp.uu.se/downloads/organizedviolencecy/organizedviolencecy-261-csv.zip,,2026-09-07T11:32:05.412663+00:00,False,"{""geographic_scope"": ""UCDP source-country territory"", ""population_denominator_compatible"": true, ""source_country_id"": 369, ""source_country_name"": ""Ukraine""}",UCDP territory-coded best estimate; not intensity-band floor. Israel/Palestine source unit and pre-2012 Sudan are excluded from unmatched WDI population rates.
UKR,2013-01-01,2013-12-31,conflict_civilian_targeting_deaths,0.0,deaths,,,annual,ucdp,26.1,https://ucdp.uu.se/downloads/organizedviolencecy/organizedviolencecy-261-csv.zip,,2026-09-07T11:32:05.412663+00:00,False,"{""geographic_scope"": ""UCDP source-country territory"", ""population_denominator_compatible"": true, ""source_country_id"": 369, ""source_country_name"": ""Ukraine""}",UCDP territory-coded best estimate; not intensity-band floor. Israel/Palestine source unit and pre-2012 Sudan are excluded from unmatched WDI population rates.
UKR,2013-01-01,2013-12-31,conflict_nonstate_deaths,0.0,deaths,,,annual,ucdp,26.1,https://ucdp.uu.se/downloads/organizedviolencecy/organizedviolencecy-261-csv.zip,,2026-09-07T11:32:05.412663+00:00,False,"{""geographic_scope"": ""UCDP source-country territory"", ""population_denominator_compatible"": true, ""source_country_id"": 369, ""source_country_name"": ""Ukraine""}",UCDP territory-coded best estimate; not intensity-band floor. Israel/Palestine source unit and pre-2012 Sudan are excluded from unmatched WDI population rates.
UKR,2013-01-01,2013-12-31,conflict_total_deaths,0.0,deaths,,,annual,ucdp,26.1,https://ucdp.uu.se/downloads/organizedviolencecy/organizedviolencecy-261-csv.zip,,2026-09-07T11:32:05.412663+00:00,False,"{""geographic_scope"": ""UCDP source-country territory"", ""population_denominator_compatible"": true, ""source_country_id"": 369, ""source_country_name"": ""Ukraine""}",UCDP territory-coded best estimate; not intensity-band floor. Israel/Palestine source unit and pre-2012 Sudan are excluded from unmatched WDI population rates.
UKR,2014-01-01,2014-12-31,conflict_battle_deaths,4901.0,deaths,,,annual,ucdp,26.1,https://ucdp.uu.se/downloads/organizedviolencecy/organizedviolencecy-261-csv.zip,,2026-09-07T11:32:05.412663+00:00,False,"{""geographic_scope"": ""UCDP source-country territory"", ""population_denominator_compatible"": true, ""source_country_id"": 369, ""source_country_name"": ""Ukraine""}",UCDP territory-coded best estimate; not intensity-band floor. Israel/Palestine source unit and pre-2012 Sudan are excluded from unmatched WDI population rates.
UKR,2014-01-01,2014-12-31,conflict_civilian_targeting_deaths,0.0,deaths,,,annual,ucdp,26.1,https://ucdp.uu.se/downloads/organizedviolencecy/organizedviolencecy-261-csv.zip,,2026-09-07T11:32:05.412663+00:00,False,"{""geographic_scope"": ""UCDP source-country territory"", ""population_denominator_compatible"": true, ""source_country_id"": 369, ""source_country_name"": ""Ukraine""}",UCDP territory-coded best estimate; not intensity-band floor. Israel/Palestine source unit and pre-2012 Sudan are excluded from unmatched WDI population rates.
UKR,2014-01-01,2014-12-31,conflict_nonstate_deaths,45.0,deaths,,,annual,ucdp,26.1,https://ucdp.uu.se/downloads/organizedviolencecy/organizedviolencecy-261-csv.zip,,2026-09-07T11:32:05.412663+00:00,False,"{""geographic_scope"": ""UCDP source-country territory"", ""population_denominator_compatible"": true, ""source_country_id"": 369, ""source_country_name"": ""Ukraine""}",UCDP territory-coded best estimate; not intensity-band floor. Israel/Palestine source unit and pre-2012 Sudan are excluded from unmatched WDI population rates.
UKR,2014-01-01,2014-12-31,conflict_total_deaths,4946.0,deaths,,,annual,ucdp,26.1,https://ucdp.uu.se/downloads/organizedviolencecy/organizedviolencecy-261-csv.zip,,2026-09-07T11:32:05.412663+00:00,False,"{""geographic_scope"": ""UCDP source-country territory"", ""population_denominator_compatible"": true, ""source_country_id"": 369, ""source_country_name"": ""Ukraine""}",UCDP territory-coded best estimate; not intensity-band floor. Israel/Palestine source unit and pre-2012 Sudan are excluded from unmatched WDI population rates.
UKR,2015-01-01,2015-12-31,conflict_battle_deaths,1894.0,deaths,,,annual,ucdp,26.1,https://ucdp.uu.se/downloads/organizedviolencecy/organizedviolencecy-261-csv.zip,,2026-09-07T11:32:05.412663+00:00,False,"{""geographic_scope"": ""UCDP source-country territory"", ""population_denominator_compatible"": true, ""source_country_id"": 369, ""source_country_name"": ""Ukraine""}",UCDP territory-coded best estimate; not intensity-band floor. Israel/Palestine source unit and pre-2012 Sudan are excluded from unmatched WDI population rates.
UKR,2015-01-01,2015-12-31,conflict_civilian_targeting_deaths,0.0,deaths,,,annual,ucdp,26.1,https://ucdp.uu.se/downloads/organizedviolencecy/organizedviolencecy-261-csv.zip,,2026-09-07T11:32:05.412663+00:00,False,"{""geographic_scope"": ""UCDP source-country territory"", ""population_denominator_compatible"": true, ""source_country_id"": 369, ""source_country_name"": ""Ukraine""}",UCDP territory-coded best estimate; not intensity-band floor. Israel/Palestine source unit and pre-2012 Sudan are excluded from unmatched WDI population rates.
UKR,2015-01-01,2015-12-31,conflict_nonstate_deaths,0.0,deaths,,,annual,ucdp,26.1,https://ucdp.uu.se/downloads/organizedviolencecy/organizedviolencecy-261-csv.zip,,2026-09-07T11:32:05.412663+00:00,False,"{""geographic_scope"": ""UCDP source-country territory"", ""population_denominator_compatible"": true, ""source_country_id"": 369, ""source_country_name"": ""Ukraine""}",UCDP territory-coded best estimate; not intensity-band floor. Israel/Palestine source unit and pre-2012 Sudan are excluded from unmatched WDI population rates.
UKR,2015-01-01,2015-12-31,conflict_total_deaths,1894.0,deaths,,,annual,ucdp,26.1,https://ucdp.uu.se/downloads/organizedviolencecy/organizedviolencecy-261-csv.zip,,2026-09-07T11:32:05.412663+00:00,False,"{""geographic_scope"": ""UCDP source-country territory"", ""population_denominator_compatible"": true, ""source_country_id"": 369, ""source_country_name"": ""Ukraine""}",UCDP territory-coded best estimate; not intensity-band floor. Israel/Palestine source unit and pre-2012 Sudan are excluded from unmatched WDI population rates.
UKR,2016-01-01,2016-12-31,conflict_battle_deaths,699.0,deaths,,,annual,ucdp,26.1,https://ucdp.uu.se/downloads/organizedviolencecy/organizedviolencecy-261-csv.zip,,2026-09-07T11:32:05.412663+00:00,False,"{""geographic_scope"": ""UCDP source-country territory"", ""population_denominator_compatible"": true, ""source_country_id"": 369, ""source_country_name"": ""Ukraine""}",UCDP territory-coded best estimate; not intensity-band floor. Israel/Palestine source unit and pre-2012 Sudan are excluded from unmatched WDI population rates.
UKR,2016-01-01,2016-12-31,conflict_civilian_targeting_deaths,0.0,deaths,,,annual,ucdp,26.1,https://ucdp.uu.se/downloads/organizedviolencecy/organizedviolencecy-261-csv.zip,,2026-09-07T11:32:05.412663+00:00,False,"{""geographic_scope"": ""UCDP source-country territory"", ""population_denominator_compatible"": true, ""source_country_id"": 369, ""source_country_name"": ""Ukraine""}",UCDP territory-coded best estimate; not intensity-band floor. Israel/Palestine source unit and pre-2012 Sudan are excluded from unmatched WDI population rates.
UKR,2016-01-01,2016-12-31,conflict_nonstate_deaths,0.0,deaths,,,annual,ucdp,26.1,https://ucdp.uu.se/downloads/organizedviolencecy/organizedviolencecy-261-csv.zip,,2026-09-07T11:32:05.412663+00:00,False,"{""geographic_scope"": ""UCDP source-country territory"", ""population_denominator_compatible"": true, ""source_country_id"": 369, ""source_country_name"": ""Ukraine""}",UCDP territory-coded best estimate; not intensity-band floor. Israel/Palestine source unit and pre-2012 Sudan are excluded from unmatched WDI population rates.
UKR,2016-01-01,2016-12-31,conflict_total_deaths,699.0,deaths,,,annual,ucdp,26.1,https://ucdp.uu.se/downloads/organizedviolencecy/organizedviolencecy-261-csv.zip,,2026-09-07T11:32:05.412663+00:00,False,"{""geographic_scope"": ""UCDP source-country territory"", ""population_denominator_compatible"": true, ""source_country_id"": 369, ""source_country_name"": ""Ukraine""}",UCDP territory-coded best estimate; not intensity-band floor. Israel/Palestine source unit and pre-2012 Sudan are excluded from unmatched WDI population rates.
UKR,2017-01-01,2017-12-31,conflict_battle_deaths,447.0,deaths,,,annual,ucdp,26.1,https://ucdp.uu.se/downloads/organizedviolencecy/organizedviolencecy-261-csv.zip,,2026-09-07T11:32:05.412663+00:00,False,"{""geographic_scope"": ""UCDP source-country territory"", ""population_denominator_compatible"": true, ""source_country_id"": 369, ""source_country_name"": ""Ukraine""}",UCDP territory-coded best estimate; not intensity-band floor. Israel/Palestine source unit and pre-2012 Sudan are excluded from unmatched WDI population rates.
UKR,2017-01-01,2017-12-31,conflict_civilian_targeting_deaths,0.0,deaths,,,annual,ucdp,26.1,https://ucdp.uu.se/downloads/organizedviolencecy/organizedviolencecy-261-csv.zip,,2026-09-07T11:32:05.412663+00:00,False,"{""geographic_scope"": ""UCDP source-country territory"", ""population_denominator_compatible"": true, ""source_country_id"": 369, ""source_country_name"": ""Ukraine""}",UCDP territory-coded best estimate; not intensity-band floor. Israel/Palestine source unit and pre-2012 Sudan are excluded from unmatched WDI population rates.
UKR,2017-01-01,2017-12-31,conflict_nonstate_deaths,0.0,deaths,,,annual,ucdp,26.1,https://ucdp.uu.se/downloads/organizedviolencecy/organizedviolencecy-261-csv.zip,,2026-09-07T11:32:05.412663+00:00,False,"{""geographic_scope"": ""UCDP source-country territory"", ""population_denominator_compatible"": true, ""source_country_id"": 369, ""source_country_name"": ""Ukraine""}",UCDP territory-coded best estimate; not intensity-band floor. Israel/Palestine source unit and pre-2012 Sudan are excluded from unmatched WDI population rates.
UKR,2017-01-01,2017-12-31,conflict_total_deaths,447.0,deaths,,,annual,ucdp,26.1,https://ucdp.uu.se/downloads/organizedviolencecy/organizedviolencecy-261-csv.zip,,2026-09-07T11:32:05.412663+00:00,False,"{""geographic_scope"": ""UCDP source-country territory"", ""population_denominator_compatible"": true, ""source_country_id"": 369, ""source_country_name"": ""Ukraine""}",UCDP territory-coded best estimate; not intensity-band floor. Israel/Palestine source unit and pre-2012 Sudan are excluded from unmatched WDI population rates.
UKR,2018-01-01,2018-12-31,conflict_battle_deaths,243.0,deaths,,,annual,ucdp,26.1,https://ucdp.uu.se/downloads/organizedviolencecy/organizedviolencecy-261-csv.zip,,2026-09-07T11:32:05.412663+00:00,False,"{""geographic_scope"": ""UCDP source-country territory"", ""population_denominator_compatible"": true, ""source_country_id"": 369, ""source_country_name"": ""Ukraine""}",UCDP territory-coded best estimate; not intensity-band floor. Israel/Palestine source unit and pre-2012 Sudan are excluded from unmatched WDI population rates.
UKR,2018-01-01,2018-12-31,conflict_civilian_targeting_deaths,0.0,deaths,,,annual,ucdp,26.1,https://ucdp.uu.se/downloads/organizedviolencecy/organizedviolencecy-261-csv.zip,,2026-09-07T11:32:05.412663+00:00,False,"{""geographic_scope"": ""UCDP source-country territory"", ""population_denominator_compatible"": true, ""source_country_id"": 369, ""source_country_name"": ""Ukraine""}",UCDP territory-coded best estimate; not intensity-band floor. Israel/Palestine source unit and pre-2012 Sudan are excluded from unmatched WDI population rates.
UKR,2018-01-01,2018-12-31,conflict_nonstate_deaths,0.0,deaths,,,annual,ucdp,26.1,https://ucdp.uu.se/downloads/organizedviolencecy/organizedviolencecy-261-csv.zip,,2026-09-07T11:32:05.412663+00:00,False,"{""geographic_scope"": ""UCDP source-country territory"", ""population_denominator_compatible"": true, ""source_country_id"": 369, ""source_country_name"": ""Ukraine""}",UCDP territory-coded best estimate; not intensity-band floor. Israel/Palestine source unit and pre-2012 Sudan are excluded from unmatched WDI population rates.
UKR,2018-01-01,2018-12-31,conflict_total_deaths,243.0,deaths,,,annual,ucdp,26.1,https://ucdp.uu.se/downloads/organizedviolencecy/organizedviolencecy-261-csv.zip,,2026-09-07T11:32:05.412663+00:00,False,"{""geographic_scope"": ""UCDP source-country territory"", ""population_denominator_compatible"": true, ""source_country_id"": 369, ""source_country_name"": ""Ukraine""}",UCDP territory-coded best estimate; not intensity-band floor. Israel/Palestine source unit and pre-2012 Sudan are excluded from unmatched WDI population rates.
UKR,2019-01-01,2019-12-31,conflict_battle_deaths,311.0,deaths,,,annual,ucdp,26.1,https://ucdp.uu.se/downloads/organizedviolencecy/organizedviolencecy-261-csv.zip,,2026-09-07T11:32:05.412663+00:00,False,"{""geographic_scope"": ""UCDP source-country territory"", ""population_denominator_compatible"": true, ""source_country_id"": 369, ""source_country_name"": ""Ukraine""}",UCDP territory-coded best estimate; not intensity-band floor. Israel/Palestine source unit and pre-2012 Sudan are excluded from unmatched WDI population rates.
UKR,2019-01-01,2019-12-31,conflict_civilian_targeting_deaths,0.0,deaths,,,annual,ucdp,26.1,https://ucdp.uu.se/downloads/organizedviolencecy/organizedviolencecy-261-csv.zip,,2026-09-07T11:32:05.412663+00:00,False,"{""geographic_scope"": ""UCDP source-country territory"", ""population_denominator_compatible"": true, ""source_country_id"": 369, ""source_country_name"": ""Ukraine""}",UCDP territory-coded best estimate; not intensity-band floor. Israel/Palestine source unit and pre-2012 Sudan are excluded from unmatched WDI population rates.
UKR,2019-01-01,2019-12-31,conflict_nonstate_deaths,0.0,deaths,,,annual,ucdp,26.1,https://ucdp.uu.se/downloads/organizedviolencecy/organizedviolencecy-261-csv.zip,,2026-09-07T11:32:05.412663+00:00,False,"{""geographic_scope"": ""UCDP source-country territory"", ""population_denominator_compatible"": true, ""source_country_id"": 369, ""source_country_name"": ""Ukraine""}",UCDP territory-coded best estimate; not intensity-band floor. Israel/Palestine source unit and pre-2012 Sudan are excluded from unmatched WDI population rates.
UKR,2019-01-01,2019-12-31,conflict_total_deaths,311.0,deaths,,,annual,ucdp,26.1,https://ucdp.uu.se/downloads/organizedviolencecy/organizedviolencecy-261-csv.zip,,2026-09-07T11:32:05.412663+00:00,False,"{""geographic_scope"": ""UCDP source-country territory"", ""population_denominator_compatible"": true, ""source_country_id"": 369, ""source_country_name"": ""Ukraine""}",UCDP territory-coded best estimate; not intensity-band floor. Israel/Palestine source unit and pre-2012 Sudan are excluded from unmatched WDI population rates.
UKR,2020-01-01,2020-12-31,conflict_battle_deaths,196.0,deaths,,,annual,ucdp,26.1,https://ucdp.uu.se/downloads/organizedviolencecy/organizedviolencecy-261-csv.zip,,2026-09-07T11:32:05.412663+00:00,False,"{""geographic_scope"": ""UCDP source-country territory"", ""population_denominator_compatible"": true, ""source_country_id"": 369, ""source_country_name"": ""Ukraine""}",UCDP territory-coded best estimate; not intensity-band floor. Israel/Palestine source unit and pre-2012 Sudan are excluded from unmatched WDI population rates.
UKR,2020-01-01,2020-12-31,conflict_civilian_targeting_deaths,0.0,deaths,,,annual,ucdp,26.1,https://ucdp.uu.se/downloads/organizedviolencecy/organizedviolencecy-261-csv.zip,,2026-09-07T11:32:05.412663+00:00,False,"{""geographic_scope"": ""UCDP source-country territory"", ""population_denominator_compatible"": true, ""source_country_id"": 369, ""source_country_name"": ""Ukraine""}",UCDP territory-coded best estimate; not intensity-band floor. Israel/Palestine source unit and pre-2012 Sudan are excluded from unmatched WDI population rates.
UKR,2020-01-01,2020-12-31,conflict_nonstate_deaths,0.0,deaths,,,annual,ucdp,26.1,https://ucdp.uu.se/downloads/organizedviolencecy/organizedviolencecy-261-csv.zip,,2026-09-07T11:32:05.412663+00:00,False,"{""geographic_scope"": ""UCDP source-country territory"", ""population_denominator_compatible"": true, ""source_country_id"": 369, ""source_country_name"": ""Ukraine""}",UCDP territory-coded best estimate; not intensity-band floor. Israel/Palestine source unit and pre-2012 Sudan are excluded from unmatched WDI population rates.
UKR,2020-01-01,2020-12-31,conflict_total_deaths,196.0,deaths,,,annual,ucdp,26.1,https://ucdp.uu.se/downloads/organizedviolencecy/organizedviolencecy-261-csv.zip,,2026-09-07T11:32:05.412663+00:00,False,"{""geographic_scope"": ""UCDP source-country territory"", ""population_denominator_compatible"": true, ""source_country_id"": 369, ""source_country_name"": ""Ukraine""}",UCDP territory-coded best estimate; not intensity-band floor. Israel/Palestine source unit and pre-2012 Sudan are excluded from unmatched WDI population rates.
UKR,2021-01-01,2021-12-31,conflict_battle_deaths,208.0,deaths,,,annual,ucdp,26.1,https://ucdp.uu.se/downloads/organizedviolencecy/organizedviolencecy-261-csv.zip,,2026-09-07T11:32:05.412663+00:00,False,"{""geographic_scope"": ""UCDP source-country territory"", ""population_denominator_compatible"": true, ""source_country_id"": 369, ""source_country_name"": ""Ukraine""}",UCDP territory-coded best estimate; not intensity-band floor. Israel/Palestine source unit and pre-2012 Sudan are excluded from unmatched WDI population rates.
UKR,2021-01-01,2021-12-31,conflict_civilian_targeting_deaths,0.0,deaths,,,annual,ucdp,26.1,https://ucdp.uu.se/downloads/organizedviolencecy/organizedviolencecy-261-csv.zip,,2026-09-07T11:32:05.412663+00:00,False,"{""geographic_scope"": ""UCDP source-country territory"", ""population_denominator_compatible"": true, ""source_country_id"": 369, ""source_country_name"": ""Ukraine""}",UCDP territory-coded best estimate; not intensity-band floor. Israel/Palestine source unit and pre-2012 Sudan are excluded from unmatched WDI population rates.
UKR,2021-01-01,2021-12-31,conflict_nonstate_deaths,0.0,deaths,,,annual,ucdp,26.1,https://ucdp.uu.se/downloads/organizedviolencecy/organizedviolencecy-261-csv.zip,,2026-09-07T11:32:05.412663+00:00,False,"{""geographic_scope"": ""UCDP source-country territory"", ""population_denominator_compatible"": true, ""source_country_id"": 369, ""source_country_name"": ""Ukraine""}",UCDP territory-coded best estimate; not intensity-band floor. Israel/Palestine source unit and pre-2012 Sudan are excluded from unmatched WDI population rates.
UKR,2021-01-01,2021-12-31,conflict_total_deaths,208.0,deaths,,,annual,ucdp,26.1,https://ucdp.uu.se/downloads/organizedviolencecy/organizedviolencecy-261-csv.zip,,2026-09-07T11:32:05.412663+00:00,False,"{""geographic_scope"": ""UCDP source-country territory"", ""population_denominator_compatible"": true, ""source_country_id"": 369, ""source_country_name"": ""Ukraine""}",UCDP territory-coded best estimate; not intensity-band floor. Israel/Palestine source unit and pre-2012 Sudan are excluded from unmatched WDI population rates.
UKR,2022-01-01,2022-12-31,conflict_battle_deaths,99472.0,deaths,,,annual,ucdp,26.1,https://ucdp.uu.se/downloads/organizedviolencecy/organizedviolencecy-261-csv.zip,,2026-09-07T11:32:05.412663+00:00,False,"{""geographic_scope"": ""UCDP source-country territory"", ""population_denominator_compatible"": true, ""source_country_id"": 369, ""source_country_name"": ""Ukraine""}",UCDP territory-coded best estimate; not intensity-band floor. Israel/Palestine source unit and pre-2012 Sudan are excluded from unmatched WDI population rates.
UKR,2022-01-01,2022-12-31,conflict_civilian_targeting_deaths,1132.0,deaths,,,annual,ucdp,26.1,https://ucdp.uu.se/downloads/organizedviolencecy/organizedviolencecy-261-csv.zip,,2026-09-07T11:32:05.412663+00:00,False,"{""geographic_scope"": ""UCDP source-country territory"", ""population_denominator_compatible"": true, ""source_country_id"": 369, ""source_country_name"": ""Ukraine""}",UCDP territory-coded best estimate; not intensity-band floor. Israel/Palestine source unit and pre-2012 Sudan are excluded from unmatched WDI population rates.
UKR,2022-01-01,2022-12-31,conflict_nonstate_deaths,0.0,deaths,,,annual,ucdp,26.1,https://ucdp.uu.se/downloads/organizedviolencecy/organizedviolencecy-261-csv.zip,,2026-09-07T11:32:05.412663+00:00,False,"{""geographic_scope"": ""UCDP source-country territory"", ""population_denominator_compatible"": true, ""source_country_id"": 369, ""source_country_name"": ""Ukraine""}",UCDP territory-coded best estimate; not intensity-band floor. Israel/Palestine source unit and pre-2012 Sudan are excluded from unmatched WDI population rates.
UKR,2022-01-01,2022-12-31,conflict_total_deaths,100604.0,deaths,,,annual,ucdp,26.1,https://ucdp.uu.se/downloads/organizedviolencecy/organizedviolencecy-261-csv.zip,,2026-09-07T11:32:05.412663+00:00,False,"{""geographic_scope"": ""UCDP source-country territory"", ""population_denominator_compatible"": true, ""source_country_id"": 369, ""source_country_name"": ""Ukraine""}",UCDP territory-coded best estimate; not intensity-band floor. Israel/Palestine source unit and pre-2012 Sudan are excluded from unmatched WDI population rates.
UKR,2023-01-01,2023-12-31,conflict_battle_deaths,76154.0,deaths,,,annual,ucdp,26.1,https://ucdp.uu.se/downloads/organizedviolencecy/organizedviolencecy-261-csv.zip,,2026-09-07T11:32:05.412663+00:00,False,"{""geographic_scope"": ""UCDP source-country territory"", ""population_denominator_compatible"": true, ""source_country_id"": 369, ""source_country_name"": ""Ukraine""}",UCDP territory-coded best estimate; not intensity-band floor. Israel/Palestine source unit and pre-2012 Sudan are excluded from unmatched WDI population rates.
UKR,2023-01-01,2023-12-31,conflict_civilian_targeting_deaths,313.0,deaths,,,annual,ucdp,26.1,https://ucdp.uu.se/downloads/organizedviolencecy/organizedviolencecy-261-csv.zip,,2026-09-07T11:32:05.412663+00:00,False,"{""geographic_scope"": ""UCDP source-country territory"", ""population_denominator_compatible"": true, ""source_country_id"": 369, ""source_country_name"": ""Ukraine""}",UCDP territory-coded best estimate; not intensity-band floor. Israel/Palestine source unit and pre-2012 Sudan are excluded from unmatched WDI population rates.
UKR,2023-01-01,2023-12-31,conflict_nonstate_deaths,0.0,deaths,,,annual,ucdp,26.1,https://ucdp.uu.se/downloads/organizedviolencecy/organizedviolencecy-261-csv.zip,,2026-09-07T11:32:05.412663+00:00,False,"{""geographic_scope"": ""UCDP source-country territory"", ""population_denominator_compatible"": true, ""source_country_id"": 369, ""source_country_name"": ""Ukraine""}",UCDP territory-coded best estimate; not intensity-band floor. Israel/Palestine source unit and pre-2012 Sudan are excluded from unmatched WDI population rates.
UKR,2023-01-01,2023-12-31,conflict_total_deaths,76467.0,deaths,,,annual,ucdp,26.1,https://ucdp.uu.se/downloads/organizedviolencecy/organizedviolencecy-261-csv.zip,,2026-09-07T11:32:05.412663+00:00,False,"{""geographic_scope"": ""UCDP source-country territory"", ""population_denominator_compatible"": true, ""source_country_id"": 369, ""source_country_name"": ""Ukraine""}",UCDP territory-coded best estimate; not intensity-band floor. Israel/Palestine source unit and pre-2012 Sudan are excluded from unmatched WDI population rates.
UKR,2024-01-01,2024-12-31,conflict_battle_deaths,91762.0,deaths,,,annual,ucdp,26.1,https://ucdp.uu.se/downloads/organizedviolencecy/organizedviolencecy-261-csv.zip,,2026-09-07T11:32:05.412663+00:00,False,"{""geographic_scope"": ""UCDP source-country territory"", ""population_denominator_compatible"": true, ""source_country_id"": 369, ""source_country_name"": ""Ukraine""}",UCDP territory-coded best estimate; not intensity-band floor. Israel/Palestine source unit and pre-2012 Sudan are excluded from unmatched WDI population rates.
UKR,2024-01-01,2024-12-31,conflict_civilian_targeting_deaths,17.0,deaths,,,annual,ucdp,26.1,https://ucdp.uu.se/downloads/organizedviolencecy/organizedviolencecy-261-csv.zip,,2026-09-07T11:32:05.412663+00:00,False,"{""geographic_scope"": ""UCDP source-country territory"", ""population_denominator_compatible"": true, ""source_country_id"": 369, ""source_country_name"": ""Ukraine""}",UCDP territory-coded best estimate; not intensity-band floor. Israel/Palestine source unit and pre-2012 Sudan are excluded from unmatched WDI population rates.
UKR,2024-01-01,2024-12-31,conflict_nonstate_deaths,0.0,deaths,,,annual,ucdp,26.1,https://ucdp.uu.se/downloads/organizedviolencecy/organizedviolencecy-261-csv.zip,,2026-09-07T11:32:05.412663+00:00,False,"{""geographic_scope"": ""UCDP source-country territory"", ""population_denominator_compatible"": true, ""source_country_id"": 369, ""source_country_name"": ""Ukraine""}",UCDP territory-coded best estimate; not intensity-band floor. Israel/Palestine source unit and pre-2012 Sudan are excluded from unmatched WDI population rates.
UKR,2024-01-01,2024-12-31,conflict_total_deaths,91779.0,deaths,,,annual,ucdp,26.1,https://ucdp.uu.se/downloads/organizedviolencecy/organizedviolencecy-261-csv.zip,,2026-09-07T11:32:05.412663+00:00,False,"{""geographic_scope"": ""UCDP source-country territory"", ""population_denominator_compatible"": true, ""source_country_id"": 369, ""source_country_name"": ""Ukraine""}",UCDP territory-coded best estimate; not intensity-band floor. Israel/Palestine source unit and pre-2012 Sudan are excluded from unmatched WDI population rates.
UKR,2025-01-01,2025-12-31,conflict_battle_deaths,90323.0,deaths,,,annual,ucdp,26.1,https://ucdp.uu.se/downloads/organizedviolencecy/organizedviolencecy-261-csv.zip,,2026-09-07T11:32:05.412663+00:00,False,"{""geographic_scope"": ""UCDP source-country territory"", ""population_denominator_compatible"": true, ""source_country_id"": 369, ""source_country_name"": ""Ukraine""}",UCDP territory-coded best estimate; not intensity-band floor. Israel/Palestine source unit and pre-2012 Sudan are excluded from unmatched WDI population rates.
UKR,2025-01-01,2025-12-31,conflict_civilian_targeting_deaths,22.0,deaths,,,annual,ucdp,26.1,https://ucdp.uu.se/downloads/organizedviolencecy/organizedviolencecy-261-csv.zip,,2026-09-07T11:32:05.412663+00:00,False,"{""geographic_scope"": ""UCDP source-country territory"", ""population_denominator_compatible"": true, ""source_country_id"": 369, ""source_country_name"": ""Ukraine""}",UCDP territory-coded best estimate; not intensity-band floor. Israel/Palestine source unit and pre-2012 Sudan are excluded from unmatched WDI population rates.
UKR,2025-01-01,2025-12-31,conflict_nonstate_deaths,0.0,deaths,,,annual,ucdp,26.1,https://ucdp.uu.se/downloads/organizedviolencecy/organizedviolencecy-261-csv.zip,,2026-09-07T11:32:05.412663+00:00,False,"{""geographic_scope"": ""UCDP source-country territory"", ""population_denominator_compatible"": true, ""source_country_id"": 369, ""source_country_name"": ""Ukraine""}",UCDP territory-coded best estimate; not intensity-band floor. Israel/Palestine source unit and pre-2012 Sudan are excluded from unmatched WDI population rates.
UKR,2025-01-01,2025-12-31,conflict_total_deaths,90345.0,deaths,,,annual,ucdp,26.1,https://ucdp.uu.se/downloads/organizedviolencecy/organizedviolencecy-261-csv.zip,,2026-09-07T11:32:05.412663+00:00,False,"{""geographic_scope"": ""UCDP source-country territory"", ""population_denominator_compatible"": true, ""source_country_id"": 369, ""source_country_name"": ""Ukraine""}",UCDP territory-coded best estimate; not intensity-band floor. Israel/Palestine source unit and pre-2012 Sudan are excluded from unmatched WDI population rates.
YEM,2000-01-01,2000-12-31,conflict_battle_deaths,0.0,deaths,,,annual,ucdp,26.1,https://ucdp.uu.se/downloads/organizedviolencecy/organizedviolencecy-261-csv.zip,,2026-09-07T11:32:05.412663+00:00,False,"{""geographic_scope"": ""UCDP source-country territory"", ""population_denominator_compatible"": true, ""source_country_id"": 678, ""source_country_name"": ""Yemen (North Yemen)""}",UCDP territory-coded best estimate; not intensity-band floor. Israel/Palestine source unit and pre-2012 Sudan are excluded from unmatched WDI population rates.
YEM,2000-01-01,2000-12-31,conflict_civilian_targeting_deaths,0.0,deaths,,,annual,ucdp,26.1,https://ucdp.uu.se/downloads/organizedviolencecy/organizedviolencecy-261-csv.zip,,2026-09-07T11:32:05.412663+00:00,False,"{""geographic_scope"": ""UCDP source-country territory"", ""population_denominator_compatible"": true, ""source_country_id"": 678, ""source_country_name"": ""Yemen (North Yemen)""}",UCDP territory-coded best estimate; not intensity-band floor. Israel/Palestine source unit and pre-2012 Sudan are excluded from unmatched WDI population rates.
YEM,2000-01-01,2000-12-31,conflict_nonstate_deaths,0.0,deaths,,,annual,ucdp,26.1,https://ucdp.uu.se/downloads/organizedviolencecy/organizedviolencecy-261-csv.zip,,2026-09-07T11:32:05.412663+00:00,False,"{""geographic_scope"": ""UCDP source-country territory"", ""population_denominator_compatible"": true, ""source_country_id"": 678, ""source_country_name"": ""Yemen (North Yemen)""}",UCDP territory-coded best estimate; not intensity-band floor. Israel/Palestine source unit and pre-2012 Sudan are excluded from unmatched WDI population rates.
YEM,2000-01-01,2000-12-31,conflict_total_deaths,0.0,deaths,,,annual,ucdp,26.1,https://ucdp.uu.se/downloads/organizedviolencecy/organizedviolencecy-261-csv.zip,,2026-09-07T11:32:05.412663+00:00,False,"{""geographic_scope"": ""UCDP source-country territory"", ""population_denominator_compatible"": true, ""source_country_id"": 678, ""source_country_name"": ""Yemen (North Yemen)""}",UCDP territory-coded best estimate; not intensity-band floor. Israel/Palestine source unit and pre-2012 Sudan are excluded from unmatched WDI population rates.
YEM,2001-01-01,2001-12-31,conflict_battle_deaths,0.0,deaths,,,annual,ucdp,26.1,https://ucdp.uu.se/downloads/organizedviolencecy/organizedviolencecy-261-csv.zip,,2026-09-07T11:32:05.412663+00:00,False,"{""geographic_scope"": ""UCDP source-country territory"", ""population_denominator_compatible"": true, ""source_country_id"": 678, ""source_country_name"": ""Yemen (North Yemen)""}",UCDP territory-coded best estimate; not intensity-band floor. Israel/Palestine source unit and pre-2012 Sudan are excluded from unmatched WDI population rates.
YEM,2001-01-01,2001-12-31,conflict_civilian_targeting_deaths,0.0,deaths,,,annual,ucdp,26.1,https://ucdp.uu.se/downloads/organizedviolencecy/organizedviolencecy-261-csv.zip,,2026-09-07T11:32:05.412663+00:00,False,"{""geographic_scope"": ""UCDP source-country territory"", ""population_denominator_compatible"": true, ""source_country_id"": 678, ""source_country_name"": ""Yemen (North Yemen)""}",UCDP territory-coded best estimate; not intensity-band floor. Israel/Palestine source unit and pre-2012 Sudan are excluded from unmatched WDI population rates.
YEM,2001-01-01,2001-12-31,conflict_nonstate_deaths,0.0,deaths,,,annual,ucdp,26.1,https://ucdp.uu.se/downloads/organizedviolencecy/organizedviolencecy-261-csv.zip,,2026-09-07T11:32:05.412663+00:00,False,"{""geographic_scope"": ""UCDP source-country territory"", ""population_denominator_compatible"": true, ""source_country_id"": 678, ""source_country_name"": ""Yemen (North Yemen)""}",UCDP territory-coded best estimate; not intensity-band floor. Israel/Palestine source unit and pre-2012 Sudan are excluded from unmatched WDI population rates.
YEM,2001-01-01,2001-12-31,conflict_total_deaths,0.0,deaths,,,annual,ucdp,26.1,https://ucdp.uu.se/downloads/organizedviolencecy/organizedviolencecy-261-csv.zip,,2026-09-07T11:32:05.412663+00:00,False,"{""geographic_scope"": ""UCDP source-country territory"", ""population_denominator_compatible"": true, ""source_country_id"": 678, ""source_country_name"": ""Yemen (North Yemen)""}",UCDP territory-coded best estimate; not intensity-band floor. Israel/Palestine source unit and pre-2012 Sudan are excluded from unmatched WDI population rates.
YEM,2002-01-01,2002-12-31,conflict_battle_deaths,2.0,deaths,,,annual,ucdp,26.1,https://ucdp.uu.se/downloads/organizedviolencecy/organizedviolencecy-261-csv.zip,,2026-09-07T11:32:05.412663+00:00,False,"{""geographic_scope"": ""UCDP source-country territory"", ""population_denominator_compatible"": true, ""source_country_id"": 678, ""source_country_name"": ""Yemen (North Yemen)""}",UCDP territory-coded best estimate; not intensity-band floor. Israel/Palestine source unit and pre-2012 Sudan are excluded from unmatched WDI population rates.
YEM,2002-01-01,2002-12-31,conflict_civilian_targeting_deaths,0.0,deaths,,,annual,ucdp,26.1,https://ucdp.uu.se/downloads/organizedviolencecy/organizedviolencecy-261-csv.zip,,2026-09-07T11:32:05.412663+00:00,False,"{""geographic_scope"": ""UCDP source-country territory"", ""population_denominator_compatible"": true, ""source_country_id"": 678, ""source_country_name"": ""Yemen (North Yemen)""}",UCDP territory-coded best estimate; not intensity-band floor. Israel/Palestine source unit and pre-2012 Sudan are excluded from unmatched WDI population rates.
YEM,2002-01-01,2002-12-31,conflict_nonstate_deaths,0.0,deaths,,,annual,ucdp,26.1,https://ucdp.uu.se/downloads/organizedviolencecy/organizedviolencecy-261-csv.zip,,2026-09-07T11:32:05.412663+00:00,False,"{""geographic_scope"": ""UCDP source-country territory"", ""population_denominator_compatible"": true, ""source_country_id"": 678, ""source_country_name"": ""Yemen (North Yemen)""}",UCDP territory-coded best estimate; not intensity-band floor. Israel/Palestine source unit and pre-2012 Sudan are excluded from unmatched WDI population rates.
YEM,2002-01-01,2002-12-31,conflict_total_deaths,2.0,deaths,,,annual,ucdp,26.1,https://ucdp.uu.se/downloads/organizedviolencecy/organizedviolencecy-261-csv.zip,,2026-09-07T11:32:05.412663+00:00,False,"{""geographic_scope"": ""UCDP source-country territory"", ""population_denominator_compatible"": true, ""source_country_id"": 678, ""source_country_name"": ""Yemen (North Yemen)""}",UCDP territory-coded best estimate; not intensity-band floor. Israel/Palestine source unit and pre-2012 Sudan are excluded from unmatched WDI population rates.
YEM,2003-01-01,2003-12-31,conflict_battle_deaths,0.0,deaths,,,annual,ucdp,26.1,https://ucdp.uu.se/downloads/organizedviolencecy/organizedviolencecy-261-csv.zip,,2026-09-07T11:32:05.412663+00:00,False,"{""geographic_scope"": ""UCDP source-country territory"", ""population_denominator_compatible"": true, ""source_country_id"": 678, ""source_country_name"": ""Yemen (North Yemen)""}",UCDP territory-coded best estimate; not intensity-band floor. Israel/Palestine source unit and pre-2012 Sudan are excluded from unmatched WDI population rates.
YEM,2003-01-01,2003-12-31,conflict_civilian_targeting_deaths,0.0,deaths,,,annual,ucdp,26.1,https://ucdp.uu.se/downloads/organizedviolencecy/organizedviolencecy-261-csv.zip,,2026-09-07T11:32:05.412663+00:00,False,"{""geographic_scope"": ""UCDP source-country territory"", ""population_denominator_compatible"": true, ""source_country_id"": 678, ""source_country_name"": ""Yemen (North Yemen)""}",UCDP territory-coded best estimate; not intensity-band floor. Israel/Palestine source unit and pre-2012 Sudan are excluded from unmatched WDI population rates.
YEM,2003-01-01,2003-12-31,conflict_nonstate_deaths,6.0,deaths,,,annual,ucdp,26.1,https://ucdp.uu.se/downloads/organizedviolencecy/organizedviolencecy-261-csv.zip,,2026-09-07T11:32:05.412663+00:00,False,"{""geographic_scope"": ""UCDP source-country territory"", ""population_denominator_compatible"": true, ""source_country_id"": 678, ""source_country_name"": ""Yemen (North Yemen)""}",UCDP territory-coded best estimate; not intensity-band floor. Israel/Palestine source unit and pre-2012 Sudan are excluded from unmatched WDI population rates.
YEM,2003-01-01,2003-12-31,conflict_total_deaths,6.0,deaths,,,annual,ucdp,26.1,https://ucdp.uu.se/downloads/organizedviolencecy/organizedviolencecy-261-csv.zip,,2026-09-07T11:32:05.412663+00:00,False,"{""geographic_scope"": ""UCDP source-country territory"", ""population_denominator_compatible"": true, ""source_country_id"": 678, ""source_country_name"": ""Yemen (North Yemen)""}",UCDP territory-coded best estimate; not intensity-band floor. Israel/Palestine source unit and pre-2012 Sudan are excluded from unmatched WDI population rates.
YEM,2004-01-01,2004-12-31,conflict_battle_deaths,0.0,deaths,,,annual,ucdp,26.1,https://ucdp.uu.se/downloads/organizedviolencecy/organizedviolencecy-261-csv.zip,,2026-09-07T11:32:05.412663+00:00,False,"{""geographic_scope"": ""UCDP source-country territory"", ""population_denominator_compatible"": true, ""source_country_id"": 678, ""source_country_name"": ""Yemen (North Yemen)""}",UCDP territory-coded best estimate; not intensity-band floor. Israel/Palestine source unit and pre-2012 Sudan are excluded from unmatched WDI population rates.
YEM,2004-01-01,2004-12-31,conflict_civilian_targeting_deaths,0.0,deaths,,,annual,ucdp,26.1,https://ucdp.uu.se/downloads/organizedviolencecy/organizedviolencecy-261-csv.zip,,2026-09-07T11:32:05.412663+00:00,False,"{""geographic_scope"": ""UCDP source-country territory"", ""population_denominator_compatible"": true, ""source_country_id"": 678, ""source_country_name"": ""Yemen (North Yemen)""}",UCDP territory-coded best estimate; not intensity-band floor. Israel/Palestine source unit and pre-2012 Sudan are excluded from unmatched WDI population rates.
YEM,2004-01-01,2004-12-31,conflict_nonstate_deaths,29.0,deaths,,,annual,ucdp,26.1,https://ucdp.uu.se/downloads/organizedviolencecy/organizedviolencecy-261-csv.zip,,2026-09-07T11:32:05.412663+00:00,False,"{""geographic_scope"": ""UCDP source-country territory"", ""population_denominator_compatible"": true, ""source_country_id"": 678, ""source_country_name"": ""Yemen (North Yemen)""}",UCDP territory-coded best estimate; not intensity-band floor. Israel/Palestine source unit and pre-2012 Sudan are excluded from unmatched WDI population rates.
YEM,2004-01-01,2004-12-31,conflict_total_deaths,29.0,deaths,,,annual,ucdp,26.1,https://ucdp.uu.se/downloads/organizedviolencecy/organizedviolencecy-261-csv.zip,,2026-09-07T11:32:05.412663+00:00,False,"{""geographic_scope"": ""UCDP source-country territory"", ""population_denominator_compatible"": true, ""source_country_id"": 678, ""source_country_name"": ""Yemen (North Yemen)""}",UCDP territory-coded best estimate; not intensity-band floor. Israel/Palestine source unit and pre-2012 Sudan are excluded from unmatched WDI population rates.
YEM,2005-01-01,2005-12-31,conflict_battle_deaths,0.0,deaths,,,annual,ucdp,26.1,https://ucdp.uu.se/downloads/organizedviolencecy/organizedviolencecy-261-csv.zip,,2026-09-07T11:32:05.412663+00:00,False,"{""geographic_scope"": ""UCDP source-country territory"", ""population_denominator_compatible"": true, ""source_country_id"": 678, ""source_country_name"": ""Yemen (North Yemen)""}",UCDP territory-coded best estimate; not intensity-band floor. Israel/Palestine source unit and pre-2012 Sudan are excluded from unmatched WDI population rates.
YEM,2005-01-01,2005-12-31,conflict_civilian_targeting_deaths,0.0,deaths,,,annual,ucdp,26.1,https://ucdp.uu.se/downloads/organizedviolencecy/organizedviolencecy-261-csv.zip,,2026-09-07T11:32:05.412663+00:00,False,"{""geographic_scope"": ""UCDP source-country territory"", ""population_denominator_compatible"": true, ""source_country_id"": 678, ""source_country_name"": ""Yemen (North Yemen)""}",UCDP territory-coded best estimate; not intensity-band floor. Israel/Palestine source unit and pre-2012 Sudan are excluded from unmatched WDI population rates.
YEM,2005-01-01,2005-12-31,conflict_nonstate_deaths,0.0,deaths,,,annual,ucdp,26.1,https://ucdp.uu.se/downloads/organizedviolencecy/organizedviolencecy-261-csv.zip,,2026-09-07T11:32:05.412663+00:00,False,"{""geographic_scope"": ""UCDP source-country territory"", ""population_denominator_compatible"": true, ""source_country_id"": 678, ""source_country_name"": ""Yemen (North Yemen)""}",UCDP territory-coded best estimate; not intensity-band floor. Israel/Palestine source unit and pre-2012 Sudan are excluded from unmatched WDI population rates.
YEM,2005-01-01,2005-12-31,conflict_total_deaths,0.0,deaths,,,annual,ucdp,26.1,https://ucdp.uu.se/downloads/organizedviolencecy/organizedviolencecy-261-csv.zip,,2026-09-07T11:32:05.412663+00:00,False,"{""geographic_scope"": ""UCDP source-country territory"", ""population_denominator_compatible"": true, ""source_country_id"": 678, ""source_country_name"": ""Yemen (North Yemen)""}",UCDP territory-coded best estimate; not intensity-band floor. Israel/Palestine source unit and pre-2012 Sudan are excluded from unmatched WDI population rates.
YEM,2006-01-01,2006-12-31,conflict_battle_deaths,0.0,deaths,,,annual,ucdp,26.1,https://ucdp.uu.se/downloads/organizedviolencecy/organizedviolencecy-261-csv.zip,,2026-09-07T11:32:05.412663+00:00,False,"{""geographic_scope"": ""UCDP source-country territory"", ""population_denominator_compatible"": true, ""source_country_id"": 678, ""source_country_name"": ""Yemen (North Yemen)""}",UCDP territory-coded best estimate; not intensity-band floor. Israel/Palestine source unit and pre-2012 Sudan are excluded from unmatched WDI population rates.
YEM,2006-01-01,2006-12-31,conflict_civilian_targeting_deaths,0.0,deaths,,,annual,ucdp,26.1,https://ucdp.uu.se/downloads/organizedviolencecy/organizedviolencecy-261-csv.zip,,2026-09-07T11:32:05.412663+00:00,False,"{""geographic_scope"": ""UCDP source-country territory"", ""population_denominator_compatible"": true, ""source_country_id"": 678, ""source_country_name"": ""Yemen (North Yemen)""}",UCDP territory-coded best estimate; not intensity-band floor. Israel/Palestine source unit and pre-2012 Sudan are excluded from unmatched WDI population rates.
YEM,2006-01-01,2006-12-31,conflict_nonstate_deaths,0.0,deaths,,,annual,ucdp,26.1,https://ucdp.uu.se/downloads/organizedviolencecy/organizedviolencecy-261-csv.zip,,2026-09-07T11:32:05.412663+00:00,False,"{""geographic_scope"": ""UCDP source-country territory"", ""population_denominator_compatible"": true, ""source_country_id"": 678, ""source_country_name"": ""Yemen (North Yemen)""}",UCDP territory-coded best estimate; not intensity-band floor. Israel/Palestine source unit and pre-2012 Sudan are excluded from unmatched WDI population rates.
YEM,2006-01-01,2006-12-31,conflict_total_deaths,0.0,deaths,,,annual,ucdp,26.1,https://ucdp.uu.se/downloads/organizedviolencecy/organizedviolencecy-261-csv.zip,,2026-09-07T11:32:05.412663+00:00,False,"{""geographic_scope"": ""UCDP source-country territory"", ""population_denominator_compatible"": true, ""source_country_id"": 678, ""source_country_name"": ""Yemen (North Yemen)""}",UCDP territory-coded best estimate; not intensity-band floor. Israel/Palestine source unit and pre-2012 Sudan are excluded from unmatched WDI population rates.
YEM,2007-01-01,2007-12-31,conflict_battle_deaths,0.0,deaths,,,annual,ucdp,26.1,https://ucdp.uu.se/downloads/organizedviolencecy/organizedviolencecy-261-csv.zip,,2026-09-07T11:32:05.412663+00:00,False,"{""geographic_scope"": ""UCDP source-country territory"", ""population_denominator_compatible"": true, ""source_country_id"": 678, ""source_country_name"": ""Yemen (North Yemen)""}",UCDP territory-coded best estimate; not intensity-band floor. Israel/Palestine source unit and pre-2012 Sudan are excluded from unmatched WDI population rates.
YEM,2007-01-01,2007-12-31,conflict_civilian_targeting_deaths,6.0,deaths,,,annual,ucdp,26.1,https://ucdp.uu.se/downloads/organizedviolencecy/organizedviolencecy-261-csv.zip,,2026-09-07T11:32:05.412663+00:00,False,"{""geographic_scope"": ""UCDP source-country territory"", ""population_denominator_compatible"": true, ""source_country_id"": 678, ""source_country_name"": ""Yemen (North Yemen)""}",UCDP territory-coded best estimate; not intensity-band floor. Israel/Palestine source unit and pre-2012 Sudan are excluded from unmatched WDI population rates.
YEM,2007-01-01,2007-12-31,conflict_nonstate_deaths,0.0,deaths,,,annual,ucdp,26.1,https://ucdp.uu.se/downloads/organizedviolencecy/organizedviolencecy-261-csv.zip,,2026-09-07T11:32:05.412663+00:00,False,"{""geographic_scope"": ""UCDP source-country territory"", ""population_denominator_compatible"": true, ""source_country_id"": 678, ""source_country_name"": ""Yemen (North Yemen)""}",UCDP territory-coded best estimate; not intensity-band floor. Israel/Palestine source unit and pre-2012 Sudan are excluded from unmatched WDI population rates.
YEM,2007-01-01,2007-12-31,conflict_total_deaths,6.0,deaths,,,annual,ucdp,26.1,https://ucdp.uu.se/downloads/organizedviolencecy/organizedviolencecy-261-csv.zip,,2026-09-07T11:32:05.412663+00:00,False,"{""geographic_scope"": ""UCDP source-country territory"", ""population_denominator_compatible"": true, ""source_country_id"": 678, ""source_country_name"": ""Yemen (North Yemen)""}",UCDP territory-coded best estimate; not intensity-band floor. Israel/Palestine source unit and pre-2012 Sudan are excluded from unmatched WDI population rates.
YEM,2008-01-01,2008-12-31,conflict_battle_deaths,54.0,deaths,,,annual,ucdp,26.1,https://ucdp.uu.se/downloads/organizedviolencecy/organizedviolencecy-261-csv.zip,,2026-09-07T11:32:05.412663+00:00,False,"{""geographic_scope"": ""UCDP source-country territory"", ""population_denominator_compatible"": true, ""source_country_id"": 678, ""source_country_name"": ""Yemen (North Yemen)""}",UCDP territory-coded best estimate; not intensity-band floor. Israel/Palestine source unit and pre-2012 Sudan are excluded from unmatched WDI population rates.
YEM,2008-01-01,2008-12-31,conflict_civilian_targeting_deaths,8.0,deaths,,,annual,ucdp,26.1,https://ucdp.uu.se/downloads/organizedviolencecy/organizedviolencecy-261-csv.zip,,2026-09-07T11:32:05.412663+00:00,False,"{""geographic_scope"": ""UCDP source-country territory"", ""population_denominator_compatible"": true, ""source_country_id"": 678, ""source_country_name"": ""Yemen (North Yemen)""}",UCDP territory-coded best estimate; not intensity-band floor. Israel/Palestine source unit and pre-2012 Sudan are excluded from unmatched WDI population rates.
YEM,2008-01-01,2008-12-31,conflict_nonstate_deaths,62.0,deaths,,,annual,ucdp,26.1,https://ucdp.uu.se/downloads/organizedviolencecy/organizedviolencecy-261-csv.zip,,2026-09-07T11:32:05.412663+00:00,False,"{""geographic_scope"": ""UCDP source-country territory"", ""population_denominator_compatible"": true, ""source_country_id"": 678, ""source_country_name"": ""Yemen (North Yemen)""}",UCDP territory-coded best estimate; not intensity-band floor. Israel/Palestine source unit and pre-2012 Sudan are excluded from unmatched WDI population rates.
YEM,2008-01-01,2008-12-31,conflict_total_deaths,124.0,deaths,,,annual,ucdp,26.1,https://ucdp.uu.se/downloads/organizedviolencecy/organizedviolencecy-261-csv.zip,,2026-09-07T11:32:05.412663+00:00,False,"{""geographic_scope"": ""UCDP source-country territory"", ""population_denominator_compatible"": true, ""source_country_id"": 678, ""source_country_name"": ""Yemen (North Yemen)""}",UCDP territory-coded best estimate; not intensity-band floor. Israel/Palestine source unit and pre-2012 Sudan are excluded from unmatched WDI population rates.
YEM,2009-01-01,2009-12-31,conflict_battle_deaths,1413.0,deaths,,,annual,ucdp,26.1,https://ucdp.uu.se/downloads/organizedviolencecy/organizedviolencecy-261-csv.zip,,2026-09-07T11:32:05.412663+00:00,False,"{""geographic_scope"": ""UCDP source-country territory"", ""population_denominator_compatible"": true, ""source_country_id"": 678, ""source_country_name"": ""Yemen (North Yemen)""}",UCDP territory-coded best estimate; not intensity-band floor. Israel/Palestine source unit and pre-2012 Sudan are excluded from unmatched WDI population rates.
YEM,2009-01-01,2009-12-31,conflict_civilian_targeting_deaths,0.0,deaths,,,annual,ucdp,26.1,https://ucdp.uu.se/downloads/organizedviolencecy/organizedviolencecy-261-csv.zip,,2026-09-07T11:32:05.412663+00:00,False,"{""geographic_scope"": ""UCDP source-country territory"", ""population_denominator_compatible"": true, ""source_country_id"": 678, ""source_country_name"": ""Yemen (North Yemen)""}",UCDP territory-coded best estimate; not intensity-band floor. Israel/Palestine source unit and pre-2012 Sudan are excluded from unmatched WDI population rates.
YEM,2009-01-01,2009-12-31,conflict_nonstate_deaths,33.0,deaths,,,annual,ucdp,26.1,https://ucdp.uu.se/downloads/organizedviolencecy/organizedviolencecy-261-csv.zip,,2026-09-07T11:32:05.412663+00:00,False,"{""geographic_scope"": ""UCDP source-country territory"", ""population_denominator_compatible"": true, ""source_country_id"": 678, ""source_country_name"": ""Yemen (North Yemen)""}",UCDP territory-coded best estimate; not intensity-band floor. Israel/Palestine source unit and pre-2012 Sudan are excluded from unmatched WDI population rates.
YEM,2009-01-01,2009-12-31,conflict_total_deaths,1446.0,deaths,,,annual,ucdp,26.1,https://ucdp.uu.se/downloads/organizedviolencecy/organizedviolencecy-261-csv.zip,,2026-09-07T11:32:05.412663+00:00,False,"{""geographic_scope"": ""UCDP source-country territory"", ""population_denominator_compatible"": true, ""source_country_id"": 678, ""source_country_name"": ""Yemen (North Yemen)""}",UCDP territory-coded best estimate; not intensity-band floor. Israel/Palestine source unit and pre-2012 Sudan are excluded from unmatched WDI population rates.
YEM,2010-01-01,2010-12-31,conflict_battle_deaths,716.0,deaths,,,annual,ucdp,26.1,https://ucdp.uu.se/downloads/organizedviolencecy/organizedviolencecy-261-csv.zip,,2026-09-07T11:32:05.412663+00:00,False,"{""geographic_scope"": ""UCDP source-country territory"", ""population_denominator_compatible"": true, ""source_country_id"": 678, ""source_country_name"": ""Yemen (North Yemen)""}",UCDP territory-coded best estimate; not intensity-band floor. Israel/Palestine source unit and pre-2012 Sudan are excluded from unmatched WDI population rates.
YEM,2010-01-01,2010-12-31,conflict_civilian_targeting_deaths,0.0,deaths,,,annual,ucdp,26.1,https://ucdp.uu.se/downloads/organizedviolencecy/organizedviolencecy-261-csv.zip,,2026-09-07T11:32:05.412663+00:00,False,"{""geographic_scope"": ""UCDP source-country territory"", ""population_denominator_compatible"": true, ""source_country_id"": 678, ""source_country_name"": ""Yemen (North Yemen)""}",UCDP territory-coded best estimate; not intensity-band floor. Israel/Palestine source unit and pre-2012 Sudan are excluded from unmatched WDI population rates.
YEM,2010-01-01,2010-12-31,conflict_nonstate_deaths,43.0,deaths,,,annual,ucdp,26.1,https://ucdp.uu.se/downloads/organizedviolencecy/organizedviolencecy-261-csv.zip,,2026-09-07T11:32:05.412663+00:00,False,"{""geographic_scope"": ""UCDP source-country territory"", ""population_denominator_compatible"": true, ""source_country_id"": 678, ""source_country_name"": ""Yemen (North Yemen)""}",UCDP territory-coded best estimate; not intensity-band floor. Israel/Palestine source unit and pre-2012 Sudan are excluded from unmatched WDI population rates.
YEM,2010-01-01,2010-12-31,conflict_total_deaths,759.0,deaths,,,annual,ucdp,26.1,https://ucdp.uu.se/downloads/organizedviolencecy/organizedviolencecy-261-csv.zip,,2026-09-07T11:32:05.412663+00:00,False,"{""geographic_scope"": ""UCDP source-country territory"", ""population_denominator_compatible"": true, ""source_country_id"": 678, ""source_country_name"": ""Yemen (North Yemen)""}",UCDP territory-coded best estimate; not intensity-band floor. Israel/Palestine source unit and pre-2012 Sudan are excluded from unmatched WDI population rates.
YEM,2011-01-01,2011-12-31,conflict_battle_deaths,1699.0,deaths,,,annual,ucdp,26.1,https://ucdp.uu.se/downloads/organizedviolencecy/organizedviolencecy-261-csv.zip,,2026-09-07T11:32:05.412663+00:00,False,"{""geographic_scope"": ""UCDP source-country territory"", ""population_denominator_compatible"": true, ""source_country_id"": 678, ""source_country_name"": ""Yemen (North Yemen)""}",UCDP territory-coded best estimate; not intensity-band floor. Israel/Palestine source unit and pre-2012 Sudan are excluded from unmatched WDI population rates.
YEM,2011-01-01,2011-12-31,conflict_civilian_targeting_deaths,297.0,deaths,,,annual,ucdp,26.1,https://ucdp.uu.se/downloads/organizedviolencecy/organizedviolencecy-261-csv.zip,,2026-09-07T11:32:05.412663+00:00,False,"{""geographic_scope"": ""UCDP source-country territory"", ""population_denominator_compatible"": true, ""source_country_id"": 678, ""source_country_name"": ""Yemen (North Yemen)""}",UCDP territory-coded best estimate; not intensity-band floor. Israel/Palestine source unit and pre-2012 Sudan are excluded from unmatched WDI population rates.
YEM,2011-01-01,2011-12-31,conflict_nonstate_deaths,619.0,deaths,,,annual,ucdp,26.1,https://ucdp.uu.se/downloads/organizedviolencecy/organizedviolencecy-261-csv.zip,,2026-09-07T11:32:05.412663+00:00,False,"{""geographic_scope"": ""UCDP source-country territory"", ""population_denominator_compatible"": true, ""source_country_id"": 678, ""source_country_name"": ""Yemen (North Yemen)""}",UCDP territory-coded best estimate; not intensity-band floor. Israel/Palestine source unit and pre-2012 Sudan are excluded from unmatched WDI population rates.
YEM,2011-01-01,2011-12-31,conflict_total_deaths,2615.0,deaths,,,annual,ucdp,26.1,https://ucdp.uu.se/downloads/organizedviolencecy/organizedviolencecy-261-csv.zip,,2026-09-07T11:32:05.412663+00:00,False,"{""geographic_scope"": ""UCDP source-country territory"", ""population_denominator_compatible"": true, ""source_country_id"": 678, ""source_country_name"": ""Yemen (North Yemen)""}",UCDP territory-coded best estimate; not intensity-band floor. Israel/Palestine source unit and pre-2012 Sudan are excluded from unmatched WDI population rates.
YEM,2012-01-01,2012-12-31,conflict_battle_deaths,2462.0,deaths,,,annual,ucdp,26.1,https://ucdp.uu.se/downloads/organizedviolencecy/organizedviolencecy-261-csv.zip,,2026-09-07T11:32:05.412663+00:00,False,"{""geographic_scope"": ""UCDP source-country territory"", ""population_denominator_compatible"": true, ""source_country_id"": 678, ""source_country_name"": ""Yemen (North Yemen)""}",UCDP territory-coded best estimate; not intensity-band floor. Israel/Palestine source unit and pre-2012 Sudan are excluded from unmatched WDI population rates.
YEM,2012-01-01,2012-12-31,conflict_civilian_targeting_deaths,2.0,deaths,,,annual,ucdp,26.1,https://ucdp.uu.se/downloads/organizedviolencecy/organizedviolencecy-261-csv.zip,,2026-09-07T11:32:05.412663+00:00,False,"{""geographic_scope"": ""UCDP source-country territory"", ""population_denominator_compatible"": true, ""source_country_id"": 678, ""source_country_name"": ""Yemen (North Yemen)""}",UCDP territory-coded best estimate; not intensity-band floor. Israel/Palestine source unit and pre-2012 Sudan are excluded from unmatched WDI population rates.
YEM,2012-01-01,2012-12-31,conflict_nonstate_deaths,533.0,deaths,,,annual,ucdp,26.1,https://ucdp.uu.se/downloads/organizedviolencecy/organizedviolencecy-261-csv.zip,,2026-09-07T11:32:05.412663+00:00,False,"{""geographic_scope"": ""UCDP source-country territory"", ""population_denominator_compatible"": true, ""source_country_id"": 678, ""source_country_name"": ""Yemen (North Yemen)""}",UCDP territory-coded best estimate; not intensity-band floor. Israel/Palestine source unit and pre-2012 Sudan are excluded from unmatched WDI population rates.
YEM,2012-01-01,2012-12-31,conflict_total_deaths,2997.0,deaths,,,annual,ucdp,26.1,https://ucdp.uu.se/downloads/organizedviolencecy/organizedviolencecy-261-csv.zip,,2026-09-07T11:32:05.412663+00:00,False,"{""geographic_scope"": ""UCDP source-country territory"", ""population_denominator_compatible"": true, ""source_country_id"": 678, ""source_country_name"": ""Yemen (North Yemen)""}",UCDP territory-coded best estimate; not intensity-band floor. Israel/Palestine source unit and pre-2012 Sudan are excluded from unmatched WDI population rates.
YEM,2013-01-01,2013-12-31,conflict_battle_deaths,599.0,deaths,,,annual,ucdp,26.1,https://ucdp.uu.se/downloads/organizedviolencecy/organizedviolencecy-261-csv.zip,,2026-09-07T11:32:05.412663+00:00,False,"{""geographic_scope"": ""UCDP source-country territory"", ""population_denominator_compatible"": true, ""source_country_id"": 678, ""source_country_name"": ""Yemen (North Yemen)""}",UCDP territory-coded best estimate; not intensity-band floor. Israel/Palestine source unit and pre-2012 Sudan are excluded from unmatched WDI population rates.
YEM,2013-01-01,2013-12-31,conflict_civilian_targeting_deaths,0.0,deaths,,,annual,ucdp,26.1,https://ucdp.uu.se/downloads/organizedviolencecy/organizedviolencecy-261-csv.zip,,2026-09-07T11:32:05.412663+00:00,False,"{""geographic_scope"": ""UCDP source-country territory"", ""population_denominator_compatible"": true, ""source_country_id"": 678, ""source_country_name"": ""Yemen (North Yemen)""}",UCDP territory-coded best estimate; not intensity-band floor. Israel/Palestine source unit and pre-2012 Sudan are excluded from unmatched WDI population rates.
YEM,2013-01-01,2013-12-31,conflict_nonstate_deaths,275.0,deaths,,,annual,ucdp,26.1,https://ucdp.uu.se/downloads/organizedviolencecy/organizedviolencecy-261-csv.zip,,2026-09-07T11:32:05.412663+00:00,False,"{""geographic_scope"": ""UCDP source-country territory"", ""population_denominator_compatible"": true, ""source_country_id"": 678, ""source_country_name"": ""Yemen (North Yemen)""}",UCDP territory-coded best estimate; not intensity-band floor. Israel/Palestine source unit and pre-2012 Sudan are excluded from unmatched WDI population rates.
YEM,2013-01-01,2013-12-31,conflict_total_deaths,874.0,deaths,,,annual,ucdp,26.1,https://ucdp.uu.se/downloads/organizedviolencecy/organizedviolencecy-261-csv.zip,,2026-09-07T11:32:05.412663+00:00,False,"{""geographic_scope"": ""UCDP source-country territory"", ""population_denominator_compatible"": true, ""source_country_id"": 678, ""source_country_name"": ""Yemen (North Yemen)""}",UCDP territory-coded best estimate; not intensity-band floor. Israel/Palestine source unit and pre-2012 Sudan are excluded from unmatched WDI population rates.
YEM,2014-01-01,2014-12-31,conflict_battle_deaths,1855.0,deaths,,,annual,ucdp,26.1,https://ucdp.uu.se/downloads/organizedviolencecy/organizedviolencecy-261-csv.zip,,2026-09-07T11:32:05.412663+00:00,False,"{""geographic_scope"": ""UCDP source-country territory"", ""population_denominator_compatible"": true, ""source_country_id"": 678, ""source_country_name"": ""Yemen (North Yemen)""}",UCDP territory-coded best estimate; not intensity-band floor. Israel/Palestine source unit and pre-2012 Sudan are excluded from unmatched WDI population rates.
YEM,2014-01-01,2014-12-31,conflict_civilian_targeting_deaths,0.0,deaths,,,annual,ucdp,26.1,https://ucdp.uu.se/downloads/organizedviolencecy/organizedviolencecy-261-csv.zip,,2026-09-07T11:32:05.412663+00:00,False,"{""geographic_scope"": ""UCDP source-country territory"", ""population_denominator_compatible"": true, ""source_country_id"": 678, ""source_country_name"": ""Yemen (North Yemen)""}",UCDP territory-coded best estimate; not intensity-band floor. Israel/Palestine source unit and pre-2012 Sudan are excluded from unmatched WDI population rates.
YEM,2014-01-01,2014-12-31,conflict_nonstate_deaths,549.0,deaths,,,annual,ucdp,26.1,https://ucdp.uu.se/downloads/organizedviolencecy/organizedviolencecy-261-csv.zip,,2026-09-07T11:32:05.412663+00:00,False,"{""geographic_scope"": ""UCDP source-country territory"", ""population_denominator_compatible"": true, ""source_country_id"": 678, ""source_country_name"": ""Yemen (North Yemen)""}",UCDP territory-coded best estimate; not intensity-band floor. Israel/Palestine source unit and pre-2012 Sudan are excluded from unmatched WDI population rates.
YEM,2014-01-01,2014-12-31,conflict_total_deaths,2404.0,deaths,,,annual,ucdp,26.1,https://ucdp.uu.se/downloads/organizedviolencecy/organizedviolencecy-261-csv.zip,,2026-09-07T11:32:05.412663+00:00,False,"{""geographic_scope"": ""UCDP source-country territory"", ""population_denominator_compatible"": true, ""source_country_id"": 678, ""source_country_name"": ""Yemen (North Yemen)""}",UCDP territory-coded best estimate; not intensity-band floor. Israel/Palestine source unit and pre-2012 Sudan are excluded from unmatched WDI population rates.
YEM,2015-01-01,2015-12-31,conflict_battle_deaths,7761.0,deaths,,,annual,ucdp,26.1,https://ucdp.uu.se/downloads/organizedviolencecy/organizedviolencecy-261-csv.zip,,2026-09-07T11:32:05.412663+00:00,False,"{""geographic_scope"": ""UCDP source-country territory"", ""population_denominator_compatible"": true, ""source_country_id"": 678, ""source_country_name"": ""Yemen (North Yemen)""}",UCDP territory-coded best estimate; not intensity-band floor. Israel/Palestine source unit and pre-2012 Sudan are excluded from unmatched WDI population rates.
YEM,2015-01-01,2015-12-31,conflict_civilian_targeting_deaths,19.0,deaths,,,annual,ucdp,26.1,https://ucdp.uu.se/downloads/organizedviolencecy/organizedviolencecy-261-csv.zip,,2026-09-07T11:32:05.412663+00:00,False,"{""geographic_scope"": ""UCDP source-country territory"", ""population_denominator_compatible"": true, ""source_country_id"": 678, ""source_country_name"": ""Yemen (North Yemen)""}",UCDP territory-coded best estimate; not intensity-band floor. Israel/Palestine source unit and pre-2012 Sudan are excluded from unmatched WDI population rates.
YEM,2015-01-01,2015-12-31,conflict_nonstate_deaths,387.0,deaths,,,annual,ucdp,26.1,https://ucdp.uu.se/downloads/organizedviolencecy/organizedviolencecy-261-csv.zip,,2026-09-07T11:32:05.412663+00:00,False,"{""geographic_scope"": ""UCDP source-country territory"", ""population_denominator_compatible"": true, ""source_country_id"": 678, ""source_country_name"": ""Yemen (North Yemen)""}",UCDP territory-coded best estimate; not intensity-band floor. Israel/Palestine source unit and pre-2012 Sudan are excluded from unmatched WDI population rates.
YEM,2015-01-01,2015-12-31,conflict_total_deaths,8167.0,deaths,,,annual,ucdp,26.1,https://ucdp.uu.se/downloads/organizedviolencecy/organizedviolencecy-261-csv.zip,,2026-09-07T11:32:05.412663+00:00,False,"{""geographic_scope"": ""UCDP source-country territory"", ""population_denominator_compatible"": true, ""source_country_id"": 678, ""source_country_name"": ""Yemen (North Yemen)""}",UCDP territory-coded best estimate; not intensity-band floor. Israel/Palestine source unit and pre-2012 Sudan are excluded from unmatched WDI population rates.
YEM,2016-01-01,2016-12-31,conflict_battle_deaths,3161.0,deaths,,,annual,ucdp,26.1,https://ucdp.uu.se/downloads/organizedviolencecy/organizedviolencecy-261-csv.zip,,2026-09-07T11:32:05.412663+00:00,False,"{""geographic_scope"": ""UCDP source-country territory"", ""population_denominator_compatible"": true, ""source_country_id"": 678, ""source_country_name"": ""Yemen (North Yemen)""}",UCDP territory-coded best estimate; not intensity-band floor. Israel/Palestine source unit and pre-2012 Sudan are excluded from unmatched WDI population rates.
YEM,2016-01-01,2016-12-31,conflict_civilian_targeting_deaths,3.0,deaths,,,annual,ucdp,26.1,https://ucdp.uu.se/downloads/organizedviolencecy/organizedviolencecy-261-csv.zip,,2026-09-07T11:32:05.412663+00:00,False,"{""geographic_scope"": ""UCDP source-country territory"", ""population_denominator_compatible"": true, ""source_country_id"": 678, ""source_country_name"": ""Yemen (North Yemen)""}",UCDP territory-coded best estimate; not intensity-band floor. Israel/Palestine source unit and pre-2012 Sudan are excluded from unmatched WDI population rates.
YEM,2016-01-01,2016-12-31,conflict_nonstate_deaths,1008.0,deaths,,,annual,ucdp,26.1,https://ucdp.uu.se/downloads/organizedviolencecy/organizedviolencecy-261-csv.zip,,2026-09-07T11:32:05.412663+00:00,False,"{""geographic_scope"": ""UCDP source-country territory"", ""population_denominator_compatible"": true, ""source_country_id"": 678, ""source_country_name"": ""Yemen (North Yemen)""}",UCDP territory-coded best estimate; not intensity-band floor. Israel/Palestine source unit and pre-2012 Sudan are excluded from unmatched WDI population rates.
YEM,2016-01-01,2016-12-31,conflict_total_deaths,4172.0,deaths,,,annual,ucdp,26.1,https://ucdp.uu.se/downloads/organizedviolencecy/organizedviolencecy-261-csv.zip,,2026-09-07T11:32:05.412663+00:00,False,"{""geographic_scope"": ""UCDP source-country territory"", ""population_denominator_compatible"": true, ""source_country_id"": 678, ""source_country_name"": ""Yemen (North Yemen)""}",UCDP territory-coded best estimate; not intensity-band floor. Israel/Palestine source unit and pre-2012 Sudan are excluded from unmatched WDI population rates.
YEM,2017-01-01,2017-12-31,conflict_battle_deaths,3190.0,deaths,,,annual,ucdp,26.1,https://ucdp.uu.se/downloads/organizedviolencecy/organizedviolencecy-261-csv.zip,,2026-09-07T11:32:05.412663+00:00,False,"{""geographic_scope"": ""UCDP source-country territory"", ""population_denominator_compatible"": true, ""source_country_id"": 678, ""source_country_name"": ""Yemen (North Yemen)""}",UCDP territory-coded best estimate; not intensity-band floor. Israel/Palestine source unit and pre-2012 Sudan are excluded from unmatched WDI population rates.
YEM,2017-01-01,2017-12-31,conflict_civilian_targeting_deaths,4.0,deaths,,,annual,ucdp,26.1,https://ucdp.uu.se/downloads/organizedviolencecy/organizedviolencecy-261-csv.zip,,2026-09-07T11:32:05.412663+00:00,False,"{""geographic_scope"": ""UCDP source-country territory"", ""population_denominator_compatible"": true, ""source_country_id"": 678, ""source_country_name"": ""Yemen (North Yemen)""}",UCDP territory-coded best estimate; not intensity-band floor. Israel/Palestine source unit and pre-2012 Sudan are excluded from unmatched WDI population rates.
YEM,2017-01-01,2017-12-31,conflict_nonstate_deaths,473.0,deaths,,,annual,ucdp,26.1,https://ucdp.uu.se/downloads/organizedviolencecy/organizedviolencecy-261-csv.zip,,2026-09-07T11:32:05.412663+00:00,False,"{""geographic_scope"": ""UCDP source-country territory"", ""population_denominator_compatible"": true, ""source_country_id"": 678, ""source_country_name"": ""Yemen (North Yemen)""}",UCDP territory-coded best estimate; not intensity-band floor. Israel/Palestine source unit and pre-2012 Sudan are excluded from unmatched WDI population rates.
YEM,2017-01-01,2017-12-31,conflict_total_deaths,3667.0,deaths,,,annual,ucdp,26.1,https://ucdp.uu.se/downloads/organizedviolencecy/organizedviolencecy-261-csv.zip,,2026-09-07T11:32:05.412663+00:00,False,"{""geographic_scope"": ""UCDP source-country territory"", ""population_denominator_compatible"": true, ""source_country_id"": 678, ""source_country_name"": ""Yemen (North Yemen)""}",UCDP territory-coded best estimate; not intensity-band floor. Israel/Palestine source unit and pre-2012 Sudan are excluded from unmatched WDI population rates.
YEM,2018-01-01,2018-12-31,conflict_battle_deaths,4704.0,deaths,,,annual,ucdp,26.1,https://ucdp.uu.se/downloads/organizedviolencecy/organizedviolencecy-261-csv.zip,,2026-09-07T11:32:05.412663+00:00,False,"{""geographic_scope"": ""UCDP source-country territory"", ""population_denominator_compatible"": true, ""source_country_id"": 678, ""source_country_name"": ""Yemen (North Yemen)""}",UCDP territory-coded best estimate; not intensity-band floor. Israel/Palestine source unit and pre-2012 Sudan are excluded from unmatched WDI population rates.
YEM,2018-01-01,2018-12-31,conflict_civilian_targeting_deaths,2.0,deaths,,,annual,ucdp,26.1,https://ucdp.uu.se/downloads/organizedviolencecy/organizedviolencecy-261-csv.zip,,2026-09-07T11:32:05.412663+00:00,False,"{""geographic_scope"": ""UCDP source-country territory"", ""population_denominator_compatible"": true, ""source_country_id"": 678, ""source_country_name"": ""Yemen (North Yemen)""}",UCDP territory-coded best estimate; not intensity-band floor. Israel/Palestine source unit and pre-2012 Sudan are excluded from unmatched WDI population rates.
YEM,2018-01-01,2018-12-31,conflict_nonstate_deaths,350.0,deaths,,,annual,ucdp,26.1,https://ucdp.uu.se/downloads/organizedviolencecy/organizedviolencecy-261-csv.zip,,2026-09-07T11:32:05.412663+00:00,False,"{""geographic_scope"": ""UCDP source-country territory"", ""population_denominator_compatible"": true, ""source_country_id"": 678, ""source_country_name"": ""Yemen (North Yemen)""}",UCDP territory-coded best estimate; not intensity-band floor. Israel/Palestine source unit and pre-2012 Sudan are excluded from unmatched WDI population rates.
YEM,2018-01-01,2018-12-31,conflict_total_deaths,5056.0,deaths,,,annual,ucdp,26.1,https://ucdp.uu.se/downloads/organizedviolencecy/organizedviolencecy-261-csv.zip,,2026-09-07T11:32:05.412663+00:00,False,"{""geographic_scope"": ""UCDP source-country territory"", ""population_denominator_compatible"": true, ""source_country_id"": 678, ""source_country_name"": ""Yemen (North Yemen)""}",UCDP territory-coded best estimate; not intensity-band floor. Israel/Palestine source unit and pre-2012 Sudan are excluded from unmatched WDI population rates.
YEM,2019-01-01,2019-12-31,conflict_battle_deaths,2641.0,deaths,,,annual,ucdp,26.1,https://ucdp.uu.se/downloads/organizedviolencecy/organizedviolencecy-261-csv.zip,,2026-09-07T11:32:05.412663+00:00,False,"{""geographic_scope"": ""UCDP source-country territory"", ""population_denominator_compatible"": true, ""source_country_id"": 678, ""source_country_name"": ""Yemen (North Yemen)""}",UCDP territory-coded best estimate; not intensity-band floor. Israel/Palestine source unit and pre-2012 Sudan are excluded from unmatched WDI population rates.
YEM,2019-01-01,2019-12-31,conflict_civilian_targeting_deaths,2.0,deaths,,,annual,ucdp,26.1,https://ucdp.uu.se/downloads/organizedviolencecy/organizedviolencecy-261-csv.zip,,2026-09-07T11:32:05.412663+00:00,False,"{""geographic_scope"": ""UCDP source-country territory"", ""population_denominator_compatible"": true, ""source_country_id"": 678, ""source_country_name"": ""Yemen (North Yemen)""}",UCDP territory-coded best estimate; not intensity-band floor. Israel/Palestine source unit and pre-2012 Sudan are excluded from unmatched WDI population rates.
YEM,2019-01-01,2019-12-31,conflict_nonstate_deaths,378.0,deaths,,,annual,ucdp,26.1,https://ucdp.uu.se/downloads/organizedviolencecy/organizedviolencecy-261-csv.zip,,2026-09-07T11:32:05.412663+00:00,False,"{""geographic_scope"": ""UCDP source-country territory"", ""population_denominator_compatible"": true, ""source_country_id"": 678, ""source_country_name"": ""Yemen (North Yemen)""}",UCDP territory-coded best estimate; not intensity-band floor. Israel/Palestine source unit and pre-2012 Sudan are excluded from unmatched WDI population rates.
YEM,2019-01-01,2019-12-31,conflict_total_deaths,3021.0,deaths,,,annual,ucdp,26.1,https://ucdp.uu.se/downloads/organizedviolencecy/organizedviolencecy-261-csv.zip,,2026-09-07T11:32:05.412663+00:00,False,"{""geographic_scope"": ""UCDP source-country territory"", ""population_denominator_compatible"": true, ""source_country_id"": 678, ""source_country_name"": ""Yemen (North Yemen)""}",UCDP territory-coded best estimate; not intensity-band floor. Israel/Palestine source unit and pre-2012 Sudan are excluded from unmatched WDI population rates.
YEM,2020-01-01,2020-12-31,conflict_battle_deaths,6311.0,deaths,,,annual,ucdp,26.1,https://ucdp.uu.se/downloads/organizedviolencecy/organizedviolencecy-261-csv.zip,,2026-09-07T11:32:05.412663+00:00,False,"{""geographic_scope"": ""UCDP source-country territory"", ""population_denominator_compatible"": true, ""source_country_id"": 678, ""source_country_name"": ""Yemen (North Yemen)""}",UCDP territory-coded best estimate; not intensity-band floor. Israel/Palestine source unit and pre-2012 Sudan are excluded from unmatched WDI population rates.
YEM,2020-01-01,2020-12-31,conflict_civilian_targeting_deaths,52.0,deaths,,,annual,ucdp,26.1,https://ucdp.uu.se/downloads/organizedviolencecy/organizedviolencecy-261-csv.zip,,2026-09-07T11:32:05.412663+00:00,False,"{""geographic_scope"": ""UCDP source-country territory"", ""population_denominator_compatible"": true, ""source_country_id"": 678, ""source_country_name"": ""Yemen (North Yemen)""}",UCDP territory-coded best estimate; not intensity-band floor. Israel/Palestine source unit and pre-2012 Sudan are excluded from unmatched WDI population rates.
YEM,2020-01-01,2020-12-31,conflict_nonstate_deaths,406.0,deaths,,,annual,ucdp,26.1,https://ucdp.uu.se/downloads/organizedviolencecy/organizedviolencecy-261-csv.zip,,2026-09-07T11:32:05.412663+00:00,False,"{""geographic_scope"": ""UCDP source-country territory"", ""population_denominator_compatible"": true, ""source_country_id"": 678, ""source_country_name"": ""Yemen (North Yemen)""}",UCDP territory-coded best estimate; not intensity-band floor. Israel/Palestine source unit and pre-2012 Sudan are excluded from unmatched WDI population rates.
YEM,2020-01-01,2020-12-31,conflict_total_deaths,6769.0,deaths,,,annual,ucdp,26.1,https://ucdp.uu.se/downloads/organizedviolencecy/organizedviolencecy-261-csv.zip,,2026-09-07T11:32:05.412663+00:00,False,"{""geographic_scope"": ""UCDP source-country territory"", ""population_denominator_compatible"": true, ""source_country_id"": 678, ""source_country_name"": ""Yemen (North Yemen)""}",UCDP territory-coded best estimate; not intensity-band floor. Israel/Palestine source unit and pre-2012 Sudan are excluded from unmatched WDI population rates.
YEM,2021-01-01,2021-12-31,conflict_battle_deaths,23369.0,deaths,,,annual,ucdp,26.1,https://ucdp.uu.se/downloads/organizedviolencecy/organizedviolencecy-261-csv.zip,,2026-09-07T11:32:05.412663+00:00,False,"{""geographic_scope"": ""UCDP source-country territory"", ""population_denominator_compatible"": true, ""source_country_id"": 678, ""source_country_name"": ""Yemen (North Yemen)""}",UCDP territory-coded best estimate; not intensity-band floor. Israel/Palestine source unit and pre-2012 Sudan are excluded from unmatched WDI population rates.
YEM,2021-01-01,2021-12-31,conflict_civilian_targeting_deaths,35.0,deaths,,,annual,ucdp,26.1,https://ucdp.uu.se/downloads/organizedviolencecy/organizedviolencecy-261-csv.zip,,2026-09-07T11:32:05.412663+00:00,False,"{""geographic_scope"": ""UCDP source-country territory"", ""population_denominator_compatible"": true, ""source_country_id"": 678, ""source_country_name"": ""Yemen (North Yemen)""}",UCDP territory-coded best estimate; not intensity-band floor. Israel/Palestine source unit and pre-2012 Sudan are excluded from unmatched WDI population rates.
YEM,2021-01-01,2021-12-31,conflict_nonstate_deaths,62.0,deaths,,,annual,ucdp,26.1,https://ucdp.uu.se/downloads/organizedviolencecy/organizedviolencecy-261-csv.zip,,2026-09-07T11:32:05.412663+00:00,False,"{""geographic_scope"": ""UCDP source-country territory"", ""population_denominator_compatible"": true, ""source_country_id"": 678, ""source_country_name"": ""Yemen (North Yemen)""}",UCDP territory-coded best estimate; not intensity-band floor. Israel/Palestine source unit and pre-2012 Sudan are excluded from unmatched WDI population rates.
YEM,2021-01-01,2021-12-31,conflict_total_deaths,23466.0,deaths,,,annual,ucdp,26.1,https://ucdp.uu.se/downloads/organizedviolencecy/organizedviolencecy-261-csv.zip,,2026-09-07T11:32:05.412663+00:00,False,"{""geographic_scope"": ""UCDP source-country territory"", ""population_denominator_compatible"": true, ""source_country_id"": 678, ""source_country_name"": ""Yemen (North Yemen)""}",UCDP territory-coded best estimate; not intensity-band floor. Israel/Palestine source unit and pre-2012 Sudan are excluded from unmatched WDI population rates.
YEM,2022-01-01,2022-12-31,conflict_battle_deaths,2940.0,deaths,,,annual,ucdp,26.1,https://ucdp.uu.se/downloads/organizedviolencecy/organizedviolencecy-261-csv.zip,,2026-09-07T11:32:05.412663+00:00,False,"{""geographic_scope"": ""UCDP source-country territory"", ""population_denominator_compatible"": true, ""source_country_id"": 678, ""source_country_name"": ""Yemen (North Yemen)""}",UCDP territory-coded best estimate; not intensity-band floor. Israel/Palestine source unit and pre-2012 Sudan are excluded from unmatched WDI population rates.
YEM,2022-01-01,2022-12-31,conflict_civilian_targeting_deaths,26.0,deaths,,,annual,ucdp,26.1,https://ucdp.uu.se/downloads/organizedviolencecy/organizedviolencecy-261-csv.zip,,2026-09-07T11:32:05.412663+00:00,False,"{""geographic_scope"": ""UCDP source-country territory"", ""population_denominator_compatible"": true, ""source_country_id"": 678, ""source_country_name"": ""Yemen (North Yemen)""}",UCDP territory-coded best estimate; not intensity-band floor. Israel/Palestine source unit and pre-2012 Sudan are excluded from unmatched WDI population rates.
YEM,2022-01-01,2022-12-31,conflict_nonstate_deaths,259.0,deaths,,,annual,ucdp,26.1,https://ucdp.uu.se/downloads/organizedviolencecy/organizedviolencecy-261-csv.zip,,2026-09-07T11:32:05.412663+00:00,False,"{""geographic_scope"": ""UCDP source-country territory"", ""population_denominator_compatible"": true, ""source_country_id"": 678, ""source_country_name"": ""Yemen (North Yemen)""}",UCDP territory-coded best estimate; not intensity-band floor. Israel/Palestine source unit and pre-2012 Sudan are excluded from unmatched WDI population rates.
YEM,2022-01-01,2022-12-31,conflict_total_deaths,3225.0,deaths,,,annual,ucdp,26.1,https://ucdp.uu.se/downloads/organizedviolencecy/organizedviolencecy-261-csv.zip,,2026-09-07T11:32:05.412663+00:00,False,"{""geographic_scope"": ""UCDP source-country territory"", ""population_denominator_compatible"": true, ""source_country_id"": 678, ""source_country_name"": ""Yemen (North Yemen)""}",UCDP territory-coded best estimate; not intensity-band floor. Israel/Palestine source unit and pre-2012 Sudan are excluded from unmatched WDI population rates.
YEM,2023-01-01,2023-12-31,conflict_battle_deaths,816.0,deaths,,,annual,ucdp,26.1,https://ucdp.uu.se/downloads/organizedviolencecy/organizedviolencecy-261-csv.zip,,2026-09-07T11:32:05.412663+00:00,False,"{""geographic_scope"": ""UCDP source-country territory"", ""population_denominator_compatible"": true, ""source_country_id"": 678, ""source_country_name"": ""Yemen (North Yemen)""}",UCDP territory-coded best estimate; not intensity-band floor. Israel/Palestine source unit and pre-2012 Sudan are excluded from unmatched WDI population rates.
YEM,2023-01-01,2023-12-31,conflict_civilian_targeting_deaths,12.0,deaths,,,annual,ucdp,26.1,https://ucdp.uu.se/downloads/organizedviolencecy/organizedviolencecy-261-csv.zip,,2026-09-07T11:32:05.412663+00:00,False,"{""geographic_scope"": ""UCDP source-country territory"", ""population_denominator_compatible"": true, ""source_country_id"": 678, ""source_country_name"": ""Yemen (North Yemen)""}",UCDP territory-coded best estimate; not intensity-band floor. Israel/Palestine source unit and pre-2012 Sudan are excluded from unmatched WDI population rates.
YEM,2023-01-01,2023-12-31,conflict_nonstate_deaths,107.0,deaths,,,annual,ucdp,26.1,https://ucdp.uu.se/downloads/organizedviolencecy/organizedviolencecy-261-csv.zip,,2026-09-07T11:32:05.412663+00:00,False,"{""geographic_scope"": ""UCDP source-country territory"", ""population_denominator_compatible"": true, ""source_country_id"": 678, ""source_country_name"": ""Yemen (North Yemen)""}",UCDP territory-coded best estimate; not intensity-band floor. Israel/Palestine source unit and pre-2012 Sudan are excluded from unmatched WDI population rates.
YEM,2023-01-01,2023-12-31,conflict_total_deaths,935.0,deaths,,,annual,ucdp,26.1,https://ucdp.uu.se/downloads/organizedviolencecy/organizedviolencecy-261-csv.zip,,2026-09-07T11:32:05.412663+00:00,False,"{""geographic_scope"": ""UCDP source-country territory"", ""population_denominator_compatible"": true, ""source_country_id"": 678, ""source_country_name"": ""Yemen (North Yemen)""}",UCDP territory-coded best estimate; not intensity-band floor. Israel/Palestine source unit and pre-2012 Sudan are excluded from unmatched WDI population rates.
YEM,2024-01-01,2024-12-31,conflict_battle_deaths,936.0,deaths,,,annual,ucdp,26.1,https://ucdp.uu.se/downloads/organizedviolencecy/organizedviolencecy-261-csv.zip,,2026-09-07T11:32:05.412663+00:00,False,"{""geographic_scope"": ""UCDP source-country territory"", ""population_denominator_compatible"": true, ""source_country_id"": 678, ""source_country_name"": ""Yemen (North Yemen)""}",UCDP territory-coded best estimate; not intensity-band floor. Israel/Palestine source unit and pre-2012 Sudan are excluded from unmatched WDI population rates.
YEM,2024-01-01,2024-12-31,conflict_civilian_targeting_deaths,27.0,deaths,,,annual,ucdp,26.1,https://ucdp.uu.se/downloads/organizedviolencecy/organizedviolencecy-261-csv.zip,,2026-09-07T11:32:05.412663+00:00,False,"{""geographic_scope"": ""UCDP source-country territory"", ""population_denominator_compatible"": true, ""source_country_id"": 678, ""source_country_name"": ""Yemen (North Yemen)""}",UCDP territory-coded best estimate; not intensity-band floor. Israel/Palestine source unit and pre-2012 Sudan are excluded from unmatched WDI population rates.
YEM,2024-01-01,2024-12-31,conflict_nonstate_deaths,67.0,deaths,,,annual,ucdp,26.1,https://ucdp.uu.se/downloads/organizedviolencecy/organizedviolencecy-261-csv.zip,,2026-09-07T11:32:05.412663+00:00,False,"{""geographic_scope"": ""UCDP source-country territory"", ""population_denominator_compatible"": true, ""source_country_id"": 678, ""source_country_name"": ""Yemen (North Yemen)""}",UCDP territory-coded best estimate; not intensity-band floor. Israel/Palestine source unit and pre-2012 Sudan are excluded from unmatched WDI population rates.
YEM,2024-01-01,2024-12-31,conflict_total_deaths,1030.0,deaths,,,annual,ucdp,26.1,https://ucdp.uu.se/downloads/organizedviolencecy/organizedviolencecy-261-csv.zip,,2026-09-07T11:32:05.412663+00:00,False,"{""geographic_scope"": ""UCDP source-country territory"", ""population_denominator_compatible"": true, ""source_country_id"": 678, ""source_country_name"": ""Yemen (North Yemen)""}",UCDP territory-coded best estimate; not intensity-band floor. Israel/Palestine source unit and pre-2012 Sudan are excluded from unmatched WDI population rates.
YEM,2025-01-01,2025-12-31,conflict_battle_deaths,1410.0,deaths,,,annual,ucdp,26.1,https://ucdp.uu.se/downloads/organizedviolencecy/organizedviolencecy-261-csv.zip,,2026-09-07T11:32:05.412663+00:00,False,"{""geographic_scope"": ""UCDP source-country territory"", ""population_denominator_compatible"": true, ""source_country_id"": 678, ""source_country_name"": ""Yemen (North Yemen)""}",UCDP territory-coded best estimate; not intensity-band floor. Israel/Palestine source unit and pre-2012 Sudan are excluded from unmatched WDI population rates.
YEM,2025-01-01,2025-12-31,conflict_civilian_targeting_deaths,46.0,deaths,,,annual,ucdp,26.1,https://ucdp.uu.se/downloads/organizedviolencecy/organizedviolencecy-261-csv.zip,,2026-09-07T11:32:05.412663+00:00,False,"{""geographic_scope"": ""UCDP source-country territory"", ""population_denominator_compatible"": true, ""source_country_id"": 678, ""source_country_name"": ""Yemen (North Yemen)""}",UCDP territory-coded best estimate; not intensity-band floor. Israel/Palestine source unit and pre-2012 Sudan are excluded from unmatched WDI population rates.
YEM,2025-01-01,2025-12-31,conflict_nonstate_deaths,262.0,deaths,,,annual,ucdp,26.1,https://ucdp.uu.se/downloads/organizedviolencecy/organizedviolencecy-261-csv.zip,,2026-09-07T11:32:05.412663+00:00,False,"{""geographic_scope"": ""UCDP source-country territory"", ""population_denominator_compatible"": true, ""source_country_id"": 678, ""source_country_name"": ""Yemen (North Yemen)""}",UCDP territory-coded best estimate; not intensity-band floor. Israel/Palestine source unit and pre-2012 Sudan are excluded from unmatched WDI population rates.
YEM,2025-01-01,2025-12-31,conflict_total_deaths,1718.0,deaths,,,annual,ucdp,26.1,https://ucdp.uu.se/downloads/organizedviolencecy/organizedviolencecy-261-csv.zip,,2026-09-07T11:32:05.412663+00:00,False,"{""geographic_scope"": ""UCDP source-country territory"", ""population_denominator_compatible"": true, ""source_country_id"": 678, ""source_country_name"": ""Yemen (North Yemen)""}",UCDP territory-coded best estimate; not intensity-band floor. Israel/Palestine source unit and pre-2012 Sudan are excluded from unmatched WDI population rates.
