country,period_start,period_end,metric,value,unit,numerator,denominator,frequency,source_id,source_version,source_url,published_at,fetched_at,provisional,dimensions,quality_note
ETH,2000-01-01,2000-12-31,asylum_seekers_origin_stock,14551.0,people,,,annual,unhcr,live annual,https://api.unhcr.org/population/v1/population/,,2026-09-05T21:33:52.586131+00:00,False,{},Origin-country aggregate. Stocks are not new displacement flows; dash remains missing.
ETH,2000-01-01,2000-12-31,refugees_origin_stock,66396.0,people,,,annual,unhcr,live annual,https://api.unhcr.org/population/v1/population/,,2026-09-05T21:33:52.586131+00:00,False,{},Origin-country aggregate. Stocks are not new displacement flows; dash remains missing.
ETH,2000-01-01,2000-12-31,returned_refugees_flow,2933.0,people,,,annual,unhcr,live annual,https://api.unhcr.org/population/v1/population/,,2026-09-05T21:33:52.586131+00:00,False,{},Origin-country aggregate. Stocks are not new displacement flows; dash remains missing.
ETH,2001-01-01,2001-12-31,asylum_seekers_origin_stock,12305.0,people,,,annual,unhcr,live annual,https://api.unhcr.org/population/v1/population/,,2026-09-05T21:33:52.586131+00:00,False,{},Origin-country aggregate. Stocks are not new displacement flows; dash remains missing.
ETH,2001-01-01,2001-12-31,refugees_origin_stock,58980.0,people,,,annual,unhcr,live annual,https://api.unhcr.org/population/v1/population/,,2026-09-05T21:33:52.586131+00:00,False,{},Origin-country aggregate. Stocks are not new displacement flows; dash remains missing.
ETH,2001-01-01,2001-12-31,returned_refugees_flow,9364.0,people,,,annual,unhcr,live annual,https://api.unhcr.org/population/v1/population/,,2026-09-05T21:33:52.586131+00:00,False,{},Origin-country aggregate. Stocks are not new displacement flows; dash remains missing.
ETH,2002-01-01,2002-12-31,asylum_seekers_origin_stock,8956.0,people,,,annual,unhcr,live annual,https://api.unhcr.org/population/v1/population/,,2026-09-05T21:33:52.586131+00:00,False,{},Origin-country aggregate. Stocks are not new displacement flows; dash remains missing.
ETH,2002-01-01,2002-12-31,refugees_origin_stock,61235.0,people,,,annual,unhcr,live annual,https://api.unhcr.org/population/v1/population/,,2026-09-05T21:33:52.586131+00:00,False,{},Origin-country aggregate. Stocks are not new displacement flows; dash remains missing.
ETH,2002-01-01,2002-12-31,returned_refugees_flow,208.0,people,,,annual,unhcr,live annual,https://api.unhcr.org/population/v1/population/,,2026-09-05T21:33:52.586131+00:00,False,{},Origin-country aggregate. Stocks are not new displacement flows; dash remains missing.
ETH,2003-01-01,2003-12-31,asylum_seekers_origin_stock,10805.0,people,,,annual,unhcr,live annual,https://api.unhcr.org/population/v1/population/,,2026-09-05T21:33:52.586131+00:00,False,{},Origin-country aggregate. Stocks are not new displacement flows; dash remains missing.
ETH,2003-01-01,2003-12-31,refugees_origin_stock,62674.0,people,,,annual,unhcr,live annual,https://api.unhcr.org/population/v1/population/,,2026-09-05T21:33:52.586131+00:00,False,{},Origin-country aggregate. Stocks are not new displacement flows; dash remains missing.
ETH,2003-01-01,2003-12-31,returned_refugees_flow,19.0,people,,,annual,unhcr,live annual,https://api.unhcr.org/population/v1/population/,,2026-09-05T21:33:52.586131+00:00,False,{},Origin-country aggregate. Stocks are not new displacement flows; dash remains missing.
ETH,2004-01-01,2004-12-31,asylum_seekers_origin_stock,13098.0,people,,,annual,unhcr,live annual,https://api.unhcr.org/population/v1/population/,,2026-09-05T21:33:52.586131+00:00,False,{},Origin-country aggregate. Stocks are not new displacement flows; dash remains missing.
ETH,2004-01-01,2004-12-31,refugees_origin_stock,63153.0,people,,,annual,unhcr,live annual,https://api.unhcr.org/population/v1/population/,,2026-09-05T21:33:52.586131+00:00,False,{},Origin-country aggregate. Stocks are not new displacement flows; dash remains missing.
ETH,2004-01-01,2004-12-31,returned_refugees_flow,5.0,people,,,annual,unhcr,live annual,https://api.unhcr.org/population/v1/population/,,2026-09-05T21:33:52.586131+00:00,False,{},Origin-country aggregate. Stocks are not new displacement flows; dash remains missing.
ETH,2005-01-01,2005-12-31,asylum_seekers_origin_stock,16216.0,people,,,annual,unhcr,live annual,https://api.unhcr.org/population/v1/population/,,2026-09-05T21:33:52.586131+00:00,False,{},Origin-country aggregate. Stocks are not new displacement flows; dash remains missing.
ETH,2005-01-01,2005-12-31,refugees_origin_stock,65447.0,people,,,annual,unhcr,live annual,https://api.unhcr.org/population/v1/population/,,2026-09-05T21:33:52.586131+00:00,False,{},Origin-country aggregate. Stocks are not new displacement flows; dash remains missing.
ETH,2005-01-01,2005-12-31,returned_refugees_flow,146.0,people,,,annual,unhcr,live annual,https://api.unhcr.org/population/v1/population/,,2026-09-05T21:33:52.586131+00:00,False,{},Origin-country aggregate. Stocks are not new displacement flows; dash remains missing.
ETH,2006-01-01,2006-12-31,asylum_seekers_origin_stock,16670.0,people,,,annual,unhcr,live annual,https://api.unhcr.org/population/v1/population/,,2026-09-05T21:33:52.586131+00:00,False,{},Origin-country aggregate. Stocks are not new displacement flows; dash remains missing.
ETH,2006-01-01,2006-12-31,refugees_origin_stock,74007.0,people,,,annual,unhcr,live annual,https://api.unhcr.org/population/v1/population/,,2026-09-05T21:33:52.586131+00:00,False,{},Origin-country aggregate. Stocks are not new displacement flows; dash remains missing.
ETH,2006-01-01,2006-12-31,returned_refugees_flow,23.0,people,,,annual,unhcr,live annual,https://api.unhcr.org/population/v1/population/,,2026-09-05T21:33:52.586131+00:00,False,{},Origin-country aggregate. Stocks are not new displacement flows; dash remains missing.
ETH,2007-01-01,2007-12-31,asylum_seekers_origin_stock,29469.0,people,,,annual,unhcr,live annual,https://api.unhcr.org/population/v1/population/,,2026-09-05T21:33:52.586131+00:00,False,{},Origin-country aggregate. Stocks are not new displacement flows; dash remains missing.
ETH,2007-01-01,2007-12-31,refugees_origin_stock,59845.0,people,,,annual,unhcr,live annual,https://api.unhcr.org/population/v1/population/,,2026-09-05T21:33:52.586131+00:00,False,{},Origin-country aggregate. Stocks are not new displacement flows; dash remains missing.
ETH,2007-01-01,2007-12-31,returned_refugees_flow,21.0,people,,,annual,unhcr,live annual,https://api.unhcr.org/population/v1/population/,,2026-09-05T21:33:52.586131+00:00,False,{},Origin-country aggregate. Stocks are not new displacement flows; dash remains missing.
ETH,2008-01-01,2008-12-31,asylum_seekers_origin_stock,31506.0,people,,,annual,unhcr,live annual,https://api.unhcr.org/population/v1/population/,,2026-09-05T21:33:52.586131+00:00,False,{},Origin-country aggregate. Stocks are not new displacement flows; dash remains missing.
ETH,2008-01-01,2008-12-31,refugees_origin_stock,63863.0,people,,,annual,unhcr,live annual,https://api.unhcr.org/population/v1/population/,,2026-09-05T21:33:52.586131+00:00,False,{},Origin-country aggregate. Stocks are not new displacement flows; dash remains missing.
ETH,2008-01-01,2008-12-31,returned_refugees_flow,164.0,people,,,annual,unhcr,live annual,https://api.unhcr.org/population/v1/population/,,2026-09-05T21:33:52.586131+00:00,False,{},Origin-country aggregate. Stocks are not new displacement flows; dash remains missing.
ETH,2009-01-01,2009-12-31,asylum_seekers_origin_stock,48733.0,people,,,annual,unhcr,live annual,https://api.unhcr.org/population/v1/population/,,2026-09-05T21:33:52.586131+00:00,False,{},Origin-country aggregate. Stocks are not new displacement flows; dash remains missing.
ETH,2009-01-01,2009-12-31,refugees_origin_stock,62877.0,people,,,annual,unhcr,live annual,https://api.unhcr.org/population/v1/population/,,2026-09-05T21:33:52.586131+00:00,False,{},Origin-country aggregate. Stocks are not new displacement flows; dash remains missing.
ETH,2009-01-01,2009-12-31,returned_refugees_flow,14.0,people,,,annual,unhcr,live annual,https://api.unhcr.org/population/v1/population/,,2026-09-05T21:33:52.586131+00:00,False,{},Origin-country aggregate. Stocks are not new displacement flows; dash remains missing.
ETH,2010-01-01,2010-12-31,asylum_seekers_origin_stock,48883.0,people,,,annual,unhcr,live annual,https://api.unhcr.org/population/v1/population/,,2026-09-05T21:33:52.586131+00:00,False,{},Origin-country aggregate. Stocks are not new displacement flows; dash remains missing.
ETH,2010-01-01,2010-12-31,refugees_origin_stock,68838.0,people,,,annual,unhcr,live annual,https://api.unhcr.org/population/v1/population/,,2026-09-05T21:33:52.586131+00:00,False,{},Origin-country aggregate. Stocks are not new displacement flows; dash remains missing.
ETH,2010-01-01,2010-12-31,returned_refugees_flow,5.0,people,,,annual,unhcr,live annual,https://api.unhcr.org/population/v1/population/,,2026-09-05T21:33:52.586131+00:00,False,{},Origin-country aggregate. Stocks are not new displacement flows; dash remains missing.
ETH,2011-01-01,2011-12-31,asylum_seekers_origin_stock,38827.0,people,,,annual,unhcr,live annual,https://api.unhcr.org/population/v1/population/,,2026-09-05T21:33:52.586131+00:00,False,{},Origin-country aggregate. Stocks are not new displacement flows; dash remains missing.
ETH,2011-01-01,2011-12-31,refugees_origin_stock,70601.0,people,,,annual,unhcr,live annual,https://api.unhcr.org/population/v1/population/,,2026-09-05T21:33:52.586131+00:00,False,{},Origin-country aggregate. Stocks are not new displacement flows; dash remains missing.
ETH,2011-01-01,2011-12-31,returned_refugees_flow,21.0,people,,,annual,unhcr,live annual,https://api.unhcr.org/population/v1/population/,,2026-09-05T21:33:52.586131+00:00,False,{},Origin-country aggregate. Stocks are not new displacement flows; dash remains missing.
ETH,2012-01-01,2012-12-31,asylum_seekers_origin_stock,41902.0,people,,,annual,unhcr,live annual,https://api.unhcr.org/population/v1/population/,,2026-09-05T21:33:52.586131+00:00,False,{},Origin-country aggregate. Stocks are not new displacement flows; dash remains missing.
ETH,2012-01-01,2012-12-31,refugees_origin_stock,74964.0,people,,,annual,unhcr,live annual,https://api.unhcr.org/population/v1/population/,,2026-09-05T21:33:52.586131+00:00,False,{},Origin-country aggregate. Stocks are not new displacement flows; dash remains missing.
ETH,2012-01-01,2012-12-31,returned_refugees_flow,29.0,people,,,annual,unhcr,live annual,https://api.unhcr.org/population/v1/population/,,2026-09-05T21:33:52.586131+00:00,False,{},Origin-country aggregate. Stocks are not new displacement flows; dash remains missing.
ETH,2013-01-01,2013-12-31,asylum_seekers_origin_stock,49315.0,people,,,annual,unhcr,live annual,https://api.unhcr.org/population/v1/population/,,2026-09-05T21:33:52.586131+00:00,False,{},Origin-country aggregate. Stocks are not new displacement flows; dash remains missing.
ETH,2013-01-01,2013-12-31,refugees_origin_stock,77109.0,people,,,annual,unhcr,live annual,https://api.unhcr.org/population/v1/population/,,2026-09-05T21:33:52.586131+00:00,False,{},Origin-country aggregate. Stocks are not new displacement flows; dash remains missing.
ETH,2013-01-01,2013-12-31,returned_refugees_flow,30.0,people,,,annual,unhcr,live annual,https://api.unhcr.org/population/v1/population/,,2026-09-05T21:33:52.586131+00:00,False,{},Origin-country aggregate. Stocks are not new displacement flows; dash remains missing.
ETH,2014-01-01,2014-12-31,asylum_seekers_origin_stock,61368.0,people,,,annual,unhcr,live annual,https://api.unhcr.org/population/v1/population/,,2026-09-05T21:33:52.586131+00:00,False,{},Origin-country aggregate. Stocks are not new displacement flows; dash remains missing.
ETH,2014-01-01,2014-12-31,refugees_origin_stock,86857.0,people,,,annual,unhcr,live annual,https://api.unhcr.org/population/v1/population/,,2026-09-05T21:33:52.586131+00:00,False,{},Origin-country aggregate. Stocks are not new displacement flows; dash remains missing.
ETH,2014-01-01,2014-12-31,returned_refugees_flow,463.0,people,,,annual,unhcr,live annual,https://api.unhcr.org/population/v1/population/,,2026-09-05T21:33:52.586131+00:00,False,{},Origin-country aggregate. Stocks are not new displacement flows; dash remains missing.
ETH,2015-01-01,2015-12-31,asylum_seekers_origin_stock,76680.0,people,,,annual,unhcr,live annual,https://api.unhcr.org/population/v1/population/,,2026-09-05T21:33:52.586131+00:00,False,{},Origin-country aggregate. Stocks are not new displacement flows; dash remains missing.
ETH,2015-01-01,2015-12-31,refugees_origin_stock,85839.0,people,,,annual,unhcr,live annual,https://api.unhcr.org/population/v1/population/,,2026-09-05T21:33:52.586131+00:00,False,{},Origin-country aggregate. Stocks are not new displacement flows; dash remains missing.
ETH,2015-01-01,2015-12-31,returned_refugees_flow,5.0,people,,,annual,unhcr,live annual,https://api.unhcr.org/population/v1/population/,,2026-09-05T21:33:52.586131+00:00,False,{},Origin-country aggregate. Stocks are not new displacement flows; dash remains missing.
ETH,2016-01-01,2016-12-31,asylum_seekers_origin_stock,78854.0,people,,,annual,unhcr,live annual,https://api.unhcr.org/population/v1/population/,,2026-09-05T21:33:52.586131+00:00,False,{},Origin-country aggregate. Stocks are not new displacement flows; dash remains missing.
ETH,2016-01-01,2016-12-31,refugees_origin_stock,83958.0,people,,,annual,unhcr,live annual,https://api.unhcr.org/population/v1/population/,,2026-09-05T21:33:52.586131+00:00,False,{},Origin-country aggregate. Stocks are not new displacement flows; dash remains missing.
ETH,2016-01-01,2016-12-31,returned_refugees_flow,0.0,people,,,annual,unhcr,live annual,https://api.unhcr.org/population/v1/population/,,2026-09-05T21:33:52.586131+00:00,False,{},Origin-country aggregate. Stocks are not new displacement flows; dash remains missing.
ETH,2017-01-01,2017-12-31,asylum_seekers_origin_stock,133659.0,people,,,annual,unhcr,live annual,https://api.unhcr.org/population/v1/population/,,2026-09-05T21:33:52.586131+00:00,False,{},Origin-country aggregate. Stocks are not new displacement flows; dash remains missing.
ETH,2017-01-01,2017-12-31,refugees_origin_stock,87448.0,people,,,annual,unhcr,live annual,https://api.unhcr.org/population/v1/population/,,2026-09-05T21:33:52.586131+00:00,False,{},Origin-country aggregate. Stocks are not new displacement flows; dash remains missing.
ETH,2017-01-01,2017-12-31,returned_refugees_flow,0.0,people,,,annual,unhcr,live annual,https://api.unhcr.org/population/v1/population/,,2026-09-05T21:33:52.586131+00:00,False,{},Origin-country aggregate. Stocks are not new displacement flows; dash remains missing.
ETH,2018-01-01,2018-12-31,asylum_seekers_origin_stock,133254.0,people,,,annual,unhcr,live annual,https://api.unhcr.org/population/v1/population/,,2026-09-05T21:33:52.586131+00:00,False,{},Origin-country aggregate. Stocks are not new displacement flows; dash remains missing.
ETH,2018-01-01,2018-12-31,refugees_origin_stock,92232.0,people,,,annual,unhcr,live annual,https://api.unhcr.org/population/v1/population/,,2026-09-05T21:33:52.586131+00:00,False,{},Origin-country aggregate. Stocks are not new displacement flows; dash remains missing.
ETH,2018-01-01,2018-12-31,returned_refugees_flow,16.0,people,,,annual,unhcr,live annual,https://api.unhcr.org/population/v1/population/,,2026-09-05T21:33:52.586131+00:00,False,{},Origin-country aggregate. Stocks are not new displacement flows; dash remains missing.
ETH,2019-01-01,2019-12-31,asylum_seekers_origin_stock,135267.0,people,,,annual,unhcr,live annual,https://api.unhcr.org/population/v1/population/,,2026-09-05T21:33:52.586131+00:00,False,{},Origin-country aggregate. Stocks are not new displacement flows; dash remains missing.
ETH,2019-01-01,2019-12-31,refugees_origin_stock,93467.0,people,,,annual,unhcr,live annual,https://api.unhcr.org/population/v1/population/,,2026-09-05T21:33:52.586131+00:00,False,{},Origin-country aggregate. Stocks are not new displacement flows; dash remains missing.
ETH,2019-01-01,2019-12-31,returned_refugees_flow,139.0,people,,,annual,unhcr,live annual,https://api.unhcr.org/population/v1/population/,,2026-09-05T21:33:52.586131+00:00,False,{},Origin-country aggregate. Stocks are not new displacement flows; dash remains missing.
ETH,2020-01-01,2020-12-31,asylum_seekers_origin_stock,125072.0,people,,,annual,unhcr,live annual,https://api.unhcr.org/population/v1/population/,,2026-09-05T21:33:52.586131+00:00,False,{},Origin-country aggregate. Stocks are not new displacement flows; dash remains missing.
ETH,2020-01-01,2020-12-31,refugees_origin_stock,151426.0,people,,,annual,unhcr,live annual,https://api.unhcr.org/population/v1/population/,,2026-09-05T21:33:52.586131+00:00,False,{},Origin-country aggregate. Stocks are not new displacement flows; dash remains missing.
ETH,2020-01-01,2020-12-31,returned_refugees_flow,89.0,people,,,annual,unhcr,live annual,https://api.unhcr.org/population/v1/population/,,2026-09-05T21:33:52.586131+00:00,False,{},Origin-country aggregate. Stocks are not new displacement flows; dash remains missing.
ETH,2021-01-01,2021-12-31,asylum_seekers_origin_stock,139211.0,people,,,annual,unhcr,live annual,https://api.unhcr.org/population/v1/population/,,2026-09-05T21:33:52.586131+00:00,False,{},Origin-country aggregate. Stocks are not new displacement flows; dash remains missing.
ETH,2021-01-01,2021-12-31,refugees_origin_stock,149130.0,people,,,annual,unhcr,live annual,https://api.unhcr.org/population/v1/population/,,2026-09-05T21:33:52.586131+00:00,False,{},Origin-country aggregate. Stocks are not new displacement flows; dash remains missing.
ETH,2021-01-01,2021-12-31,returned_refugees_flow,1082.0,people,,,annual,unhcr,live annual,https://api.unhcr.org/population/v1/population/,,2026-09-05T21:33:52.586131+00:00,False,{},Origin-country aggregate. Stocks are not new displacement flows; dash remains missing.
ETH,2022-01-01,2022-12-31,asylum_seekers_origin_stock,121362.0,people,,,annual,unhcr,live annual,https://api.unhcr.org/population/v1/population/,,2026-09-05T21:33:52.586131+00:00,False,{},Origin-country aggregate. Stocks are not new displacement flows; dash remains missing.
ETH,2022-01-01,2022-12-31,refugees_origin_stock,149603.0,people,,,annual,unhcr,live annual,https://api.unhcr.org/population/v1/population/,,2026-09-05T21:33:52.586131+00:00,False,{},Origin-country aggregate. Stocks are not new displacement flows; dash remains missing.
ETH,2022-01-01,2022-12-31,returned_refugees_flow,288.0,people,,,annual,unhcr,live annual,https://api.unhcr.org/population/v1/population/,,2026-09-05T21:33:52.586131+00:00,False,{},Origin-country aggregate. Stocks are not new displacement flows; dash remains missing.
ETH,2023-01-01,2023-12-31,asylum_seekers_origin_stock,139424.0,people,,,annual,unhcr,live annual,https://api.unhcr.org/population/v1/population/,,2026-09-05T21:33:52.586131+00:00,False,{},Origin-country aggregate. Stocks are not new displacement flows; dash remains missing.
ETH,2023-01-01,2023-12-31,refugees_origin_stock,158344.0,people,,,annual,unhcr,live annual,https://api.unhcr.org/population/v1/population/,,2026-09-05T21:33:52.586131+00:00,False,{},Origin-country aggregate. Stocks are not new displacement flows; dash remains missing.
ETH,2023-01-01,2023-12-31,returned_refugees_flow,6187.0,people,,,annual,unhcr,live annual,https://api.unhcr.org/population/v1/population/,,2026-09-05T21:33:52.586131+00:00,False,{},Origin-country aggregate. Stocks are not new displacement flows; dash remains missing.
ETH,2024-01-01,2024-12-31,asylum_seekers_origin_stock,158142.0,people,,,annual,unhcr,live annual,https://api.unhcr.org/population/v1/population/,,2026-09-05T21:33:52.586131+00:00,False,{},Origin-country aggregate. Stocks are not new displacement flows; dash remains missing.
ETH,2024-01-01,2024-12-31,refugees_origin_stock,164423.0,people,,,annual,unhcr,live annual,https://api.unhcr.org/population/v1/population/,,2026-09-05T21:33:52.586131+00:00,False,{},Origin-country aggregate. Stocks are not new displacement flows; dash remains missing.
ETH,2024-01-01,2024-12-31,returned_refugees_flow,11672.0,people,,,annual,unhcr,live annual,https://api.unhcr.org/population/v1/population/,,2026-09-05T21:33:52.586131+00:00,False,{},Origin-country aggregate. Stocks are not new displacement flows; dash remains missing.
ETH,2025-01-01,2025-12-31,asylum_seekers_origin_stock,148616.0,people,,,annual,unhcr,live annual,https://api.unhcr.org/population/v1/population/,,2026-09-05T21:33:52.586131+00:00,False,{},Origin-country aggregate. Stocks are not new displacement flows; dash remains missing.
ETH,2025-01-01,2025-12-31,refugees_origin_stock,164215.0,people,,,annual,unhcr,live annual,https://api.unhcr.org/population/v1/population/,,2026-09-05T21:33:52.586131+00:00,False,{},Origin-country aggregate. Stocks are not new displacement flows; dash remains missing.
ETH,2025-01-01,2025-12-31,returned_refugees_flow,5362.0,people,,,annual,unhcr,live annual,https://api.unhcr.org/population/v1/population/,,2026-09-05T21:33:52.586131+00:00,False,{},Origin-country aggregate. Stocks are not new displacement flows; dash remains missing.
ISR,2000-01-01,2000-12-31,asylum_seekers_origin_stock,362.0,people,,,annual,unhcr,live annual,https://api.unhcr.org/population/v1/population/,,2026-09-05T21:33:52.586131+00:00,False,{},Origin-country aggregate. Stocks are not new displacement flows; dash remains missing.
ISR,2000-01-01,2000-12-31,refugees_origin_stock,414.0,people,,,annual,unhcr,live annual,https://api.unhcr.org/population/v1/population/,,2026-09-05T21:33:52.586131+00:00,False,{},Origin-country aggregate. Stocks are not new displacement flows; dash remains missing.
ISR,2000-01-01,2000-12-31,returned_refugees_flow,0.0,people,,,annual,unhcr,live annual,https://api.unhcr.org/population/v1/population/,,2026-09-05T21:33:52.586131+00:00,False,{},Origin-country aggregate. Stocks are not new displacement flows; dash remains missing.
ISR,2001-01-01,2001-12-31,asylum_seekers_origin_stock,609.0,people,,,annual,unhcr,live annual,https://api.unhcr.org/population/v1/population/,,2026-09-05T21:33:52.586131+00:00,False,{},Origin-country aggregate. Stocks are not new displacement flows; dash remains missing.
ISR,2001-01-01,2001-12-31,refugees_origin_stock,361.0,people,,,annual,unhcr,live annual,https://api.unhcr.org/population/v1/population/,,2026-09-05T21:33:52.586131+00:00,False,{},Origin-country aggregate. Stocks are not new displacement flows; dash remains missing.
ISR,2001-01-01,2001-12-31,returned_refugees_flow,0.0,people,,,annual,unhcr,live annual,https://api.unhcr.org/population/v1/population/,,2026-09-05T21:33:52.586131+00:00,False,{},Origin-country aggregate. Stocks are not new displacement flows; dash remains missing.
ISR,2002-01-01,2002-12-31,asylum_seekers_origin_stock,1023.0,people,,,annual,unhcr,live annual,https://api.unhcr.org/population/v1/population/,,2026-09-05T21:33:52.586131+00:00,False,{},Origin-country aggregate. Stocks are not new displacement flows; dash remains missing.
ISR,2002-01-01,2002-12-31,refugees_origin_stock,561.0,people,,,annual,unhcr,live annual,https://api.unhcr.org/population/v1/population/,,2026-09-05T21:33:52.586131+00:00,False,{},Origin-country aggregate. Stocks are not new displacement flows; dash remains missing.
ISR,2002-01-01,2002-12-31,returned_refugees_flow,0.0,people,,,annual,unhcr,live annual,https://api.unhcr.org/population/v1/population/,,2026-09-05T21:33:52.586131+00:00,False,{},Origin-country aggregate. Stocks are not new displacement flows; dash remains missing.
ISR,2003-01-01,2003-12-31,asylum_seekers_origin_stock,944.0,people,,,annual,unhcr,live annual,https://api.unhcr.org/population/v1/population/,,2026-09-05T21:33:52.586131+00:00,False,{},Origin-country aggregate. Stocks are not new displacement flows; dash remains missing.
ISR,2003-01-01,2003-12-31,refugees_origin_stock,626.0,people,,,annual,unhcr,live annual,https://api.unhcr.org/population/v1/population/,,2026-09-05T21:33:52.586131+00:00,False,{},Origin-country aggregate. Stocks are not new displacement flows; dash remains missing.
ISR,2003-01-01,2003-12-31,returned_refugees_flow,0.0,people,,,annual,unhcr,live annual,https://api.unhcr.org/population/v1/population/,,2026-09-05T21:33:52.586131+00:00,False,{},Origin-country aggregate. Stocks are not new displacement flows; dash remains missing.
ISR,2004-01-01,2004-12-31,asylum_seekers_origin_stock,760.0,people,,,annual,unhcr,live annual,https://api.unhcr.org/population/v1/population/,,2026-09-05T21:33:52.586131+00:00,False,{},Origin-country aggregate. Stocks are not new displacement flows; dash remains missing.
ISR,2004-01-01,2004-12-31,refugees_origin_stock,669.0,people,,,annual,unhcr,live annual,https://api.unhcr.org/population/v1/population/,,2026-09-05T21:33:52.586131+00:00,False,{},Origin-country aggregate. Stocks are not new displacement flows; dash remains missing.
ISR,2004-01-01,2004-12-31,returned_refugees_flow,0.0,people,,,annual,unhcr,live annual,https://api.unhcr.org/population/v1/population/,,2026-09-05T21:33:52.586131+00:00,False,{},Origin-country aggregate. Stocks are not new displacement flows; dash remains missing.
ISR,2005-01-01,2005-12-31,asylum_seekers_origin_stock,620.0,people,,,annual,unhcr,live annual,https://api.unhcr.org/population/v1/population/,,2026-09-05T21:33:52.586131+00:00,False,{},Origin-country aggregate. Stocks are not new displacement flows; dash remains missing.
ISR,2005-01-01,2005-12-31,refugees_origin_stock,624.0,people,,,annual,unhcr,live annual,https://api.unhcr.org/population/v1/population/,,2026-09-05T21:33:52.586131+00:00,False,{},Origin-country aggregate. Stocks are not new displacement flows; dash remains missing.
ISR,2005-01-01,2005-12-31,returned_refugees_flow,0.0,people,,,annual,unhcr,live annual,https://api.unhcr.org/population/v1/population/,,2026-09-05T21:33:52.586131+00:00,False,{},Origin-country aggregate. Stocks are not new displacement flows; dash remains missing.
ISR,2006-01-01,2006-12-31,asylum_seekers_origin_stock,939.0,people,,,annual,unhcr,live annual,https://api.unhcr.org/population/v1/population/,,2026-09-05T21:33:52.586131+00:00,False,{},Origin-country aggregate. Stocks are not new displacement flows; dash remains missing.
ISR,2006-01-01,2006-12-31,refugees_origin_stock,876.0,people,,,annual,unhcr,live annual,https://api.unhcr.org/population/v1/population/,,2026-09-05T21:33:52.586131+00:00,False,{},Origin-country aggregate. Stocks are not new displacement flows; dash remains missing.
ISR,2006-01-01,2006-12-31,returned_refugees_flow,0.0,people,,,annual,unhcr,live annual,https://api.unhcr.org/population/v1/population/,,2026-09-05T21:33:52.586131+00:00,False,{},Origin-country aggregate. Stocks are not new displacement flows; dash remains missing.
ISR,2007-01-01,2007-12-31,asylum_seekers_origin_stock,946.0,people,,,annual,unhcr,live annual,https://api.unhcr.org/population/v1/population/,,2026-09-05T21:33:52.586131+00:00,False,{},Origin-country aggregate. Stocks are not new displacement flows; dash remains missing.
ISR,2007-01-01,2007-12-31,refugees_origin_stock,1539.0,people,,,annual,unhcr,live annual,https://api.unhcr.org/population/v1/population/,,2026-09-05T21:33:52.586131+00:00,False,{},Origin-country aggregate. Stocks are not new displacement flows; dash remains missing.
ISR,2007-01-01,2007-12-31,returned_refugees_flow,0.0,people,,,annual,unhcr,live annual,https://api.unhcr.org/population/v1/population/,,2026-09-05T21:33:52.586131+00:00,False,{},Origin-country aggregate. Stocks are not new displacement flows; dash remains missing.
ISR,2008-01-01,2008-12-31,asylum_seekers_origin_stock,1037.0,people,,,annual,unhcr,live annual,https://api.unhcr.org/population/v1/population/,,2026-09-05T21:33:52.586131+00:00,False,{},Origin-country aggregate. Stocks are not new displacement flows; dash remains missing.
ISR,2008-01-01,2008-12-31,refugees_origin_stock,1486.0,people,,,annual,unhcr,live annual,https://api.unhcr.org/population/v1/population/,,2026-09-05T21:33:52.586131+00:00,False,{},Origin-country aggregate. Stocks are not new displacement flows; dash remains missing.
ISR,2008-01-01,2008-12-31,returned_refugees_flow,0.0,people,,,annual,unhcr,live annual,https://api.unhcr.org/population/v1/population/,,2026-09-05T21:33:52.586131+00:00,False,{},Origin-country aggregate. Stocks are not new displacement flows; dash remains missing.
ISR,2009-01-01,2009-12-31,asylum_seekers_origin_stock,1054.0,people,,,annual,unhcr,live annual,https://api.unhcr.org/population/v1/population/,,2026-09-05T21:33:52.586131+00:00,False,{},Origin-country aggregate. Stocks are not new displacement flows; dash remains missing.
ISR,2009-01-01,2009-12-31,refugees_origin_stock,1298.0,people,,,annual,unhcr,live annual,https://api.unhcr.org/population/v1/population/,,2026-09-05T21:33:52.586131+00:00,False,{},Origin-country aggregate. Stocks are not new displacement flows; dash remains missing.
ISR,2009-01-01,2009-12-31,returned_refugees_flow,0.0,people,,,annual,unhcr,live annual,https://api.unhcr.org/population/v1/population/,,2026-09-05T21:33:52.586131+00:00,False,{},Origin-country aggregate. Stocks are not new displacement flows; dash remains missing.
ISR,2010-01-01,2010-12-31,asylum_seekers_origin_stock,792.0,people,,,annual,unhcr,live annual,https://api.unhcr.org/population/v1/population/,,2026-09-05T21:33:52.586131+00:00,False,{},Origin-country aggregate. Stocks are not new displacement flows; dash remains missing.
ISR,2010-01-01,2010-12-31,refugees_origin_stock,1290.0,people,,,annual,unhcr,live annual,https://api.unhcr.org/population/v1/population/,,2026-09-05T21:33:52.586131+00:00,False,{},Origin-country aggregate. Stocks are not new displacement flows; dash remains missing.
ISR,2010-01-01,2010-12-31,returned_refugees_flow,0.0,people,,,annual,unhcr,live annual,https://api.unhcr.org/population/v1/population/,,2026-09-05T21:33:52.586131+00:00,False,{},Origin-country aggregate. Stocks are not new displacement flows; dash remains missing.
ISR,2011-01-01,2011-12-31,asylum_seekers_origin_stock,507.0,people,,,annual,unhcr,live annual,https://api.unhcr.org/population/v1/population/,,2026-09-05T21:33:52.586131+00:00,False,{},Origin-country aggregate. Stocks are not new displacement flows; dash remains missing.
ISR,2011-01-01,2011-12-31,refugees_origin_stock,1323.0,people,,,annual,unhcr,live annual,https://api.unhcr.org/population/v1/population/,,2026-09-05T21:33:52.586131+00:00,False,{},Origin-country aggregate. Stocks are not new displacement flows; dash remains missing.
ISR,2011-01-01,2011-12-31,returned_refugees_flow,0.0,people,,,annual,unhcr,live annual,https://api.unhcr.org/population/v1/population/,,2026-09-05T21:33:52.586131+00:00,False,{},Origin-country aggregate. Stocks are not new displacement flows; dash remains missing.
ISR,2012-01-01,2012-12-31,asylum_seekers_origin_stock,416.0,people,,,annual,unhcr,live annual,https://api.unhcr.org/population/v1/population/,,2026-09-05T21:33:52.586131+00:00,False,{},Origin-country aggregate. Stocks are not new displacement flows; dash remains missing.
ISR,2012-01-01,2012-12-31,refugees_origin_stock,1326.0,people,,,annual,unhcr,live annual,https://api.unhcr.org/population/v1/population/,,2026-09-05T21:33:52.586131+00:00,False,{},Origin-country aggregate. Stocks are not new displacement flows; dash remains missing.
ISR,2012-01-01,2012-12-31,returned_refugees_flow,0.0,people,,,annual,unhcr,live annual,https://api.unhcr.org/population/v1/population/,,2026-09-05T21:33:52.586131+00:00,False,{},Origin-country aggregate. Stocks are not new displacement flows; dash remains missing.
ISR,2013-01-01,2013-12-31,asylum_seekers_origin_stock,289.0,people,,,annual,unhcr,live annual,https://api.unhcr.org/population/v1/population/,,2026-09-05T21:33:52.586131+00:00,False,{},Origin-country aggregate. Stocks are not new displacement flows; dash remains missing.
ISR,2013-01-01,2013-12-31,refugees_origin_stock,1026.0,people,,,annual,unhcr,live annual,https://api.unhcr.org/population/v1/population/,,2026-09-05T21:33:52.586131+00:00,False,{},Origin-country aggregate. Stocks are not new displacement flows; dash remains missing.
ISR,2013-01-01,2013-12-31,returned_refugees_flow,0.0,people,,,annual,unhcr,live annual,https://api.unhcr.org/population/v1/population/,,2026-09-05T21:33:52.586131+00:00,False,{},Origin-country aggregate. Stocks are not new displacement flows; dash remains missing.
ISR,2014-01-01,2014-12-31,asylum_seekers_origin_stock,282.0,people,,,annual,unhcr,live annual,https://api.unhcr.org/population/v1/population/,,2026-09-05T21:33:52.586131+00:00,False,{},Origin-country aggregate. Stocks are not new displacement flows; dash remains missing.
ISR,2014-01-01,2014-12-31,refugees_origin_stock,967.0,people,,,annual,unhcr,live annual,https://api.unhcr.org/population/v1/population/,,2026-09-05T21:33:52.586131+00:00,False,{},Origin-country aggregate. Stocks are not new displacement flows; dash remains missing.
ISR,2014-01-01,2014-12-31,returned_refugees_flow,0.0,people,,,annual,unhcr,live annual,https://api.unhcr.org/population/v1/population/,,2026-09-05T21:33:52.586131+00:00,False,{},Origin-country aggregate. Stocks are not new displacement flows; dash remains missing.
ISR,2015-01-01,2015-12-31,asylum_seekers_origin_stock,379.0,people,,,annual,unhcr,live annual,https://api.unhcr.org/population/v1/population/,,2026-09-05T21:33:52.586131+00:00,False,{},Origin-country aggregate. Stocks are not new displacement flows; dash remains missing.
ISR,2015-01-01,2015-12-31,refugees_origin_stock,787.0,people,,,annual,unhcr,live annual,https://api.unhcr.org/population/v1/population/,,2026-09-05T21:33:52.586131+00:00,False,{},Origin-country aggregate. Stocks are not new displacement flows; dash remains missing.
ISR,2015-01-01,2015-12-31,returned_refugees_flow,0.0,people,,,annual,unhcr,live annual,https://api.unhcr.org/population/v1/population/,,2026-09-05T21:33:52.586131+00:00,False,{},Origin-country aggregate. Stocks are not new displacement flows; dash remains missing.
ISR,2016-01-01,2016-12-31,asylum_seekers_origin_stock,548.0,people,,,annual,unhcr,live annual,https://api.unhcr.org/population/v1/population/,,2026-09-05T21:33:52.586131+00:00,False,{},Origin-country aggregate. Stocks are not new displacement flows; dash remains missing.
ISR,2016-01-01,2016-12-31,refugees_origin_stock,487.0,people,,,annual,unhcr,live annual,https://api.unhcr.org/population/v1/population/,,2026-09-05T21:33:52.586131+00:00,False,{},Origin-country aggregate. Stocks are not new displacement flows; dash remains missing.
ISR,2016-01-01,2016-12-31,returned_refugees_flow,0.0,people,,,annual,unhcr,live annual,https://api.unhcr.org/population/v1/population/,,2026-09-05T21:33:52.586131+00:00,False,{},Origin-country aggregate. Stocks are not new displacement flows; dash remains missing.
ISR,2017-01-01,2017-12-31,asylum_seekers_origin_stock,691.0,people,,,annual,unhcr,live annual,https://api.unhcr.org/population/v1/population/,,2026-09-05T21:33:52.586131+00:00,False,{},Origin-country aggregate. Stocks are not new displacement flows; dash remains missing.
ISR,2017-01-01,2017-12-31,refugees_origin_stock,469.0,people,,,annual,unhcr,live annual,https://api.unhcr.org/population/v1/population/,,2026-09-05T21:33:52.586131+00:00,False,{},Origin-country aggregate. Stocks are not new displacement flows; dash remains missing.
ISR,2017-01-01,2017-12-31,returned_refugees_flow,0.0,people,,,annual,unhcr,live annual,https://api.unhcr.org/population/v1/population/,,2026-09-05T21:33:52.586131+00:00,False,{},Origin-country aggregate. Stocks are not new displacement flows; dash remains missing.
ISR,2018-01-01,2018-12-31,asylum_seekers_origin_stock,683.0,people,,,annual,unhcr,live annual,https://api.unhcr.org/population/v1/population/,,2026-09-05T21:33:52.586131+00:00,False,{},Origin-country aggregate. Stocks are not new displacement flows; dash remains missing.
ISR,2018-01-01,2018-12-31,refugees_origin_stock,492.0,people,,,annual,unhcr,live annual,https://api.unhcr.org/population/v1/population/,,2026-09-05T21:33:52.586131+00:00,False,{},Origin-country aggregate. Stocks are not new displacement flows; dash remains missing.
ISR,2018-01-01,2018-12-31,returned_refugees_flow,0.0,people,,,annual,unhcr,live annual,https://api.unhcr.org/population/v1/population/,,2026-09-05T21:33:52.586131+00:00,False,{},Origin-country aggregate. Stocks are not new displacement flows; dash remains missing.
ISR,2019-01-01,2019-12-31,asylum_seekers_origin_stock,690.0,people,,,annual,unhcr,live annual,https://api.unhcr.org/population/v1/population/,,2026-09-05T21:33:52.586131+00:00,False,{},Origin-country aggregate. Stocks are not new displacement flows; dash remains missing.
ISR,2019-01-01,2019-12-31,refugees_origin_stock,452.0,people,,,annual,unhcr,live annual,https://api.unhcr.org/population/v1/population/,,2026-09-05T21:33:52.586131+00:00,False,{},Origin-country aggregate. Stocks are not new displacement flows; dash remains missing.
ISR,2019-01-01,2019-12-31,returned_refugees_flow,0.0,people,,,annual,unhcr,live annual,https://api.unhcr.org/population/v1/population/,,2026-09-05T21:33:52.586131+00:00,False,{},Origin-country aggregate. Stocks are not new displacement flows; dash remains missing.
ISR,2020-01-01,2020-12-31,asylum_seekers_origin_stock,663.0,people,,,annual,unhcr,live annual,https://api.unhcr.org/population/v1/population/,,2026-09-05T21:33:52.586131+00:00,False,{},Origin-country aggregate. Stocks are not new displacement flows; dash remains missing.
ISR,2020-01-01,2020-12-31,refugees_origin_stock,373.0,people,,,annual,unhcr,live annual,https://api.unhcr.org/population/v1/population/,,2026-09-05T21:33:52.586131+00:00,False,{},Origin-country aggregate. Stocks are not new displacement flows; dash remains missing.
ISR,2020-01-01,2020-12-31,returned_refugees_flow,0.0,people,,,annual,unhcr,live annual,https://api.unhcr.org/population/v1/population/,,2026-09-05T21:33:52.586131+00:00,False,{},Origin-country aggregate. Stocks are not new displacement flows; dash remains missing.
ISR,2021-01-01,2021-12-31,asylum_seekers_origin_stock,807.0,people,,,annual,unhcr,live annual,https://api.unhcr.org/population/v1/population/,,2026-09-05T21:33:52.586131+00:00,False,{},Origin-country aggregate. Stocks are not new displacement flows; dash remains missing.
ISR,2021-01-01,2021-12-31,refugees_origin_stock,453.0,people,,,annual,unhcr,live annual,https://api.unhcr.org/population/v1/population/,,2026-09-05T21:33:52.586131+00:00,False,{},Origin-country aggregate. Stocks are not new displacement flows; dash remains missing.
ISR,2021-01-01,2021-12-31,returned_refugees_flow,0.0,people,,,annual,unhcr,live annual,https://api.unhcr.org/population/v1/population/,,2026-09-05T21:33:52.586131+00:00,False,{},Origin-country aggregate. Stocks are not new displacement flows; dash remains missing.
ISR,2022-01-01,2022-12-31,asylum_seekers_origin_stock,813.0,people,,,annual,unhcr,live annual,https://api.unhcr.org/population/v1/population/,,2026-09-05T21:33:52.586131+00:00,False,{},Origin-country aggregate. Stocks are not new displacement flows; dash remains missing.
ISR,2022-01-01,2022-12-31,refugees_origin_stock,902.0,people,,,annual,unhcr,live annual,https://api.unhcr.org/population/v1/population/,,2026-09-05T21:33:52.586131+00:00,False,{},Origin-country aggregate. Stocks are not new displacement flows; dash remains missing.
ISR,2022-01-01,2022-12-31,returned_refugees_flow,0.0,people,,,annual,unhcr,live annual,https://api.unhcr.org/population/v1/population/,,2026-09-05T21:33:52.586131+00:00,False,{},Origin-country aggregate. Stocks are not new displacement flows; dash remains missing.
ISR,2023-01-01,2023-12-31,asylum_seekers_origin_stock,1232.0,people,,,annual,unhcr,live annual,https://api.unhcr.org/population/v1/population/,,2026-09-05T21:33:52.586131+00:00,False,{},Origin-country aggregate. Stocks are not new displacement flows; dash remains missing.
ISR,2023-01-01,2023-12-31,refugees_origin_stock,855.0,people,,,annual,unhcr,live annual,https://api.unhcr.org/population/v1/population/,,2026-09-05T21:33:52.586131+00:00,False,{},Origin-country aggregate. Stocks are not new displacement flows; dash remains missing.
ISR,2023-01-01,2023-12-31,returned_refugees_flow,0.0,people,,,annual,unhcr,live annual,https://api.unhcr.org/population/v1/population/,,2026-09-05T21:33:52.586131+00:00,False,{},Origin-country aggregate. Stocks are not new displacement flows; dash remains missing.
ISR,2024-01-01,2024-12-31,asylum_seekers_origin_stock,1659.0,people,,,annual,unhcr,live annual,https://api.unhcr.org/population/v1/population/,,2026-09-05T21:33:52.586131+00:00,False,{},Origin-country aggregate. Stocks are not new displacement flows; dash remains missing.
ISR,2024-01-01,2024-12-31,refugees_origin_stock,1307.0,people,,,annual,unhcr,live annual,https://api.unhcr.org/population/v1/population/,,2026-09-05T21:33:52.586131+00:00,False,{},Origin-country aggregate. Stocks are not new displacement flows; dash remains missing.
ISR,2024-01-01,2024-12-31,returned_refugees_flow,6.0,people,,,annual,unhcr,live annual,https://api.unhcr.org/population/v1/population/,,2026-09-05T21:33:52.586131+00:00,False,{},Origin-country aggregate. Stocks are not new displacement flows; dash remains missing.
ISR,2025-01-01,2025-12-31,asylum_seekers_origin_stock,897.0,people,,,annual,unhcr,live annual,https://api.unhcr.org/population/v1/population/,,2026-09-05T21:33:52.586131+00:00,False,{},Origin-country aggregate. Stocks are not new displacement flows; dash remains missing.
ISR,2025-01-01,2025-12-31,refugees_origin_stock,1265.0,people,,,annual,unhcr,live annual,https://api.unhcr.org/population/v1/population/,,2026-09-05T21:33:52.586131+00:00,False,{},Origin-country aggregate. Stocks are not new displacement flows; dash remains missing.
ISR,2025-01-01,2025-12-31,returned_refugees_flow,0.0,people,,,annual,unhcr,live annual,https://api.unhcr.org/population/v1/population/,,2026-09-05T21:33:52.586131+00:00,False,{},Origin-country aggregate. Stocks are not new displacement flows; dash remains missing.
LBN,2000-01-01,2000-12-31,asylum_seekers_origin_stock,1538.0,people,,,annual,unhcr,live annual,https://api.unhcr.org/population/v1/population/,,2026-09-05T21:33:52.586131+00:00,False,{},Origin-country aggregate. Stocks are not new displacement flows; dash remains missing.
LBN,2000-01-01,2000-12-31,refugees_origin_stock,10208.0,people,,,annual,unhcr,live annual,https://api.unhcr.org/population/v1/population/,,2026-09-05T21:33:52.586131+00:00,False,{},Origin-country aggregate. Stocks are not new displacement flows; dash remains missing.
LBN,2000-01-01,2000-12-31,returned_refugees_flow,1573.0,people,,,annual,unhcr,live annual,https://api.unhcr.org/population/v1/population/,,2026-09-05T21:33:52.586131+00:00,False,{},Origin-country aggregate. Stocks are not new displacement flows; dash remains missing.
LBN,2001-01-01,2001-12-31,asylum_seekers_origin_stock,1887.0,people,,,annual,unhcr,live annual,https://api.unhcr.org/population/v1/population/,,2026-09-05T21:33:52.586131+00:00,False,{},Origin-country aggregate. Stocks are not new displacement flows; dash remains missing.
LBN,2001-01-01,2001-12-31,refugees_origin_stock,8754.0,people,,,annual,unhcr,live annual,https://api.unhcr.org/population/v1/population/,,2026-09-05T21:33:52.586131+00:00,False,{},Origin-country aggregate. Stocks are not new displacement flows; dash remains missing.
LBN,2001-01-01,2001-12-31,returned_refugees_flow,0.0,people,,,annual,unhcr,live annual,https://api.unhcr.org/population/v1/population/,,2026-09-05T21:33:52.586131+00:00,False,{},Origin-country aggregate. Stocks are not new displacement flows; dash remains missing.
LBN,2002-01-01,2002-12-31,asylum_seekers_origin_stock,2364.0,people,,,annual,unhcr,live annual,https://api.unhcr.org/population/v1/population/,,2026-09-05T21:33:52.586131+00:00,False,{},Origin-country aggregate. Stocks are not new displacement flows; dash remains missing.
LBN,2002-01-01,2002-12-31,refugees_origin_stock,26313.0,people,,,annual,unhcr,live annual,https://api.unhcr.org/population/v1/population/,,2026-09-05T21:33:52.586131+00:00,False,{},Origin-country aggregate. Stocks are not new displacement flows; dash remains missing.
LBN,2002-01-01,2002-12-31,returned_refugees_flow,0.0,people,,,annual,unhcr,live annual,https://api.unhcr.org/population/v1/population/,,2026-09-05T21:33:52.586131+00:00,False,{},Origin-country aggregate. Stocks are not new displacement flows; dash remains missing.
LBN,2003-01-01,2003-12-31,asylum_seekers_origin_stock,2129.0,people,,,annual,unhcr,live annual,https://api.unhcr.org/population/v1/population/,,2026-09-05T21:33:52.586131+00:00,False,{},Origin-country aggregate. Stocks are not new displacement flows; dash remains missing.
LBN,2003-01-01,2003-12-31,refugees_origin_stock,24929.0,people,,,annual,unhcr,live annual,https://api.unhcr.org/population/v1/population/,,2026-09-05T21:33:52.586131+00:00,False,{},Origin-country aggregate. Stocks are not new displacement flows; dash remains missing.
LBN,2003-01-01,2003-12-31,returned_refugees_flow,0.0,people,,,annual,unhcr,live annual,https://api.unhcr.org/population/v1/population/,,2026-09-05T21:33:52.586131+00:00,False,{},Origin-country aggregate. Stocks are not new displacement flows; dash remains missing.
LBN,2004-01-01,2004-12-31,asylum_seekers_origin_stock,1610.0,people,,,annual,unhcr,live annual,https://api.unhcr.org/population/v1/population/,,2026-09-05T21:33:52.586131+00:00,False,{},Origin-country aggregate. Stocks are not new displacement flows; dash remains missing.
LBN,2004-01-01,2004-12-31,refugees_origin_stock,19854.0,people,,,annual,unhcr,live annual,https://api.unhcr.org/population/v1/population/,,2026-09-05T21:33:52.586131+00:00,False,{},Origin-country aggregate. Stocks are not new displacement flows; dash remains missing.
LBN,2004-01-01,2004-12-31,returned_refugees_flow,0.0,people,,,annual,unhcr,live annual,https://api.unhcr.org/population/v1/population/,,2026-09-05T21:33:52.586131+00:00,False,{},Origin-country aggregate. Stocks are not new displacement flows; dash remains missing.
LBN,2005-01-01,2005-12-31,asylum_seekers_origin_stock,2004.0,people,,,annual,unhcr,live annual,https://api.unhcr.org/population/v1/population/,,2026-09-05T21:33:52.586131+00:00,False,{},Origin-country aggregate. Stocks are not new displacement flows; dash remains missing.
LBN,2005-01-01,2005-12-31,refugees_origin_stock,18325.0,people,,,annual,unhcr,live annual,https://api.unhcr.org/population/v1/population/,,2026-09-05T21:33:52.586131+00:00,False,{},Origin-country aggregate. Stocks are not new displacement flows; dash remains missing.
LBN,2005-01-01,2005-12-31,returned_refugees_flow,0.0,people,,,annual,unhcr,live annual,https://api.unhcr.org/population/v1/population/,,2026-09-05T21:33:52.586131+00:00,False,{},Origin-country aggregate. Stocks are not new displacement flows; dash remains missing.
LBN,2006-01-01,2006-12-31,asylum_seekers_origin_stock,3160.0,people,,,annual,unhcr,live annual,https://api.unhcr.org/population/v1/population/,,2026-09-05T21:33:52.586131+00:00,False,{},Origin-country aggregate. Stocks are not new displacement flows; dash remains missing.
LBN,2006-01-01,2006-12-31,refugees_origin_stock,12249.0,people,,,annual,unhcr,live annual,https://api.unhcr.org/population/v1/population/,,2026-09-05T21:33:52.586131+00:00,False,{},Origin-country aggregate. Stocks are not new displacement flows; dash remains missing.
LBN,2006-01-01,2006-12-31,returned_refugees_flow,0.0,people,,,annual,unhcr,live annual,https://api.unhcr.org/population/v1/population/,,2026-09-05T21:33:52.586131+00:00,False,{},Origin-country aggregate. Stocks are not new displacement flows; dash remains missing.
LBN,2007-01-01,2007-12-31,asylum_seekers_origin_stock,2560.0,people,,,annual,unhcr,live annual,https://api.unhcr.org/population/v1/population/,,2026-09-05T21:33:52.586131+00:00,False,{},Origin-country aggregate. Stocks are not new displacement flows; dash remains missing.
LBN,2007-01-01,2007-12-31,refugees_origin_stock,13089.0,people,,,annual,unhcr,live annual,https://api.unhcr.org/population/v1/population/,,2026-09-05T21:33:52.586131+00:00,False,{},Origin-country aggregate. Stocks are not new displacement flows; dash remains missing.
LBN,2007-01-01,2007-12-31,returned_refugees_flow,0.0,people,,,annual,unhcr,live annual,https://api.unhcr.org/population/v1/population/,,2026-09-05T21:33:52.586131+00:00,False,{},Origin-country aggregate. Stocks are not new displacement flows; dash remains missing.
LBN,2008-01-01,2008-12-31,asylum_seekers_origin_stock,2276.0,people,,,annual,unhcr,live annual,https://api.unhcr.org/population/v1/population/,,2026-09-05T21:33:52.586131+00:00,False,{},Origin-country aggregate. Stocks are not new displacement flows; dash remains missing.
LBN,2008-01-01,2008-12-31,refugees_origin_stock,12966.0,people,,,annual,unhcr,live annual,https://api.unhcr.org/population/v1/population/,,2026-09-05T21:33:52.586131+00:00,False,{},Origin-country aggregate. Stocks are not new displacement flows; dash remains missing.
LBN,2008-01-01,2008-12-31,returned_refugees_flow,0.0,people,,,annual,unhcr,live annual,https://api.unhcr.org/population/v1/population/,,2026-09-05T21:33:52.586131+00:00,False,{},Origin-country aggregate. Stocks are not new displacement flows; dash remains missing.
LBN,2009-01-01,2009-12-31,asylum_seekers_origin_stock,1755.0,people,,,annual,unhcr,live annual,https://api.unhcr.org/population/v1/population/,,2026-09-05T21:33:52.586131+00:00,False,{},Origin-country aggregate. Stocks are not new displacement flows; dash remains missing.
LBN,2009-01-01,2009-12-31,refugees_origin_stock,16250.0,people,,,annual,unhcr,live annual,https://api.unhcr.org/population/v1/population/,,2026-09-05T21:33:52.586131+00:00,False,{},Origin-country aggregate. Stocks are not new displacement flows; dash remains missing.
LBN,2009-01-01,2009-12-31,returned_refugees_flow,0.0,people,,,annual,unhcr,live annual,https://api.unhcr.org/population/v1/population/,,2026-09-05T21:33:52.586131+00:00,False,{},Origin-country aggregate. Stocks are not new displacement flows; dash remains missing.
LBN,2010-01-01,2010-12-31,asylum_seekers_origin_stock,1518.0,people,,,annual,unhcr,live annual,https://api.unhcr.org/population/v1/population/,,2026-09-05T21:33:52.586131+00:00,False,{},Origin-country aggregate. Stocks are not new displacement flows; dash remains missing.
LBN,2010-01-01,2010-12-31,refugees_origin_stock,15864.0,people,,,annual,unhcr,live annual,https://api.unhcr.org/population/v1/population/,,2026-09-05T21:33:52.586131+00:00,False,{},Origin-country aggregate. Stocks are not new displacement flows; dash remains missing.
LBN,2010-01-01,2010-12-31,returned_refugees_flow,0.0,people,,,annual,unhcr,live annual,https://api.unhcr.org/population/v1/population/,,2026-09-05T21:33:52.586131+00:00,False,{},Origin-country aggregate. Stocks are not new displacement flows; dash remains missing.
LBN,2011-01-01,2011-12-31,asylum_seekers_origin_stock,1384.0,people,,,annual,unhcr,live annual,https://api.unhcr.org/population/v1/population/,,2026-09-05T21:33:52.586131+00:00,False,{},Origin-country aggregate. Stocks are not new displacement flows; dash remains missing.
LBN,2011-01-01,2011-12-31,refugees_origin_stock,15004.0,people,,,annual,unhcr,live annual,https://api.unhcr.org/population/v1/population/,,2026-09-05T21:33:52.586131+00:00,False,{},Origin-country aggregate. Stocks are not new displacement flows; dash remains missing.
LBN,2011-01-01,2011-12-31,returned_refugees_flow,0.0,people,,,annual,unhcr,live annual,https://api.unhcr.org/population/v1/population/,,2026-09-05T21:33:52.586131+00:00,False,{},Origin-country aggregate. Stocks are not new displacement flows; dash remains missing.
LBN,2012-01-01,2012-12-31,asylum_seekers_origin_stock,1976.0,people,,,annual,unhcr,live annual,https://api.unhcr.org/population/v1/population/,,2026-09-05T21:33:52.586131+00:00,False,{},Origin-country aggregate. Stocks are not new displacement flows; dash remains missing.
LBN,2012-01-01,2012-12-31,refugees_origin_stock,15100.0,people,,,annual,unhcr,live annual,https://api.unhcr.org/population/v1/population/,,2026-09-05T21:33:52.586131+00:00,False,{},Origin-country aggregate. Stocks are not new displacement flows; dash remains missing.
LBN,2012-01-01,2012-12-31,returned_refugees_flow,0.0,people,,,annual,unhcr,live annual,https://api.unhcr.org/population/v1/population/,,2026-09-05T21:33:52.586131+00:00,False,{},Origin-country aggregate. Stocks are not new displacement flows; dash remains missing.
LBN,2013-01-01,2013-12-31,asylum_seekers_origin_stock,2730.0,people,,,annual,unhcr,live annual,https://api.unhcr.org/population/v1/population/,,2026-09-05T21:33:52.586131+00:00,False,{},Origin-country aggregate. Stocks are not new displacement flows; dash remains missing.
LBN,2013-01-01,2013-12-31,refugees_origin_stock,3809.0,people,,,annual,unhcr,live annual,https://api.unhcr.org/population/v1/population/,,2026-09-05T21:33:52.586131+00:00,False,{},Origin-country aggregate. Stocks are not new displacement flows; dash remains missing.
LBN,2013-01-01,2013-12-31,returned_refugees_flow,0.0,people,,,annual,unhcr,live annual,https://api.unhcr.org/population/v1/population/,,2026-09-05T21:33:52.586131+00:00,False,{},Origin-country aggregate. Stocks are not new displacement flows; dash remains missing.
LBN,2014-01-01,2014-12-31,asylum_seekers_origin_stock,3833.0,people,,,annual,unhcr,live annual,https://api.unhcr.org/population/v1/population/,,2026-09-05T21:33:52.586131+00:00,False,{},Origin-country aggregate. Stocks are not new displacement flows; dash remains missing.
LBN,2014-01-01,2014-12-31,refugees_origin_stock,4262.0,people,,,annual,unhcr,live annual,https://api.unhcr.org/population/v1/population/,,2026-09-05T21:33:52.586131+00:00,False,{},Origin-country aggregate. Stocks are not new displacement flows; dash remains missing.
LBN,2014-01-01,2014-12-31,returned_refugees_flow,0.0,people,,,annual,unhcr,live annual,https://api.unhcr.org/population/v1/population/,,2026-09-05T21:33:52.586131+00:00,False,{},Origin-country aggregate. Stocks are not new displacement flows; dash remains missing.
LBN,2015-01-01,2015-12-31,asylum_seekers_origin_stock,5985.0,people,,,annual,unhcr,live annual,https://api.unhcr.org/population/v1/population/,,2026-09-05T21:33:52.586131+00:00,False,{},Origin-country aggregate. Stocks are not new displacement flows; dash remains missing.
LBN,2015-01-01,2015-12-31,refugees_origin_stock,4353.0,people,,,annual,unhcr,live annual,https://api.unhcr.org/population/v1/population/,,2026-09-05T21:33:52.586131+00:00,False,{},Origin-country aggregate. Stocks are not new displacement flows; dash remains missing.
LBN,2015-01-01,2015-12-31,returned_refugees_flow,0.0,people,,,annual,unhcr,live annual,https://api.unhcr.org/population/v1/population/,,2026-09-05T21:33:52.586131+00:00,False,{},Origin-country aggregate. Stocks are not new displacement flows; dash remains missing.
LBN,2016-01-01,2016-12-31,asylum_seekers_origin_stock,8484.0,people,,,annual,unhcr,live annual,https://api.unhcr.org/population/v1/population/,,2026-09-05T21:33:52.586131+00:00,False,{},Origin-country aggregate. Stocks are not new displacement flows; dash remains missing.
LBN,2016-01-01,2016-12-31,refugees_origin_stock,4719.0,people,,,annual,unhcr,live annual,https://api.unhcr.org/population/v1/population/,,2026-09-05T21:33:52.586131+00:00,False,{},Origin-country aggregate. Stocks are not new displacement flows; dash remains missing.
LBN,2016-01-01,2016-12-31,returned_refugees_flow,0.0,people,,,annual,unhcr,live annual,https://api.unhcr.org/population/v1/population/,,2026-09-05T21:33:52.586131+00:00,False,{},Origin-country aggregate. Stocks are not new displacement flows; dash remains missing.
LBN,2017-01-01,2017-12-31,asylum_seekers_origin_stock,9285.0,people,,,annual,unhcr,live annual,https://api.unhcr.org/population/v1/population/,,2026-09-05T21:33:52.586131+00:00,False,{},Origin-country aggregate. Stocks are not new displacement flows; dash remains missing.
LBN,2017-01-01,2017-12-31,refugees_origin_stock,5301.0,people,,,annual,unhcr,live annual,https://api.unhcr.org/population/v1/population/,,2026-09-05T21:33:52.586131+00:00,False,{},Origin-country aggregate. Stocks are not new displacement flows; dash remains missing.
LBN,2017-01-01,2017-12-31,returned_refugees_flow,0.0,people,,,annual,unhcr,live annual,https://api.unhcr.org/population/v1/population/,,2026-09-05T21:33:52.586131+00:00,False,{},Origin-country aggregate. Stocks are not new displacement flows; dash remains missing.
LBN,2018-01-01,2018-12-31,asylum_seekers_origin_stock,8058.0,people,,,annual,unhcr,live annual,https://api.unhcr.org/population/v1/population/,,2026-09-05T21:33:52.586131+00:00,False,{},Origin-country aggregate. Stocks are not new displacement flows; dash remains missing.
LBN,2018-01-01,2018-12-31,refugees_origin_stock,5620.0,people,,,annual,unhcr,live annual,https://api.unhcr.org/population/v1/population/,,2026-09-05T21:33:52.586131+00:00,False,{},Origin-country aggregate. Stocks are not new displacement flows; dash remains missing.
LBN,2018-01-01,2018-12-31,returned_refugees_flow,0.0,people,,,annual,unhcr,live annual,https://api.unhcr.org/population/v1/population/,,2026-09-05T21:33:52.586131+00:00,False,{},Origin-country aggregate. Stocks are not new displacement flows; dash remains missing.
LBN,2019-01-01,2019-12-31,asylum_seekers_origin_stock,8032.0,people,,,annual,unhcr,live annual,https://api.unhcr.org/population/v1/population/,,2026-09-05T21:33:52.586131+00:00,False,{},Origin-country aggregate. Stocks are not new displacement flows; dash remains missing.
LBN,2019-01-01,2019-12-31,refugees_origin_stock,5647.0,people,,,annual,unhcr,live annual,https://api.unhcr.org/population/v1/population/,,2026-09-05T21:33:52.586131+00:00,False,{},Origin-country aggregate. Stocks are not new displacement flows; dash remains missing.
LBN,2019-01-01,2019-12-31,returned_refugees_flow,0.0,people,,,annual,unhcr,live annual,https://api.unhcr.org/population/v1/population/,,2026-09-05T21:33:52.586131+00:00,False,{},Origin-country aggregate. Stocks are not new displacement flows; dash remains missing.
LBN,2020-01-01,2020-12-31,asylum_seekers_origin_stock,7964.0,people,,,annual,unhcr,live annual,https://api.unhcr.org/population/v1/population/,,2026-09-05T21:33:52.586131+00:00,False,{},Origin-country aggregate. Stocks are not new displacement flows; dash remains missing.
LBN,2020-01-01,2020-12-31,refugees_origin_stock,5495.0,people,,,annual,unhcr,live annual,https://api.unhcr.org/population/v1/population/,,2026-09-05T21:33:52.586131+00:00,False,{},Origin-country aggregate. Stocks are not new displacement flows; dash remains missing.
LBN,2020-01-01,2020-12-31,returned_refugees_flow,0.0,people,,,annual,unhcr,live annual,https://api.unhcr.org/population/v1/population/,,2026-09-05T21:33:52.586131+00:00,False,{},Origin-country aggregate. Stocks are not new displacement flows; dash remains missing.
LBN,2021-01-01,2021-12-31,asylum_seekers_origin_stock,8873.0,people,,,annual,unhcr,live annual,https://api.unhcr.org/population/v1/population/,,2026-09-05T21:33:52.586131+00:00,False,{},Origin-country aggregate. Stocks are not new displacement flows; dash remains missing.
LBN,2021-01-01,2021-12-31,refugees_origin_stock,6061.0,people,,,annual,unhcr,live annual,https://api.unhcr.org/population/v1/population/,,2026-09-05T21:33:52.586131+00:00,False,{},Origin-country aggregate. Stocks are not new displacement flows; dash remains missing.
LBN,2021-01-01,2021-12-31,returned_refugees_flow,0.0,people,,,annual,unhcr,live annual,https://api.unhcr.org/population/v1/population/,,2026-09-05T21:33:52.586131+00:00,False,{},Origin-country aggregate. Stocks are not new displacement flows; dash remains missing.
LBN,2022-01-01,2022-12-31,asylum_seekers_origin_stock,10289.0,people,,,annual,unhcr,live annual,https://api.unhcr.org/population/v1/population/,,2026-09-05T21:33:52.586131+00:00,False,{},Origin-country aggregate. Stocks are not new displacement flows; dash remains missing.
LBN,2022-01-01,2022-12-31,refugees_origin_stock,6794.0,people,,,annual,unhcr,live annual,https://api.unhcr.org/population/v1/population/,,2026-09-05T21:33:52.586131+00:00,False,{},Origin-country aggregate. Stocks are not new displacement flows; dash remains missing.
LBN,2022-01-01,2022-12-31,returned_refugees_flow,0.0,people,,,annual,unhcr,live annual,https://api.unhcr.org/population/v1/population/,,2026-09-05T21:33:52.586131+00:00,False,{},Origin-country aggregate. Stocks are not new displacement flows; dash remains missing.
LBN,2023-01-01,2023-12-31,asylum_seekers_origin_stock,9793.0,people,,,annual,unhcr,live annual,https://api.unhcr.org/population/v1/population/,,2026-09-05T21:33:52.586131+00:00,False,{},Origin-country aggregate. Stocks are not new displacement flows; dash remains missing.
LBN,2023-01-01,2023-12-31,refugees_origin_stock,7392.0,people,,,annual,unhcr,live annual,https://api.unhcr.org/population/v1/population/,,2026-09-05T21:33:52.586131+00:00,False,{},Origin-country aggregate. Stocks are not new displacement flows; dash remains missing.
LBN,2023-01-01,2023-12-31,returned_refugees_flow,0.0,people,,,annual,unhcr,live annual,https://api.unhcr.org/population/v1/population/,,2026-09-05T21:33:52.586131+00:00,False,{},Origin-country aggregate. Stocks are not new displacement flows; dash remains missing.
LBN,2024-01-01,2024-12-31,asylum_seekers_origin_stock,12125.0,people,,,annual,unhcr,live annual,https://api.unhcr.org/population/v1/population/,,2026-09-05T21:33:52.586131+00:00,False,{},Origin-country aggregate. Stocks are not new displacement flows; dash remains missing.
LBN,2024-01-01,2024-12-31,refugees_origin_stock,9534.0,people,,,annual,unhcr,live annual,https://api.unhcr.org/population/v1/population/,,2026-09-05T21:33:52.586131+00:00,False,{},Origin-country aggregate. Stocks are not new displacement flows; dash remains missing.
LBN,2024-01-01,2024-12-31,returned_refugees_flow,7.0,people,,,annual,unhcr,live annual,https://api.unhcr.org/population/v1/population/,,2026-09-05T21:33:52.586131+00:00,False,{},Origin-country aggregate. Stocks are not new displacement flows; dash remains missing.
LBN,2025-01-01,2025-12-31,asylum_seekers_origin_stock,8798.0,people,,,annual,unhcr,live annual,https://api.unhcr.org/population/v1/population/,,2026-09-05T21:33:52.586131+00:00,False,{},Origin-country aggregate. Stocks are not new displacement flows; dash remains missing.
LBN,2025-01-01,2025-12-31,refugees_origin_stock,9568.0,people,,,annual,unhcr,live annual,https://api.unhcr.org/population/v1/population/,,2026-09-05T21:33:52.586131+00:00,False,{},Origin-country aggregate. Stocks are not new displacement flows; dash remains missing.
LBN,2025-01-01,2025-12-31,returned_refugees_flow,5.0,people,,,annual,unhcr,live annual,https://api.unhcr.org/population/v1/population/,,2026-09-05T21:33:52.586131+00:00,False,{},Origin-country aggregate. Stocks are not new displacement flows; dash remains missing.
PSE,2000-01-01,2000-12-31,asylum_seekers_origin_stock,538.0,people,,,annual,unhcr,live annual,https://api.unhcr.org/population/v1/population/,,2026-09-05T21:33:52.586131+00:00,False,{},Origin-country aggregate. Stocks are not new displacement flows; dash remains missing.
PSE,2000-01-01,2000-12-31,refugees_origin_stock,110641.0,people,,,annual,unhcr,live annual,https://api.unhcr.org/population/v1/population/,,2026-09-05T21:33:52.586131+00:00,False,{},Origin-country aggregate. Stocks are not new displacement flows; dash remains missing.
PSE,2000-01-01,2000-12-31,returned_refugees_flow,0.0,people,,,annual,unhcr,live annual,https://api.unhcr.org/population/v1/population/,,2026-09-05T21:33:52.586131+00:00,False,{},Origin-country aggregate. Stocks are not new displacement flows; dash remains missing.
PSE,2001-01-01,2001-12-31,asylum_seekers_origin_stock,889.0,people,,,annual,unhcr,live annual,https://api.unhcr.org/population/v1/population/,,2026-09-05T21:33:52.586131+00:00,False,{},Origin-country aggregate. Stocks are not new displacement flows; dash remains missing.
PSE,2001-01-01,2001-12-31,refugees_origin_stock,349158.0,people,,,annual,unhcr,live annual,https://api.unhcr.org/population/v1/population/,,2026-09-05T21:33:52.586131+00:00,False,{},Origin-country aggregate. Stocks are not new displacement flows; dash remains missing.
PSE,2001-01-01,2001-12-31,returned_refugees_flow,0.0,people,,,annual,unhcr,live annual,https://api.unhcr.org/population/v1/population/,,2026-09-05T21:33:52.586131+00:00,False,{},Origin-country aggregate. Stocks are not new displacement flows; dash remains missing.
PSE,2002-01-01,2002-12-31,asylum_seekers_origin_stock,999.0,people,,,annual,unhcr,live annual,https://api.unhcr.org/population/v1/population/,,2026-09-05T21:33:52.586131+00:00,False,{},Origin-country aggregate. Stocks are not new displacement flows; dash remains missing.
PSE,2002-01-01,2002-12-31,refugees_origin_stock,428775.0,people,,,annual,unhcr,live annual,https://api.unhcr.org/population/v1/population/,,2026-09-05T21:33:52.586131+00:00,False,{},Origin-country aggregate. Stocks are not new displacement flows; dash remains missing.
PSE,2002-01-01,2002-12-31,returned_refugees_flow,0.0,people,,,annual,unhcr,live annual,https://api.unhcr.org/population/v1/population/,,2026-09-05T21:33:52.586131+00:00,False,{},Origin-country aggregate. Stocks are not new displacement flows; dash remains missing.
PSE,2003-01-01,2003-12-31,asylum_seekers_origin_stock,1074.0,people,,,annual,unhcr,live annual,https://api.unhcr.org/population/v1/population/,,2026-09-05T21:33:52.586131+00:00,False,{},Origin-country aggregate. Stocks are not new displacement flows; dash remains missing.
PSE,2003-01-01,2003-12-31,refugees_origin_stock,350562.0,people,,,annual,unhcr,live annual,https://api.unhcr.org/population/v1/population/,,2026-09-05T21:33:52.586131+00:00,False,{},Origin-country aggregate. Stocks are not new displacement flows; dash remains missing.
PSE,2003-01-01,2003-12-31,returned_refugees_flow,0.0,people,,,annual,unhcr,live annual,https://api.unhcr.org/population/v1/population/,,2026-09-05T21:33:52.586131+00:00,False,{},Origin-country aggregate. Stocks are not new displacement flows; dash remains missing.
PSE,2004-01-01,2004-12-31,asylum_seekers_origin_stock,1024.0,people,,,annual,unhcr,live annual,https://api.unhcr.org/population/v1/population/,,2026-09-05T21:33:52.586131+00:00,False,{},Origin-country aggregate. Stocks are not new displacement flows; dash remains missing.
PSE,2004-01-01,2004-12-31,refugees_origin_stock,349827.0,people,,,annual,unhcr,live annual,https://api.unhcr.org/population/v1/population/,,2026-09-05T21:33:52.586131+00:00,False,{},Origin-country aggregate. Stocks are not new displacement flows; dash remains missing.
PSE,2004-01-01,2004-12-31,returned_refugees_flow,32.0,people,,,annual,unhcr,live annual,https://api.unhcr.org/population/v1/population/,,2026-09-05T21:33:52.586131+00:00,False,{},Origin-country aggregate. Stocks are not new displacement flows; dash remains missing.
PSE,2005-01-01,2005-12-31,asylum_seekers_origin_stock,1053.0,people,,,annual,unhcr,live annual,https://api.unhcr.org/population/v1/population/,,2026-09-05T21:33:52.586131+00:00,False,{},Origin-country aggregate. Stocks are not new displacement flows; dash remains missing.
PSE,2005-01-01,2005-12-31,refugees_origin_stock,349663.0,people,,,annual,unhcr,live annual,https://api.unhcr.org/population/v1/population/,,2026-09-05T21:33:52.586131+00:00,False,{},Origin-country aggregate. Stocks are not new displacement flows; dash remains missing.
PSE,2005-01-01,2005-12-31,returned_refugees_flow,5.0,people,,,annual,unhcr,live annual,https://api.unhcr.org/population/v1/population/,,2026-09-05T21:33:52.586131+00:00,False,{},Origin-country aggregate. Stocks are not new displacement flows; dash remains missing.
PSE,2006-01-01,2006-12-31,asylum_seekers_origin_stock,1386.0,people,,,annual,unhcr,live annual,https://api.unhcr.org/population/v1/population/,,2026-09-05T21:33:52.586131+00:00,False,{},Origin-country aggregate. Stocks are not new displacement flows; dash remains missing.
PSE,2006-01-01,2006-12-31,refugees_origin_stock,334127.0,people,,,annual,unhcr,live annual,https://api.unhcr.org/population/v1/population/,,2026-09-05T21:33:52.586131+00:00,False,{},Origin-country aggregate. Stocks are not new displacement flows; dash remains missing.
PSE,2006-01-01,2006-12-31,returned_refugees_flow,0.0,people,,,annual,unhcr,live annual,https://api.unhcr.org/population/v1/population/,,2026-09-05T21:33:52.586131+00:00,False,{},Origin-country aggregate. Stocks are not new displacement flows; dash remains missing.
PSE,2007-01-01,2007-12-31,asylum_seekers_origin_stock,2416.0,people,,,annual,unhcr,live annual,https://api.unhcr.org/population/v1/population/,,2026-09-05T21:33:52.586131+00:00,False,{},Origin-country aggregate. Stocks are not new displacement flows; dash remains missing.
PSE,2007-01-01,2007-12-31,refugees_origin_stock,341231.0,people,,,annual,unhcr,live annual,https://api.unhcr.org/population/v1/population/,,2026-09-05T21:33:52.586131+00:00,False,{},Origin-country aggregate. Stocks are not new displacement flows; dash remains missing.
PSE,2007-01-01,2007-12-31,returned_refugees_flow,23.0,people,,,annual,unhcr,live annual,https://api.unhcr.org/population/v1/population/,,2026-09-05T21:33:52.586131+00:00,False,{},Origin-country aggregate. Stocks are not new displacement flows; dash remains missing.
PSE,2008-01-01,2008-12-31,asylum_seekers_origin_stock,2648.0,people,,,annual,unhcr,live annual,https://api.unhcr.org/population/v1/population/,,2026-09-05T21:33:52.586131+00:00,False,{},Origin-country aggregate. Stocks are not new displacement flows; dash remains missing.
PSE,2008-01-01,2008-12-31,refugees_origin_stock,340004.0,people,,,annual,unhcr,live annual,https://api.unhcr.org/population/v1/population/,,2026-09-05T21:33:52.586131+00:00,False,{},Origin-country aggregate. Stocks are not new displacement flows; dash remains missing.
PSE,2008-01-01,2008-12-31,returned_refugees_flow,5.0,people,,,annual,unhcr,live annual,https://api.unhcr.org/population/v1/population/,,2026-09-05T21:33:52.586131+00:00,False,{},Origin-country aggregate. Stocks are not new displacement flows; dash remains missing.
PSE,2009-01-01,2009-12-31,asylum_seekers_origin_stock,2488.0,people,,,annual,unhcr,live annual,https://api.unhcr.org/population/v1/population/,,2026-09-05T21:33:52.586131+00:00,False,{},Origin-country aggregate. Stocks are not new displacement flows; dash remains missing.
PSE,2009-01-01,2009-12-31,refugees_origin_stock,95185.0,people,,,annual,unhcr,live annual,https://api.unhcr.org/population/v1/population/,,2026-09-05T21:33:52.586131+00:00,False,{},Origin-country aggregate. Stocks are not new displacement flows; dash remains missing.
PSE,2009-01-01,2009-12-31,returned_refugees_flow,0.0,people,,,annual,unhcr,live annual,https://api.unhcr.org/population/v1/population/,,2026-09-05T21:33:52.586131+00:00,False,{},Origin-country aggregate. Stocks are not new displacement flows; dash remains missing.
PSE,2010-01-01,2010-12-31,asylum_seekers_origin_stock,3194.0,people,,,annual,unhcr,live annual,https://api.unhcr.org/population/v1/population/,,2026-09-05T21:33:52.586131+00:00,False,{},Origin-country aggregate. Stocks are not new displacement flows; dash remains missing.
PSE,2010-01-01,2010-12-31,refugees_origin_stock,93312.0,people,,,annual,unhcr,live annual,https://api.unhcr.org/population/v1/population/,,2026-09-05T21:33:52.586131+00:00,False,{},Origin-country aggregate. Stocks are not new displacement flows; dash remains missing.
PSE,2010-01-01,2010-12-31,returned_refugees_flow,13.0,people,,,annual,unhcr,live annual,https://api.unhcr.org/population/v1/population/,,2026-09-05T21:33:52.586131+00:00,False,{},Origin-country aggregate. Stocks are not new displacement flows; dash remains missing.
PSE,2011-01-01,2011-12-31,asylum_seekers_origin_stock,1760.0,people,,,annual,unhcr,live annual,https://api.unhcr.org/population/v1/population/,,2026-09-05T21:33:52.586131+00:00,False,{},Origin-country aggregate. Stocks are not new displacement flows; dash remains missing.
PSE,2011-01-01,2011-12-31,refugees_origin_stock,94141.0,people,,,annual,unhcr,live annual,https://api.unhcr.org/population/v1/population/,,2026-09-05T21:33:52.586131+00:00,False,{},Origin-country aggregate. Stocks are not new displacement flows; dash remains missing.
PSE,2011-01-01,2011-12-31,returned_refugees_flow,0.0,people,,,annual,unhcr,live annual,https://api.unhcr.org/population/v1/population/,,2026-09-05T21:33:52.586131+00:00,False,{},Origin-country aggregate. Stocks are not new displacement flows; dash remains missing.
PSE,2012-01-01,2012-12-31,asylum_seekers_origin_stock,2423.0,people,,,annual,unhcr,live annual,https://api.unhcr.org/population/v1/population/,,2026-09-05T21:33:52.586131+00:00,False,{},Origin-country aggregate. Stocks are not new displacement flows; dash remains missing.
PSE,2012-01-01,2012-12-31,refugees_origin_stock,94916.0,people,,,annual,unhcr,live annual,https://api.unhcr.org/population/v1/population/,,2026-09-05T21:33:52.586131+00:00,False,{},Origin-country aggregate. Stocks are not new displacement flows; dash remains missing.
PSE,2012-01-01,2012-12-31,returned_refugees_flow,0.0,people,,,annual,unhcr,live annual,https://api.unhcr.org/population/v1/population/,,2026-09-05T21:33:52.586131+00:00,False,{},Origin-country aggregate. Stocks are not new displacement flows; dash remains missing.
PSE,2013-01-01,2013-12-31,asylum_seekers_origin_stock,3336.0,people,,,annual,unhcr,live annual,https://api.unhcr.org/population/v1/population/,,2026-09-05T21:33:52.586131+00:00,False,{},Origin-country aggregate. Stocks are not new displacement flows; dash remains missing.
PSE,2013-01-01,2013-12-31,refugees_origin_stock,96035.0,people,,,annual,unhcr,live annual,https://api.unhcr.org/population/v1/population/,,2026-09-05T21:33:52.586131+00:00,False,{},Origin-country aggregate. Stocks are not new displacement flows; dash remains missing.
PSE,2013-01-01,2013-12-31,returned_refugees_flow,5.0,people,,,annual,unhcr,live annual,https://api.unhcr.org/population/v1/population/,,2026-09-05T21:33:52.586131+00:00,False,{},Origin-country aggregate. Stocks are not new displacement flows; dash remains missing.
PSE,2014-01-01,2014-12-31,asylum_seekers_origin_stock,3636.0,people,,,annual,unhcr,live annual,https://api.unhcr.org/population/v1/population/,,2026-09-05T21:33:52.586131+00:00,False,{},Origin-country aggregate. Stocks are not new displacement flows; dash remains missing.
PSE,2014-01-01,2014-12-31,refugees_origin_stock,97207.0,people,,,annual,unhcr,live annual,https://api.unhcr.org/population/v1/population/,,2026-09-05T21:33:52.586131+00:00,False,{},Origin-country aggregate. Stocks are not new displacement flows; dash remains missing.
PSE,2014-01-01,2014-12-31,returned_refugees_flow,0.0,people,,,annual,unhcr,live annual,https://api.unhcr.org/population/v1/population/,,2026-09-05T21:33:52.586131+00:00,False,{},Origin-country aggregate. Stocks are not new displacement flows; dash remains missing.
PSE,2015-01-01,2015-12-31,asylum_seekers_origin_stock,4315.0,people,,,annual,unhcr,live annual,https://api.unhcr.org/population/v1/population/,,2026-09-05T21:33:52.586131+00:00,False,{},Origin-country aggregate. Stocks are not new displacement flows; dash remains missing.
PSE,2015-01-01,2015-12-31,refugees_origin_stock,98013.0,people,,,annual,unhcr,live annual,https://api.unhcr.org/population/v1/population/,,2026-09-05T21:33:52.586131+00:00,False,{},Origin-country aggregate. Stocks are not new displacement flows; dash remains missing.
PSE,2015-01-01,2015-12-31,returned_refugees_flow,12.0,people,,,annual,unhcr,live annual,https://api.unhcr.org/population/v1/population/,,2026-09-05T21:33:52.586131+00:00,False,{},Origin-country aggregate. Stocks are not new displacement flows; dash remains missing.
PSE,2016-01-01,2016-12-31,asylum_seekers_origin_stock,5980.0,people,,,annual,unhcr,live annual,https://api.unhcr.org/population/v1/population/,,2026-09-05T21:33:52.586131+00:00,False,{},Origin-country aggregate. Stocks are not new displacement flows; dash remains missing.
PSE,2016-01-01,2016-12-31,refugees_origin_stock,97794.0,people,,,annual,unhcr,live annual,https://api.unhcr.org/population/v1/population/,,2026-09-05T21:33:52.586131+00:00,False,{},Origin-country aggregate. Stocks are not new displacement flows; dash remains missing.
PSE,2016-01-01,2016-12-31,returned_refugees_flow,0.0,people,,,annual,unhcr,live annual,https://api.unhcr.org/population/v1/population/,,2026-09-05T21:33:52.586131+00:00,False,{},Origin-country aggregate. Stocks are not new displacement flows; dash remains missing.
PSE,2017-01-01,2017-12-31,asylum_seekers_origin_stock,8859.0,people,,,annual,unhcr,live annual,https://api.unhcr.org/population/v1/population/,,2026-09-05T21:33:52.586131+00:00,False,{},Origin-country aggregate. Stocks are not new displacement flows; dash remains missing.
PSE,2017-01-01,2017-12-31,refugees_origin_stock,99630.0,people,,,annual,unhcr,live annual,https://api.unhcr.org/population/v1/population/,,2026-09-05T21:33:52.586131+00:00,False,{},Origin-country aggregate. Stocks are not new displacement flows; dash remains missing.
PSE,2017-01-01,2017-12-31,returned_refugees_flow,0.0,people,,,annual,unhcr,live annual,https://api.unhcr.org/population/v1/population/,,2026-09-05T21:33:52.586131+00:00,False,{},Origin-country aggregate. Stocks are not new displacement flows; dash remains missing.
PSE,2018-01-01,2018-12-31,asylum_seekers_origin_stock,13461.0,people,,,annual,unhcr,live annual,https://api.unhcr.org/population/v1/population/,,2026-09-05T21:33:52.586131+00:00,False,{},Origin-country aggregate. Stocks are not new displacement flows; dash remains missing.
PSE,2018-01-01,2018-12-31,refugees_origin_stock,100728.0,people,,,annual,unhcr,live annual,https://api.unhcr.org/population/v1/population/,,2026-09-05T21:33:52.586131+00:00,False,{},Origin-country aggregate. Stocks are not new displacement flows; dash remains missing.
PSE,2018-01-01,2018-12-31,returned_refugees_flow,0.0,people,,,annual,unhcr,live annual,https://api.unhcr.org/population/v1/population/,,2026-09-05T21:33:52.586131+00:00,False,{},Origin-country aggregate. Stocks are not new displacement flows; dash remains missing.
PSE,2019-01-01,2019-12-31,asylum_seekers_origin_stock,11537.0,people,,,annual,unhcr,live annual,https://api.unhcr.org/population/v1/population/,,2026-09-05T21:33:52.586131+00:00,False,{},Origin-country aggregate. Stocks are not new displacement flows; dash remains missing.
PSE,2019-01-01,2019-12-31,refugees_origin_stock,96253.0,people,,,annual,unhcr,live annual,https://api.unhcr.org/population/v1/population/,,2026-09-05T21:33:52.586131+00:00,False,{},Origin-country aggregate. Stocks are not new displacement flows; dash remains missing.
PSE,2019-01-01,2019-12-31,returned_refugees_flow,0.0,people,,,annual,unhcr,live annual,https://api.unhcr.org/population/v1/population/,,2026-09-05T21:33:52.586131+00:00,False,{},Origin-country aggregate. Stocks are not new displacement flows; dash remains missing.
PSE,2020-01-01,2020-12-31,asylum_seekers_origin_stock,12456.0,people,,,annual,unhcr,live annual,https://api.unhcr.org/population/v1/population/,,2026-09-05T21:33:52.586131+00:00,False,{},Origin-country aggregate. Stocks are not new displacement flows; dash remains missing.
PSE,2020-01-01,2020-12-31,refugees_origin_stock,100153.0,people,,,annual,unhcr,live annual,https://api.unhcr.org/population/v1/population/,,2026-09-05T21:33:52.586131+00:00,False,{},Origin-country aggregate. Stocks are not new displacement flows; dash remains missing.
PSE,2020-01-01,2020-12-31,returned_refugees_flow,0.0,people,,,annual,unhcr,live annual,https://api.unhcr.org/population/v1/population/,,2026-09-05T21:33:52.586131+00:00,False,{},Origin-country aggregate. Stocks are not new displacement flows; dash remains missing.
PSE,2021-01-01,2021-12-31,asylum_seekers_origin_stock,9645.0,people,,,annual,unhcr,live annual,https://api.unhcr.org/population/v1/population/,,2026-09-05T21:33:52.586131+00:00,False,{},Origin-country aggregate. Stocks are not new displacement flows; dash remains missing.
PSE,2021-01-01,2021-12-31,refugees_origin_stock,103581.0,people,,,annual,unhcr,live annual,https://api.unhcr.org/population/v1/population/,,2026-09-05T21:33:52.586131+00:00,False,{},Origin-country aggregate. Stocks are not new displacement flows; dash remains missing.
PSE,2021-01-01,2021-12-31,returned_refugees_flow,0.0,people,,,annual,unhcr,live annual,https://api.unhcr.org/population/v1/population/,,2026-09-05T21:33:52.586131+00:00,False,{},Origin-country aggregate. Stocks are not new displacement flows; dash remains missing.
PSE,2022-01-01,2022-12-31,asylum_seekers_origin_stock,11295.0,people,,,annual,unhcr,live annual,https://api.unhcr.org/population/v1/population/,,2026-09-05T21:33:52.586131+00:00,False,{},Origin-country aggregate. Stocks are not new displacement flows; dash remains missing.
PSE,2022-01-01,2022-12-31,refugees_origin_stock,104307.0,people,,,annual,unhcr,live annual,https://api.unhcr.org/population/v1/population/,,2026-09-05T21:33:52.586131+00:00,False,{},Origin-country aggregate. Stocks are not new displacement flows; dash remains missing.
PSE,2022-01-01,2022-12-31,returned_refugees_flow,0.0,people,,,annual,unhcr,live annual,https://api.unhcr.org/population/v1/population/,,2026-09-05T21:33:52.586131+00:00,False,{},Origin-country aggregate. Stocks are not new displacement flows; dash remains missing.
PSE,2023-01-01,2023-12-31,asylum_seekers_origin_stock,12387.0,people,,,annual,unhcr,live annual,https://api.unhcr.org/population/v1/population/,,2026-09-05T21:33:52.586131+00:00,False,{},Origin-country aggregate. Stocks are not new displacement flows; dash remains missing.
PSE,2023-01-01,2023-12-31,refugees_origin_stock,41077.0,people,,,annual,unhcr,live annual,https://api.unhcr.org/population/v1/population/,,2026-09-05T21:33:52.586131+00:00,False,{},Origin-country aggregate. Stocks are not new displacement flows; dash remains missing.
PSE,2023-01-01,2023-12-31,returned_refugees_flow,0.0,people,,,annual,unhcr,live annual,https://api.unhcr.org/population/v1/population/,,2026-09-05T21:33:52.586131+00:00,False,{},Origin-country aggregate. Stocks are not new displacement flows; dash remains missing.
PSE,2024-01-01,2024-12-31,asylum_seekers_origin_stock,15720.0,people,,,annual,unhcr,live annual,https://api.unhcr.org/population/v1/population/,,2026-09-05T21:33:52.586131+00:00,False,{},Origin-country aggregate. Stocks are not new displacement flows; dash remains missing.
PSE,2024-01-01,2024-12-31,refugees_origin_stock,43712.0,people,,,annual,unhcr,live annual,https://api.unhcr.org/population/v1/population/,,2026-09-05T21:33:52.586131+00:00,False,{},Origin-country aggregate. Stocks are not new displacement flows; dash remains missing.
PSE,2024-01-01,2024-12-31,returned_refugees_flow,0.0,people,,,annual,unhcr,live annual,https://api.unhcr.org/population/v1/population/,,2026-09-05T21:33:52.586131+00:00,False,{},Origin-country aggregate. Stocks are not new displacement flows; dash remains missing.
PSE,2025-01-01,2025-12-31,asylum_seekers_origin_stock,16726.0,people,,,annual,unhcr,live annual,https://api.unhcr.org/population/v1/population/,,2026-09-05T21:33:52.586131+00:00,False,{},Origin-country aggregate. Stocks are not new displacement flows; dash remains missing.
PSE,2025-01-01,2025-12-31,refugees_origin_stock,48323.0,people,,,annual,unhcr,live annual,https://api.unhcr.org/population/v1/population/,,2026-09-05T21:33:52.586131+00:00,False,{},Origin-country aggregate. Stocks are not new displacement flows; dash remains missing.
PSE,2025-01-01,2025-12-31,returned_refugees_flow,24.0,people,,,annual,unhcr,live annual,https://api.unhcr.org/population/v1/population/,,2026-09-05T21:33:52.586131+00:00,False,{},Origin-country aggregate. Stocks are not new displacement flows; dash remains missing.
SDN,2000-01-01,2000-12-31,asylum_seekers_origin_stock,19094.0,people,,,annual,unhcr,live annual,https://api.unhcr.org/population/v1/population/,,2026-09-05T21:33:52.586131+00:00,False,{},Origin-country aggregate. Stocks are not new displacement flows; dash remains missing.
SDN,2000-01-01,2000-12-31,refugees_origin_stock,494351.0,people,,,annual,unhcr,live annual,https://api.unhcr.org/population/v1/population/,,2026-09-05T21:33:52.586131+00:00,False,{},Origin-country aggregate. Stocks are not new displacement flows; dash remains missing.
SDN,2000-01-01,2000-12-31,returned_refugees_flow,261.0,people,,,annual,unhcr,live annual,https://api.unhcr.org/population/v1/population/,,2026-09-05T21:33:52.586131+00:00,False,{},Origin-country aggregate. Stocks are not new displacement flows; dash remains missing.
SDN,2001-01-01,2001-12-31,asylum_seekers_origin_stock,19824.0,people,,,annual,unhcr,live annual,https://api.unhcr.org/population/v1/population/,,2026-09-05T21:33:52.586131+00:00,False,{},Origin-country aggregate. Stocks are not new displacement flows; dash remains missing.
SDN,2001-01-01,2001-12-31,refugees_origin_stock,489931.0,people,,,annual,unhcr,live annual,https://api.unhcr.org/population/v1/population/,,2026-09-05T21:33:52.586131+00:00,False,{},Origin-country aggregate. Stocks are not new displacement flows; dash remains missing.
SDN,2001-01-01,2001-12-31,returned_refugees_flow,5178.0,people,,,annual,unhcr,live annual,https://api.unhcr.org/population/v1/population/,,2026-09-05T21:33:52.586131+00:00,False,{},Origin-country aggregate. Stocks are not new displacement flows; dash remains missing.
SDN,2002-01-01,2002-12-31,asylum_seekers_origin_stock,13999.0,people,,,annual,unhcr,live annual,https://api.unhcr.org/population/v1/population/,,2026-09-05T21:33:52.586131+00:00,False,{},Origin-country aggregate. Stocks are not new displacement flows; dash remains missing.
SDN,2002-01-01,2002-12-31,refugees_origin_stock,508863.0,people,,,annual,unhcr,live annual,https://api.unhcr.org/population/v1/population/,,2026-09-05T21:33:52.586131+00:00,False,{},Origin-country aggregate. Stocks are not new displacement flows; dash remains missing.
SDN,2002-01-01,2002-12-31,returned_refugees_flow,385.0,people,,,annual,unhcr,live annual,https://api.unhcr.org/population/v1/population/,,2026-09-05T21:33:52.586131+00:00,False,{},Origin-country aggregate. Stocks are not new displacement flows; dash remains missing.
SDN,2003-01-01,2003-12-31,asylum_seekers_origin_stock,6675.0,people,,,annual,unhcr,live annual,https://api.unhcr.org/population/v1/population/,,2026-09-05T21:33:52.586131+00:00,False,{},Origin-country aggregate. Stocks are not new displacement flows; dash remains missing.
SDN,2003-01-01,2003-12-31,refugees_origin_stock,606230.0,people,,,annual,unhcr,live annual,https://api.unhcr.org/population/v1/population/,,2026-09-05T21:33:52.586131+00:00,False,{},Origin-country aggregate. Stocks are not new displacement flows; dash remains missing.
SDN,2003-01-01,2003-12-31,returned_refugees_flow,124.0,people,,,annual,unhcr,live annual,https://api.unhcr.org/population/v1/population/,,2026-09-05T21:33:52.586131+00:00,False,{},Origin-country aggregate. Stocks are not new displacement flows; dash remains missing.
SDN,2004-01-01,2004-12-31,asylum_seekers_origin_stock,11950.0,people,,,annual,unhcr,live annual,https://api.unhcr.org/population/v1/population/,,2026-09-05T21:33:52.586131+00:00,False,{},Origin-country aggregate. Stocks are not new displacement flows; dash remains missing.
SDN,2004-01-01,2004-12-31,refugees_origin_stock,730631.0,people,,,annual,unhcr,live annual,https://api.unhcr.org/population/v1/population/,,2026-09-05T21:33:52.586131+00:00,False,{},Origin-country aggregate. Stocks are not new displacement flows; dash remains missing.
SDN,2004-01-01,2004-12-31,returned_refugees_flow,287.0,people,,,annual,unhcr,live annual,https://api.unhcr.org/population/v1/population/,,2026-09-05T21:33:52.586131+00:00,False,{},Origin-country aggregate. Stocks are not new displacement flows; dash remains missing.
SDN,2005-01-01,2005-12-31,asylum_seekers_origin_stock,13461.0,people,,,annual,unhcr,live annual,https://api.unhcr.org/population/v1/population/,,2026-09-05T21:33:52.586131+00:00,False,{},Origin-country aggregate. Stocks are not new displacement flows; dash remains missing.
SDN,2005-01-01,2005-12-31,refugees_origin_stock,693621.0,people,,,annual,unhcr,live annual,https://api.unhcr.org/population/v1/population/,,2026-09-05T21:33:52.586131+00:00,False,{},Origin-country aggregate. Stocks are not new displacement flows; dash remains missing.
SDN,2005-01-01,2005-12-31,returned_refugees_flow,18521.0,people,,,annual,unhcr,live annual,https://api.unhcr.org/population/v1/population/,,2026-09-05T21:33:52.586131+00:00,False,{},Origin-country aggregate. Stocks are not new displacement flows; dash remains missing.
SDN,2006-01-01,2006-12-31,asylum_seekers_origin_stock,16629.0,people,,,annual,unhcr,live annual,https://api.unhcr.org/population/v1/population/,,2026-09-05T21:33:52.586131+00:00,False,{},Origin-country aggregate. Stocks are not new displacement flows; dash remains missing.
SDN,2006-01-01,2006-12-31,refugees_origin_stock,686296.0,people,,,annual,unhcr,live annual,https://api.unhcr.org/population/v1/population/,,2026-09-05T21:33:52.586131+00:00,False,{},Origin-country aggregate. Stocks are not new displacement flows; dash remains missing.
SDN,2006-01-01,2006-12-31,returned_refugees_flow,42253.0,people,,,annual,unhcr,live annual,https://api.unhcr.org/population/v1/population/,,2026-09-05T21:33:52.586131+00:00,False,{},Origin-country aggregate. Stocks are not new displacement flows; dash remains missing.
SDN,2007-01-01,2007-12-31,asylum_seekers_origin_stock,19406.0,people,,,annual,unhcr,live annual,https://api.unhcr.org/population/v1/population/,,2026-09-05T21:33:52.586131+00:00,False,{},Origin-country aggregate. Stocks are not new displacement flows; dash remains missing.
SDN,2007-01-01,2007-12-31,refugees_origin_stock,523029.0,people,,,annual,unhcr,live annual,https://api.unhcr.org/population/v1/population/,,2026-09-05T21:33:52.586131+00:00,False,{},Origin-country aggregate. Stocks are not new displacement flows; dash remains missing.
SDN,2007-01-01,2007-12-31,returned_refugees_flow,130682.0,people,,,annual,unhcr,live annual,https://api.unhcr.org/population/v1/population/,,2026-09-05T21:33:52.586131+00:00,False,{},Origin-country aggregate. Stocks are not new displacement flows; dash remains missing.
SDN,2008-01-01,2008-12-31,asylum_seekers_origin_stock,18073.0,people,,,annual,unhcr,live annual,https://api.unhcr.org/population/v1/population/,,2026-09-05T21:33:52.586131+00:00,False,{},Origin-country aggregate. Stocks are not new displacement flows; dash remains missing.
SDN,2008-01-01,2008-12-31,refugees_origin_stock,419249.0,people,,,annual,unhcr,live annual,https://api.unhcr.org/population/v1/population/,,2026-09-05T21:33:52.586131+00:00,False,{},Origin-country aggregate. Stocks are not new displacement flows; dash remains missing.
SDN,2008-01-01,2008-12-31,returned_refugees_flow,90084.0,people,,,annual,unhcr,live annual,https://api.unhcr.org/population/v1/population/,,2026-09-05T21:33:52.586131+00:00,False,{},Origin-country aggregate. Stocks are not new displacement flows; dash remains missing.
SDN,2009-01-01,2009-12-31,asylum_seekers_origin_stock,16901.0,people,,,annual,unhcr,live annual,https://api.unhcr.org/population/v1/population/,,2026-09-05T21:33:52.586131+00:00,False,{},Origin-country aggregate. Stocks are not new displacement flows; dash remains missing.
SDN,2009-01-01,2009-12-31,refugees_origin_stock,368178.0,people,,,annual,unhcr,live annual,https://api.unhcr.org/population/v1/population/,,2026-09-05T21:33:52.586131+00:00,False,{},Origin-country aggregate. Stocks are not new displacement flows; dash remains missing.
SDN,2009-01-01,2009-12-31,returned_refugees_flow,33135.0,people,,,annual,unhcr,live annual,https://api.unhcr.org/population/v1/population/,,2026-09-05T21:33:52.586131+00:00,False,{},Origin-country aggregate. Stocks are not new displacement flows; dash remains missing.
SDN,2010-01-01,2010-12-31,asylum_seekers_origin_stock,23699.0,people,,,annual,unhcr,live annual,https://api.unhcr.org/population/v1/population/,,2026-09-05T21:33:52.586131+00:00,False,{},Origin-country aggregate. Stocks are not new displacement flows; dash remains missing.
SDN,2010-01-01,2010-12-31,refugees_origin_stock,387265.0,people,,,annual,unhcr,live annual,https://api.unhcr.org/population/v1/population/,,2026-09-05T21:33:52.586131+00:00,False,{},Origin-country aggregate. Stocks are not new displacement flows; dash remains missing.
SDN,2010-01-01,2010-12-31,returned_refugees_flow,7064.0,people,,,annual,unhcr,live annual,https://api.unhcr.org/population/v1/population/,,2026-09-05T21:33:52.586131+00:00,False,{},Origin-country aggregate. Stocks are not new displacement flows; dash remains missing.
SDN,2011-01-01,2011-12-31,asylum_seekers_origin_stock,31447.0,people,,,annual,unhcr,live annual,https://api.unhcr.org/population/v1/population/,,2026-09-05T21:33:52.586131+00:00,False,{},Origin-country aggregate. Stocks are not new displacement flows; dash remains missing.
SDN,2011-01-01,2011-12-31,refugees_origin_stock,500004.0,people,,,annual,unhcr,live annual,https://api.unhcr.org/population/v1/population/,,2026-09-05T21:33:52.586131+00:00,False,{},Origin-country aggregate. Stocks are not new displacement flows; dash remains missing.
SDN,2011-01-01,2011-12-31,returned_refugees_flow,50070.0,people,,,annual,unhcr,live annual,https://api.unhcr.org/population/v1/population/,,2026-09-05T21:33:52.586131+00:00,False,{},Origin-country aggregate. Stocks are not new displacement flows; dash remains missing.
SDN,2012-01-01,2012-12-31,asylum_seekers_origin_stock,21521.0,people,,,annual,unhcr,live annual,https://api.unhcr.org/population/v1/population/,,2026-09-05T21:33:52.586131+00:00,False,{},Origin-country aggregate. Stocks are not new displacement flows; dash remains missing.
SDN,2012-01-01,2012-12-31,refugees_origin_stock,568934.0,people,,,annual,unhcr,live annual,https://api.unhcr.org/population/v1/population/,,2026-09-05T21:33:52.586131+00:00,False,{},Origin-country aggregate. Stocks are not new displacement flows; dash remains missing.
SDN,2012-01-01,2012-12-31,returned_refugees_flow,19488.0,people,,,annual,unhcr,live annual,https://api.unhcr.org/population/v1/population/,,2026-09-05T21:33:52.586131+00:00,False,{},Origin-country aggregate. Stocks are not new displacement flows; dash remains missing.
SDN,2013-01-01,2013-12-31,asylum_seekers_origin_stock,28378.0,people,,,annual,unhcr,live annual,https://api.unhcr.org/population/v1/population/,,2026-09-05T21:33:52.586131+00:00,False,{},Origin-country aggregate. Stocks are not new displacement flows; dash remains missing.
SDN,2013-01-01,2013-12-31,refugees_origin_stock,648936.0,people,,,annual,unhcr,live annual,https://api.unhcr.org/population/v1/population/,,2026-09-05T21:33:52.586131+00:00,False,{},Origin-country aggregate. Stocks are not new displacement flows; dash remains missing.
SDN,2013-01-01,2013-12-31,returned_refugees_flow,16949.0,people,,,annual,unhcr,live annual,https://api.unhcr.org/population/v1/population/,,2026-09-05T21:33:52.586131+00:00,False,{},Origin-country aggregate. Stocks are not new displacement flows; dash remains missing.
SDN,2014-01-01,2014-12-31,asylum_seekers_origin_stock,36027.0,people,,,annual,unhcr,live annual,https://api.unhcr.org/population/v1/population/,,2026-09-05T21:33:52.586131+00:00,False,{},Origin-country aggregate. Stocks are not new displacement flows; dash remains missing.
SDN,2014-01-01,2014-12-31,refugees_origin_stock,665956.0,people,,,annual,unhcr,live annual,https://api.unhcr.org/population/v1/population/,,2026-09-05T21:33:52.586131+00:00,False,{},Origin-country aggregate. Stocks are not new displacement flows; dash remains missing.
SDN,2014-01-01,2014-12-31,returned_refugees_flow,13140.0,people,,,annual,unhcr,live annual,https://api.unhcr.org/population/v1/population/,,2026-09-05T21:33:52.586131+00:00,False,{},Origin-country aggregate. Stocks are not new displacement flows; dash remains missing.
SDN,2015-01-01,2015-12-31,asylum_seekers_origin_stock,42909.0,people,,,annual,unhcr,live annual,https://api.unhcr.org/population/v1/population/,,2026-09-05T21:33:52.586131+00:00,False,{},Origin-country aggregate. Stocks are not new displacement flows; dash remains missing.
SDN,2015-01-01,2015-12-31,refugees_origin_stock,627080.0,people,,,annual,unhcr,live annual,https://api.unhcr.org/population/v1/population/,,2026-09-05T21:33:52.586131+00:00,False,{},Origin-country aggregate. Stocks are not new displacement flows; dash remains missing.
SDN,2015-01-01,2015-12-31,returned_refugees_flow,39491.0,people,,,annual,unhcr,live annual,https://api.unhcr.org/population/v1/population/,,2026-09-05T21:33:52.586131+00:00,False,{},Origin-country aggregate. Stocks are not new displacement flows; dash remains missing.
SDN,2016-01-01,2016-12-31,asylum_seekers_origin_stock,50469.0,people,,,annual,unhcr,live annual,https://api.unhcr.org/population/v1/population/,,2026-09-05T21:33:52.586131+00:00,False,{},Origin-country aggregate. Stocks are not new displacement flows; dash remains missing.
SDN,2016-01-01,2016-12-31,refugees_origin_stock,650391.0,people,,,annual,unhcr,live annual,https://api.unhcr.org/population/v1/population/,,2026-09-05T21:33:52.586131+00:00,False,{},Origin-country aggregate. Stocks are not new displacement flows; dash remains missing.
SDN,2016-01-01,2016-12-31,returned_refugees_flow,37215.0,people,,,annual,unhcr,live annual,https://api.unhcr.org/population/v1/population/,,2026-09-05T21:33:52.586131+00:00,False,{},Origin-country aggregate. Stocks are not new displacement flows; dash remains missing.
SDN,2017-01-01,2017-12-31,asylum_seekers_origin_stock,52191.0,people,,,annual,unhcr,live annual,https://api.unhcr.org/population/v1/population/,,2026-09-05T21:33:52.586131+00:00,False,{},Origin-country aggregate. Stocks are not new displacement flows; dash remains missing.
SDN,2017-01-01,2017-12-31,refugees_origin_stock,694556.0,people,,,annual,unhcr,live annual,https://api.unhcr.org/population/v1/population/,,2026-09-05T21:33:52.586131+00:00,False,{},Origin-country aggregate. Stocks are not new displacement flows; dash remains missing.
SDN,2017-01-01,2017-12-31,returned_refugees_flow,11675.0,people,,,annual,unhcr,live annual,https://api.unhcr.org/population/v1/population/,,2026-09-05T21:33:52.586131+00:00,False,{},Origin-country aggregate. Stocks are not new displacement flows; dash remains missing.
SDN,2018-01-01,2018-12-31,asylum_seekers_origin_stock,67433.0,people,,,annual,unhcr,live annual,https://api.unhcr.org/population/v1/population/,,2026-09-05T21:33:52.586131+00:00,False,{},Origin-country aggregate. Stocks are not new displacement flows; dash remains missing.
SDN,2018-01-01,2018-12-31,refugees_origin_stock,724787.0,people,,,annual,unhcr,live annual,https://api.unhcr.org/population/v1/population/,,2026-09-05T21:33:52.586131+00:00,False,{},Origin-country aggregate. Stocks are not new displacement flows; dash remains missing.
SDN,2018-01-01,2018-12-31,returned_refugees_flow,1804.0,people,,,annual,unhcr,live annual,https://api.unhcr.org/population/v1/population/,,2026-09-05T21:33:52.586131+00:00,False,{},Origin-country aggregate. Stocks are not new displacement flows; dash remains missing.
SDN,2019-01-01,2019-12-31,asylum_seekers_origin_stock,72017.0,people,,,annual,unhcr,live annual,https://api.unhcr.org/population/v1/population/,,2026-09-05T21:33:52.586131+00:00,False,{},Origin-country aggregate. Stocks are not new displacement flows; dash remains missing.
SDN,2019-01-01,2019-12-31,refugees_origin_stock,734780.0,people,,,annual,unhcr,live annual,https://api.unhcr.org/population/v1/population/,,2026-09-05T21:33:52.586131+00:00,False,{},Origin-country aggregate. Stocks are not new displacement flows; dash remains missing.
SDN,2019-01-01,2019-12-31,returned_refugees_flow,2191.0,people,,,annual,unhcr,live annual,https://api.unhcr.org/population/v1/population/,,2026-09-05T21:33:52.586131+00:00,False,{},Origin-country aggregate. Stocks are not new displacement flows; dash remains missing.
SDN,2020-01-01,2020-12-31,asylum_seekers_origin_stock,70049.0,people,,,annual,unhcr,live annual,https://api.unhcr.org/population/v1/population/,,2026-09-05T21:33:52.586131+00:00,False,{},Origin-country aggregate. Stocks are not new displacement flows; dash remains missing.
SDN,2020-01-01,2020-12-31,refugees_origin_stock,787823.0,people,,,annual,unhcr,live annual,https://api.unhcr.org/population/v1/population/,,2026-09-05T21:33:52.586131+00:00,False,{},Origin-country aggregate. Stocks are not new displacement flows; dash remains missing.
SDN,2020-01-01,2020-12-31,returned_refugees_flow,30.0,people,,,annual,unhcr,live annual,https://api.unhcr.org/population/v1/population/,,2026-09-05T21:33:52.586131+00:00,False,{},Origin-country aggregate. Stocks are not new displacement flows; dash remains missing.
SDN,2021-01-01,2021-12-31,asylum_seekers_origin_stock,75164.0,people,,,annual,unhcr,live annual,https://api.unhcr.org/population/v1/population/,,2026-09-05T21:33:52.586131+00:00,False,{},Origin-country aggregate. Stocks are not new displacement flows; dash remains missing.
SDN,2021-01-01,2021-12-31,refugees_origin_stock,825290.0,people,,,annual,unhcr,live annual,https://api.unhcr.org/population/v1/population/,,2026-09-05T21:33:52.586131+00:00,False,{},Origin-country aggregate. Stocks are not new displacement flows; dash remains missing.
SDN,2021-01-01,2021-12-31,returned_refugees_flow,33.0,people,,,annual,unhcr,live annual,https://api.unhcr.org/population/v1/population/,,2026-09-05T21:33:52.586131+00:00,False,{},Origin-country aggregate. Stocks are not new displacement flows; dash remains missing.
SDN,2022-01-01,2022-12-31,asylum_seekers_origin_stock,86838.0,people,,,annual,unhcr,live annual,https://api.unhcr.org/population/v1/population/,,2026-09-05T21:33:52.586131+00:00,False,{},Origin-country aggregate. Stocks are not new displacement flows; dash remains missing.
SDN,2022-01-01,2022-12-31,refugees_origin_stock,837188.0,people,,,annual,unhcr,live annual,https://api.unhcr.org/population/v1/population/,,2026-09-05T21:33:52.586131+00:00,False,{},Origin-country aggregate. Stocks are not new displacement flows; dash remains missing.
SDN,2022-01-01,2022-12-31,returned_refugees_flow,12313.0,people,,,annual,unhcr,live annual,https://api.unhcr.org/population/v1/population/,,2026-09-05T21:33:52.586131+00:00,False,{},Origin-country aggregate. Stocks are not new displacement flows; dash remains missing.
SDN,2023-01-01,2023-12-31,asylum_seekers_origin_stock,253902.0,people,,,annual,unhcr,live annual,https://api.unhcr.org/population/v1/population/,,2026-09-05T21:33:52.586131+00:00,False,{},Origin-country aggregate. Stocks are not new displacement flows; dash remains missing.
SDN,2023-01-01,2023-12-31,refugees_origin_stock,1496923.0,people,,,annual,unhcr,live annual,https://api.unhcr.org/population/v1/population/,,2026-09-05T21:33:52.586131+00:00,False,{},Origin-country aggregate. Stocks are not new displacement flows; dash remains missing.
SDN,2023-01-01,2023-12-31,returned_refugees_flow,17238.0,people,,,annual,unhcr,live annual,https://api.unhcr.org/population/v1/population/,,2026-09-05T21:33:52.586131+00:00,False,{},Origin-country aggregate. Stocks are not new displacement flows; dash remains missing.
SDN,2024-01-01,2024-12-31,asylum_seekers_origin_stock,682535.0,people,,,annual,unhcr,live annual,https://api.unhcr.org/population/v1/population/,,2026-09-05T21:33:52.586131+00:00,False,{},Origin-country aggregate. Stocks are not new displacement flows; dash remains missing.
SDN,2024-01-01,2024-12-31,refugees_origin_stock,2094373.0,people,,,annual,unhcr,live annual,https://api.unhcr.org/population/v1/population/,,2026-09-05T21:33:52.586131+00:00,False,{},Origin-country aggregate. Stocks are not new displacement flows; dash remains missing.
SDN,2024-01-01,2024-12-31,returned_refugees_flow,6472.0,people,,,annual,unhcr,live annual,https://api.unhcr.org/population/v1/population/,,2026-09-05T21:33:52.586131+00:00,False,{},Origin-country aggregate. Stocks are not new displacement flows; dash remains missing.
SDN,2025-01-01,2025-12-31,asylum_seekers_origin_stock,940297.0,people,,,annual,unhcr,live annual,https://api.unhcr.org/population/v1/population/,,2026-09-05T21:33:52.586131+00:00,False,{},Origin-country aggregate. Stocks are not new displacement flows; dash remains missing.
SDN,2025-01-01,2025-12-31,refugees_origin_stock,2820737.0,people,,,annual,unhcr,live annual,https://api.unhcr.org/population/v1/population/,,2026-09-05T21:33:52.586131+00:00,False,{},Origin-country aggregate. Stocks are not new displacement flows; dash remains missing.
SDN,2025-01-01,2025-12-31,returned_refugees_flow,651456.0,people,,,annual,unhcr,live annual,https://api.unhcr.org/population/v1/population/,,2026-09-05T21:33:52.586131+00:00,False,{},Origin-country aggregate. Stocks are not new displacement flows; dash remains missing.
SOM,2000-01-01,2000-12-31,asylum_seekers_origin_stock,11971.0,people,,,annual,unhcr,live annual,https://api.unhcr.org/population/v1/population/,,2026-09-05T21:33:52.586131+00:00,False,{},Origin-country aggregate. Stocks are not new displacement flows; dash remains missing.
SOM,2000-01-01,2000-12-31,refugees_origin_stock,475644.0,people,,,annual,unhcr,live annual,https://api.unhcr.org/population/v1/population/,,2026-09-05T21:33:52.586131+00:00,False,{},Origin-country aggregate. Stocks are not new displacement flows; dash remains missing.
SOM,2000-01-01,2000-12-31,returned_refugees_flow,45867.0,people,,,annual,unhcr,live annual,https://api.unhcr.org/population/v1/population/,,2026-09-05T21:33:52.586131+00:00,False,{},Origin-country aggregate. Stocks are not new displacement flows; dash remains missing.
SOM,2001-01-01,2001-12-31,asylum_seekers_origin_stock,16195.0,people,,,annual,unhcr,live annual,https://api.unhcr.org/population/v1/population/,,2026-09-05T21:33:52.586131+00:00,False,{},Origin-country aggregate. Stocks are not new displacement flows; dash remains missing.
SOM,2001-01-01,2001-12-31,refugees_origin_stock,440120.0,people,,,annual,unhcr,live annual,https://api.unhcr.org/population/v1/population/,,2026-09-05T21:33:52.586131+00:00,False,{},Origin-country aggregate. Stocks are not new displacement flows; dash remains missing.
SOM,2001-01-01,2001-12-31,returned_refugees_flow,51335.0,people,,,annual,unhcr,live annual,https://api.unhcr.org/population/v1/population/,,2026-09-05T21:33:52.586131+00:00,False,{},Origin-country aggregate. Stocks are not new displacement flows; dash remains missing.
SOM,2002-01-01,2002-12-31,asylum_seekers_origin_stock,13945.0,people,,,annual,unhcr,live annual,https://api.unhcr.org/population/v1/population/,,2026-09-05T21:33:52.586131+00:00,False,{},Origin-country aggregate. Stocks are not new displacement flows; dash remains missing.
SOM,2002-01-01,2002-12-31,refugees_origin_stock,432304.0,people,,,annual,unhcr,live annual,https://api.unhcr.org/population/v1/population/,,2026-09-05T21:33:52.586131+00:00,False,{},Origin-country aggregate. Stocks are not new displacement flows; dash remains missing.
SOM,2002-01-01,2002-12-31,returned_refugees_flow,32048.0,people,,,annual,unhcr,live annual,https://api.unhcr.org/population/v1/population/,,2026-09-05T21:33:52.586131+00:00,False,{},Origin-country aggregate. Stocks are not new displacement flows; dash remains missing.
SOM,2003-01-01,2003-12-31,asylum_seekers_origin_stock,14772.0,people,,,annual,unhcr,live annual,https://api.unhcr.org/population/v1/population/,,2026-09-05T21:33:52.586131+00:00,False,{},Origin-country aggregate. Stocks are not new displacement flows; dash remains missing.
SOM,2003-01-01,2003-12-31,refugees_origin_stock,402329.0,people,,,annual,unhcr,live annual,https://api.unhcr.org/population/v1/population/,,2026-09-05T21:33:52.586131+00:00,False,{},Origin-country aggregate. Stocks are not new displacement flows; dash remains missing.
SOM,2003-01-01,2003-12-31,returned_refugees_flow,10258.0,people,,,annual,unhcr,live annual,https://api.unhcr.org/population/v1/population/,,2026-09-05T21:33:52.586131+00:00,False,{},Origin-country aggregate. Stocks are not new displacement flows; dash remains missing.
SOM,2004-01-01,2004-12-31,asylum_seekers_origin_stock,20517.0,people,,,annual,unhcr,live annual,https://api.unhcr.org/population/v1/population/,,2026-09-05T21:33:52.586131+00:00,False,{},Origin-country aggregate. Stocks are not new displacement flows; dash remains missing.
SOM,2004-01-01,2004-12-31,refugees_origin_stock,389287.0,people,,,annual,unhcr,live annual,https://api.unhcr.org/population/v1/population/,,2026-09-05T21:33:52.586131+00:00,False,{},Origin-country aggregate. Stocks are not new displacement flows; dash remains missing.
SOM,2004-01-01,2004-12-31,returned_refugees_flow,18070.0,people,,,annual,unhcr,live annual,https://api.unhcr.org/population/v1/population/,,2026-09-05T21:33:52.586131+00:00,False,{},Origin-country aggregate. Stocks are not new displacement flows; dash remains missing.
SOM,2005-01-01,2005-12-31,asylum_seekers_origin_stock,30466.0,people,,,annual,unhcr,live annual,https://api.unhcr.org/population/v1/population/,,2026-09-05T21:33:52.586131+00:00,False,{},Origin-country aggregate. Stocks are not new displacement flows; dash remains missing.
SOM,2005-01-01,2005-12-31,refugees_origin_stock,395544.0,people,,,annual,unhcr,live annual,https://api.unhcr.org/population/v1/population/,,2026-09-05T21:33:52.586131+00:00,False,{},Origin-country aggregate. Stocks are not new displacement flows; dash remains missing.
SOM,2005-01-01,2005-12-31,returned_refugees_flow,11949.0,people,,,annual,unhcr,live annual,https://api.unhcr.org/population/v1/population/,,2026-09-05T21:33:52.586131+00:00,False,{},Origin-country aggregate. Stocks are not new displacement flows; dash remains missing.
SOM,2006-01-01,2006-12-31,asylum_seekers_origin_stock,22010.0,people,,,annual,unhcr,live annual,https://api.unhcr.org/population/v1/population/,,2026-09-05T21:33:52.586131+00:00,False,{},Origin-country aggregate. Stocks are not new displacement flows; dash remains missing.
SOM,2006-01-01,2006-12-31,refugees_origin_stock,464026.0,people,,,annual,unhcr,live annual,https://api.unhcr.org/population/v1/population/,,2026-09-05T21:33:52.586131+00:00,False,{},Origin-country aggregate. Stocks are not new displacement flows; dash remains missing.
SOM,2006-01-01,2006-12-31,returned_refugees_flow,1839.0,people,,,annual,unhcr,live annual,https://api.unhcr.org/population/v1/population/,,2026-09-05T21:33:52.586131+00:00,False,{},Origin-country aggregate. Stocks are not new displacement flows; dash remains missing.
SOM,2007-01-01,2007-12-31,asylum_seekers_origin_stock,16424.0,people,,,annual,unhcr,live annual,https://api.unhcr.org/population/v1/population/,,2026-09-05T21:33:52.586131+00:00,False,{},Origin-country aggregate. Stocks are not new displacement flows; dash remains missing.
SOM,2007-01-01,2007-12-31,refugees_origin_stock,457345.0,people,,,annual,unhcr,live annual,https://api.unhcr.org/population/v1/population/,,2026-09-05T21:33:52.586131+00:00,False,{},Origin-country aggregate. Stocks are not new displacement flows; dash remains missing.
SOM,2007-01-01,2007-12-31,returned_refugees_flow,2214.0,people,,,annual,unhcr,live annual,https://api.unhcr.org/population/v1/population/,,2026-09-05T21:33:52.586131+00:00,False,{},Origin-country aggregate. Stocks are not new displacement flows; dash remains missing.
SOM,2008-01-01,2008-12-31,asylum_seekers_origin_stock,20519.0,people,,,annual,unhcr,live annual,https://api.unhcr.org/population/v1/population/,,2026-09-05T21:33:52.586131+00:00,False,{},Origin-country aggregate. Stocks are not new displacement flows; dash remains missing.
SOM,2008-01-01,2008-12-31,refugees_origin_stock,561145.0,people,,,annual,unhcr,live annual,https://api.unhcr.org/population/v1/population/,,2026-09-05T21:33:52.586131+00:00,False,{},Origin-country aggregate. Stocks are not new displacement flows; dash remains missing.
SOM,2008-01-01,2008-12-31,returned_refugees_flow,1477.0,people,,,annual,unhcr,live annual,https://api.unhcr.org/population/v1/population/,,2026-09-05T21:33:52.586131+00:00,False,{},Origin-country aggregate. Stocks are not new displacement flows; dash remains missing.
SOM,2009-01-01,2009-12-31,asylum_seekers_origin_stock,21059.0,people,,,annual,unhcr,live annual,https://api.unhcr.org/population/v1/population/,,2026-09-05T21:33:52.586131+00:00,False,{},Origin-country aggregate. Stocks are not new displacement flows; dash remains missing.
SOM,2009-01-01,2009-12-31,refugees_origin_stock,678296.0,people,,,annual,unhcr,live annual,https://api.unhcr.org/population/v1/population/,,2026-09-05T21:33:52.586131+00:00,False,{},Origin-country aggregate. Stocks are not new displacement flows; dash remains missing.
SOM,2009-01-01,2009-12-31,returned_refugees_flow,59.0,people,,,annual,unhcr,live annual,https://api.unhcr.org/population/v1/population/,,2026-09-05T21:33:52.586131+00:00,False,{},Origin-country aggregate. Stocks are not new displacement flows; dash remains missing.
SOM,2010-01-01,2010-12-31,asylum_seekers_origin_stock,22811.0,people,,,annual,unhcr,live annual,https://api.unhcr.org/population/v1/population/,,2026-09-05T21:33:52.586131+00:00,False,{},Origin-country aggregate. Stocks are not new displacement flows; dash remains missing.
SOM,2010-01-01,2010-12-31,refugees_origin_stock,770141.0,people,,,annual,unhcr,live annual,https://api.unhcr.org/population/v1/population/,,2026-09-05T21:33:52.586131+00:00,False,{},Origin-country aggregate. Stocks are not new displacement flows; dash remains missing.
SOM,2010-01-01,2010-12-31,returned_refugees_flow,34.0,people,,,annual,unhcr,live annual,https://api.unhcr.org/population/v1/population/,,2026-09-05T21:33:52.586131+00:00,False,{},Origin-country aggregate. Stocks are not new displacement flows; dash remains missing.
SOM,2011-01-01,2011-12-31,asylum_seekers_origin_stock,31238.0,people,,,annual,unhcr,live annual,https://api.unhcr.org/population/v1/population/,,2026-09-05T21:33:52.586131+00:00,False,{},Origin-country aggregate. Stocks are not new displacement flows; dash remains missing.
SOM,2011-01-01,2011-12-31,refugees_origin_stock,1077038.0,people,,,annual,unhcr,live annual,https://api.unhcr.org/population/v1/population/,,2026-09-05T21:33:52.586131+00:00,False,{},Origin-country aggregate. Stocks are not new displacement flows; dash remains missing.
SOM,2011-01-01,2011-12-31,returned_refugees_flow,210.0,people,,,annual,unhcr,live annual,https://api.unhcr.org/population/v1/population/,,2026-09-05T21:33:52.586131+00:00,False,{},Origin-country aggregate. Stocks are not new displacement flows; dash remains missing.
SOM,2012-01-01,2012-12-31,asylum_seekers_origin_stock,33680.0,people,,,annual,unhcr,live annual,https://api.unhcr.org/population/v1/population/,,2026-09-05T21:33:52.586131+00:00,False,{},Origin-country aggregate. Stocks are not new displacement flows; dash remains missing.
SOM,2012-01-01,2012-12-31,refugees_origin_stock,1136709.0,people,,,annual,unhcr,live annual,https://api.unhcr.org/population/v1/population/,,2026-09-05T21:33:52.586131+00:00,False,{},Origin-country aggregate. Stocks are not new displacement flows; dash remains missing.
SOM,2012-01-01,2012-12-31,returned_refugees_flow,45.0,people,,,annual,unhcr,live annual,https://api.unhcr.org/population/v1/population/,,2026-09-05T21:33:52.586131+00:00,False,{},Origin-country aggregate. Stocks are not new displacement flows; dash remains missing.
SOM,2013-01-01,2013-12-31,asylum_seekers_origin_stock,35665.0,people,,,annual,unhcr,live annual,https://api.unhcr.org/population/v1/population/,,2026-09-05T21:33:52.586131+00:00,False,{},Origin-country aggregate. Stocks are not new displacement flows; dash remains missing.
SOM,2013-01-01,2013-12-31,refugees_origin_stock,1121760.0,people,,,annual,unhcr,live annual,https://api.unhcr.org/population/v1/population/,,2026-09-05T21:33:52.586131+00:00,False,{},Origin-country aggregate. Stocks are not new displacement flows; dash remains missing.
SOM,2013-01-01,2013-12-31,returned_refugees_flow,7272.0,people,,,annual,unhcr,live annual,https://api.unhcr.org/population/v1/population/,,2026-09-05T21:33:52.586131+00:00,False,{},Origin-country aggregate. Stocks are not new displacement flows; dash remains missing.
SOM,2014-01-01,2014-12-31,asylum_seekers_origin_stock,49063.0,people,,,annual,unhcr,live annual,https://api.unhcr.org/population/v1/population/,,2026-09-05T21:33:52.586131+00:00,False,{},Origin-country aggregate. Stocks are not new displacement flows; dash remains missing.
SOM,2014-01-01,2014-12-31,refugees_origin_stock,1106430.0,people,,,annual,unhcr,live annual,https://api.unhcr.org/population/v1/population/,,2026-09-05T21:33:52.586131+00:00,False,{},Origin-country aggregate. Stocks are not new displacement flows; dash remains missing.
SOM,2014-01-01,2014-12-31,returned_refugees_flow,2485.0,people,,,annual,unhcr,live annual,https://api.unhcr.org/population/v1/population/,,2026-09-05T21:33:52.586131+00:00,False,{},Origin-country aggregate. Stocks are not new displacement flows; dash remains missing.
SOM,2015-01-01,2015-12-31,asylum_seekers_origin_stock,56664.0,people,,,annual,unhcr,live annual,https://api.unhcr.org/population/v1/population/,,2026-09-05T21:33:52.586131+00:00,False,{},Origin-country aggregate. Stocks are not new displacement flows; dash remains missing.
SOM,2015-01-01,2015-12-31,refugees_origin_stock,1123144.0,people,,,annual,unhcr,live annual,https://api.unhcr.org/population/v1/population/,,2026-09-05T21:33:52.586131+00:00,False,{},Origin-country aggregate. Stocks are not new displacement flows; dash remains missing.
SOM,2015-01-01,2015-12-31,returned_refugees_flow,32343.0,people,,,annual,unhcr,live annual,https://api.unhcr.org/population/v1/population/,,2026-09-05T21:33:52.586131+00:00,False,{},Origin-country aggregate. Stocks are not new displacement flows; dash remains missing.
SOM,2016-01-01,2016-12-31,asylum_seekers_origin_stock,60491.0,people,,,annual,unhcr,live annual,https://api.unhcr.org/population/v1/population/,,2026-09-05T21:33:52.586131+00:00,False,{},Origin-country aggregate. Stocks are not new displacement flows; dash remains missing.
SOM,2016-01-01,2016-12-31,refugees_origin_stock,1012320.0,people,,,annual,unhcr,live annual,https://api.unhcr.org/population/v1/population/,,2026-09-05T21:33:52.586131+00:00,False,{},Origin-country aggregate. Stocks are not new displacement flows; dash remains missing.
SOM,2016-01-01,2016-12-31,returned_refugees_flow,36136.0,people,,,annual,unhcr,live annual,https://api.unhcr.org/population/v1/population/,,2026-09-05T21:33:52.586131+00:00,False,{},Origin-country aggregate. Stocks are not new displacement flows; dash remains missing.
SOM,2017-01-01,2017-12-31,asylum_seekers_origin_stock,58320.0,people,,,annual,unhcr,live annual,https://api.unhcr.org/population/v1/population/,,2026-09-05T21:33:52.586131+00:00,False,{},Origin-country aggregate. Stocks are not new displacement flows; dash remains missing.
SOM,2017-01-01,2017-12-31,refugees_origin_stock,986386.0,people,,,annual,unhcr,live annual,https://api.unhcr.org/population/v1/population/,,2026-09-05T21:33:52.586131+00:00,False,{},Origin-country aggregate. Stocks are not new displacement flows; dash remains missing.
SOM,2017-01-01,2017-12-31,returned_refugees_flow,41476.0,people,,,annual,unhcr,live annual,https://api.unhcr.org/population/v1/population/,,2026-09-05T21:33:52.586131+00:00,False,{},Origin-country aggregate. Stocks are not new displacement flows; dash remains missing.
SOM,2018-01-01,2018-12-31,asylum_seekers_origin_stock,55852.0,people,,,annual,unhcr,live annual,https://api.unhcr.org/population/v1/population/,,2026-09-05T21:33:52.586131+00:00,False,{},Origin-country aggregate. Stocks are not new displacement flows; dash remains missing.
SOM,2018-01-01,2018-12-31,refugees_origin_stock,949637.0,people,,,annual,unhcr,live annual,https://api.unhcr.org/population/v1/population/,,2026-09-05T21:33:52.586131+00:00,False,{},Origin-country aggregate. Stocks are not new displacement flows; dash remains missing.
SOM,2018-01-01,2018-12-31,returned_refugees_flow,13081.0,people,,,annual,unhcr,live annual,https://api.unhcr.org/population/v1/population/,,2026-09-05T21:33:52.586131+00:00,False,{},Origin-country aggregate. Stocks are not new displacement flows; dash remains missing.
SOM,2019-01-01,2019-12-31,asylum_seekers_origin_stock,53083.0,people,,,annual,unhcr,live annual,https://api.unhcr.org/population/v1/population/,,2026-09-05T21:33:52.586131+00:00,False,{},Origin-country aggregate. Stocks are not new displacement flows; dash remains missing.
SOM,2019-01-01,2019-12-31,refugees_origin_stock,901596.0,people,,,annual,unhcr,live annual,https://api.unhcr.org/population/v1/population/,,2026-09-05T21:33:52.586131+00:00,False,{},Origin-country aggregate. Stocks are not new displacement flows; dash remains missing.
SOM,2019-01-01,2019-12-31,returned_refugees_flow,6241.0,people,,,annual,unhcr,live annual,https://api.unhcr.org/population/v1/population/,,2026-09-05T21:33:52.586131+00:00,False,{},Origin-country aggregate. Stocks are not new displacement flows; dash remains missing.
SOM,2020-01-01,2020-12-31,asylum_seekers_origin_stock,53824.0,people,,,annual,unhcr,live annual,https://api.unhcr.org/population/v1/population/,,2026-09-05T21:33:52.586131+00:00,False,{},Origin-country aggregate. Stocks are not new displacement flows; dash remains missing.
SOM,2020-01-01,2020-12-31,refugees_origin_stock,812356.0,people,,,annual,unhcr,live annual,https://api.unhcr.org/population/v1/population/,,2026-09-05T21:33:52.586131+00:00,False,{},Origin-country aggregate. Stocks are not new displacement flows; dash remains missing.
SOM,2020-01-01,2020-12-31,returned_refugees_flow,1560.0,people,,,annual,unhcr,live annual,https://api.unhcr.org/population/v1/population/,,2026-09-05T21:33:52.586131+00:00,False,{},Origin-country aggregate. Stocks are not new displacement flows; dash remains missing.
SOM,2021-01-01,2021-12-31,asylum_seekers_origin_stock,59605.0,people,,,annual,unhcr,live annual,https://api.unhcr.org/population/v1/population/,,2026-09-05T21:33:52.586131+00:00,False,{},Origin-country aggregate. Stocks are not new displacement flows; dash remains missing.
SOM,2021-01-01,2021-12-31,refugees_origin_stock,776678.0,people,,,annual,unhcr,live annual,https://api.unhcr.org/population/v1/population/,,2026-09-05T21:33:52.586131+00:00,False,{},Origin-country aggregate. Stocks are not new displacement flows; dash remains missing.
SOM,2021-01-01,2021-12-31,returned_refugees_flow,2781.0,people,,,annual,unhcr,live annual,https://api.unhcr.org/population/v1/population/,,2026-09-05T21:33:52.586131+00:00,False,{},Origin-country aggregate. Stocks are not new displacement flows; dash remains missing.
SOM,2022-01-01,2022-12-31,asylum_seekers_origin_stock,56893.0,people,,,annual,unhcr,live annual,https://api.unhcr.org/population/v1/population/,,2026-09-05T21:33:52.586131+00:00,False,{},Origin-country aggregate. Stocks are not new displacement flows; dash remains missing.
SOM,2022-01-01,2022-12-31,refugees_origin_stock,786794.0,people,,,annual,unhcr,live annual,https://api.unhcr.org/population/v1/population/,,2026-09-05T21:33:52.586131+00:00,False,{},Origin-country aggregate. Stocks are not new displacement flows; dash remains missing.
SOM,2022-01-01,2022-12-31,returned_refugees_flow,3063.0,people,,,annual,unhcr,live annual,https://api.unhcr.org/population/v1/population/,,2026-09-05T21:33:52.586131+00:00,False,{},Origin-country aggregate. Stocks are not new displacement flows; dash remains missing.
SOM,2023-01-01,2023-12-31,asylum_seekers_origin_stock,179224.0,people,,,annual,unhcr,live annual,https://api.unhcr.org/population/v1/population/,,2026-09-05T21:33:52.586131+00:00,False,{},Origin-country aggregate. Stocks are not new displacement flows; dash remains missing.
SOM,2023-01-01,2023-12-31,refugees_origin_stock,842044.0,people,,,annual,unhcr,live annual,https://api.unhcr.org/population/v1/population/,,2026-09-05T21:33:52.586131+00:00,False,{},Origin-country aggregate. Stocks are not new displacement flows; dash remains missing.
SOM,2023-01-01,2023-12-31,returned_refugees_flow,1876.0,people,,,annual,unhcr,live annual,https://api.unhcr.org/population/v1/population/,,2026-09-05T21:33:52.586131+00:00,False,{},Origin-country aggregate. Stocks are not new displacement flows; dash remains missing.
SOM,2024-01-01,2024-12-31,asylum_seekers_origin_stock,237183.0,people,,,annual,unhcr,live annual,https://api.unhcr.org/population/v1/population/,,2026-09-05T21:33:52.586131+00:00,False,{},Origin-country aggregate. Stocks are not new displacement flows; dash remains missing.
SOM,2024-01-01,2024-12-31,refugees_origin_stock,894120.0,people,,,annual,unhcr,live annual,https://api.unhcr.org/population/v1/population/,,2026-09-05T21:33:52.586131+00:00,False,{},Origin-country aggregate. Stocks are not new displacement flows; dash remains missing.
SOM,2024-01-01,2024-12-31,returned_refugees_flow,1959.0,people,,,annual,unhcr,live annual,https://api.unhcr.org/population/v1/population/,,2026-09-05T21:33:52.586131+00:00,False,{},Origin-country aggregate. Stocks are not new displacement flows; dash remains missing.
SOM,2025-01-01,2025-12-31,asylum_seekers_origin_stock,236271.0,people,,,annual,unhcr,live annual,https://api.unhcr.org/population/v1/population/,,2026-09-05T21:33:52.586131+00:00,False,{},Origin-country aggregate. Stocks are not new displacement flows; dash remains missing.
SOM,2025-01-01,2025-12-31,refugees_origin_stock,892037.0,people,,,annual,unhcr,live annual,https://api.unhcr.org/population/v1/population/,,2026-09-05T21:33:52.586131+00:00,False,{},Origin-country aggregate. Stocks are not new displacement flows; dash remains missing.
SOM,2025-01-01,2025-12-31,returned_refugees_flow,1187.0,people,,,annual,unhcr,live annual,https://api.unhcr.org/population/v1/population/,,2026-09-05T21:33:52.586131+00:00,False,{},Origin-country aggregate. Stocks are not new displacement flows; dash remains missing.
UKR,2000-01-01,2000-12-31,asylum_seekers_origin_stock,3038.0,people,,,annual,unhcr,live annual,https://api.unhcr.org/population/v1/population/,,2026-09-05T21:33:52.586131+00:00,False,{},Origin-country aggregate. Stocks are not new displacement flows; dash remains missing.
UKR,2000-01-01,2000-12-31,refugees_origin_stock,19310.0,people,,,annual,unhcr,live annual,https://api.unhcr.org/population/v1/population/,,2026-09-05T21:33:52.586131+00:00,False,{},Origin-country aggregate. Stocks are not new displacement flows; dash remains missing.
UKR,2000-01-01,2000-12-31,returned_refugees_flow,5.0,people,,,annual,unhcr,live annual,https://api.unhcr.org/population/v1/population/,,2026-09-05T21:33:52.586131+00:00,False,{},Origin-country aggregate. Stocks are not new displacement flows; dash remains missing.
UKR,2001-01-01,2001-12-31,asylum_seekers_origin_stock,5896.0,people,,,annual,unhcr,live annual,https://api.unhcr.org/population/v1/population/,,2026-09-05T21:33:52.586131+00:00,False,{},Origin-country aggregate. Stocks are not new displacement flows; dash remains missing.
UKR,2001-01-01,2001-12-31,refugees_origin_stock,26712.0,people,,,annual,unhcr,live annual,https://api.unhcr.org/population/v1/population/,,2026-09-05T21:33:52.586131+00:00,False,{},Origin-country aggregate. Stocks are not new displacement flows; dash remains missing.
UKR,2001-01-01,2001-12-31,returned_refugees_flow,0.0,people,,,annual,unhcr,live annual,https://api.unhcr.org/population/v1/population/,,2026-09-05T21:33:52.586131+00:00,False,{},Origin-country aggregate. Stocks are not new displacement flows; dash remains missing.
UKR,2002-01-01,2002-12-31,asylum_seekers_origin_stock,4872.0,people,,,annual,unhcr,live annual,https://api.unhcr.org/population/v1/population/,,2026-09-05T21:33:52.586131+00:00,False,{},Origin-country aggregate. Stocks are not new displacement flows; dash remains missing.
UKR,2002-01-01,2002-12-31,refugees_origin_stock,85258.0,people,,,annual,unhcr,live annual,https://api.unhcr.org/population/v1/population/,,2026-09-05T21:33:52.586131+00:00,False,{},Origin-country aggregate. Stocks are not new displacement flows; dash remains missing.
UKR,2002-01-01,2002-12-31,returned_refugees_flow,0.0,people,,,annual,unhcr,live annual,https://api.unhcr.org/population/v1/population/,,2026-09-05T21:33:52.586131+00:00,False,{},Origin-country aggregate. Stocks are not new displacement flows; dash remains missing.
UKR,2003-01-01,2003-12-31,asylum_seekers_origin_stock,2850.0,people,,,annual,unhcr,live annual,https://api.unhcr.org/population/v1/population/,,2026-09-05T21:33:52.586131+00:00,False,{},Origin-country aggregate. Stocks are not new displacement flows; dash remains missing.
UKR,2003-01-01,2003-12-31,refugees_origin_stock,94141.0,people,,,annual,unhcr,live annual,https://api.unhcr.org/population/v1/population/,,2026-09-05T21:33:52.586131+00:00,False,{},Origin-country aggregate. Stocks are not new displacement flows; dash remains missing.
UKR,2003-01-01,2003-12-31,returned_refugees_flow,0.0,people,,,annual,unhcr,live annual,https://api.unhcr.org/population/v1/population/,,2026-09-05T21:33:52.586131+00:00,False,{},Origin-country aggregate. Stocks are not new displacement flows; dash remains missing.
UKR,2004-01-01,2004-12-31,asylum_seekers_origin_stock,2642.0,people,,,annual,unhcr,live annual,https://api.unhcr.org/population/v1/population/,,2026-09-05T21:33:52.586131+00:00,False,{},Origin-country aggregate. Stocks are not new displacement flows; dash remains missing.
UKR,2004-01-01,2004-12-31,refugees_origin_stock,89582.0,people,,,annual,unhcr,live annual,https://api.unhcr.org/population/v1/population/,,2026-09-05T21:33:52.586131+00:00,False,{},Origin-country aggregate. Stocks are not new displacement flows; dash remains missing.
UKR,2004-01-01,2004-12-31,returned_refugees_flow,0.0,people,,,annual,unhcr,live annual,https://api.unhcr.org/population/v1/population/,,2026-09-05T21:33:52.586131+00:00,False,{},Origin-country aggregate. Stocks are not new displacement flows; dash remains missing.
UKR,2005-01-01,2005-12-31,asylum_seekers_origin_stock,2664.0,people,,,annual,unhcr,live annual,https://api.unhcr.org/population/v1/population/,,2026-09-05T21:33:52.586131+00:00,False,{},Origin-country aggregate. Stocks are not new displacement flows; dash remains missing.
UKR,2005-01-01,2005-12-31,refugees_origin_stock,84223.0,people,,,annual,unhcr,live annual,https://api.unhcr.org/population/v1/population/,,2026-09-05T21:33:52.586131+00:00,False,{},Origin-country aggregate. Stocks are not new displacement flows; dash remains missing.
UKR,2005-01-01,2005-12-31,returned_refugees_flow,0.0,people,,,annual,unhcr,live annual,https://api.unhcr.org/population/v1/population/,,2026-09-05T21:33:52.586131+00:00,False,{},Origin-country aggregate. Stocks are not new displacement flows; dash remains missing.
UKR,2006-01-01,2006-12-31,asylum_seekers_origin_stock,3478.0,people,,,annual,unhcr,live annual,https://api.unhcr.org/population/v1/population/,,2026-09-05T21:33:52.586131+00:00,False,{},Origin-country aggregate. Stocks are not new displacement flows; dash remains missing.
UKR,2006-01-01,2006-12-31,refugees_origin_stock,63716.0,people,,,annual,unhcr,live annual,https://api.unhcr.org/population/v1/population/,,2026-09-05T21:33:52.586131+00:00,False,{},Origin-country aggregate. Stocks are not new displacement flows; dash remains missing.
UKR,2006-01-01,2006-12-31,returned_refugees_flow,0.0,people,,,annual,unhcr,live annual,https://api.unhcr.org/population/v1/population/,,2026-09-05T21:33:52.586131+00:00,False,{},Origin-country aggregate. Stocks are not new displacement flows; dash remains missing.
UKR,2007-01-01,2007-12-31,asylum_seekers_origin_stock,2418.0,people,,,annual,unhcr,live annual,https://api.unhcr.org/population/v1/population/,,2026-09-05T21:33:52.586131+00:00,False,{},Origin-country aggregate. Stocks are not new displacement flows; dash remains missing.
UKR,2007-01-01,2007-12-31,refugees_origin_stock,25980.0,people,,,annual,unhcr,live annual,https://api.unhcr.org/population/v1/population/,,2026-09-05T21:33:52.586131+00:00,False,{},Origin-country aggregate. Stocks are not new displacement flows; dash remains missing.
UKR,2007-01-01,2007-12-31,returned_refugees_flow,0.0,people,,,annual,unhcr,live annual,https://api.unhcr.org/population/v1/population/,,2026-09-05T21:33:52.586131+00:00,False,{},Origin-country aggregate. Stocks are not new displacement flows; dash remains missing.
UKR,2008-01-01,2008-12-31,asylum_seekers_origin_stock,1900.0,people,,,annual,unhcr,live annual,https://api.unhcr.org/population/v1/population/,,2026-09-05T21:33:52.586131+00:00,False,{},Origin-country aggregate. Stocks are not new displacement flows; dash remains missing.
UKR,2008-01-01,2008-12-31,refugees_origin_stock,28416.0,people,,,annual,unhcr,live annual,https://api.unhcr.org/population/v1/population/,,2026-09-05T21:33:52.586131+00:00,False,{},Origin-country aggregate. Stocks are not new displacement flows; dash remains missing.
UKR,2008-01-01,2008-12-31,returned_refugees_flow,0.0,people,,,annual,unhcr,live annual,https://api.unhcr.org/population/v1/population/,,2026-09-05T21:33:52.586131+00:00,False,{},Origin-country aggregate. Stocks are not new displacement flows; dash remains missing.
UKR,2009-01-01,2009-12-31,asylum_seekers_origin_stock,1530.0,people,,,annual,unhcr,live annual,https://api.unhcr.org/population/v1/population/,,2026-09-05T21:33:52.586131+00:00,False,{},Origin-country aggregate. Stocks are not new displacement flows; dash remains missing.
UKR,2009-01-01,2009-12-31,refugees_origin_stock,24512.0,people,,,annual,unhcr,live annual,https://api.unhcr.org/population/v1/population/,,2026-09-05T21:33:52.586131+00:00,False,{},Origin-country aggregate. Stocks are not new displacement flows; dash remains missing.
UKR,2009-01-01,2009-12-31,returned_refugees_flow,0.0,people,,,annual,unhcr,live annual,https://api.unhcr.org/population/v1/population/,,2026-09-05T21:33:52.586131+00:00,False,{},Origin-country aggregate. Stocks are not new displacement flows; dash remains missing.
UKR,2010-01-01,2010-12-31,asylum_seekers_origin_stock,1250.0,people,,,annual,unhcr,live annual,https://api.unhcr.org/population/v1/population/,,2026-09-05T21:33:52.586131+00:00,False,{},Origin-country aggregate. Stocks are not new displacement flows; dash remains missing.
UKR,2010-01-01,2010-12-31,refugees_origin_stock,25102.0,people,,,annual,unhcr,live annual,https://api.unhcr.org/population/v1/population/,,2026-09-05T21:33:52.586131+00:00,False,{},Origin-country aggregate. Stocks are not new displacement flows; dash remains missing.
UKR,2010-01-01,2010-12-31,returned_refugees_flow,0.0,people,,,annual,unhcr,live annual,https://api.unhcr.org/population/v1/population/,,2026-09-05T21:33:52.586131+00:00,False,{},Origin-country aggregate. Stocks are not new displacement flows; dash remains missing.
UKR,2011-01-01,2011-12-31,asylum_seekers_origin_stock,1039.0,people,,,annual,unhcr,live annual,https://api.unhcr.org/population/v1/population/,,2026-09-05T21:33:52.586131+00:00,False,{},Origin-country aggregate. Stocks are not new displacement flows; dash remains missing.
UKR,2011-01-01,2011-12-31,refugees_origin_stock,25372.0,people,,,annual,unhcr,live annual,https://api.unhcr.org/population/v1/population/,,2026-09-05T21:33:52.586131+00:00,False,{},Origin-country aggregate. Stocks are not new displacement flows; dash remains missing.
UKR,2011-01-01,2011-12-31,returned_refugees_flow,0.0,people,,,annual,unhcr,live annual,https://api.unhcr.org/population/v1/population/,,2026-09-05T21:33:52.586131+00:00,False,{},Origin-country aggregate. Stocks are not new displacement flows; dash remains missing.
UKR,2012-01-01,2012-12-31,asylum_seekers_origin_stock,1209.0,people,,,annual,unhcr,live annual,https://api.unhcr.org/population/v1/population/,,2026-09-05T21:33:52.586131+00:00,False,{},Origin-country aggregate. Stocks are not new displacement flows; dash remains missing.
UKR,2012-01-01,2012-12-31,refugees_origin_stock,25248.0,people,,,annual,unhcr,live annual,https://api.unhcr.org/population/v1/population/,,2026-09-05T21:33:52.586131+00:00,False,{},Origin-country aggregate. Stocks are not new displacement flows; dash remains missing.
UKR,2012-01-01,2012-12-31,returned_refugees_flow,0.0,people,,,annual,unhcr,live annual,https://api.unhcr.org/population/v1/population/,,2026-09-05T21:33:52.586131+00:00,False,{},Origin-country aggregate. Stocks are not new displacement flows; dash remains missing.
UKR,2013-01-01,2013-12-31,asylum_seekers_origin_stock,1631.0,people,,,annual,unhcr,live annual,https://api.unhcr.org/population/v1/population/,,2026-09-05T21:33:52.586131+00:00,False,{},Origin-country aggregate. Stocks are not new displacement flows; dash remains missing.
UKR,2013-01-01,2013-12-31,refugees_origin_stock,5154.0,people,,,annual,unhcr,live annual,https://api.unhcr.org/population/v1/population/,,2026-09-05T21:33:52.586131+00:00,False,{},Origin-country aggregate. Stocks are not new displacement flows; dash remains missing.
UKR,2013-01-01,2013-12-31,returned_refugees_flow,0.0,people,,,annual,unhcr,live annual,https://api.unhcr.org/population/v1/population/,,2026-09-05T21:33:52.586131+00:00,False,{},Origin-country aggregate. Stocks are not new displacement flows; dash remains missing.
UKR,2014-01-01,2014-12-31,asylum_seekers_origin_stock,15085.0,people,,,annual,unhcr,live annual,https://api.unhcr.org/population/v1/population/,,2026-09-05T21:33:52.586131+00:00,False,{},Origin-country aggregate. Stocks are not new displacement flows; dash remains missing.
UKR,2014-01-01,2014-12-31,refugees_origin_stock,237617.0,people,,,annual,unhcr,live annual,https://api.unhcr.org/population/v1/population/,,2026-09-05T21:33:52.586131+00:00,False,{},Origin-country aggregate. Stocks are not new displacement flows; dash remains missing.
UKR,2014-01-01,2014-12-31,returned_refugees_flow,0.0,people,,,annual,unhcr,live annual,https://api.unhcr.org/population/v1/population/,,2026-09-05T21:33:52.586131+00:00,False,{},Origin-country aggregate. Stocks are not new displacement flows; dash remains missing.
UKR,2015-01-01,2015-12-31,asylum_seekers_origin_stock,22350.0,people,,,annual,unhcr,live annual,https://api.unhcr.org/population/v1/population/,,2026-09-05T21:33:52.586131+00:00,False,{},Origin-country aggregate. Stocks are not new displacement flows; dash remains missing.
UKR,2015-01-01,2015-12-31,refugees_origin_stock,321399.0,people,,,annual,unhcr,live annual,https://api.unhcr.org/population/v1/population/,,2026-09-05T21:33:52.586131+00:00,False,{},Origin-country aggregate. Stocks are not new displacement flows; dash remains missing.
UKR,2015-01-01,2015-12-31,returned_refugees_flow,0.0,people,,,annual,unhcr,live annual,https://api.unhcr.org/population/v1/population/,,2026-09-05T21:33:52.586131+00:00,False,{},Origin-country aggregate. Stocks are not new displacement flows; dash remains missing.
UKR,2016-01-01,2016-12-31,asylum_seekers_origin_stock,34638.0,people,,,annual,unhcr,live annual,https://api.unhcr.org/population/v1/population/,,2026-09-05T21:33:52.586131+00:00,False,{},Origin-country aggregate. Stocks are not new displacement flows; dash remains missing.
UKR,2016-01-01,2016-12-31,refugees_origin_stock,239062.0,people,,,annual,unhcr,live annual,https://api.unhcr.org/population/v1/population/,,2026-09-05T21:33:52.586131+00:00,False,{},Origin-country aggregate. Stocks are not new displacement flows; dash remains missing.
UKR,2016-01-01,2016-12-31,returned_refugees_flow,6.0,people,,,annual,unhcr,live annual,https://api.unhcr.org/population/v1/population/,,2026-09-05T21:33:52.586131+00:00,False,{},Origin-country aggregate. Stocks are not new displacement flows; dash remains missing.
UKR,2017-01-01,2017-12-31,asylum_seekers_origin_stock,37670.0,people,,,annual,unhcr,live annual,https://api.unhcr.org/population/v1/population/,,2026-09-05T21:33:52.586131+00:00,False,{},Origin-country aggregate. Stocks are not new displacement flows; dash remains missing.
UKR,2017-01-01,2017-12-31,refugees_origin_stock,139581.0,people,,,annual,unhcr,live annual,https://api.unhcr.org/population/v1/population/,,2026-09-05T21:33:52.586131+00:00,False,{},Origin-country aggregate. Stocks are not new displacement flows; dash remains missing.
UKR,2017-01-01,2017-12-31,returned_refugees_flow,5.0,people,,,annual,unhcr,live annual,https://api.unhcr.org/population/v1/population/,,2026-09-05T21:33:52.586131+00:00,False,{},Origin-country aggregate. Stocks are not new displacement flows; dash remains missing.
UKR,2018-01-01,2018-12-31,asylum_seekers_origin_stock,31965.0,people,,,annual,unhcr,live annual,https://api.unhcr.org/population/v1/population/,,2026-09-05T21:33:52.586131+00:00,False,{},Origin-country aggregate. Stocks are not new displacement flows; dash remains missing.
UKR,2018-01-01,2018-12-31,refugees_origin_stock,93248.0,people,,,annual,unhcr,live annual,https://api.unhcr.org/population/v1/population/,,2026-09-05T21:33:52.586131+00:00,False,{},Origin-country aggregate. Stocks are not new displacement flows; dash remains missing.
UKR,2018-01-01,2018-12-31,returned_refugees_flow,5.0,people,,,annual,unhcr,live annual,https://api.unhcr.org/population/v1/population/,,2026-09-05T21:33:52.586131+00:00,False,{},Origin-country aggregate. Stocks are not new displacement flows; dash remains missing.
UKR,2019-01-01,2019-12-31,asylum_seekers_origin_stock,27991.0,people,,,annual,unhcr,live annual,https://api.unhcr.org/population/v1/population/,,2026-09-05T21:33:52.586131+00:00,False,{},Origin-country aggregate. Stocks are not new displacement flows; dash remains missing.
UKR,2019-01-01,2019-12-31,refugees_origin_stock,59844.0,people,,,annual,unhcr,live annual,https://api.unhcr.org/population/v1/population/,,2026-09-05T21:33:52.586131+00:00,False,{},Origin-country aggregate. Stocks are not new displacement flows; dash remains missing.
UKR,2019-01-01,2019-12-31,returned_refugees_flow,0.0,people,,,annual,unhcr,live annual,https://api.unhcr.org/population/v1/population/,,2026-09-05T21:33:52.586131+00:00,False,{},Origin-country aggregate. Stocks are not new displacement flows; dash remains missing.
UKR,2020-01-01,2020-12-31,asylum_seekers_origin_stock,21426.0,people,,,annual,unhcr,live annual,https://api.unhcr.org/population/v1/population/,,2026-09-05T21:33:52.586131+00:00,False,{},Origin-country aggregate. Stocks are not new displacement flows; dash remains missing.
UKR,2020-01-01,2020-12-31,refugees_origin_stock,35156.0,people,,,annual,unhcr,live annual,https://api.unhcr.org/population/v1/population/,,2026-09-05T21:33:52.586131+00:00,False,{},Origin-country aggregate. Stocks are not new displacement flows; dash remains missing.
UKR,2020-01-01,2020-12-31,returned_refugees_flow,0.0,people,,,annual,unhcr,live annual,https://api.unhcr.org/population/v1/population/,,2026-09-05T21:33:52.586131+00:00,False,{},Origin-country aggregate. Stocks are not new displacement flows; dash remains missing.
UKR,2021-01-01,2021-12-31,asylum_seekers_origin_stock,19426.0,people,,,annual,unhcr,live annual,https://api.unhcr.org/population/v1/population/,,2026-09-05T21:33:52.586131+00:00,False,{},Origin-country aggregate. Stocks are not new displacement flows; dash remains missing.
UKR,2021-01-01,2021-12-31,refugees_origin_stock,27562.0,people,,,annual,unhcr,live annual,https://api.unhcr.org/population/v1/population/,,2026-09-05T21:33:52.586131+00:00,False,{},Origin-country aggregate. Stocks are not new displacement flows; dash remains missing.
UKR,2021-01-01,2021-12-31,returned_refugees_flow,0.0,people,,,annual,unhcr,live annual,https://api.unhcr.org/population/v1/population/,,2026-09-05T21:33:52.586131+00:00,False,{},Origin-country aggregate. Stocks are not new displacement flows; dash remains missing.
UKR,2022-01-01,2022-12-31,asylum_seekers_origin_stock,34637.0,people,,,annual,unhcr,live annual,https://api.unhcr.org/population/v1/population/,,2026-09-05T21:33:52.586131+00:00,False,{},Origin-country aggregate. Stocks are not new displacement flows; dash remains missing.
UKR,2022-01-01,2022-12-31,refugees_origin_stock,5684177.0,people,,,annual,unhcr,live annual,https://api.unhcr.org/population/v1/population/,,2026-09-05T21:33:52.586131+00:00,False,{},Origin-country aggregate. Stocks are not new displacement flows; dash remains missing.
UKR,2022-01-01,2022-12-31,returned_refugees_flow,660000.0,people,,,annual,unhcr,live annual,https://api.unhcr.org/population/v1/population/,,2026-09-05T21:33:52.586131+00:00,False,{},Origin-country aggregate. Stocks are not new displacement flows; dash remains missing.
UKR,2023-01-01,2023-12-31,asylum_seekers_origin_stock,33988.0,people,,,annual,unhcr,live annual,https://api.unhcr.org/population/v1/population/,,2026-09-05T21:33:52.586131+00:00,False,{},Origin-country aggregate. Stocks are not new displacement flows; dash remains missing.
UKR,2023-01-01,2023-12-31,refugees_origin_stock,5960362.0,people,,,annual,unhcr,live annual,https://api.unhcr.org/population/v1/population/,,2026-09-05T21:33:52.586131+00:00,False,{},Origin-country aggregate. Stocks are not new displacement flows; dash remains missing.
UKR,2023-01-01,2023-12-31,returned_refugees_flow,399050.0,people,,,annual,unhcr,live annual,https://api.unhcr.org/population/v1/population/,,2026-09-05T21:33:52.586131+00:00,False,{},Origin-country aggregate. Stocks are not new displacement flows; dash remains missing.
UKR,2024-01-01,2024-12-31,asylum_seekers_origin_stock,44349.0,people,,,annual,unhcr,live annual,https://api.unhcr.org/population/v1/population/,,2026-09-05T21:33:52.586131+00:00,False,{},Origin-country aggregate. Stocks are not new displacement flows; dash remains missing.
UKR,2024-01-01,2024-12-31,refugees_origin_stock,5120036.0,people,,,annual,unhcr,live annual,https://api.unhcr.org/population/v1/population/,,2026-09-05T21:33:52.586131+00:00,False,{},Origin-country aggregate. Stocks are not new displacement flows; dash remains missing.
UKR,2024-01-01,2024-12-31,returned_refugees_flow,209064.0,people,,,annual,unhcr,live annual,https://api.unhcr.org/population/v1/population/,,2026-09-05T21:33:52.586131+00:00,False,{},Origin-country aggregate. Stocks are not new displacement flows; dash remains missing.
UKR,2025-01-01,2025-12-31,asylum_seekers_origin_stock,26583.0,people,,,annual,unhcr,live annual,https://api.unhcr.org/population/v1/population/,,2026-09-05T21:33:52.586131+00:00,False,{},Origin-country aggregate. Stocks are not new displacement flows; dash remains missing.
UKR,2025-01-01,2025-12-31,refugees_origin_stock,5224131.0,people,,,annual,unhcr,live annual,https://api.unhcr.org/population/v1/population/,,2026-09-05T21:33:52.586131+00:00,False,{},Origin-country aggregate. Stocks are not new displacement flows; dash remains missing.
UKR,2025-01-01,2025-12-31,returned_refugees_flow,139251.0,people,,,annual,unhcr,live annual,https://api.unhcr.org/population/v1/population/,,2026-09-05T21:33:52.586131+00:00,False,{},Origin-country aggregate. Stocks are not new displacement flows; dash remains missing.
YEM,2000-01-01,2000-12-31,asylum_seekers_origin_stock,848.0,people,,,annual,unhcr,live annual,https://api.unhcr.org/population/v1/population/,,2026-09-05T21:33:52.586131+00:00,False,{},Origin-country aggregate. Stocks are not new displacement flows; dash remains missing.
YEM,2000-01-01,2000-12-31,refugees_origin_stock,2104.0,people,,,annual,unhcr,live annual,https://api.unhcr.org/population/v1/population/,,2026-09-05T21:33:52.586131+00:00,False,{},Origin-country aggregate. Stocks are not new displacement flows; dash remains missing.
YEM,2000-01-01,2000-12-31,returned_refugees_flow,10.0,people,,,annual,unhcr,live annual,https://api.unhcr.org/population/v1/population/,,2026-09-05T21:33:52.586131+00:00,False,{},Origin-country aggregate. Stocks are not new displacement flows; dash remains missing.
YEM,2001-01-01,2001-12-31,asylum_seekers_origin_stock,743.0,people,,,annual,unhcr,live annual,https://api.unhcr.org/population/v1/population/,,2026-09-05T21:33:52.586131+00:00,False,{},Origin-country aggregate. Stocks are not new displacement flows; dash remains missing.
YEM,2001-01-01,2001-12-31,refugees_origin_stock,1976.0,people,,,annual,unhcr,live annual,https://api.unhcr.org/population/v1/population/,,2026-09-05T21:33:52.586131+00:00,False,{},Origin-country aggregate. Stocks are not new displacement flows; dash remains missing.
YEM,2001-01-01,2001-12-31,returned_refugees_flow,210.0,people,,,annual,unhcr,live annual,https://api.unhcr.org/population/v1/population/,,2026-09-05T21:33:52.586131+00:00,False,{},Origin-country aggregate. Stocks are not new displacement flows; dash remains missing.
YEM,2002-01-01,2002-12-31,asylum_seekers_origin_stock,633.0,people,,,annual,unhcr,live annual,https://api.unhcr.org/population/v1/population/,,2026-09-05T21:33:52.586131+00:00,False,{},Origin-country aggregate. Stocks are not new displacement flows; dash remains missing.
YEM,2002-01-01,2002-12-31,refugees_origin_stock,1595.0,people,,,annual,unhcr,live annual,https://api.unhcr.org/population/v1/population/,,2026-09-05T21:33:52.586131+00:00,False,{},Origin-country aggregate. Stocks are not new displacement flows; dash remains missing.
YEM,2002-01-01,2002-12-31,returned_refugees_flow,671.0,people,,,annual,unhcr,live annual,https://api.unhcr.org/population/v1/population/,,2026-09-05T21:33:52.586131+00:00,False,{},Origin-country aggregate. Stocks are not new displacement flows; dash remains missing.
YEM,2003-01-01,2003-12-31,asylum_seekers_origin_stock,474.0,people,,,annual,unhcr,live annual,https://api.unhcr.org/population/v1/population/,,2026-09-05T21:33:52.586131+00:00,False,{},Origin-country aggregate. Stocks are not new displacement flows; dash remains missing.
YEM,2003-01-01,2003-12-31,refugees_origin_stock,1588.0,people,,,annual,unhcr,live annual,https://api.unhcr.org/population/v1/population/,,2026-09-05T21:33:52.586131+00:00,False,{},Origin-country aggregate. Stocks are not new displacement flows; dash remains missing.
YEM,2003-01-01,2003-12-31,returned_refugees_flow,111.0,people,,,annual,unhcr,live annual,https://api.unhcr.org/population/v1/population/,,2026-09-05T21:33:52.586131+00:00,False,{},Origin-country aggregate. Stocks are not new displacement flows; dash remains missing.
YEM,2004-01-01,2004-12-31,asylum_seekers_origin_stock,338.0,people,,,annual,unhcr,live annual,https://api.unhcr.org/population/v1/population/,,2026-09-05T21:33:52.586131+00:00,False,{},Origin-country aggregate. Stocks are not new displacement flows; dash remains missing.
YEM,2004-01-01,2004-12-31,refugees_origin_stock,1599.0,people,,,annual,unhcr,live annual,https://api.unhcr.org/population/v1/population/,,2026-09-05T21:33:52.586131+00:00,False,{},Origin-country aggregate. Stocks are not new displacement flows; dash remains missing.
YEM,2004-01-01,2004-12-31,returned_refugees_flow,39.0,people,,,annual,unhcr,live annual,https://api.unhcr.org/population/v1/population/,,2026-09-05T21:33:52.586131+00:00,False,{},Origin-country aggregate. Stocks are not new displacement flows; dash remains missing.
YEM,2005-01-01,2005-12-31,asylum_seekers_origin_stock,411.0,people,,,annual,unhcr,live annual,https://api.unhcr.org/population/v1/population/,,2026-09-05T21:33:52.586131+00:00,False,{},Origin-country aggregate. Stocks are not new displacement flows; dash remains missing.
YEM,2005-01-01,2005-12-31,refugees_origin_stock,1322.0,people,,,annual,unhcr,live annual,https://api.unhcr.org/population/v1/population/,,2026-09-05T21:33:52.586131+00:00,False,{},Origin-country aggregate. Stocks are not new displacement flows; dash remains missing.
YEM,2005-01-01,2005-12-31,returned_refugees_flow,5.0,people,,,annual,unhcr,live annual,https://api.unhcr.org/population/v1/population/,,2026-09-05T21:33:52.586131+00:00,False,{},Origin-country aggregate. Stocks are not new displacement flows; dash remains missing.
YEM,2006-01-01,2006-12-31,asylum_seekers_origin_stock,351.0,people,,,annual,unhcr,live annual,https://api.unhcr.org/population/v1/population/,,2026-09-05T21:33:52.586131+00:00,False,{},Origin-country aggregate. Stocks are not new displacement flows; dash remains missing.
YEM,2006-01-01,2006-12-31,refugees_origin_stock,1364.0,people,,,annual,unhcr,live annual,https://api.unhcr.org/population/v1/population/,,2026-09-05T21:33:52.586131+00:00,False,{},Origin-country aggregate. Stocks are not new displacement flows; dash remains missing.
YEM,2006-01-01,2006-12-31,returned_refugees_flow,0.0,people,,,annual,unhcr,live annual,https://api.unhcr.org/population/v1/population/,,2026-09-05T21:33:52.586131+00:00,False,{},Origin-country aggregate. Stocks are not new displacement flows; dash remains missing.
YEM,2007-01-01,2007-12-31,asylum_seekers_origin_stock,306.0,people,,,annual,unhcr,live annual,https://api.unhcr.org/population/v1/population/,,2026-09-05T21:33:52.586131+00:00,False,{},Origin-country aggregate. Stocks are not new displacement flows; dash remains missing.
YEM,2007-01-01,2007-12-31,refugees_origin_stock,1621.0,people,,,annual,unhcr,live annual,https://api.unhcr.org/population/v1/population/,,2026-09-05T21:33:52.586131+00:00,False,{},Origin-country aggregate. Stocks are not new displacement flows; dash remains missing.
YEM,2007-01-01,2007-12-31,returned_refugees_flow,0.0,people,,,annual,unhcr,live annual,https://api.unhcr.org/population/v1/population/,,2026-09-05T21:33:52.586131+00:00,False,{},Origin-country aggregate. Stocks are not new displacement flows; dash remains missing.
YEM,2008-01-01,2008-12-31,asylum_seekers_origin_stock,464.0,people,,,annual,unhcr,live annual,https://api.unhcr.org/population/v1/population/,,2026-09-05T21:33:52.586131+00:00,False,{},Origin-country aggregate. Stocks are not new displacement flows; dash remains missing.
YEM,2008-01-01,2008-12-31,refugees_origin_stock,1764.0,people,,,annual,unhcr,live annual,https://api.unhcr.org/population/v1/population/,,2026-09-05T21:33:52.586131+00:00,False,{},Origin-country aggregate. Stocks are not new displacement flows; dash remains missing.
YEM,2008-01-01,2008-12-31,returned_refugees_flow,0.0,people,,,annual,unhcr,live annual,https://api.unhcr.org/population/v1/population/,,2026-09-05T21:33:52.586131+00:00,False,{},Origin-country aggregate. Stocks are not new displacement flows; dash remains missing.
YEM,2009-01-01,2009-12-31,asylum_seekers_origin_stock,602.0,people,,,annual,unhcr,live annual,https://api.unhcr.org/population/v1/population/,,2026-09-05T21:33:52.586131+00:00,False,{},Origin-country aggregate. Stocks are not new displacement flows; dash remains missing.
YEM,2009-01-01,2009-12-31,refugees_origin_stock,1927.0,people,,,annual,unhcr,live annual,https://api.unhcr.org/population/v1/population/,,2026-09-05T21:33:52.586131+00:00,False,{},Origin-country aggregate. Stocks are not new displacement flows; dash remains missing.
YEM,2009-01-01,2009-12-31,returned_refugees_flow,0.0,people,,,annual,unhcr,live annual,https://api.unhcr.org/population/v1/population/,,2026-09-05T21:33:52.586131+00:00,False,{},Origin-country aggregate. Stocks are not new displacement flows; dash remains missing.
YEM,2010-01-01,2010-12-31,asylum_seekers_origin_stock,614.0,people,,,annual,unhcr,live annual,https://api.unhcr.org/population/v1/population/,,2026-09-05T21:33:52.586131+00:00,False,{},Origin-country aggregate. Stocks are not new displacement flows; dash remains missing.
YEM,2010-01-01,2010-12-31,refugees_origin_stock,2070.0,people,,,annual,unhcr,live annual,https://api.unhcr.org/population/v1/population/,,2026-09-05T21:33:52.586131+00:00,False,{},Origin-country aggregate. Stocks are not new displacement flows; dash remains missing.
YEM,2010-01-01,2010-12-31,returned_refugees_flow,0.0,people,,,annual,unhcr,live annual,https://api.unhcr.org/population/v1/population/,,2026-09-05T21:33:52.586131+00:00,False,{},Origin-country aggregate. Stocks are not new displacement flows; dash remains missing.
YEM,2011-01-01,2011-12-31,asylum_seekers_origin_stock,1152.0,people,,,annual,unhcr,live annual,https://api.unhcr.org/population/v1/population/,,2026-09-05T21:33:52.586131+00:00,False,{},Origin-country aggregate. Stocks are not new displacement flows; dash remains missing.
YEM,2011-01-01,2011-12-31,refugees_origin_stock,2321.0,people,,,annual,unhcr,live annual,https://api.unhcr.org/population/v1/population/,,2026-09-05T21:33:52.586131+00:00,False,{},Origin-country aggregate. Stocks are not new displacement flows; dash remains missing.
YEM,2011-01-01,2011-12-31,returned_refugees_flow,0.0,people,,,annual,unhcr,live annual,https://api.unhcr.org/population/v1/population/,,2026-09-05T21:33:52.586131+00:00,False,{},Origin-country aggregate. Stocks are not new displacement flows; dash remains missing.
YEM,2012-01-01,2012-12-31,asylum_seekers_origin_stock,1581.0,people,,,annual,unhcr,live annual,https://api.unhcr.org/population/v1/population/,,2026-09-05T21:33:52.586131+00:00,False,{},Origin-country aggregate. Stocks are not new displacement flows; dash remains missing.
YEM,2012-01-01,2012-12-31,refugees_origin_stock,2582.0,people,,,annual,unhcr,live annual,https://api.unhcr.org/population/v1/population/,,2026-09-05T21:33:52.586131+00:00,False,{},Origin-country aggregate. Stocks are not new displacement flows; dash remains missing.
YEM,2012-01-01,2012-12-31,returned_refugees_flow,0.0,people,,,annual,unhcr,live annual,https://api.unhcr.org/population/v1/population/,,2026-09-05T21:33:52.586131+00:00,False,{},Origin-country aggregate. Stocks are not new displacement flows; dash remains missing.
YEM,2013-01-01,2013-12-31,asylum_seekers_origin_stock,1868.0,people,,,annual,unhcr,live annual,https://api.unhcr.org/population/v1/population/,,2026-09-05T21:33:52.586131+00:00,False,{},Origin-country aggregate. Stocks are not new displacement flows; dash remains missing.
YEM,2013-01-01,2013-12-31,refugees_origin_stock,2413.0,people,,,annual,unhcr,live annual,https://api.unhcr.org/population/v1/population/,,2026-09-05T21:33:52.586131+00:00,False,{},Origin-country aggregate. Stocks are not new displacement flows; dash remains missing.
YEM,2013-01-01,2013-12-31,returned_refugees_flow,5.0,people,,,annual,unhcr,live annual,https://api.unhcr.org/population/v1/population/,,2026-09-05T21:33:52.586131+00:00,False,{},Origin-country aggregate. Stocks are not new displacement flows; dash remains missing.
YEM,2014-01-01,2014-12-31,asylum_seekers_origin_stock,2716.0,people,,,annual,unhcr,live annual,https://api.unhcr.org/population/v1/population/,,2026-09-05T21:33:52.586131+00:00,False,{},Origin-country aggregate. Stocks are not new displacement flows; dash remains missing.
YEM,2014-01-01,2014-12-31,refugees_origin_stock,2623.0,people,,,annual,unhcr,live annual,https://api.unhcr.org/population/v1/population/,,2026-09-05T21:33:52.586131+00:00,False,{},Origin-country aggregate. Stocks are not new displacement flows; dash remains missing.
YEM,2014-01-01,2014-12-31,returned_refugees_flow,0.0,people,,,annual,unhcr,live annual,https://api.unhcr.org/population/v1/population/,,2026-09-05T21:33:52.586131+00:00,False,{},Origin-country aggregate. Stocks are not new displacement flows; dash remains missing.
YEM,2015-01-01,2015-12-31,asylum_seekers_origin_stock,10056.0,people,,,annual,unhcr,live annual,https://api.unhcr.org/population/v1/population/,,2026-09-05T21:33:52.586131+00:00,False,{},Origin-country aggregate. Stocks are not new displacement flows; dash remains missing.
YEM,2015-01-01,2015-12-31,refugees_origin_stock,15901.0,people,,,annual,unhcr,live annual,https://api.unhcr.org/population/v1/population/,,2026-09-05T21:33:52.586131+00:00,False,{},Origin-country aggregate. Stocks are not new displacement flows; dash remains missing.
YEM,2015-01-01,2015-12-31,returned_refugees_flow,0.0,people,,,annual,unhcr,live annual,https://api.unhcr.org/population/v1/population/,,2026-09-05T21:33:52.586131+00:00,False,{},Origin-country aggregate. Stocks are not new displacement flows; dash remains missing.
YEM,2016-01-01,2016-12-31,asylum_seekers_origin_stock,15870.0,people,,,annual,unhcr,live annual,https://api.unhcr.org/population/v1/population/,,2026-09-05T21:33:52.586131+00:00,False,{},Origin-country aggregate. Stocks are not new displacement flows; dash remains missing.
YEM,2016-01-01,2016-12-31,refugees_origin_stock,18427.0,people,,,annual,unhcr,live annual,https://api.unhcr.org/population/v1/population/,,2026-09-05T21:33:52.586131+00:00,False,{},Origin-country aggregate. Stocks are not new displacement flows; dash remains missing.
YEM,2016-01-01,2016-12-31,returned_refugees_flow,0.0,people,,,annual,unhcr,live annual,https://api.unhcr.org/population/v1/population/,,2026-09-05T21:33:52.586131+00:00,False,{},Origin-country aggregate. Stocks are not new displacement flows; dash remains missing.
YEM,2017-01-01,2017-12-31,asylum_seekers_origin_stock,24629.0,people,,,annual,unhcr,live annual,https://api.unhcr.org/population/v1/population/,,2026-09-05T21:33:52.586131+00:00,False,{},Origin-country aggregate. Stocks are not new displacement flows; dash remains missing.
YEM,2017-01-01,2017-12-31,refugees_origin_stock,23555.0,people,,,annual,unhcr,live annual,https://api.unhcr.org/population/v1/population/,,2026-09-05T21:33:52.586131+00:00,False,{},Origin-country aggregate. Stocks are not new displacement flows; dash remains missing.
YEM,2017-01-01,2017-12-31,returned_refugees_flow,0.0,people,,,annual,unhcr,live annual,https://api.unhcr.org/population/v1/population/,,2026-09-05T21:33:52.586131+00:00,False,{},Origin-country aggregate. Stocks are not new displacement flows; dash remains missing.
YEM,2018-01-01,2018-12-31,asylum_seekers_origin_stock,35876.0,people,,,annual,unhcr,live annual,https://api.unhcr.org/population/v1/population/,,2026-09-05T21:33:52.586131+00:00,False,{},Origin-country aggregate. Stocks are not new displacement flows; dash remains missing.
YEM,2018-01-01,2018-12-31,refugees_origin_stock,31145.0,people,,,annual,unhcr,live annual,https://api.unhcr.org/population/v1/population/,,2026-09-05T21:33:52.586131+00:00,False,{},Origin-country aggregate. Stocks are not new displacement flows; dash remains missing.
YEM,2018-01-01,2018-12-31,returned_refugees_flow,0.0,people,,,annual,unhcr,live annual,https://api.unhcr.org/population/v1/population/,,2026-09-05T21:33:52.586131+00:00,False,{},Origin-country aggregate. Stocks are not new displacement flows; dash remains missing.
YEM,2019-01-01,2019-12-31,asylum_seekers_origin_stock,34328.0,people,,,annual,unhcr,live annual,https://api.unhcr.org/population/v1/population/,,2026-09-05T21:33:52.586131+00:00,False,{},Origin-country aggregate. Stocks are not new displacement flows; dash remains missing.
YEM,2019-01-01,2019-12-31,refugees_origin_stock,36522.0,people,,,annual,unhcr,live annual,https://api.unhcr.org/population/v1/population/,,2026-09-05T21:33:52.586131+00:00,False,{},Origin-country aggregate. Stocks are not new displacement flows; dash remains missing.
YEM,2019-01-01,2019-12-31,returned_refugees_flow,5.0,people,,,annual,unhcr,live annual,https://api.unhcr.org/population/v1/population/,,2026-09-05T21:33:52.586131+00:00,False,{},Origin-country aggregate. Stocks are not new displacement flows; dash remains missing.
YEM,2020-01-01,2020-12-31,asylum_seekers_origin_stock,34870.0,people,,,annual,unhcr,live annual,https://api.unhcr.org/population/v1/population/,,2026-09-05T21:33:52.586131+00:00,False,{},Origin-country aggregate. Stocks are not new displacement flows; dash remains missing.
YEM,2020-01-01,2020-12-31,refugees_origin_stock,32433.0,people,,,annual,unhcr,live annual,https://api.unhcr.org/population/v1/population/,,2026-09-05T21:33:52.586131+00:00,False,{},Origin-country aggregate. Stocks are not new displacement flows; dash remains missing.
YEM,2020-01-01,2020-12-31,returned_refugees_flow,0.0,people,,,annual,unhcr,live annual,https://api.unhcr.org/population/v1/population/,,2026-09-05T21:33:52.586131+00:00,False,{},Origin-country aggregate. Stocks are not new displacement flows; dash remains missing.
YEM,2021-01-01,2021-12-31,asylum_seekers_origin_stock,35462.0,people,,,annual,unhcr,live annual,https://api.unhcr.org/population/v1/population/,,2026-09-05T21:33:52.586131+00:00,False,{},Origin-country aggregate. Stocks are not new displacement flows; dash remains missing.
YEM,2021-01-01,2021-12-31,refugees_origin_stock,37615.0,people,,,annual,unhcr,live annual,https://api.unhcr.org/population/v1/population/,,2026-09-05T21:33:52.586131+00:00,False,{},Origin-country aggregate. Stocks are not new displacement flows; dash remains missing.
YEM,2021-01-01,2021-12-31,returned_refugees_flow,219.0,people,,,annual,unhcr,live annual,https://api.unhcr.org/population/v1/population/,,2026-09-05T21:33:52.586131+00:00,False,{},Origin-country aggregate. Stocks are not new displacement flows; dash remains missing.
YEM,2022-01-01,2022-12-31,asylum_seekers_origin_stock,33524.0,people,,,annual,unhcr,live annual,https://api.unhcr.org/population/v1/population/,,2026-09-05T21:33:52.586131+00:00,False,{},Origin-country aggregate. Stocks are not new displacement flows; dash remains missing.
YEM,2022-01-01,2022-12-31,refugees_origin_stock,40147.0,people,,,annual,unhcr,live annual,https://api.unhcr.org/population/v1/population/,,2026-09-05T21:33:52.586131+00:00,False,{},Origin-country aggregate. Stocks are not new displacement flows; dash remains missing.
YEM,2022-01-01,2022-12-31,returned_refugees_flow,7.0,people,,,annual,unhcr,live annual,https://api.unhcr.org/population/v1/population/,,2026-09-05T21:33:52.586131+00:00,False,{},Origin-country aggregate. Stocks are not new displacement flows; dash remains missing.
YEM,2023-01-01,2023-12-31,asylum_seekers_origin_stock,33521.0,people,,,annual,unhcr,live annual,https://api.unhcr.org/population/v1/population/,,2026-09-05T21:33:52.586131+00:00,False,{},Origin-country aggregate. Stocks are not new displacement flows; dash remains missing.
YEM,2023-01-01,2023-12-31,refugees_origin_stock,48044.0,people,,,annual,unhcr,live annual,https://api.unhcr.org/population/v1/population/,,2026-09-05T21:33:52.586131+00:00,False,{},Origin-country aggregate. Stocks are not new displacement flows; dash remains missing.
YEM,2023-01-01,2023-12-31,returned_refugees_flow,11.0,people,,,annual,unhcr,live annual,https://api.unhcr.org/population/v1/population/,,2026-09-05T21:33:52.586131+00:00,False,{},Origin-country aggregate. Stocks are not new displacement flows; dash remains missing.
YEM,2024-01-01,2024-12-31,asylum_seekers_origin_stock,32810.0,people,,,annual,unhcr,live annual,https://api.unhcr.org/population/v1/population/,,2026-09-05T21:33:52.586131+00:00,False,{},Origin-country aggregate. Stocks are not new displacement flows; dash remains missing.
YEM,2024-01-01,2024-12-31,refugees_origin_stock,51384.0,people,,,annual,unhcr,live annual,https://api.unhcr.org/population/v1/population/,,2026-09-05T21:33:52.586131+00:00,False,{},Origin-country aggregate. Stocks are not new displacement flows; dash remains missing.
YEM,2024-01-01,2024-12-31,returned_refugees_flow,23.0,people,,,annual,unhcr,live annual,https://api.unhcr.org/population/v1/population/,,2026-09-05T21:33:52.586131+00:00,False,{},Origin-country aggregate. Stocks are not new displacement flows; dash remains missing.
YEM,2025-01-01,2025-12-31,asylum_seekers_origin_stock,25860.0,people,,,annual,unhcr,live annual,https://api.unhcr.org/population/v1/population/,,2026-09-05T21:33:52.586131+00:00,False,{},Origin-country aggregate. Stocks are not new displacement flows; dash remains missing.
YEM,2025-01-01,2025-12-31,refugees_origin_stock,57327.0,people,,,annual,unhcr,live annual,https://api.unhcr.org/population/v1/population/,,2026-09-05T21:33:52.586131+00:00,False,{},Origin-country aggregate. Stocks are not new displacement flows; dash remains missing.
YEM,2025-01-01,2025-12-31,returned_refugees_flow,57.0,people,,,annual,unhcr,live annual,https://api.unhcr.org/population/v1/population/,,2026-09-05T21:33:52.586131+00:00,False,{},Origin-country aggregate. Stocks are not new displacement flows; dash remains missing.
