country,series_id,dimensions,currency,baseline_months,eligible
ETH,ac0b0e5fe7d744db580f049143dcc2503793cc95360e322432900b35dd28f5af,"{""commodity"": ""Barley"", ""commodity_id"": ""307"", ""currency"": ""ETB"", ""market_id"": ""10098"", ""pricetype"": ""Retail"", ""unit"": ""100 KG""}",ETB,0,False
ETH,22d858a50c4c42f5967bff3f68c158d324705ca3739875c975fe103c0a442a7b,"{""commodity"": ""Barley"", ""commodity_id"": ""307"", ""currency"": ""ETB"", ""market_id"": ""10277"", ""pricetype"": ""Retail"", ""unit"": ""100 KG""}",ETB,0,False
ETH,96615c3931aa49751f3695cc3a3f79e8ede67f90b5f4a66f105b63c4280b7faa,"{""commodity"": ""Barley"", ""commodity_id"": ""307"", ""currency"": ""ETB"", ""market_id"": ""10520"", ""pricetype"": ""Retail"", ""unit"": ""100 KG""}",ETB,0,False
ETH,68d718b519a3e49450e47e767d0fc0bb8acd606984e64f9595262d3bca7c01db,"{""commodity"": ""Barley"", ""commodity_id"": ""307"", ""currency"": ""ETB"", ""market_id"": ""10521"", ""pricetype"": ""Retail"", ""unit"": ""100 KG""}",ETB,0,False
ETH,f50bfea68f244fdfea1c763c907ab83d8b41cfc011c6a9eb466bf0f2eaf8d657,"{""commodity"": ""Barley"", ""commodity_id"": ""307"", ""currency"": ""ETB"", ""market_id"": ""3067"", ""pricetype"": ""Retail"", ""unit"": ""100 KG""}",ETB,0,False
ETH,5983fb2619787a6e8ca8953da13c88c3622d6f051702459706d36e1f03e2b0c7,"{""commodity"": ""Barley"", ""commodity_id"": ""307"", ""currency"": ""ETB"", ""market_id"": ""3077"", ""pricetype"": ""Retail"", ""unit"": ""100 KG""}",ETB,0,False
ETH,01c50b26e68d1300d31cded5b568d1a01f101a7d40919cef4e0256eb8133f0cd,"{""commodity"": ""Barley"", ""commodity_id"": ""307"", ""currency"": ""ETB"", ""market_id"": ""3107"", ""pricetype"": ""Retail"", ""unit"": ""100 KG""}",ETB,0,False
ETH,63398b6f4cfbb65ca76180102684b4ff00a18e859a52f25e5370bc41305c8ee7,"{""commodity"": ""Barley"", ""commodity_id"": ""307"", ""currency"": ""ETB"", ""market_id"": ""3650"", ""pricetype"": ""Retail"", ""unit"": ""100 KG""}",ETB,0,False
ETH,805cf57ab055e72c3c55c40aa8f03a222add6784980dec67e5b193bf173d1f1d,"{""commodity"": ""Barley"", ""commodity_id"": ""307"", ""currency"": ""ETB"", ""market_id"": ""3652"", ""pricetype"": ""Retail"", ""unit"": ""100 KG""}",ETB,0,False
ETH,79af56f8a89731a74d770d6e9fada8a6b6b688bb636dab80905f9d7f803907a0,"{""commodity"": ""Barley"", ""commodity_id"": ""307"", ""currency"": ""ETB"", ""market_id"": ""3653"", ""pricetype"": ""Retail"", ""unit"": ""100 KG""}",ETB,0,False
ETH,84f1b212f72a5088fcac9837a780055e6c40883a1fb4bc539a884bbabaa2ee0a,"{""commodity"": ""Barley"", ""commodity_id"": ""307"", ""currency"": ""ETB"", ""market_id"": ""3659"", ""pricetype"": ""Retail"", ""unit"": ""100 KG""}",ETB,0,False
ETH,499da85214cab5ad964c1f983de0b0e5df441714872f72484e81acf36bdd3f2f,"{""commodity"": ""Barley"", ""commodity_id"": ""307"", ""currency"": ""ETB"", ""market_id"": ""3660"", ""pricetype"": ""Retail"", ""unit"": ""100 KG""}",ETB,0,False
ETH,ac39abe96d563eac62d1cee9ea80b62b561a750903d40ae8dabf5c7273dfc275,"{""commodity"": ""Barley"", ""commodity_id"": ""307"", ""currency"": ""ETB"", ""market_id"": ""3663"", ""pricetype"": ""Retail"", ""unit"": ""100 KG""}",ETB,0,False
ETH,80ee4653e035353bf275c6de4170a8856fc904378d91c35ae2efb7e83edf03e3,"{""commodity"": ""Barley"", ""commodity_id"": ""307"", ""currency"": ""ETB"", ""market_id"": ""3672"", ""pricetype"": ""Retail"", ""unit"": ""100 KG""}",ETB,0,False
ETH,d2d7e2fad968567787e12bd45e02799a3c26decf86aaeb19cd122e5cb0f85368,"{""commodity"": ""Barley"", ""commodity_id"": ""307"", ""currency"": ""ETB"", ""market_id"": ""3673"", ""pricetype"": ""Retail"", ""unit"": ""100 KG""}",ETB,0,False
ETH,fa8353ed717620a62bf486a3bda1fc54636c0df8b5dd6507ca59b4f91e8b5613,"{""commodity"": ""Barley"", ""commodity_id"": ""307"", ""currency"": ""ETB"", ""market_id"": ""3674"", ""pricetype"": ""Retail"", ""unit"": ""100 KG""}",ETB,0,False
ETH,c43e9cb34c39a95175ca2a044883c6ed2d00a8d7a2a0af245e0aa1d26f88cfdb,"{""commodity"": ""Barley"", ""commodity_id"": ""307"", ""currency"": ""ETB"", ""market_id"": ""3675"", ""pricetype"": ""Retail"", ""unit"": ""100 KG""}",ETB,0,False
ETH,01e46ec597b2bad078444e44586b6ccffa0b41b94923d0f3b71b32a94bc4427d,"{""commodity"": ""Barley"", ""commodity_id"": ""307"", ""currency"": ""ETB"", ""market_id"": ""458"", ""pricetype"": ""Retail"", ""unit"": ""100 KG""}",ETB,1,False
ETH,3d7ac199034106bac8156bc45ad34a071cae57a0ac9443429fc1b1be4d2b81f9,"{""commodity"": ""Barley"", ""commodity_id"": ""307"", ""currency"": ""ETB"", ""market_id"": ""459"", ""pricetype"": ""Retail"", ""unit"": ""100 KG""}",ETB,1,False
ETH,ac9dec31dbdf7567b6a783f3392a45fb41cb11be9d630f7ce84aefeda4793e90,"{""commodity"": ""Barley"", ""commodity_id"": ""307"", ""currency"": ""ETB"", ""market_id"": ""462"", ""pricetype"": ""Retail"", ""unit"": ""100 KG""}",ETB,0,False
ETH,5ec79e547620b7c351a1008e74a5b1c5a4d2705c2fc88f825947b71d15dc859d,"{""commodity"": ""Barley"", ""commodity_id"": ""307"", ""currency"": ""ETB"", ""market_id"": ""466"", ""pricetype"": ""Retail"", ""unit"": ""100 KG""}",ETB,0,False
ETH,2050edb7a09012e21c151c89aea25ad256e9603502f6364e9882c5a16e67e976,"{""commodity"": ""Barley"", ""commodity_id"": ""307"", ""currency"": ""ETB"", ""market_id"": ""467"", ""pricetype"": ""Retail"", ""unit"": ""100 KG""}",ETB,0,False
ETH,7331be7ac0e374767dc6be896558131c6520eb725f51be0a4728416255b2cbc9,"{""commodity"": ""Barley"", ""commodity_id"": ""307"", ""currency"": ""ETB"", ""market_id"": ""468"", ""pricetype"": ""Retail"", ""unit"": ""100 KG""}",ETB,0,False
ETH,affcdff519cb458565d10e52fe0271f6f7aef744b521c816cebe164270fbd193,"{""commodity"": ""Barley"", ""commodity_id"": ""307"", ""currency"": ""ETB"", ""market_id"": ""469"", ""pricetype"": ""Retail"", ""unit"": ""100 KG""}",ETB,0,False
ETH,3fba87e16ed90f82e298ffb330c43fdbfa5fabeb00a5f60ff9b3314dfeb809cd,"{""commodity"": ""Barley"", ""commodity_id"": ""307"", ""currency"": ""ETB"", ""market_id"": ""475"", ""pricetype"": ""Retail"", ""unit"": ""100 KG""}",ETB,0,False
ETH,0fe8c40b7ad6c58a3eadf6fdf1cb7557b1abf86198d99ed403fd07829dbee56b,"{""commodity"": ""Barley"", ""commodity_id"": ""307"", ""currency"": ""ETB"", ""market_id"": ""477"", ""pricetype"": ""Retail"", ""unit"": ""100 KG""}",ETB,1,False
ETH,f90e6c646c94b616ea466ae41d0f8fdd2ae4f32ab0db9905b79ce35c2d731360,"{""commodity"": ""Barley"", ""commodity_id"": ""307"", ""currency"": ""ETB"", ""market_id"": ""483"", ""pricetype"": ""Retail"", ""unit"": ""100 KG""}",ETB,0,False
ETH,58289b3ccac6b640c4f95295124a67fd91afc88caa27be37cfcd93caf24c48e1,"{""commodity"": ""Barley"", ""commodity_id"": ""307"", ""currency"": ""ETB"", ""market_id"": ""487"", ""pricetype"": ""Retail"", ""unit"": ""100 KG""}",ETB,0,False
ETH,f4e03f91400028fc29b45a8d71a58ede396eeec6bbbde18c8ebcee74fd03d795,"{""commodity"": ""Barley"", ""commodity_id"": ""307"", ""currency"": ""ETB"", ""market_id"": ""488"", ""pricetype"": ""Retail"", ""unit"": ""100 KG""}",ETB,0,False
ETH,9cdd02c921091e6679107d81dda44a6fb5603bba6312ea4efbf63469b37e84ab,"{""commodity"": ""Barley"", ""commodity_id"": ""307"", ""currency"": ""ETB"", ""market_id"": ""489"", ""pricetype"": ""Retail"", ""unit"": ""100 KG""}",ETB,1,False
ETH,487cd534ef5e72a0d4aa70acbfb48476eb8ad28e8dc1cc45dd59243115c4a28c,"{""commodity"": ""Barley"", ""commodity_id"": ""307"", ""currency"": ""ETB"", ""market_id"": ""494"", ""pricetype"": ""Retail"", ""unit"": ""100 KG""}",ETB,1,False
ETH,fea8827e46f0f8cb393f745bb568b4e86560822633091537c394a8e3b3921b0f,"{""commodity"": ""Barley"", ""commodity_id"": ""307"", ""currency"": ""ETB"", ""market_id"": ""496"", ""pricetype"": ""Retail"", ""unit"": ""100 KG""}",ETB,1,False
ETH,b8921cd0d7511b603a8b528be0cb01588bf659a4b50fd3367254994a4116e784,"{""commodity"": ""Barley"", ""commodity_id"": ""307"", ""currency"": ""ETB"", ""market_id"": ""507"", ""pricetype"": ""Retail"", ""unit"": ""100 KG""}",ETB,1,False
ETH,a6ce3ac592d9a713fe7d8550a98ce8e49b1dbede6c1283b6d6af5c3ea87d71bf,"{""commodity"": ""Barley"", ""commodity_id"": ""307"", ""currency"": ""ETB"", ""market_id"": ""508"", ""pricetype"": ""Retail"", ""unit"": ""100 KG""}",ETB,1,False
ETH,55c705959ebfba7ca5452fa973fa4deef7fccfd48c06018e27d54fac908be06c,"{""commodity"": ""Barley"", ""commodity_id"": ""307"", ""currency"": ""ETB"", ""market_id"": ""509"", ""pricetype"": ""Retail"", ""unit"": ""100 KG""}",ETB,1,False
ETH,7518c5f72a97236bf9e9e737e3c907b2f93d541618ae9315b016c376dabd0ee4,"{""commodity"": ""Barley"", ""commodity_id"": ""307"", ""currency"": ""ETB"", ""market_id"": ""510"", ""pricetype"": ""Retail"", ""unit"": ""100 KG""}",ETB,1,False
ETH,9ab677095482c3d07feeab59b90be9e0690451f91d5828a94b64a70d486342b5,"{""commodity"": ""Barley"", ""commodity_id"": ""307"", ""currency"": ""ETB"", ""market_id"": ""511"", ""pricetype"": ""Retail"", ""unit"": ""100 KG""}",ETB,0,False
ETH,59e672c0ec2f70a845d9f0855cf8326145f1c82f44ab855c3b2f0348b8ed0e93,"{""commodity"": ""Barley"", ""commodity_id"": ""307"", ""currency"": ""ETB"", ""market_id"": ""516"", ""pricetype"": ""Retail"", ""unit"": ""100 KG""}",ETB,0,False
ETH,5696bf8770092b9ddc55fda916f7197f5bd42e3a397a93881c64c344bcae2be2,"{""commodity"": ""Barley"", ""commodity_id"": ""307"", ""currency"": ""ETB"", ""market_id"": ""7548"", ""pricetype"": ""Retail"", ""unit"": ""100 KG""}",ETB,0,False
ETH,bd84a3c8c40fa92e0b328952158d23561c10660925eadf5bd6aace1bf574c4e9,"{""commodity"": ""Barley"", ""commodity_id"": ""307"", ""currency"": ""ETB"", ""market_id"": ""7562"", ""pricetype"": ""Retail"", ""unit"": ""100 KG""}",ETB,0,False
ETH,ae4ac2802b3f2b0b6c5b1e26795b722bb40a773b5bcd5bc6561d40d068e827ee,"{""commodity"": ""Barley"", ""commodity_id"": ""307"", ""currency"": ""ETB"", ""market_id"": ""7569"", ""pricetype"": ""Retail"", ""unit"": ""100 KG""}",ETB,0,False
ETH,484b0d6140199a98713e055da48a2189858afda5df846e8f452d3d9554fca11b,"{""commodity"": ""Barley"", ""commodity_id"": ""307"", ""currency"": ""ETB"", ""market_id"": ""7574"", ""pricetype"": ""Retail"", ""unit"": ""100 KG""}",ETB,0,False
ETH,16a201db391d6c1d5ee2dd479545f1952c833b4cfd28818cf8d8326d8be0eba8,"{""commodity"": ""Barley"", ""commodity_id"": ""307"", ""currency"": ""ETB"", ""market_id"": ""7576"", ""pricetype"": ""Retail"", ""unit"": ""100 KG""}",ETB,0,False
ETH,c31e2fd020fbb83222d7b312fef1275ce30633c891b852e44de1a4950470d566,"{""commodity"": ""Barley"", ""commodity_id"": ""307"", ""currency"": ""ETB"", ""market_id"": ""7577"", ""pricetype"": ""Retail"", ""unit"": ""100 KG""}",ETB,0,False
ETH,201dfc8274a30a265172d95d52346d362f1fed20ffbc9489dd023733819c8316,"{""commodity"": ""Maize (food aid)"", ""commodity_id"": ""514"", ""currency"": ""ETB"", ""market_id"": ""3662"", ""pricetype"": ""Retail"", ""unit"": ""100 KG""}",ETB,0,False
ETH,946e4367b5034b3f11fcc8e3fcff3b8bd7f04a6f58f8b8bb081d7c930c1cc5b8,"{""commodity"": ""Maize (food aid)"", ""commodity_id"": ""514"", ""currency"": ""ETB"", ""market_id"": ""460"", ""pricetype"": ""Retail"", ""unit"": ""100 KG""}",ETB,0,False
ETH,1bd7f45d6f20b2fc6ebea4002109de4aee8c3e240568665f6d98008fd344bd1f,"{""commodity"": ""Maize (food aid)"", ""commodity_id"": ""514"", ""currency"": ""ETB"", ""market_id"": ""462"", ""pricetype"": ""Retail"", ""unit"": ""100 KG""}",ETB,0,False
ETH,6d46e73f8ff7cedd3625577d39daf4ebdee5d810f967bf873d2ea1be45c4e4e7,"{""commodity"": ""Maize (food aid)"", ""commodity_id"": ""514"", ""currency"": ""ETB"", ""market_id"": ""466"", ""pricetype"": ""Retail"", ""unit"": ""100 KG""}",ETB,0,False
ETH,619005aeb6f3c50b3d46c10b0f34ef36cd93bee9eb9fb4c3c0906fb208263d3a,"{""commodity"": ""Maize (white)"", ""commodity_id"": ""67"", ""currency"": ""ETB"", ""market_id"": ""10098"", ""pricetype"": ""Retail"", ""unit"": ""100 KG""}",ETB,0,False
ETH,c5f2b29cef5115bb144db767b7f1be5634fcb9c30308cf43a8bf12b27d47934d,"{""commodity"": ""Maize (white)"", ""commodity_id"": ""67"", ""currency"": ""ETB"", ""market_id"": ""10277"", ""pricetype"": ""Retail"", ""unit"": ""100 KG""}",ETB,0,False
ETH,18af22d16faed2af0abfa28f3d197ddd7703f798f3088932f5d91bdda22ffc82,"{""commodity"": ""Maize (white)"", ""commodity_id"": ""67"", ""currency"": ""ETB"", ""market_id"": ""10520"", ""pricetype"": ""Retail"", ""unit"": ""100 KG""}",ETB,0,False
ETH,5c8651183b0f6d59a129be9f51c3b02f6f8cf8a18f8b796e1aaccaba57b00100,"{""commodity"": ""Maize (white)"", ""commodity_id"": ""67"", ""currency"": ""ETB"", ""market_id"": ""10521"", ""pricetype"": ""Retail"", ""unit"": ""100 KG""}",ETB,0,False
ETH,b66c00c09d44d86a6cae77128ec18f7b0aa91d37320fc78430464c76f08226c6,"{""commodity"": ""Maize (white)"", ""commodity_id"": ""67"", ""currency"": ""ETB"", ""market_id"": ""1831"", ""pricetype"": ""Retail"", ""unit"": ""100 KG""}",ETB,12,False
ETH,ff96c38a30437280b736065f01270a723b4e72effed737c0c95ecd1b62fa6c8c,"{""commodity"": ""Maize (white)"", ""commodity_id"": ""67"", ""currency"": ""ETB"", ""market_id"": ""1832"", ""pricetype"": ""Retail"", ""unit"": ""100 KG""}",ETB,3,False
ETH,75e893be73bca701e6a3ff39f215a99f454a8d456f6e3e6f16583b91b0bedd78,"{""commodity"": ""Maize (white)"", ""commodity_id"": ""67"", ""currency"": ""ETB"", ""market_id"": ""3070"", ""pricetype"": ""Retail"", ""unit"": ""100 KG""}",ETB,0,False
ETH,bbccd5a579e6481949da3bdb2ed59098f25f4157be008be2c1581c6f8eac1da3,"{""commodity"": ""Maize (white)"", ""commodity_id"": ""67"", ""currency"": ""ETB"", ""market_id"": ""3075"", ""pricetype"": ""Retail"", ""unit"": ""100 KG""}",ETB,0,False
ETH,22495588e663a087a43af80b18032316e6e14d9f9f181ee68d1d50b11dbcb79d,"{""commodity"": ""Maize (white)"", ""commodity_id"": ""67"", ""currency"": ""ETB"", ""market_id"": ""3076"", ""pricetype"": ""Retail"", ""unit"": ""100 KG""}",ETB,0,False
ETH,27ea22282d7fac7fb91a584c28e3c92c1d37157f9c20bd3bb8880e81c7cf505e,"{""commodity"": ""Maize (white)"", ""commodity_id"": ""67"", ""currency"": ""ETB"", ""market_id"": ""3077"", ""pricetype"": ""Retail"", ""unit"": ""100 KG""}",ETB,0,False
ETH,7ec4012202b60986580c771cadb2866cdbb988efd8a9f3aee47642e02b11fdb2,"{""commodity"": ""Maize (white)"", ""commodity_id"": ""67"", ""currency"": ""ETB"", ""market_id"": ""3078"", ""pricetype"": ""Retail"", ""unit"": ""100 KG""}",ETB,0,False
ETH,db9d63a3ef93682ac96e684d06bc10b075eaa94171926888b02ba1148f4b1903,"{""commodity"": ""Maize (white)"", ""commodity_id"": ""67"", ""currency"": ""ETB"", ""market_id"": ""3079"", ""pricetype"": ""Retail"", ""unit"": ""100 KG""}",ETB,0,False
ETH,7c72178c2dbeed15612199720278bba641698c15bf39d92a40221e9540eeb8e5,"{""commodity"": ""Maize (white)"", ""commodity_id"": ""67"", ""currency"": ""ETB"", ""market_id"": ""3107"", ""pricetype"": ""Retail"", ""unit"": ""100 KG""}",ETB,0,False
ETH,a6684ab7245d018eb7c20c210f4ede7454cda0545abb5e5d2a95558757c38b69,"{""commodity"": ""Maize (white)"", ""commodity_id"": ""67"", ""currency"": ""ETB"", ""market_id"": ""3108"", ""pricetype"": ""Retail"", ""unit"": ""100 KG""}",ETB,0,False
ETH,6e55f370a29e2d9100123535abcd78fdba33799779e7fbeff06b6d89e280e6d1,"{""commodity"": ""Maize (white)"", ""commodity_id"": ""67"", ""currency"": ""ETB"", ""market_id"": ""3647"", ""pricetype"": ""Retail"", ""unit"": ""100 KG""}",ETB,0,False
ETH,dd572120a20cf79884181a97c588d5a1bb9de5438d0533122befdb10e8a4c272,"{""commodity"": ""Maize (white)"", ""commodity_id"": ""67"", ""currency"": ""ETB"", ""market_id"": ""3648"", ""pricetype"": ""Retail"", ""unit"": ""100 KG""}",ETB,0,False
ETH,12f6156f3e8e81649e4de6503d700455193f3715a047190a4bd74fe0e292b845,"{""commodity"": ""Maize (white)"", ""commodity_id"": ""67"", ""currency"": ""ETB"", ""market_id"": ""3649"", ""pricetype"": ""Retail"", ""unit"": ""100 KG""}",ETB,0,False
ETH,91f83d0f185becfbd128e5c39bf89336ac281c64655ed0c5c90ae0f9c073a52b,"{""commodity"": ""Maize (white)"", ""commodity_id"": ""67"", ""currency"": ""ETB"", ""market_id"": ""3650"", ""pricetype"": ""Retail"", ""unit"": ""100 KG""}",ETB,0,False
ETH,aa0070cf0278895e0cae8e436cdb16934f1cf84d893e286172fed4df4b8174a5,"{""commodity"": ""Maize (white)"", ""commodity_id"": ""67"", ""currency"": ""ETB"", ""market_id"": ""3651"", ""pricetype"": ""Retail"", ""unit"": ""100 KG""}",ETB,0,False
ETH,1fafb9c75b329bd39472233d754c3e967d709c91521ea81ca48101e419c703a6,"{""commodity"": ""Maize (white)"", ""commodity_id"": ""67"", ""currency"": ""ETB"", ""market_id"": ""3652"", ""pricetype"": ""Retail"", ""unit"": ""100 KG""}",ETB,0,False
ETH,4a61b55c0a543fa48fa393d2ba61a0538d644827dd5705a07e8d143c996aeebc,"{""commodity"": ""Maize (white)"", ""commodity_id"": ""67"", ""currency"": ""ETB"", ""market_id"": ""3653"", ""pricetype"": ""Retail"", ""unit"": ""100 KG""}",ETB,0,False
ETH,7f379a1bfac9f74620ff193a02ed3339639a77930b44a3c9b64b7494460bf272,"{""commodity"": ""Maize (white)"", ""commodity_id"": ""67"", ""currency"": ""ETB"", ""market_id"": ""3654"", ""pricetype"": ""Retail"", ""unit"": ""100 KG""}",ETB,0,False
ETH,a0bbb4d25e7ec4e269543c3c3607d53fa862e7d7cc4853d21879ab7a161f0ad3,"{""commodity"": ""Maize (white)"", ""commodity_id"": ""67"", ""currency"": ""ETB"", ""market_id"": ""3655"", ""pricetype"": ""Retail"", ""unit"": ""100 KG""}",ETB,0,False
ETH,f7da5f1b92411173343676bf8873c5f148bc6f1005294ffba9e47c5d77b931f4,"{""commodity"": ""Maize (white)"", ""commodity_id"": ""67"", ""currency"": ""ETB"", ""market_id"": ""3657"", ""pricetype"": ""Retail"", ""unit"": ""100 KG""}",ETB,0,False
ETH,5f76bb2614f043d306b9d6aaf3d178da4e45015a7590eee39c48b3b8c0bbf972,"{""commodity"": ""Maize (white)"", ""commodity_id"": ""67"", ""currency"": ""ETB"", ""market_id"": ""3659"", ""pricetype"": ""Retail"", ""unit"": ""100 KG""}",ETB,0,False
ETH,17af559b3aa14eb595b151a57eaefa437e53604f5c701a25cdab1310e1ff77ed,"{""commodity"": ""Maize (white)"", ""commodity_id"": ""67"", ""currency"": ""ETB"", ""market_id"": ""3660"", ""pricetype"": ""Retail"", ""unit"": ""100 KG""}",ETB,0,False
ETH,9a0b4dbd723a525fa9509db77ed8063b3e2a9bf17dc5b6f6978e25b52aed3bb3,"{""commodity"": ""Maize (white)"", ""commodity_id"": ""67"", ""currency"": ""ETB"", ""market_id"": ""3661"", ""pricetype"": ""Retail"", ""unit"": ""100 KG""}",ETB,0,False
ETH,96f949efb143fcbc9643a88f300bb0e33ea0ca58534384b29fd562dc1ab03e2d,"{""commodity"": ""Maize (white)"", ""commodity_id"": ""67"", ""currency"": ""ETB"", ""market_id"": ""3662"", ""pricetype"": ""Retail"", ""unit"": ""100 KG""}",ETB,0,False
ETH,70b79e1bf59d9b8ef52f9064b10bc402611bb1e3947a6de53a23c67d46504a97,"{""commodity"": ""Maize (white)"", ""commodity_id"": ""67"", ""currency"": ""ETB"", ""market_id"": ""3663"", ""pricetype"": ""Retail"", ""unit"": ""100 KG""}",ETB,0,False
ETH,4b5a4c28635d3fa5aa39f8d5abb2122d7417ee0c0dc85fa4567e101d1a04b763,"{""commodity"": ""Maize (white)"", ""commodity_id"": ""67"", ""currency"": ""ETB"", ""market_id"": ""3664"", ""pricetype"": ""Retail"", ""unit"": ""100 KG""}",ETB,0,False
ETH,1294eceb8ddefdcd346a35a26e00e3aa353e7b057cf45314ff29f5b01f8a7d7f,"{""commodity"": ""Maize (white)"", ""commodity_id"": ""67"", ""currency"": ""ETB"", ""market_id"": ""3665"", ""pricetype"": ""Retail"", ""unit"": ""100 KG""}",ETB,0,False
ETH,256275a994727a73145ffdb576b473d45ae0fab1f3e4fdffbb975b07e775b4f2,"{""commodity"": ""Maize (white)"", ""commodity_id"": ""67"", ""currency"": ""ETB"", ""market_id"": ""3666"", ""pricetype"": ""Retail"", ""unit"": ""100 KG""}",ETB,0,False
ETH,5317003eeba00c3ac4044e6d36127bfc5d1eb2ef402776716b347700e881ca78,"{""commodity"": ""Maize (white)"", ""commodity_id"": ""67"", ""currency"": ""ETB"", ""market_id"": ""3667"", ""pricetype"": ""Retail"", ""unit"": ""100 KG""}",ETB,0,False
ETH,4b62036e9a269b3aabe98ebed0fa1a66b05f61d0134b024ff8981d9221bf101f,"{""commodity"": ""Maize (white)"", ""commodity_id"": ""67"", ""currency"": ""ETB"", ""market_id"": ""3668"", ""pricetype"": ""Retail"", ""unit"": ""100 KG""}",ETB,0,False
ETH,d486706c1371b471020e8e555d8a3b4485cffde1f7dfade3dabd916940534056,"{""commodity"": ""Maize (white)"", ""commodity_id"": ""67"", ""currency"": ""ETB"", ""market_id"": ""3669"", ""pricetype"": ""Retail"", ""unit"": ""100 KG""}",ETB,0,False
ETH,0eb21d9dfb34b9da42c0a7ff92e4185f64520142a25b31232a8f87bfdc4318a2,"{""commodity"": ""Maize (white)"", ""commodity_id"": ""67"", ""currency"": ""ETB"", ""market_id"": ""3672"", ""pricetype"": ""Retail"", ""unit"": ""100 KG""}",ETB,0,False
ETH,4e8d1c6487d72d447f0f0dabf48260b430cde8408fd814ae94cc0920eccfe330,"{""commodity"": ""Maize (white)"", ""commodity_id"": ""67"", ""currency"": ""ETB"", ""market_id"": ""3673"", ""pricetype"": ""Retail"", ""unit"": ""100 KG""}",ETB,0,False
ETH,2e72588bfef3e966f1e99b992e14c760f7f673d8ac3b5d8e26935e79e4b7bc74,"{""commodity"": ""Maize (white)"", ""commodity_id"": ""67"", ""currency"": ""ETB"", ""market_id"": ""3674"", ""pricetype"": ""Retail"", ""unit"": ""100 KG""}",ETB,0,False
ETH,f6d2d4356ea01fbcd1d2c061ba8af19e57d93d10f5131fb2e2c538cfafb4103c,"{""commodity"": ""Maize (white)"", ""commodity_id"": ""67"", ""currency"": ""ETB"", ""market_id"": ""3675"", ""pricetype"": ""Retail"", ""unit"": ""100 KG""}",ETB,0,False
ETH,0b776e3cc2efdd7f9b6d3003bfe43a448ccc439471551659cca1e565671cf6cb,"{""commodity"": ""Maize (white)"", ""commodity_id"": ""67"", ""currency"": ""ETB"", ""market_id"": ""4108"", ""pricetype"": ""Retail"", ""unit"": ""100 KG""}",ETB,0,False
ETH,0afb068524a93255b28a76d2c6ab3cf4479b8fef1d2303ccc4e0872277dc06e8,"{""commodity"": ""Maize (white)"", ""commodity_id"": ""67"", ""currency"": ""ETB"", ""market_id"": ""458"", ""pricetype"": ""Retail"", ""unit"": ""100 KG""}",ETB,5,False
ETH,662d259f55e96668b63ebcd6a2dde47b0f8dac9973b70075915ca9c2b3fab147,"{""commodity"": ""Maize (white)"", ""commodity_id"": ""67"", ""currency"": ""ETB"", ""market_id"": ""459"", ""pricetype"": ""Retail"", ""unit"": ""100 KG""}",ETB,4,False
ETH,f6ef726d63791d70c3c50f51567e2ea935695d9fd842c4b4e95a98f1e863708e,"{""commodity"": ""Maize (white)"", ""commodity_id"": ""67"", ""currency"": ""ETB"", ""market_id"": ""460"", ""pricetype"": ""Retail"", ""unit"": ""100 KG""}",ETB,33,True
ETH,cb2f4b23c4bdfdc20f3b5df6ec6889f570777b4b6d63ee0280f88bd78609b4b8,"{""commodity"": ""Maize (white)"", ""commodity_id"": ""67"", ""currency"": ""ETB"", ""market_id"": ""461"", ""pricetype"": ""Retail"", ""unit"": ""100 KG""}",ETB,42,True
ETH,83412a4fd129e60cf47e97bc41f3af4dcafe8298305a77ac992cf249ffb93651,"{""commodity"": ""Maize (white)"", ""commodity_id"": ""67"", ""currency"": ""ETB"", ""market_id"": ""462"", ""pricetype"": ""Retail"", ""unit"": ""100 KG""}",ETB,5,False
ETH,20d83932f7c16c12dc4f70c8801d1602b4b4aca0f42d4c0e2543ae34e8e0a161,"{""commodity"": ""Maize (white)"", ""commodity_id"": ""67"", ""currency"": ""ETB"", ""market_id"": ""463"", ""pricetype"": ""Retail"", ""unit"": ""100 KG""}",ETB,5,False
ETH,af97cf36af934053fab1a8108ab28f425ab3f21d0d9102bd1ae9bdb4c552f157,"{""commodity"": ""Maize (white)"", ""commodity_id"": ""67"", ""currency"": ""ETB"", ""market_id"": ""4630"", ""pricetype"": ""Retail"", ""unit"": ""100 KG""}",ETB,0,False
ETH,8a972094ab634f4ce982ed1896c31cb2497bd656883c804c47608d4d37f02e17,"{""commodity"": ""Maize (white)"", ""commodity_id"": ""67"", ""currency"": ""ETB"", ""market_id"": ""464"", ""pricetype"": ""Retail"", ""unit"": ""100 KG""}",ETB,5,False
ETH,e677ccc96002742206a645dd42c6c4608c83569d877064cb4fcc8e93961b168f,"{""commodity"": ""Maize (white)"", ""commodity_id"": ""67"", ""currency"": ""ETB"", ""market_id"": ""465"", ""pricetype"": ""Retail"", ""unit"": ""100 KG""}",ETB,5,False
ETH,aa74b2996603a96c306686d654acd6891ef7c0cc358d7d28975abedf6cc4528e,"{""commodity"": ""Maize (white)"", ""commodity_id"": ""67"", ""currency"": ""ETB"", ""market_id"": ""466"", ""pricetype"": ""Retail"", ""unit"": ""100 KG""}",ETB,2,False
ETH,e3263038abe19c2cb373f4082678492c61d40b0dac557d4d9b56edd25042b420,"{""commodity"": ""Maize (white)"", ""commodity_id"": ""67"", ""currency"": ""ETB"", ""market_id"": ""467"", ""pricetype"": ""Retail"", ""unit"": ""100 KG""}",ETB,4,False
ETH,e775e272d5e8243d9da8155ee65083a2157c9ff9aa89a7bc401349b8194dfa51,"{""commodity"": ""Maize (white)"", ""commodity_id"": ""67"", ""currency"": ""ETB"", ""market_id"": ""468"", ""pricetype"": ""Retail"", ""unit"": ""100 KG""}",ETB,5,False
ETH,39a7a04f573fd050f5e052f96515eb07137c37a31c4bccdfe860635f9d4ffdbb,"{""commodity"": ""Maize (white)"", ""commodity_id"": ""67"", ""currency"": ""ETB"", ""market_id"": ""469"", ""pricetype"": ""Retail"", ""unit"": ""100 KG""}",ETB,12,False
ETH,e16c12210d20e1d03aacf809e4eff6f6454f38bece9dc77aefccb93ec6424873,"{""commodity"": ""Maize (white)"", ""commodity_id"": ""67"", ""currency"": ""ETB"", ""market_id"": ""470"", ""pricetype"": ""Retail"", ""unit"": ""100 KG""}",ETB,4,False
ETH,7bfedec2bce34b2327ba7176f70e3840e73aca3ed82d6ebef49f60a49f2706b0,"{""commodity"": ""Maize (white)"", ""commodity_id"": ""67"", ""currency"": ""ETB"", ""market_id"": ""471"", ""pricetype"": ""Retail"", ""unit"": ""100 KG""}",ETB,5,False
ETH,f3b2dbbe2acbc3492be90026fa1c3caf67d98ff4e6da4c2d0a5f99d89b96726a,"{""commodity"": ""Maize (white)"", ""commodity_id"": ""67"", ""currency"": ""ETB"", ""market_id"": ""472"", ""pricetype"": ""Retail"", ""unit"": ""100 KG""}",ETB,38,True
ETH,8685cce40e0c5d85613a02ab55f010c29fa6ea3dcaf321ddecddc503000f5e24,"{""commodity"": ""Maize (white)"", ""commodity_id"": ""67"", ""currency"": ""ETB"", ""market_id"": ""473"", ""pricetype"": ""Retail"", ""unit"": ""100 KG""}",ETB,0,False
ETH,fa6ffa90b3b38a4d43282703efeb69d51db9eedc6bb20acb50eb74b9577eded7,"{""commodity"": ""Maize (white)"", ""commodity_id"": ""67"", ""currency"": ""ETB"", ""market_id"": ""474"", ""pricetype"": ""Retail"", ""unit"": ""100 KG""}",ETB,0,False
ETH,3db8538a35b7c8285a0e5f96b948942aac8364a6da732ced761b47a6e1c1ff3a,"{""commodity"": ""Maize (white)"", ""commodity_id"": ""67"", ""currency"": ""ETB"", ""market_id"": ""475"", ""pricetype"": ""Retail"", ""unit"": ""100 KG""}",ETB,3,False
ETH,90a6e89efcda673b53e6659fd69c1da8042dbe1cb8bef6a41ea928cec98e58d7,"{""commodity"": ""Maize (white)"", ""commodity_id"": ""67"", ""currency"": ""ETB"", ""market_id"": ""476"", ""pricetype"": ""Retail"", ""unit"": ""100 KG""}",ETB,13,False
ETH,ab8a58face70e17cce2f21f0cbdbe8a5339273495bf3ba8027d703088c3ac7e9,"{""commodity"": ""Maize (white)"", ""commodity_id"": ""67"", ""currency"": ""ETB"", ""market_id"": ""477"", ""pricetype"": ""Retail"", ""unit"": ""100 KG""}",ETB,5,False
ETH,786a9e6d33d07a14acf684386fd72deb060bfa5f383b2e2d375ddfbab7174ece,"{""commodity"": ""Maize (white)"", ""commodity_id"": ""67"", ""currency"": ""ETB"", ""market_id"": ""478"", ""pricetype"": ""Retail"", ""unit"": ""100 KG""}",ETB,2,False
ETH,4fc512ea52dabce5c271a06645f1909330dc1c1792f0e6517473d353037e050a,"{""commodity"": ""Maize (white)"", ""commodity_id"": ""67"", ""currency"": ""ETB"", ""market_id"": ""479"", ""pricetype"": ""Retail"", ""unit"": ""100 KG""}",ETB,42,True
ETH,7e3361cdd09657ce5f2e40e369ed4532216442fee9ab65627e97eb654aaeb604,"{""commodity"": ""Maize (white)"", ""commodity_id"": ""67"", ""currency"": ""ETB"", ""market_id"": ""483"", ""pricetype"": ""Retail"", ""unit"": ""100 KG""}",ETB,0,False
ETH,0e72d48a53ec82216bf7040932935aee430c71570f7f279e3d1e906f10ae8dbc,"{""commodity"": ""Maize (white)"", ""commodity_id"": ""67"", ""currency"": ""ETB"", ""market_id"": ""487"", ""pricetype"": ""Retail"", ""unit"": ""100 KG""}",ETB,0,False
ETH,dfb32771a2358ddf2f7ce05aec76c1b3825a1b046548ac246274861f6d31f519,"{""commodity"": ""Maize (white)"", ""commodity_id"": ""67"", ""currency"": ""ETB"", ""market_id"": ""488"", ""pricetype"": ""Retail"", ""unit"": ""100 KG""}",ETB,0,False
ETH,cb0d33d3d728f649a4fd436018ed0bf016d31db90a2c9b20cfc17fa73fca7abe,"{""commodity"": ""Maize (white)"", ""commodity_id"": ""67"", ""currency"": ""ETB"", ""market_id"": ""489"", ""pricetype"": ""Retail"", ""unit"": ""100 KG""}",ETB,0,False
ETH,df439acc1d652d5883161eb003ff6d9ad60261a0e7ce8b7201d87626dee4dad1,"{""commodity"": ""Maize (white)"", ""commodity_id"": ""67"", ""currency"": ""ETB"", ""market_id"": ""490"", ""pricetype"": ""Retail"", ""unit"": ""100 KG""}",ETB,0,False
ETH,ab82f4c2394af81a5cb0d0d6f759645fba172d0a54b7a5e28688bf48cdb8ea1b,"{""commodity"": ""Maize (white)"", ""commodity_id"": ""67"", ""currency"": ""ETB"", ""market_id"": ""492"", ""pricetype"": ""Retail"", ""unit"": ""100 KG""}",ETB,0,False
ETH,49a69a7a88466b4ed6894b03ba02b33fe523aff302cbc09e8cbe887264c24478,"{""commodity"": ""Maize (white)"", ""commodity_id"": ""67"", ""currency"": ""ETB"", ""market_id"": ""493"", ""pricetype"": ""Retail"", ""unit"": ""100 KG""}",ETB,2,False
ETH,5f31936381d2553162f9cdb3559c24131626ae549a76ae44a9244c91d1551bf7,"{""commodity"": ""Maize (white)"", ""commodity_id"": ""67"", ""currency"": ""ETB"", ""market_id"": ""495"", ""pricetype"": ""Retail"", ""unit"": ""100 KG""}",ETB,1,False
ETH,f6f53cdb5df9fbeebc40418e769803bbd432f4d491ae6953bdb6e0013d231552,"{""commodity"": ""Maize (white)"", ""commodity_id"": ""67"", ""currency"": ""ETB"", ""market_id"": ""496"", ""pricetype"": ""Retail"", ""unit"": ""100 KG""}",ETB,0,False
ETH,f41135e9af31ae1837ae4a809d7a980a2714efeec75070b9c92fcdcce85a016e,"{""commodity"": ""Maize (white)"", ""commodity_id"": ""67"", ""currency"": ""ETB"", ""market_id"": ""497"", ""pricetype"": ""Retail"", ""unit"": ""100 KG""}",ETB,0,False
ETH,d107af24a9aa59801947b712e75670ce5d78b7e95a7e6ec68b9ef0f4be278890,"{""commodity"": ""Maize (white)"", ""commodity_id"": ""67"", ""currency"": ""ETB"", ""market_id"": ""498"", ""pricetype"": ""Retail"", ""unit"": ""100 KG""}",ETB,17,False
ETH,81420aeb77cafde10565d6871262963efffe483f95cc7f030b502eb0220fb141,"{""commodity"": ""Maize (white)"", ""commodity_id"": ""67"", ""currency"": ""ETB"", ""market_id"": ""506"", ""pricetype"": ""Retail"", ""unit"": ""100 KG""}",ETB,7,False
ETH,182c5adef0b4746fa31a6fdddf2e44c8eba11c48cddae544c1dadd764546da40,"{""commodity"": ""Maize (white)"", ""commodity_id"": ""67"", ""currency"": ""ETB"", ""market_id"": ""5064"", ""pricetype"": ""Retail"", ""unit"": ""100 KG""}",ETB,0,False
ETH,b803a0c79f270be1698cf081f0672bfb8cf3d9aa6b5466916108e166a9d40868,"{""commodity"": ""Maize (white)"", ""commodity_id"": ""67"", ""currency"": ""ETB"", ""market_id"": ""507"", ""pricetype"": ""Retail"", ""unit"": ""100 KG""}",ETB,44,True
ETH,2c4e65cfa2a892d2c1017c1cad4085f1a20db1de694e1f0004b6bb0ec881f3db,"{""commodity"": ""Maize (white)"", ""commodity_id"": ""67"", ""currency"": ""ETB"", ""market_id"": ""508"", ""pricetype"": ""Retail"", ""unit"": ""100 KG""}",ETB,5,False
ETH,f425e1ef15c0f214179aa89de8e452973a5dc3997190f7434e14e915ec1a57e8,"{""commodity"": ""Maize (white)"", ""commodity_id"": ""67"", ""currency"": ""ETB"", ""market_id"": ""509"", ""pricetype"": ""Retail"", ""unit"": ""100 KG""}",ETB,5,False
ETH,f7bea8e4752cee7f1cd05bc3ba2b6baca199156f7b1e804d1e86103e4572a246,"{""commodity"": ""Maize (white)"", ""commodity_id"": ""67"", ""currency"": ""ETB"", ""market_id"": ""510"", ""pricetype"": ""Retail"", ""unit"": ""100 KG""}",ETB,0,False
ETH,8993e2584442374e546975c383df693b24b47d3a5ae9ac8513e0a2c2618d616a,"{""commodity"": ""Maize (white)"", ""commodity_id"": ""67"", ""currency"": ""ETB"", ""market_id"": ""511"", ""pricetype"": ""Retail"", ""unit"": ""100 KG""}",ETB,0,False
ETH,124bb99e1fff464ba102c8b6577652f4849f018eea2748a5c698057f8c63d09e,"{""commodity"": ""Maize (white)"", ""commodity_id"": ""67"", ""currency"": ""ETB"", ""market_id"": ""513"", ""pricetype"": ""Retail"", ""unit"": ""100 KG""}",ETB,0,False
ETH,ce878d812bc7953ff6d9e1249e9872a5d5c746060b8ece056b2e12fac22fe192,"{""commodity"": ""Maize (white)"", ""commodity_id"": ""67"", ""currency"": ""ETB"", ""market_id"": ""516"", ""pricetype"": ""Retail"", ""unit"": ""100 KG""}",ETB,3,False
ETH,c02d2fe04a7a5b0729ace0623663de8207dc665c9859f4451f6f3afa96304557,"{""commodity"": ""Maize (white)"", ""commodity_id"": ""67"", ""currency"": ""ETB"", ""market_id"": ""517"", ""pricetype"": ""Retail"", ""unit"": ""100 KG""}",ETB,1,False
ETH,e9df46ffca68a6b8e8211adae14bfefebd762f0323e6d4db90ae9d30a3879007,"{""commodity"": ""Maize (white)"", ""commodity_id"": ""67"", ""currency"": ""ETB"", ""market_id"": ""6706"", ""pricetype"": ""Retail"", ""unit"": ""100 KG""}",ETB,0,False
ETH,ac78486f7ebd64c167f04a827c87a248b4545976e750e13c21d7d07c7b25eb5f,"{""commodity"": ""Maize (white)"", ""commodity_id"": ""67"", ""currency"": ""ETB"", ""market_id"": ""7548"", ""pricetype"": ""Retail"", ""unit"": ""100 KG""}",ETB,0,False
ETH,98c7dc5f52d8880e1d247a35c6dca2d312acaf7bcc3fe19dc09c1cd734ed3803,"{""commodity"": ""Maize (white)"", ""commodity_id"": ""67"", ""currency"": ""ETB"", ""market_id"": ""7562"", ""pricetype"": ""Retail"", ""unit"": ""100 KG""}",ETB,0,False
ETH,e8c50891283181e9b9bd596c06ace7bc32640aee81b2432f5dd190f2cbbfae8c,"{""commodity"": ""Maize (white)"", ""commodity_id"": ""67"", ""currency"": ""ETB"", ""market_id"": ""7569"", ""pricetype"": ""Retail"", ""unit"": ""100 KG""}",ETB,0,False
ETH,0f5c1da3761ee13d37a98bbb4189327c55c83b27141d7ba4e83f4356ea127635,"{""commodity"": ""Maize (white)"", ""commodity_id"": ""67"", ""currency"": ""ETB"", ""market_id"": ""7574"", ""pricetype"": ""Retail"", ""unit"": ""100 KG""}",ETB,0,False
ETH,862e535f8f984b3b2ec3029d2d1ccbccb2c75134791e186bcde23a75ac576ce9,"{""commodity"": ""Maize (white)"", ""commodity_id"": ""67"", ""currency"": ""ETB"", ""market_id"": ""7576"", ""pricetype"": ""Retail"", ""unit"": ""100 KG""}",ETB,0,False
ETH,aa50f4dcbec69f97f76c054c16211a6d37ca94e737c269af8b0afda790c16967,"{""commodity"": ""Maize (white)"", ""commodity_id"": ""67"", ""currency"": ""ETB"", ""market_id"": ""7577"", ""pricetype"": ""Retail"", ""unit"": ""100 KG""}",ETB,0,False
ETH,15323141148e8c27df6a78e1361b41118b9b959a3d66c03cf9673c5b1667b1ad,"{""commodity"": ""Maize (white)"", ""commodity_id"": ""67"", ""currency"": ""ETB"", ""market_id"": ""8347"", ""pricetype"": ""Retail"", ""unit"": ""100 KG""}",ETB,0,False
ETH,dd702f64836b5893a8c4f8185e174f7a10bef599324832cdf14ea9be85a9dc6d,"{""commodity"": ""Maize (white)"", ""commodity_id"": ""67"", ""currency"": ""ETB"", ""market_id"": ""856"", ""pricetype"": ""Retail"", ""unit"": ""100 KG""}",ETB,1,False
ETH,e59d3ef4374a7ab37aba5fa77b87297611773dc423681bceae6c5b4bf2d0902d,"{""commodity"": ""Maize (white)"", ""commodity_id"": ""67"", ""currency"": ""ETB"", ""market_id"": ""9129"", ""pricetype"": ""Retail"", ""unit"": ""100 KG""}",ETB,0,False
ETH,0bd8fd84658d7df4bcf458f1198ac483837319099d52f0a26f84b09887e73a65,"{""commodity"": ""Maize (yellow)"", ""commodity_id"": ""136"", ""currency"": ""ETB"", ""market_id"": ""460"", ""pricetype"": ""Retail"", ""unit"": ""100 KG""}",ETB,0,False
ETH,0d82124fe2e8b57b76cab3557205cee36873cc56533a9584401f9b97e6938267,"{""commodity"": ""Maize (yellow)"", ""commodity_id"": ""136"", ""currency"": ""ETB"", ""market_id"": ""461"", ""pricetype"": ""Retail"", ""unit"": ""100 KG""}",ETB,0,False
ETH,526c44971a536faca4f5e9fa6fddb8fde45cec7832eccb3adafd6eac1a416c39,"{""commodity"": ""Maize (yellow)"", ""commodity_id"": ""136"", ""currency"": ""ETB"", ""market_id"": ""475"", ""pricetype"": ""Retail"", ""unit"": ""100 KG""}",ETB,0,False
ETH,b856d35a2ae8f171eb34d32931bb8e65a7d4d9b8b4770c860f7a66edf673f7cf,"{""commodity"": ""Oil (palm)"", ""commodity_id"": ""62"", ""currency"": ""ETB"", ""market_id"": ""10098"", ""pricetype"": ""Retail"", ""unit"": ""L""}",ETB,0,False
ETH,518b5ff123029fb3f750450227c1f17556d98eee9c38268b003ca7029d27dfcd,"{""commodity"": ""Oil (palm)"", ""commodity_id"": ""62"", ""currency"": ""ETB"", ""market_id"": ""1831"", ""pricetype"": ""Retail"", ""unit"": ""L""}",ETB,0,False
ETH,967617eeb1fb50cd476a39f81fc07e6e3597d8f0feaef529f0a5d1edd4398a34,"{""commodity"": ""Oil (palm)"", ""commodity_id"": ""62"", ""currency"": ""ETB"", ""market_id"": ""3075"", ""pricetype"": ""Retail"", ""unit"": ""L""}",ETB,0,False
ETH,dc7f3a890838031cc9cd28dff999e578461bb6f617cd8b40e0396d04d7724d48,"{""commodity"": ""Oil (palm)"", ""commodity_id"": ""62"", ""currency"": ""ETB"", ""market_id"": ""3076"", ""pricetype"": ""Retail"", ""unit"": ""L""}",ETB,0,False
ETH,281b3afc638d4b5eda929b484a8a14c9b09a0027237f817ddf1890170b2058c6,"{""commodity"": ""Oil (palm)"", ""commodity_id"": ""62"", ""currency"": ""ETB"", ""market_id"": ""3077"", ""pricetype"": ""Retail"", ""unit"": ""L""}",ETB,0,False
ETH,e37ec95bea50b1f160e00d00c847ddc63572cb58c0ee4c15b344937a3e35ca86,"{""commodity"": ""Oil (palm)"", ""commodity_id"": ""62"", ""currency"": ""ETB"", ""market_id"": ""3078"", ""pricetype"": ""Retail"", ""unit"": ""L""}",ETB,0,False
ETH,b2a9803d1b5f8deceae56b6112b9bb9a1f8ceac171dc3bd6aeb9c76b781704ee,"{""commodity"": ""Oil (palm)"", ""commodity_id"": ""62"", ""currency"": ""ETB"", ""market_id"": ""3107"", ""pricetype"": ""Retail"", ""unit"": ""L""}",ETB,0,False
ETH,ae94d05a6896c8a11f97febc39f9965a842d18c07c9b1d37948e268ddeb453a4,"{""commodity"": ""Oil (palm)"", ""commodity_id"": ""62"", ""currency"": ""ETB"", ""market_id"": ""3647"", ""pricetype"": ""Retail"", ""unit"": ""L""}",ETB,0,False
ETH,d680ff9b6f376d86e2052786b08990118cd1efe81b8457358076616cd8322bfd,"{""commodity"": ""Oil (palm)"", ""commodity_id"": ""62"", ""currency"": ""ETB"", ""market_id"": ""3652"", ""pricetype"": ""Retail"", ""unit"": ""L""}",ETB,0,False
ETH,e54af69762f338916c187d6a1d2994ab1976b72484566bd1fb18a0cd10c39826,"{""commodity"": ""Oil (palm)"", ""commodity_id"": ""62"", ""currency"": ""ETB"", ""market_id"": ""3653"", ""pricetype"": ""Retail"", ""unit"": ""L""}",ETB,0,False
ETH,7eb89f71300619681bf62670a74d69a4720640aa2bedfe78e7fb617c36df2bad,"{""commodity"": ""Oil (palm)"", ""commodity_id"": ""62"", ""currency"": ""ETB"", ""market_id"": ""3662"", ""pricetype"": ""Retail"", ""unit"": ""L""}",ETB,0,False
ETH,c3034a084f6a7615ba19407674ad6aee4286b79f889f2b9d8f9b5e44448a6334,"{""commodity"": ""Oil (palm)"", ""commodity_id"": ""62"", ""currency"": ""ETB"", ""market_id"": ""3663"", ""pricetype"": ""Retail"", ""unit"": ""L""}",ETB,0,False
ETH,5376b732b4b308a812f0728a1bc60f74c08b17a3733892401e60642b20692606,"{""commodity"": ""Oil (palm)"", ""commodity_id"": ""62"", ""currency"": ""ETB"", ""market_id"": ""3665"", ""pricetype"": ""Retail"", ""unit"": ""L""}",ETB,0,False
ETH,55715567ef52f7ffe38334d3a7e4279dd21df1b6671b5afa8e10c9126f176355,"{""commodity"": ""Oil (palm)"", ""commodity_id"": ""62"", ""currency"": ""ETB"", ""market_id"": ""3666"", ""pricetype"": ""Retail"", ""unit"": ""L""}",ETB,0,False
ETH,8d15ee5056253263501d407dd7ee77b8e2c8b4263ca3fecc2b6ad3294cc99c67,"{""commodity"": ""Oil (palm)"", ""commodity_id"": ""62"", ""currency"": ""ETB"", ""market_id"": ""3667"", ""pricetype"": ""Retail"", ""unit"": ""L""}",ETB,0,False
ETH,3eb847c2c08fe3fd835225442f07933eecc764a414b05054d617f72cc356544a,"{""commodity"": ""Oil (palm)"", ""commodity_id"": ""62"", ""currency"": ""ETB"", ""market_id"": ""3669"", ""pricetype"": ""Retail"", ""unit"": ""L""}",ETB,0,False
ETH,b9353eebf91604ed7eb0cc7e962851d6467d52f0b342f053b41845a4004fb926,"{""commodity"": ""Oil (palm)"", ""commodity_id"": ""62"", ""currency"": ""ETB"", ""market_id"": ""3672"", ""pricetype"": ""Retail"", ""unit"": ""L""}",ETB,0,False
ETH,e17f1e465d5a8fd2e8d7abeed5b7584f144a87ada3aacd85324074952c3196cd,"{""commodity"": ""Oil (palm)"", ""commodity_id"": ""62"", ""currency"": ""ETB"", ""market_id"": ""3673"", ""pricetype"": ""Retail"", ""unit"": ""L""}",ETB,0,False
ETH,dcaa0afee5b808436c39c947f061704dad985375a577919f6bd9a8c22cf55d93,"{""commodity"": ""Oil (palm)"", ""commodity_id"": ""62"", ""currency"": ""ETB"", ""market_id"": ""3674"", ""pricetype"": ""Retail"", ""unit"": ""L""}",ETB,0,False
ETH,4ed1b7bfbe7fbe19be3718378a731c5b42692eb1d377d016e55102f02b61c582,"{""commodity"": ""Oil (palm)"", ""commodity_id"": ""62"", ""currency"": ""ETB"", ""market_id"": ""3675"", ""pricetype"": ""Retail"", ""unit"": ""L""}",ETB,0,False
ETH,1973766e0c644e89bbf2ddeae696295c94677164054630a0e9ad9626539394ec,"{""commodity"": ""Oil (palm)"", ""commodity_id"": ""62"", ""currency"": ""ETB"", ""market_id"": ""458"", ""pricetype"": ""Retail"", ""unit"": ""L""}",ETB,0,False
ETH,c0fd94178bc056870d507bf58efdaa15bab24209c65ead472dba9ae678036de9,"{""commodity"": ""Oil (palm)"", ""commodity_id"": ""62"", ""currency"": ""ETB"", ""market_id"": ""459"", ""pricetype"": ""Retail"", ""unit"": ""L""}",ETB,0,False
ETH,a4905a029d21b5797cfabecb4cc73997e8af964f94387f1d5fa7915f1658d23f,"{""commodity"": ""Oil (palm)"", ""commodity_id"": ""62"", ""currency"": ""ETB"", ""market_id"": ""460"", ""pricetype"": ""Retail"", ""unit"": ""L""}",ETB,0,False
ETH,7df2a13d445413f6e21e4aa5a5e475b450fc4737d1b128e7c7599f459e64fe2b,"{""commodity"": ""Oil (palm)"", ""commodity_id"": ""62"", ""currency"": ""ETB"", ""market_id"": ""461"", ""pricetype"": ""Retail"", ""unit"": ""L""}",ETB,0,False
ETH,bf00e486d135e9800b7309eb88644e283e4cfb9ca277fa9ba6d03e7a795d924d,"{""commodity"": ""Oil (palm)"", ""commodity_id"": ""62"", ""currency"": ""ETB"", ""market_id"": ""462"", ""pricetype"": ""Retail"", ""unit"": ""L""}",ETB,0,False
ETH,048e908f7cdf9846d8a4053a82262cc53fbab81eb1d443b7adcb5bd589f8d13a,"{""commodity"": ""Oil (palm)"", ""commodity_id"": ""62"", ""currency"": ""ETB"", ""market_id"": ""463"", ""pricetype"": ""Retail"", ""unit"": ""L""}",ETB,0,False
ETH,4b03ece1d7103c4f688a0d8204aff01b63aa60780b828832a12aeea27246d614,"{""commodity"": ""Oil (palm)"", ""commodity_id"": ""62"", ""currency"": ""ETB"", ""market_id"": ""464"", ""pricetype"": ""Retail"", ""unit"": ""L""}",ETB,0,False
ETH,5fc37dbaddb20c09c04f11466ffbe580310eceef96ccf795351d97b6c8ca9016,"{""commodity"": ""Oil (palm)"", ""commodity_id"": ""62"", ""currency"": ""ETB"", ""market_id"": ""466"", ""pricetype"": ""Retail"", ""unit"": ""L""}",ETB,0,False
ETH,51c391bfabae196977b50a9414decb51d87a5c47f49ec22d18a40c8bd2a109fb,"{""commodity"": ""Oil (palm)"", ""commodity_id"": ""62"", ""currency"": ""ETB"", ""market_id"": ""468"", ""pricetype"": ""Retail"", ""unit"": ""L""}",ETB,0,False
ETH,bed59231be5ec5968f53804a77833fa447cadded49b8e8577781c12fb9bb1a18,"{""commodity"": ""Oil (palm)"", ""commodity_id"": ""62"", ""currency"": ""ETB"", ""market_id"": ""470"", ""pricetype"": ""Retail"", ""unit"": ""L""}",ETB,0,False
ETH,627af73a10596cba695da2f540d55e2fa167d7d8ceece4c61c8d8b9ee710895a,"{""commodity"": ""Oil (palm)"", ""commodity_id"": ""62"", ""currency"": ""ETB"", ""market_id"": ""472"", ""pricetype"": ""Retail"", ""unit"": ""L""}",ETB,0,False
ETH,09a4d8f9c3a53e5d56ecf3e4335a48f54bb71331622797ecb453d3fef75fba5c,"{""commodity"": ""Oil (palm)"", ""commodity_id"": ""62"", ""currency"": ""ETB"", ""market_id"": ""477"", ""pricetype"": ""Retail"", ""unit"": ""L""}",ETB,0,False
ETH,aaef037e6c54975b5738ed40016fc033e87425a799e0c4f11726bd3ab152835c,"{""commodity"": ""Oil (palm)"", ""commodity_id"": ""62"", ""currency"": ""ETB"", ""market_id"": ""479"", ""pricetype"": ""Retail"", ""unit"": ""L""}",ETB,0,False
ETH,e9b49e66a206a547d3a4a35623a1c912d1a9357c8855f2e9097f0d63492ebb83,"{""commodity"": ""Oil (palm)"", ""commodity_id"": ""62"", ""currency"": ""ETB"", ""market_id"": ""483"", ""pricetype"": ""Retail"", ""unit"": ""L""}",ETB,0,False
ETH,dee167cdddd11a15074c62245e3b4c1c7bbeacf574772bbf9e218bef6fa0f6af,"{""commodity"": ""Oil (palm)"", ""commodity_id"": ""62"", ""currency"": ""ETB"", ""market_id"": ""487"", ""pricetype"": ""Retail"", ""unit"": ""L""}",ETB,0,False
ETH,59f42ed15d53cb082c0cadb760a75c64eff10d5646755c0f441dc2cc3e8f50dc,"{""commodity"": ""Oil (palm)"", ""commodity_id"": ""62"", ""currency"": ""ETB"", ""market_id"": ""488"", ""pricetype"": ""Retail"", ""unit"": ""L""}",ETB,0,False
ETH,3f52fcea5e7630a6f09b4ce53b7e069b1897f1c82dc071d31fae018268fefdfe,"{""commodity"": ""Oil (palm)"", ""commodity_id"": ""62"", ""currency"": ""ETB"", ""market_id"": ""489"", ""pricetype"": ""Retail"", ""unit"": ""L""}",ETB,0,False
ETH,a24f389c262da57152cbc464e9a01a2423c7037c1bbe8fc13cf37eb151a4ca22,"{""commodity"": ""Oil (palm)"", ""commodity_id"": ""62"", ""currency"": ""ETB"", ""market_id"": ""492"", ""pricetype"": ""Retail"", ""unit"": ""L""}",ETB,0,False
ETH,c3cefa91f6cbde5f0df9c343647ddfb818db6a035f4b7be82c419b3bd013ef0c,"{""commodity"": ""Oil (palm)"", ""commodity_id"": ""62"", ""currency"": ""ETB"", ""market_id"": ""496"", ""pricetype"": ""Retail"", ""unit"": ""L""}",ETB,0,False
ETH,8ce27286bdd4c4d9cf02c998f849a7e9ff58fef2bb742595818a2473a560a094,"{""commodity"": ""Oil (palm)"", ""commodity_id"": ""62"", ""currency"": ""ETB"", ""market_id"": ""497"", ""pricetype"": ""Retail"", ""unit"": ""L""}",ETB,0,False
ETH,8dc875398919891246d5cc141d40079ce886f91c830168f7295025d4e58c77a0,"{""commodity"": ""Oil (palm)"", ""commodity_id"": ""62"", ""currency"": ""ETB"", ""market_id"": ""507"", ""pricetype"": ""Retail"", ""unit"": ""L""}",ETB,0,False
ETH,2065af71a0bfb3d8682fc5d2dcbc28bdda25e62db26301b1a4454f0293fb6217,"{""commodity"": ""Oil (palm)"", ""commodity_id"": ""62"", ""currency"": ""ETB"", ""market_id"": ""508"", ""pricetype"": ""Retail"", ""unit"": ""L""}",ETB,0,False
ETH,25eff79cadef353b42ab2cc9e8192a6bcacc7af5aabc3999ef2591974067cf59,"{""commodity"": ""Oil (palm)"", ""commodity_id"": ""62"", ""currency"": ""ETB"", ""market_id"": ""509"", ""pricetype"": ""Retail"", ""unit"": ""L""}",ETB,0,False
ETH,0aa41a24681735bf52ae5157d50e92ad039c5d9184f0afa5e95e1a9adaf44231,"{""commodity"": ""Oil (palm)"", ""commodity_id"": ""62"", ""currency"": ""ETB"", ""market_id"": ""510"", ""pricetype"": ""Retail"", ""unit"": ""L""}",ETB,0,False
ETH,9ef3d1ac587e5a16b3e916e1a3c1333036f52c3691ebc096f20958722eecff18,"{""commodity"": ""Oil (palm)"", ""commodity_id"": ""62"", ""currency"": ""ETB"", ""market_id"": ""511"", ""pricetype"": ""Retail"", ""unit"": ""L""}",ETB,0,False
ETH,ab21e2c3e68fb3c18b335181466b2d185785e032ab94215a0cb3fe201599038e,"{""commodity"": ""Oil (palm)"", ""commodity_id"": ""62"", ""currency"": ""ETB"", ""market_id"": ""6706"", ""pricetype"": ""Retail"", ""unit"": ""L""}",ETB,0,False
ETH,274dd67b2c2184762fb9d41bc62bf8182bf674913af1c1ff59089bad6819d978,"{""commodity"": ""Oil (palm)"", ""commodity_id"": ""62"", ""currency"": ""ETB"", ""market_id"": ""7548"", ""pricetype"": ""Retail"", ""unit"": ""L""}",ETB,0,False
ETH,408b008ac341e12c1117a20e9e44efa08a70da38d0123f5d7c18284b3fedb5c5,"{""commodity"": ""Oil (palm)"", ""commodity_id"": ""62"", ""currency"": ""ETB"", ""market_id"": ""7562"", ""pricetype"": ""Retail"", ""unit"": ""L""}",ETB,0,False
ETH,161c0b8f43c733c817ab5e275e7802342833577b19e30801d77c15cfe26020e2,"{""commodity"": ""Oil (palm)"", ""commodity_id"": ""62"", ""currency"": ""ETB"", ""market_id"": ""7569"", ""pricetype"": ""Retail"", ""unit"": ""L""}",ETB,0,False
ETH,d76d8a0b62a9cc2e71e7c6f580973dbfef5dc057b2c7c31f2a1e6795f1a40f75,"{""commodity"": ""Oil (palm)"", ""commodity_id"": ""62"", ""currency"": ""ETB"", ""market_id"": ""7574"", ""pricetype"": ""Retail"", ""unit"": ""L""}",ETB,0,False
ETH,20ee6f234fe2986b2b7830f48192e4ac5c2f22cb04063c6d7e6c97b75b76d694,"{""commodity"": ""Oil (palm)"", ""commodity_id"": ""62"", ""currency"": ""ETB"", ""market_id"": ""7576"", ""pricetype"": ""Retail"", ""unit"": ""L""}",ETB,0,False
ETH,d5a09f4467e9b13f9fa9b48acacbefa6afb03efd5b37fb440f1c07a5e164f021,"{""commodity"": ""Oil (palm)"", ""commodity_id"": ""62"", ""currency"": ""ETB"", ""market_id"": ""7577"", ""pricetype"": ""Retail"", ""unit"": ""L""}",ETB,0,False
ETH,49a8188a15a29d1a3ef5d9011bc1206a4cc111558e430cbe8df5af1a63145a59,"{""commodity"": ""Oil (palm)"", ""commodity_id"": ""62"", ""currency"": ""ETB"", ""market_id"": ""8347"", ""pricetype"": ""Retail"", ""unit"": ""L""}",ETB,0,False
ETH,d42d93d0da52a1df6acb72322f2853712bf5ddd0c867eeaf87acbde27576f57d,"{""commodity"": ""Oil (palm)"", ""commodity_id"": ""62"", ""currency"": ""ETB"", ""market_id"": ""9129"", ""pricetype"": ""Retail"", ""unit"": ""L""}",ETB,0,False
ETH,6f5e3204c6de86b98cf0be43375128ddbb77164c426e53f3608a9205cc5d84bd,"{""commodity"": ""Oil (vegetable)"", ""commodity_id"": ""96"", ""currency"": ""ETB"", ""market_id"": ""10277"", ""pricetype"": ""Retail"", ""unit"": ""L""}",ETB,0,False
ETH,5d4c07bcf45c8015dcc486085c145d07216cf0b0d4e6d794cf658459dd66e758,"{""commodity"": ""Oil (vegetable)"", ""commodity_id"": ""96"", ""currency"": ""ETB"", ""market_id"": ""10520"", ""pricetype"": ""Retail"", ""unit"": ""L""}",ETB,0,False
ETH,6f111263bee52dd3014bd8d7844305f7e8db84ed6a11ba346d9e58a270ffc686,"{""commodity"": ""Oil (vegetable)"", ""commodity_id"": ""96"", ""currency"": ""ETB"", ""market_id"": ""10521"", ""pricetype"": ""Retail"", ""unit"": ""L""}",ETB,0,False
ETH,9ad24b696f1835d1ddb6d3f3ad5ea87472e5cd1747db4edad6ec50a70d6d69f5,"{""commodity"": ""Oil (vegetable)"", ""commodity_id"": ""96"", ""currency"": ""ETB"", ""market_id"": ""3067"", ""pricetype"": ""Retail"", ""unit"": ""L""}",ETB,0,False
ETH,3b85f3d037d9db16d416fe30f6f252614d60dcef7974e6de122efd342990e971,"{""commodity"": ""Oil (vegetable)"", ""commodity_id"": ""96"", ""currency"": ""ETB"", ""market_id"": ""3070"", ""pricetype"": ""Retail"", ""unit"": ""L""}",ETB,0,False
ETH,fb7db6d0670ce82ec8e7daf3bec046f8e4e5d11ef759db76e962c52fd432ba5a,"{""commodity"": ""Oil (vegetable)"", ""commodity_id"": ""96"", ""currency"": ""ETB"", ""market_id"": ""3075"", ""pricetype"": ""Retail"", ""unit"": ""L""}",ETB,0,False
ETH,f3d71b53d675d824b2eb01e4c57639fd21ad87658111a004a59137d9f629d510,"{""commodity"": ""Oil (vegetable)"", ""commodity_id"": ""96"", ""currency"": ""ETB"", ""market_id"": ""3076"", ""pricetype"": ""Retail"", ""unit"": ""L""}",ETB,0,False
ETH,1510f06d4c743f83cfebd5f6795ccb4ced0850473139f9fc902edd1c6bb41bca,"{""commodity"": ""Oil (vegetable)"", ""commodity_id"": ""96"", ""currency"": ""ETB"", ""market_id"": ""3077"", ""pricetype"": ""Retail"", ""unit"": ""L""}",ETB,0,False
ETH,d98c331d80fa57167cfc65b28515072a91c0cad66942e6bb54d6293fef88aa1e,"{""commodity"": ""Oil (vegetable)"", ""commodity_id"": ""96"", ""currency"": ""ETB"", ""market_id"": ""3078"", ""pricetype"": ""Retail"", ""unit"": ""L""}",ETB,0,False
ETH,8fe0808cdd942f20a0cdaf073a4fe937a4e503dbbdcd1435d58991def8844acb,"{""commodity"": ""Oil (vegetable)"", ""commodity_id"": ""96"", ""currency"": ""ETB"", ""market_id"": ""3108"", ""pricetype"": ""Retail"", ""unit"": ""L""}",ETB,0,False
ETH,f3c7e654c1f85a097c13ecd85d45fe9a165cb35ed99469793bc86abad16b503d,"{""commodity"": ""Oil (vegetable)"", ""commodity_id"": ""96"", ""currency"": ""ETB"", ""market_id"": ""3649"", ""pricetype"": ""Retail"", ""unit"": ""L""}",ETB,0,False
ETH,828554f6c1daa289495f1a2430b35aa7515b782e81075e2b86453a8d522e9d19,"{""commodity"": ""Oil (vegetable)"", ""commodity_id"": ""96"", ""currency"": ""ETB"", ""market_id"": ""3652"", ""pricetype"": ""Retail"", ""unit"": ""L""}",ETB,0,False
ETH,62f920a5dd56c3b9a8ac8503cc8d3a09f5e5e0a5a1736af05c6392dd55aec81c,"{""commodity"": ""Oil (vegetable)"", ""commodity_id"": ""96"", ""currency"": ""ETB"", ""market_id"": ""3654"", ""pricetype"": ""Retail"", ""unit"": ""L""}",ETB,0,False
ETH,b1fbfdceff1c342f979324bde6848b0e52e313c85f6aeb805e64aa767b7b45cf,"{""commodity"": ""Oil (vegetable)"", ""commodity_id"": ""96"", ""currency"": ""ETB"", ""market_id"": ""3655"", ""pricetype"": ""Retail"", ""unit"": ""L""}",ETB,0,False
ETH,5e708b7bfb8ae662e5769cbc82ea9861dacbd85d507ae98cde4d075d49cc51ba,"{""commodity"": ""Oil (vegetable)"", ""commodity_id"": ""96"", ""currency"": ""ETB"", ""market_id"": ""3660"", ""pricetype"": ""Retail"", ""unit"": ""L""}",ETB,0,False
ETH,95e9844777219f97fbcce46134c63f0929ea04a964b826edda5204d9dad8dcb2,"{""commodity"": ""Oil (vegetable)"", ""commodity_id"": ""96"", ""currency"": ""ETB"", ""market_id"": ""3662"", ""pricetype"": ""Retail"", ""unit"": ""L""}",ETB,0,False
ETH,dc4bfc7750c3877f54b32cc7e299d5b8d8b4294377746decd5eebb1fee4cbc76,"{""commodity"": ""Oil (vegetable)"", ""commodity_id"": ""96"", ""currency"": ""ETB"", ""market_id"": ""3663"", ""pricetype"": ""Retail"", ""unit"": ""L""}",ETB,0,False
ETH,e8320a2b836ba31e3fc5aa8b91fde036efac6cd5e9e580b34f2fabe88198f514,"{""commodity"": ""Oil (vegetable)"", ""commodity_id"": ""96"", ""currency"": ""ETB"", ""market_id"": ""3665"", ""pricetype"": ""Retail"", ""unit"": ""L""}",ETB,0,False
ETH,5be826eaad287e8bd4adadc571434665d148c16a63d6e89524b6ccec6117a804,"{""commodity"": ""Oil (vegetable)"", ""commodity_id"": ""96"", ""currency"": ""ETB"", ""market_id"": ""3667"", ""pricetype"": ""Retail"", ""unit"": ""L""}",ETB,0,False
ETH,30a9e10a9a46741cbfb504b8032066a2778a6dc8b802709fb2ce4887d0c4be5c,"{""commodity"": ""Oil (vegetable)"", ""commodity_id"": ""96"", ""currency"": ""ETB"", ""market_id"": ""460"", ""pricetype"": ""Retail"", ""unit"": ""L""}",ETB,0,False
ETH,a5d096ef2e1390032a5cd9ef3d8f72716371ca52b88fe21d7550ef4dae320549,"{""commodity"": ""Oil (vegetable)"", ""commodity_id"": ""96"", ""currency"": ""ETB"", ""market_id"": ""461"", ""pricetype"": ""Retail"", ""unit"": ""L""}",ETB,0,False
ETH,8898b5843e4742abbccfec30f1c1affefc9c78d6c62ec63af3c823a03d1b0eae,"{""commodity"": ""Oil (vegetable)"", ""commodity_id"": ""96"", ""currency"": ""ETB"", ""market_id"": ""462"", ""pricetype"": ""Retail"", ""unit"": ""L""}",ETB,0,False
ETH,285e7ad7e352a61fd124cf2320c166494510147fb791850dc9f4d22000ca692d,"{""commodity"": ""Oil (vegetable)"", ""commodity_id"": ""96"", ""currency"": ""ETB"", ""market_id"": ""463"", ""pricetype"": ""Retail"", ""unit"": ""L""}",ETB,0,False
ETH,2986e65b9e7feed17693187311a9f00805b7e234c43a1eeab06e07ac6c602909,"{""commodity"": ""Oil (vegetable)"", ""commodity_id"": ""96"", ""currency"": ""ETB"", ""market_id"": ""4630"", ""pricetype"": ""Retail"", ""unit"": ""L""}",ETB,0,False
ETH,b9d457148f230c95f068e6ca9facd3d9651308dfc021aefdab0c947b86e24317,"{""commodity"": ""Oil (vegetable)"", ""commodity_id"": ""96"", ""currency"": ""ETB"", ""market_id"": ""464"", ""pricetype"": ""Retail"", ""unit"": ""L""}",ETB,0,False
ETH,08c66e3bfe1d9659fb3a9243049ff794393dd3d97159ba40b77580a2b12272ee,"{""commodity"": ""Oil (vegetable)"", ""commodity_id"": ""96"", ""currency"": ""ETB"", ""market_id"": ""467"", ""pricetype"": ""Retail"", ""unit"": ""L""}",ETB,0,False
ETH,274c19ea9939cf2816f1f70aa8113a276cb1fe9fe233aaec6c66ff5871dc1402,"{""commodity"": ""Oil (vegetable)"", ""commodity_id"": ""96"", ""currency"": ""ETB"", ""market_id"": ""468"", ""pricetype"": ""Retail"", ""unit"": ""L""}",ETB,0,False
ETH,a171a0d0348405eec12a807e624494ba7fcb6772cbb122a27efd39267e75ec4d,"{""commodity"": ""Oil (vegetable)"", ""commodity_id"": ""96"", ""currency"": ""ETB"", ""market_id"": ""469"", ""pricetype"": ""Retail"", ""unit"": ""L""}",ETB,0,False
ETH,caa8d379ac692477aa1af20ffe81dfeea174c9c940f8818c1b595caa9c6da78f,"{""commodity"": ""Oil (vegetable)"", ""commodity_id"": ""96"", ""currency"": ""ETB"", ""market_id"": ""470"", ""pricetype"": ""Retail"", ""unit"": ""L""}",ETB,0,False
ETH,1d0537b439461252baed0be21dd6a418278e24c02ffecc30f8423b937d4365b5,"{""commodity"": ""Oil (vegetable)"", ""commodity_id"": ""96"", ""currency"": ""ETB"", ""market_id"": ""472"", ""pricetype"": ""Retail"", ""unit"": ""L""}",ETB,0,False
ETH,fb04f3e706823599a3600f10e1a769be9e42b1f861ab8d289643497d6ae99a9a,"{""commodity"": ""Oil (vegetable)"", ""commodity_id"": ""96"", ""currency"": ""ETB"", ""market_id"": ""475"", ""pricetype"": ""Retail"", ""unit"": ""L""}",ETB,0,False
ETH,c951a99ce0e2f18b3f3622d6228dfeb461ed9edb69d808f893d3fc651309eb82,"{""commodity"": ""Oil (vegetable)"", ""commodity_id"": ""96"", ""currency"": ""ETB"", ""market_id"": ""479"", ""pricetype"": ""Retail"", ""unit"": ""L""}",ETB,0,False
ETH,b60328364c09dfd22fe93135d7ccbbec8f8a41c03e213c60f1ba71f0e6b7369d,"{""commodity"": ""Oil (vegetable)"", ""commodity_id"": ""96"", ""currency"": ""ETB"", ""market_id"": ""483"", ""pricetype"": ""Retail"", ""unit"": ""L""}",ETB,0,False
ETH,dc6fdf98034f75ab7bfbd6a22d198542f726d01d99d64159729be8b5dcd1dfe5,"{""commodity"": ""Oil (vegetable)"", ""commodity_id"": ""96"", ""currency"": ""ETB"", ""market_id"": ""488"", ""pricetype"": ""Retail"", ""unit"": ""L""}",ETB,0,False
ETH,b5e79b614b8e3d7a839bc0a33f227f801b9677191820554f1409d99a4415d57b,"{""commodity"": ""Oil (vegetable)"", ""commodity_id"": ""96"", ""currency"": ""ETB"", ""market_id"": ""489"", ""pricetype"": ""Retail"", ""unit"": ""L""}",ETB,0,False
ETH,b4a93374516ae7c596c180da440cf0b1fa89c98186501f493fa5b9358267e053,"{""commodity"": ""Oil (vegetable)"", ""commodity_id"": ""96"", ""currency"": ""ETB"", ""market_id"": ""492"", ""pricetype"": ""Retail"", ""unit"": ""L""}",ETB,0,False
ETH,e30d8172cb4798fbf392041cffbb81e0557e23832edb6e93acfa59f7bcc5b598,"{""commodity"": ""Oil (vegetable)"", ""commodity_id"": ""96"", ""currency"": ""ETB"", ""market_id"": ""496"", ""pricetype"": ""Retail"", ""unit"": ""L""}",ETB,0,False
ETH,8f46733b3757340a36dfa36700258d0ced79a165c218b08928ceeff3886eee44,"{""commodity"": ""Oil (vegetable)"", ""commodity_id"": ""96"", ""currency"": ""ETB"", ""market_id"": ""510"", ""pricetype"": ""Retail"", ""unit"": ""L""}",ETB,0,False
ETH,41f9758d27f464466e8ed7ba73b255ecc641c27fcfff35e39605125764783acc,"{""commodity"": ""Oil (vegetable)"", ""commodity_id"": ""96"", ""currency"": ""ETB"", ""market_id"": ""511"", ""pricetype"": ""Retail"", ""unit"": ""L""}",ETB,0,False
ETH,42ddf0a7b37579ac432ce47ea0c21498199d8209a83b11064e5d18c4c9a4e1e7,"{""commodity"": ""Rice (imported)"", ""commodity_id"": ""64"", ""currency"": ""ETB"", ""market_id"": ""1831"", ""pricetype"": ""Retail"", ""unit"": ""KG""}",ETB,3,False
ETH,a81991eca8dbb7a4d95449310cb86ffdafd8ae53fb44ff10e39f2e631d759d08,"{""commodity"": ""Rice (imported)"", ""commodity_id"": ""64"", ""currency"": ""ETB"", ""market_id"": ""460"", ""pricetype"": ""Retail"", ""unit"": ""KG""}",ETB,39,True
ETH,de6dcd79b1c1186dc93e4d3e52c807667cc592032a6e01166478e3d845a9e36c,"{""commodity"": ""Rice (imported)"", ""commodity_id"": ""64"", ""currency"": ""ETB"", ""market_id"": ""461"", ""pricetype"": ""Retail"", ""unit"": ""KG""}",ETB,24,True
ETH,cd6e268834829fb18f726d2ac5761156a1699cc17f6836177fcb59ed4e25fc9e,"{""commodity"": ""Rice (imported)"", ""commodity_id"": ""64"", ""currency"": ""ETB"", ""market_id"": ""511"", ""pricetype"": ""Retail"", ""unit"": ""KG""}",ETB,2,False
ETH,c934dcc1e49dc15db2669644b7e255b7582a498b5a21147d67bff9adac26a4c8,"{""commodity"": ""Rice"", ""commodity_id"": ""52"", ""currency"": ""ETB"", ""market_id"": ""10098"", ""pricetype"": ""Retail"", ""unit"": ""KG""}",ETB,0,False
ETH,4074091d6676cd47ba25b8d31897e91a1190272d32f3a392a022dcb881f2941e,"{""commodity"": ""Rice"", ""commodity_id"": ""52"", ""currency"": ""ETB"", ""market_id"": ""1831"", ""pricetype"": ""Retail"", ""unit"": ""KG""}",ETB,0,False
ETH,f6f9ff1572fa7a3a36a0f854216ea434ccb3567db3f3d669e4ddb751d06f14ac,"{""commodity"": ""Rice"", ""commodity_id"": ""52"", ""currency"": ""ETB"", ""market_id"": ""3075"", ""pricetype"": ""Retail"", ""unit"": ""KG""}",ETB,0,False
ETH,fc7919db2c30c5f30f6788f296ebc594043e9ee135f4b5aa30e097ad9e8044e1,"{""commodity"": ""Rice"", ""commodity_id"": ""52"", ""currency"": ""ETB"", ""market_id"": ""3076"", ""pricetype"": ""Retail"", ""unit"": ""KG""}",ETB,0,False
ETH,38cd7c788f690b650957ba471032780a3c5a364829c9a063053a29189811ea4e,"{""commodity"": ""Rice"", ""commodity_id"": ""52"", ""currency"": ""ETB"", ""market_id"": ""3077"", ""pricetype"": ""Retail"", ""unit"": ""KG""}",ETB,0,False
ETH,da4ec415fab0dce547a7033bc73bac7ea4f76f2c9313229388895a9cbc919ce3,"{""commodity"": ""Rice"", ""commodity_id"": ""52"", ""currency"": ""ETB"", ""market_id"": ""3107"", ""pricetype"": ""Retail"", ""unit"": ""KG""}",ETB,0,False
ETH,541158a23e5b88797b453c011d4bedaa6009afd14594c34d822aac31d6afc2b6,"{""commodity"": ""Rice"", ""commodity_id"": ""52"", ""currency"": ""ETB"", ""market_id"": ""3108"", ""pricetype"": ""Retail"", ""unit"": ""KG""}",ETB,0,False
ETH,85972535f5514dd71aa37b53f5c7260a9e21ae9a66ebf7ef1341c017e8cfdc50,"{""commodity"": ""Rice"", ""commodity_id"": ""52"", ""currency"": ""ETB"", ""market_id"": ""3647"", ""pricetype"": ""Retail"", ""unit"": ""KG""}",ETB,0,False
ETH,7d37362b6a2f6b744a436e6d1414535711a5cb699cd52f7ac97b0c415c6fedc1,"{""commodity"": ""Rice"", ""commodity_id"": ""52"", ""currency"": ""ETB"", ""market_id"": ""3649"", ""pricetype"": ""Retail"", ""unit"": ""KG""}",ETB,0,False
ETH,d095ac76c49c066aef5bb5bbab65fe71a96010e7f9e46e1cc2d7eda7508845c8,"{""commodity"": ""Rice"", ""commodity_id"": ""52"", ""currency"": ""ETB"", ""market_id"": ""3653"", ""pricetype"": ""Retail"", ""unit"": ""KG""}",ETB,0,False
ETH,e4e40fcec9012efc1e31e3480d2d082f0aa4dec2782f755751d491c22688a61b,"{""commodity"": ""Rice"", ""commodity_id"": ""52"", ""currency"": ""ETB"", ""market_id"": ""3654"", ""pricetype"": ""Retail"", ""unit"": ""KG""}",ETB,0,False
ETH,9ed5ccc033d2b40177c8e9e7392a7048eeb7d891b3ac47fc09a000960da53f21,"{""commodity"": ""Rice"", ""commodity_id"": ""52"", ""currency"": ""ETB"", ""market_id"": ""3655"", ""pricetype"": ""Retail"", ""unit"": ""KG""}",ETB,0,False
ETH,11b663038574896a3f140be20227af225675e5abd6d13b97bf5c4a1af48aeedb,"{""commodity"": ""Rice"", ""commodity_id"": ""52"", ""currency"": ""ETB"", ""market_id"": ""3662"", ""pricetype"": ""Retail"", ""unit"": ""KG""}",ETB,0,False
ETH,d35c7438ae15cbc7987226ac26aa068554b5e1657cf318d154c9f60b53ff6fcf,"{""commodity"": ""Rice"", ""commodity_id"": ""52"", ""currency"": ""ETB"", ""market_id"": ""3665"", ""pricetype"": ""Retail"", ""unit"": ""KG""}",ETB,0,False
ETH,82734858a940c3917a0e37d244152f058428bb71e474a3fcac2898d37fc60a23,"{""commodity"": ""Rice"", ""commodity_id"": ""52"", ""currency"": ""ETB"", ""market_id"": ""3666"", ""pricetype"": ""Retail"", ""unit"": ""KG""}",ETB,0,False
ETH,cf91944bc2bdc79b25fd13f8685e0ee0aceeb94a4527b7d238ed1ab5e6634ebc,"{""commodity"": ""Rice"", ""commodity_id"": ""52"", ""currency"": ""ETB"", ""market_id"": ""3667"", ""pricetype"": ""Retail"", ""unit"": ""KG""}",ETB,0,False
ETH,a83dede7a417fe09ec522d390e25beb09ec4539592f4dfa6a559a0e377d5734a,"{""commodity"": ""Rice"", ""commodity_id"": ""52"", ""currency"": ""ETB"", ""market_id"": ""3669"", ""pricetype"": ""Retail"", ""unit"": ""KG""}",ETB,0,False
ETH,f72f649f34ed828a070313a002f549d087405a75a7a25c41c44f9f90e55601e8,"{""commodity"": ""Rice"", ""commodity_id"": ""52"", ""currency"": ""ETB"", ""market_id"": ""3672"", ""pricetype"": ""Retail"", ""unit"": ""KG""}",ETB,0,False
ETH,4af3f9eede31b4c4c3bb2f24aa89940e763992520ec5f48582ed7ce4e329036f,"{""commodity"": ""Rice"", ""commodity_id"": ""52"", ""currency"": ""ETB"", ""market_id"": ""3673"", ""pricetype"": ""Retail"", ""unit"": ""KG""}",ETB,0,False
ETH,aa8cdfaa4ae2993b4307c13f5df529c2c65ece3825b8b6adc9cff9a7e0de29e6,"{""commodity"": ""Rice"", ""commodity_id"": ""52"", ""currency"": ""ETB"", ""market_id"": ""3674"", ""pricetype"": ""Retail"", ""unit"": ""KG""}",ETB,0,False
ETH,c53761b04d4ffbbe0bece1c419998f242b5c99df3d8197826908e0a93bd8018f,"{""commodity"": ""Rice"", ""commodity_id"": ""52"", ""currency"": ""ETB"", ""market_id"": ""3675"", ""pricetype"": ""Retail"", ""unit"": ""KG""}",ETB,0,False
ETH,05a200b757a792221cdf4946dc0f4342580cc9c816f371c414bfc3e5b28e861f,"{""commodity"": ""Rice"", ""commodity_id"": ""52"", ""currency"": ""ETB"", ""market_id"": ""458"", ""pricetype"": ""Retail"", ""unit"": ""KG""}",ETB,0,False
ETH,bf916b4dc3b4de5f5c061feaf7c063d6e5161fd4d006294b979a1ceead47a403,"{""commodity"": ""Rice"", ""commodity_id"": ""52"", ""currency"": ""ETB"", ""market_id"": ""459"", ""pricetype"": ""Retail"", ""unit"": ""KG""}",ETB,0,False
ETH,77a7b7812a1a6f031c06cc278ed7b261574ff6c9b7f88ad20a5c7353b882cf31,"{""commodity"": ""Rice"", ""commodity_id"": ""52"", ""currency"": ""ETB"", ""market_id"": ""460"", ""pricetype"": ""Retail"", ""unit"": ""KG""}",ETB,0,False
ETH,8c914ec15b0c2f313b42e30c191c76147b844e545eea37c61089c972f0d204a1,"{""commodity"": ""Rice"", ""commodity_id"": ""52"", ""currency"": ""ETB"", ""market_id"": ""461"", ""pricetype"": ""Retail"", ""unit"": ""KG""}",ETB,0,False
ETH,b4f9676f904b2fa626d0702708d9c4b185fb3c9831d0253a9ad0d79f50c6131c,"{""commodity"": ""Rice"", ""commodity_id"": ""52"", ""currency"": ""ETB"", ""market_id"": ""462"", ""pricetype"": ""Retail"", ""unit"": ""KG""}",ETB,0,False
ETH,63b8bbee1555573ee468be57b4cecbcc984b8f7f5ebaea75fc5735704c95746c,"{""commodity"": ""Rice"", ""commodity_id"": ""52"", ""currency"": ""ETB"", ""market_id"": ""463"", ""pricetype"": ""Retail"", ""unit"": ""KG""}",ETB,0,False
ETH,f9376909611d63f3245c01e6792d6276ea34154c39308a70dce70c3e272db46e,"{""commodity"": ""Rice"", ""commodity_id"": ""52"", ""currency"": ""ETB"", ""market_id"": ""4630"", ""pricetype"": ""Retail"", ""unit"": ""KG""}",ETB,0,False
ETH,29cbacb91b3579a65c89537784ff519889c4edb5e66c2cbc20ebaa5f2f53cd31,"{""commodity"": ""Rice"", ""commodity_id"": ""52"", ""currency"": ""ETB"", ""market_id"": ""464"", ""pricetype"": ""Retail"", ""unit"": ""KG""}",ETB,0,False
ETH,28ca4dd4f7ed98909856eba614de0e860390dba309f8c39cea65b21019b3f14d,"{""commodity"": ""Rice"", ""commodity_id"": ""52"", ""currency"": ""ETB"", ""market_id"": ""466"", ""pricetype"": ""Retail"", ""unit"": ""KG""}",ETB,0,False
ETH,94c553dbb40dc79c7be244f025efb690a39046bec837cf7eb0eab45a515d8ad8,"{""commodity"": ""Rice"", ""commodity_id"": ""52"", ""currency"": ""ETB"", ""market_id"": ""470"", ""pricetype"": ""Retail"", ""unit"": ""KG""}",ETB,0,False
ETH,9021c040490d4b8f2e4e67c71ccf2e93269bfc3a2a23f29a8ad1651bb2518f4b,"{""commodity"": ""Rice"", ""commodity_id"": ""52"", ""currency"": ""ETB"", ""market_id"": ""472"", ""pricetype"": ""Retail"", ""unit"": ""KG""}",ETB,0,False
ETH,bc4d5ab59e8044a14795cab6a4c6641944f6001fd12162c8d61149a76e10a96e,"{""commodity"": ""Rice"", ""commodity_id"": ""52"", ""currency"": ""ETB"", ""market_id"": ""477"", ""pricetype"": ""Retail"", ""unit"": ""KG""}",ETB,0,False
ETH,5d7d104f3939ed7e8fcfdafdbe96503789afa1861131913942ee0797c329190c,"{""commodity"": ""Rice"", ""commodity_id"": ""52"", ""currency"": ""ETB"", ""market_id"": ""487"", ""pricetype"": ""Retail"", ""unit"": ""KG""}",ETB,0,False
ETH,5e0fe7f59e8794904e1edf7a0d64f57abd77e3755cdb0f3941c78a29334fa12a,"{""commodity"": ""Rice"", ""commodity_id"": ""52"", ""currency"": ""ETB"", ""market_id"": ""507"", ""pricetype"": ""Retail"", ""unit"": ""KG""}",ETB,0,False
ETH,e1623d9b6ca96d2ff4b4352cc4dc5c62e40c35e112b2fc00d98b022cb16f5257,"{""commodity"": ""Rice"", ""commodity_id"": ""52"", ""currency"": ""ETB"", ""market_id"": ""508"", ""pricetype"": ""Retail"", ""unit"": ""KG""}",ETB,0,False
ETH,c0320ae917cbf9190d4d3b06bbd902b936b8f87f317af8aeadec276b8be59faf,"{""commodity"": ""Rice"", ""commodity_id"": ""52"", ""currency"": ""ETB"", ""market_id"": ""509"", ""pricetype"": ""Retail"", ""unit"": ""KG""}",ETB,0,False
ETH,860561115f2e60a65ce939e319bee92848bad7b582e56bcace8a052fa9cb8c9b,"{""commodity"": ""Rice"", ""commodity_id"": ""52"", ""currency"": ""ETB"", ""market_id"": ""511"", ""pricetype"": ""Retail"", ""unit"": ""KG""}",ETB,0,False
ETH,3a8efce10c59cc6f94e59961f6a19e8b795e8fc3a962cd9155058ce46ff063e6,"{""commodity"": ""Rice"", ""commodity_id"": ""52"", ""currency"": ""ETB"", ""market_id"": ""6706"", ""pricetype"": ""Retail"", ""unit"": ""KG""}",ETB,0,False
ETH,9c01c852c5b21d8e519a7c6139f90a67b071b471a21b15aca5570a5147268be6,"{""commodity"": ""Rice"", ""commodity_id"": ""52"", ""currency"": ""ETB"", ""market_id"": ""7548"", ""pricetype"": ""Retail"", ""unit"": ""KG""}",ETB,0,False
ETH,453123a761bb62b5482b380f5ac882fe440000e564b3d89ecb92bc50272d0fdd,"{""commodity"": ""Rice"", ""commodity_id"": ""52"", ""currency"": ""ETB"", ""market_id"": ""7562"", ""pricetype"": ""Retail"", ""unit"": ""KG""}",ETB,0,False
ETH,9887683d0c7ebf6d53e5897f37d00a977911413f81c6ee2e8c2202520ff3bfd1,"{""commodity"": ""Rice"", ""commodity_id"": ""52"", ""currency"": ""ETB"", ""market_id"": ""7569"", ""pricetype"": ""Retail"", ""unit"": ""KG""}",ETB,0,False
ETH,6fc022e45058bd6d8b52630c2ef916d734d818b3126a29d44daff00dd9bbe9c9,"{""commodity"": ""Rice"", ""commodity_id"": ""52"", ""currency"": ""ETB"", ""market_id"": ""7574"", ""pricetype"": ""Retail"", ""unit"": ""KG""}",ETB,0,False
ETH,9b0a789fbdc29e7b55a4fb6c706447a54be433f819afe3a49a2c26420e694c77,"{""commodity"": ""Rice"", ""commodity_id"": ""52"", ""currency"": ""ETB"", ""market_id"": ""7576"", ""pricetype"": ""Retail"", ""unit"": ""KG""}",ETB,0,False
ETH,dd04e9f1bfb14912a7395df5e51bfa7fcfc04e235a3994c81a39dd04703d1539,"{""commodity"": ""Rice"", ""commodity_id"": ""52"", ""currency"": ""ETB"", ""market_id"": ""7577"", ""pricetype"": ""Retail"", ""unit"": ""KG""}",ETB,0,False
ETH,e11e8d30518a9dc37843993753782240bd0f30a1916e487cfcf8213dcf087e65,"{""commodity"": ""Rice"", ""commodity_id"": ""52"", ""currency"": ""ETB"", ""market_id"": ""8347"", ""pricetype"": ""Retail"", ""unit"": ""KG""}",ETB,0,False
ETH,8e78d0636573837066946826eec6cff59ff188d2008049723dfcc1a6c13dd593,"{""commodity"": ""Rice"", ""commodity_id"": ""52"", ""currency"": ""ETB"", ""market_id"": ""9129"", ""pricetype"": ""Retail"", ""unit"": ""KG""}",ETB,0,False
ETH,acdbe2c51cc63319c84da5a8e2d04459633cfdc4f59e4bccb0323858da8e305f,"{""commodity"": ""Rice"", ""commodity_id"": ""52"", ""currency"": ""ETB"", ""market_id"": ""9866"", ""pricetype"": ""Retail"", ""unit"": ""KG""}",ETB,0,False
ETH,cc4f5550c2762e57ccd7ee665e3b47e00029c46be97bb6675bbbf7bb066660ee,"{""commodity"": ""Sorghum (food aid)"", ""commodity_id"": ""249"", ""currency"": ""ETB"", ""market_id"": ""3108"", ""pricetype"": ""Retail"", ""unit"": ""100 KG""}",ETB,0,False
ETH,d0804c58d486878811a4e822a671da499f33a43603709e2e0f754ad3b5e6a95f,"{""commodity"": ""Sorghum (food aid)"", ""commodity_id"": ""249"", ""currency"": ""ETB"", ""market_id"": ""3649"", ""pricetype"": ""Retail"", ""unit"": ""100 KG""}",ETB,0,False
ETH,cff6f074523dd0cd6502412099e6cc305b9650f4d1bc76c0d20336a1b24843cf,"{""commodity"": ""Sorghum (food aid)"", ""commodity_id"": ""249"", ""currency"": ""ETB"", ""market_id"": ""3654"", ""pricetype"": ""Retail"", ""unit"": ""100 KG""}",ETB,0,False
ETH,e5f5d95372375b295dfd97739b9111ae080d07017856189f1618bce97d548c33,"{""commodity"": ""Sorghum (food aid)"", ""commodity_id"": ""249"", ""currency"": ""ETB"", ""market_id"": ""3655"", ""pricetype"": ""Retail"", ""unit"": ""100 KG""}",ETB,0,False
ETH,005bd97ae6ce82808bf753b3a58fa8c85c59d1411745fa18655a7a7fb6178ad4,"{""commodity"": ""Sorghum (food aid)"", ""commodity_id"": ""249"", ""currency"": ""ETB"", ""market_id"": ""462"", ""pricetype"": ""Retail"", ""unit"": ""100 KG""}",ETB,0,False
ETH,6fbcd83b1d192817a25873895d8c65b56a146d855e62575066ee78319c45716c,"{""commodity"": ""Sorghum (food aid)"", ""commodity_id"": ""249"", ""currency"": ""ETB"", ""market_id"": ""4630"", ""pricetype"": ""Retail"", ""unit"": ""100 KG""}",ETB,0,False
ETH,73da079a6abd4a99a62cb869a31680069336bac95ea935ddb21cece74cbf2c0a,"{""commodity"": ""Sorghum (red)"", ""commodity_id"": ""282"", ""currency"": ""ETB"", ""market_id"": ""1832"", ""pricetype"": ""Retail"", ""unit"": ""100 KG""}",ETB,0,False
ETH,38ae2a89bd0aeda92f661ad41201ba397d0c1b789c82194e9a6729a669fd46d0,"{""commodity"": ""Sorghum (red)"", ""commodity_id"": ""282"", ""currency"": ""ETB"", ""market_id"": ""3070"", ""pricetype"": ""Retail"", ""unit"": ""100 KG""}",ETB,0,False
ETH,dd6b0ac8ba47ebc84d82bba6a59b26c9e1ea8993b57c96218942060ede30cd9a,"{""commodity"": ""Sorghum (red)"", ""commodity_id"": ""282"", ""currency"": ""ETB"", ""market_id"": ""3075"", ""pricetype"": ""Retail"", ""unit"": ""100 KG""}",ETB,0,False
ETH,e5de1097939866810c49fd5caadb1558253ec9c26306ce2d29c04b650ed44e32,"{""commodity"": ""Sorghum (red)"", ""commodity_id"": ""282"", ""currency"": ""ETB"", ""market_id"": ""3076"", ""pricetype"": ""Retail"", ""unit"": ""100 KG""}",ETB,0,False
ETH,06457a55f9b09370fbb75d451af075b08e1ac5f915f95596f5432d82c4ee3293,"{""commodity"": ""Sorghum (red)"", ""commodity_id"": ""282"", ""currency"": ""ETB"", ""market_id"": ""3077"", ""pricetype"": ""Retail"", ""unit"": ""100 KG""}",ETB,0,False
ETH,30032bb412d4a410a6cbd31c83ebc5514d8e74cb112786bc8f1938b956a8fa93,"{""commodity"": ""Sorghum (red)"", ""commodity_id"": ""282"", ""currency"": ""ETB"", ""market_id"": ""3079"", ""pricetype"": ""Retail"", ""unit"": ""100 KG""}",ETB,0,False
ETH,d71bf3de0779a6276ecfd020034d0ce29126be54bd52aa299c59f95b0ffa1637,"{""commodity"": ""Sorghum (red)"", ""commodity_id"": ""282"", ""currency"": ""ETB"", ""market_id"": ""3661"", ""pricetype"": ""Retail"", ""unit"": ""100 KG""}",ETB,0,False
ETH,3773a51e246e979b464dd9839aa78e3ce008a16f9a74015597776ab8f35a157a,"{""commodity"": ""Sorghum (red)"", ""commodity_id"": ""282"", ""currency"": ""ETB"", ""market_id"": ""3665"", ""pricetype"": ""Retail"", ""unit"": ""100 KG""}",ETB,0,False
ETH,7873692bbd732ebcf426b74b9f14f8109a54da02058eef7a2a821859b7fc7f07,"{""commodity"": ""Sorghum (red)"", ""commodity_id"": ""282"", ""currency"": ""ETB"", ""market_id"": ""3667"", ""pricetype"": ""Retail"", ""unit"": ""100 KG""}",ETB,0,False
ETH,c5358b843b9e268010f6be26e5fed3a50674a9bf5e3d44941a0f6829a03abcc3,"{""commodity"": ""Sorghum (red)"", ""commodity_id"": ""282"", ""currency"": ""ETB"", ""market_id"": ""3671"", ""pricetype"": ""Retail"", ""unit"": ""100 KG""}",ETB,0,False
ETH,d4501518b7df52434e2031183befe967e5c34f82694d3c6e74d6d781b5df3f5d,"{""commodity"": ""Sorghum (red)"", ""commodity_id"": ""282"", ""currency"": ""ETB"", ""market_id"": ""461"", ""pricetype"": ""Retail"", ""unit"": ""100 KG""}",ETB,0,False
ETH,6415aa8289340cf180c95ecf4f1dda1315043cbd5b98f7c718b07a5b886ffdb0,"{""commodity"": ""Sorghum (red)"", ""commodity_id"": ""282"", ""currency"": ""ETB"", ""market_id"": ""462"", ""pricetype"": ""Retail"", ""unit"": ""100 KG""}",ETB,0,False
ETH,2811f6ef9c30953edf6daaac80c12cda93077ae0db85e2ed2d7b65de5cbf400b,"{""commodity"": ""Sorghum (red)"", ""commodity_id"": ""282"", ""currency"": ""ETB"", ""market_id"": ""463"", ""pricetype"": ""Retail"", ""unit"": ""100 KG""}",ETB,0,False
ETH,66e9c87899c3dae80f54b8c4a2569c287f870d53acb305fed7dfa375903a40f1,"{""commodity"": ""Sorghum (red)"", ""commodity_id"": ""282"", ""currency"": ""ETB"", ""market_id"": ""464"", ""pricetype"": ""Retail"", ""unit"": ""100 KG""}",ETB,0,False
ETH,6762eff4f62100e0fa0202967c4fcb01d65578a2680ed3177095db4f27a4514c,"{""commodity"": ""Sorghum (red)"", ""commodity_id"": ""282"", ""currency"": ""ETB"", ""market_id"": ""469"", ""pricetype"": ""Retail"", ""unit"": ""100 KG""}",ETB,0,False
ETH,3b157eb05b6c871c3b5bf10b4105466cd2ec7c959d0d588525c08a3621a9eaf8,"{""commodity"": ""Sorghum (red)"", ""commodity_id"": ""282"", ""currency"": ""ETB"", ""market_id"": ""470"", ""pricetype"": ""Retail"", ""unit"": ""100 KG""}",ETB,0,False
ETH,981d957cece1e574c1898105988984490d8dd67cd097c6cdd9b1ad88cfdca69a,"{""commodity"": ""Sorghum (red)"", ""commodity_id"": ""282"", ""currency"": ""ETB"", ""market_id"": ""472"", ""pricetype"": ""Retail"", ""unit"": ""100 KG""}",ETB,0,False
ETH,240b72a7bbc4516c6cfb5f61073a674cb848c7f4b88974336d269477b7f19a3e,"{""commodity"": ""Sorghum (red)"", ""commodity_id"": ""282"", ""currency"": ""ETB"", ""market_id"": ""475"", ""pricetype"": ""Retail"", ""unit"": ""100 KG""}",ETB,0,False
ETH,dfe010658ad1f02c0f05bfe917512ff24ea99daf821f16a3887d132cf78fba11,"{""commodity"": ""Sorghum (red)"", ""commodity_id"": ""282"", ""currency"": ""ETB"", ""market_id"": ""492"", ""pricetype"": ""Retail"", ""unit"": ""100 KG""}",ETB,0,False
ETH,75dd2eeab9219d14cba52050090dfcec16d45367977c69f71901b1a730d9b36c,"{""commodity"": ""Sorghum (red)"", ""commodity_id"": ""282"", ""currency"": ""ETB"", ""market_id"": ""493"", ""pricetype"": ""Retail"", ""unit"": ""100 KG""}",ETB,0,False
ETH,48e1205b6328832f00c493471ee8270432a0356b8c8a26a9a5298c14c7182cb8,"{""commodity"": ""Sorghum (red)"", ""commodity_id"": ""282"", ""currency"": ""ETB"", ""market_id"": ""498"", ""pricetype"": ""Retail"", ""unit"": ""100 KG""}",ETB,0,False
ETH,c40325a968c81a2919004323dfb5e923016e2ab4ebc5992c81cfd58ba93e1552,"{""commodity"": ""Sorghum (red)"", ""commodity_id"": ""282"", ""currency"": ""ETB"", ""market_id"": ""516"", ""pricetype"": ""Retail"", ""unit"": ""100 KG""}",ETB,0,False
ETH,34f95f87fc6510ae08c7bfc4d2bc5a42c75bd6c7f62f083661f70fa5fe109934,"{""commodity"": ""Sorghum (white)"", ""commodity_id"": ""135"", ""currency"": ""ETB"", ""market_id"": ""10098"", ""pricetype"": ""Retail"", ""unit"": ""100 KG""}",ETB,0,False
ETH,0a9e2495b27242622ab8fab88ebf332bb175bd4a2157d192d76576504b20cb8f,"{""commodity"": ""Sorghum (white)"", ""commodity_id"": ""135"", ""currency"": ""ETB"", ""market_id"": ""3070"", ""pricetype"": ""Retail"", ""unit"": ""100 KG""}",ETB,0,False
ETH,0ee32dc258b3d75d39d6970d921a1db67a85ecf4a80529704a1f45204be5c617,"{""commodity"": ""Sorghum (white)"", ""commodity_id"": ""135"", ""currency"": ""ETB"", ""market_id"": ""3078"", ""pricetype"": ""Retail"", ""unit"": ""100 KG""}",ETB,0,False
ETH,65555efaa6c941293d0f850c27683f299d3926a18d5600f49c26d5221812755a,"{""commodity"": ""Sorghum (white)"", ""commodity_id"": ""135"", ""currency"": ""ETB"", ""market_id"": ""3079"", ""pricetype"": ""Retail"", ""unit"": ""100 KG""}",ETB,0,False
ETH,b5b6e3790cc8672661761c790d4724d47e24e265a97d10ebc5c1c83c68f301ac,"{""commodity"": ""Sorghum (white)"", ""commodity_id"": ""135"", ""currency"": ""ETB"", ""market_id"": ""3107"", ""pricetype"": ""Retail"", ""unit"": ""100 KG""}",ETB,0,False
ETH,062ceefe807a6484f9263e850b475b66ad9fb0ba7e755600a95fd8316a95413d,"{""commodity"": ""Sorghum (white)"", ""commodity_id"": ""135"", ""currency"": ""ETB"", ""market_id"": ""3108"", ""pricetype"": ""Retail"", ""unit"": ""100 KG""}",ETB,0,False
ETH,40e3bb2021f0f9436a203718549051b9d54022b89b44ba37dec7f78fbe58cd04,"{""commodity"": ""Sorghum (white)"", ""commodity_id"": ""135"", ""currency"": ""ETB"", ""market_id"": ""3647"", ""pricetype"": ""Retail"", ""unit"": ""100 KG""}",ETB,0,False
ETH,ef4daf2182d22cc31820a15bce73e68bcddc4623871f344e0ffedacd2dfa42f8,"{""commodity"": ""Sorghum (white)"", ""commodity_id"": ""135"", ""currency"": ""ETB"", ""market_id"": ""3649"", ""pricetype"": ""Retail"", ""unit"": ""100 KG""}",ETB,0,False
ETH,1172a32d527ef5e4025c2559e0c0fc86a198ba2e9c02d52d3aa6ff6e3ff609dc,"{""commodity"": ""Sorghum (white)"", ""commodity_id"": ""135"", ""currency"": ""ETB"", ""market_id"": ""3651"", ""pricetype"": ""Retail"", ""unit"": ""100 KG""}",ETB,0,False
ETH,5d7cea5bae6dd7c783591565b701975674c6b79d087c463f53db13fe76baf723,"{""commodity"": ""Sorghum (white)"", ""commodity_id"": ""135"", ""currency"": ""ETB"", ""market_id"": ""3652"", ""pricetype"": ""Retail"", ""unit"": ""100 KG""}",ETB,0,False
ETH,14df93122f8db475a24af05ef7a8d23321437861e01f7e6987d1c20268c3ec4b,"{""commodity"": ""Sorghum (white)"", ""commodity_id"": ""135"", ""currency"": ""ETB"", ""market_id"": ""3653"", ""pricetype"": ""Retail"", ""unit"": ""100 KG""}",ETB,0,False
ETH,7b3ed5924eabf631842e100051c988a87be72a11ed1ddb294a2fa46a3b38abc7,"{""commodity"": ""Sorghum (white)"", ""commodity_id"": ""135"", ""currency"": ""ETB"", ""market_id"": ""3654"", ""pricetype"": ""Retail"", ""unit"": ""100 KG""}",ETB,0,False
ETH,27e7e9052aa937459178060d000156c601e48d44a785798c85af2fdd8487234a,"{""commodity"": ""Sorghum (white)"", ""commodity_id"": ""135"", ""currency"": ""ETB"", ""market_id"": ""3655"", ""pricetype"": ""Retail"", ""unit"": ""100 KG""}",ETB,0,False
ETH,a46069b567a54f9168a877e339343be779ce1e947074a2dffb9afbf71c4348cd,"{""commodity"": ""Sorghum (white)"", ""commodity_id"": ""135"", ""currency"": ""ETB"", ""market_id"": ""3656"", ""pricetype"": ""Retail"", ""unit"": ""100 KG""}",ETB,0,False
ETH,8eb60dd4939cf1ac27482c831b60bf1bfcf4bbd83fba8c68ce285abdcd741a3d,"{""commodity"": ""Sorghum (white)"", ""commodity_id"": ""135"", ""currency"": ""ETB"", ""market_id"": ""3661"", ""pricetype"": ""Retail"", ""unit"": ""100 KG""}",ETB,0,False
ETH,2ba2870324c9e5025c11f3710b5f2178212ee050af5acbf21aa08284cf06defa,"{""commodity"": ""Sorghum (white)"", ""commodity_id"": ""135"", ""currency"": ""ETB"", ""market_id"": ""3662"", ""pricetype"": ""Retail"", ""unit"": ""100 KG""}",ETB,0,False
ETH,79c8b0d1d7066ef9ec3ced59b77798da8298e37ef91dc98cba12be0de3d1e434,"{""commodity"": ""Sorghum (white)"", ""commodity_id"": ""135"", ""currency"": ""ETB"", ""market_id"": ""3663"", ""pricetype"": ""Retail"", ""unit"": ""100 KG""}",ETB,0,False
ETH,a9f05c07c375d934ed0376f0506b6575c9ac756cb018c29e452f576fef4e6a9a,"{""commodity"": ""Sorghum (white)"", ""commodity_id"": ""135"", ""currency"": ""ETB"", ""market_id"": ""3664"", ""pricetype"": ""Retail"", ""unit"": ""100 KG""}",ETB,0,False
ETH,196d93051cf9bb9c6ff55b122d5927f175568c2bdcdd9fcb7a76954db2c92292,"{""commodity"": ""Sorghum (white)"", ""commodity_id"": ""135"", ""currency"": ""ETB"", ""market_id"": ""3667"", ""pricetype"": ""Retail"", ""unit"": ""100 KG""}",ETB,0,False
ETH,135b12c1c0cda27a7b5cb698e1a6da423afc1719df80d402cbb4d72da62c0aea,"{""commodity"": ""Sorghum (white)"", ""commodity_id"": ""135"", ""currency"": ""ETB"", ""market_id"": ""3672"", ""pricetype"": ""Retail"", ""unit"": ""100 KG""}",ETB,0,False
ETH,455bdadec22aa3f7f60faef2e88b044d9bcd44ab712267e357d8dd112b710049,"{""commodity"": ""Sorghum (white)"", ""commodity_id"": ""135"", ""currency"": ""ETB"", ""market_id"": ""3673"", ""pricetype"": ""Retail"", ""unit"": ""100 KG""}",ETB,0,False
ETH,2b9aa35d5ef06741dd662a34720c2234fbd2cc4586f275db9f2537fc68201771,"{""commodity"": ""Sorghum (white)"", ""commodity_id"": ""135"", ""currency"": ""ETB"", ""market_id"": ""3674"", ""pricetype"": ""Retail"", ""unit"": ""100 KG""}",ETB,0,False
ETH,08cc2842d34c17211ee27f8b64be459ea390d178eaf4841842c1d0a519217387,"{""commodity"": ""Sorghum (white)"", ""commodity_id"": ""135"", ""currency"": ""ETB"", ""market_id"": ""3675"", ""pricetype"": ""Retail"", ""unit"": ""100 KG""}",ETB,0,False
ETH,590eb0e76ed1300ad3e00611368eea2a71b487c738c341355418c063b7ef296f,"{""commodity"": ""Sorghum (white)"", ""commodity_id"": ""135"", ""currency"": ""ETB"", ""market_id"": ""458"", ""pricetype"": ""Retail"", ""unit"": ""100 KG""}",ETB,0,False
ETH,59271b41b4272d8f38e6e3e438487ad45c67c6bca0883fc51ad2d82b5ba63eb9,"{""commodity"": ""Sorghum (white)"", ""commodity_id"": ""135"", ""currency"": ""ETB"", ""market_id"": ""459"", ""pricetype"": ""Retail"", ""unit"": ""100 KG""}",ETB,0,False
ETH,0c9b934451aeffcecc5c8c21460823c42d61f253f1c7be19199815d5e6062aa2,"{""commodity"": ""Sorghum (white)"", ""commodity_id"": ""135"", ""currency"": ""ETB"", ""market_id"": ""460"", ""pricetype"": ""Retail"", ""unit"": ""100 KG""}",ETB,0,False
ETH,488098cad35bc207223fe82fa279c8c6c9c5c367f5a81c03eeaa8b2e93c4c10b,"{""commodity"": ""Sorghum (white)"", ""commodity_id"": ""135"", ""currency"": ""ETB"", ""market_id"": ""461"", ""pricetype"": ""Retail"", ""unit"": ""100 KG""}",ETB,0,False
ETH,14728774dabe142d246bd2153a65d7c570a3b882eaa60e8c6c78ef2839ad417f,"{""commodity"": ""Sorghum (white)"", ""commodity_id"": ""135"", ""currency"": ""ETB"", ""market_id"": ""463"", ""pricetype"": ""Retail"", ""unit"": ""100 KG""}",ETB,0,False
ETH,8946094d9f13569478060993aadc03ebeafb5c2cd02fc7bb3eda5bc3156a760d,"{""commodity"": ""Sorghum (white)"", ""commodity_id"": ""135"", ""currency"": ""ETB"", ""market_id"": ""4630"", ""pricetype"": ""Retail"", ""unit"": ""100 KG""}",ETB,0,False
ETH,1b4743c863044f8d256e85f3e2cab7bf0636c6cb338c6853068b72ccc632c202,"{""commodity"": ""Sorghum (white)"", ""commodity_id"": ""135"", ""currency"": ""ETB"", ""market_id"": ""464"", ""pricetype"": ""Retail"", ""unit"": ""100 KG""}",ETB,0,False
ETH,a14527f75c6d21ab8b4de6e21decc946abadb38121667d667f19ef0368e245d1,"{""commodity"": ""Sorghum (white)"", ""commodity_id"": ""135"", ""currency"": ""ETB"", ""market_id"": ""466"", ""pricetype"": ""Retail"", ""unit"": ""100 KG""}",ETB,0,False
ETH,ee6b89af9d659fefd0526106615ec7b9b3b2a4552a8dac873b7938b02d878964,"{""commodity"": ""Sorghum (white)"", ""commodity_id"": ""135"", ""currency"": ""ETB"", ""market_id"": ""467"", ""pricetype"": ""Retail"", ""unit"": ""100 KG""}",ETB,0,False
ETH,886f5c6b63a8bfdef8965eec315d8068e9ab9829ca1fed5feb30ccea0e248681,"{""commodity"": ""Sorghum (white)"", ""commodity_id"": ""135"", ""currency"": ""ETB"", ""market_id"": ""468"", ""pricetype"": ""Retail"", ""unit"": ""100 KG""}",ETB,0,False
ETH,aaa5dead928e243c31b0e1ad9a3039233408ddb6adbc3be9304c7350c2fe1ea3,"{""commodity"": ""Sorghum (white)"", ""commodity_id"": ""135"", ""currency"": ""ETB"", ""market_id"": ""469"", ""pricetype"": ""Retail"", ""unit"": ""100 KG""}",ETB,0,False
ETH,9dd117f65d4f29006b348b6b89f9f402cfdec28947aed69ddd683c5ec602798f,"{""commodity"": ""Sorghum (white)"", ""commodity_id"": ""135"", ""currency"": ""ETB"", ""market_id"": ""475"", ""pricetype"": ""Retail"", ""unit"": ""100 KG""}",ETB,0,False
ETH,6d129b3220c05f008f04f6b48a5e179e96cc88c5d344963fd0d8f6a2c781603e,"{""commodity"": ""Sorghum (white)"", ""commodity_id"": ""135"", ""currency"": ""ETB"", ""market_id"": ""477"", ""pricetype"": ""Retail"", ""unit"": ""100 KG""}",ETB,0,False
ETH,50274bbdf585e8b4743a2a56e6b10d445ebe501a6b73268c42b2670a411d7cbc,"{""commodity"": ""Sorghum (white)"", ""commodity_id"": ""135"", ""currency"": ""ETB"", ""market_id"": ""479"", ""pricetype"": ""Retail"", ""unit"": ""100 KG""}",ETB,0,False
ETH,38faaba6a9dafafeda3bfdc7120d23a539db1f3248bd2c164cf76530beb112cf,"{""commodity"": ""Sorghum (white)"", ""commodity_id"": ""135"", ""currency"": ""ETB"", ""market_id"": ""483"", ""pricetype"": ""Retail"", ""unit"": ""100 KG""}",ETB,0,False
ETH,22d1c82c2c0ca801622e9d98713500f56e371b802fcf5c21a37ea8bdd40481b8,"{""commodity"": ""Sorghum (white)"", ""commodity_id"": ""135"", ""currency"": ""ETB"", ""market_id"": ""487"", ""pricetype"": ""Retail"", ""unit"": ""100 KG""}",ETB,0,False
ETH,bee192ddc4757a40f2f6aa5276f5e85ea80e55772c484f3bbd0a1b0d31431a98,"{""commodity"": ""Sorghum (white)"", ""commodity_id"": ""135"", ""currency"": ""ETB"", ""market_id"": ""488"", ""pricetype"": ""Retail"", ""unit"": ""100 KG""}",ETB,0,False
ETH,0c3f056a868e16dfdbeb5c6a6ac2bb98b18ff16d50f8c6f4fd9044ea3bad62c7,"{""commodity"": ""Sorghum (white)"", ""commodity_id"": ""135"", ""currency"": ""ETB"", ""market_id"": ""492"", ""pricetype"": ""Retail"", ""unit"": ""100 KG""}",ETB,0,False
ETH,0461dd3ef4207519177a7b5130fb6b774cc48a1c3a97ab9bf0b0cf8be9d437f0,"{""commodity"": ""Sorghum (white)"", ""commodity_id"": ""135"", ""currency"": ""ETB"", ""market_id"": ""493"", ""pricetype"": ""Retail"", ""unit"": ""100 KG""}",ETB,0,False
ETH,9cd6bde20803cb71caf359c019cd0cf5989685d1c22b8acfbe1ae1d95c772d53,"{""commodity"": ""Sorghum (white)"", ""commodity_id"": ""135"", ""currency"": ""ETB"", ""market_id"": ""497"", ""pricetype"": ""Retail"", ""unit"": ""100 KG""}",ETB,0,False
ETH,a076c1f5089911d3195e2dc71fdb36234ae33fc99bd34b4ca43fc5b8c4afa1e8,"{""commodity"": ""Sorghum (white)"", ""commodity_id"": ""135"", ""currency"": ""ETB"", ""market_id"": ""498"", ""pricetype"": ""Retail"", ""unit"": ""100 KG""}",ETB,0,False
ETH,b4e8253cdf058b1bb1356a36b8a22639b53f6c303f6abd03808928aee3f9de01,"{""commodity"": ""Sorghum (white)"", ""commodity_id"": ""135"", ""currency"": ""ETB"", ""market_id"": ""506"", ""pricetype"": ""Retail"", ""unit"": ""100 KG""}",ETB,0,False
ETH,f873200a91cd8ed0d82fd89e25054b9534c2d59cc3538a53f844d240516027e9,"{""commodity"": ""Sorghum (white)"", ""commodity_id"": ""135"", ""currency"": ""ETB"", ""market_id"": ""507"", ""pricetype"": ""Retail"", ""unit"": ""100 KG""}",ETB,0,False
ETH,432c7a092a2f6a2d5686f80ad3b39741b966aa492b8df38f41e49a16af24e1f0,"{""commodity"": ""Sorghum (white)"", ""commodity_id"": ""135"", ""currency"": ""ETB"", ""market_id"": ""508"", ""pricetype"": ""Retail"", ""unit"": ""100 KG""}",ETB,0,False
ETH,e4fdd0f202f995d2ba885e5ec2b8715cf0940ff701a77a204861026a8604ea9e,"{""commodity"": ""Sorghum (white)"", ""commodity_id"": ""135"", ""currency"": ""ETB"", ""market_id"": ""509"", ""pricetype"": ""Retail"", ""unit"": ""100 KG""}",ETB,0,False
ETH,d54c33f1f130656a687542601ae7d1801b28dd833c9dbb9ac9cd90391e6019a8,"{""commodity"": ""Sorghum (white)"", ""commodity_id"": ""135"", ""currency"": ""ETB"", ""market_id"": ""511"", ""pricetype"": ""Retail"", ""unit"": ""100 KG""}",ETB,0,False
ETH,385a467e0d21128f474bc0b5a8fcdb0e63ca87f4e4d698b611689d5640510018,"{""commodity"": ""Sorghum (white)"", ""commodity_id"": ""135"", ""currency"": ""ETB"", ""market_id"": ""516"", ""pricetype"": ""Retail"", ""unit"": ""100 KG""}",ETB,0,False
ETH,f90b8c1d3a5c60f610ba05c050cd03fc92570185e8ef0810bdb614b9e04c7b8b,"{""commodity"": ""Sorghum (white)"", ""commodity_id"": ""135"", ""currency"": ""ETB"", ""market_id"": ""517"", ""pricetype"": ""Retail"", ""unit"": ""100 KG""}",ETB,0,False
ETH,2db89e2d4de2448b7dd28fcbaa18083e4eeb7e93b5a918c8031126052bb2e36c,"{""commodity"": ""Sorghum (white)"", ""commodity_id"": ""135"", ""currency"": ""ETB"", ""market_id"": ""7548"", ""pricetype"": ""Retail"", ""unit"": ""100 KG""}",ETB,0,False
ETH,95e85d755531c8ca8884a948b0adcf6a35148cc5e854b9b5dcbabb8752b84035,"{""commodity"": ""Sorghum (white)"", ""commodity_id"": ""135"", ""currency"": ""ETB"", ""market_id"": ""7562"", ""pricetype"": ""Retail"", ""unit"": ""100 KG""}",ETB,0,False
ETH,b6e33ee442fc39d63ce8554cb152a0246fa244b18ad6d4dd3e4a1c29537c876d,"{""commodity"": ""Sorghum (white)"", ""commodity_id"": ""135"", ""currency"": ""ETB"", ""market_id"": ""7569"", ""pricetype"": ""Retail"", ""unit"": ""100 KG""}",ETB,0,False
ETH,4f83816c00ec31e21214e3ee314a46be3c2910b55aa1ee5add4eeb5b61d39788,"{""commodity"": ""Sorghum (white)"", ""commodity_id"": ""135"", ""currency"": ""ETB"", ""market_id"": ""7574"", ""pricetype"": ""Retail"", ""unit"": ""100 KG""}",ETB,0,False
ETH,7f0c8f9cfe9f193154e522fa4856f7b66d9e83d72e9ec1a6cb46aca72d7a7f99,"{""commodity"": ""Sorghum (white)"", ""commodity_id"": ""135"", ""currency"": ""ETB"", ""market_id"": ""7576"", ""pricetype"": ""Retail"", ""unit"": ""100 KG""}",ETB,0,False
ETH,8f6f9476055aa2c10f5f8d85846da2558470df5f28060276f9549062f3ca486f,"{""commodity"": ""Sorghum (white)"", ""commodity_id"": ""135"", ""currency"": ""ETB"", ""market_id"": ""7577"", ""pricetype"": ""Retail"", ""unit"": ""100 KG""}",ETB,0,False
ETH,46c7772d47564a5b720ce996b0767907d8dd1a8a7e7bac74a38eb1fb0fbf297e,"{""commodity"": ""Sorghum (white)"", ""commodity_id"": ""135"", ""currency"": ""ETB"", ""market_id"": ""8347"", ""pricetype"": ""Retail"", ""unit"": ""100 KG""}",ETB,0,False
ETH,9a077064079125ed4bb7f4e4ac2ede1a6578af626375e00862fe601e47150579,"{""commodity"": ""Sorghum"", ""commodity_id"": ""65"", ""currency"": ""ETB"", ""market_id"": ""458"", ""pricetype"": ""Retail"", ""unit"": ""KG""}",ETB,5,False
ETH,4d84441b8155576e070253b6ae04d0f8e8b80a0f03c9d3a2b8f782d94e4772e2,"{""commodity"": ""Sorghum"", ""commodity_id"": ""65"", ""currency"": ""ETB"", ""market_id"": ""459"", ""pricetype"": ""Retail"", ""unit"": ""KG""}",ETB,4,False
ETH,513c10ee037bdadd761746b993e671c82be9fc9c770d2f9d4d1b612982a1a26b,"{""commodity"": ""Sorghum"", ""commodity_id"": ""65"", ""currency"": ""ETB"", ""market_id"": ""460"", ""pricetype"": ""Retail"", ""unit"": ""KG""}",ETB,36,True
ETH,2561761fbe21c5cd159a9e853cd24ce0b91ca6fa1e0a316be2843a82bf213fa8,"{""commodity"": ""Sorghum"", ""commodity_id"": ""65"", ""currency"": ""ETB"", ""market_id"": ""461"", ""pricetype"": ""Retail"", ""unit"": ""KG""}",ETB,41,True
ETH,1bc90d1edc504898c4c8eb317b7d65ea67d6c3adec04f0791f648ad0ac53188a,"{""commodity"": ""Sorghum"", ""commodity_id"": ""65"", ""currency"": ""ETB"", ""market_id"": ""462"", ""pricetype"": ""Retail"", ""unit"": ""KG""}",ETB,5,False
ETH,0abf0507933d28f5778b71c2db3d2518b772156c29561299d4ed2a8bdccfd94c,"{""commodity"": ""Sorghum"", ""commodity_id"": ""65"", ""currency"": ""ETB"", ""market_id"": ""463"", ""pricetype"": ""Retail"", ""unit"": ""KG""}",ETB,5,False
ETH,74c3d9622d2ad9e4a4542ed244878fdf41ed367b52e7ccc5a95a662de430c374,"{""commodity"": ""Sorghum"", ""commodity_id"": ""65"", ""currency"": ""ETB"", ""market_id"": ""464"", ""pricetype"": ""Retail"", ""unit"": ""KG""}",ETB,5,False
ETH,74b89f1b47ba34cb7411d8f3b80670d5e4a56ddd6a1de735c96552a9635b74da,"{""commodity"": ""Sorghum"", ""commodity_id"": ""65"", ""currency"": ""ETB"", ""market_id"": ""465"", ""pricetype"": ""Retail"", ""unit"": ""KG""}",ETB,4,False
ETH,b99b3c85d31d21e43f3be7986b2a293704548e756d1bfee6f6dd8908ecef9232,"{""commodity"": ""Sorghum"", ""commodity_id"": ""65"", ""currency"": ""ETB"", ""market_id"": ""466"", ""pricetype"": ""Retail"", ""unit"": ""KG""}",ETB,2,False
ETH,f6834adbdcb41ef115c700295d3881a81e92ce63333fa59b484c5f37d5e81b02,"{""commodity"": ""Sorghum"", ""commodity_id"": ""65"", ""currency"": ""ETB"", ""market_id"": ""467"", ""pricetype"": ""Retail"", ""unit"": ""KG""}",ETB,4,False
ETH,b2e2814ba02068cadd9b6f3747878910bd4dd152f22ec100127b939eb2be3e77,"{""commodity"": ""Sorghum"", ""commodity_id"": ""65"", ""currency"": ""ETB"", ""market_id"": ""468"", ""pricetype"": ""Retail"", ""unit"": ""KG""}",ETB,5,False
ETH,0dc31b3dce1d25bd693ea13b8d00775e8c6c4f3a34a8e2baf354499fbe37a86d,"{""commodity"": ""Sorghum"", ""commodity_id"": ""65"", ""currency"": ""ETB"", ""market_id"": ""469"", ""pricetype"": ""Retail"", ""unit"": ""KG""}",ETB,10,False
ETH,284084a952ec4d16fd3196c9025fd59afd99d6c93ce4b7959871f95ba7cb0de7,"{""commodity"": ""Sorghum"", ""commodity_id"": ""65"", ""currency"": ""ETB"", ""market_id"": ""470"", ""pricetype"": ""Retail"", ""unit"": ""KG""}",ETB,5,False
ETH,e0fa236838fbe8631c048f201208ba85517ffac06a910015d06e953cd862474b,"{""commodity"": ""Sorghum"", ""commodity_id"": ""65"", ""currency"": ""ETB"", ""market_id"": ""471"", ""pricetype"": ""Retail"", ""unit"": ""KG""}",ETB,5,False
ETH,a5c0ca77c1a1bd62389ef176b5315e181d4cb819149ba5dfa5b9076f78c379d8,"{""commodity"": ""Sorghum"", ""commodity_id"": ""65"", ""currency"": ""ETB"", ""market_id"": ""472"", ""pricetype"": ""Retail"", ""unit"": ""KG""}",ETB,14,False
ETH,e6deff03b9e0cd5db1f83515b6dbe5aae13bbf4b48ee5ecf269b95763566e0fd,"{""commodity"": ""Sorghum"", ""commodity_id"": ""65"", ""currency"": ""ETB"", ""market_id"": ""475"", ""pricetype"": ""Retail"", ""unit"": ""KG""}",ETB,4,False
ETH,01438c2691b4a67c230f0f9a4db7f18f263f968b74f7bf02cfd54bca29dd605e,"{""commodity"": ""Sorghum"", ""commodity_id"": ""65"", ""currency"": ""ETB"", ""market_id"": ""476"", ""pricetype"": ""Retail"", ""unit"": ""KG""}",ETB,1,False
ETH,d8d94ba9a208d048a1a6d3831d5d8cdf7a8ef9854aecd0ee603d26e2c222d849,"{""commodity"": ""Sorghum"", ""commodity_id"": ""65"", ""currency"": ""ETB"", ""market_id"": ""477"", ""pricetype"": ""Retail"", ""unit"": ""KG""}",ETB,3,False
ETH,8922b27a22bc5ac137dc9278733452287d88099f7ed6b48b2bd1237eedad25a4,"{""commodity"": ""Sorghum"", ""commodity_id"": ""65"", ""currency"": ""ETB"", ""market_id"": ""492"", ""pricetype"": ""Retail"", ""unit"": ""KG""}",ETB,2,False
ETH,89695d314f41b33068ffbc9be639d2c689cd8c197416f2a6f764ea20eac38e98,"{""commodity"": ""Sorghum"", ""commodity_id"": ""65"", ""currency"": ""ETB"", ""market_id"": ""493"", ""pricetype"": ""Retail"", ""unit"": ""KG""}",ETB,4,False
ETH,d8b3e06617c7525442d41e2b48380cd110ecf4f21d7b2166d3af22d7acdc5112,"{""commodity"": ""Sorghum"", ""commodity_id"": ""65"", ""currency"": ""ETB"", ""market_id"": ""495"", ""pricetype"": ""Retail"", ""unit"": ""KG""}",ETB,1,False
ETH,116a0cd61a886dac60d4d89357176994b138bcac895eda99ed5bff3f538d07b0,"{""commodity"": ""Sorghum"", ""commodity_id"": ""65"", ""currency"": ""ETB"", ""market_id"": ""497"", ""pricetype"": ""Retail"", ""unit"": ""KG""}",ETB,3,False
ETH,22b18a5a3dc9b368ed1ab6f4e6052b6e57a18f6bd310cafac5a539b0368498c8,"{""commodity"": ""Sorghum"", ""commodity_id"": ""65"", ""currency"": ""ETB"", ""market_id"": ""498"", ""pricetype"": ""Retail"", ""unit"": ""KG""}",ETB,7,False
ETH,8711e37ce265c4243b14da83c09dba682091eb30188e55c75ff16778dd252d3b,"{""commodity"": ""Sorghum"", ""commodity_id"": ""65"", ""currency"": ""ETB"", ""market_id"": ""506"", ""pricetype"": ""Retail"", ""unit"": ""KG""}",ETB,4,False
ETH,0b35242515c87e5f5bb89622e01afdeb32b4f535a599e7ff7ceb21d379c7389e,"{""commodity"": ""Sorghum"", ""commodity_id"": ""65"", ""currency"": ""ETB"", ""market_id"": ""507"", ""pricetype"": ""Retail"", ""unit"": ""KG""}",ETB,12,False
ETH,ee7387db3f6ad116541ac0fbc9c0dcfc79c5d27697ff05392d98675839927c04,"{""commodity"": ""Sorghum"", ""commodity_id"": ""65"", ""currency"": ""ETB"", ""market_id"": ""508"", ""pricetype"": ""Retail"", ""unit"": ""KG""}",ETB,5,False
ETH,91ab38e4fc7d26a000499a17c8ec380a38dcb5d499e704b47946f13657f8bc2b,"{""commodity"": ""Sorghum"", ""commodity_id"": ""65"", ""currency"": ""ETB"", ""market_id"": ""509"", ""pricetype"": ""Retail"", ""unit"": ""KG""}",ETB,4,False
ETH,dc7d692f9730c0b7cea81cd1c73b2f635e21f1707d1c9027b12531dfcd5d5772,"{""commodity"": ""Sorghum"", ""commodity_id"": ""65"", ""currency"": ""ETB"", ""market_id"": ""511"", ""pricetype"": ""Retail"", ""unit"": ""KG""}",ETB,2,False
ETH,6c855187885bdb66bd89d313da9e35431a63a2e012a4df6d9fadf2bf4f8a458e,"{""commodity"": ""Sorghum"", ""commodity_id"": ""65"", ""currency"": ""ETB"", ""market_id"": ""515"", ""pricetype"": ""Retail"", ""unit"": ""KG""}",ETB,0,False
ETH,34862114485d9f9396db9ec670ae255b80cb3bd6e2aa132f39a936e5c999ee01,"{""commodity"": ""Sorghum"", ""commodity_id"": ""65"", ""currency"": ""ETB"", ""market_id"": ""517"", ""pricetype"": ""Retail"", ""unit"": ""KG""}",ETB,1,False
ETH,9a31839652c5b43f7f21a60a211b887840192857dfeccca232e364e0e43c1898,"{""commodity"": ""Wheat (food aid)"", ""commodity_id"": ""781"", ""currency"": ""ETB"", ""market_id"": ""3076"", ""pricetype"": ""Retail"", ""unit"": ""100 KG""}",ETB,0,False
ETH,3843e9e14f0e6c574edd253aaa6c5b9a770fc234d5d5de4e4ef94f32b37980dd,"{""commodity"": ""Wheat (food aid)"", ""commodity_id"": ""781"", ""currency"": ""ETB"", ""market_id"": ""3077"", ""pricetype"": ""Retail"", ""unit"": ""100 KG""}",ETB,0,False
ETH,7326f496997b8655337707151f8a867cacc39e9f70fb25e6acc5c246c3960c49,"{""commodity"": ""Wheat (food aid)"", ""commodity_id"": ""781"", ""currency"": ""ETB"", ""market_id"": ""3107"", ""pricetype"": ""Retail"", ""unit"": ""100 KG""}",ETB,0,False
ETH,828bb1b42fb319039ea175099b08b682163bc05248c6113d6ba1ecb2746fb44d,"{""commodity"": ""Wheat (food aid)"", ""commodity_id"": ""781"", ""currency"": ""ETB"", ""market_id"": ""3108"", ""pricetype"": ""Retail"", ""unit"": ""100 KG""}",ETB,0,False
ETH,3eba1e0625ff77f14e953cc4492d4e1339ab7e64b42dba9c2a71cf5d398e4d63,"{""commodity"": ""Wheat (food aid)"", ""commodity_id"": ""781"", ""currency"": ""ETB"", ""market_id"": ""3649"", ""pricetype"": ""Retail"", ""unit"": ""100 KG""}",ETB,0,False
ETH,60c19c461fad7442c7a7482683278667f552afeeea62983870ecd914f6403e1b,"{""commodity"": ""Wheat (food aid)"", ""commodity_id"": ""781"", ""currency"": ""ETB"", ""market_id"": ""3653"", ""pricetype"": ""Retail"", ""unit"": ""100 KG""}",ETB,0,False
ETH,5097f31b4b30646bb852b6634e409bfd29a535c66f7b8c59e6d850c37d2334ff,"{""commodity"": ""Wheat (food aid)"", ""commodity_id"": ""781"", ""currency"": ""ETB"", ""market_id"": ""3654"", ""pricetype"": ""Retail"", ""unit"": ""100 KG""}",ETB,0,False
ETH,135eae44a85d1fefc1af7f4c0a4bdb39d8aa49af6dc11db63065c07f45b38bde,"{""commodity"": ""Wheat (food aid)"", ""commodity_id"": ""781"", ""currency"": ""ETB"", ""market_id"": ""3665"", ""pricetype"": ""Retail"", ""unit"": ""100 KG""}",ETB,0,False
ETH,06e16028e51832087910a3b6141c0f9a868f9a7155e4b5b43f49261d354e78ca,"{""commodity"": ""Wheat (food aid)"", ""commodity_id"": ""781"", ""currency"": ""ETB"", ""market_id"": ""3667"", ""pricetype"": ""Retail"", ""unit"": ""100 KG""}",ETB,0,False
ETH,8b2bc37f46d3335adfcaf19f6ce9460a7fd84434eb0857614510ba167279c943,"{""commodity"": ""Wheat (food aid)"", ""commodity_id"": ""781"", ""currency"": ""ETB"", ""market_id"": ""459"", ""pricetype"": ""Retail"", ""unit"": ""100 KG""}",ETB,0,False
ETH,2051bd251559a7899e6e45c837b9a34fe51208294b5affb5a3ed54fac256a22c,"{""commodity"": ""Wheat (food aid)"", ""commodity_id"": ""781"", ""currency"": ""ETB"", ""market_id"": ""460"", ""pricetype"": ""Retail"", ""unit"": ""100 KG""}",ETB,0,False
ETH,26a4fdb88035818472964422179c4742381cde44f96a0d61666a96ae3b6ac590,"{""commodity"": ""Wheat (food aid)"", ""commodity_id"": ""781"", ""currency"": ""ETB"", ""market_id"": ""461"", ""pricetype"": ""Retail"", ""unit"": ""100 KG""}",ETB,0,False
ETH,bd629e107f483def9a593c092319fbf703361cbdcde955f3b3b1bfba2eb2153a,"{""commodity"": ""Wheat (food aid)"", ""commodity_id"": ""781"", ""currency"": ""ETB"", ""market_id"": ""461"", ""pricetype"": ""Retail"", ""unit"": ""KG""}",ETB,0,False
ETH,21f0505d2a9350d8dc5e9e5c564b2124215835f217dd39f48f4ab5dd31941248,"{""commodity"": ""Wheat (food aid)"", ""commodity_id"": ""781"", ""currency"": ""ETB"", ""market_id"": ""462"", ""pricetype"": ""Retail"", ""unit"": ""100 KG""}",ETB,0,False
ETH,768aedc9e31382b4e0760c80257b9633295df03615788bf1cceeb1d40d327594,"{""commodity"": ""Wheat (food aid)"", ""commodity_id"": ""781"", ""currency"": ""ETB"", ""market_id"": ""463"", ""pricetype"": ""Retail"", ""unit"": ""100 KG""}",ETB,0,False
ETH,931402b2b15614116cf835f3fdf24ec0379e92ba813a2e3e5c1246a2bc7109c3,"{""commodity"": ""Wheat (food aid)"", ""commodity_id"": ""781"", ""currency"": ""ETB"", ""market_id"": ""508"", ""pricetype"": ""Retail"", ""unit"": ""100 KG""}",ETB,0,False
ETH,65d08ef520c95113e9fc8d461373620be3b569dee8ed489b54ff68863819a360,"{""commodity"": ""Wheat (mixed)"", ""commodity_id"": ""770"", ""currency"": ""ETB"", ""market_id"": ""483"", ""pricetype"": ""Retail"", ""unit"": ""100 KG""}",ETB,0,False
ETH,f2dd69f9f4f06d9b2849b4723691bd4a0aca6d8d5b877a0e8eef117ec0c4cfdd,"{""commodity"": ""Wheat (mixed)"", ""commodity_id"": ""770"", ""currency"": ""ETB"", ""market_id"": ""492"", ""pricetype"": ""Retail"", ""unit"": ""100 KG""}",ETB,0,False
ETH,f3fb3abda14915c896977e9aa92b69f1d061acad96c06daaa49f83b5762465aa,"{""commodity"": ""Wheat (mixed)"", ""commodity_id"": ""770"", ""currency"": ""ETB"", ""market_id"": ""496"", ""pricetype"": ""Retail"", ""unit"": ""100 KG""}",ETB,0,False
ETH,d776cd17f7d64d24f1365553cbb8a08eb8352259b1e2c6d8d3d2b65e9a056c56,"{""commodity"": ""Wheat (mixed)"", ""commodity_id"": ""770"", ""currency"": ""ETB"", ""market_id"": ""497"", ""pricetype"": ""Retail"", ""unit"": ""100 KG""}",ETB,0,False
ETH,608845ed37820b56de9a4bd568f976bfda1a54320c82142320a9d859628f1202,"{""commodity"": ""Wheat (mixed)"", ""commodity_id"": ""770"", ""currency"": ""ETB"", ""market_id"": ""510"", ""pricetype"": ""Retail"", ""unit"": ""100 KG""}",ETB,0,False
ETH,a7bb30d090144138645bbd39678549f44a0158327daa5230fd3ef7d5fcb6c00d,"{""commodity"": ""Wheat (white)"", ""commodity_id"": ""766"", ""currency"": ""ETB"", ""market_id"": ""1831"", ""pricetype"": ""Retail"", ""unit"": ""100 KG""}",ETB,0,False
ETH,864ccf80f77bef48c84ddbb1ef6a9474cc9c197e0fb6e0204bf3026fe5ffc691,"{""commodity"": ""Wheat (white)"", ""commodity_id"": ""766"", ""currency"": ""ETB"", ""market_id"": ""1832"", ""pricetype"": ""Retail"", ""unit"": ""100 KG""}",ETB,0,False
ETH,1693c2d1a51902727a7a955d259aeca2723031ecb97eccc9f9a65eb381cb68e2,"{""commodity"": ""Wheat (white)"", ""commodity_id"": ""766"", ""currency"": ""ETB"", ""market_id"": ""3070"", ""pricetype"": ""Retail"", ""unit"": ""100 KG""}",ETB,0,False
ETH,9f39ab3c6605307d3b66ead504262f73326623835e8da5a5a17cb267cdbe4246,"{""commodity"": ""Wheat (white)"", ""commodity_id"": ""766"", ""currency"": ""ETB"", ""market_id"": ""3075"", ""pricetype"": ""Retail"", ""unit"": ""100 KG""}",ETB,0,False
ETH,ed41772f1c47f10a4e70beac8d109ebe6d721588617a8c8b81d9541efd93c235,"{""commodity"": ""Wheat (white)"", ""commodity_id"": ""766"", ""currency"": ""ETB"", ""market_id"": ""3076"", ""pricetype"": ""Retail"", ""unit"": ""100 KG""}",ETB,0,False
ETH,c296778854f05eefc2298e4040a9df393a4982b7f1de0bce78dff6ac758c7b44,"{""commodity"": ""Wheat (white)"", ""commodity_id"": ""766"", ""currency"": ""ETB"", ""market_id"": ""3077"", ""pricetype"": ""Retail"", ""unit"": ""100 KG""}",ETB,0,False
ETH,652225b0c29db740c69f4a79d62a3c02ca1fdcd0945768b6b55da9bf11397dda,"{""commodity"": ""Wheat (white)"", ""commodity_id"": ""766"", ""currency"": ""ETB"", ""market_id"": ""3078"", ""pricetype"": ""Retail"", ""unit"": ""100 KG""}",ETB,0,False
ETH,b4301635e33b93e7ed9e9fd4f0fb003a161ebf7aed8f1aef796d43f8c4bd692c,"{""commodity"": ""Wheat (white)"", ""commodity_id"": ""766"", ""currency"": ""ETB"", ""market_id"": ""3079"", ""pricetype"": ""Retail"", ""unit"": ""100 KG""}",ETB,0,False
ETH,b552c3e198d430d43a4ea7d5afd4e48c48331e1efd8195552c5461a4e984059c,"{""commodity"": ""Wheat (white)"", ""commodity_id"": ""766"", ""currency"": ""ETB"", ""market_id"": ""3107"", ""pricetype"": ""Retail"", ""unit"": ""100 KG""}",ETB,0,False
ETH,b7c956ca1acab2f154c511ba5fce593d507dd1c2504f60422d9e46bc14836ccf,"{""commodity"": ""Wheat (white)"", ""commodity_id"": ""766"", ""currency"": ""ETB"", ""market_id"": ""3108"", ""pricetype"": ""Retail"", ""unit"": ""100 KG""}",ETB,0,False
ETH,30f17ab97081d9f9afc941b5e03e8f93b74d826bed42d3361adff7346e05d0d1,"{""commodity"": ""Wheat (white)"", ""commodity_id"": ""766"", ""currency"": ""ETB"", ""market_id"": ""3647"", ""pricetype"": ""Retail"", ""unit"": ""100 KG""}",ETB,0,False
ETH,0be452291d022c0338ba0507517a1081768d83edff427bffae4d334be045acc2,"{""commodity"": ""Wheat (white)"", ""commodity_id"": ""766"", ""currency"": ""ETB"", ""market_id"": ""3648"", ""pricetype"": ""Retail"", ""unit"": ""100 KG""}",ETB,0,False
ETH,db34628b71378cf704c7c5c736426254a5eedfbb4d422bc12ae74157b6a361fe,"{""commodity"": ""Wheat (white)"", ""commodity_id"": ""766"", ""currency"": ""ETB"", ""market_id"": ""3649"", ""pricetype"": ""Retail"", ""unit"": ""100 KG""}",ETB,0,False
ETH,e968c8aa7e4374b4e8cd6c958394f4b9b48ecf433dbb52f54606a91e2b39f2d2,"{""commodity"": ""Wheat (white)"", ""commodity_id"": ""766"", ""currency"": ""ETB"", ""market_id"": ""3650"", ""pricetype"": ""Retail"", ""unit"": ""100 KG""}",ETB,0,False
ETH,034bef639e7584200e9971e1874b459f1c90b717d14990412e9dc68cb5a37799,"{""commodity"": ""Wheat (white)"", ""commodity_id"": ""766"", ""currency"": ""ETB"", ""market_id"": ""3651"", ""pricetype"": ""Retail"", ""unit"": ""100 KG""}",ETB,0,False
ETH,9c0a9373fdf6fe53f38ad23c0a25701cc71b2fa3aab434611ab6a4e484c63a00,"{""commodity"": ""Wheat (white)"", ""commodity_id"": ""766"", ""currency"": ""ETB"", ""market_id"": ""3652"", ""pricetype"": ""Retail"", ""unit"": ""100 KG""}",ETB,0,False
ETH,d7e2dcc11397c03e8e0a8bef28369b7c3fed6301177122847ba0683e72b9fa94,"{""commodity"": ""Wheat (white)"", ""commodity_id"": ""766"", ""currency"": ""ETB"", ""market_id"": ""3654"", ""pricetype"": ""Retail"", ""unit"": ""100 KG""}",ETB,0,False
ETH,7f408b945ab66b431c18b18e72949c5627398ebfd7520e7a114ba98e97c3a92c,"{""commodity"": ""Wheat (white)"", ""commodity_id"": ""766"", ""currency"": ""ETB"", ""market_id"": ""3655"", ""pricetype"": ""Retail"", ""unit"": ""100 KG""}",ETB,0,False
ETH,7936bff6e679d900a09e48a9a209dd545a431d6361b4662c2b3b42253bbe171f,"{""commodity"": ""Wheat (white)"", ""commodity_id"": ""766"", ""currency"": ""ETB"", ""market_id"": ""3657"", ""pricetype"": ""Retail"", ""unit"": ""100 KG""}",ETB,0,False
ETH,7a268f6b649e813936f5b141fdd4b7ca590658ed0aa297ff26ce3b9324993dda,"{""commodity"": ""Wheat (white)"", ""commodity_id"": ""766"", ""currency"": ""ETB"", ""market_id"": ""3659"", ""pricetype"": ""Retail"", ""unit"": ""100 KG""}",ETB,0,False
ETH,90432d9593d513bdce36a17cca87948499a42894c361ac2f2dcb8c6ed8e85d8e,"{""commodity"": ""Wheat (white)"", ""commodity_id"": ""766"", ""currency"": ""ETB"", ""market_id"": ""3660"", ""pricetype"": ""Retail"", ""unit"": ""100 KG""}",ETB,0,False
ETH,f5d6b381bc8397fa6183321760a366b68879cc1a224735cc7752af7c9e98be45,"{""commodity"": ""Wheat (white)"", ""commodity_id"": ""766"", ""currency"": ""ETB"", ""market_id"": ""3662"", ""pricetype"": ""Retail"", ""unit"": ""100 KG""}",ETB,0,False
ETH,bdb84187d8d31c2439ea18a7bc9a6ba0cc567626575c622196173c495d586246,"{""commodity"": ""Wheat (white)"", ""commodity_id"": ""766"", ""currency"": ""ETB"", ""market_id"": ""3663"", ""pricetype"": ""Retail"", ""unit"": ""100 KG""}",ETB,0,False
ETH,7c59809d3316dcc16a29eca877c349ec8bcb0c9d6d91942c4e29936b2fc7d6ea,"{""commodity"": ""Wheat (white)"", ""commodity_id"": ""766"", ""currency"": ""ETB"", ""market_id"": ""3664"", ""pricetype"": ""Retail"", ""unit"": ""100 KG""}",ETB,0,False
ETH,b09827b83ec630e1b6b1ace383cc0f1d91b0a1c2444b2e12431f77afffc37db2,"{""commodity"": ""Wheat (white)"", ""commodity_id"": ""766"", ""currency"": ""ETB"", ""market_id"": ""3665"", ""pricetype"": ""Retail"", ""unit"": ""100 KG""}",ETB,0,False
ETH,93ca264cd29b7760eb37b4f4b7f68af669915cb5d5170be98c3ed50e6740fff0,"{""commodity"": ""Wheat (white)"", ""commodity_id"": ""766"", ""currency"": ""ETB"", ""market_id"": ""3666"", ""pricetype"": ""Retail"", ""unit"": ""100 KG""}",ETB,0,False
ETH,0865d65f471b711773ee39a7ae2d95aca729d2aab5190366a1195d530158e5a8,"{""commodity"": ""Wheat (white)"", ""commodity_id"": ""766"", ""currency"": ""ETB"", ""market_id"": ""3667"", ""pricetype"": ""Retail"", ""unit"": ""100 KG""}",ETB,0,False
ETH,9d7ebfad3aa5ab6d68a775ffeb760946be100f1d1029057aa3d4bd62d7ec2eda,"{""commodity"": ""Wheat (white)"", ""commodity_id"": ""766"", ""currency"": ""ETB"", ""market_id"": ""3668"", ""pricetype"": ""Retail"", ""unit"": ""100 KG""}",ETB,0,False
ETH,726e53f859c21adf1b3bb6444c603df1ea963d6ac1c0e0e6421b616d088288be,"{""commodity"": ""Wheat (white)"", ""commodity_id"": ""766"", ""currency"": ""ETB"", ""market_id"": ""3669"", ""pricetype"": ""Retail"", ""unit"": ""100 KG""}",ETB,0,False
ETH,6a8b89c8c4d53aa55f6fc25b196c35617326009684b0a9a30067e72865c17264,"{""commodity"": ""Wheat (white)"", ""commodity_id"": ""766"", ""currency"": ""ETB"", ""market_id"": ""3672"", ""pricetype"": ""Retail"", ""unit"": ""100 KG""}",ETB,0,False
ETH,f3a532c211b985f41ddfa2b847c35ad10f2329ea292b3900cee8e84e50d9b841,"{""commodity"": ""Wheat (white)"", ""commodity_id"": ""766"", ""currency"": ""ETB"", ""market_id"": ""3673"", ""pricetype"": ""Retail"", ""unit"": ""100 KG""}",ETB,0,False
ETH,dfc8f74584a37a46e48ee38106697f7ff13754c7372fed33d02e6816a1f27bf0,"{""commodity"": ""Wheat (white)"", ""commodity_id"": ""766"", ""currency"": ""ETB"", ""market_id"": ""3674"", ""pricetype"": ""Retail"", ""unit"": ""100 KG""}",ETB,0,False
ETH,1753cae31785288a75d8c76892366ebf636f4cf2ae193e577a5e4fcebfa05a16,"{""commodity"": ""Wheat (white)"", ""commodity_id"": ""766"", ""currency"": ""ETB"", ""market_id"": ""3675"", ""pricetype"": ""Retail"", ""unit"": ""100 KG""}",ETB,0,False
ETH,a389b35ddf1b22cfa72b0a178180c4c4884faf0708bd1a12f0b9bdfdb4933beb,"{""commodity"": ""Wheat (white)"", ""commodity_id"": ""766"", ""currency"": ""ETB"", ""market_id"": ""458"", ""pricetype"": ""Retail"", ""unit"": ""100 KG""}",ETB,0,False
ETH,51509c59b72e73704a40874f864d4a89cf7eb0fa3252900c21b0b695abb2b8f1,"{""commodity"": ""Wheat (white)"", ""commodity_id"": ""766"", ""currency"": ""ETB"", ""market_id"": ""459"", ""pricetype"": ""Retail"", ""unit"": ""100 KG""}",ETB,0,False
ETH,1ee33ad1888e9c5359d732a793ab3700674b14e82540e563f8c82871526f9f0d,"{""commodity"": ""Wheat (white)"", ""commodity_id"": ""766"", ""currency"": ""ETB"", ""market_id"": ""460"", ""pricetype"": ""Retail"", ""unit"": ""100 KG""}",ETB,0,False
ETH,db5152179dc2b84991a773090f8a21338106de79db5f30f6d986c6ad35568079,"{""commodity"": ""Wheat (white)"", ""commodity_id"": ""766"", ""currency"": ""ETB"", ""market_id"": ""461"", ""pricetype"": ""Retail"", ""unit"": ""100 KG""}",ETB,0,False
ETH,270d9b5bd9318dbe682b9d8f64290a3e4fc1e945c2c43800bf4b70c17c5dc948,"{""commodity"": ""Wheat (white)"", ""commodity_id"": ""766"", ""currency"": ""ETB"", ""market_id"": ""462"", ""pricetype"": ""Retail"", ""unit"": ""100 KG""}",ETB,0,False
ETH,ac33c7bb865e1f520799d898f5f58d85c0dfbb84e941adf1bea1f38afdf406d2,"{""commodity"": ""Wheat (white)"", ""commodity_id"": ""766"", ""currency"": ""ETB"", ""market_id"": ""463"", ""pricetype"": ""Retail"", ""unit"": ""100 KG""}",ETB,0,False
ETH,a57c3dbe0ffa727e21aa52df5110360767b087b84906463c7ec8baa365ff0e70,"{""commodity"": ""Wheat (white)"", ""commodity_id"": ""766"", ""currency"": ""ETB"", ""market_id"": ""464"", ""pricetype"": ""Retail"", ""unit"": ""100 KG""}",ETB,0,False
ETH,d0c355791ccc5ac4172b7b06dbc5ef6c2bc4fa95cad77639410e60e3cb3379e6,"{""commodity"": ""Wheat (white)"", ""commodity_id"": ""766"", ""currency"": ""ETB"", ""market_id"": ""466"", ""pricetype"": ""Retail"", ""unit"": ""100 KG""}",ETB,0,False
ETH,76aa1cee26cb4a984428960675ab6bcee5d4d871333d208422ffad65d5185e91,"{""commodity"": ""Wheat (white)"", ""commodity_id"": ""766"", ""currency"": ""ETB"", ""market_id"": ""467"", ""pricetype"": ""Retail"", ""unit"": ""100 KG""}",ETB,0,False
ETH,b035bbf9f94a3f7c767598af77c69ca4a60cb44a4516ae2d672ed6d161a2bd19,"{""commodity"": ""Wheat (white)"", ""commodity_id"": ""766"", ""currency"": ""ETB"", ""market_id"": ""468"", ""pricetype"": ""Retail"", ""unit"": ""100 KG""}",ETB,0,False
ETH,1151ec7214ac73a1a57999e9a7122244fbde3c7b39268b4f9c5b529567796f90,"{""commodity"": ""Wheat (white)"", ""commodity_id"": ""766"", ""currency"": ""ETB"", ""market_id"": ""469"", ""pricetype"": ""Retail"", ""unit"": ""100 KG""}",ETB,0,False
ETH,2ac0540bcbd4e724b26d1a0deb6cb02aea3a3a71bb6a42014f3bd8310f1fb34b,"{""commodity"": ""Wheat (white)"", ""commodity_id"": ""766"", ""currency"": ""ETB"", ""market_id"": ""470"", ""pricetype"": ""Retail"", ""unit"": ""100 KG""}",ETB,0,False
ETH,3f99704f95c0d7b75c70175f973e7f15a621a415f0f3a778c795ee242005a5c3,"{""commodity"": ""Wheat (white)"", ""commodity_id"": ""766"", ""currency"": ""ETB"", ""market_id"": ""472"", ""pricetype"": ""Retail"", ""unit"": ""100 KG""}",ETB,0,False
ETH,d1a72ab22c1f5f735c7aa200e5594e903548d35cff8b5d7b53e1087a451a6315,"{""commodity"": ""Wheat (white)"", ""commodity_id"": ""766"", ""currency"": ""ETB"", ""market_id"": ""474"", ""pricetype"": ""Retail"", ""unit"": ""100 KG""}",ETB,0,False
ETH,d5ca9aef6a9d50cb2d0f0725c1e3c81c8c819829960b0eae8a6c55f907d43955,"{""commodity"": ""Wheat (white)"", ""commodity_id"": ""766"", ""currency"": ""ETB"", ""market_id"": ""475"", ""pricetype"": ""Retail"", ""unit"": ""100 KG""}",ETB,0,False
ETH,d33129737353fec63daf3eaa4d766a8cf50a09a7e193488d169cd932f8efcec3,"{""commodity"": ""Wheat (white)"", ""commodity_id"": ""766"", ""currency"": ""ETB"", ""market_id"": ""476"", ""pricetype"": ""Retail"", ""unit"": ""100 KG""}",ETB,0,False
ETH,c1c69d2fcb74fed3f59fe086bc556e0706e7629decc04e8844d4f95fedc81b76,"{""commodity"": ""Wheat (white)"", ""commodity_id"": ""766"", ""currency"": ""ETB"", ""market_id"": ""477"", ""pricetype"": ""Retail"", ""unit"": ""100 KG""}",ETB,0,False
ETH,637b813ebe35f2d3780a11a5e82a304d861aa0241618be63251256ee12cd9de8,"{""commodity"": ""Wheat (white)"", ""commodity_id"": ""766"", ""currency"": ""ETB"", ""market_id"": ""479"", ""pricetype"": ""Retail"", ""unit"": ""100 KG""}",ETB,0,False
ETH,22ad03e69da79c581698fce7cf9c4b3acd45856316def85d0413c89882247af9,"{""commodity"": ""Wheat (white)"", ""commodity_id"": ""766"", ""currency"": ""ETB"", ""market_id"": ""483"", ""pricetype"": ""Retail"", ""unit"": ""100 KG""}",ETB,0,False
ETH,7d9915a7bb2c2920837d9a29003e451e5b0080147cc10da234d881c376c77bce,"{""commodity"": ""Wheat (white)"", ""commodity_id"": ""766"", ""currency"": ""ETB"", ""market_id"": ""487"", ""pricetype"": ""Retail"", ""unit"": ""100 KG""}",ETB,0,False
ETH,9ae01bddc32d576c00d271404ab0ff939bb559e5d56c43eb28c77c202b85b35b,"{""commodity"": ""Wheat (white)"", ""commodity_id"": ""766"", ""currency"": ""ETB"", ""market_id"": ""488"", ""pricetype"": ""Retail"", ""unit"": ""100 KG""}",ETB,0,False
ETH,003ae5cfcd1094ea9d77f6a0c90d1882d87b9ce6134eb405c301a5ea68d8686f,"{""commodity"": ""Wheat (white)"", ""commodity_id"": ""766"", ""currency"": ""ETB"", ""market_id"": ""489"", ""pricetype"": ""Retail"", ""unit"": ""100 KG""}",ETB,0,False
ETH,45b04f9484bee4e81f6e6c46ee4160d1090e3499517a218812049bafb8ddc761,"{""commodity"": ""Wheat (white)"", ""commodity_id"": ""766"", ""currency"": ""ETB"", ""market_id"": ""492"", ""pricetype"": ""Retail"", ""unit"": ""100 KG""}",ETB,0,False
ETH,8d143a527c2d677e74ea8acbc47f6d6f24dc7c630459ca3c3a10357cd19355c7,"{""commodity"": ""Wheat (white)"", ""commodity_id"": ""766"", ""currency"": ""ETB"", ""market_id"": ""496"", ""pricetype"": ""Retail"", ""unit"": ""100 KG""}",ETB,0,False
ETH,2ca2eeb54701968099a41183176983b5d78e550405ff0259c5bd82d54bb2f052,"{""commodity"": ""Wheat (white)"", ""commodity_id"": ""766"", ""currency"": ""ETB"", ""market_id"": ""497"", ""pricetype"": ""Retail"", ""unit"": ""100 KG""}",ETB,0,False
ETH,3a27bd6faf4f075f290027f9696929c3ee1437da974252051be6387ddc05a650,"{""commodity"": ""Wheat (white)"", ""commodity_id"": ""766"", ""currency"": ""ETB"", ""market_id"": ""506"", ""pricetype"": ""Retail"", ""unit"": ""100 KG""}",ETB,0,False
ETH,4f48ca2df9a82977e0167631da01561d47e217d8defd8b96a5793ef5558cda10,"{""commodity"": ""Wheat (white)"", ""commodity_id"": ""766"", ""currency"": ""ETB"", ""market_id"": ""507"", ""pricetype"": ""Retail"", ""unit"": ""100 KG""}",ETB,0,False
ETH,3edeaaf26abcdf80f566e3c21fc2dc432e80a53f38ce5290f543a306176c72cd,"{""commodity"": ""Wheat (white)"", ""commodity_id"": ""766"", ""currency"": ""ETB"", ""market_id"": ""508"", ""pricetype"": ""Retail"", ""unit"": ""100 KG""}",ETB,0,False
ETH,e675d169a59c68251bcf0ff432e120e046a7ebf815fd82039b8a00fcce92784b,"{""commodity"": ""Wheat (white)"", ""commodity_id"": ""766"", ""currency"": ""ETB"", ""market_id"": ""509"", ""pricetype"": ""Retail"", ""unit"": ""100 KG""}",ETB,0,False
ETH,36aa89863f644c1064cfe32f8470018ef31ffd0ce1466d2a558c91aa8194d883,"{""commodity"": ""Wheat (white)"", ""commodity_id"": ""766"", ""currency"": ""ETB"", ""market_id"": ""510"", ""pricetype"": ""Retail"", ""unit"": ""100 KG""}",ETB,0,False
ETH,09df00b43e1c698f5bd191330f22e013d90e9211eaec7c6ea3f02370f24af17a,"{""commodity"": ""Wheat (white)"", ""commodity_id"": ""766"", ""currency"": ""ETB"", ""market_id"": ""511"", ""pricetype"": ""Retail"", ""unit"": ""100 KG""}",ETB,0,False
ETH,53301493610d608fe5fb780f8365f29ee8091f9112dd4ec3dd7fe9b203af1b83,"{""commodity"": ""Wheat (white)"", ""commodity_id"": ""766"", ""currency"": ""ETB"", ""market_id"": ""516"", ""pricetype"": ""Retail"", ""unit"": ""100 KG""}",ETB,0,False
ETH,9d517b35460e82f33ac4458d94dfc180be4aa98a17943d6a8ae862da11acb1a3,"{""commodity"": ""Wheat (white)"", ""commodity_id"": ""766"", ""currency"": ""ETB"", ""market_id"": ""517"", ""pricetype"": ""Retail"", ""unit"": ""100 KG""}",ETB,0,False
ETH,d0d5ae474f6846b354cc005a9f090757cff54c41f233ed6b2c9ac2b2b14b2b2b,"{""commodity"": ""Wheat (white)"", ""commodity_id"": ""766"", ""currency"": ""ETB"", ""market_id"": ""6706"", ""pricetype"": ""Retail"", ""unit"": ""100 KG""}",ETB,0,False
ETH,62b23b2dddceda3f7b23552fb0382df71708662276add8167867a9b82f4ca64c,"{""commodity"": ""Wheat flour"", ""commodity_id"": ""58"", ""currency"": ""ETB"", ""market_id"": ""10098"", ""pricetype"": ""Retail"", ""unit"": ""100 KG""}",ETB,0,False
ETH,5bd5503ae2c92c4065fda94e84433ea26d3c056e45e64712d65dcbba4ccc4e2d,"{""commodity"": ""Wheat flour"", ""commodity_id"": ""58"", ""currency"": ""ETB"", ""market_id"": ""1831"", ""pricetype"": ""Retail"", ""unit"": ""100 KG""}",ETB,0,False
ETH,40a26ec93daa3a7cb32c007f5680fe5a8274d8fc3fc5b8c1a1791c800395b4e5,"{""commodity"": ""Wheat flour"", ""commodity_id"": ""58"", ""currency"": ""ETB"", ""market_id"": ""3075"", ""pricetype"": ""Retail"", ""unit"": ""100 KG""}",ETB,0,False
ETH,aa0b3d520b63ef2f5b0256a37f6fc30555f8da8bad8f51b80ab6abcd95e96c07,"{""commodity"": ""Wheat flour"", ""commodity_id"": ""58"", ""currency"": ""ETB"", ""market_id"": ""3076"", ""pricetype"": ""Retail"", ""unit"": ""100 KG""}",ETB,0,False
ETH,db94f3580ad51e4980eefe28040ed7371b3dd408e9a1a2006e9ccdfd73bb6b96,"{""commodity"": ""Wheat flour"", ""commodity_id"": ""58"", ""currency"": ""ETB"", ""market_id"": ""3077"", ""pricetype"": ""Retail"", ""unit"": ""100 KG""}",ETB,0,False
ETH,ad37f178bc1d6a825ec353a9f650e8a0522cf4c8afccd26405be9577cee44612,"{""commodity"": ""Wheat flour"", ""commodity_id"": ""58"", ""currency"": ""ETB"", ""market_id"": ""3107"", ""pricetype"": ""Retail"", ""unit"": ""100 KG""}",ETB,0,False
ETH,a97194bc70083c50b93f872958d2362433b956772ed2fca58bfcf768ef775631,"{""commodity"": ""Wheat flour"", ""commodity_id"": ""58"", ""currency"": ""ETB"", ""market_id"": ""3108"", ""pricetype"": ""Retail"", ""unit"": ""100 KG""}",ETB,0,False
ETH,bc3e2d491dcfcedaff78d905ad14fbe74e89ad70d127f59bb02fbec0798285d1,"{""commodity"": ""Wheat flour"", ""commodity_id"": ""58"", ""currency"": ""ETB"", ""market_id"": ""3647"", ""pricetype"": ""Retail"", ""unit"": ""100 KG""}",ETB,0,False
ETH,32ec6ef7e71e3493df596c0167b5f16f83dbe8237a1bd589825477d4ff704e76,"{""commodity"": ""Wheat flour"", ""commodity_id"": ""58"", ""currency"": ""ETB"", ""market_id"": ""3649"", ""pricetype"": ""Retail"", ""unit"": ""100 KG""}",ETB,0,False
ETH,f46eef84fc6ac93f135ab2156dc297ff5561861ac0040eab56a44262c50d2a67,"{""commodity"": ""Wheat flour"", ""commodity_id"": ""58"", ""currency"": ""ETB"", ""market_id"": ""3653"", ""pricetype"": ""Retail"", ""unit"": ""100 KG""}",ETB,0,False
ETH,b23c329650adae00a61e71c1a1f2551c140c5dc75c1f5a28fc29d9aae5015ffb,"{""commodity"": ""Wheat flour"", ""commodity_id"": ""58"", ""currency"": ""ETB"", ""market_id"": ""3654"", ""pricetype"": ""Retail"", ""unit"": ""100 KG""}",ETB,0,False
ETH,bff0f02311c2155726e6c4664234b23227e431d850509082086257451594e355,"{""commodity"": ""Wheat flour"", ""commodity_id"": ""58"", ""currency"": ""ETB"", ""market_id"": ""3655"", ""pricetype"": ""Retail"", ""unit"": ""100 KG""}",ETB,0,False
ETH,fe7eb94d0694762b565b435d6f46f7c28d71b948945b32981ffdc195118b24f9,"{""commodity"": ""Wheat flour"", ""commodity_id"": ""58"", ""currency"": ""ETB"", ""market_id"": ""3662"", ""pricetype"": ""Retail"", ""unit"": ""100 KG""}",ETB,0,False
ETH,1e39d861a3c64d825ccf4f6243baffb3b574713e4cf9782be67a975c48958792,"{""commodity"": ""Wheat flour"", ""commodity_id"": ""58"", ""currency"": ""ETB"", ""market_id"": ""3665"", ""pricetype"": ""Retail"", ""unit"": ""100 KG""}",ETB,0,False
ETH,8b3633f09bcc318853cbbda4ddab08de31cab318c54b74240ff9649450c669d2,"{""commodity"": ""Wheat flour"", ""commodity_id"": ""58"", ""currency"": ""ETB"", ""market_id"": ""3666"", ""pricetype"": ""Retail"", ""unit"": ""100 KG""}",ETB,0,False
ETH,9fafd5883a8b87672ff465d54e1c26cf11ae567225b9bab3d7044d10a445e48b,"{""commodity"": ""Wheat flour"", ""commodity_id"": ""58"", ""currency"": ""ETB"", ""market_id"": ""3667"", ""pricetype"": ""Retail"", ""unit"": ""100 KG""}",ETB,0,False
ETH,a4376ca1635f2f193472822c7ab14ed2371d8ce6db2c6f1895644dcd938073aa,"{""commodity"": ""Wheat flour"", ""commodity_id"": ""58"", ""currency"": ""ETB"", ""market_id"": ""3672"", ""pricetype"": ""Retail"", ""unit"": ""100 KG""}",ETB,0,False
ETH,206275b982a95ffc8b51da277be6d0e5b0e1e836a6ce668fe90d3b2c6a18a803,"{""commodity"": ""Wheat flour"", ""commodity_id"": ""58"", ""currency"": ""ETB"", ""market_id"": ""3673"", ""pricetype"": ""Retail"", ""unit"": ""100 KG""}",ETB,0,False
ETH,04dbf5b5fceca3f3c8e3309efc49e0e00dfe42edac7d3aa80b67bdc6a80ef4d0,"{""commodity"": ""Wheat flour"", ""commodity_id"": ""58"", ""currency"": ""ETB"", ""market_id"": ""3674"", ""pricetype"": ""Retail"", ""unit"": ""100 KG""}",ETB,0,False
ETH,e6b1b452c8bcabc88bf00965206e6918af4cd14d488970816274f5ed48a74b3a,"{""commodity"": ""Wheat flour"", ""commodity_id"": ""58"", ""currency"": ""ETB"", ""market_id"": ""3675"", ""pricetype"": ""Retail"", ""unit"": ""100 KG""}",ETB,0,False
ETH,07c65c2c03fbfa8ae443fcccd6e5e984752ed2e58f15985459fef28e3ac3c85a,"{""commodity"": ""Wheat flour"", ""commodity_id"": ""58"", ""currency"": ""ETB"", ""market_id"": ""458"", ""pricetype"": ""Retail"", ""unit"": ""100 KG""}",ETB,0,False
ETH,ac760a4880d1d3cbfdec3ef4c428edbbbb124778fe666c3b12872e1d8599583e,"{""commodity"": ""Wheat flour"", ""commodity_id"": ""58"", ""currency"": ""ETB"", ""market_id"": ""459"", ""pricetype"": ""Retail"", ""unit"": ""100 KG""}",ETB,0,False
ETH,c9764115a7fae553afd34b5e0364926b17ca1fb05d2db03626edea6a4e26386a,"{""commodity"": ""Wheat flour"", ""commodity_id"": ""58"", ""currency"": ""ETB"", ""market_id"": ""460"", ""pricetype"": ""Retail"", ""unit"": ""100 KG""}",ETB,4,False
ETH,f6f4ffd32d4e94b095335394e3270e396110ef444c23002bd26c137adcc7e2c6,"{""commodity"": ""Wheat flour"", ""commodity_id"": ""58"", ""currency"": ""ETB"", ""market_id"": ""461"", ""pricetype"": ""Retail"", ""unit"": ""100 KG""}",ETB,35,True
ETH,e5d6d05c1a724fc143cfb0ad2d1acef064dbffdf1c1da4416d9e19b9a2681942,"{""commodity"": ""Wheat flour"", ""commodity_id"": ""58"", ""currency"": ""ETB"", ""market_id"": ""462"", ""pricetype"": ""Retail"", ""unit"": ""100 KG""}",ETB,0,False
ETH,921aaa841ca913ea71f27c4fd1e3b8c993170ce89fa0f838ef1773b2eed33909,"{""commodity"": ""Wheat flour"", ""commodity_id"": ""58"", ""currency"": ""ETB"", ""market_id"": ""463"", ""pricetype"": ""Retail"", ""unit"": ""100 KG""}",ETB,0,False
ETH,109e7cc62bfca81b0b68b0f0376ddee8dd51f23c6d5a619d9ce372be641da025,"{""commodity"": ""Wheat flour"", ""commodity_id"": ""58"", ""currency"": ""ETB"", ""market_id"": ""4630"", ""pricetype"": ""Retail"", ""unit"": ""100 KG""}",ETB,0,False
ETH,604a0225b041cb1afb25f596eecb78325416537f48737b721d1c470cd8004a95,"{""commodity"": ""Wheat flour"", ""commodity_id"": ""58"", ""currency"": ""ETB"", ""market_id"": ""464"", ""pricetype"": ""Retail"", ""unit"": ""100 KG""}",ETB,0,False
ETH,4baef17ecb41d8502dc86ac713064c537a4aa7176365a7025b3222f80d8d648f,"{""commodity"": ""Wheat flour"", ""commodity_id"": ""58"", ""currency"": ""ETB"", ""market_id"": ""466"", ""pricetype"": ""Retail"", ""unit"": ""100 KG""}",ETB,0,False
ETH,0e6bc03cbee33d439b1671338ecb3ae02f4abf8146f187fc6c352edf935de153,"{""commodity"": ""Wheat flour"", ""commodity_id"": ""58"", ""currency"": ""ETB"", ""market_id"": ""470"", ""pricetype"": ""Retail"", ""unit"": ""100 KG""}",ETB,0,False
ETH,24c9f8f0e373c4ad15cf91db39fc2de8d5559bbf4748d5153408858a8381beba,"{""commodity"": ""Wheat flour"", ""commodity_id"": ""58"", ""currency"": ""ETB"", ""market_id"": ""472"", ""pricetype"": ""Retail"", ""unit"": ""100 KG""}",ETB,0,False
ETH,c81d39c514feef1b677593c598999e8b21ccde8d8a99f23a26323a87c982a2af,"{""commodity"": ""Wheat flour"", ""commodity_id"": ""58"", ""currency"": ""ETB"", ""market_id"": ""477"", ""pricetype"": ""Retail"", ""unit"": ""100 KG""}",ETB,0,False
ETH,c63829a39afe1d6dddddb3a29008e0c01f90da9a39bb7491e832728313fed976,"{""commodity"": ""Wheat flour"", ""commodity_id"": ""58"", ""currency"": ""ETB"", ""market_id"": ""487"", ""pricetype"": ""Retail"", ""unit"": ""100 KG""}",ETB,0,False
ETH,847ff47f7183f6afe39e38e931752e83e6dd4b4bc7bbbe3c3efe8a2f21756131,"{""commodity"": ""Wheat flour"", ""commodity_id"": ""58"", ""currency"": ""ETB"", ""market_id"": ""507"", ""pricetype"": ""Retail"", ""unit"": ""100 KG""}",ETB,0,False
ETH,a9fd3e39d5a4ea4ad385f40a7a4d9f643c1aa84191344421cc12cd64b34f513d,"{""commodity"": ""Wheat flour"", ""commodity_id"": ""58"", ""currency"": ""ETB"", ""market_id"": ""508"", ""pricetype"": ""Retail"", ""unit"": ""100 KG""}",ETB,0,False
ETH,edd34de954a3054bf3c94f95dec96ed45882bca481e18478c3745d8ff571e1e0,"{""commodity"": ""Wheat flour"", ""commodity_id"": ""58"", ""currency"": ""ETB"", ""market_id"": ""509"", ""pricetype"": ""Retail"", ""unit"": ""100 KG""}",ETB,0,False
ETH,e1264261d388132dd0c22530baf941d22fa5be1802b0648b7a79d9f4767191bd,"{""commodity"": ""Wheat flour"", ""commodity_id"": ""58"", ""currency"": ""ETB"", ""market_id"": ""511"", ""pricetype"": ""Retail"", ""unit"": ""100 KG""}",ETB,0,False
ETH,e56506962fe7a75b39ef2cc9f8838fd2ff2249009aa42a73d6873ab4ed651be4,"{""commodity"": ""Wheat flour"", ""commodity_id"": ""58"", ""currency"": ""ETB"", ""market_id"": ""6706"", ""pricetype"": ""Retail"", ""unit"": ""100 KG""}",ETB,0,False
ETH,aebb1f617bde6998c656f30fe6e0dd34d6d03e37dd6ef7fb8506cf1bc15196d3,"{""commodity"": ""Wheat flour"", ""commodity_id"": ""58"", ""currency"": ""ETB"", ""market_id"": ""7548"", ""pricetype"": ""Retail"", ""unit"": ""100 KG""}",ETB,0,False
ETH,898057ae8fb8b2d380efd7924e9b2371982202c727d100b17dfffae0f8d2a9e1,"{""commodity"": ""Wheat flour"", ""commodity_id"": ""58"", ""currency"": ""ETB"", ""market_id"": ""7562"", ""pricetype"": ""Retail"", ""unit"": ""100 KG""}",ETB,0,False
ETH,4e13314d633224b57bba60b42507944c1556584f010f5c49786d013858c4b070,"{""commodity"": ""Wheat flour"", ""commodity_id"": ""58"", ""currency"": ""ETB"", ""market_id"": ""7569"", ""pricetype"": ""Retail"", ""unit"": ""100 KG""}",ETB,0,False
ETH,1f0b32e49c282eaeab800572ae7176645b56878ddb7437b1b55d8d34c2a60ce4,"{""commodity"": ""Wheat flour"", ""commodity_id"": ""58"", ""currency"": ""ETB"", ""market_id"": ""7574"", ""pricetype"": ""Retail"", ""unit"": ""100 KG""}",ETB,0,False
ETH,97876da45e0aaa60ae49afeace4b229073a00df256467e4afa89305b60bbc1ff,"{""commodity"": ""Wheat flour"", ""commodity_id"": ""58"", ""currency"": ""ETB"", ""market_id"": ""7576"", ""pricetype"": ""Retail"", ""unit"": ""100 KG""}",ETB,0,False
ETH,b5fc5e139aa07bfef0843e5c80f9f1aa2a384119662e71ca692c698d56af0d5f,"{""commodity"": ""Wheat flour"", ""commodity_id"": ""58"", ""currency"": ""ETB"", ""market_id"": ""7577"", ""pricetype"": ""Retail"", ""unit"": ""100 KG""}",ETB,0,False
ETH,229793ca1b2aa6f37badb5d77fa3490ab9f6ec86d7907761dc1f0b045452abd0,"{""commodity"": ""Wheat flour"", ""commodity_id"": ""58"", ""currency"": ""ETB"", ""market_id"": ""8347"", ""pricetype"": ""Retail"", ""unit"": ""100 KG""}",ETB,0,False
ETH,eb1c191d16a818e36f8ef19ed8f7314633d31cc3d258863ae528636653d896c4,"{""commodity"": ""Wheat flour"", ""commodity_id"": ""58"", ""currency"": ""ETB"", ""market_id"": ""9129"", ""pricetype"": ""Retail"", ""unit"": ""100 KG""}",ETB,0,False
ETH,f8a2205c71590d18f4f27b48cd41da059858f83aa0e0d711379949070fda9ea0,"{""commodity"": ""Wheat flour"", ""commodity_id"": ""58"", ""currency"": ""ETB"", ""market_id"": ""9866"", ""pricetype"": ""Retail"", ""unit"": ""100 KG""}",ETB,0,False
ETH,15ba57b73093b1ce7471fe44f8e6d29365078cafd5583850b42bf8d049292024,"{""commodity"": ""Wheat"", ""commodity_id"": ""84"", ""currency"": ""ETB"", ""market_id"": ""10098"", ""pricetype"": ""Retail"", ""unit"": ""100 KG""}",ETB,0,False
ETH,bddd1d12f3d408c190963833f0322dba88523d989bf7b6a8c7d9166ec62b5baf,"{""commodity"": ""Wheat"", ""commodity_id"": ""84"", ""currency"": ""ETB"", ""market_id"": ""10277"", ""pricetype"": ""Retail"", ""unit"": ""100 KG""}",ETB,0,False
ETH,f949e65adda5a804db45c0f9fe1ebe828b444c09159c54d03107de36089297a8,"{""commodity"": ""Wheat"", ""commodity_id"": ""84"", ""currency"": ""ETB"", ""market_id"": ""10520"", ""pricetype"": ""Retail"", ""unit"": ""100 KG""}",ETB,0,False
ETH,77b3c903c56e9c7f1c457d9877a9c8197f1e96a3b1e7e7adc19600a63236622e,"{""commodity"": ""Wheat"", ""commodity_id"": ""84"", ""currency"": ""ETB"", ""market_id"": ""10521"", ""pricetype"": ""Retail"", ""unit"": ""100 KG""}",ETB,0,False
ETH,1314777472172308faa45bdd6ff3ba7b41db6dfe0fce734907e6b61006becb02,"{""commodity"": ""Wheat"", ""commodity_id"": ""84"", ""currency"": ""ETB"", ""market_id"": ""3077"", ""pricetype"": ""Retail"", ""unit"": ""100 KG""}",ETB,0,False
ETH,291144a157a7884e9002a81159ab7f6976d41e00e8140c251e2db9615f044a5c,"{""commodity"": ""Wheat"", ""commodity_id"": ""84"", ""currency"": ""ETB"", ""market_id"": ""3079"", ""pricetype"": ""Retail"", ""unit"": ""100 KG""}",ETB,0,False
ETH,e18411553d0b03789284058eff05d4cd4afab5aa9359124f1db049ee5f26fa19,"{""commodity"": ""Wheat"", ""commodity_id"": ""84"", ""currency"": ""ETB"", ""market_id"": ""3107"", ""pricetype"": ""Retail"", ""unit"": ""100 KG""}",ETB,0,False
ETH,7a0d886c175c9ea8fb01d120249ccff410c7b52cc18cb09877e1641c1e4d6474,"{""commodity"": ""Wheat"", ""commodity_id"": ""84"", ""currency"": ""ETB"", ""market_id"": ""3648"", ""pricetype"": ""Retail"", ""unit"": ""100 KG""}",ETB,0,False
ETH,a0711730b3812c2565e081dd6e9b8273d1aac2ae72def3af555546f89164eef6,"{""commodity"": ""Wheat"", ""commodity_id"": ""84"", ""currency"": ""ETB"", ""market_id"": ""3650"", ""pricetype"": ""Retail"", ""unit"": ""100 KG""}",ETB,0,False
ETH,a09338398e42f7db72bd5aaa2afa538664abfa69ca909221af946b13c31b659c,"{""commodity"": ""Wheat"", ""commodity_id"": ""84"", ""currency"": ""ETB"", ""market_id"": ""3653"", ""pricetype"": ""Retail"", ""unit"": ""100 KG""}",ETB,0,False
ETH,4f059c32db72ed9ed09d8855829a5d2de1e63682c68223ee3ad9417b24e9152d,"{""commodity"": ""Wheat"", ""commodity_id"": ""84"", ""currency"": ""ETB"", ""market_id"": ""3657"", ""pricetype"": ""Retail"", ""unit"": ""100 KG""}",ETB,0,False
ETH,06ebd9774941406e24b891f97082ba419b95e724438d1758abbd820a8a5f0328,"{""commodity"": ""Wheat"", ""commodity_id"": ""84"", ""currency"": ""ETB"", ""market_id"": ""3659"", ""pricetype"": ""Retail"", ""unit"": ""100 KG""}",ETB,0,False
ETH,c0023f275ea683365deb0116a02f8b64c93039f728a04062a93d4561c514cb8f,"{""commodity"": ""Wheat"", ""commodity_id"": ""84"", ""currency"": ""ETB"", ""market_id"": ""3664"", ""pricetype"": ""Retail"", ""unit"": ""100 KG""}",ETB,0,False
ETH,e561c213ef75d39d9fc334c7ef44667ede39841969b9c557ced41849e1eace81,"{""commodity"": ""Wheat"", ""commodity_id"": ""84"", ""currency"": ""ETB"", ""market_id"": ""3666"", ""pricetype"": ""Retail"", ""unit"": ""100 KG""}",ETB,0,False
ETH,7042d98411c495885ef8a67740f82d9e082e943e064fc12b5021648b57044394,"{""commodity"": ""Wheat"", ""commodity_id"": ""84"", ""currency"": ""ETB"", ""market_id"": ""3673"", ""pricetype"": ""Retail"", ""unit"": ""100 KG""}",ETB,0,False
ETH,45625374310157339363d714a76f9606c6c4f35914a5da95796ca4de2f324cdd,"{""commodity"": ""Wheat"", ""commodity_id"": ""84"", ""currency"": ""ETB"", ""market_id"": ""3674"", ""pricetype"": ""Retail"", ""unit"": ""100 KG""}",ETB,0,False
ETH,64a72f926ca530ffe369b27e1dc1a00877f45b681a47847ba509f1f5a333764f,"{""commodity"": ""Wheat"", ""commodity_id"": ""84"", ""currency"": ""ETB"", ""market_id"": ""3675"", ""pricetype"": ""Retail"", ""unit"": ""100 KG""}",ETB,0,False
ETH,fbabaf071cc61364b45ce15283e6a3868484d4abb5b3cbb9e92be35e60e8fc4a,"{""commodity"": ""Wheat"", ""commodity_id"": ""84"", ""currency"": ""ETB"", ""market_id"": ""4108"", ""pricetype"": ""Retail"", ""unit"": ""100 KG""}",ETB,0,False
ETH,5b4dcd6ac1515a426296e863610c6a13526005b1a99edbb09bacac0989fddc56,"{""commodity"": ""Wheat"", ""commodity_id"": ""84"", ""currency"": ""ETB"", ""market_id"": ""458"", ""pricetype"": ""Retail"", ""unit"": ""100 KG""}",ETB,5,False
ETH,7f137fa431dabaf6fcbd1a1b9c7bf9ce97c287af106708c6b3f431470d2f63dc,"{""commodity"": ""Wheat"", ""commodity_id"": ""84"", ""currency"": ""ETB"", ""market_id"": ""459"", ""pricetype"": ""Retail"", ""unit"": ""100 KG""}",ETB,5,False
ETH,189ac3d0b5d5c1723724a84b1a9addc9d1a3057ae48f5795674a2b933355766a,"{""commodity"": ""Wheat"", ""commodity_id"": ""84"", ""currency"": ""ETB"", ""market_id"": ""460"", ""pricetype"": ""Retail"", ""unit"": ""100 KG""}",ETB,0,False
ETH,821630b819be844c47232e0a027e372ad255c92bcabb2351bca3ed1dc1b99eff,"{""commodity"": ""Wheat"", ""commodity_id"": ""84"", ""currency"": ""ETB"", ""market_id"": ""461"", ""pricetype"": ""Retail"", ""unit"": ""100 KG""}",ETB,13,False
ETH,dfc9fdb50c15ef228c46d6bfee66dedd35fa6630a067339dc00c9320bba34a8a,"{""commodity"": ""Wheat"", ""commodity_id"": ""84"", ""currency"": ""ETB"", ""market_id"": ""462"", ""pricetype"": ""Retail"", ""unit"": ""100 KG""}",ETB,0,False
ETH,5a9c4871b5e9d1777d69ce273fd16616b112857c8620060eb85e8cf3aa30c5db,"{""commodity"": ""Wheat"", ""commodity_id"": ""84"", ""currency"": ""ETB"", ""market_id"": ""463"", ""pricetype"": ""Retail"", ""unit"": ""100 KG""}",ETB,5,False
ETH,8a104422cf0164178d3d2d19909eede4d2556f70b4e52f611266b81c78a0341c,"{""commodity"": ""Wheat"", ""commodity_id"": ""84"", ""currency"": ""ETB"", ""market_id"": ""464"", ""pricetype"": ""Retail"", ""unit"": ""100 KG""}",ETB,5,False
ETH,8cd653022dae2e78ab741135b1393791a89917b15f6d43a3003c0005f5e0343b,"{""commodity"": ""Wheat"", ""commodity_id"": ""84"", ""currency"": ""ETB"", ""market_id"": ""466"", ""pricetype"": ""Retail"", ""unit"": ""100 KG""}",ETB,2,False
ETH,83f80d0c545d498029db02a8e54a6837de05f758161fbd23a4c8eabcc5bd0de4,"{""commodity"": ""Wheat"", ""commodity_id"": ""84"", ""currency"": ""ETB"", ""market_id"": ""467"", ""pricetype"": ""Retail"", ""unit"": ""100 KG""}",ETB,0,False
ETH,12157231d5595572e9c54a84242c3eb449eac75af5b0fdf5533393251716223d,"{""commodity"": ""Wheat"", ""commodity_id"": ""84"", ""currency"": ""ETB"", ""market_id"": ""470"", ""pricetype"": ""Retail"", ""unit"": ""100 KG""}",ETB,5,False
ETH,961b777bb561257b36d4df00ed405e07cf1cb794313202fff551db8c576c08aa,"{""commodity"": ""Wheat"", ""commodity_id"": ""84"", ""currency"": ""ETB"", ""market_id"": ""471"", ""pricetype"": ""Retail"", ""unit"": ""100 KG""}",ETB,5,False
ETH,a3993c75ea85dfc872e95c59e95b7d7e63f9bbde10969a0acb48b1a396cdce86,"{""commodity"": ""Wheat"", ""commodity_id"": ""84"", ""currency"": ""ETB"", ""market_id"": ""472"", ""pricetype"": ""Retail"", ""unit"": ""100 KG""}",ETB,15,False
ETH,81c3f58166b500c22c7c71b41eeef258c33f32f23f2b4df3429f41117a1688a7,"{""commodity"": ""Wheat"", ""commodity_id"": ""84"", ""currency"": ""ETB"", ""market_id"": ""474"", ""pricetype"": ""Retail"", ""unit"": ""100 KG""}",ETB,0,False
ETH,39e3fbbb801c4082962ac549777cb559dcbee67fa54180c0fe9cf71688fd5af5,"{""commodity"": ""Wheat"", ""commodity_id"": ""84"", ""currency"": ""ETB"", ""market_id"": ""476"", ""pricetype"": ""Retail"", ""unit"": ""100 KG""}",ETB,10,False
ETH,5f6a865d6506177606e10a5d9c3793e0f4b939a814a21ede34208b0dd687251b,"{""commodity"": ""Wheat"", ""commodity_id"": ""84"", ""currency"": ""ETB"", ""market_id"": ""477"", ""pricetype"": ""Retail"", ""unit"": ""100 KG""}",ETB,5,False
ETH,2dfad3e2dbe60f9bcadfe71d48f8f264c5ffa6455e9b88f0c2568cfea3306ebd,"{""commodity"": ""Wheat"", ""commodity_id"": ""84"", ""currency"": ""ETB"", ""market_id"": ""478"", ""pricetype"": ""Retail"", ""unit"": ""100 KG""}",ETB,2,False
ETH,4bfae132676104e7a9e0a09cb31231ef18c9928036d3fb299fff7f933d3f1655,"{""commodity"": ""Wheat"", ""commodity_id"": ""84"", ""currency"": ""ETB"", ""market_id"": ""479"", ""pricetype"": ""Retail"", ""unit"": ""100 KG""}",ETB,45,True
ETH,c28d655329aa2e224c1ab89fb8d733eef2ffe3b78422e5c0441ed8be48c6243d,"{""commodity"": ""Wheat"", ""commodity_id"": ""84"", ""currency"": ""ETB"", ""market_id"": ""487"", ""pricetype"": ""Retail"", ""unit"": ""100 KG""}",ETB,0,False
ETH,2f6af305c6ef4028169773577e50b1dc424ba769a02a3b63f6ad75eca670b541,"{""commodity"": ""Wheat"", ""commodity_id"": ""84"", ""currency"": ""ETB"", ""market_id"": ""488"", ""pricetype"": ""Retail"", ""unit"": ""100 KG""}",ETB,0,False
ETH,09be05beee4962ab427f65a74125b06b759051313b1f47107c6faac18cd72934,"{""commodity"": ""Wheat"", ""commodity_id"": ""84"", ""currency"": ""ETB"", ""market_id"": ""489"", ""pricetype"": ""Retail"", ""unit"": ""100 KG""}",ETB,4,False
ETH,8bd0fef68638d734bbdbea54d74e031ee88f651d3625511f7b5b6c6199c65496,"{""commodity"": ""Wheat"", ""commodity_id"": ""84"", ""currency"": ""ETB"", ""market_id"": ""490"", ""pricetype"": ""Retail"", ""unit"": ""100 KG""}",ETB,0,False
ETH,9d8ad3dd21e533b71c7cf80e1f2a2e5ec438e6ee1ebd708b884892c4e0287367,"{""commodity"": ""Wheat"", ""commodity_id"": ""84"", ""currency"": ""ETB"", ""market_id"": ""492"", ""pricetype"": ""Retail"", ""unit"": ""100 KG""}",ETB,3,False
ETH,2216f48e29addc196c960419df5c772557caa0677c11db0b75c58671de5775e4,"{""commodity"": ""Wheat"", ""commodity_id"": ""84"", ""currency"": ""ETB"", ""market_id"": ""494"", ""pricetype"": ""Retail"", ""unit"": ""100 KG""}",ETB,4,False
ETH,c814ebe8a6458f3c3aadf34b233ef81c085f7728826b7c329fd0abf62ab7157d,"{""commodity"": ""Wheat"", ""commodity_id"": ""84"", ""currency"": ""ETB"", ""market_id"": ""496"", ""pricetype"": ""Retail"", ""unit"": ""100 KG""}",ETB,4,False
ETH,8563782e5d1a7975227924dc3a64832d88e505273b771a54551c375344a18255,"{""commodity"": ""Wheat"", ""commodity_id"": ""84"", ""currency"": ""ETB"", ""market_id"": ""497"", ""pricetype"": ""Retail"", ""unit"": ""100 KG""}",ETB,4,False
ETH,ae39fe2e1c99bf90d25c045b1083e4e0e3850f1e1e9d4eebd3624ddd668818a5,"{""commodity"": ""Wheat"", ""commodity_id"": ""84"", ""currency"": ""ETB"", ""market_id"": ""498"", ""pricetype"": ""Retail"", ""unit"": ""100 KG""}",ETB,1,False
ETH,41e45286c367899677b4556ec021c8fb4f3adcb1d50e76b925af6f7c3035a99d,"{""commodity"": ""Wheat"", ""commodity_id"": ""84"", ""currency"": ""ETB"", ""market_id"": ""506"", ""pricetype"": ""Retail"", ""unit"": ""100 KG""}",ETB,0,False
ETH,e4cbb2f0a6a64b87427139d73aed0b413161e97bbc772b1c635c509999cd11de,"{""commodity"": ""Wheat"", ""commodity_id"": ""84"", ""currency"": ""ETB"", ""market_id"": ""507"", ""pricetype"": ""Retail"", ""unit"": ""100 KG""}",ETB,43,True
ETH,8dc0e2fde55bf7cf5ad8322f48b5f86584cd6a243ed989244031b1d9fba9474c,"{""commodity"": ""Wheat"", ""commodity_id"": ""84"", ""currency"": ""ETB"", ""market_id"": ""508"", ""pricetype"": ""Retail"", ""unit"": ""100 KG""}",ETB,4,False
ETH,88ab5696d05cd5eae0190193d8fb801c35e76020989ca1ab2f5d18f3823d9864,"{""commodity"": ""Wheat"", ""commodity_id"": ""84"", ""currency"": ""ETB"", ""market_id"": ""509"", ""pricetype"": ""Retail"", ""unit"": ""100 KG""}",ETB,5,False
ETH,015b70f090a89dc7988ebc66ea546a2b95298e37779b8a36a8e2d8618712454f,"{""commodity"": ""Wheat"", ""commodity_id"": ""84"", ""currency"": ""ETB"", ""market_id"": ""510"", ""pricetype"": ""Retail"", ""unit"": ""100 KG""}",ETB,4,False
ETH,62a903b4a7cfca0c4599e13718746d2417ffc115f9bf617de3825a8969de62bf,"{""commodity"": ""Wheat"", ""commodity_id"": ""84"", ""currency"": ""ETB"", ""market_id"": ""511"", ""pricetype"": ""Retail"", ""unit"": ""100 KG""}",ETB,0,False
ETH,78f175d94990acfe9790aea8b47e0a64fc080f441f2973dc2567fe83c0601e20,"{""commodity"": ""Wheat"", ""commodity_id"": ""84"", ""currency"": ""ETB"", ""market_id"": ""513"", ""pricetype"": ""Retail"", ""unit"": ""100 KG""}",ETB,0,False
ETH,6829a3cb31f6c3d6a26c47dcf6aace2f38c83f3c57cd6e843cb61ee34708e894,"{""commodity"": ""Wheat"", ""commodity_id"": ""84"", ""currency"": ""ETB"", ""market_id"": ""514"", ""pricetype"": ""Retail"", ""unit"": ""100 KG""}",ETB,0,False
ETH,b8d793221445561fe7550e4eba85838c5d3cb795d170443e8f6f7d08e2778bd1,"{""commodity"": ""Wheat"", ""commodity_id"": ""84"", ""currency"": ""ETB"", ""market_id"": ""515"", ""pricetype"": ""Retail"", ""unit"": ""100 KG""}",ETB,0,False
ETH,b2041aed66363645ea0b4cf12e54fe1ca7f1dafcce94da01daeb027f28aee79f,"{""commodity"": ""Wheat"", ""commodity_id"": ""84"", ""currency"": ""ETB"", ""market_id"": ""516"", ""pricetype"": ""Retail"", ""unit"": ""100 KG""}",ETB,3,False
ETH,f3f7611efaa4c7e070bdc26c772aa943275e5875bd010cd76433748fe7e72bf4,"{""commodity"": ""Wheat"", ""commodity_id"": ""84"", ""currency"": ""ETB"", ""market_id"": ""517"", ""pricetype"": ""Retail"", ""unit"": ""100 KG""}",ETB,0,False
ETH,157ad15c0a67397c56a4fe3ebdcfdeb08a52a739730b8c47272c9503aa3823a3,"{""commodity"": ""Wheat"", ""commodity_id"": ""84"", ""currency"": ""ETB"", ""market_id"": ""7548"", ""pricetype"": ""Retail"", ""unit"": ""100 KG""}",ETB,0,False
ETH,fec00e25ce056202c5b73400343e02d43a558bfd1cbf94fb46fa1235cc5e0553,"{""commodity"": ""Wheat"", ""commodity_id"": ""84"", ""currency"": ""ETB"", ""market_id"": ""7562"", ""pricetype"": ""Retail"", ""unit"": ""100 KG""}",ETB,0,False
ETH,8ffbb296548a0710a87f5604b135077949e22f1014fd2a642d896d48b3ee6374,"{""commodity"": ""Wheat"", ""commodity_id"": ""84"", ""currency"": ""ETB"", ""market_id"": ""7569"", ""pricetype"": ""Retail"", ""unit"": ""100 KG""}",ETB,0,False
ETH,b3904743abd24a8508d333d7f0876e077489e52d2fdf281ec480c596332e2001,"{""commodity"": ""Wheat"", ""commodity_id"": ""84"", ""currency"": ""ETB"", ""market_id"": ""7574"", ""pricetype"": ""Retail"", ""unit"": ""100 KG""}",ETB,0,False
ETH,0b47da8b6e8414d35a9dcc5e7a795e7401b2d99a33359cf32e513075aee883a0,"{""commodity"": ""Wheat"", ""commodity_id"": ""84"", ""currency"": ""ETB"", ""market_id"": ""7576"", ""pricetype"": ""Retail"", ""unit"": ""100 KG""}",ETB,0,False
ETH,fb1cb78f9ccb84b621d71f5cf1068515f905ca5792b913a3aaa396bbacb0d5c9,"{""commodity"": ""Wheat"", ""commodity_id"": ""84"", ""currency"": ""ETB"", ""market_id"": ""7577"", ""pricetype"": ""Retail"", ""unit"": ""100 KG""}",ETB,0,False
ETH,2ca05107d7cc11b94e1cd57ceb43e3ef657dfe66ad5da88fa7467e6ce8dde630,"{""commodity"": ""Wheat"", ""commodity_id"": ""84"", ""currency"": ""ETB"", ""market_id"": ""856"", ""pricetype"": ""Retail"", ""unit"": ""100 KG""}",ETB,1,False
LBN,8208993d81717e5dbe505781629cb1d6db4c9fc658db5a8739448307f2028c87,"{""commodity"": ""Oil (sunflower)"", ""commodity_id"": ""184"", ""currency"": ""LBP"", ""market_id"": ""10076"", ""pricetype"": ""Retail"", ""unit"": ""5 L""}",LBP,0,False
LBN,c8addc24c8e9fc826f03c93c691f7aa3f76d54c386815c92f76c919de209c5c5,"{""commodity"": ""Oil (sunflower)"", ""commodity_id"": ""184"", ""currency"": ""LBP"", ""market_id"": ""1684"", ""pricetype"": ""Retail"", ""unit"": ""5 L""}",LBP,52,True
LBN,0fd10b2b678cfba6a4a06bbbd71e3af5bc9ae668b686985a9d81a0d2ac9117b5,"{""commodity"": ""Oil (sunflower)"", ""commodity_id"": ""184"", ""currency"": ""LBP"", ""market_id"": ""1685"", ""pricetype"": ""Retail"", ""unit"": ""5 L""}",LBP,49,True
LBN,b7aa17d3e5a9b19b356f86df6c0f980c767a54251c0f969eb260fe2e7e88ff86,"{""commodity"": ""Oil (sunflower)"", ""commodity_id"": ""184"", ""currency"": ""LBP"", ""market_id"": ""1686"", ""pricetype"": ""Retail"", ""unit"": ""5 L""}",LBP,51,True
LBN,ec1e7d9e24d9a3a945013c00056215c319f8f76513677e3f029838aeccc5daa2,"{""commodity"": ""Oil (sunflower)"", ""commodity_id"": ""184"", ""currency"": ""LBP"", ""market_id"": ""1687"", ""pricetype"": ""Retail"", ""unit"": ""5 L""}",LBP,43,True
LBN,24015cfec636160ab1520b84aeea384a4972b757f736b4e5c266ad9903546abf,"{""commodity"": ""Oil (sunflower)"", ""commodity_id"": ""184"", ""currency"": ""LBP"", ""market_id"": ""1688"", ""pricetype"": ""Retail"", ""unit"": ""5 L""}",LBP,13,False
LBN,12728aa53c7fb8b36fa207feff3f58387fda4f8d42e7a41a4a96cb29cf13f8f4,"{""commodity"": ""Oil (sunflower)"", ""commodity_id"": ""184"", ""currency"": ""LBP"", ""market_id"": ""1689"", ""pricetype"": ""Retail"", ""unit"": ""5 L""}",LBP,19,False
LBN,8f9738e9de82003b1c4e9dc0ba11204ad82d2adeb53b25dcdfacb9ed6aeacff7,"{""commodity"": ""Oil (sunflower)"", ""commodity_id"": ""184"", ""currency"": ""LBP"", ""market_id"": ""1690"", ""pricetype"": ""Retail"", ""unit"": ""5 L""}",LBP,39,True
LBN,c180aa5cf071f3af928091d1ba435160aebe4ad4a6285a94f01a28669ebe61ea,"{""commodity"": ""Oil (sunflower)"", ""commodity_id"": ""184"", ""currency"": ""LBP"", ""market_id"": ""1691"", ""pricetype"": ""Retail"", ""unit"": ""5 L""}",LBP,4,False
LBN,a9e66f2b6473294beb714327d854463e80cf5acdaf313551c8f3c387c9750a05,"{""commodity"": ""Oil (sunflower)"", ""commodity_id"": ""184"", ""currency"": ""LBP"", ""market_id"": ""1692"", ""pricetype"": ""Retail"", ""unit"": ""5 L""}",LBP,49,True
LBN,75996290a85ae4fa044611f3ebcfd9bf694b4a3f83bee938ab0becfc1a0dc40a,"{""commodity"": ""Oil (sunflower)"", ""commodity_id"": ""184"", ""currency"": ""LBP"", ""market_id"": ""1693"", ""pricetype"": ""Retail"", ""unit"": ""5 L""}",LBP,21,False
LBN,418f9b43dc8ef9ff79899176d0a6d1e39b906228697b798d735e27a2d3020850,"{""commodity"": ""Oil (sunflower)"", ""commodity_id"": ""184"", ""currency"": ""LBP"", ""market_id"": ""1694"", ""pricetype"": ""Retail"", ""unit"": ""5 L""}",LBP,6,False
LBN,36bcd60849195590e4353cf85b475115d3781c9ba11c9460f2d00576cc10fccc,"{""commodity"": ""Oil (sunflower)"", ""commodity_id"": ""184"", ""currency"": ""LBP"", ""market_id"": ""1695"", ""pricetype"": ""Retail"", ""unit"": ""5 L""}",LBP,10,False
LBN,9852b7fefdd277df9abc806edb00f53d13c65a64d7c013feb422c2ae71455b1e,"{""commodity"": ""Oil (sunflower)"", ""commodity_id"": ""184"", ""currency"": ""LBP"", ""market_id"": ""1696"", ""pricetype"": ""Retail"", ""unit"": ""5 L""}",LBP,26,True
LBN,b974824c5fd02e79bad541af9a122cb4da7bcbf60e1c5682d0336a1cebbd2ef9,"{""commodity"": ""Oil (sunflower)"", ""commodity_id"": ""184"", ""currency"": ""LBP"", ""market_id"": ""1697"", ""pricetype"": ""Retail"", ""unit"": ""5 L""}",LBP,0,False
LBN,781ff24c133b8b949952b4cfd1e2eec1433d451edc5d2885ede96d587e9cd603,"{""commodity"": ""Oil (sunflower)"", ""commodity_id"": ""184"", ""currency"": ""LBP"", ""market_id"": ""1698"", ""pricetype"": ""Retail"", ""unit"": ""5 L""}",LBP,13,False
LBN,44d19fe83613afd87961a334c237f7d63780014e8b34f6b2431524f3771fbdd1,"{""commodity"": ""Oil (sunflower)"", ""commodity_id"": ""184"", ""currency"": ""LBP"", ""market_id"": ""1699"", ""pricetype"": ""Retail"", ""unit"": ""5 L""}",LBP,9,False
LBN,73e003a084b6af7d36ff7610136fad0c63393debad8406b0ef768b00c54fc75b,"{""commodity"": ""Oil (sunflower)"", ""commodity_id"": ""184"", ""currency"": ""LBP"", ""market_id"": ""1700"", ""pricetype"": ""Retail"", ""unit"": ""5 L""}",LBP,8,False
LBN,b57e6b744bf4f08b618f420dfbb7759b2ae106a8281616e0c9c0d4adcbc8866b,"{""commodity"": ""Oil (sunflower)"", ""commodity_id"": ""184"", ""currency"": ""LBP"", ""market_id"": ""1701"", ""pricetype"": ""Retail"", ""unit"": ""5 L""}",LBP,48,True
LBN,603a9659e2a75bcda51301c811ae147c8e04e8bb14b1c2fed5175f34f968bf26,"{""commodity"": ""Oil (sunflower)"", ""commodity_id"": ""184"", ""currency"": ""LBP"", ""market_id"": ""1702"", ""pricetype"": ""Retail"", ""unit"": ""5 L""}",LBP,52,True
LBN,d6299cfc6210981184d90596a32ecc723c3e6bc3fc1ebfc9bf6f9a7965b89bb2,"{""commodity"": ""Oil (sunflower)"", ""commodity_id"": ""184"", ""currency"": ""LBP"", ""market_id"": ""1703"", ""pricetype"": ""Retail"", ""unit"": ""5 L""}",LBP,10,False
LBN,0988ea6674e3b09ad245fe2594f539ae117a097e23d86f21a998848d30389ee8,"{""commodity"": ""Oil (sunflower)"", ""commodity_id"": ""184"", ""currency"": ""LBP"", ""market_id"": ""1704"", ""pricetype"": ""Retail"", ""unit"": ""5 L""}",LBP,52,True
LBN,16e6b71a5e5c6469a6732e8542b5ff58dbe61d1c815ececdfe55272a32a262e0,"{""commodity"": ""Oil (sunflower)"", ""commodity_id"": ""184"", ""currency"": ""LBP"", ""market_id"": ""1705"", ""pricetype"": ""Retail"", ""unit"": ""5 L""}",LBP,52,True
LBN,6e0b775bfd842397a7bc51e48ec51ffe893b69db5d4451de627a2e87fb8e6e50,"{""commodity"": ""Oil (sunflower)"", ""commodity_id"": ""184"", ""currency"": ""LBP"", ""market_id"": ""1706"", ""pricetype"": ""Retail"", ""unit"": ""5 L""}",LBP,22,False
LBN,dbbd181b42cf1edb25c64f4ae9c03f14a71a872cdf8cf48ecb8be27a6fd384bb,"{""commodity"": ""Oil (sunflower)"", ""commodity_id"": ""184"", ""currency"": ""LBP"", ""market_id"": ""1707"", ""pricetype"": ""Retail"", ""unit"": ""5 L""}",LBP,41,True
LBN,05d217a4a9cb6e1f3a19777be7033f31235cfe4cc35d1b105bab5e85202261d5,"{""commodity"": ""Oil (sunflower)"", ""commodity_id"": ""184"", ""currency"": ""LBP"", ""market_id"": ""1708"", ""pricetype"": ""Retail"", ""unit"": ""5 L""}",LBP,52,True
LBN,8f012c890023e0ab348a1b83b0fbfdd554b8551fe8a6a20f3d0596bd877f14c4,"{""commodity"": ""Oil (sunflower)"", ""commodity_id"": ""184"", ""currency"": ""LBP"", ""market_id"": ""1709"", ""pricetype"": ""Retail"", ""unit"": ""5 L""}",LBP,29,True
LBN,89d1ec253d35249f9f5c9987e88c1547e896c26f761911819cafd04544eb13d7,"{""commodity"": ""Rice (imported, Egyptian)"", ""commodity_id"": ""316"", ""currency"": ""LBP"", ""market_id"": ""10076"", ""pricetype"": ""Retail"", ""unit"": ""900 G""}",LBP,0,False
LBN,109b1c284d0c45e53118acff7410570e396a5076a080f3798dc39f673196032a,"{""commodity"": ""Rice (imported, Egyptian)"", ""commodity_id"": ""316"", ""currency"": ""LBP"", ""market_id"": ""1684"", ""pricetype"": ""Retail"", ""unit"": ""900 G""}",LBP,0,False
LBN,7d48a0e761b949853f2ddc33dc614bafb8e4acbf15f3bc266c83a4697013653c,"{""commodity"": ""Rice (imported, Egyptian)"", ""commodity_id"": ""316"", ""currency"": ""LBP"", ""market_id"": ""1685"", ""pricetype"": ""Retail"", ""unit"": ""900 G""}",LBP,0,False
LBN,845a976368a1a8db909b1902a0cced137823d7f53d787ebecf5e9f0fb825174f,"{""commodity"": ""Rice (imported, Egyptian)"", ""commodity_id"": ""316"", ""currency"": ""LBP"", ""market_id"": ""1686"", ""pricetype"": ""Retail"", ""unit"": ""900 G""}",LBP,0,False
LBN,c2381eb0f2f61b18f5bebe9589c0bda57ecd962872a4af158894986e1c7cb035,"{""commodity"": ""Rice (imported, Egyptian)"", ""commodity_id"": ""316"", ""currency"": ""LBP"", ""market_id"": ""1687"", ""pricetype"": ""Retail"", ""unit"": ""900 G""}",LBP,0,False
LBN,0e6bbebff3618545a303cd0f8c85919ab007f59f92aed35ee0f986c033a050e4,"{""commodity"": ""Rice (imported, Egyptian)"", ""commodity_id"": ""316"", ""currency"": ""LBP"", ""market_id"": ""1688"", ""pricetype"": ""Retail"", ""unit"": ""900 G""}",LBP,0,False
LBN,a5ecacd8fc3f11a356f9352d62cf009e612c95e65105a51b7e713bd987d64e2a,"{""commodity"": ""Rice (imported, Egyptian)"", ""commodity_id"": ""316"", ""currency"": ""LBP"", ""market_id"": ""1689"", ""pricetype"": ""Retail"", ""unit"": ""900 G""}",LBP,0,False
LBN,f976d97d9cba098aec41a084259f8319a0c6a859ae6a31f575e973184910f4bd,"{""commodity"": ""Rice (imported, Egyptian)"", ""commodity_id"": ""316"", ""currency"": ""LBP"", ""market_id"": ""1690"", ""pricetype"": ""Retail"", ""unit"": ""900 G""}",LBP,0,False
LBN,19ba7981b9fb765f21424ba15206cfffe80c2dcb4e85a28c752dfae9fb3243fb,"{""commodity"": ""Rice (imported, Egyptian)"", ""commodity_id"": ""316"", ""currency"": ""LBP"", ""market_id"": ""1691"", ""pricetype"": ""Retail"", ""unit"": ""900 G""}",LBP,0,False
LBN,66eba1ed28ad75e50b5227bbe04b0ba1139168cb2c69277758b1f1eb10f2f286,"{""commodity"": ""Rice (imported, Egyptian)"", ""commodity_id"": ""316"", ""currency"": ""LBP"", ""market_id"": ""1692"", ""pricetype"": ""Retail"", ""unit"": ""900 G""}",LBP,0,False
LBN,5dc14ec47b32a25ab2528217cab56bf2ca552390092577fc38a15347b5e7c30c,"{""commodity"": ""Rice (imported, Egyptian)"", ""commodity_id"": ""316"", ""currency"": ""LBP"", ""market_id"": ""1693"", ""pricetype"": ""Retail"", ""unit"": ""900 G""}",LBP,0,False
LBN,7e2816127fd5bcd9fbcec0755749c9e669196c623a310543d08adb85c56636aa,"{""commodity"": ""Rice (imported, Egyptian)"", ""commodity_id"": ""316"", ""currency"": ""LBP"", ""market_id"": ""1694"", ""pricetype"": ""Retail"", ""unit"": ""900 G""}",LBP,0,False
LBN,eb3f3b6a05d9598b49c7cb5d95a98e54790fc1eaa3f7efc98377f23ac74b6e29,"{""commodity"": ""Rice (imported, Egyptian)"", ""commodity_id"": ""316"", ""currency"": ""LBP"", ""market_id"": ""1695"", ""pricetype"": ""Retail"", ""unit"": ""900 G""}",LBP,0,False
LBN,7184853c2cbf31f2b3a4f6988ec16b91a7101d446b7a55d541faa205d95d9fc9,"{""commodity"": ""Rice (imported, Egyptian)"", ""commodity_id"": ""316"", ""currency"": ""LBP"", ""market_id"": ""1696"", ""pricetype"": ""Retail"", ""unit"": ""900 G""}",LBP,0,False
LBN,d91aa2f2481382451991073452456b8d8c466f7c0a22cb752dc26a496285324f,"{""commodity"": ""Rice (imported, Egyptian)"", ""commodity_id"": ""316"", ""currency"": ""LBP"", ""market_id"": ""1697"", ""pricetype"": ""Retail"", ""unit"": ""900 G""}",LBP,0,False
LBN,cf23392fe1f7f5fa6f95d28d5b51676e73d1af3de170dd1f790e7c716af1d11f,"{""commodity"": ""Rice (imported, Egyptian)"", ""commodity_id"": ""316"", ""currency"": ""LBP"", ""market_id"": ""1698"", ""pricetype"": ""Retail"", ""unit"": ""900 G""}",LBP,0,False
LBN,a12f8ae5e24af5a6e652b032d72c84066afcdf52ed9b670260b6100eedeca925,"{""commodity"": ""Rice (imported, Egyptian)"", ""commodity_id"": ""316"", ""currency"": ""LBP"", ""market_id"": ""1699"", ""pricetype"": ""Retail"", ""unit"": ""900 G""}",LBP,0,False
LBN,b232e6d4207fe48094427bd0bf8ec8d7881ca707d1f9d34e5ddaf64c7c6c4106,"{""commodity"": ""Rice (imported, Egyptian)"", ""commodity_id"": ""316"", ""currency"": ""LBP"", ""market_id"": ""1700"", ""pricetype"": ""Retail"", ""unit"": ""900 G""}",LBP,0,False
LBN,116d476e26e2f646d1a3697d7e1b01f398253f225e3be022bedc84799e920b48,"{""commodity"": ""Rice (imported, Egyptian)"", ""commodity_id"": ""316"", ""currency"": ""LBP"", ""market_id"": ""1701"", ""pricetype"": ""Retail"", ""unit"": ""900 G""}",LBP,0,False
LBN,700b5b7d5be5f0ceaefb97eee08a5964116ac7aaa41ee4ca3042df0abf889aee,"{""commodity"": ""Rice (imported, Egyptian)"", ""commodity_id"": ""316"", ""currency"": ""LBP"", ""market_id"": ""1702"", ""pricetype"": ""Retail"", ""unit"": ""900 G""}",LBP,0,False
LBN,e07c3dab9c23f740c29a451a364872ad3ed6c30d79cfe76dfe3084f253c4a2a4,"{""commodity"": ""Rice (imported, Egyptian)"", ""commodity_id"": ""316"", ""currency"": ""LBP"", ""market_id"": ""1703"", ""pricetype"": ""Retail"", ""unit"": ""900 G""}",LBP,0,False
LBN,16578201ad8b56192560944cbb460eb15009523a5082e306f1b5dd29e2997862,"{""commodity"": ""Rice (imported, Egyptian)"", ""commodity_id"": ""316"", ""currency"": ""LBP"", ""market_id"": ""1704"", ""pricetype"": ""Retail"", ""unit"": ""900 G""}",LBP,0,False
LBN,4a42a3dbc7d39782bad3496b22a7cefe819849fdab17d1af4facd15d2cb2c516,"{""commodity"": ""Rice (imported, Egyptian)"", ""commodity_id"": ""316"", ""currency"": ""LBP"", ""market_id"": ""1705"", ""pricetype"": ""Retail"", ""unit"": ""900 G""}",LBP,0,False
LBN,88198233e6a59b5a7f85542eb8f62c3a1b822689e47c0e38cd84d6b8996a2e05,"{""commodity"": ""Rice (imported, Egyptian)"", ""commodity_id"": ""316"", ""currency"": ""LBP"", ""market_id"": ""1706"", ""pricetype"": ""Retail"", ""unit"": ""900 G""}",LBP,0,False
LBN,7d04a0c430d4f20c723c730958ec5d33cadf82eeda7d35892804125fc1c9d590,"{""commodity"": ""Rice (imported, Egyptian)"", ""commodity_id"": ""316"", ""currency"": ""LBP"", ""market_id"": ""1707"", ""pricetype"": ""Retail"", ""unit"": ""900 G""}",LBP,0,False
LBN,55368efefeeb77ae252e08f26df43c7e2c1ecfa028d274e9e853edb2af6358a2,"{""commodity"": ""Rice (imported, Egyptian)"", ""commodity_id"": ""316"", ""currency"": ""LBP"", ""market_id"": ""1708"", ""pricetype"": ""Retail"", ""unit"": ""900 G""}",LBP,0,False
LBN,fee354ef1cbb92a43769fd27a5eb2fd7b377b9af46642d4135081a1cd4233572,"{""commodity"": ""Rice (imported, Egyptian)"", ""commodity_id"": ""316"", ""currency"": ""LBP"", ""market_id"": ""1709"", ""pricetype"": ""Retail"", ""unit"": ""900 G""}",LBP,0,False
LBN,668036e704a45b8e2c3809be882ef56efadeae71b5f98844b817202d3392b1a9,"{""commodity"": ""Wheat flour"", ""commodity_id"": ""58"", ""currency"": ""LBP"", ""market_id"": ""10076"", ""pricetype"": ""Retail"", ""unit"": ""900 G""}",LBP,0,False
LBN,dea4beb72bc7bd6be1a04b8cec2b83bca996e4a6418b9e017c94b0001f8bd086,"{""commodity"": ""Wheat flour"", ""commodity_id"": ""58"", ""currency"": ""LBP"", ""market_id"": ""1684"", ""pricetype"": ""Retail"", ""unit"": ""900 G""}",LBP,0,False
LBN,70b05db664ebc74e1fee598df84b17cc3fa60ae304ac01fd17acda17328b0ef3,"{""commodity"": ""Wheat flour"", ""commodity_id"": ""58"", ""currency"": ""LBP"", ""market_id"": ""1685"", ""pricetype"": ""Retail"", ""unit"": ""900 G""}",LBP,0,False
LBN,37fc3b0d55d7290fb9cbd75bc1412d7964a73219056eeaf1651aaefde5a2fdeb,"{""commodity"": ""Wheat flour"", ""commodity_id"": ""58"", ""currency"": ""LBP"", ""market_id"": ""1686"", ""pricetype"": ""Retail"", ""unit"": ""900 G""}",LBP,0,False
LBN,c597fdba50acd954888e73260eaff7c12291def1e5cc15c37fa1bfe00ab13cb8,"{""commodity"": ""Wheat flour"", ""commodity_id"": ""58"", ""currency"": ""LBP"", ""market_id"": ""1687"", ""pricetype"": ""Retail"", ""unit"": ""900 G""}",LBP,0,False
LBN,88116c605fef206fa05c80e4bf97194e6bcfe507cacdf4ce03fb448714b664c3,"{""commodity"": ""Wheat flour"", ""commodity_id"": ""58"", ""currency"": ""LBP"", ""market_id"": ""1688"", ""pricetype"": ""Retail"", ""unit"": ""900 G""}",LBP,0,False
LBN,78c3f4868dc52e1055d49dccbeba8b450f848412ef29c3e248d1d1b23e879945,"{""commodity"": ""Wheat flour"", ""commodity_id"": ""58"", ""currency"": ""LBP"", ""market_id"": ""1689"", ""pricetype"": ""Retail"", ""unit"": ""900 G""}",LBP,0,False
LBN,c4fd7e7984ad8d63639c0aed07bd6883f7f27565667b3499935b6b3ba0bebba2,"{""commodity"": ""Wheat flour"", ""commodity_id"": ""58"", ""currency"": ""LBP"", ""market_id"": ""1690"", ""pricetype"": ""Retail"", ""unit"": ""900 G""}",LBP,0,False
LBN,6bc4faf51c34ab11aee0e0a52d1c24edb67761693c175c416c3f790b12bc89ed,"{""commodity"": ""Wheat flour"", ""commodity_id"": ""58"", ""currency"": ""LBP"", ""market_id"": ""1691"", ""pricetype"": ""Retail"", ""unit"": ""900 G""}",LBP,0,False
LBN,bef3970916589ea28f5a7a9d6bc08fed93000d072910121b19ae36ed46c65fa8,"{""commodity"": ""Wheat flour"", ""commodity_id"": ""58"", ""currency"": ""LBP"", ""market_id"": ""1692"", ""pricetype"": ""Retail"", ""unit"": ""900 G""}",LBP,0,False
LBN,e2c05939159e18450abb382b2e2160af1738223cd2985f6bedc7430ba0aa6ffb,"{""commodity"": ""Wheat flour"", ""commodity_id"": ""58"", ""currency"": ""LBP"", ""market_id"": ""1693"", ""pricetype"": ""Retail"", ""unit"": ""900 G""}",LBP,0,False
LBN,ee6f6b065d5d47760585e2457627c214317522627f3806100d0ce6a5a232dda9,"{""commodity"": ""Wheat flour"", ""commodity_id"": ""58"", ""currency"": ""LBP"", ""market_id"": ""1694"", ""pricetype"": ""Retail"", ""unit"": ""900 G""}",LBP,0,False
LBN,0656e8c83fb83f0818ef520ac39319abfc93cfb8a98670ba60fd3a2358455f13,"{""commodity"": ""Wheat flour"", ""commodity_id"": ""58"", ""currency"": ""LBP"", ""market_id"": ""1695"", ""pricetype"": ""Retail"", ""unit"": ""900 G""}",LBP,0,False
LBN,4fb79fed7626ad89fd9e85bcd670bf5a3da76a9ee32206e014358e8ad8a54705,"{""commodity"": ""Wheat flour"", ""commodity_id"": ""58"", ""currency"": ""LBP"", ""market_id"": ""1696"", ""pricetype"": ""Retail"", ""unit"": ""900 G""}",LBP,0,False
LBN,671f3853e4f7b8828187a291f05acb342a1ba824d1d25506512e178730193d8a,"{""commodity"": ""Wheat flour"", ""commodity_id"": ""58"", ""currency"": ""LBP"", ""market_id"": ""1697"", ""pricetype"": ""Retail"", ""unit"": ""900 G""}",LBP,0,False
LBN,b1ba57950d3c400f6b6fa4f8ac763e0cd8c9817aa39f5a25082337407b6bfff6,"{""commodity"": ""Wheat flour"", ""commodity_id"": ""58"", ""currency"": ""LBP"", ""market_id"": ""1698"", ""pricetype"": ""Retail"", ""unit"": ""900 G""}",LBP,0,False
LBN,0a392d75dac3af6a6154ff0333143ae1b1e51d2da2b87dc8fe2e3e6a64695252,"{""commodity"": ""Wheat flour"", ""commodity_id"": ""58"", ""currency"": ""LBP"", ""market_id"": ""1699"", ""pricetype"": ""Retail"", ""unit"": ""900 G""}",LBP,0,False
LBN,6e09d51598046db207e649bf52447d62554c7ceab7fabc9c2701b3511935cfee,"{""commodity"": ""Wheat flour"", ""commodity_id"": ""58"", ""currency"": ""LBP"", ""market_id"": ""1700"", ""pricetype"": ""Retail"", ""unit"": ""900 G""}",LBP,0,False
LBN,cc577f1c7f840d5625fbdbcdbcf5477a7c9a701faa76be2cc61bf98811ceeb8d,"{""commodity"": ""Wheat flour"", ""commodity_id"": ""58"", ""currency"": ""LBP"", ""market_id"": ""1701"", ""pricetype"": ""Retail"", ""unit"": ""900 G""}",LBP,0,False
LBN,d28912601f53d1919215391d640307fd6a383d82bcb9c9962badc771e06568fd,"{""commodity"": ""Wheat flour"", ""commodity_id"": ""58"", ""currency"": ""LBP"", ""market_id"": ""1702"", ""pricetype"": ""Retail"", ""unit"": ""900 G""}",LBP,0,False
LBN,670b8ce744dfda8af2a7598897a2f91a8d7e9f34a3faeee80096b7fab99add35,"{""commodity"": ""Wheat flour"", ""commodity_id"": ""58"", ""currency"": ""LBP"", ""market_id"": ""1703"", ""pricetype"": ""Retail"", ""unit"": ""900 G""}",LBP,0,False
LBN,47d6b7aeea0efe8098004b3dbfe74aaba5d13169af1c8439c71614196a1752f7,"{""commodity"": ""Wheat flour"", ""commodity_id"": ""58"", ""currency"": ""LBP"", ""market_id"": ""1704"", ""pricetype"": ""Retail"", ""unit"": ""900 G""}",LBP,0,False
LBN,9892d3bd4eed3443b7a928a86f5c7b5b97d87038cc9f33d9f457f449b695482e,"{""commodity"": ""Wheat flour"", ""commodity_id"": ""58"", ""currency"": ""LBP"", ""market_id"": ""1705"", ""pricetype"": ""Retail"", ""unit"": ""900 G""}",LBP,0,False
LBN,13b837bc9767512e3348ea5c8359c94fa4de052bac76250438dfa7a4ede85142,"{""commodity"": ""Wheat flour"", ""commodity_id"": ""58"", ""currency"": ""LBP"", ""market_id"": ""1706"", ""pricetype"": ""Retail"", ""unit"": ""900 G""}",LBP,0,False
LBN,87485e86d2ee508a0bfa58de7339a2d529feb48469be8eb37194cc3621fc7d8e,"{""commodity"": ""Wheat flour"", ""commodity_id"": ""58"", ""currency"": ""LBP"", ""market_id"": ""1707"", ""pricetype"": ""Retail"", ""unit"": ""900 G""}",LBP,0,False
LBN,f007ba3c3b8156aff8af860614b4c06cef27689beafe85678ec42191109ca797,"{""commodity"": ""Wheat flour"", ""commodity_id"": ""58"", ""currency"": ""LBP"", ""market_id"": ""1708"", ""pricetype"": ""Retail"", ""unit"": ""900 G""}",LBP,0,False
LBN,ac42f5185879b357e62cacd2c9df03eb44c821c94582d54c9de76ec26204d7c3,"{""commodity"": ""Wheat flour"", ""commodity_id"": ""58"", ""currency"": ""LBP"", ""market_id"": ""1709"", ""pricetype"": ""Retail"", ""unit"": ""900 G""}",LBP,0,False
PSE,3b9e02cf5b31409ddd77f16d0baf149387479ba6720bb987cc8bae4837f75736,"{""commodity"": ""Oil (maize)"", ""commodity_id"": ""362"", ""currency"": ""ILS"", ""market_id"": ""1996"", ""pricetype"": ""Retail"", ""unit"": ""3 L""}",ILS,60,True
PSE,f29d77a4d7feea8054a5670be34b0bc45b810ded73ab51349c3212bd9d32a342,"{""commodity"": ""Oil (maize)"", ""commodity_id"": ""362"", ""currency"": ""ILS"", ""market_id"": ""1997"", ""pricetype"": ""Retail"", ""unit"": ""3 L""}",ILS,60,True
PSE,b0e859466b6491d943b1dcd7c7c121f585b0f0c8d64d7a053d5e55053393af7b,"{""commodity"": ""Oil (maize)"", ""commodity_id"": ""362"", ""currency"": ""ILS"", ""market_id"": ""1998"", ""pricetype"": ""Retail"", ""unit"": ""3 L""}",ILS,60,True
PSE,8c912fdd851186870d67daceadfac49223f390818af96429ca6e5443a0f91713,"{""commodity"": ""Oil (maize)"", ""commodity_id"": ""362"", ""currency"": ""ILS"", ""market_id"": ""1999"", ""pricetype"": ""Retail"", ""unit"": ""3 L""}",ILS,60,True
PSE,ce0d29cdd30fd73f710e76eae3a6e62eed822b34a1b2334bf3dcba86cd080853,"{""commodity"": ""Oil (maize)"", ""commodity_id"": ""362"", ""currency"": ""ILS"", ""market_id"": ""2001"", ""pricetype"": ""Retail"", ""unit"": ""3 L""}",ILS,60,True
PSE,e68e863bef083d5bcaaeffcc98261713ad6c632ecc522f44381455a8fb58aeb5,"{""commodity"": ""Oil (maize)"", ""commodity_id"": ""362"", ""currency"": ""ILS"", ""market_id"": ""2002"", ""pricetype"": ""Retail"", ""unit"": ""3 L""}",ILS,60,True
PSE,712e8d74aea85736f8d136cae99f72d746c7dee2af781c91aef84b9dbb87ec57,"{""commodity"": ""Oil (maize)"", ""commodity_id"": ""362"", ""currency"": ""ILS"", ""market_id"": ""2004"", ""pricetype"": ""Retail"", ""unit"": ""3 L""}",ILS,60,True
PSE,ed7bd1476af4e44f73ee6384bfb4046cc1692c4b46af4e81b673749d69a27670,"{""commodity"": ""Oil (maize)"", ""commodity_id"": ""362"", ""currency"": ""ILS"", ""market_id"": ""2005"", ""pricetype"": ""Retail"", ""unit"": ""3 L""}",ILS,60,True
PSE,5eeda017d285f8d48f776888800a111637d4ad6f61c576edf2dab7f7a7342a2a,"{""commodity"": ""Oil (maize)"", ""commodity_id"": ""362"", ""currency"": ""ILS"", ""market_id"": ""2006"", ""pricetype"": ""Retail"", ""unit"": ""3 L""}",ILS,60,True
PSE,31615850331d3dc6f5be6f0933b588838b48184b6fd7100a39eba608272b678d,"{""commodity"": ""Oil (maize)"", ""commodity_id"": ""362"", ""currency"": ""ILS"", ""market_id"": ""2007"", ""pricetype"": ""Retail"", ""unit"": ""3 L""}",ILS,60,True
PSE,4fff515fd354a9b86d87971d0524730467cb6078a222435cbe9bdcd683ba47b9,"{""commodity"": ""Oil (maize)"", ""commodity_id"": ""362"", ""currency"": ""ILS"", ""market_id"": ""2010"", ""pricetype"": ""Retail"", ""unit"": ""3 L""}",ILS,34,True
PSE,241090e1e73c8411c102311c168f0035389c5660d792f851a75b491e5f3e0400,"{""commodity"": ""Oil (maize)"", ""commodity_id"": ""362"", ""currency"": ""ILS"", ""market_id"": ""8215"", ""pricetype"": ""Retail"", ""unit"": ""3 L""}",ILS,0,False
PSE,419de627bdf735c67dd7f2ae92e58423640c069204cc805403f5924c557ca73e,"{""commodity"": ""Oil (maize)"", ""commodity_id"": ""362"", ""currency"": ""ILS"", ""market_id"": ""8216"", ""pricetype"": ""Retail"", ""unit"": ""3 L""}",ILS,0,False
PSE,3cb1c802e69d1594d474530e95cb23bd924f53bf5f4a969850d49ffd82b83f67,"{""commodity"": ""Oil (olive)"", ""commodity_id"": ""239"", ""currency"": ""ILS"", ""market_id"": ""1996"", ""pricetype"": ""Retail"", ""unit"": ""KG""}",ILS,36,True
PSE,f08858794a70ea992cec010cc28fef852d00a95683360b09830caecf73053a12,"{""commodity"": ""Oil (olive)"", ""commodity_id"": ""239"", ""currency"": ""ILS"", ""market_id"": ""1997"", ""pricetype"": ""Retail"", ""unit"": ""KG""}",ILS,36,True
PSE,4cdde93f15ec68b24eac6f5d55f5f7b23c7531c66eeef09d5cff8d2e13a353f4,"{""commodity"": ""Oil (olive)"", ""commodity_id"": ""239"", ""currency"": ""ILS"", ""market_id"": ""1998"", ""pricetype"": ""Retail"", ""unit"": ""KG""}",ILS,36,True
PSE,ebab2229330d3313042b8ef9bdaa9511155836f1a413df08f60a732fbc5600e2,"{""commodity"": ""Oil (olive)"", ""commodity_id"": ""239"", ""currency"": ""ILS"", ""market_id"": ""1999"", ""pricetype"": ""Retail"", ""unit"": ""KG""}",ILS,36,True
PSE,49e7f6f4cb525c6af6645ce649b35d4a49da9f78fd9d78181301bc12e04a0481,"{""commodity"": ""Oil (olive)"", ""commodity_id"": ""239"", ""currency"": ""ILS"", ""market_id"": ""2001"", ""pricetype"": ""Retail"", ""unit"": ""KG""}",ILS,36,True
PSE,afd16a2b714e5655040018d5f836e63c90a058e4f0f5513adcaf1433ee9eabba,"{""commodity"": ""Oil (olive)"", ""commodity_id"": ""239"", ""currency"": ""ILS"", ""market_id"": ""2002"", ""pricetype"": ""Retail"", ""unit"": ""KG""}",ILS,36,True
PSE,b9ea14091e68a687a7ac9ca6ada7142b2efd8255e03d505b96ddedb0ef855289,"{""commodity"": ""Oil (olive)"", ""commodity_id"": ""239"", ""currency"": ""ILS"", ""market_id"": ""2004"", ""pricetype"": ""Retail"", ""unit"": ""KG""}",ILS,36,True
PSE,41b610d890fe41d936ca348d7298db15008e4a0509681c63ee4f172f1730e502,"{""commodity"": ""Oil (olive)"", ""commodity_id"": ""239"", ""currency"": ""ILS"", ""market_id"": ""2005"", ""pricetype"": ""Retail"", ""unit"": ""KG""}",ILS,36,True
PSE,146a1784ca685825de519ea8c24805dee5f028fb9f2f906623d51eb10d63ecc1,"{""commodity"": ""Oil (olive)"", ""commodity_id"": ""239"", ""currency"": ""ILS"", ""market_id"": ""2006"", ""pricetype"": ""Retail"", ""unit"": ""KG""}",ILS,36,True
PSE,3faa4451e95d17ea5b53a3a2d1d3ec7449dc3e1a8bcbd9edee80347e3219d61b,"{""commodity"": ""Oil (olive)"", ""commodity_id"": ""239"", ""currency"": ""ILS"", ""market_id"": ""2007"", ""pricetype"": ""Retail"", ""unit"": ""KG""}",ILS,60,True
PSE,a65ae4b3d9ca5cec2f6852401715e3de049f0929d3dfcbbb06cc0cc448b78811,"{""commodity"": ""Oil (olive)"", ""commodity_id"": ""239"", ""currency"": ""ILS"", ""market_id"": ""2010"", ""pricetype"": ""Retail"", ""unit"": ""KG""}",ILS,34,True
PSE,c24cb558d7a7971cefcd924936f0848c5cae4f6e5b248d2175e2d42b2114de35,"{""commodity"": ""Oil (olive)"", ""commodity_id"": ""239"", ""currency"": ""ILS"", ""market_id"": ""8215"", ""pricetype"": ""Retail"", ""unit"": ""KG""}",ILS,0,False
PSE,512adf1446e821babdc00408257332bd4bc04ef466dfef114b613e49b64ba2cd,"{""commodity"": ""Oil (olive)"", ""commodity_id"": ""239"", ""currency"": ""ILS"", ""market_id"": ""8216"", ""pricetype"": ""Retail"", ""unit"": ""KG""}",ILS,0,False
PSE,269c5fff6f0edd92a2d97b30448c8161c98b37382b0d335db66a7f119506cb8f,"{""commodity"": ""Rice (long grain)"", ""commodity_id"": ""162"", ""currency"": ""ILS"", ""market_id"": ""2007"", ""pricetype"": ""Retail"", ""unit"": ""KG""}",ILS,59,True
PSE,9a45827928f4da44c22fe92d21db77d586e5e5e421bb560e6028a2a0b2f8da94,"{""commodity"": ""Rice (short grain, low quality, local)"", ""commodity_id"": ""380"", ""currency"": ""ILS"", ""market_id"": ""2007"", ""pricetype"": ""Retail"", ""unit"": ""KG""}",ILS,59,True
PSE,4ea693a64a5b03f42769eea0d5e7092f922dfe5f1d4631e935f0139a31263825,"{""commodity"": ""Rice (small grain, imported)"", ""commodity_id"": ""227"", ""currency"": ""ILS"", ""market_id"": ""1996"", ""pricetype"": ""Retail"", ""unit"": ""25 KG""}",ILS,60,True
PSE,ec8f438bac86dbac6888140a4106a0a85544c116a75a915be0487024d8062c96,"{""commodity"": ""Rice (small grain, imported)"", ""commodity_id"": ""227"", ""currency"": ""ILS"", ""market_id"": ""1997"", ""pricetype"": ""Retail"", ""unit"": ""25 KG""}",ILS,60,True
PSE,2fbc6e9b5c24957be16492c21453ac7136310ecd2f2c08d9aff42a76f583083c,"{""commodity"": ""Rice (small grain, imported)"", ""commodity_id"": ""227"", ""currency"": ""ILS"", ""market_id"": ""1998"", ""pricetype"": ""Retail"", ""unit"": ""25 KG""}",ILS,60,True
PSE,ec9d0c41568c7b3b0c6061dd4043b2f34aa9cc47ec03c32380277c85c25e590e,"{""commodity"": ""Rice (small grain, imported)"", ""commodity_id"": ""227"", ""currency"": ""ILS"", ""market_id"": ""1999"", ""pricetype"": ""Retail"", ""unit"": ""25 KG""}",ILS,60,True
PSE,277a8eea0976046a76ed4b4d30f1dd4d935a89e398caf648967f7acd5015b370,"{""commodity"": ""Rice (small grain, imported)"", ""commodity_id"": ""227"", ""currency"": ""ILS"", ""market_id"": ""2001"", ""pricetype"": ""Retail"", ""unit"": ""25 KG""}",ILS,60,True
PSE,5e4007c1b6bce5b8f42aea1fed6b4e6891a6fed5a4fe8c4165efde25403e7cc2,"{""commodity"": ""Rice (small grain, imported)"", ""commodity_id"": ""227"", ""currency"": ""ILS"", ""market_id"": ""2002"", ""pricetype"": ""Retail"", ""unit"": ""25 KG""}",ILS,60,True
PSE,301094d7a43116ec1c659e7c1597a2551b2d8e713ca93e447cf7e5b5a937fe4d,"{""commodity"": ""Rice (small grain, imported)"", ""commodity_id"": ""227"", ""currency"": ""ILS"", ""market_id"": ""2004"", ""pricetype"": ""Retail"", ""unit"": ""25 KG""}",ILS,60,True
PSE,207ed48e08d7eee51c417f1287783cbf2823b2b4ccf5db7b5e06a521c915fd22,"{""commodity"": ""Rice (small grain, imported)"", ""commodity_id"": ""227"", ""currency"": ""ILS"", ""market_id"": ""2005"", ""pricetype"": ""Retail"", ""unit"": ""25 KG""}",ILS,60,True
PSE,ff447c8b4921170eba7312c4e29bacf615a4445879a44a71f371e13fa3a1fcd7,"{""commodity"": ""Rice (small grain, imported)"", ""commodity_id"": ""227"", ""currency"": ""ILS"", ""market_id"": ""2006"", ""pricetype"": ""Retail"", ""unit"": ""25 KG""}",ILS,57,True
PSE,9b1d73a2e5a17ba8234011046652e29f09db4ec0d1b5626d5045a50469889acd,"{""commodity"": ""Rice (small grain, imported)"", ""commodity_id"": ""227"", ""currency"": ""ILS"", ""market_id"": ""2007"", ""pricetype"": ""Retail"", ""unit"": ""25 KG""}",ILS,60,True
PSE,7e9f8fe71d6b05ff4d646dd8bde965f5ecc121421680a36dacd9671debf66fe5,"{""commodity"": ""Rice (small grain, imported)"", ""commodity_id"": ""227"", ""currency"": ""ILS"", ""market_id"": ""2010"", ""pricetype"": ""Retail"", ""unit"": ""25 KG""}",ILS,34,True
PSE,1e3740d98bb713301ed24507ad7ae96010b062a8ae1e0e2a0f2f198de9b653c4,"{""commodity"": ""Rice (small grain, imported)"", ""commodity_id"": ""227"", ""currency"": ""ILS"", ""market_id"": ""8215"", ""pricetype"": ""Retail"", ""unit"": ""25 KG""}",ILS,0,False
PSE,746cb5438c54db3f228e4f425e57a1860674493ef9fa9a867b5519bd45f84106,"{""commodity"": ""Rice (small grain, imported)"", ""commodity_id"": ""227"", ""currency"": ""ILS"", ""market_id"": ""8216"", ""pricetype"": ""Retail"", ""unit"": ""25 KG""}",ILS,0,False
PSE,61a4c912d5f425f730ba1b254570a3da80ea9a24b6bbfc9859898087f507e064,"{""commodity"": ""Wheat flour (locally processed)"", ""commodity_id"": ""366"", ""currency"": ""ILS"", ""market_id"": ""2006"", ""pricetype"": ""Retail"", ""unit"": ""50 KG""}",ILS,36,True
PSE,24afc034b19060bf357fca239d1c913b359f4dde5e59ebc006a59b56ae60505a,"{""commodity"": ""Wheat flour (locally processed)"", ""commodity_id"": ""366"", ""currency"": ""ILS"", ""market_id"": ""2007"", ""pricetype"": ""Retail"", ""unit"": ""50 KG""}",ILS,36,True
PSE,15bb60c80ec14cdd945a436faab5d68a3dafb5589720c3a9eb97bb5d8b4c0a95,"{""commodity"": ""Wheat flour (locally processed)"", ""commodity_id"": ""366"", ""currency"": ""ILS"", ""market_id"": ""2010"", ""pricetype"": ""Retail"", ""unit"": ""50 KG""}",ILS,34,True
PSE,e2319fbe5bbf330dee7a7da2eb06875c88c78283e7b532995a240b3621094ef2,"{""commodity"": ""Wheat flour (locally processed)"", ""commodity_id"": ""366"", ""currency"": ""ILS"", ""market_id"": ""8215"", ""pricetype"": ""Retail"", ""unit"": ""50 KG""}",ILS,0,False
PSE,e604f8f98bad2261ad612a7e4c98ae7858b0265554c93534057d27fdd5a06038,"{""commodity"": ""Wheat flour"", ""commodity_id"": ""58"", ""currency"": ""ILS"", ""market_id"": ""1996"", ""pricetype"": ""Retail"", ""unit"": ""60 KG""}",ILS,36,True
PSE,5a5a9e9b5f1ba7c4c86c65863dad0656b95753ba2ce4cc84c4c81896bdf0190a,"{""commodity"": ""Wheat flour"", ""commodity_id"": ""58"", ""currency"": ""ILS"", ""market_id"": ""1997"", ""pricetype"": ""Retail"", ""unit"": ""60 KG""}",ILS,36,True
PSE,69e2f091d5948fe1e71f5ef9b0cd7d15769a6d9f56f55f914b9145dd1694d59c,"{""commodity"": ""Wheat flour"", ""commodity_id"": ""58"", ""currency"": ""ILS"", ""market_id"": ""1998"", ""pricetype"": ""Retail"", ""unit"": ""60 KG""}",ILS,36,True
PSE,1938e9963de1516ee7cff1d659488b3b22a454c516c83cb9b09a87e136543ea8,"{""commodity"": ""Wheat flour"", ""commodity_id"": ""58"", ""currency"": ""ILS"", ""market_id"": ""1999"", ""pricetype"": ""Retail"", ""unit"": ""60 KG""}",ILS,36,True
PSE,91f3b324cdf9dad0cea4cc47a02d7c9513c1377919b974bbcd8dd15f1c414410,"{""commodity"": ""Wheat flour"", ""commodity_id"": ""58"", ""currency"": ""ILS"", ""market_id"": ""2001"", ""pricetype"": ""Retail"", ""unit"": ""60 KG""}",ILS,36,True
PSE,3f9b1ad02ed3eb893c6460fd3731cbaddc7c1c72bc7436b042c2f52731a1c37c,"{""commodity"": ""Wheat flour"", ""commodity_id"": ""58"", ""currency"": ""ILS"", ""market_id"": ""2002"", ""pricetype"": ""Retail"", ""unit"": ""60 KG""}",ILS,36,True
PSE,912904169596f282e84b83cb2194356ca467a87a37a0d0339e2ee6999e35f10d,"{""commodity"": ""Wheat flour"", ""commodity_id"": ""58"", ""currency"": ""ILS"", ""market_id"": ""2004"", ""pricetype"": ""Retail"", ""unit"": ""60 KG""}",ILS,36,True
PSE,9858d5df712b4b160ff7c6bb07319ef21cf7b65eee0aaa8afbe302f0cd47b7f3,"{""commodity"": ""Wheat flour"", ""commodity_id"": ""58"", ""currency"": ""ILS"", ""market_id"": ""2005"", ""pricetype"": ""Retail"", ""unit"": ""60 KG""}",ILS,36,True
PSE,3eac50d0f7eb632673d71bafcdad43b6b2e102e9fdbc458747a5f566d3efb24a,"{""commodity"": ""Wheat flour"", ""commodity_id"": ""58"", ""currency"": ""ILS"", ""market_id"": ""2007"", ""pricetype"": ""Retail"", ""unit"": ""KG""}",ILS,59,True
PSE,2d92df4ed26298620554b106bfe665da33401f6de5ffa1f1db8b098fe9b7a1a4,"{""commodity"": ""Wheat flour"", ""commodity_id"": ""58"", ""currency"": ""ILS"", ""market_id"": ""8216"", ""pricetype"": ""Retail"", ""unit"": ""60 KG""}",ILS,0,False
PSE,573d2c407b23e3a3906bf4865c7d95e4c26e320d37d60fe2ffdfa4b7e60ecdd6,"{""commodity"": ""Wheat"", ""commodity_id"": ""84"", ""currency"": ""ILS"", ""market_id"": ""2007"", ""pricetype"": ""Retail"", ""unit"": ""KG""}",ILS,0,False
SDN,7c68bc4c4994f66868bc78ca70c4fcad79b6fb87896b8fef46039761e4c8db6a,"{""commodity"": ""Oil (vegetable)"", ""commodity_id"": ""96"", ""currency"": ""SDG"", ""market_id"": ""1025"", ""pricetype"": ""Retail"", ""unit"": ""L""}",SDG,12,False
SDN,1336ce78923c38ab961235ab1fb9dc4037a59b8a02ccc62918e940ca182875d5,"{""commodity"": ""Oil (vegetable)"", ""commodity_id"": ""96"", ""currency"": ""SDG"", ""market_id"": ""1026"", ""pricetype"": ""Retail"", ""unit"": ""L""}",SDG,12,False
SDN,6438399d2029717906fae5117d130350455fb31a565483d02586e2c38d8d13f1,"{""commodity"": ""Oil (vegetable)"", ""commodity_id"": ""96"", ""currency"": ""SDG"", ""market_id"": ""1027"", ""pricetype"": ""Retail"", ""unit"": ""L""}",SDG,12,False
SDN,810d3adb10cdbb09bd316f57e4807e53cfd024deecbf071ec14661cd53777728,"{""commodity"": ""Oil (vegetable)"", ""commodity_id"": ""96"", ""currency"": ""SDG"", ""market_id"": ""1028"", ""pricetype"": ""Retail"", ""unit"": ""L""}",SDG,12,False
SDN,efc9823bf3b77178d8bafb3c030f9b5194311fa1c6375bb10745f7fa1f0f4bdd,"{""commodity"": ""Oil (vegetable)"", ""commodity_id"": ""96"", ""currency"": ""SDG"", ""market_id"": ""1029"", ""pricetype"": ""Retail"", ""unit"": ""L""}",SDG,10,False
SDN,c62b8187ddbdd77d92c0708dc7f63844e5210969ffc9675be0fdc69213386bcd,"{""commodity"": ""Oil (vegetable)"", ""commodity_id"": ""96"", ""currency"": ""SDG"", ""market_id"": ""1030"", ""pricetype"": ""Retail"", ""unit"": ""L""}",SDG,12,False
SDN,30bcb12310b6a8ec61d4bd7579ed658247836f00fa3708a5adeb8b902cb946ce,"{""commodity"": ""Oil (vegetable)"", ""commodity_id"": ""96"", ""currency"": ""SDG"", ""market_id"": ""1031"", ""pricetype"": ""Retail"", ""unit"": ""L""}",SDG,12,False
SDN,0c275339901403f22e5e0be9bc1a1953870a57f7328d5be7f535ad2e7a99dfbf,"{""commodity"": ""Oil (vegetable)"", ""commodity_id"": ""96"", ""currency"": ""SDG"", ""market_id"": ""1032"", ""pricetype"": ""Retail"", ""unit"": ""L""}",SDG,12,False
SDN,8305c113ca8a22048b0c1ef91f131c8461cb2552db36dd126e2bb074fa29017b,"{""commodity"": ""Oil (vegetable)"", ""commodity_id"": ""96"", ""currency"": ""SDG"", ""market_id"": ""1033"", ""pricetype"": ""Retail"", ""unit"": ""L""}",SDG,12,False
SDN,84ffa8280b95633e5edf5a45bf1a9838fefac28b96003731b5a1f0f8c4b49ee1,"{""commodity"": ""Oil (vegetable)"", ""commodity_id"": ""96"", ""currency"": ""SDG"", ""market_id"": ""1034"", ""pricetype"": ""Retail"", ""unit"": ""L""}",SDG,12,False
SDN,f19d5155045bde1a2ea63f227d4ddfa9b2adf2ade1b4d8263b27db0839941c22,"{""commodity"": ""Oil (vegetable)"", ""commodity_id"": ""96"", ""currency"": ""SDG"", ""market_id"": ""11377"", ""pricetype"": ""Retail"", ""unit"": ""L""}",SDG,0,False
SDN,39ad4dc12b0567666534fd1b4d7bbc02c9784f4fdcab0ac5e4a8e56e0db34458,"{""commodity"": ""Oil (vegetable)"", ""commodity_id"": ""96"", ""currency"": ""SDG"", ""market_id"": ""1823"", ""pricetype"": ""Retail"", ""unit"": ""L""}",SDG,10,False
SDN,aa673ddc41497bbd0027cbe23b8d3aabd6238cfa7c752f7678b94a912633ee23,"{""commodity"": ""Oil (vegetable)"", ""commodity_id"": ""96"", ""currency"": ""SDG"", ""market_id"": ""1824"", ""pricetype"": ""Retail"", ""unit"": ""L""}",SDG,12,False
SDN,555df5483d4da2d981c06a16738fbfc81de5adc523b8380ed3cbdf5013a9f214,"{""commodity"": ""Oil (vegetable)"", ""commodity_id"": ""96"", ""currency"": ""SDG"", ""market_id"": ""2577"", ""pricetype"": ""Retail"", ""unit"": ""L""}",SDG,0,False
SDN,fc5a1cfedcedf05d69ef502f9b74645d24e5cfbb711154aff6deef6115a1561a,"{""commodity"": ""Oil (vegetable)"", ""commodity_id"": ""96"", ""currency"": ""SDG"", ""market_id"": ""2580"", ""pricetype"": ""Retail"", ""unit"": ""L""}",SDG,0,False
SDN,08c581947bb4259c17b15eb5a50cb00759d3c395b0bd4086ef7a7c42368f41e9,"{""commodity"": ""Oil (vegetable)"", ""commodity_id"": ""96"", ""currency"": ""SDG"", ""market_id"": ""2588"", ""pricetype"": ""Retail"", ""unit"": ""L""}",SDG,0,False
SDN,9708de8447acbc73acd9bff3772b13f8118ef754248ec055b8962f4996d5ddd4,"{""commodity"": ""Oil (vegetable)"", ""commodity_id"": ""96"", ""currency"": ""SDG"", ""market_id"": ""5640"", ""pricetype"": ""Retail"", ""unit"": ""L""}",SDG,0,False
SDN,7cf09ac58c26ac947bd9661c609a0cf9361e6b8b8315f000b8d5998915918312,"{""commodity"": ""Oil (vegetable)"", ""commodity_id"": ""96"", ""currency"": ""SDG"", ""market_id"": ""9030"", ""pricetype"": ""Retail"", ""unit"": ""L""}",SDG,0,False
SDN,30af484cea3484a795386c188c38068d273fe249fb7efed7333d238f9b64a4b4,"{""commodity"": ""Oil (vegetable)"", ""commodity_id"": ""96"", ""currency"": ""SDG"", ""market_id"": ""9031"", ""pricetype"": ""Retail"", ""unit"": ""L""}",SDG,0,False
SDN,0aeb7ccebc400c2d05ec3ebfe664012a48b03251c45c5f859db194dfdc58c6c4,"{""commodity"": ""Sorghum (food aid)"", ""commodity_id"": ""249"", ""currency"": ""SDG"", ""market_id"": ""1025"", ""pricetype"": ""Retail"", ""unit"": ""3 KG""}",SDG,54,True
SDN,ba9700c6b79dcec179f570f480437ba0336c11d1f638f42a0b25bc7e685c82f7,"{""commodity"": ""Sorghum (food aid)"", ""commodity_id"": ""249"", ""currency"": ""SDG"", ""market_id"": ""1026"", ""pricetype"": ""Retail"", ""unit"": ""3 KG""}",SDG,1,False
SDN,ed24ad2469f58a16a583d6e8de5f23b5b0ba6b9e92573d9a432473c4da661320,"{""commodity"": ""Sorghum (food aid)"", ""commodity_id"": ""249"", ""currency"": ""SDG"", ""market_id"": ""1027"", ""pricetype"": ""Retail"", ""unit"": ""3 KG""}",SDG,57,True
SDN,7bfa10635138aa08b9836d6f6e89304f22135a019e564ceb500096581addb39e,"{""commodity"": ""Sorghum (food aid)"", ""commodity_id"": ""249"", ""currency"": ""SDG"", ""market_id"": ""1028"", ""pricetype"": ""Retail"", ""unit"": ""3 KG""}",SDG,58,True
SDN,c36380a825d21d0ffbc048baf55b1efb75fb0f01632bbf8fba77b6e38163d800,"{""commodity"": ""Sorghum (food aid)"", ""commodity_id"": ""249"", ""currency"": ""SDG"", ""market_id"": ""1029"", ""pricetype"": ""Retail"", ""unit"": ""3 KG""}",SDG,0,False
SDN,1b9eef0aa3d853d75ff66844419a1e55c549488de47e25425b8c1efc34939ee7,"{""commodity"": ""Sorghum (food aid)"", ""commodity_id"": ""249"", ""currency"": ""SDG"", ""market_id"": ""1030"", ""pricetype"": ""Retail"", ""unit"": ""3 KG""}",SDG,29,True
SDN,397d974858d7400f290a71b76b92655b1d64a7c2f39160c829e211548275c3a2,"{""commodity"": ""Sorghum (food aid)"", ""commodity_id"": ""249"", ""currency"": ""SDG"", ""market_id"": ""1031"", ""pricetype"": ""Retail"", ""unit"": ""3 KG""}",SDG,12,False
SDN,cf66a243831903dd3b3a788d6737efab8af62b74180e6ca831123ab2a676eef9,"{""commodity"": ""Sorghum (food aid)"", ""commodity_id"": ""249"", ""currency"": ""SDG"", ""market_id"": ""1032"", ""pricetype"": ""Retail"", ""unit"": ""3 KG""}",SDG,3,False
SDN,d756fa04fb2db8c8e45b843a016d4142a93139df2da06d14045988ad2908fce8,"{""commodity"": ""Sorghum (food aid)"", ""commodity_id"": ""249"", ""currency"": ""SDG"", ""market_id"": ""1033"", ""pricetype"": ""Retail"", ""unit"": ""3 KG""}",SDG,53,True
SDN,1d79be51fc0c7a81ab933aeb055c18c84144a967b1cca1eae0dc91c3fc27548c,"{""commodity"": ""Sorghum (food aid)"", ""commodity_id"": ""249"", ""currency"": ""SDG"", ""market_id"": ""1824"", ""pricetype"": ""Retail"", ""unit"": ""3 KG""}",SDG,56,True
SDN,585005943eda7b7161ddd0bcb96cce2ff1bdc63ba6fe8e27ce394ce1508fd23c,"{""commodity"": ""Sorghum (food aid)"", ""commodity_id"": ""249"", ""currency"": ""SDG"", ""market_id"": ""2577"", ""pricetype"": ""Retail"", ""unit"": ""3 KG""}",SDG,0,False
SDN,b47f95fe766bd086f9e7ec3a852b22c969802866237158819b9fdd3c6b7f3efc,"{""commodity"": ""Sorghum (food aid)"", ""commodity_id"": ""249"", ""currency"": ""SDG"", ""market_id"": ""2580"", ""pricetype"": ""Retail"", ""unit"": ""3 KG""}",SDG,0,False
SDN,c9c63fc3dd518bff6eb69b5bb99678400bc7925cdcc5b56f0dbb59c4d48bc010,"{""commodity"": ""Sorghum (food aid)"", ""commodity_id"": ""249"", ""currency"": ""SDG"", ""market_id"": ""2588"", ""pricetype"": ""Retail"", ""unit"": ""3 KG""}",SDG,0,False
SDN,3e493464f5597cd41aa72d6a448632b73d719a3fa597946b9adab586bfbe985b,"{""commodity"": ""Sorghum (food aid)"", ""commodity_id"": ""249"", ""currency"": ""SDG"", ""market_id"": ""5640"", ""pricetype"": ""Retail"", ""unit"": ""3 KG""}",SDG,0,False
SDN,84fd4f9528e89e64dda76579edb9a72bb0c0cafd2d6e5666c320976c0c34d80c,"{""commodity"": ""Sorghum (food aid)"", ""commodity_id"": ""249"", ""currency"": ""SDG"", ""market_id"": ""9030"", ""pricetype"": ""Retail"", ""unit"": ""3 KG""}",SDG,0,False
SDN,7bca498ec43b2c40d63f1d6c089dad2b419f8140e48764aad775f528ac3a16bd,"{""commodity"": ""Sorghum (food aid)"", ""commodity_id"": ""249"", ""currency"": ""SDG"", ""market_id"": ""9031"", ""pricetype"": ""Retail"", ""unit"": ""3 KG""}",SDG,0,False
SDN,b7f84871f624038815c1052fe5a68ec54748718238a284f01486fbfeaa2c7777,"{""commodity"": ""Sorghum"", ""commodity_id"": ""65"", ""currency"": ""SDG"", ""market_id"": ""1025"", ""pricetype"": ""Retail"", ""unit"": ""3 KG""}",SDG,59,True
SDN,3be0c0c59b52ce3327700e06cfc3e8c8c9ea1951ecddea2253b47930f67c8f14,"{""commodity"": ""Sorghum"", ""commodity_id"": ""65"", ""currency"": ""SDG"", ""market_id"": ""1026"", ""pricetype"": ""Retail"", ""unit"": ""3 KG""}",SDG,59,True
SDN,8816f05ba743bbc6e23850e89b7f479ec745afe488b95b0e5e4236ebf9f57a97,"{""commodity"": ""Sorghum"", ""commodity_id"": ""65"", ""currency"": ""SDG"", ""market_id"": ""1027"", ""pricetype"": ""Retail"", ""unit"": ""3 KG""}",SDG,58,True
SDN,2f494c3d1515a3a09f206fff1afec64faf9e5f85f4c64ce78311899de0618217,"{""commodity"": ""Sorghum"", ""commodity_id"": ""65"", ""currency"": ""SDG"", ""market_id"": ""1028"", ""pricetype"": ""Retail"", ""unit"": ""3 KG""}",SDG,59,True
SDN,2518667fd9ebd9630f3f20289bf7cde307405ab2329870f8dae7b357b1bec239,"{""commodity"": ""Sorghum"", ""commodity_id"": ""65"", ""currency"": ""SDG"", ""market_id"": ""1029"", ""pricetype"": ""Retail"", ""unit"": ""3 KG""}",SDG,58,True
SDN,eacb7d215f4b29d9121d568a25d4fb30f7a70c70c144cd3b5ea801907f1534c4,"{""commodity"": ""Sorghum"", ""commodity_id"": ""65"", ""currency"": ""SDG"", ""market_id"": ""1030"", ""pricetype"": ""Retail"", ""unit"": ""3 KG""}",SDG,59,True
SDN,51157496697c2f0c189b2aec1ca64a630ba3aee23f82fa3bb8a94399034336b1,"{""commodity"": ""Sorghum"", ""commodity_id"": ""65"", ""currency"": ""SDG"", ""market_id"": ""1031"", ""pricetype"": ""Retail"", ""unit"": ""3 KG""}",SDG,58,True
SDN,8bd12a7d3582dc968c10c6e756e7ba5816d359670c622447f71b56a027204414,"{""commodity"": ""Sorghum"", ""commodity_id"": ""65"", ""currency"": ""SDG"", ""market_id"": ""1032"", ""pricetype"": ""Retail"", ""unit"": ""3 KG""}",SDG,58,True
SDN,7c2de7162be4d218550db067cbac9441fbc465379db7fd70a9c19fb0d5ab26b5,"{""commodity"": ""Sorghum"", ""commodity_id"": ""65"", ""currency"": ""SDG"", ""market_id"": ""1033"", ""pricetype"": ""Retail"", ""unit"": ""3 KG""}",SDG,58,True
SDN,96ef21bc42faa81ac9406475b5af3cc77a92e79c12b8154d8c72e90e56eed070,"{""commodity"": ""Sorghum"", ""commodity_id"": ""65"", ""currency"": ""SDG"", ""market_id"": ""1034"", ""pricetype"": ""Retail"", ""unit"": ""3 KG""}",SDG,57,True
SDN,a1643e55fc1678fb1ede3045f1e0e75aff6c8ec34efd3180f9c530d1c0868ea5,"{""commodity"": ""Sorghum"", ""commodity_id"": ""65"", ""currency"": ""SDG"", ""market_id"": ""11377"", ""pricetype"": ""Retail"", ""unit"": ""3 KG""}",SDG,0,False
SDN,63e8fe063b8e3e5b613a3a3c618c8d1e1325bef2c425ccc43a4ad90705d376a2,"{""commodity"": ""Sorghum"", ""commodity_id"": ""65"", ""currency"": ""SDG"", ""market_id"": ""1823"", ""pricetype"": ""Retail"", ""unit"": ""3 KG""}",SDG,52,True
SDN,eab051767252ec19b94c9a78e3b9520a11902ba63dffda2ca58a4a30ae3fc33e,"{""commodity"": ""Sorghum"", ""commodity_id"": ""65"", ""currency"": ""SDG"", ""market_id"": ""1824"", ""pricetype"": ""Retail"", ""unit"": ""3 KG""}",SDG,56,True
SDN,d30d494dbf3b6a401684959a9a60b4c4f4a321ef0a8089573070482ff456bc14,"{""commodity"": ""Sorghum"", ""commodity_id"": ""65"", ""currency"": ""SDG"", ""market_id"": ""2577"", ""pricetype"": ""Retail"", ""unit"": ""3 KG""}",SDG,0,False
SDN,15a982cc488993e607ed7bdf5df30482e07a873784537b64280e92f80683840e,"{""commodity"": ""Sorghum"", ""commodity_id"": ""65"", ""currency"": ""SDG"", ""market_id"": ""2580"", ""pricetype"": ""Retail"", ""unit"": ""3 KG""}",SDG,0,False
SDN,b762f4fd3bd96ea958fe5227b12b869964f1e71513f2a6584a189288dd8a2941,"{""commodity"": ""Sorghum"", ""commodity_id"": ""65"", ""currency"": ""SDG"", ""market_id"": ""2588"", ""pricetype"": ""Retail"", ""unit"": ""3 KG""}",SDG,0,False
SDN,fc1b679ee628cc0c1774547a132425ab5aec695ff0a80c8bb466d828fb9ea760,"{""commodity"": ""Sorghum"", ""commodity_id"": ""65"", ""currency"": ""SDG"", ""market_id"": ""5640"", ""pricetype"": ""Retail"", ""unit"": ""3 KG""}",SDG,0,False
SDN,3f19062d1aac9c19d73c15e10fa760dbf79bf55f4075b733d1d48ddea26fe059,"{""commodity"": ""Sorghum"", ""commodity_id"": ""65"", ""currency"": ""SDG"", ""market_id"": ""9030"", ""pricetype"": ""Retail"", ""unit"": ""3 KG""}",SDG,0,False
SDN,7e0ec5f78d5cea81b7dfbd9d559a2d486d01d85bafd66985e5cbce776ef41a16,"{""commodity"": ""Sorghum"", ""commodity_id"": ""65"", ""currency"": ""SDG"", ""market_id"": ""9031"", ""pricetype"": ""Retail"", ""unit"": ""3 KG""}",SDG,0,False
SDN,e9ad2886d43793e16c0f54630824776929023084c6420b08b22d3069a8f68cc4,"{""commodity"": ""Wheat flour"", ""commodity_id"": ""58"", ""currency"": ""SDG"", ""market_id"": ""1025"", ""pricetype"": ""Retail"", ""unit"": ""KG""}",SDG,0,False
SDN,ebe16a9c46237a5164c06b85539a525918b41803b430489def9925dc14ed7f59,"{""commodity"": ""Wheat flour"", ""commodity_id"": ""58"", ""currency"": ""SDG"", ""market_id"": ""1026"", ""pricetype"": ""Retail"", ""unit"": ""KG""}",SDG,0,False
SDN,446b1aa66d59bc11decddad56f2b0902308393989bb22cd416d8b95a8d7299e4,"{""commodity"": ""Wheat flour"", ""commodity_id"": ""58"", ""currency"": ""SDG"", ""market_id"": ""1027"", ""pricetype"": ""Retail"", ""unit"": ""KG""}",SDG,0,False
SDN,44a3178b0fa0a6fa5852a5f2f75cb610b90f2c68d940abeec1aa9c3ac03c8140,"{""commodity"": ""Wheat flour"", ""commodity_id"": ""58"", ""currency"": ""SDG"", ""market_id"": ""1028"", ""pricetype"": ""Retail"", ""unit"": ""KG""}",SDG,0,False
SDN,a2e4002feb1aec233248ea8b43734532e48e1953f27b631d8963b062d1934f09,"{""commodity"": ""Wheat flour"", ""commodity_id"": ""58"", ""currency"": ""SDG"", ""market_id"": ""1029"", ""pricetype"": ""Retail"", ""unit"": ""KG""}",SDG,0,False
SDN,87dfdb0acc5b40ca35e0dc986ba4cb15a04b201fbc2f72236a121afc7e2bca79,"{""commodity"": ""Wheat flour"", ""commodity_id"": ""58"", ""currency"": ""SDG"", ""market_id"": ""1030"", ""pricetype"": ""Retail"", ""unit"": ""KG""}",SDG,0,False
SDN,f2541d17355841982eaf662f52524e05e2682747be60dc55ab61692fe29574b4,"{""commodity"": ""Wheat flour"", ""commodity_id"": ""58"", ""currency"": ""SDG"", ""market_id"": ""1031"", ""pricetype"": ""Retail"", ""unit"": ""KG""}",SDG,0,False
SDN,4998957f9133990506e8fed179bddc6a80a41af3473999a8842f836e92552b99,"{""commodity"": ""Wheat flour"", ""commodity_id"": ""58"", ""currency"": ""SDG"", ""market_id"": ""1032"", ""pricetype"": ""Retail"", ""unit"": ""KG""}",SDG,0,False
SDN,f1d219bbc8cfbae553afaba4a183fc10c151e115652ef57b740b0e98c8c50a74,"{""commodity"": ""Wheat flour"", ""commodity_id"": ""58"", ""currency"": ""SDG"", ""market_id"": ""1033"", ""pricetype"": ""Retail"", ""unit"": ""KG""}",SDG,0,False
SDN,b849bf2022c1bacef6e1a2f5ed50491a60e6d418a0070ff2502376b0495a3720,"{""commodity"": ""Wheat flour"", ""commodity_id"": ""58"", ""currency"": ""SDG"", ""market_id"": ""1034"", ""pricetype"": ""Retail"", ""unit"": ""KG""}",SDG,0,False
SDN,7104552a7dadc0a76e6455b16b8ef042e304b69706277d0838e88ee23d275c68,"{""commodity"": ""Wheat flour"", ""commodity_id"": ""58"", ""currency"": ""SDG"", ""market_id"": ""11377"", ""pricetype"": ""Retail"", ""unit"": ""KG""}",SDG,0,False
SDN,d8a8536c6b10b9156cc2cfb1e7fd3bc73a29a6ec074fa87f158786584c15e809,"{""commodity"": ""Wheat flour"", ""commodity_id"": ""58"", ""currency"": ""SDG"", ""market_id"": ""1823"", ""pricetype"": ""Retail"", ""unit"": ""KG""}",SDG,0,False
SDN,e4ef01143411f338c8ab52fadc8673d857a839baf5aafc510aac895c74b77a8e,"{""commodity"": ""Wheat flour"", ""commodity_id"": ""58"", ""currency"": ""SDG"", ""market_id"": ""1824"", ""pricetype"": ""Retail"", ""unit"": ""KG""}",SDG,0,False
SDN,572320152ae276683ec43b63edc9fb17994c5a961460b65bc263e5d5aa3a6d44,"{""commodity"": ""Wheat flour"", ""commodity_id"": ""58"", ""currency"": ""SDG"", ""market_id"": ""2577"", ""pricetype"": ""Retail"", ""unit"": ""KG""}",SDG,0,False
SDN,b62d0223f0cdd90064069fffac5cc4dc1a71e15cd6cb861cc8eab65e4edc8679,"{""commodity"": ""Wheat flour"", ""commodity_id"": ""58"", ""currency"": ""SDG"", ""market_id"": ""2580"", ""pricetype"": ""Retail"", ""unit"": ""KG""}",SDG,0,False
SDN,f99369dc54f3d46c77a22a8e22e75130286f3f6c0046a9271d0f56aeb4c5fdad,"{""commodity"": ""Wheat flour"", ""commodity_id"": ""58"", ""currency"": ""SDG"", ""market_id"": ""2588"", ""pricetype"": ""Retail"", ""unit"": ""KG""}",SDG,0,False
SDN,dfb5bd0d3345b00f10e1bc5a37784d188fe888cd4eef224df1ccf4bc27731d32,"{""commodity"": ""Wheat flour"", ""commodity_id"": ""58"", ""currency"": ""SDG"", ""market_id"": ""5640"", ""pricetype"": ""Retail"", ""unit"": ""KG""}",SDG,0,False
SDN,dc9a31e674e74b515a206866d7454740756294daf670b3f8c3c5e674513b767b,"{""commodity"": ""Wheat flour"", ""commodity_id"": ""58"", ""currency"": ""SDG"", ""market_id"": ""9030"", ""pricetype"": ""Retail"", ""unit"": ""KG""}",SDG,0,False
SDN,cee2c23d35969d933b7f13f8de478104d74564715d8923918f35a4516489c152,"{""commodity"": ""Wheat flour"", ""commodity_id"": ""58"", ""currency"": ""SDG"", ""market_id"": ""9031"", ""pricetype"": ""Retail"", ""unit"": ""KG""}",SDG,0,False
SDN,f696fcf9689022d0ad78dfae18f2f7548c19c1a4e4906504d7f36998b1650648,"{""commodity"": ""Wheat"", ""commodity_id"": ""84"", ""currency"": ""SDG"", ""market_id"": ""1025"", ""pricetype"": ""Retail"", ""unit"": ""3 KG""}",SDG,0,False
SDN,3e547d353701ce714df0883ffc823b267bbb3461b37429851041bc448c81af2b,"{""commodity"": ""Wheat"", ""commodity_id"": ""84"", ""currency"": ""SDG"", ""market_id"": ""1026"", ""pricetype"": ""Retail"", ""unit"": ""3 KG""}",SDG,0,False
SDN,844267ec4dbfad93b6ac35067066b55a313e76e1f9e01178c95a23c4a40bbdb0,"{""commodity"": ""Wheat"", ""commodity_id"": ""84"", ""currency"": ""SDG"", ""market_id"": ""1027"", ""pricetype"": ""Retail"", ""unit"": ""3 KG""}",SDG,0,False
SDN,56ba91bcf21bd648c31dc8f1e74362f25a95f425a7186c535604f1d32d5cad35,"{""commodity"": ""Wheat"", ""commodity_id"": ""84"", ""currency"": ""SDG"", ""market_id"": ""1028"", ""pricetype"": ""Retail"", ""unit"": ""3 KG""}",SDG,0,False
SDN,4c06f001def6922081b340602ca24c09d2aec27fff2c2534c670316c56fb37b3,"{""commodity"": ""Wheat"", ""commodity_id"": ""84"", ""currency"": ""SDG"", ""market_id"": ""1029"", ""pricetype"": ""Retail"", ""unit"": ""3 KG""}",SDG,0,False
SDN,4cefd483c8cd45c18e09f175e6aa5a8c4034ea176b7572742c61f9fe97a724c1,"{""commodity"": ""Wheat"", ""commodity_id"": ""84"", ""currency"": ""SDG"", ""market_id"": ""1030"", ""pricetype"": ""Retail"", ""unit"": ""3 KG""}",SDG,0,False
SDN,be2c60112868a204ba212b1ebf9d55ec74f8395bd162718d13571884fafaffe8,"{""commodity"": ""Wheat"", ""commodity_id"": ""84"", ""currency"": ""SDG"", ""market_id"": ""1031"", ""pricetype"": ""Retail"", ""unit"": ""3 KG""}",SDG,0,False
SDN,7a51007ce52aab164f66a61d964e6c4577fc542d20d8cc92ed2bf9923c82f1cd,"{""commodity"": ""Wheat"", ""commodity_id"": ""84"", ""currency"": ""SDG"", ""market_id"": ""1032"", ""pricetype"": ""Retail"", ""unit"": ""3 KG""}",SDG,0,False
SDN,818ee9ba53883fe2a56c9abbb2577def2a60d4eee2b6b2bd4f00fa12c6cb0f0d,"{""commodity"": ""Wheat"", ""commodity_id"": ""84"", ""currency"": ""SDG"", ""market_id"": ""1033"", ""pricetype"": ""Retail"", ""unit"": ""3 KG""}",SDG,0,False
SDN,a4335055dbc9b784198204f1467e80fcea2b5b0cbe6765b85fd3e3c87e23cc25,"{""commodity"": ""Wheat"", ""commodity_id"": ""84"", ""currency"": ""SDG"", ""market_id"": ""1034"", ""pricetype"": ""Retail"", ""unit"": ""3 KG""}",SDG,0,False
SOM,b101de2852b6f13cff0938155183819710164ace49384ee3c55de45963373d93,"{""commodity"": ""Maize (white)"", ""commodity_id"": ""67"", ""currency"": ""SLS"", ""market_id"": ""1412"", ""pricetype"": ""Retail"", ""unit"": ""KG""}",SLS,12,False
SOM,2f87cbf1b099516d4b618e7bd07dc1a02eed8c70e520fd2e12b10f018da924bc,"{""commodity"": ""Maize (white)"", ""commodity_id"": ""67"", ""currency"": ""SLS"", ""market_id"": ""1413"", ""pricetype"": ""Retail"", ""unit"": ""KG""}",SLS,21,False
SOM,b7e34667d4f3f95832bb9d6cc72637e72838e4ef8d3a1ce13f9c984fe4c9eb4d,"{""commodity"": ""Maize (white)"", ""commodity_id"": ""67"", ""currency"": ""SLS"", ""market_id"": ""1415"", ""pricetype"": ""Retail"", ""unit"": ""KG""}",SLS,11,False
SOM,2e9f4add5cc13e84d145bfa54cb64e9c00bf4bd0840518c4d69a30c63208b6ff,"{""commodity"": ""Maize (white)"", ""commodity_id"": ""67"", ""currency"": ""SLS"", ""market_id"": ""1416"", ""pricetype"": ""Retail"", ""unit"": ""KG""}",SLS,2,False
SOM,0a72ddacd9b767382ff7634ebfa431e3cf73cc92f089eda70237048ea0a1f950,"{""commodity"": ""Maize (white)"", ""commodity_id"": ""67"", ""currency"": ""SLS"", ""market_id"": ""1419"", ""pricetype"": ""Retail"", ""unit"": ""KG""}",SLS,25,True
SOM,07df9142f8eebc35e8e38fbe15122be4b6ea300492ecde51ddfde007c5d463c9,"{""commodity"": ""Maize (white)"", ""commodity_id"": ""67"", ""currency"": ""SLS"", ""market_id"": ""2096"", ""pricetype"": ""Retail"", ""unit"": ""KG""}",SLS,1,False
SOM,a023ce331f129fc2fbd22f35cf8b957be6498f0082707dd8cb5c196083e64ec2,"{""commodity"": ""Maize (white)"", ""commodity_id"": ""67"", ""currency"": ""SOS"", ""market_id"": ""1413"", ""pricetype"": ""Retail"", ""unit"": ""KG""}",SOS,37,True
SOM,4cde2a077dcc3f13758cfee79884010ddabdd301abca435ccb2f355a0a932de5,"{""commodity"": ""Maize (white)"", ""commodity_id"": ""67"", ""currency"": ""SOS"", ""market_id"": ""1414"", ""pricetype"": ""Retail"", ""unit"": ""KG""}",SOS,46,True
SOM,2172b22047d68f405aa046cb185615d1f546ef48cb5edb791701bfe7bb8abfed,"{""commodity"": ""Maize (white)"", ""commodity_id"": ""67"", ""currency"": ""SOS"", ""market_id"": ""1415"", ""pricetype"": ""Retail"", ""unit"": ""KG""}",SOS,22,False
SOM,2dfbb52a95a393611c304ada2c061008eda6c254cd941644e3e4ef159756f102,"{""commodity"": ""Maize (white)"", ""commodity_id"": ""67"", ""currency"": ""SOS"", ""market_id"": ""1416"", ""pricetype"": ""Retail"", ""unit"": ""KG""}",SOS,21,False
SOM,509d6a9510c7fbf3866c06b557cea55891721fbcad7c41a5b82c00b6f27905c4,"{""commodity"": ""Maize (white)"", ""commodity_id"": ""67"", ""currency"": ""SOS"", ""market_id"": ""1417"", ""pricetype"": ""Retail"", ""unit"": ""KG""}",SOS,58,True
SOM,1bded7775b587b6f3ed24da962b21e33c0eac38578618f0711f8bc13e9e9bb2f,"{""commodity"": ""Maize (white)"", ""commodity_id"": ""67"", ""currency"": ""SOS"", ""market_id"": ""1418"", ""pricetype"": ""Retail"", ""unit"": ""KG""}",SOS,46,True
SOM,804a157fc78e1b5f719978d31227e7d20faf765c12777fb769778f6c226b3ec2,"{""commodity"": ""Maize (white)"", ""commodity_id"": ""67"", ""currency"": ""SOS"", ""market_id"": ""1419"", ""pricetype"": ""Retail"", ""unit"": ""KG""}",SOS,33,True
SOM,356c09d2c0907f30f95b73c9c9a28368a7e8d31378d09a20b59fc22ddd9f2108,"{""commodity"": ""Maize (white)"", ""commodity_id"": ""67"", ""currency"": ""SOS"", ""market_id"": ""1420"", ""pricetype"": ""Retail"", ""unit"": ""KG""}",SOS,32,True
SOM,cfaaedaca7722230ff7667e1c68bf89b73b59e385ebd34201bb47b199328f03b,"{""commodity"": ""Maize (white)"", ""commodity_id"": ""67"", ""currency"": ""SOS"", ""market_id"": ""1894"", ""pricetype"": ""Retail"", ""unit"": ""KG""}",SOS,59,True
SOM,48e2991baaabe31adf695e826a0d86c7528a3a1cd4b3eb771bb76b2cfca2e8cc,"{""commodity"": ""Maize (white)"", ""commodity_id"": ""67"", ""currency"": ""SOS"", ""market_id"": ""2097"", ""pricetype"": ""Retail"", ""unit"": ""KG""}",SOS,7,False
SOM,2f8ad462209d42a9cd5788f5482bb29124c0a247a4f2fc5f37421ee6183e1dc0,"{""commodity"": ""Maize (white)"", ""commodity_id"": ""67"", ""currency"": ""SOS"", ""market_id"": ""2098"", ""pricetype"": ""Retail"", ""unit"": ""KG""}",SOS,31,True
SOM,a2729c17f6a5ce503ff08cf27428afd8b73021e722f1f72801272abe78938acc,"{""commodity"": ""Maize (white)"", ""commodity_id"": ""67"", ""currency"": ""SOS"", ""market_id"": ""2099"", ""pricetype"": ""Retail"", ""unit"": ""KG""}",SOS,12,False
SOM,b2c60fda8e27d925e6cffc3aa5a3fd67f6df5e011fe03a0686f5efbafbcac021,"{""commodity"": ""Maize (white)"", ""commodity_id"": ""67"", ""currency"": ""SOS"", ""market_id"": ""2100"", ""pricetype"": ""Retail"", ""unit"": ""KG""}",SOS,31,True
SOM,45e58095c748777ec90b77d5a60a042c8f0e18e2cf700d2001d48ec877452e26,"{""commodity"": ""Maize (white)"", ""commodity_id"": ""67"", ""currency"": ""SOS"", ""market_id"": ""2102"", ""pricetype"": ""Retail"", ""unit"": ""KG""}",SOS,19,False
SOM,3611127b9e29e9d1a16b0e14cde74caa2f27f0931389a208903bbe42f3fe157e,"{""commodity"": ""Maize (white)"", ""commodity_id"": ""67"", ""currency"": ""SOS"", ""market_id"": ""2103"", ""pricetype"": ""Retail"", ""unit"": ""KG""}",SOS,59,True
SOM,93370bb0cde0f524b0116e371801a0a9b2446d093f3606439ea71fe0d26195d6,"{""commodity"": ""Maize (white)"", ""commodity_id"": ""67"", ""currency"": ""SOS"", ""market_id"": ""2104"", ""pricetype"": ""Retail"", ""unit"": ""KG""}",SOS,14,False
SOM,c8dd6fa40a277ad545968499bb5c080683d2105e50f25887a000f2574ce8e70b,"{""commodity"": ""Maize (white)"", ""commodity_id"": ""67"", ""currency"": ""SOS"", ""market_id"": ""2105"", ""pricetype"": ""Retail"", ""unit"": ""KG""}",SOS,59,True
SOM,e37470c912524287570ad18a0785dc679ef5d5e74d3a6876e32aef7a43bc6d1d,"{""commodity"": ""Maize (white)"", ""commodity_id"": ""67"", ""currency"": ""SOS"", ""market_id"": ""2106"", ""pricetype"": ""Retail"", ""unit"": ""KG""}",SOS,6,False
SOM,b3a441b4d0d13e6cb151b55459fcee5b8931f0287020c00e6986e3391b04e27e,"{""commodity"": ""Maize (white)"", ""commodity_id"": ""67"", ""currency"": ""SOS"", ""market_id"": ""2107"", ""pricetype"": ""Retail"", ""unit"": ""KG""}",SOS,17,False
SOM,4680a50e32ac099fe45a3934b33ed02da72b3b7c82eb5b5e517f5efe916f29d0,"{""commodity"": ""Maize (white)"", ""commodity_id"": ""67"", ""currency"": ""SOS"", ""market_id"": ""2108"", ""pricetype"": ""Retail"", ""unit"": ""KG""}",SOS,8,False
SOM,3bf1a473344e502f5ae8e5954f551b002fdc7b69010cff940471c06fcb365308,"{""commodity"": ""Maize (white)"", ""commodity_id"": ""67"", ""currency"": ""SOS"", ""market_id"": ""2109"", ""pricetype"": ""Retail"", ""unit"": ""KG""}",SOS,31,True
SOM,568ead359e2b0a989b340d08deec2a8bf8506c178f4b5fba03b81f8b395e673b,"{""commodity"": ""Maize (white)"", ""commodity_id"": ""67"", ""currency"": ""SOS"", ""market_id"": ""2110"", ""pricetype"": ""Retail"", ""unit"": ""KG""}",SOS,59,True
SOM,9991b31bb5aadfaf2854c6d0148453f8fa6e7b2d7e99edc73240d36bbb5a3199,"{""commodity"": ""Maize (white)"", ""commodity_id"": ""67"", ""currency"": ""SOS"", ""market_id"": ""2570"", ""pricetype"": ""Retail"", ""unit"": ""KG""}",SOS,60,True
SOM,4fc1ba0a3fa1efcad2360221c1689d71d4a904b06789979994c1dac768863282,"{""commodity"": ""Maize (white)"", ""commodity_id"": ""67"", ""currency"": ""SOS"", ""market_id"": ""2575"", ""pricetype"": ""Retail"", ""unit"": ""KG""}",SOS,0,False
SOM,bf2ee44fc7425c64ab4fa0b12ef42ff4639e0112fe3962af56d4643352224a22,"{""commodity"": ""Maize (white)"", ""commodity_id"": ""67"", ""currency"": ""SOS"", ""market_id"": ""2597"", ""pricetype"": ""Retail"", ""unit"": ""KG""}",SOS,60,True
SOM,8d16cdc490fffd4d665c63faf20f7a3c977e4ee27f34b886b1e4939b5bae3acb,"{""commodity"": ""Maize (white)"", ""commodity_id"": ""67"", ""currency"": ""SOS"", ""market_id"": ""4631"", ""pricetype"": ""Retail"", ""unit"": ""KG""}",SOS,58,True
SOM,b8dc447c4dccaa71a0eb7f64bd8357a0ca46eb84dbea70e1c84f35efcf2cf2ee,"{""commodity"": ""Maize (white)"", ""commodity_id"": ""67"", ""currency"": ""SOS"", ""market_id"": ""6599"", ""pricetype"": ""Retail"", ""unit"": ""KG""}",SOS,0,False
SOM,da3caabf99e369649bd50745c13a4adeeb02e1ed1ad6ba394f5b46c30a85b25f,"{""commodity"": ""Maize (white)"", ""commodity_id"": ""67"", ""currency"": ""SOS"", ""market_id"": ""6602"", ""pricetype"": ""Retail"", ""unit"": ""KG""}",SOS,0,False
SOM,e130b95f587d45a8a296800760848ea48b20ac46b4074475e13db691d464657c,"{""commodity"": ""Maize (white)"", ""commodity_id"": ""67"", ""currency"": ""SOS"", ""market_id"": ""6604"", ""pricetype"": ""Retail"", ""unit"": ""KG""}",SOS,0,False
SOM,1ebd83feace99af1a96698463c39de54c7f84d78f2d354437820be0423748c88,"{""commodity"": ""Maize (white)"", ""commodity_id"": ""67"", ""currency"": ""SOS"", ""market_id"": ""6605"", ""pricetype"": ""Retail"", ""unit"": ""KG""}",SOS,0,False
SOM,638ec83f61693f5164a6ed794947f2b94fdd7199c109979d4d2decdbd6846701,"{""commodity"": ""Maize (white)"", ""commodity_id"": ""67"", ""currency"": ""SOS"", ""market_id"": ""6608"", ""pricetype"": ""Retail"", ""unit"": ""KG""}",SOS,0,False
SOM,991697067e4bc04c84a66c7c1ce8aa3df4809a83fac925efa32b93a0fdf52be4,"{""commodity"": ""Maize (white)"", ""commodity_id"": ""67"", ""currency"": ""SOS"", ""market_id"": ""6611"", ""pricetype"": ""Retail"", ""unit"": ""KG""}",SOS,0,False
SOM,97140cd2d52e1506f796f21b937cde7aa8ccfe4c773fa417feeba3832e0412de,"{""commodity"": ""Maize (white)"", ""commodity_id"": ""67"", ""currency"": ""SOS"", ""market_id"": ""6614"", ""pricetype"": ""Retail"", ""unit"": ""KG""}",SOS,0,False
SOM,954863c384c5b1317469f514305d523fa535ecd70e3c4997b0acbdbf2d3c8b94,"{""commodity"": ""Maize (white)"", ""commodity_id"": ""67"", ""currency"": ""SOS"", ""market_id"": ""6616"", ""pricetype"": ""Retail"", ""unit"": ""KG""}",SOS,0,False
SOM,728720b6889b10febd9ef1611b724f73e804fbf71b2d5a8f702878d665891ee8,"{""commodity"": ""Maize (white)"", ""commodity_id"": ""67"", ""currency"": ""SOS"", ""market_id"": ""6618"", ""pricetype"": ""Retail"", ""unit"": ""KG""}",SOS,0,False
SOM,378cffbe786b9fb60e23fcdc0761b2c04e4ea6f9c5eb4548f9ad0d6582198c82,"{""commodity"": ""Maize (white)"", ""commodity_id"": ""67"", ""currency"": ""SOS"", ""market_id"": ""6621"", ""pricetype"": ""Retail"", ""unit"": ""KG""}",SOS,0,False
SOM,4ca1acb86aa07b6824c1c707bdb66f9b38561f1e2c675c2026c88c6f2397968a,"{""commodity"": ""Maize (white)"", ""commodity_id"": ""67"", ""currency"": ""SOS"", ""market_id"": ""6622"", ""pricetype"": ""Retail"", ""unit"": ""KG""}",SOS,0,False
SOM,ce22a30aec758056f9f31a60d8688ed3b6f9e5eae75e8675f37442e05efd760e,"{""commodity"": ""Maize (white)"", ""commodity_id"": ""67"", ""currency"": ""SOS"", ""market_id"": ""6625"", ""pricetype"": ""Retail"", ""unit"": ""KG""}",SOS,0,False
SOM,46da88df95a0cc3bd226cd3d28b328019cb9aec24e93427ebe2af1b5211016c3,"{""commodity"": ""Maize (white)"", ""commodity_id"": ""67"", ""currency"": ""SOS"", ""market_id"": ""6634"", ""pricetype"": ""Retail"", ""unit"": ""KG""}",SOS,60,True
SOM,ad775a0a3fba0be30032e2f5ca517d105ba7922e47e336836f624f2a0a828110,"{""commodity"": ""Oil (vegetable, imported)"", ""commodity_id"": ""101"", ""currency"": ""SLS"", ""market_id"": ""1412"", ""pricetype"": ""Retail"", ""unit"": ""L""}",SLS,21,False
SOM,4ef7ecd9cd8f39279953000cbaa1fb7a3b7d483b66e538d0e5c690950ff241d9,"{""commodity"": ""Oil (vegetable, imported)"", ""commodity_id"": ""101"", ""currency"": ""SLS"", ""market_id"": ""1413"", ""pricetype"": ""Retail"", ""unit"": ""L""}",SLS,26,True
SOM,82da98f16211f5300e05cd549463d1ea9f9aeab5a6349f96abcd883e7c90c9fc,"{""commodity"": ""Oil (vegetable, imported)"", ""commodity_id"": ""101"", ""currency"": ""SLS"", ""market_id"": ""1415"", ""pricetype"": ""Retail"", ""unit"": ""L""}",SLS,17,False
SOM,919ed5f4f90f539e624bd00e46c92ceb22b25623fc47553f5c3ee12a0b2f44e9,"{""commodity"": ""Oil (vegetable, imported)"", ""commodity_id"": ""101"", ""currency"": ""SLS"", ""market_id"": ""1416"", ""pricetype"": ""Retail"", ""unit"": ""L""}",SLS,7,False
SOM,b6f94c30f71ea32cc3da8f20864402c52fea3ac21b1847b6eb49b3a1d5779d6c,"{""commodity"": ""Oil (vegetable, imported)"", ""commodity_id"": ""101"", ""currency"": ""SLS"", ""market_id"": ""1419"", ""pricetype"": ""Retail"", ""unit"": ""L""}",SLS,32,True
SOM,f2be0bf76455e07f1fc2e2b27bc3934f3b57c7005792a62bf4d7c21e5c9395ba,"{""commodity"": ""Oil (vegetable, imported)"", ""commodity_id"": ""101"", ""currency"": ""SLS"", ""market_id"": ""2096"", ""pricetype"": ""Retail"", ""unit"": ""L""}",SLS,4,False
SOM,c19dca146159c3637d0f004f5be64c0083da355af9bfc02096ff0f05138a8d5e,"{""commodity"": ""Oil (vegetable, imported)"", ""commodity_id"": ""101"", ""currency"": ""SOS"", ""market_id"": ""1413"", ""pricetype"": ""Retail"", ""unit"": ""L""}",SOS,22,False
SOM,9eafeca08980c51fb31586ee82671c201143382c29c233ff58ef3bd008fdf333,"{""commodity"": ""Oil (vegetable, imported)"", ""commodity_id"": ""101"", ""currency"": ""SOS"", ""market_id"": ""1414"", ""pricetype"": ""Retail"", ""unit"": ""L""}",SOS,53,True
SOM,8fb5ed09b7f9178cbff99d5d51053cdc62e9b92f3d7a406c9986797fcdf2ab49,"{""commodity"": ""Oil (vegetable, imported)"", ""commodity_id"": ""101"", ""currency"": ""SOS"", ""market_id"": ""1415"", ""pricetype"": ""Retail"", ""unit"": ""L""}",SOS,22,False
SOM,e827797cd148c98b9169fed778f930e87950ec054f8b0df7a519ff2fd0a9fec6,"{""commodity"": ""Oil (vegetable, imported)"", ""commodity_id"": ""101"", ""currency"": ""SOS"", ""market_id"": ""1416"", ""pricetype"": ""Retail"", ""unit"": ""L""}",SOS,3,False
SOM,885085a9649f90dacf00e704faae3bdffcdde3bcb1816a483f1970cc4f4a10c8,"{""commodity"": ""Oil (vegetable, imported)"", ""commodity_id"": ""101"", ""currency"": ""SOS"", ""market_id"": ""1417"", ""pricetype"": ""Retail"", ""unit"": ""L""}",SOS,51,True
SOM,585f1e3afb2df04ccb77ed20a155c5cd8bcbd87ac4937518c9d1b241bde3c545,"{""commodity"": ""Oil (vegetable, imported)"", ""commodity_id"": ""101"", ""currency"": ""SOS"", ""market_id"": ""1418"", ""pricetype"": ""Retail"", ""unit"": ""L""}",SOS,53,True
SOM,acbfe69d320384f98d48886603125add418741f08c0886ceadf80a96969e189c,"{""commodity"": ""Oil (vegetable, imported)"", ""commodity_id"": ""101"", ""currency"": ""SOS"", ""market_id"": ""1419"", ""pricetype"": ""Retail"", ""unit"": ""L""}",SOS,22,False
SOM,80824676b6a3b91494855fc75d7d074587f4b1ca40592d29945b418996055094,"{""commodity"": ""Oil (vegetable, imported)"", ""commodity_id"": ""101"", ""currency"": ""SOS"", ""market_id"": ""1420"", ""pricetype"": ""Retail"", ""unit"": ""L""}",SOS,42,True
SOM,4603acf5512b211443b53e616af82396a675a241c2b4c4f8cb648d6ea7f45253,"{""commodity"": ""Oil (vegetable, imported)"", ""commodity_id"": ""101"", ""currency"": ""SOS"", ""market_id"": ""1894"", ""pricetype"": ""Retail"", ""unit"": ""L""}",SOS,38,True
SOM,9ba5019b41d649033ceedd775c39cf99244a6281c9d59fe893936fa626cf98af,"{""commodity"": ""Oil (vegetable, imported)"", ""commodity_id"": ""101"", ""currency"": ""SOS"", ""market_id"": ""2097"", ""pricetype"": ""Retail"", ""unit"": ""L""}",SOS,7,False
SOM,4f87db7d7c50446ef37530398b768477cf9e97d893ed702306ca64331817cca0,"{""commodity"": ""Oil (vegetable, imported)"", ""commodity_id"": ""101"", ""currency"": ""SOS"", ""market_id"": ""2098"", ""pricetype"": ""Retail"", ""unit"": ""L""}",SOS,31,True
SOM,fc99e57ffd9005acba184a7f8c6f5e3034bcb5a00cd3667fd3729eb0aa9ee6e3,"{""commodity"": ""Oil (vegetable, imported)"", ""commodity_id"": ""101"", ""currency"": ""SOS"", ""market_id"": ""2099"", ""pricetype"": ""Retail"", ""unit"": ""L""}",SOS,12,False
SOM,f997c0b4e594a2edae5b8ff2ccac08ca3809d738812f10b30f2d6c27f4d440bb,"{""commodity"": ""Oil (vegetable, imported)"", ""commodity_id"": ""101"", ""currency"": ""SOS"", ""market_id"": ""2100"", ""pricetype"": ""Retail"", ""unit"": ""L""}",SOS,31,True
SOM,201ff45c0a729fdcceac6ed8372e29740f9ed7d13ab7a843b1609b08bd284cb4,"{""commodity"": ""Oil (vegetable, imported)"", ""commodity_id"": ""101"", ""currency"": ""SOS"", ""market_id"": ""2102"", ""pricetype"": ""Retail"", ""unit"": ""L""}",SOS,25,True
SOM,17e7ecbf6c13a5443624a7b10769b61a3c6ba9fd6cddceb9ec186a32e611ae11,"{""commodity"": ""Oil (vegetable, imported)"", ""commodity_id"": ""101"", ""currency"": ""SOS"", ""market_id"": ""2103"", ""pricetype"": ""Retail"", ""unit"": ""L""}",SOS,21,False
SOM,9f91c7d5f918bfe351964ce9823896f3e31563dc5def85e6037c9a35312ac09b,"{""commodity"": ""Oil (vegetable, imported)"", ""commodity_id"": ""101"", ""currency"": ""SOS"", ""market_id"": ""2104"", ""pricetype"": ""Retail"", ""unit"": ""L""}",SOS,14,False
SOM,8b4d5f5bc082108a17dbee6d51d981642504ee3a74365d9b4d9da124e39948ac,"{""commodity"": ""Oil (vegetable, imported)"", ""commodity_id"": ""101"", ""currency"": ""SOS"", ""market_id"": ""2105"", ""pricetype"": ""Retail"", ""unit"": ""L""}",SOS,9,False
SOM,7669d95b870607eb1f71bc661cfcfe3d8e3a229dae1c3c59993a18d54dd6d5a9,"{""commodity"": ""Oil (vegetable, imported)"", ""commodity_id"": ""101"", ""currency"": ""SOS"", ""market_id"": ""2106"", ""pricetype"": ""Retail"", ""unit"": ""L""}",SOS,6,False
SOM,f87c15d2b192a75f2561d2732740dbb20454ebe27e418a1246d068f3ac4df1cf,"{""commodity"": ""Oil (vegetable, imported)"", ""commodity_id"": ""101"", ""currency"": ""SOS"", ""market_id"": ""2107"", ""pricetype"": ""Retail"", ""unit"": ""L""}",SOS,17,False
SOM,415def0feab14985a95f51fb1b53fdbe661e3df1dba7ede0d79ba8d31e1bc51c,"{""commodity"": ""Oil (vegetable, imported)"", ""commodity_id"": ""101"", ""currency"": ""SOS"", ""market_id"": ""2108"", ""pricetype"": ""Retail"", ""unit"": ""L""}",SOS,8,False
SOM,b2169ab12cf9a36e53be388e751275b6f4a52e118672e5c4282f6a725bd56b09,"{""commodity"": ""Oil (vegetable, imported)"", ""commodity_id"": ""101"", ""currency"": ""SOS"", ""market_id"": ""2109"", ""pricetype"": ""Retail"", ""unit"": ""L""}",SOS,31,True
SOM,9f8712fe5324d17ec4969e4155839046927f742da9889f7617eadebc828edefa,"{""commodity"": ""Oil (vegetable, imported)"", ""commodity_id"": ""101"", ""currency"": ""SOS"", ""market_id"": ""2110"", ""pricetype"": ""Retail"", ""unit"": ""L""}",SOS,29,True
SOM,8e9462f963487a593a112d2537fb24887f1adf1189c1a54d3473392df21c9b68,"{""commodity"": ""Oil (vegetable, imported)"", ""commodity_id"": ""101"", ""currency"": ""SOS"", ""market_id"": ""2575"", ""pricetype"": ""Retail"", ""unit"": ""L""}",SOS,0,False
SOM,b2c6db68fb379d5aaec40e07b0530a8cff6f8371c12b6e78d7208d4189ea0198,"{""commodity"": ""Oil (vegetable, imported)"", ""commodity_id"": ""101"", ""currency"": ""SOS"", ""market_id"": ""6599"", ""pricetype"": ""Retail"", ""unit"": ""L""}",SOS,0,False
SOM,cb98256ff5e7136c7b1bff30ce4c0305e3de549502be6fe7545ca7fa30d8861d,"{""commodity"": ""Oil (vegetable, imported)"", ""commodity_id"": ""101"", ""currency"": ""SOS"", ""market_id"": ""6602"", ""pricetype"": ""Retail"", ""unit"": ""L""}",SOS,0,False
SOM,bfd7a9ae519ac51c7b1d6d31e56b989b9b09c9553f26fd12fd2771a80b779230,"{""commodity"": ""Oil (vegetable, imported)"", ""commodity_id"": ""101"", ""currency"": ""SOS"", ""market_id"": ""6604"", ""pricetype"": ""Retail"", ""unit"": ""L""}",SOS,0,False
SOM,30268fa15903a870bbb89e4b90a0bb9586a0a58a0d11c5bc530c3c40c3700dd7,"{""commodity"": ""Oil (vegetable, imported)"", ""commodity_id"": ""101"", ""currency"": ""SOS"", ""market_id"": ""6605"", ""pricetype"": ""Retail"", ""unit"": ""L""}",SOS,0,False
SOM,5b12b7f52e06ff9277a6c185a531a8e5585ba4d14878768e3724cad96eddafcc,"{""commodity"": ""Oil (vegetable, imported)"", ""commodity_id"": ""101"", ""currency"": ""SOS"", ""market_id"": ""6608"", ""pricetype"": ""Retail"", ""unit"": ""L""}",SOS,0,False
SOM,3795f009071d5537ab867b36508444a0f474f8a67498a305b78ffc81161664bd,"{""commodity"": ""Oil (vegetable, imported)"", ""commodity_id"": ""101"", ""currency"": ""SOS"", ""market_id"": ""6611"", ""pricetype"": ""Retail"", ""unit"": ""L""}",SOS,0,False
SOM,e8866934df4add08e24fec36c9fbb3c745192f214f2022609e5bd51e02e37c99,"{""commodity"": ""Oil (vegetable, imported)"", ""commodity_id"": ""101"", ""currency"": ""SOS"", ""market_id"": ""6614"", ""pricetype"": ""Retail"", ""unit"": ""L""}",SOS,0,False
SOM,ab459a82b99e06b6dee782d89fe0bf78958a8208fa2e9d82c4c7a3b7c0dafd31,"{""commodity"": ""Oil (vegetable, imported)"", ""commodity_id"": ""101"", ""currency"": ""SOS"", ""market_id"": ""6616"", ""pricetype"": ""Retail"", ""unit"": ""L""}",SOS,0,False
SOM,41ec032658feba17784c12bb4b9f2181c0f5bfae78bc9822befde447423ca632,"{""commodity"": ""Oil (vegetable, imported)"", ""commodity_id"": ""101"", ""currency"": ""SOS"", ""market_id"": ""6618"", ""pricetype"": ""Retail"", ""unit"": ""L""}",SOS,0,False
SOM,22f58156203448238403dd5b167795e2f45db222fe51704d9cc96f9b19ab74e0,"{""commodity"": ""Oil (vegetable, imported)"", ""commodity_id"": ""101"", ""currency"": ""SOS"", ""market_id"": ""6621"", ""pricetype"": ""Retail"", ""unit"": ""L""}",SOS,0,False
SOM,486ab25ace23d5df48c66ae0bbd23af15cd2b49a14a2627da7370e66eee2de5b,"{""commodity"": ""Oil (vegetable, imported)"", ""commodity_id"": ""101"", ""currency"": ""SOS"", ""market_id"": ""6622"", ""pricetype"": ""Retail"", ""unit"": ""L""}",SOS,0,False
SOM,6b65629f43c16e0d2d8da2746ee632f80203bbc936c09f8436c4732038a580b3,"{""commodity"": ""Oil (vegetable, imported)"", ""commodity_id"": ""101"", ""currency"": ""SOS"", ""market_id"": ""6625"", ""pricetype"": ""Retail"", ""unit"": ""L""}",SOS,0,False
SOM,51ab4d2a35de91207ddf6b10f8b6b48175097693fe5e0cee5c92f9ef4b501810,"{""commodity"": ""Oil (vegetable, imported)"", ""commodity_id"": ""101"", ""currency"": ""SOS"", ""market_id"": ""6634"", ""pricetype"": ""Retail"", ""unit"": ""L""}",SOS,4,False
SOM,3b27e1b20ee1d2d6323a787201c41932345e0f6160b5bff60c59eab817880caa,"{""commodity"": ""Rice (imported)"", ""commodity_id"": ""64"", ""currency"": ""SLS"", ""market_id"": ""1412"", ""pricetype"": ""Retail"", ""unit"": ""KG""}",SLS,21,False
SOM,e74e082d5175e6fddd6cfaeb13846574f624a90fccd8b5cd79fa20d5de9561ff,"{""commodity"": ""Rice (imported)"", ""commodity_id"": ""64"", ""currency"": ""SLS"", ""market_id"": ""1413"", ""pricetype"": ""Retail"", ""unit"": ""KG""}",SLS,26,True
SOM,2da170d1ce024cc3aa55bda70d11e6a4d4784dab84458d463a99371fbeb989de,"{""commodity"": ""Rice (imported)"", ""commodity_id"": ""64"", ""currency"": ""SLS"", ""market_id"": ""1415"", ""pricetype"": ""Retail"", ""unit"": ""KG""}",SLS,17,False
SOM,ad7378a31a65a64ac67de1fc0b11a75d955ae2ed9069f5d7a6b7bdee0d3125f5,"{""commodity"": ""Rice (imported)"", ""commodity_id"": ""64"", ""currency"": ""SLS"", ""market_id"": ""1416"", ""pricetype"": ""Retail"", ""unit"": ""KG""}",SLS,7,False
SOM,7017d04de567cb9c264be179678f9320d2d628602c04dc68199b663dd28a892a,"{""commodity"": ""Rice (imported)"", ""commodity_id"": ""64"", ""currency"": ""SLS"", ""market_id"": ""1419"", ""pricetype"": ""Retail"", ""unit"": ""KG""}",SLS,32,True
SOM,f23b5346b8e8e516cc1c46735954a981c7495c79d5dd40bdf92eb338e04319a8,"{""commodity"": ""Rice (imported)"", ""commodity_id"": ""64"", ""currency"": ""SLS"", ""market_id"": ""2096"", ""pricetype"": ""Retail"", ""unit"": ""KG""}",SLS,5,False
SOM,4c66c78e86a3bfb24bb762c46ff285aea0dc118e87f48f5a14ca626a177b2855,"{""commodity"": ""Rice (imported)"", ""commodity_id"": ""64"", ""currency"": ""SOS"", ""market_id"": ""1413"", ""pricetype"": ""Retail"", ""unit"": ""KG""}",SOS,32,True
SOM,92417c0560a331d47a0ca623ab61c5db677bcf0e660bdd41c414a14da2513393,"{""commodity"": ""Rice (imported)"", ""commodity_id"": ""64"", ""currency"": ""SOS"", ""market_id"": ""1414"", ""pricetype"": ""Retail"", ""unit"": ""KG""}",SOS,58,True
SOM,f971dd9d3c18afb0cac1ba6df6cb4997a776424e651546e63ddc0cc472dc2304,"{""commodity"": ""Rice (imported)"", ""commodity_id"": ""64"", ""currency"": ""SOS"", ""market_id"": ""1415"", ""pricetype"": ""Retail"", ""unit"": ""KG""}",SOS,22,False
SOM,5c830804d3abcd5fe245b696c61b0c4c3f41b422fd559202c44a5f9d3bfc25a2,"{""commodity"": ""Rice (imported)"", ""commodity_id"": ""64"", ""currency"": ""SOS"", ""market_id"": ""1416"", ""pricetype"": ""Retail"", ""unit"": ""KG""}",SOS,21,False
SOM,e5adf49789c2beb3f1d43585d6e87d519d3821b43e2a29716e4be2e1af87a48e,"{""commodity"": ""Rice (imported)"", ""commodity_id"": ""64"", ""currency"": ""SOS"", ""market_id"": ""1417"", ""pricetype"": ""Retail"", ""unit"": ""KG""}",SOS,58,True
SOM,451b42bc615d0acbef216e14b96d09699ca4be6855f3456b1c807dda1726bfe7,"{""commodity"": ""Rice (imported)"", ""commodity_id"": ""64"", ""currency"": ""SOS"", ""market_id"": ""1418"", ""pricetype"": ""Retail"", ""unit"": ""KG""}",SOS,53,True
SOM,1abf80ed55262d2828e72cf3cfec9e8eafce863cd753b14d2dc9054118ac2a86,"{""commodity"": ""Rice (imported)"", ""commodity_id"": ""64"", ""currency"": ""SOS"", ""market_id"": ""1419"", ""pricetype"": ""Retail"", ""unit"": ""KG""}",SOS,26,True
SOM,716be888fa8ded9e98b5c9eb46ed7d2c61831349d6ec85a4a4da9e9522553ba2,"{""commodity"": ""Rice (imported)"", ""commodity_id"": ""64"", ""currency"": ""SOS"", ""market_id"": ""1420"", ""pricetype"": ""Retail"", ""unit"": ""KG""}",SOS,42,True
SOM,bcdd7c0fa0bdeeaab83604e0c3e99552c0812d293cdb870041c1da0369390eb0,"{""commodity"": ""Rice (imported)"", ""commodity_id"": ""64"", ""currency"": ""SOS"", ""market_id"": ""1894"", ""pricetype"": ""Retail"", ""unit"": ""KG""}",SOS,59,True
SOM,174d23b9b59a67c2381ec86fa8a86a6843c76f3cba383fb9556f8fc6d5ac21ec,"{""commodity"": ""Rice (imported)"", ""commodity_id"": ""64"", ""currency"": ""SOS"", ""market_id"": ""2097"", ""pricetype"": ""Retail"", ""unit"": ""KG""}",SOS,7,False
SOM,785afcfdbf630e9345fef8b038d7956c5512927fcea4fb7580149e7841624f46,"{""commodity"": ""Rice (imported)"", ""commodity_id"": ""64"", ""currency"": ""SOS"", ""market_id"": ""2098"", ""pricetype"": ""Retail"", ""unit"": ""KG""}",SOS,31,True
SOM,778164ae394384b889aee391b6dd831bb9d671541c17450fe6e3d54a43f4b576,"{""commodity"": ""Rice (imported)"", ""commodity_id"": ""64"", ""currency"": ""SOS"", ""market_id"": ""2099"", ""pricetype"": ""Retail"", ""unit"": ""KG""}",SOS,12,False
SOM,a18140321aee15efdefd970a4e383b51470600736874d83bd6c91d3099572a63,"{""commodity"": ""Rice (imported)"", ""commodity_id"": ""64"", ""currency"": ""SOS"", ""market_id"": ""2100"", ""pricetype"": ""Retail"", ""unit"": ""KG""}",SOS,31,True
SOM,bd394502ad5e902c7d87187833b901384be8835aea265fbd75074a7881c5034a,"{""commodity"": ""Rice (imported)"", ""commodity_id"": ""64"", ""currency"": ""SOS"", ""market_id"": ""2102"", ""pricetype"": ""Retail"", ""unit"": ""KG""}",SOS,25,True
SOM,28a5613e9983e48412876a631486f1b82d3c2e165bc441f63c19d5cedb64e172,"{""commodity"": ""Rice (imported)"", ""commodity_id"": ""64"", ""currency"": ""SOS"", ""market_id"": ""2103"", ""pricetype"": ""Retail"", ""unit"": ""KG""}",SOS,59,True
SOM,04168514fd7540de46b45094453dd00eee5dfd6a5c1a9c0a7ffeef7d56165fbb,"{""commodity"": ""Rice (imported)"", ""commodity_id"": ""64"", ""currency"": ""SOS"", ""market_id"": ""2104"", ""pricetype"": ""Retail"", ""unit"": ""KG""}",SOS,14,False
SOM,83d5a063d6dbea92eca92557b405aac3a73132ec182af14503e7834104dba722,"{""commodity"": ""Rice (imported)"", ""commodity_id"": ""64"", ""currency"": ""SOS"", ""market_id"": ""2105"", ""pricetype"": ""Retail"", ""unit"": ""KG""}",SOS,59,True
SOM,916ad20a5e1c4b8428754838bdb32e9e54945172e6e90a7a2af98b94da85b915,"{""commodity"": ""Rice (imported)"", ""commodity_id"": ""64"", ""currency"": ""SOS"", ""market_id"": ""2106"", ""pricetype"": ""Retail"", ""unit"": ""KG""}",SOS,6,False
SOM,9908dc0a0e53498726ce02df08bf876421818261838fb700d402d6f7d2ee1e5b,"{""commodity"": ""Rice (imported)"", ""commodity_id"": ""64"", ""currency"": ""SOS"", ""market_id"": ""2107"", ""pricetype"": ""Retail"", ""unit"": ""KG""}",SOS,17,False
SOM,28064cd0e6f008544b8146ba11ca61efa07c5006dee0d0962476f1264ec9819c,"{""commodity"": ""Rice (imported)"", ""commodity_id"": ""64"", ""currency"": ""SOS"", ""market_id"": ""2108"", ""pricetype"": ""Retail"", ""unit"": ""KG""}",SOS,8,False
SOM,f4cbb407c7bac5a70c2371dd8d9c1baf5c50262cafaca66398262f9db6c3f949,"{""commodity"": ""Rice (imported)"", ""commodity_id"": ""64"", ""currency"": ""SOS"", ""market_id"": ""2109"", ""pricetype"": ""Retail"", ""unit"": ""KG""}",SOS,31,True
SOM,d2f126c883c4917c58b171946a3c9485bca5e17d4aa3a65887cbef91444f329c,"{""commodity"": ""Rice (imported)"", ""commodity_id"": ""64"", ""currency"": ""SOS"", ""market_id"": ""2110"", ""pricetype"": ""Retail"", ""unit"": ""KG""}",SOS,59,True
SOM,f8b16545d140cc86d9dd8461dd07cafd948abbe437976c3d0cdf78e16d18cb20,"{""commodity"": ""Rice (imported)"", ""commodity_id"": ""64"", ""currency"": ""SOS"", ""market_id"": ""2570"", ""pricetype"": ""Retail"", ""unit"": ""KG""}",SOS,60,True
SOM,8535d59915b417f66105b0890e36a586719751a0e901d388d8132db26631074a,"{""commodity"": ""Rice (imported)"", ""commodity_id"": ""64"", ""currency"": ""SOS"", ""market_id"": ""2575"", ""pricetype"": ""Retail"", ""unit"": ""KG""}",SOS,0,False
SOM,47d928911e7f2dc45f90d064ecfc95aa37ebbdf2b005b5ada5eeaeb679c21dfe,"{""commodity"": ""Rice (imported)"", ""commodity_id"": ""64"", ""currency"": ""SOS"", ""market_id"": ""2590"", ""pricetype"": ""Retail"", ""unit"": ""KG""}",SOS,60,True
SOM,4a446853c566699ca75faa06598464e9dc156cdf28c98243da133bc82c0495fb,"{""commodity"": ""Rice (imported)"", ""commodity_id"": ""64"", ""currency"": ""SOS"", ""market_id"": ""4631"", ""pricetype"": ""Retail"", ""unit"": ""KG""}",SOS,58,True
SOM,fec2da3f4c798b7f2ab7a3c26f29fe4572b0c4c630e6b8329ee87386dc016b7a,"{""commodity"": ""Rice (imported)"", ""commodity_id"": ""64"", ""currency"": ""SOS"", ""market_id"": ""6599"", ""pricetype"": ""Retail"", ""unit"": ""KG""}",SOS,0,False
SOM,5daa716e5328a7a54b4ef92105a1fc1ee5caf9ae40bd148cf5c6df6ab4ecf9da,"{""commodity"": ""Rice (imported)"", ""commodity_id"": ""64"", ""currency"": ""SOS"", ""market_id"": ""6602"", ""pricetype"": ""Retail"", ""unit"": ""KG""}",SOS,0,False
SOM,bddd76e0d5e3f948080599fb11020969f30ad857e3bdaa48230a1105d1482035,"{""commodity"": ""Rice (imported)"", ""commodity_id"": ""64"", ""currency"": ""SOS"", ""market_id"": ""6604"", ""pricetype"": ""Retail"", ""unit"": ""KG""}",SOS,0,False
SOM,1c0a39b0e73cf5f80b0657301fe22ee13b7b3546e9cb5f7c41b0d86b92f150b4,"{""commodity"": ""Rice (imported)"", ""commodity_id"": ""64"", ""currency"": ""SOS"", ""market_id"": ""6605"", ""pricetype"": ""Retail"", ""unit"": ""KG""}",SOS,0,False
SOM,171e49b478889b6fcf968fdb16098ea6a2dc5a02edba762b6ad13803aa702081,"{""commodity"": ""Rice (imported)"", ""commodity_id"": ""64"", ""currency"": ""SOS"", ""market_id"": ""6608"", ""pricetype"": ""Retail"", ""unit"": ""KG""}",SOS,0,False
SOM,c3f3606df62a1b4a1407ef91a75c606d99f91dbb14901f0569446f120e56f6d2,"{""commodity"": ""Rice (imported)"", ""commodity_id"": ""64"", ""currency"": ""SOS"", ""market_id"": ""6611"", ""pricetype"": ""Retail"", ""unit"": ""KG""}",SOS,0,False
SOM,6576f109b39fc839b6b4077c1c2397548f21aad0cc39140f00848fac65b559f0,"{""commodity"": ""Rice (imported)"", ""commodity_id"": ""64"", ""currency"": ""SOS"", ""market_id"": ""6614"", ""pricetype"": ""Retail"", ""unit"": ""KG""}",SOS,0,False
SOM,84832648f632054835fcd871ed7a19b2eae6597fc8529808e7b57126af47da5a,"{""commodity"": ""Rice (imported)"", ""commodity_id"": ""64"", ""currency"": ""SOS"", ""market_id"": ""6616"", ""pricetype"": ""Retail"", ""unit"": ""KG""}",SOS,0,False
SOM,e189454a2398191258bf7447282e99e9f76e86c00d5d081d332ae6a73db08fd8,"{""commodity"": ""Rice (imported)"", ""commodity_id"": ""64"", ""currency"": ""SOS"", ""market_id"": ""6618"", ""pricetype"": ""Retail"", ""unit"": ""KG""}",SOS,0,False
SOM,554c781da7d239843306eef8b65ed806ad3a068f9ebd56caf45f9adcad3a4e15,"{""commodity"": ""Rice (imported)"", ""commodity_id"": ""64"", ""currency"": ""SOS"", ""market_id"": ""6621"", ""pricetype"": ""Retail"", ""unit"": ""KG""}",SOS,0,False
SOM,81a268c4a5cef6c11d8e842628992368a10484a88f3fe2b5f4f9a7b8d846ddce,"{""commodity"": ""Rice (imported)"", ""commodity_id"": ""64"", ""currency"": ""SOS"", ""market_id"": ""6622"", ""pricetype"": ""Retail"", ""unit"": ""KG""}",SOS,0,False
SOM,403354a0db3c9b2ebbc9cfba575f679b274e306489421d544f7f289addb8b5c2,"{""commodity"": ""Rice (imported)"", ""commodity_id"": ""64"", ""currency"": ""SOS"", ""market_id"": ""6625"", ""pricetype"": ""Retail"", ""unit"": ""KG""}",SOS,0,False
SOM,0ebad3b83c2fa04bb9a5a2f8b1fa485085bbdb19652a1d8f65fb8bc43aa3d28e,"{""commodity"": ""Rice (imported)"", ""commodity_id"": ""64"", ""currency"": ""SOS"", ""market_id"": ""6634"", ""pricetype"": ""Retail"", ""unit"": ""KG""}",SOS,60,True
SOM,9050101d188148b483673605eed5d208057852c2d353725ae6154bf210ca7052,"{""commodity"": ""Sorghum (red)"", ""commodity_id"": ""282"", ""currency"": ""SLS"", ""market_id"": ""1412"", ""pricetype"": ""Retail"", ""unit"": ""KG""}",SLS,5,False
SOM,833d3e89eb9b8869c101736cc1bcbaef43248f1acc26e7be7ab7e533b0ca1c88,"{""commodity"": ""Sorghum (red)"", ""commodity_id"": ""282"", ""currency"": ""SLS"", ""market_id"": ""1413"", ""pricetype"": ""Retail"", ""unit"": ""KG""}",SLS,14,False
SOM,49d345d41b9dbe12713cfd1f9184fea077735df500bfa85cc2c5735a9b5a4392,"{""commodity"": ""Sorghum (red)"", ""commodity_id"": ""282"", ""currency"": ""SLS"", ""market_id"": ""1415"", ""pricetype"": ""Retail"", ""unit"": ""KG""}",SLS,14,False
SOM,c83a8610c1a9ba3a32cf06fb36fe54c0f51148e2ff15b4b1fcfd74c39f4783d8,"{""commodity"": ""Sorghum (red)"", ""commodity_id"": ""282"", ""currency"": ""SLS"", ""market_id"": ""1416"", ""pricetype"": ""Retail"", ""unit"": ""KG""}",SLS,5,False
SOM,600f9270ff7891896d95614a7d9c0434e853ea4e6014398e0dd72c207bd81336,"{""commodity"": ""Sorghum (red)"", ""commodity_id"": ""282"", ""currency"": ""SLS"", ""market_id"": ""1419"", ""pricetype"": ""Retail"", ""unit"": ""KG""}",SLS,14,False
SOM,6d6811eb11b3bf918fed48603174acc30c074024cb12af5f9d519b69283f3977,"{""commodity"": ""Sorghum (red)"", ""commodity_id"": ""282"", ""currency"": ""SLS"", ""market_id"": ""2096"", ""pricetype"": ""Retail"", ""unit"": ""KG""}",SLS,3,False
SOM,93efe491c452af3fa11f9142573f9b12edfb54e59cbafcd7036962958856ae47,"{""commodity"": ""Sorghum (red)"", ""commodity_id"": ""282"", ""currency"": ""SOS"", ""market_id"": ""1413"", ""pricetype"": ""Retail"", ""unit"": ""KG""}",SOS,44,True
SOM,f835eaba93778498a3952499045fffed84cfe208f2629ebc5ada5abc972f4e18,"{""commodity"": ""Sorghum (red)"", ""commodity_id"": ""282"", ""currency"": ""SOS"", ""market_id"": ""1414"", ""pricetype"": ""Retail"", ""unit"": ""KG""}",SOS,58,True
SOM,7eaadb9a3400f2c140b219a02506a3b6788dede236b94029faf98c5c9ae1a577,"{""commodity"": ""Sorghum (red)"", ""commodity_id"": ""282"", ""currency"": ""SOS"", ""market_id"": ""1415"", ""pricetype"": ""Retail"", ""unit"": ""KG""}",SOS,21,False
SOM,60845e647ca97a7cef8cce8f42282dffc39264b63de2cb471e616f1e9352b848,"{""commodity"": ""Sorghum (red)"", ""commodity_id"": ""282"", ""currency"": ""SOS"", ""market_id"": ""1416"", ""pricetype"": ""Retail"", ""unit"": ""KG""}",SOS,21,False
SOM,f603e74247bc63746dbdf62f8c01619564a2cf10eac59724404ae7182ec74d89,"{""commodity"": ""Sorghum (red)"", ""commodity_id"": ""282"", ""currency"": ""SOS"", ""market_id"": ""1417"", ""pricetype"": ""Retail"", ""unit"": ""KG""}",SOS,58,True
SOM,6ef3bfb3d4c2ad03989b326a446865061d8e4d7e2419fa229cb0ceba20b66e93,"{""commodity"": ""Sorghum (red)"", ""commodity_id"": ""282"", ""currency"": ""SOS"", ""market_id"": ""1418"", ""pricetype"": ""Retail"", ""unit"": ""KG""}",SOS,38,True
SOM,53e641258ee79ad20fef7ad5256953dcd606c6b7106ec81efa86b54b545a4daa,"{""commodity"": ""Sorghum (red)"", ""commodity_id"": ""282"", ""currency"": ""SOS"", ""market_id"": ""1419"", ""pricetype"": ""Retail"", ""unit"": ""KG""}",SOS,44,True
SOM,ec5876fd3635d99dc04c4d44883f61af64480cf2ba2017671c053231a2f7e6d2,"{""commodity"": ""Sorghum (red)"", ""commodity_id"": ""282"", ""currency"": ""SOS"", ""market_id"": ""1420"", ""pricetype"": ""Retail"", ""unit"": ""KG""}",SOS,28,True
SOM,f525c963073a1e43eb41662f5d4e9e21795a50450f84d5b3ee63cf5e20927eaa,"{""commodity"": ""Sorghum (red)"", ""commodity_id"": ""282"", ""currency"": ""SOS"", ""market_id"": ""1894"", ""pricetype"": ""Retail"", ""unit"": ""KG""}",SOS,54,True
SOM,95ed35c14fc543797f96393d8f0c22d66d8676acb60e8b6b75a2e9d1654ec9b7,"{""commodity"": ""Sorghum (red)"", ""commodity_id"": ""282"", ""currency"": ""SOS"", ""market_id"": ""2097"", ""pricetype"": ""Retail"", ""unit"": ""KG""}",SOS,6,False
SOM,134bbe9ec8356e718bdcb54864b0faee6ed6b315562d38a9b88c106ae4d6b0bd,"{""commodity"": ""Sorghum (red)"", ""commodity_id"": ""282"", ""currency"": ""SOS"", ""market_id"": ""2098"", ""pricetype"": ""Retail"", ""unit"": ""KG""}",SOS,31,True
SOM,1a0e06f2f34a3f9557704365eda80670b5ce458936598aa8e0526bdf613a4a38,"{""commodity"": ""Sorghum (red)"", ""commodity_id"": ""282"", ""currency"": ""SOS"", ""market_id"": ""2099"", ""pricetype"": ""Retail"", ""unit"": ""KG""}",SOS,0,False
SOM,30d7b847ba5edb6e5593a71072c491d8b240c53d7f1283548d79ab02e7531483,"{""commodity"": ""Sorghum (red)"", ""commodity_id"": ""282"", ""currency"": ""SOS"", ""market_id"": ""2100"", ""pricetype"": ""Retail"", ""unit"": ""KG""}",SOS,10,False
SOM,50487f4e6e5f497c9dc58faeb4735e7115d5a51db5f42fc3635b9e99b8493e41,"{""commodity"": ""Sorghum (red)"", ""commodity_id"": ""282"", ""currency"": ""SOS"", ""market_id"": ""2102"", ""pricetype"": ""Retail"", ""unit"": ""KG""}",SOS,25,True
SOM,12d2eff062d2791e5387b0c603bc85d0609039b9ccc0c98ff247210c4e20db16,"{""commodity"": ""Sorghum (red)"", ""commodity_id"": ""282"", ""currency"": ""SOS"", ""market_id"": ""2103"", ""pricetype"": ""Retail"", ""unit"": ""KG""}",SOS,59,True
SOM,702e7fb316c33381dd44592a31e3bd7651b562c820086092579b43e5fd985522,"{""commodity"": ""Sorghum (red)"", ""commodity_id"": ""282"", ""currency"": ""SOS"", ""market_id"": ""2104"", ""pricetype"": ""Retail"", ""unit"": ""KG""}",SOS,14,False
SOM,1f18f0c78076fe32a940fd552e23198764d1246063cffb597ed3f67bea20019a,"{""commodity"": ""Sorghum (red)"", ""commodity_id"": ""282"", ""currency"": ""SOS"", ""market_id"": ""2105"", ""pricetype"": ""Retail"", ""unit"": ""KG""}",SOS,3,False
SOM,983c3ddf748679a45bb5333a2583e94b5cb439bc974071a7dabd894e555051dc,"{""commodity"": ""Sorghum (red)"", ""commodity_id"": ""282"", ""currency"": ""SOS"", ""market_id"": ""2106"", ""pricetype"": ""Retail"", ""unit"": ""KG""}",SOS,6,False
SOM,16e42ec4d3099822f0770a52954b573ceaeff2fb29c6475fd8bc879c285f6dd6,"{""commodity"": ""Sorghum (red)"", ""commodity_id"": ""282"", ""currency"": ""SOS"", ""market_id"": ""2107"", ""pricetype"": ""Retail"", ""unit"": ""KG""}",SOS,17,False
SOM,9052ed6312c755f9b745d1f41c6ec961953d52bdee407967faa690439ab06984,"{""commodity"": ""Sorghum (red)"", ""commodity_id"": ""282"", ""currency"": ""SOS"", ""market_id"": ""2108"", ""pricetype"": ""Retail"", ""unit"": ""KG""}",SOS,8,False
SOM,16424c3383a9854a3f3b09ffa7f428c28efd009d8b87ce26b3864efbc047eda7,"{""commodity"": ""Sorghum (red)"", ""commodity_id"": ""282"", ""currency"": ""SOS"", ""market_id"": ""2109"", ""pricetype"": ""Retail"", ""unit"": ""KG""}",SOS,31,True
SOM,cb7547d7b60b64ad6482ecfb6cc3dd4597933d055adf9de37f5db1291cf01f0e,"{""commodity"": ""Sorghum (red)"", ""commodity_id"": ""282"", ""currency"": ""SOS"", ""market_id"": ""2110"", ""pricetype"": ""Retail"", ""unit"": ""KG""}",SOS,59,True
SOM,0d1d54d2e64d83a4bb88a6108844d983f1809efa89bc447f9e5f726d8ad8e763,"{""commodity"": ""Sorghum (red)"", ""commodity_id"": ""282"", ""currency"": ""SOS"", ""market_id"": ""2575"", ""pricetype"": ""Retail"", ""unit"": ""KG""}",SOS,60,True
SOM,f82179d45f0599adf09441c4fd41bcd6b71f631a676b76dad86d5b9a15b58ceb,"{""commodity"": ""Sorghum (red)"", ""commodity_id"": ""282"", ""currency"": ""SOS"", ""market_id"": ""2590"", ""pricetype"": ""Retail"", ""unit"": ""KG""}",SOS,0,False
SOM,e78a82823dacc3415ac1f92722ee6ec672d53708e3192452367f68f830911478,"{""commodity"": ""Sorghum (red)"", ""commodity_id"": ""282"", ""currency"": ""SOS"", ""market_id"": ""4631"", ""pricetype"": ""Retail"", ""unit"": ""KG""}",SOS,58,True
SOM,a5475a6a1c8cc2a62a59040c03997a40418c90eda433f6b40cebcd40e014ba40,"{""commodity"": ""Sorghum (red)"", ""commodity_id"": ""282"", ""currency"": ""SOS"", ""market_id"": ""6599"", ""pricetype"": ""Retail"", ""unit"": ""KG""}",SOS,0,False
SOM,b9c74ccf776454b64c64674f48caff3cf64b9f9079a97b391baf0329a7ebbc3d,"{""commodity"": ""Sorghum (red)"", ""commodity_id"": ""282"", ""currency"": ""SOS"", ""market_id"": ""6602"", ""pricetype"": ""Retail"", ""unit"": ""KG""}",SOS,0,False
SOM,8418764d9519e19239637a298f8dd4414e32fc6627a7c5ed6b160952d7a7962f,"{""commodity"": ""Sorghum (red)"", ""commodity_id"": ""282"", ""currency"": ""SOS"", ""market_id"": ""6604"", ""pricetype"": ""Retail"", ""unit"": ""KG""}",SOS,0,False
SOM,717d377691be1cebd9b82133875f15102431030ebaaa50e209574f4a24262a7a,"{""commodity"": ""Sorghum (red)"", ""commodity_id"": ""282"", ""currency"": ""SOS"", ""market_id"": ""6605"", ""pricetype"": ""Retail"", ""unit"": ""KG""}",SOS,0,False
SOM,8758dc0550b7f15a46ebbd3a3c2cc5849410f5d268bb1fea52335a767a923851,"{""commodity"": ""Sorghum (red)"", ""commodity_id"": ""282"", ""currency"": ""SOS"", ""market_id"": ""6608"", ""pricetype"": ""Retail"", ""unit"": ""KG""}",SOS,0,False
SOM,dcd914bbdbae776364004028d60d0319c6a2dfd14222ea7d604007670d35a32c,"{""commodity"": ""Sorghum (red)"", ""commodity_id"": ""282"", ""currency"": ""SOS"", ""market_id"": ""6611"", ""pricetype"": ""Retail"", ""unit"": ""KG""}",SOS,0,False
SOM,d2b35fedcd67ecb6576fd93b22308886249ce053ca4959906fce9490c2a28f38,"{""commodity"": ""Sorghum (red)"", ""commodity_id"": ""282"", ""currency"": ""SOS"", ""market_id"": ""6614"", ""pricetype"": ""Retail"", ""unit"": ""KG""}",SOS,0,False
SOM,f283ed533d34a212af4f69d88cc7be2cab46e45ae16dede918aa8bdddc968cf3,"{""commodity"": ""Sorghum (red)"", ""commodity_id"": ""282"", ""currency"": ""SOS"", ""market_id"": ""6616"", ""pricetype"": ""Retail"", ""unit"": ""KG""}",SOS,0,False
SOM,09bafa6034cd5e3a68c69d76b1c76fc65174b7c87ffa357c30abffabde3f05a6,"{""commodity"": ""Sorghum (red)"", ""commodity_id"": ""282"", ""currency"": ""SOS"", ""market_id"": ""6618"", ""pricetype"": ""Retail"", ""unit"": ""KG""}",SOS,0,False
SOM,9baf49519c8eb113fbcafc8e3ca02b5ab48d2dd9d3c764f1b2d4a1f4d1184606,"{""commodity"": ""Sorghum (red)"", ""commodity_id"": ""282"", ""currency"": ""SOS"", ""market_id"": ""6621"", ""pricetype"": ""Retail"", ""unit"": ""KG""}",SOS,0,False
SOM,ace09a5b5840812f8305b136db096e679d3b6c7ad18759f40b9af10406faa6e2,"{""commodity"": ""Sorghum (red)"", ""commodity_id"": ""282"", ""currency"": ""SOS"", ""market_id"": ""6622"", ""pricetype"": ""Retail"", ""unit"": ""KG""}",SOS,0,False
SOM,7abcf3e880958708f6a67150d139a3edd1952eec3f3b42b63c7e3706b03eec99,"{""commodity"": ""Sorghum (red)"", ""commodity_id"": ""282"", ""currency"": ""SOS"", ""market_id"": ""6625"", ""pricetype"": ""Retail"", ""unit"": ""KG""}",SOS,0,False
SOM,5542a44af1c8a5cc5916325f523f75a41e133d3a32bcfd2b85de7560a43099d3,"{""commodity"": ""Sorghum (red)"", ""commodity_id"": ""282"", ""currency"": ""SOS"", ""market_id"": ""6634"", ""pricetype"": ""Retail"", ""unit"": ""KG""}",SOS,60,True
SOM,c8071dfa8f96a0bbaff331cbdc0fc34dd022e496f19b58da5539e1bc7af118fd,"{""commodity"": ""Sorghum (white)"", ""commodity_id"": ""135"", ""currency"": ""SLS"", ""market_id"": ""1412"", ""pricetype"": ""Retail"", ""unit"": ""KG""}",SLS,7,False
SOM,d8c7d0010a17a97c24dd10bee876752863bdf4233f958e3a6cd0eaaf72611223,"{""commodity"": ""Sorghum (white)"", ""commodity_id"": ""135"", ""currency"": ""SLS"", ""market_id"": ""1413"", ""pricetype"": ""Retail"", ""unit"": ""KG""}",SLS,14,False
SOM,425842fff846e4fd57efe9d8689d3f914d024ff1f61804511b820a2f0ee34976,"{""commodity"": ""Sorghum (white)"", ""commodity_id"": ""135"", ""currency"": ""SLS"", ""market_id"": ""1415"", ""pricetype"": ""Retail"", ""unit"": ""KG""}",SLS,15,False
SOM,39d2bdd5fa729617e1e870a87653d4ab849e4922175312cc51e0804166213f9c,"{""commodity"": ""Sorghum (white)"", ""commodity_id"": ""135"", ""currency"": ""SLS"", ""market_id"": ""1416"", ""pricetype"": ""Retail"", ""unit"": ""KG""}",SLS,5,False
SOM,4fa6890558d9fafa1717c38dcaa329a3caa610639b0c45b0afe88a95ce6abb88,"{""commodity"": ""Sorghum (white)"", ""commodity_id"": ""135"", ""currency"": ""SLS"", ""market_id"": ""1419"", ""pricetype"": ""Retail"", ""unit"": ""KG""}",SLS,23,False
SOM,19f787000d45ca7334ae9f4f5e36dc460caf0521c11c2639c71620dced487b80,"{""commodity"": ""Sorghum (white)"", ""commodity_id"": ""135"", ""currency"": ""SLS"", ""market_id"": ""2096"", ""pricetype"": ""Retail"", ""unit"": ""KG""}",SLS,5,False
SOM,14c4a30ba31f3977b1d0b171b999312e53fbdab4164f8a7afc724f302705380f,"{""commodity"": ""Sorghum (white)"", ""commodity_id"": ""135"", ""currency"": ""SOS"", ""market_id"": ""1413"", ""pricetype"": ""Retail"", ""unit"": ""KG""}",SOS,22,False
SOM,0b30a08b72cbd676b7dc222798483b67a353cda033b50861e869cbac8049649c,"{""commodity"": ""Sorghum (white)"", ""commodity_id"": ""135"", ""currency"": ""SOS"", ""market_id"": ""1414"", ""pricetype"": ""Retail"", ""unit"": ""KG""}",SOS,38,True
SOM,0cd6f1279d7cb9e0467fec0598dd9082221186fe45e796077e55172d75683c0d,"{""commodity"": ""Sorghum (white)"", ""commodity_id"": ""135"", ""currency"": ""SOS"", ""market_id"": ""1415"", ""pricetype"": ""Retail"", ""unit"": ""KG""}",SOS,22,False
SOM,8da976c6f16e8840cd26ee2400079705539e5813d46b4e714a0a8eb647dd6752,"{""commodity"": ""Sorghum (white)"", ""commodity_id"": ""135"", ""currency"": ""SOS"", ""market_id"": ""1416"", ""pricetype"": ""Retail"", ""unit"": ""KG""}",SOS,21,False
SOM,ed93c6409f6f8c48094d9f0b635bebc44a508f22d7faa09dcea39c81642ff3c1,"{""commodity"": ""Sorghum (white)"", ""commodity_id"": ""135"", ""currency"": ""SOS"", ""market_id"": ""1417"", ""pricetype"": ""Retail"", ""unit"": ""KG""}",SOS,32,True
SOM,661e82aa4d0f03b536b526fe7f6675f106cddcb8086671299b16049ac7c10a4e,"{""commodity"": ""Sorghum (white)"", ""commodity_id"": ""135"", ""currency"": ""SOS"", ""market_id"": ""1418"", ""pricetype"": ""Retail"", ""unit"": ""KG""}",SOS,38,True
SOM,1304f4e42a47a2c6e1e91f2270bedd8f7ea6bc806db4afeb761d783ebec85abe,"{""commodity"": ""Sorghum (white)"", ""commodity_id"": ""135"", ""currency"": ""SOS"", ""market_id"": ""1419"", ""pricetype"": ""Retail"", ""unit"": ""KG""}",SOS,22,False
SOM,964991c25f6a10d9075b472dde70cc5f9ce96a49fffac5634352cbb790c3f82f,"{""commodity"": ""Sorghum (white)"", ""commodity_id"": ""135"", ""currency"": ""SOS"", ""market_id"": ""1420"", ""pricetype"": ""Retail"", ""unit"": ""KG""}",SOS,28,True
SOM,0c1a7862106cbd8860930b42bb43d06ec18ebd1cf81a9c44cd407b1eeb7d1747,"{""commodity"": ""Sorghum (white)"", ""commodity_id"": ""135"", ""currency"": ""SOS"", ""market_id"": ""1894"", ""pricetype"": ""Retail"", ""unit"": ""KG""}",SOS,32,True
SOM,a6d181840f72b3c7ca8595eed2a81128fe3f5984583b6b385d36358e7b2d94b6,"{""commodity"": ""Sorghum (white)"", ""commodity_id"": ""135"", ""currency"": ""SOS"", ""market_id"": ""2097"", ""pricetype"": ""Retail"", ""unit"": ""KG""}",SOS,7,False
SOM,85f6d8a8fa42d2f62de306870896185495be1eff18ddb70d50444008c7ae65c4,"{""commodity"": ""Sorghum (white)"", ""commodity_id"": ""135"", ""currency"": ""SOS"", ""market_id"": ""2098"", ""pricetype"": ""Retail"", ""unit"": ""KG""}",SOS,31,True
SOM,413dcb7b20595cf417a7feefcd4466ae97108f55f93687c3c6274d15a9ef8c38,"{""commodity"": ""Sorghum (white)"", ""commodity_id"": ""135"", ""currency"": ""SOS"", ""market_id"": ""2099"", ""pricetype"": ""Retail"", ""unit"": ""KG""}",SOS,12,False
SOM,59c5d2a7babd60a56919e63d19054d53b05ee798c54cc2e58786e1b4c63f2f9e,"{""commodity"": ""Sorghum (white)"", ""commodity_id"": ""135"", ""currency"": ""SOS"", ""market_id"": ""2100"", ""pricetype"": ""Retail"", ""unit"": ""KG""}",SOS,25,True
SOM,95b197994e364eabc0db9730cb2f4f35fb3d65cc31b89fd968e55d282b95cca0,"{""commodity"": ""Sorghum (white)"", ""commodity_id"": ""135"", ""currency"": ""SOS"", ""market_id"": ""2102"", ""pricetype"": ""Retail"", ""unit"": ""KG""}",SOS,17,False
SOM,2437715af20fbca0580a86212ad644cc43f54299cf6a9b3bdce92b7e85031169,"{""commodity"": ""Sorghum (white)"", ""commodity_id"": ""135"", ""currency"": ""SOS"", ""market_id"": ""2103"", ""pricetype"": ""Retail"", ""unit"": ""KG""}",SOS,2,False
SOM,aaadb366b26ab0236d1fd7441910b91fe7cd88b7438a5205c55014be93a68725,"{""commodity"": ""Sorghum (white)"", ""commodity_id"": ""135"", ""currency"": ""SOS"", ""market_id"": ""2104"", ""pricetype"": ""Retail"", ""unit"": ""KG""}",SOS,14,False
SOM,8ff6ba45c4d463c144e511a3f32a417dbabb2102f9369086500ad626045fd2e0,"{""commodity"": ""Sorghum (white)"", ""commodity_id"": ""135"", ""currency"": ""SOS"", ""market_id"": ""2105"", ""pricetype"": ""Retail"", ""unit"": ""KG""}",SOS,3,False
SOM,47b176f570edf1c9f9877e357e82149ba3c987673378348596768d94b7bd94ee,"{""commodity"": ""Sorghum (white)"", ""commodity_id"": ""135"", ""currency"": ""SOS"", ""market_id"": ""2106"", ""pricetype"": ""Retail"", ""unit"": ""KG""}",SOS,6,False
SOM,0bc8c242883d2f5eb8441bb0a2b8380d8749357d680bfbecc27b7495436490ed,"{""commodity"": ""Sorghum (white)"", ""commodity_id"": ""135"", ""currency"": ""SOS"", ""market_id"": ""2107"", ""pricetype"": ""Retail"", ""unit"": ""KG""}",SOS,17,False
SOM,ab5757c4107049d8c1b723b5107fd6ebb03ba7d2c4d8e6748af6c38334d1ddd1,"{""commodity"": ""Sorghum (white)"", ""commodity_id"": ""135"", ""currency"": ""SOS"", ""market_id"": ""2108"", ""pricetype"": ""Retail"", ""unit"": ""KG""}",SOS,0,False
SOM,6c353eed8a50f7081cc78adbcc636684d9e87f4f735569b749d7d68e2ca4093b,"{""commodity"": ""Sorghum (white)"", ""commodity_id"": ""135"", ""currency"": ""SOS"", ""market_id"": ""2109"", ""pricetype"": ""Retail"", ""unit"": ""KG""}",SOS,31,True
SOM,16e44a6bd9e7b64a1b7f5a32184a60bd8caa01c12048ab0ca15347b0db82c539,"{""commodity"": ""Sorghum (white)"", ""commodity_id"": ""135"", ""currency"": ""SOS"", ""market_id"": ""2110"", ""pricetype"": ""Retail"", ""unit"": ""KG""}",SOS,29,True
SOM,de126afadb9e98bb77629502ae9c8b2512d5e3a82d25ebcadc9fbf404797f145,"{""commodity"": ""Sorghum (white)"", ""commodity_id"": ""135"", ""currency"": ""SOS"", ""market_id"": ""2575"", ""pricetype"": ""Retail"", ""unit"": ""KG""}",SOS,0,False
SOM,5f121ad355ebc42d491074ac3ed53dfef1dbc3da059db42974b332fefdb4c9cf,"{""commodity"": ""Sorghum (white)"", ""commodity_id"": ""135"", ""currency"": ""SOS"", ""market_id"": ""2590"", ""pricetype"": ""Retail"", ""unit"": ""KG""}",SOS,60,True
SOM,84ae0096765a80561f2845b762bc393d538f9e397cc4f4bc7afe07925bd206ed,"{""commodity"": ""Sorghum (white)"", ""commodity_id"": ""135"", ""currency"": ""SOS"", ""market_id"": ""6599"", ""pricetype"": ""Retail"", ""unit"": ""KG""}",SOS,0,False
SOM,ae71a70b72a839e491676d357089225d203d0cafd122305ac615e724ec652035,"{""commodity"": ""Sorghum (white)"", ""commodity_id"": ""135"", ""currency"": ""SOS"", ""market_id"": ""6602"", ""pricetype"": ""Retail"", ""unit"": ""KG""}",SOS,0,False
SOM,b6146a707c999704b263431d9994cbb482cd1aaaaecac513da703cd650e5ad03,"{""commodity"": ""Sorghum (white)"", ""commodity_id"": ""135"", ""currency"": ""SOS"", ""market_id"": ""6604"", ""pricetype"": ""Retail"", ""unit"": ""KG""}",SOS,0,False
SOM,6d98b1b3447244d132f250b06f6d644629cc8d22c004f4061ee18ebf4bb3b29f,"{""commodity"": ""Sorghum (white)"", ""commodity_id"": ""135"", ""currency"": ""SOS"", ""market_id"": ""6605"", ""pricetype"": ""Retail"", ""unit"": ""KG""}",SOS,0,False
SOM,acb543bf3aacb6782796eb8cbba1a0d3953967aa43d8d28e7f131e21f2565209,"{""commodity"": ""Sorghum (white)"", ""commodity_id"": ""135"", ""currency"": ""SOS"", ""market_id"": ""6608"", ""pricetype"": ""Retail"", ""unit"": ""KG""}",SOS,0,False
SOM,45c4988bffc57e11d76235b936afc4b45fe3632047f4a5beacbff25f8bf03674,"{""commodity"": ""Sorghum (white)"", ""commodity_id"": ""135"", ""currency"": ""SOS"", ""market_id"": ""6614"", ""pricetype"": ""Retail"", ""unit"": ""KG""}",SOS,0,False
SOM,424aa9df209a58dc163032c96186a5fcc78615a649346c7c3d667869c47cbb90,"{""commodity"": ""Sorghum (white)"", ""commodity_id"": ""135"", ""currency"": ""SOS"", ""market_id"": ""6616"", ""pricetype"": ""Retail"", ""unit"": ""KG""}",SOS,0,False
SOM,2d6e86ac76096127c0b092798ab4eeb8227ee402171355f0ed1b5493556a199a,"{""commodity"": ""Sorghum (white)"", ""commodity_id"": ""135"", ""currency"": ""SOS"", ""market_id"": ""6618"", ""pricetype"": ""Retail"", ""unit"": ""KG""}",SOS,0,False
SOM,e026b3f9fc3cf1035cb6b68c06b3a89619bc99376a629f9f1a189dcc25034b01,"{""commodity"": ""Sorghum (white)"", ""commodity_id"": ""135"", ""currency"": ""SOS"", ""market_id"": ""6621"", ""pricetype"": ""Retail"", ""unit"": ""KG""}",SOS,0,False
SOM,8c7970ef119392007dcc8627e12c4c346d89f5f78857c124062966feb1669b1f,"{""commodity"": ""Sorghum (white)"", ""commodity_id"": ""135"", ""currency"": ""SOS"", ""market_id"": ""6622"", ""pricetype"": ""Retail"", ""unit"": ""KG""}",SOS,0,False
SOM,e5fe41acf35ddcb214a42a0e18f2ed5e32e4b5f41b6013aba33a178767a40acf,"{""commodity"": ""Sorghum (white)"", ""commodity_id"": ""135"", ""currency"": ""SOS"", ""market_id"": ""6625"", ""pricetype"": ""Retail"", ""unit"": ""KG""}",SOS,0,False
SOM,b8351b901f997ff387ec4b543bb4a2bffbd31ccca244896704973bcf2116adc3,"{""commodity"": ""Sorghum (white)"", ""commodity_id"": ""135"", ""currency"": ""SOS"", ""market_id"": ""6634"", ""pricetype"": ""Retail"", ""unit"": ""KG""}",SOS,0,False
SOM,3029b24de159672d0b5ee77b68bdc0850eeee289bff04e4c3a4790cc74552589,"{""commodity"": ""Sorghum"", ""commodity_id"": ""65"", ""currency"": ""SLS"", ""market_id"": ""1412"", ""pricetype"": ""Retail"", ""unit"": ""KG""}",SLS,0,False
SOM,be786dc53ac3a7b0345a0822cfd0aad94132d4572502aa67d861bac38d14d9ae,"{""commodity"": ""Sorghum"", ""commodity_id"": ""65"", ""currency"": ""SLS"", ""market_id"": ""1413"", ""pricetype"": ""Retail"", ""unit"": ""KG""}",SLS,0,False
SOM,282d749e7a9c6e74fc55dbd6f49878e8a139d8b40658f704a920dd6bba01beb7,"{""commodity"": ""Sorghum"", ""commodity_id"": ""65"", ""currency"": ""SLS"", ""market_id"": ""1415"", ""pricetype"": ""Retail"", ""unit"": ""KG""}",SLS,0,False
SOM,d24b7fa677c4ce2c8dd9c9c3756477d8bf36467c72b53aedafeaaf9863cafaef,"{""commodity"": ""Sorghum"", ""commodity_id"": ""65"", ""currency"": ""SLS"", ""market_id"": ""1419"", ""pricetype"": ""Retail"", ""unit"": ""KG""}",SLS,0,False
SOM,bf2a84758d19f056c9d1ec35db426a79a7fd61169eb0fac1c6302de42ef3434d,"{""commodity"": ""Sorghum"", ""commodity_id"": ""65"", ""currency"": ""SOS"", ""market_id"": ""1414"", ""pricetype"": ""Retail"", ""unit"": ""KG""}",SOS,0,False
SOM,a957cfa747ad72122f9a657e8abf3ffb17da4185dfd9f038a31c3a0c2a8ac7ff,"{""commodity"": ""Sorghum"", ""commodity_id"": ""65"", ""currency"": ""SOS"", ""market_id"": ""1417"", ""pricetype"": ""Retail"", ""unit"": ""KG""}",SOS,0,False
SOM,66079ed0ab69475d6fb3b32f314d6be6cccb473298b4170ff9fbbf8241c67a8d,"{""commodity"": ""Sorghum"", ""commodity_id"": ""65"", ""currency"": ""SOS"", ""market_id"": ""1418"", ""pricetype"": ""Retail"", ""unit"": ""KG""}",SOS,0,False
SOM,ef088e807715350e7f3492531d58a7665cf58e166b564924a94ee7b8021909a9,"{""commodity"": ""Sorghum"", ""commodity_id"": ""65"", ""currency"": ""SOS"", ""market_id"": ""1420"", ""pricetype"": ""Retail"", ""unit"": ""KG""}",SOS,0,False
SOM,0629223e0186f5059edd7e8aaa0e98ffb93b7d418a9c37ed14569adb9d34c8fa,"{""commodity"": ""Wheat flour (imported)"", ""commodity_id"": ""339"", ""currency"": ""SLS"", ""market_id"": ""1412"", ""pricetype"": ""Retail"", ""unit"": ""KG""}",SLS,0,False
SOM,b369e67dd10352d651c988c0ddf6fddba040d8c4362217d0d566414815f0d1c7,"{""commodity"": ""Wheat flour (imported)"", ""commodity_id"": ""339"", ""currency"": ""SLS"", ""market_id"": ""1413"", ""pricetype"": ""Retail"", ""unit"": ""KG""}",SLS,9,False
SOM,490b1b863c0690b9be6e801809262a0ac82971cd7e69e7010e634c081b2801ab,"{""commodity"": ""Wheat flour (imported)"", ""commodity_id"": ""339"", ""currency"": ""SLS"", ""market_id"": ""1415"", ""pricetype"": ""Retail"", ""unit"": ""KG""}",SLS,9,False
SOM,6524d6dd49e72ee6323f239ccee74a18107d7288faf8b6a7573d824d001b889d,"{""commodity"": ""Wheat flour (imported)"", ""commodity_id"": ""339"", ""currency"": ""SLS"", ""market_id"": ""1416"", ""pricetype"": ""Retail"", ""unit"": ""KG""}",SLS,0,False
SOM,2aa5ff3b9dd3618a50436d846afe509e37d482b1bb89e19a6876bf32645a37eb,"{""commodity"": ""Wheat flour (imported)"", ""commodity_id"": ""339"", ""currency"": ""SLS"", ""market_id"": ""1419"", ""pricetype"": ""Retail"", ""unit"": ""KG""}",SLS,9,False
SOM,e5b2d16eb5ce87545d0cd7ac43c091095c08d6fe26249642a15fc6e8d45c21d3,"{""commodity"": ""Wheat flour (imported)"", ""commodity_id"": ""339"", ""currency"": ""SLS"", ""market_id"": ""2096"", ""pricetype"": ""Retail"", ""unit"": ""KG""}",SLS,5,False
SOM,194c1e2ea36ea74d1537b9f09115358e9000781b1a46a09144b08491ba8de576,"{""commodity"": ""Wheat flour (imported)"", ""commodity_id"": ""339"", ""currency"": ""SOS"", ""market_id"": ""1413"", ""pricetype"": ""Retail"", ""unit"": ""KG""}",SOS,22,False
SOM,d19a9b59dd0bb62b743f4c1074b63deaacb7a45561c0948eb5c15c7e625ca41a,"{""commodity"": ""Wheat flour (imported)"", ""commodity_id"": ""339"", ""currency"": ""SOS"", ""market_id"": ""1414"", ""pricetype"": ""Retail"", ""unit"": ""KG""}",SOS,31,True
SOM,fd208279eba2e2f0506feabad15d9ca3bc9e28253790a302613ca3b74c2faa07,"{""commodity"": ""Wheat flour (imported)"", ""commodity_id"": ""339"", ""currency"": ""SOS"", ""market_id"": ""1415"", ""pricetype"": ""Retail"", ""unit"": ""KG""}",SOS,22,False
SOM,dd607b3bb344843fcfbe58dc3717cd0e7ca4ee19846ca086d24db7fa6ac460ed,"{""commodity"": ""Wheat flour (imported)"", ""commodity_id"": ""339"", ""currency"": ""SOS"", ""market_id"": ""1417"", ""pricetype"": ""Retail"", ""unit"": ""KG""}",SOS,31,True
SOM,5a786213235a8723063ef3716846f5989d788dacb6bee4b4724f6caba2427609,"{""commodity"": ""Wheat flour (imported)"", ""commodity_id"": ""339"", ""currency"": ""SOS"", ""market_id"": ""1418"", ""pricetype"": ""Retail"", ""unit"": ""KG""}",SOS,31,True
SOM,97847ef1c58145cc2057e1854b8ebaebdd3771dbcc1c8f5f313d70f9760353b0,"{""commodity"": ""Wheat flour (imported)"", ""commodity_id"": ""339"", ""currency"": ""SOS"", ""market_id"": ""1419"", ""pricetype"": ""Retail"", ""unit"": ""KG""}",SOS,22,False
SOM,a54e4478b1877ff9f04d9188a4b42a7a85d069de033af28f0b55c71d743cf8ac,"{""commodity"": ""Wheat flour (imported)"", ""commodity_id"": ""339"", ""currency"": ""SOS"", ""market_id"": ""1420"", ""pricetype"": ""Retail"", ""unit"": ""KG""}",SOS,22,False
SOM,f4748c99bb2022d591f60e7747fa2676234171789d0ef0195bd7a1ebe64ac5f6,"{""commodity"": ""Wheat flour (imported)"", ""commodity_id"": ""339"", ""currency"": ""SOS"", ""market_id"": ""1894"", ""pricetype"": ""Retail"", ""unit"": ""KG""}",SOS,27,True
SOM,22e0c1407fce821b2a80859825d176d657d48a6320fea53f5351e486d2010b70,"{""commodity"": ""Wheat flour (imported)"", ""commodity_id"": ""339"", ""currency"": ""SOS"", ""market_id"": ""2097"", ""pricetype"": ""Retail"", ""unit"": ""KG""}",SOS,7,False
SOM,01ec21ed3b2554c9fa57a05a610e6e70a34183c7cf69ed491dd4ad8777e912ac,"{""commodity"": ""Wheat flour (imported)"", ""commodity_id"": ""339"", ""currency"": ""SOS"", ""market_id"": ""2098"", ""pricetype"": ""Retail"", ""unit"": ""KG""}",SOS,31,True
SOM,6a941e41348fb3340931096628a87436ea45181c4dd7aea6f24e948d0ce5d401,"{""commodity"": ""Wheat flour (imported)"", ""commodity_id"": ""339"", ""currency"": ""SOS"", ""market_id"": ""2099"", ""pricetype"": ""Retail"", ""unit"": ""KG""}",SOS,12,False
SOM,9be73fe77d6644c2a52bd465493252fc96af0ca7a5fd5354575418114f24c968,"{""commodity"": ""Wheat flour (imported)"", ""commodity_id"": ""339"", ""currency"": ""SOS"", ""market_id"": ""2100"", ""pricetype"": ""Retail"", ""unit"": ""KG""}",SOS,31,True
SOM,d6a84b45fee74a44d15688d642a64f8fe746021a1f79a031bfec687737cf0d01,"{""commodity"": ""Wheat flour (imported)"", ""commodity_id"": ""339"", ""currency"": ""SOS"", ""market_id"": ""2102"", ""pricetype"": ""Retail"", ""unit"": ""KG""}",SOS,25,True
SOM,183fcf71e753a6d1a18f69ee4603e477655f185eb4c8fcc995f5a4e5360146cb,"{""commodity"": ""Wheat flour (imported)"", ""commodity_id"": ""339"", ""currency"": ""SOS"", ""market_id"": ""2103"", ""pricetype"": ""Retail"", ""unit"": ""KG""}",SOS,21,False
SOM,5dc887b1508017be4c7f03772b5a8d3989dc722e0b0fb45bc09f5bfb3e13c2ec,"{""commodity"": ""Wheat flour (imported)"", ""commodity_id"": ""339"", ""currency"": ""SOS"", ""market_id"": ""2104"", ""pricetype"": ""Retail"", ""unit"": ""KG""}",SOS,14,False
SOM,603c2493d15c9e075e4cced85c225767e3188560a33d369ce87a37607c22dad0,"{""commodity"": ""Wheat flour (imported)"", ""commodity_id"": ""339"", ""currency"": ""SOS"", ""market_id"": ""2105"", ""pricetype"": ""Retail"", ""unit"": ""KG""}",SOS,9,False
SOM,704f247249d0ecf028993b00a63408a39a1bd3bf1c0559a66fe0af4aca0aec57,"{""commodity"": ""Wheat flour (imported)"", ""commodity_id"": ""339"", ""currency"": ""SOS"", ""market_id"": ""2106"", ""pricetype"": ""Retail"", ""unit"": ""KG""}",SOS,6,False
SOM,b01f2904746b1f921564478a4d81caaa594784ebadf715d397f54c45dc6cf2c5,"{""commodity"": ""Wheat flour (imported)"", ""commodity_id"": ""339"", ""currency"": ""SOS"", ""market_id"": ""2107"", ""pricetype"": ""Retail"", ""unit"": ""KG""}",SOS,17,False
SOM,b0bf58d9cf8e7056cf85d784320ef77e4c279145bd3a658718837bd8bd6befb4,"{""commodity"": ""Wheat flour (imported)"", ""commodity_id"": ""339"", ""currency"": ""SOS"", ""market_id"": ""2108"", ""pricetype"": ""Retail"", ""unit"": ""KG""}",SOS,8,False
SOM,44cdc1bbf6ad5a328292522ab197f3ad10caf44f64e1902256334b0c9002c3a4,"{""commodity"": ""Wheat flour (imported)"", ""commodity_id"": ""339"", ""currency"": ""SOS"", ""market_id"": ""2109"", ""pricetype"": ""Retail"", ""unit"": ""KG""}",SOS,31,True
SOM,ddf394c3ac171521aacbf387b3c615a84a8f796e9745bddc9fe301b5858cd9a2,"{""commodity"": ""Wheat flour (imported)"", ""commodity_id"": ""339"", ""currency"": ""SOS"", ""market_id"": ""2110"", ""pricetype"": ""Retail"", ""unit"": ""KG""}",SOS,29,True
SOM,1514e16971f1aa34af3fa3cce32daebf3896676278e712de549733992ecf4df2,"{""commodity"": ""Wheat flour (imported)"", ""commodity_id"": ""339"", ""currency"": ""SOS"", ""market_id"": ""2575"", ""pricetype"": ""Retail"", ""unit"": ""KG""}",SOS,0,False
SOM,510f752738e6c912b380b7da8d2d400ca1ee2286924fece4230d8fbaf1c13078,"{""commodity"": ""Wheat flour (imported)"", ""commodity_id"": ""339"", ""currency"": ""SOS"", ""market_id"": ""6599"", ""pricetype"": ""Retail"", ""unit"": ""KG""}",SOS,0,False
SOM,12cf92a894dc4e5ed7b5ef2acf93ec8dcf68ab989b4b2cbc0ed6753d00fa8a57,"{""commodity"": ""Wheat flour (imported)"", ""commodity_id"": ""339"", ""currency"": ""SOS"", ""market_id"": ""6602"", ""pricetype"": ""Retail"", ""unit"": ""KG""}",SOS,0,False
SOM,26248791d30d9e0a112611f8c2ab9fef5c29f82bce0062079e11242be058b829,"{""commodity"": ""Wheat flour (imported)"", ""commodity_id"": ""339"", ""currency"": ""SOS"", ""market_id"": ""6604"", ""pricetype"": ""Retail"", ""unit"": ""KG""}",SOS,0,False
SOM,11e977e599c28c92e074136cace20582484db7432de1d232ca3142ef11431fa7,"{""commodity"": ""Wheat flour (imported)"", ""commodity_id"": ""339"", ""currency"": ""SOS"", ""market_id"": ""6605"", ""pricetype"": ""Retail"", ""unit"": ""KG""}",SOS,0,False
SOM,51f7986d0803dabc9f5d5cd8f9a585c4ba84975f7adbf7e7c4270ec5b5194a51,"{""commodity"": ""Wheat flour (imported)"", ""commodity_id"": ""339"", ""currency"": ""SOS"", ""market_id"": ""6608"", ""pricetype"": ""Retail"", ""unit"": ""KG""}",SOS,0,False
SOM,18d4ba7d42bdaa1647922b7e32ed9f881e830a1230a1435da66cd5f4aa1d8a0d,"{""commodity"": ""Wheat flour (imported)"", ""commodity_id"": ""339"", ""currency"": ""SOS"", ""market_id"": ""6611"", ""pricetype"": ""Retail"", ""unit"": ""KG""}",SOS,0,False
SOM,bc654f8c46226bcea01006aeae46d7582977289af766c3ff8d1117af678fb9cd,"{""commodity"": ""Wheat flour (imported)"", ""commodity_id"": ""339"", ""currency"": ""SOS"", ""market_id"": ""6614"", ""pricetype"": ""Retail"", ""unit"": ""KG""}",SOS,0,False
SOM,93eedbe699da4019734fc7d050b806733ba4b27bbf1c254b735421c6ae9bcefd,"{""commodity"": ""Wheat flour (imported)"", ""commodity_id"": ""339"", ""currency"": ""SOS"", ""market_id"": ""6616"", ""pricetype"": ""Retail"", ""unit"": ""KG""}",SOS,0,False
SOM,2153a70730607edb021877e41aa2d6c8a4a53110fcabcc0242c47645a0515259,"{""commodity"": ""Wheat flour (imported)"", ""commodity_id"": ""339"", ""currency"": ""SOS"", ""market_id"": ""6618"", ""pricetype"": ""Retail"", ""unit"": ""KG""}",SOS,0,False
SOM,af65fdf0c5e0f5bcc637b7cf92bba7f72a129e2d73ba6db5ed7b44ec5dec1b0a,"{""commodity"": ""Wheat flour (imported)"", ""commodity_id"": ""339"", ""currency"": ""SOS"", ""market_id"": ""6621"", ""pricetype"": ""Retail"", ""unit"": ""KG""}",SOS,0,False
SOM,33f8d963ed33dda9d6806ad903459d3b098fb66fa93d8c35c8f7722a1ff97be0,"{""commodity"": ""Wheat flour (imported)"", ""commodity_id"": ""339"", ""currency"": ""SOS"", ""market_id"": ""6622"", ""pricetype"": ""Retail"", ""unit"": ""KG""}",SOS,0,False
SOM,86b4d23d8d7bcdcfe407bb624881f97e6f7266dab3173e23bf129b435a28ec4c,"{""commodity"": ""Wheat flour (imported)"", ""commodity_id"": ""339"", ""currency"": ""SOS"", ""market_id"": ""6625"", ""pricetype"": ""Retail"", ""unit"": ""KG""}",SOS,0,False
SOM,d2c3c5eb5fad037a5f27d519678f9ac105179d63153dc3ca54a323621e7a76e1,"{""commodity"": ""Wheat flour (imported)"", ""commodity_id"": ""339"", ""currency"": ""SOS"", ""market_id"": ""6634"", ""pricetype"": ""Retail"", ""unit"": ""KG""}",SOS,0,False
SOM,2914b72032f4fff9c8a9d232c7d8ab96a6a812566a7138ffb840313d0aa48e62,"{""commodity"": ""Wheat flour"", ""commodity_id"": ""58"", ""currency"": ""SLS"", ""market_id"": ""1412"", ""pricetype"": ""Retail"", ""unit"": ""KG""}",SLS,18,False
SOM,9204165d175b361c91731ec558ebaf8be7ef1ff8648b07936568b550d33a531e,"{""commodity"": ""Wheat flour"", ""commodity_id"": ""58"", ""currency"": ""SLS"", ""market_id"": ""1413"", ""pricetype"": ""Retail"", ""unit"": ""KG""}",SLS,14,False
SOM,9eb76026e896b8302e059cd52bcbda8343d6a5c8a3d0d117049bb8f28c2161b6,"{""commodity"": ""Wheat flour"", ""commodity_id"": ""58"", ""currency"": ""SLS"", ""market_id"": ""1415"", ""pricetype"": ""Retail"", ""unit"": ""KG""}",SLS,5,False
SOM,cce57e5668ba71ed9332cafc25cfa2b232e6b7c6287211a02306f529ecc4a035,"{""commodity"": ""Wheat flour"", ""commodity_id"": ""58"", ""currency"": ""SLS"", ""market_id"": ""1416"", ""pricetype"": ""Retail"", ""unit"": ""KG""}",SLS,4,False
SOM,06c2e8dd0d3bc4ee1857116a69778e05ca7c5473a8e5a25577fa8e2ade396b10,"{""commodity"": ""Wheat flour"", ""commodity_id"": ""58"", ""currency"": ""SLS"", ""market_id"": ""1419"", ""pricetype"": ""Retail"", ""unit"": ""KG""}",SLS,20,False
SOM,a68fb8c67d38fdc26adfbc427ae71d81503e8de7fffebfe952e8a812fb1952e5,"{""commodity"": ""Wheat flour"", ""commodity_id"": ""58"", ""currency"": ""SOS"", ""market_id"": ""1414"", ""pricetype"": ""Retail"", ""unit"": ""KG""}",SOS,19,False
SOM,cf770b2e1ceb447828400e92835670efb164585c916967aa719ae780296d6b51,"{""commodity"": ""Wheat flour"", ""commodity_id"": ""58"", ""currency"": ""SOS"", ""market_id"": ""1417"", ""pricetype"": ""Retail"", ""unit"": ""KG""}",SOS,19,False
SOM,431ab7ba9788f2fa98211a896cf99d8068424ef1271073955371e3266ee250bb,"{""commodity"": ""Wheat flour"", ""commodity_id"": ""58"", ""currency"": ""SOS"", ""market_id"": ""1418"", ""pricetype"": ""Retail"", ""unit"": ""KG""}",SOS,19,False
SOM,fb3815a27cc6066bad6f2573479b551ef5dfa9a5078c22a9257b6e37c8726ee0,"{""commodity"": ""Wheat flour"", ""commodity_id"": ""58"", ""currency"": ""SOS"", ""market_id"": ""1420"", ""pricetype"": ""Retail"", ""unit"": ""KG""}",SOS,17,False
SOM,f59c5b474d34b9ee591a6e036db1734fc3fc9279727519ab4b9f5101e6e3e71c,"{""commodity"": ""Wheat flour"", ""commodity_id"": ""58"", ""currency"": ""SOS"", ""market_id"": ""1894"", ""pricetype"": ""Retail"", ""unit"": ""KG""}",SOS,6,False
SOM,356335e1736f10208d4baed6303e9e3fe80466efef2a7c35fb468cdd34baa3f9,"{""commodity"": ""Wheat flour"", ""commodity_id"": ""58"", ""currency"": ""SOS"", ""market_id"": ""6634"", ""pricetype"": ""Retail"", ""unit"": ""KG""}",SOS,4,False
UKR,a453a8b94a90fcb2f40e0dc6ddd096b978d592a0ab32961cb0b47b3c6ffd62d8,"{""commodity"": ""Barley"", ""commodity_id"": ""307"", ""currency"": ""UAH"", ""market_id"": ""1858"", ""pricetype"": ""Retail"", ""unit"": ""KG""}",UAH,13,False
UKR,61768d1fca2d98c6913ac0a2ebb570d500a5227029ece76b1d05c60f87ebdc24,"{""commodity"": ""Barley"", ""commodity_id"": ""307"", ""currency"": ""UAH"", ""market_id"": ""1859"", ""pricetype"": ""Retail"", ""unit"": ""KG""}",UAH,13,False
UKR,ea3f5a295feb194c50f02a27a4ade1e13e85ecf139f9dcc3d3c65064467e9b44,"{""commodity"": ""Barley"", ""commodity_id"": ""307"", ""currency"": ""UAH"", ""market_id"": ""1860"", ""pricetype"": ""Retail"", ""unit"": ""KG""}",UAH,13,False
UKR,9bbd1db8d777387f7ae797602267aec0f42686a7b21ee37ae3b716097f71c5a8,"{""commodity"": ""Barley"", ""commodity_id"": ""307"", ""currency"": ""UAH"", ""market_id"": ""1861"", ""pricetype"": ""Retail"", ""unit"": ""KG""}",UAH,13,False
UKR,ca1690f147aadd019bfbff52cb6f33e532073d6ac729b590414ab0af431efbe4,"{""commodity"": ""Barley"", ""commodity_id"": ""307"", ""currency"": ""UAH"", ""market_id"": ""1862"", ""pricetype"": ""Retail"", ""unit"": ""KG""}",UAH,13,False
UKR,a4b28981e09f361ac233bebdb36ba9c00de3eb6eb7b2732441d2f56ab0e9d8b9,"{""commodity"": ""Barley"", ""commodity_id"": ""307"", ""currency"": ""UAH"", ""market_id"": ""1863"", ""pricetype"": ""Retail"", ""unit"": ""KG""}",UAH,13,False
UKR,6464347b63b436e9a158273c59f5dd18fc53f206cdbb88c6a8778446f09b4932,"{""commodity"": ""Barley"", ""commodity_id"": ""307"", ""currency"": ""UAH"", ""market_id"": ""1864"", ""pricetype"": ""Retail"", ""unit"": ""KG""}",UAH,13,False
UKR,684aa0e274934398247f76013ccb4ccfb1777302cfa964b2de6bb8c6e3933f1f,"{""commodity"": ""Barley"", ""commodity_id"": ""307"", ""currency"": ""UAH"", ""market_id"": ""1865"", ""pricetype"": ""Retail"", ""unit"": ""KG""}",UAH,13,False
UKR,dfc582f4af38d9251f82fa04b854a35fd62309571fe878ae20e49e3b2d75bd4f,"{""commodity"": ""Barley"", ""commodity_id"": ""307"", ""currency"": ""UAH"", ""market_id"": ""1866"", ""pricetype"": ""Retail"", ""unit"": ""KG""}",UAH,13,False
UKR,9608bbb6f0d3a16a7149b162c9bd0cfea843e9d487891d026f05bc8c4325ef7c,"{""commodity"": ""Barley"", ""commodity_id"": ""307"", ""currency"": ""UAH"", ""market_id"": ""1867"", ""pricetype"": ""Retail"", ""unit"": ""KG""}",UAH,13,False
UKR,2f0eea6be6321a633bf211224c5197b9aacf8099ff584e2c73215f0793974be6,"{""commodity"": ""Barley"", ""commodity_id"": ""307"", ""currency"": ""UAH"", ""market_id"": ""1869"", ""pricetype"": ""Retail"", ""unit"": ""KG""}",UAH,13,False
UKR,782d8d882346cc308edb912e3dcfcc74ba58c2b6bcf321f2125e8c8ec58913bf,"{""commodity"": ""Barley"", ""commodity_id"": ""307"", ""currency"": ""UAH"", ""market_id"": ""1870"", ""pricetype"": ""Retail"", ""unit"": ""KG""}",UAH,13,False
UKR,ecbbea806c0b18c000810c8b5355709398314cbf18d6afa86e7a14d296ac9f49,"{""commodity"": ""Barley"", ""commodity_id"": ""307"", ""currency"": ""UAH"", ""market_id"": ""1871"", ""pricetype"": ""Retail"", ""unit"": ""KG""}",UAH,13,False
UKR,d7b43278714280deba9b634429f09f75ff5399ca791c0af6aa4dc0dbce35101f,"{""commodity"": ""Barley"", ""commodity_id"": ""307"", ""currency"": ""UAH"", ""market_id"": ""1872"", ""pricetype"": ""Retail"", ""unit"": ""KG""}",UAH,13,False
UKR,0edcc3699733bbd2b799a7be6867c20f5f2d522512a2cecdfd6e8ec0bf9eb5dd,"{""commodity"": ""Barley"", ""commodity_id"": ""307"", ""currency"": ""UAH"", ""market_id"": ""1873"", ""pricetype"": ""Retail"", ""unit"": ""KG""}",UAH,13,False
UKR,8ede73c8e3d12e76a789aa5b182d813fc4c72ad363ca36f823a432ac7850a503,"{""commodity"": ""Barley"", ""commodity_id"": ""307"", ""currency"": ""UAH"", ""market_id"": ""1874"", ""pricetype"": ""Retail"", ""unit"": ""KG""}",UAH,13,False
UKR,ad0e7f77a363b45c83478a296b77c8a6c62e68b2e4c9ddcdbe44527eecc8069d,"{""commodity"": ""Barley"", ""commodity_id"": ""307"", ""currency"": ""UAH"", ""market_id"": ""1875"", ""pricetype"": ""Retail"", ""unit"": ""KG""}",UAH,13,False
UKR,be04faeb41a1f00755d0b2123ba9b9b15841994c241af354afd9e12d51340168,"{""commodity"": ""Barley"", ""commodity_id"": ""307"", ""currency"": ""UAH"", ""market_id"": ""1876"", ""pricetype"": ""Retail"", ""unit"": ""KG""}",UAH,13,False
UKR,579e7c12cc86dee1e341d767ae6b8dd3f58b16b16714f1b806c9907e06bf6a8b,"{""commodity"": ""Barley"", ""commodity_id"": ""307"", ""currency"": ""UAH"", ""market_id"": ""1877"", ""pricetype"": ""Retail"", ""unit"": ""KG""}",UAH,13,False
UKR,df85eb22d16cc2a26af3d03093c8ffa49c3e24ac99faf85c34b6cd52752b4e07,"{""commodity"": ""Barley"", ""commodity_id"": ""307"", ""currency"": ""UAH"", ""market_id"": ""1878"", ""pricetype"": ""Retail"", ""unit"": ""KG""}",UAH,13,False
UKR,0fc6a62a07dc4cff84d28108ecfddb3595d964b23a7f30a7d01b694b0fc3debd,"{""commodity"": ""Barley"", ""commodity_id"": ""307"", ""currency"": ""UAH"", ""market_id"": ""1879"", ""pricetype"": ""Retail"", ""unit"": ""KG""}",UAH,13,False
UKR,b181ce3b4ea83c95c9925edf28df2f1e11fb1c4db1c111e28778678ea41ad514,"{""commodity"": ""Barley"", ""commodity_id"": ""307"", ""currency"": ""UAH"", ""market_id"": ""1880"", ""pricetype"": ""Retail"", ""unit"": ""KG""}",UAH,13,False
UKR,20c5ad07d0e80c1f6cdeb816d29f6a1552425700594d884adad6008cca841967,"{""commodity"": ""Barley"", ""commodity_id"": ""307"", ""currency"": ""UAH"", ""market_id"": ""1881"", ""pricetype"": ""Retail"", ""unit"": ""KG""}",UAH,13,False
UKR,63ddaf32dba31fb883a595ffe7c66921983571fcbf0c2967abfcb50b8be6a4d1,"{""commodity"": ""Barley"", ""commodity_id"": ""307"", ""currency"": ""UAH"", ""market_id"": ""1882"", ""pricetype"": ""Retail"", ""unit"": ""KG""}",UAH,13,False
UKR,7eb1569e3c7bf42a928b57bf9dbac9454b20fb18475ec683b0f7d2028e2324fc,"{""commodity"": ""Barley"", ""commodity_id"": ""307"", ""currency"": ""UAH"", ""market_id"": ""1884"", ""pricetype"": ""Retail"", ""unit"": ""KG""}",UAH,13,False
UKR,b7c59035ff384784e9307a7550245071858146466117c5e7e591d3c3857c0b8e,"{""commodity"": ""Bread (wheat)"", ""commodity_id"": ""375"", ""currency"": ""UAH"", ""market_id"": ""1858"", ""pricetype"": ""Retail"", ""unit"": ""500 G""}",UAH,13,False
UKR,9924f74d392279060b38c68d33a6800eb880442b17db0741dcffc5a3931d6d5c,"{""commodity"": ""Bread (wheat)"", ""commodity_id"": ""375"", ""currency"": ""UAH"", ""market_id"": ""1859"", ""pricetype"": ""Retail"", ""unit"": ""500 G""}",UAH,13,False
UKR,71a0a052d4dd93035bef75aa7f5e81b1e0d6dfb23f656f5dab528f18dc8ac28e,"{""commodity"": ""Bread (wheat)"", ""commodity_id"": ""375"", ""currency"": ""UAH"", ""market_id"": ""1860"", ""pricetype"": ""Retail"", ""unit"": ""500 G""}",UAH,13,False
UKR,9958b4f341df170f056758848b7aefb7dd48d2af6a14e6bfe801eb82cb4b9766,"{""commodity"": ""Bread (wheat)"", ""commodity_id"": ""375"", ""currency"": ""UAH"", ""market_id"": ""1861"", ""pricetype"": ""Retail"", ""unit"": ""500 G""}",UAH,13,False
UKR,57b29a66628d062f07f507e37e32824cf998953000fbb2b1f766bf652a830238,"{""commodity"": ""Bread (wheat)"", ""commodity_id"": ""375"", ""currency"": ""UAH"", ""market_id"": ""1862"", ""pricetype"": ""Retail"", ""unit"": ""500 G""}",UAH,13,False
UKR,4719666dcd1579f19f2a6795a90cd096ef8a2884256059d07676cc7403929df7,"{""commodity"": ""Bread (wheat)"", ""commodity_id"": ""375"", ""currency"": ""UAH"", ""market_id"": ""1863"", ""pricetype"": ""Retail"", ""unit"": ""500 G""}",UAH,13,False
UKR,914d6c0f4008be619023a05540fce73ee88685b7a8934b9cb2ef095edbbe4583,"{""commodity"": ""Bread (wheat)"", ""commodity_id"": ""375"", ""currency"": ""UAH"", ""market_id"": ""1864"", ""pricetype"": ""Retail"", ""unit"": ""500 G""}",UAH,13,False
UKR,8af832a0166ca4f2bf72d180df046a12f5a03995ad23f338bf973d867e6d034f,"{""commodity"": ""Bread (wheat)"", ""commodity_id"": ""375"", ""currency"": ""UAH"", ""market_id"": ""1865"", ""pricetype"": ""Retail"", ""unit"": ""500 G""}",UAH,13,False
UKR,5152a825c1695850d1ecbe86675dfc7a2d1dade1ec82e688a3d14167445563cf,"{""commodity"": ""Bread (wheat)"", ""commodity_id"": ""375"", ""currency"": ""UAH"", ""market_id"": ""1866"", ""pricetype"": ""Retail"", ""unit"": ""500 G""}",UAH,13,False
UKR,062ecb610135f0cbddd530605c69dcb6d6f9ec62c1daaf9043ed9f5d339d71a4,"{""commodity"": ""Bread (wheat)"", ""commodity_id"": ""375"", ""currency"": ""UAH"", ""market_id"": ""1867"", ""pricetype"": ""Retail"", ""unit"": ""500 G""}",UAH,13,False
UKR,6cb9da07d7185297b1c431e775e7cb734a6fe8db4e7839e373409763984331c7,"{""commodity"": ""Bread (wheat)"", ""commodity_id"": ""375"", ""currency"": ""UAH"", ""market_id"": ""1869"", ""pricetype"": ""Retail"", ""unit"": ""500 G""}",UAH,13,False
UKR,51e54c4cecd2982a584c93e8c5bdf124f831f66b95cc005bc3ae4734b90f1f03,"{""commodity"": ""Bread (wheat)"", ""commodity_id"": ""375"", ""currency"": ""UAH"", ""market_id"": ""1870"", ""pricetype"": ""Retail"", ""unit"": ""500 G""}",UAH,13,False
UKR,721c1ecdd2fad12a1edfddd91dd49780c5834122f8bdcd258dc0e29f557d261a,"{""commodity"": ""Bread (wheat)"", ""commodity_id"": ""375"", ""currency"": ""UAH"", ""market_id"": ""1871"", ""pricetype"": ""Retail"", ""unit"": ""500 G""}",UAH,13,False
UKR,b1110196df3ca69f2b9c28c35dd5069de7a85fbfa052dbfdab1672b8d6c00055,"{""commodity"": ""Bread (wheat)"", ""commodity_id"": ""375"", ""currency"": ""UAH"", ""market_id"": ""1872"", ""pricetype"": ""Retail"", ""unit"": ""500 G""}",UAH,13,False
UKR,5b2ee121e270dcce2fa2222167ad4efe4097e302bb83ce443b712b61474be7f5,"{""commodity"": ""Bread (wheat)"", ""commodity_id"": ""375"", ""currency"": ""UAH"", ""market_id"": ""1873"", ""pricetype"": ""Retail"", ""unit"": ""500 G""}",UAH,13,False
UKR,67da6c0db24479b4764f1076ff482c0ab71d579674ab2e9366466b030839eebb,"{""commodity"": ""Bread (wheat)"", ""commodity_id"": ""375"", ""currency"": ""UAH"", ""market_id"": ""1874"", ""pricetype"": ""Retail"", ""unit"": ""500 G""}",UAH,13,False
UKR,065c88a2e790610cea57c5a0b325894e61767cd74a261d99f3eab3cfc624f8ad,"{""commodity"": ""Bread (wheat)"", ""commodity_id"": ""375"", ""currency"": ""UAH"", ""market_id"": ""1875"", ""pricetype"": ""Retail"", ""unit"": ""500 G""}",UAH,13,False
UKR,8c8b53692b551e1286be707b2ef62735fb4713dd8da140d5d4f9c71ce93ef1a4,"{""commodity"": ""Bread (wheat)"", ""commodity_id"": ""375"", ""currency"": ""UAH"", ""market_id"": ""1876"", ""pricetype"": ""Retail"", ""unit"": ""500 G""}",UAH,13,False
UKR,a969c57d4b532990fcb9ed08dfbee1f670b6b746533fce12b054a64e26a0f76d,"{""commodity"": ""Bread (wheat)"", ""commodity_id"": ""375"", ""currency"": ""UAH"", ""market_id"": ""1877"", ""pricetype"": ""Retail"", ""unit"": ""500 G""}",UAH,13,False
UKR,beec3731ed2f550aabf612b9411e43dbee23454faba8c9c7ce5a80eda17b0088,"{""commodity"": ""Bread (wheat)"", ""commodity_id"": ""375"", ""currency"": ""UAH"", ""market_id"": ""1878"", ""pricetype"": ""Retail"", ""unit"": ""500 G""}",UAH,13,False
UKR,562fa21b774c1c3cb2c645ee235e01e065cba98fd8ff1555994172719d9229fa,"{""commodity"": ""Bread (wheat)"", ""commodity_id"": ""375"", ""currency"": ""UAH"", ""market_id"": ""1879"", ""pricetype"": ""Retail"", ""unit"": ""500 G""}",UAH,13,False
UKR,91bd576e14406ed7a02e5fa1316769b55ad7459c0b5b9cf256dde472c5dd981b,"{""commodity"": ""Bread (wheat)"", ""commodity_id"": ""375"", ""currency"": ""UAH"", ""market_id"": ""1880"", ""pricetype"": ""Retail"", ""unit"": ""500 G""}",UAH,13,False
UKR,c4d0247d22afcbfb61a346678cd56a53cb4a46320cf4d72ed497d489a16ccb92,"{""commodity"": ""Bread (wheat)"", ""commodity_id"": ""375"", ""currency"": ""UAH"", ""market_id"": ""1881"", ""pricetype"": ""Retail"", ""unit"": ""500 G""}",UAH,13,False
UKR,1a3c6e2bdca35a569349182b5c52610bf8d297be638993985381cc99b80f4565,"{""commodity"": ""Bread (wheat)"", ""commodity_id"": ""375"", ""currency"": ""UAH"", ""market_id"": ""1882"", ""pricetype"": ""Retail"", ""unit"": ""500 G""}",UAH,13,False
UKR,fa58859556072923ce583cd4440c4cad84ac2e9061712643282d786ac9817166,"{""commodity"": ""Bread (wheat)"", ""commodity_id"": ""375"", ""currency"": ""UAH"", ""market_id"": ""1884"", ""pricetype"": ""Retail"", ""unit"": ""500 G""}",UAH,13,False
UKR,b4e85b8a44f22c05b063f8039cc2d5679c8102cbbe4a037349e855e9f55283b9,"{""commodity"": ""Buckwheat grits"", ""commodity_id"": ""373"", ""currency"": ""UAH"", ""market_id"": ""1295"", ""pricetype"": ""Retail"", ""unit"": ""KG""}",UAH,35,True
UKR,15d788b7b63cfc0a2570ce0b493683e026f091fd28913eb47f812cfc60548cbd,"{""commodity"": ""Buckwheat grits"", ""commodity_id"": ""373"", ""currency"": ""UAH"", ""market_id"": ""1858"", ""pricetype"": ""Retail"", ""unit"": ""KG""}",UAH,35,True
UKR,e22b412766d503bfa472d817c00525ceaa8506c2477dd5ae010252b86df0500e,"{""commodity"": ""Buckwheat grits"", ""commodity_id"": ""373"", ""currency"": ""UAH"", ""market_id"": ""1859"", ""pricetype"": ""Retail"", ""unit"": ""KG""}",UAH,35,True
UKR,55d9594f44bbc363a9a6ebb6aed8e6b3e7c4f26beff806b8b2033a6274aaf3cd,"{""commodity"": ""Buckwheat grits"", ""commodity_id"": ""373"", ""currency"": ""UAH"", ""market_id"": ""1860"", ""pricetype"": ""Retail"", ""unit"": ""KG""}",UAH,35,True
UKR,ccd3c1f64a76587d4a0aa10a31b3bc59e70e137e67294259db5393e299c41ac7,"{""commodity"": ""Buckwheat grits"", ""commodity_id"": ""373"", ""currency"": ""UAH"", ""market_id"": ""1861"", ""pricetype"": ""Retail"", ""unit"": ""KG""}",UAH,35,True
UKR,8614f9f6b4683c7e765e9b1a94d19571bcc8cd4ce929c8c0ff3db6a7f64902b3,"{""commodity"": ""Buckwheat grits"", ""commodity_id"": ""373"", ""currency"": ""UAH"", ""market_id"": ""1862"", ""pricetype"": ""Retail"", ""unit"": ""KG""}",UAH,35,True
UKR,21d67ec689591a678d8990d16365858804a338dddf2983f9f6803eb4859da82a,"{""commodity"": ""Buckwheat grits"", ""commodity_id"": ""373"", ""currency"": ""UAH"", ""market_id"": ""1863"", ""pricetype"": ""Retail"", ""unit"": ""KG""}",UAH,35,True
UKR,62020a48d098f95dd50376b5a0f204b898a27f3da115f40783a20b11cfad0dcd,"{""commodity"": ""Buckwheat grits"", ""commodity_id"": ""373"", ""currency"": ""UAH"", ""market_id"": ""1864"", ""pricetype"": ""Retail"", ""unit"": ""KG""}",UAH,35,True
UKR,9073b0535dfcc89399fae38bf25074e5eb60329f0ebb03edb239fe3fcc0a3df8,"{""commodity"": ""Buckwheat grits"", ""commodity_id"": ""373"", ""currency"": ""UAH"", ""market_id"": ""1865"", ""pricetype"": ""Retail"", ""unit"": ""KG""}",UAH,35,True
UKR,35aadd1e8e86b5dafe03deaaf60c384ee546f56cc83fecce415bbe5a7663f3c2,"{""commodity"": ""Buckwheat grits"", ""commodity_id"": ""373"", ""currency"": ""UAH"", ""market_id"": ""1866"", ""pricetype"": ""Retail"", ""unit"": ""KG""}",UAH,35,True
UKR,e32e4a426facfb7ac42fc1ad32499dcb77a69860d71e523c8c0a02bfc890ca5b,"{""commodity"": ""Buckwheat grits"", ""commodity_id"": ""373"", ""currency"": ""UAH"", ""market_id"": ""1867"", ""pricetype"": ""Retail"", ""unit"": ""KG""}",UAH,35,True
UKR,8eb99b66cb7052aa8f80d983527f8348ce5f54c7a875109bb9064c869f96f3c7,"{""commodity"": ""Buckwheat grits"", ""commodity_id"": ""373"", ""currency"": ""UAH"", ""market_id"": ""1868"", ""pricetype"": ""Retail"", ""unit"": ""KG""}",UAH,0,False
UKR,646a2432a18603ce809d0d368e590871858880200b6d9de2a433836cd22f92e4,"{""commodity"": ""Buckwheat grits"", ""commodity_id"": ""373"", ""currency"": ""UAH"", ""market_id"": ""1869"", ""pricetype"": ""Retail"", ""unit"": ""KG""}",UAH,35,True
UKR,398644de02e4ecf78d34aae3aae864a81e3731a98278035f1c9db2f92509fb53,"{""commodity"": ""Buckwheat grits"", ""commodity_id"": ""373"", ""currency"": ""UAH"", ""market_id"": ""1870"", ""pricetype"": ""Retail"", ""unit"": ""KG""}",UAH,35,True
UKR,853f6968a3c080f666db22903a4cfa1fb120ec422faa14f33c5ffcd158429d0d,"{""commodity"": ""Buckwheat grits"", ""commodity_id"": ""373"", ""currency"": ""UAH"", ""market_id"": ""1871"", ""pricetype"": ""Retail"", ""unit"": ""KG""}",UAH,35,True
UKR,e2421640a85574da8150f3e933d2bed03c4587a443cf8f294e9d56d92a5f3ac8,"{""commodity"": ""Buckwheat grits"", ""commodity_id"": ""373"", ""currency"": ""UAH"", ""market_id"": ""1872"", ""pricetype"": ""Retail"", ""unit"": ""KG""}",UAH,35,True
UKR,05293957b6067f1897b96201161cf6693ea38eeb8379d81eecc8654d9a5e08d3,"{""commodity"": ""Buckwheat grits"", ""commodity_id"": ""373"", ""currency"": ""UAH"", ""market_id"": ""1873"", ""pricetype"": ""Retail"", ""unit"": ""KG""}",UAH,35,True
UKR,dbe1c7d300947ed4135ed234b4ac9b1842f2544810296f52555c8e351eb6aaaf,"{""commodity"": ""Buckwheat grits"", ""commodity_id"": ""373"", ""currency"": ""UAH"", ""market_id"": ""1874"", ""pricetype"": ""Retail"", ""unit"": ""KG""}",UAH,35,True
UKR,c335d47bb53fa2d04f491faaf9582e7771a09d1abd9a19e8f3dbb12c20040848,"{""commodity"": ""Buckwheat grits"", ""commodity_id"": ""373"", ""currency"": ""UAH"", ""market_id"": ""1875"", ""pricetype"": ""Retail"", ""unit"": ""KG""}",UAH,35,True
UKR,4b48f6441b92bbd0ae9a7fbaecb9be7331a480da615318520963a50e3dcea39b,"{""commodity"": ""Buckwheat grits"", ""commodity_id"": ""373"", ""currency"": ""UAH"", ""market_id"": ""1876"", ""pricetype"": ""Retail"", ""unit"": ""KG""}",UAH,35,True
UKR,72f94e041cecc4618d4bf91f7b44a679aa3652c308d53bd28aa35c666e7244e3,"{""commodity"": ""Buckwheat grits"", ""commodity_id"": ""373"", ""currency"": ""UAH"", ""market_id"": ""1877"", ""pricetype"": ""Retail"", ""unit"": ""KG""}",UAH,35,True
UKR,a2dacbd334560e1ad897b715512342facc42e93a392e0ad91a012cb12288b8cb,"{""commodity"": ""Buckwheat grits"", ""commodity_id"": ""373"", ""currency"": ""UAH"", ""market_id"": ""1878"", ""pricetype"": ""Retail"", ""unit"": ""KG""}",UAH,35,True
UKR,7a28c9ab1e1ad53d6fe4414ad4a031c5153c69615faf1922d18adb1855a6d428,"{""commodity"": ""Buckwheat grits"", ""commodity_id"": ""373"", ""currency"": ""UAH"", ""market_id"": ""1879"", ""pricetype"": ""Retail"", ""unit"": ""KG""}",UAH,35,True
UKR,49ff2116da1611416e3c6fa0a9453185a088b4b5130c437fb39dd32b4b0c4aa4,"{""commodity"": ""Buckwheat grits"", ""commodity_id"": ""373"", ""currency"": ""UAH"", ""market_id"": ""1880"", ""pricetype"": ""Retail"", ""unit"": ""KG""}",UAH,35,True
UKR,526f0a9f2f6e1f9d40b5586880a530291c17cb095c7fc6d9ac929cce3a47174f,"{""commodity"": ""Buckwheat grits"", ""commodity_id"": ""373"", ""currency"": ""UAH"", ""market_id"": ""1881"", ""pricetype"": ""Retail"", ""unit"": ""KG""}",UAH,35,True
UKR,b1693f3482d64b998150baea23c2ab3a98b66dcf6b172c50199422c2e17b339d,"{""commodity"": ""Buckwheat grits"", ""commodity_id"": ""373"", ""currency"": ""UAH"", ""market_id"": ""1882"", ""pricetype"": ""Retail"", ""unit"": ""KG""}",UAH,35,True
UKR,02595ecf2bbea205c77abf06d13bee30ee14ccb14ba4148ba136ed52b12d2ce4,"{""commodity"": ""Buckwheat grits"", ""commodity_id"": ""373"", ""currency"": ""UAH"", ""market_id"": ""1883"", ""pricetype"": ""Retail"", ""unit"": ""KG""}",UAH,0,False
UKR,5bff5870add260b9660225ceef4fd963366200784967f54440f7a41ec15cb96a,"{""commodity"": ""Buckwheat grits"", ""commodity_id"": ""373"", ""currency"": ""UAH"", ""market_id"": ""1884"", ""pricetype"": ""Retail"", ""unit"": ""KG""}",UAH,35,True
UKR,2ba5ecb1ee10bb2ce5fd3786de144ebd6052b5fd06fe6d4aa7edd503af9d3316,"{""commodity"": ""Buckwheat"", ""commodity_id"": ""669"", ""currency"": ""UAH"", ""market_id"": ""1858"", ""pricetype"": ""Retail"", ""unit"": ""KG""}",UAH,13,False
UKR,c850791ab42cf595fbbe83d3667022fedbbdbdba06845ca2d1e4d22cce0b5ece,"{""commodity"": ""Buckwheat"", ""commodity_id"": ""669"", ""currency"": ""UAH"", ""market_id"": ""1859"", ""pricetype"": ""Retail"", ""unit"": ""KG""}",UAH,13,False
UKR,1abff6b0f6d1c0fea60cc79eac23cfb0d9642c94ebc4c010592ef1e693fc6b67,"{""commodity"": ""Buckwheat"", ""commodity_id"": ""669"", ""currency"": ""UAH"", ""market_id"": ""1860"", ""pricetype"": ""Retail"", ""unit"": ""KG""}",UAH,13,False
UKR,872b895641761d9547a84b9d884728f627b5237260abc4982657e2abd73cd024,"{""commodity"": ""Buckwheat"", ""commodity_id"": ""669"", ""currency"": ""UAH"", ""market_id"": ""1861"", ""pricetype"": ""Retail"", ""unit"": ""KG""}",UAH,13,False
UKR,822002909e9bac8959f068a095c117e30e0db535e265f23ba1cca02e50d44293,"{""commodity"": ""Buckwheat"", ""commodity_id"": ""669"", ""currency"": ""UAH"", ""market_id"": ""1862"", ""pricetype"": ""Retail"", ""unit"": ""KG""}",UAH,13,False
UKR,12f268c2b3ef16fced6a4a6135a68c41312f1cb33623a0733a850ad7b3afc82d,"{""commodity"": ""Buckwheat"", ""commodity_id"": ""669"", ""currency"": ""UAH"", ""market_id"": ""1863"", ""pricetype"": ""Retail"", ""unit"": ""KG""}",UAH,13,False
UKR,9d250d0d8149e84e5e8fac9c7c8e788d3f5b96dbcb9237140c91aa316ba28e56,"{""commodity"": ""Buckwheat"", ""commodity_id"": ""669"", ""currency"": ""UAH"", ""market_id"": ""1864"", ""pricetype"": ""Retail"", ""unit"": ""KG""}",UAH,13,False
UKR,e331261dd5bd338705b3cdae6d2d3a7f374618c41ebefa27751cfacde6c91ae2,"{""commodity"": ""Buckwheat"", ""commodity_id"": ""669"", ""currency"": ""UAH"", ""market_id"": ""1865"", ""pricetype"": ""Retail"", ""unit"": ""KG""}",UAH,13,False
UKR,b4514f6e8cc8dc2b2777cceb70cd079de48701f5dca1c4a0945a6fc4302b73c0,"{""commodity"": ""Buckwheat"", ""commodity_id"": ""669"", ""currency"": ""UAH"", ""market_id"": ""1866"", ""pricetype"": ""Retail"", ""unit"": ""KG""}",UAH,13,False
UKR,1b60cf62eae9cb0459d1a65e8c32d16229c967a05e1b58daa40049fc773af34b,"{""commodity"": ""Buckwheat"", ""commodity_id"": ""669"", ""currency"": ""UAH"", ""market_id"": ""1867"", ""pricetype"": ""Retail"", ""unit"": ""KG""}",UAH,13,False
UKR,4110f88b9a504936f3ae7b750e78ce59b80be5dd591b592b39b86933d4ba8e52,"{""commodity"": ""Buckwheat"", ""commodity_id"": ""669"", ""currency"": ""UAH"", ""market_id"": ""1869"", ""pricetype"": ""Retail"", ""unit"": ""KG""}",UAH,13,False
UKR,13343294b377bd318dd960b51ae8dc8151028b360b35055cd6c4984f54a7e951,"{""commodity"": ""Buckwheat"", ""commodity_id"": ""669"", ""currency"": ""UAH"", ""market_id"": ""1870"", ""pricetype"": ""Retail"", ""unit"": ""KG""}",UAH,13,False
UKR,789bae4548b86e4a573a54192dd101b7a96f66341228c25a4bb17083e7d2dbab,"{""commodity"": ""Buckwheat"", ""commodity_id"": ""669"", ""currency"": ""UAH"", ""market_id"": ""1871"", ""pricetype"": ""Retail"", ""unit"": ""KG""}",UAH,13,False
UKR,8b7b27ef298198e0b06e058e54dcacac68bb9221d031e0e2d328d630d3ca47a2,"{""commodity"": ""Buckwheat"", ""commodity_id"": ""669"", ""currency"": ""UAH"", ""market_id"": ""1872"", ""pricetype"": ""Retail"", ""unit"": ""KG""}",UAH,13,False
UKR,5a15b8bd40e36da1b15d1798b8182254fdd99520f7a926eed073939f9b5d4995,"{""commodity"": ""Buckwheat"", ""commodity_id"": ""669"", ""currency"": ""UAH"", ""market_id"": ""1873"", ""pricetype"": ""Retail"", ""unit"": ""KG""}",UAH,13,False
UKR,e9dbfefbf2d32df7bf9d8b138d519d63f55f166c219621d559797875958b6fd9,"{""commodity"": ""Buckwheat"", ""commodity_id"": ""669"", ""currency"": ""UAH"", ""market_id"": ""1874"", ""pricetype"": ""Retail"", ""unit"": ""KG""}",UAH,13,False
UKR,af325c6296a72af5984f6e7449d2a9c6dfe8d2fba2c97eb0d37b0091555f4a81,"{""commodity"": ""Buckwheat"", ""commodity_id"": ""669"", ""currency"": ""UAH"", ""market_id"": ""1875"", ""pricetype"": ""Retail"", ""unit"": ""KG""}",UAH,13,False
UKR,2cc291949ae06c9298986fbf0bfcece84eec7218e3f699c568362a2a05d51153,"{""commodity"": ""Buckwheat"", ""commodity_id"": ""669"", ""currency"": ""UAH"", ""market_id"": ""1876"", ""pricetype"": ""Retail"", ""unit"": ""KG""}",UAH,13,False
UKR,adf74b8f3e2b31e673875f30fc800589eccf443515f6a34847fcddc226b07d6d,"{""commodity"": ""Buckwheat"", ""commodity_id"": ""669"", ""currency"": ""UAH"", ""market_id"": ""1877"", ""pricetype"": ""Retail"", ""unit"": ""KG""}",UAH,13,False
UKR,51b6a33a155a71d36653bce53cf98e45891c020bc9b4a8df57ee6ef8b86d7026,"{""commodity"": ""Buckwheat"", ""commodity_id"": ""669"", ""currency"": ""UAH"", ""market_id"": ""1878"", ""pricetype"": ""Retail"", ""unit"": ""KG""}",UAH,13,False
UKR,3e70f78831bc0c7317e1030a7e75c19b9449aa78e5e269e4fdfc3e4e8983e3dd,"{""commodity"": ""Buckwheat"", ""commodity_id"": ""669"", ""currency"": ""UAH"", ""market_id"": ""1879"", ""pricetype"": ""Retail"", ""unit"": ""KG""}",UAH,13,False
UKR,7e371896eb5b899f47bc0796b8092e0184198b8ad890122eb365370f7a77f0c7,"{""commodity"": ""Buckwheat"", ""commodity_id"": ""669"", ""currency"": ""UAH"", ""market_id"": ""1880"", ""pricetype"": ""Retail"", ""unit"": ""KG""}",UAH,13,False
UKR,803ffae0cf4e101a9ded545524cf8ca6dca5bd04ff39c15e0b708dbc1921a3aa,"{""commodity"": ""Buckwheat"", ""commodity_id"": ""669"", ""currency"": ""UAH"", ""market_id"": ""1881"", ""pricetype"": ""Retail"", ""unit"": ""KG""}",UAH,13,False
UKR,053d533fe87c31d52c38e64940de84c821fe7e28d3d3bea1587da9f9f366932b,"{""commodity"": ""Buckwheat"", ""commodity_id"": ""669"", ""currency"": ""UAH"", ""market_id"": ""1882"", ""pricetype"": ""Retail"", ""unit"": ""KG""}",UAH,13,False
UKR,5ea88f98bb97f4a507e6e611523e38c76ad8bc38fdd8b6dd9bc55b10f1a59d41,"{""commodity"": ""Buckwheat"", ""commodity_id"": ""669"", ""currency"": ""UAH"", ""market_id"": ""1884"", ""pricetype"": ""Retail"", ""unit"": ""KG""}",UAH,13,False
UKR,f1168ad8910ecc37eafbefced28a20798e924d9454ed949ba7e21545097d6f01,"{""commodity"": ""Oil (sunflower)"", ""commodity_id"": ""184"", ""currency"": ""UAH"", ""market_id"": ""1295"", ""pricetype"": ""Retail"", ""unit"": ""L""}",UAH,35,True
UKR,d546f980e41ef419b1624c21b134d6ce5006abcafce94e96537eb11138a1c44a,"{""commodity"": ""Oil (sunflower)"", ""commodity_id"": ""184"", ""currency"": ""UAH"", ""market_id"": ""1858"", ""pricetype"": ""Retail"", ""unit"": ""L""}",UAH,48,True
UKR,e24a8d5e6e7a9dc7eb868d6f280ebbb89391f985c8bad097855931b49bffbc39,"{""commodity"": ""Oil (sunflower)"", ""commodity_id"": ""184"", ""currency"": ""UAH"", ""market_id"": ""1859"", ""pricetype"": ""Retail"", ""unit"": ""L""}",UAH,48,True
UKR,9c46856cd5b6c031bf2359d004066b55590f2d3edefff16d1fc785a8a62b7a9d,"{""commodity"": ""Oil (sunflower)"", ""commodity_id"": ""184"", ""currency"": ""UAH"", ""market_id"": ""1860"", ""pricetype"": ""Retail"", ""unit"": ""L""}",UAH,48,True
UKR,1c02aa7defe3057c23ce182833093bfee470655f19f8f320821d8a67d0217e32,"{""commodity"": ""Oil (sunflower)"", ""commodity_id"": ""184"", ""currency"": ""UAH"", ""market_id"": ""1861"", ""pricetype"": ""Retail"", ""unit"": ""L""}",UAH,48,True
UKR,a9a8d9074e618b0ae99cf3de901993a37c5fc7de712136ced2af155ba3ef23e6,"{""commodity"": ""Oil (sunflower)"", ""commodity_id"": ""184"", ""currency"": ""UAH"", ""market_id"": ""1862"", ""pricetype"": ""Retail"", ""unit"": ""L""}",UAH,48,True
UKR,6995c905f30b0c56ef9b7088704b2c2d9b91b2e91728cbc6008896820f44657f,"{""commodity"": ""Oil (sunflower)"", ""commodity_id"": ""184"", ""currency"": ""UAH"", ""market_id"": ""1863"", ""pricetype"": ""Retail"", ""unit"": ""L""}",UAH,48,True
UKR,0082de991b8e588e11fd5eed01f61f3138d012f95efbf66b44c496c73dfc2e5e,"{""commodity"": ""Oil (sunflower)"", ""commodity_id"": ""184"", ""currency"": ""UAH"", ""market_id"": ""1864"", ""pricetype"": ""Retail"", ""unit"": ""L""}",UAH,48,True
UKR,f963a4a15072200b5c642fd5cc98539c30bb277f5bc37bed8f90877f30dba329,"{""commodity"": ""Oil (sunflower)"", ""commodity_id"": ""184"", ""currency"": ""UAH"", ""market_id"": ""1865"", ""pricetype"": ""Retail"", ""unit"": ""L""}",UAH,48,True
UKR,f996faef702aa283f408f380427b065bd6eb2cb85cf2a742c75e26ce54168f3b,"{""commodity"": ""Oil (sunflower)"", ""commodity_id"": ""184"", ""currency"": ""UAH"", ""market_id"": ""1866"", ""pricetype"": ""Retail"", ""unit"": ""L""}",UAH,48,True
UKR,e35632f3b1074c6783b49e3b8717bc4836277e9b5dd5351f7ed04fd951fd3eb3,"{""commodity"": ""Oil (sunflower)"", ""commodity_id"": ""184"", ""currency"": ""UAH"", ""market_id"": ""1867"", ""pricetype"": ""Retail"", ""unit"": ""L""}",UAH,48,True
UKR,3979e14e64cdbf3f9278a5c4ef9824d3a6596f2b64fe9a5f212502ed758ab605,"{""commodity"": ""Oil (sunflower)"", ""commodity_id"": ""184"", ""currency"": ""UAH"", ""market_id"": ""1868"", ""pricetype"": ""Retail"", ""unit"": ""L""}",UAH,0,False
UKR,779f2323b49713716b448fb6318efcc9713488e051fbda8922805248488b623e,"{""commodity"": ""Oil (sunflower)"", ""commodity_id"": ""184"", ""currency"": ""UAH"", ""market_id"": ""1869"", ""pricetype"": ""Retail"", ""unit"": ""L""}",UAH,48,True
UKR,5866efa6f663a67221a86c5911e37b82fcba431532d6bce6d03d76a122c2e9c0,"{""commodity"": ""Oil (sunflower)"", ""commodity_id"": ""184"", ""currency"": ""UAH"", ""market_id"": ""1870"", ""pricetype"": ""Retail"", ""unit"": ""L""}",UAH,48,True
UKR,ee6ee3d29feb02bb060c0975e82f7ba677bb44fb3b3d8eb38d55240d954d65ca,"{""commodity"": ""Oil (sunflower)"", ""commodity_id"": ""184"", ""currency"": ""UAH"", ""market_id"": ""1871"", ""pricetype"": ""Retail"", ""unit"": ""L""}",UAH,48,True
UKR,65807826602d9d937e953b99d49a247c8fa420ab0a9c9ab6d8631d7bef62551b,"{""commodity"": ""Oil (sunflower)"", ""commodity_id"": ""184"", ""currency"": ""UAH"", ""market_id"": ""1872"", ""pricetype"": ""Retail"", ""unit"": ""L""}",UAH,48,True
UKR,845cd41453b0c73d057178eec6ab99e8835f929130e09192429d2b80727df581,"{""commodity"": ""Oil (sunflower)"", ""commodity_id"": ""184"", ""currency"": ""UAH"", ""market_id"": ""1873"", ""pricetype"": ""Retail"", ""unit"": ""L""}",UAH,48,True
UKR,be4bea6b79f37eeaecbdb1c46141b6fa1d081eecef5fa312bea6aa0a32093449,"{""commodity"": ""Oil (sunflower)"", ""commodity_id"": ""184"", ""currency"": ""UAH"", ""market_id"": ""1874"", ""pricetype"": ""Retail"", ""unit"": ""L""}",UAH,48,True
UKR,f0277a209cd861aad93de63cb89a7a563beaf4d8c4d8dfc5eef849674be71a85,"{""commodity"": ""Oil (sunflower)"", ""commodity_id"": ""184"", ""currency"": ""UAH"", ""market_id"": ""1875"", ""pricetype"": ""Retail"", ""unit"": ""L""}",UAH,48,True
UKR,33ba02c1ab05add993faca6b5160ba6b2ee0746dde5ebd925ab22e81ae306738,"{""commodity"": ""Oil (sunflower)"", ""commodity_id"": ""184"", ""currency"": ""UAH"", ""market_id"": ""1876"", ""pricetype"": ""Retail"", ""unit"": ""L""}",UAH,48,True
UKR,fc91031fca815bd316d2d34ceae738b8a2d07efb368f63416a7e0ccee8304187,"{""commodity"": ""Oil (sunflower)"", ""commodity_id"": ""184"", ""currency"": ""UAH"", ""market_id"": ""1877"", ""pricetype"": ""Retail"", ""unit"": ""L""}",UAH,48,True
UKR,c6ad7622b0486feae8523f8cbc056ecbd3449ef0b4d505295c238c351a3fc3ea,"{""commodity"": ""Oil (sunflower)"", ""commodity_id"": ""184"", ""currency"": ""UAH"", ""market_id"": ""1878"", ""pricetype"": ""Retail"", ""unit"": ""L""}",UAH,48,True
UKR,501b5bfbcd0d74e0283a8e65969c6b32b09547556c5dc5c44a05d8d9530760b6,"{""commodity"": ""Oil (sunflower)"", ""commodity_id"": ""184"", ""currency"": ""UAH"", ""market_id"": ""1879"", ""pricetype"": ""Retail"", ""unit"": ""L""}",UAH,48,True
UKR,4e837795aeb7024bbe6b24d388e841ed4d07cb8b955039cc0a900b269b55a298,"{""commodity"": ""Oil (sunflower)"", ""commodity_id"": ""184"", ""currency"": ""UAH"", ""market_id"": ""1880"", ""pricetype"": ""Retail"", ""unit"": ""L""}",UAH,48,True
UKR,90d143681ad7d09483ee17fb1f5068df76d36bf74b51e2d981699492841da2ed,"{""commodity"": ""Oil (sunflower)"", ""commodity_id"": ""184"", ""currency"": ""UAH"", ""market_id"": ""1881"", ""pricetype"": ""Retail"", ""unit"": ""L""}",UAH,48,True
UKR,cf1d33272251e382749f422244b5de4bdfcbb0a336429bde2e2c655fbe83ebf3,"{""commodity"": ""Oil (sunflower)"", ""commodity_id"": ""184"", ""currency"": ""UAH"", ""market_id"": ""1882"", ""pricetype"": ""Retail"", ""unit"": ""L""}",UAH,48,True
UKR,e42cfd93f8f96282b3746330575f538c0480dc9ae576df815526bef8ba99af34,"{""commodity"": ""Oil (sunflower)"", ""commodity_id"": ""184"", ""currency"": ""UAH"", ""market_id"": ""1883"", ""pricetype"": ""Retail"", ""unit"": ""L""}",UAH,0,False
UKR,e0fcff9f982bf67b4ce28ec6a8ec7995635699a9b59fe73bf430441c18911e96,"{""commodity"": ""Oil (sunflower)"", ""commodity_id"": ""184"", ""currency"": ""UAH"", ""market_id"": ""1884"", ""pricetype"": ""Retail"", ""unit"": ""L""}",UAH,48,True
UKR,ebd23b24f89b68a5427ed050d80048c1bdffdb3ebc1905e096c356dc34b22c23,"{""commodity"": ""Rice"", ""commodity_id"": ""52"", ""currency"": ""UAH"", ""market_id"": ""1295"", ""pricetype"": ""Retail"", ""unit"": ""KG""}",UAH,35,True
UKR,93d1a01e7e590de72991db077eee3335cb90893132d7f5460e20e5d5d2c79773,"{""commodity"": ""Rice"", ""commodity_id"": ""52"", ""currency"": ""UAH"", ""market_id"": ""1858"", ""pricetype"": ""Retail"", ""unit"": ""KG""}",UAH,48,True
UKR,f54ea0697c56bc371b5a26680bc1cb1849f5d356a8d4f117ddcd2ebd4bb397f6,"{""commodity"": ""Rice"", ""commodity_id"": ""52"", ""currency"": ""UAH"", ""market_id"": ""1859"", ""pricetype"": ""Retail"", ""unit"": ""KG""}",UAH,48,True
UKR,2e446bdfc2c62928c3629f7889fbb8102402c2ba1c81c8537bf0e6822a2002d9,"{""commodity"": ""Rice"", ""commodity_id"": ""52"", ""currency"": ""UAH"", ""market_id"": ""1860"", ""pricetype"": ""Retail"", ""unit"": ""KG""}",UAH,48,True
UKR,731a263e96597c81f00bdeff318c5e91171a2532d75a1b95899c00e50025252c,"{""commodity"": ""Rice"", ""commodity_id"": ""52"", ""currency"": ""UAH"", ""market_id"": ""1861"", ""pricetype"": ""Retail"", ""unit"": ""KG""}",UAH,48,True
UKR,e47319f38f09d85c724d939be92e18cbb9a853321b5d6d3cff7f72b9c7251338,"{""commodity"": ""Rice"", ""commodity_id"": ""52"", ""currency"": ""UAH"", ""market_id"": ""1862"", ""pricetype"": ""Retail"", ""unit"": ""KG""}",UAH,48,True
UKR,28e74527a67c3482d3439f586ea47a07a311ad0086b32ec969f6a92ac40852ee,"{""commodity"": ""Rice"", ""commodity_id"": ""52"", ""currency"": ""UAH"", ""market_id"": ""1863"", ""pricetype"": ""Retail"", ""unit"": ""KG""}",UAH,48,True
UKR,4caccce659004fcbf0d2bd53418dadb0c9beff8507041c48ab2adbc9689d9c11,"{""commodity"": ""Rice"", ""commodity_id"": ""52"", ""currency"": ""UAH"", ""market_id"": ""1864"", ""pricetype"": ""Retail"", ""unit"": ""KG""}",UAH,48,True
UKR,047c33d0115c6891dcae9e50c52306f06e769e9888a4cbc3c9a8df77f8605531,"{""commodity"": ""Rice"", ""commodity_id"": ""52"", ""currency"": ""UAH"", ""market_id"": ""1865"", ""pricetype"": ""Retail"", ""unit"": ""KG""}",UAH,48,True
UKR,5de1bc8136adaca733845597bbceeb7eb924f685bd2608bc5656e11b5538b02e,"{""commodity"": ""Rice"", ""commodity_id"": ""52"", ""currency"": ""UAH"", ""market_id"": ""1866"", ""pricetype"": ""Retail"", ""unit"": ""KG""}",UAH,48,True
UKR,abdfb126d6d3154340feeb6625a5e5acf01eec0683d14bcbf1d67799b0fe95e4,"{""commodity"": ""Rice"", ""commodity_id"": ""52"", ""currency"": ""UAH"", ""market_id"": ""1867"", ""pricetype"": ""Retail"", ""unit"": ""KG""}",UAH,48,True
UKR,a6a96f04eb2bf6b5a24de0d13d29f40a2d91cf62baec29b1683ec7a482cc2825,"{""commodity"": ""Rice"", ""commodity_id"": ""52"", ""currency"": ""UAH"", ""market_id"": ""1868"", ""pricetype"": ""Retail"", ""unit"": ""KG""}",UAH,0,False
UKR,5e1c273de57fa3cb8029220933288f7355925a4b6a9fbbfe418903147bf0d97e,"{""commodity"": ""Rice"", ""commodity_id"": ""52"", ""currency"": ""UAH"", ""market_id"": ""1869"", ""pricetype"": ""Retail"", ""unit"": ""KG""}",UAH,48,True
UKR,39ec37d2410943da0e0472b5efe123a683acbfb3aee91b4ed9e2a357ab9c26e5,"{""commodity"": ""Rice"", ""commodity_id"": ""52"", ""currency"": ""UAH"", ""market_id"": ""1870"", ""pricetype"": ""Retail"", ""unit"": ""KG""}",UAH,48,True
UKR,f2f98a109f77b042a51f1b074dcfc550447b219bbd44fc52e5d442569b55a882,"{""commodity"": ""Rice"", ""commodity_id"": ""52"", ""currency"": ""UAH"", ""market_id"": ""1871"", ""pricetype"": ""Retail"", ""unit"": ""KG""}",UAH,48,True
UKR,4f290d497bd8304dcbccd71a429c69313533ae3170080f6b6bb0bf80912e64bf,"{""commodity"": ""Rice"", ""commodity_id"": ""52"", ""currency"": ""UAH"", ""market_id"": ""1872"", ""pricetype"": ""Retail"", ""unit"": ""KG""}",UAH,48,True
UKR,a1d81a08acaf87b155af66bc38855fac1f099fdc48b8f2198e98f7a2a8de8b71,"{""commodity"": ""Rice"", ""commodity_id"": ""52"", ""currency"": ""UAH"", ""market_id"": ""1873"", ""pricetype"": ""Retail"", ""unit"": ""KG""}",UAH,48,True
UKR,b8c1612daa0c52d572eac116e2e3ef034ba7fcf9e50b6680af11fa0c3ff5d3b4,"{""commodity"": ""Rice"", ""commodity_id"": ""52"", ""currency"": ""UAH"", ""market_id"": ""1874"", ""pricetype"": ""Retail"", ""unit"": ""KG""}",UAH,48,True
UKR,2bf1ff15d6b42c58a7538a4d6923186e773a75ec14c7ce789f1d69722d91a7bc,"{""commodity"": ""Rice"", ""commodity_id"": ""52"", ""currency"": ""UAH"", ""market_id"": ""1875"", ""pricetype"": ""Retail"", ""unit"": ""KG""}",UAH,48,True
UKR,f3d48318627b7905889f9e94694ebbac8d5617d6f0da35ee68b421c54ce38c7c,"{""commodity"": ""Rice"", ""commodity_id"": ""52"", ""currency"": ""UAH"", ""market_id"": ""1876"", ""pricetype"": ""Retail"", ""unit"": ""KG""}",UAH,48,True
UKR,5b07ff816c34f34f8fd6bac8b0deb5f920222e23871d3bc3274801f95e06d325,"{""commodity"": ""Rice"", ""commodity_id"": ""52"", ""currency"": ""UAH"", ""market_id"": ""1877"", ""pricetype"": ""Retail"", ""unit"": ""KG""}",UAH,48,True
UKR,88d804477eab0d23121b5c5e7359ee2ee1b2d124ef475c447dbb51b2f7f4c550,"{""commodity"": ""Rice"", ""commodity_id"": ""52"", ""currency"": ""UAH"", ""market_id"": ""1878"", ""pricetype"": ""Retail"", ""unit"": ""KG""}",UAH,48,True
UKR,a1e8389a21c19503ff36828c2d8674fe651d45b39cd2feeb17a4ea46ac7c937c,"{""commodity"": ""Rice"", ""commodity_id"": ""52"", ""currency"": ""UAH"", ""market_id"": ""1879"", ""pricetype"": ""Retail"", ""unit"": ""KG""}",UAH,48,True
UKR,e3c2e0904005e040f24bdbcdc79715b48f0be0e94ef0e4198639f305f3890e43,"{""commodity"": ""Rice"", ""commodity_id"": ""52"", ""currency"": ""UAH"", ""market_id"": ""1880"", ""pricetype"": ""Retail"", ""unit"": ""KG""}",UAH,48,True
UKR,a73655099aaa41ea2f5cb96ad8fdae06caecc5dab303136e98d47d0186b4caf3,"{""commodity"": ""Rice"", ""commodity_id"": ""52"", ""currency"": ""UAH"", ""market_id"": ""1881"", ""pricetype"": ""Retail"", ""unit"": ""KG""}",UAH,48,True
UKR,9ef5d5d09d21cb1e542b691d3aa5dcb34b0e101369a92c6b0727eb3307bb623c,"{""commodity"": ""Rice"", ""commodity_id"": ""52"", ""currency"": ""UAH"", ""market_id"": ""1882"", ""pricetype"": ""Retail"", ""unit"": ""KG""}",UAH,48,True
UKR,291f1b8c6a2e4a6146e797bc1ca39a50b5f8c901c41ad85b8be25f15fd071525,"{""commodity"": ""Rice"", ""commodity_id"": ""52"", ""currency"": ""UAH"", ""market_id"": ""1883"", ""pricetype"": ""Retail"", ""unit"": ""KG""}",UAH,0,False
UKR,18c495d97bb101a2aea6b378b5d72e58b3d60dbc13ae8ab6b02266237dd7a6c0,"{""commodity"": ""Rice"", ""commodity_id"": ""52"", ""currency"": ""UAH"", ""market_id"": ""1884"", ""pricetype"": ""Retail"", ""unit"": ""KG""}",UAH,48,True
UKR,e82bf0a4bbcf2983d5716fe73bdf5c84a7e08125e4f7cf2aea94d4c76f4e945d,"{""commodity"": ""Wheat flour (first grade)"", ""commodity_id"": ""177"", ""currency"": ""UAH"", ""market_id"": ""1295"", ""pricetype"": ""Retail"", ""unit"": ""KG""}",UAH,35,True
UKR,8e1fe9c020f880e63271f97704c24f37b859b76be1f66deaa553d3e5e9ac99eb,"{""commodity"": ""Wheat flour (first grade)"", ""commodity_id"": ""177"", ""currency"": ""UAH"", ""market_id"": ""1858"", ""pricetype"": ""Retail"", ""unit"": ""KG""}",UAH,35,True
UKR,9afddcbcd2a7366865fdfcb261cc8a488cd6e1a2503a8a2e98b754b5362f1851,"{""commodity"": ""Wheat flour (first grade)"", ""commodity_id"": ""177"", ""currency"": ""UAH"", ""market_id"": ""1859"", ""pricetype"": ""Retail"", ""unit"": ""KG""}",UAH,35,True
UKR,6dc155239e3b5d65526babd0a16b58f12ba47e5c7e38f5b4b4178a5d828e1f6e,"{""commodity"": ""Wheat flour (first grade)"", ""commodity_id"": ""177"", ""currency"": ""UAH"", ""market_id"": ""1860"", ""pricetype"": ""Retail"", ""unit"": ""KG""}",UAH,35,True
UKR,f3ebcaae4e679477b0dee7bb317b6b8c5b17fe006b86394123db9301f61943ba,"{""commodity"": ""Wheat flour (first grade)"", ""commodity_id"": ""177"", ""currency"": ""UAH"", ""market_id"": ""1861"", ""pricetype"": ""Retail"", ""unit"": ""KG""}",UAH,35,True
UKR,5520c75882be747c8ec78d216c61e49012526243aa9868e714aee8da15829dea,"{""commodity"": ""Wheat flour (first grade)"", ""commodity_id"": ""177"", ""currency"": ""UAH"", ""market_id"": ""1862"", ""pricetype"": ""Retail"", ""unit"": ""KG""}",UAH,35,True
UKR,8fcfae03ed39bae190733c9f6b0cf5065132fac54cbb76f2c05a1b61bd602bd6,"{""commodity"": ""Wheat flour (first grade)"", ""commodity_id"": ""177"", ""currency"": ""UAH"", ""market_id"": ""1863"", ""pricetype"": ""Retail"", ""unit"": ""KG""}",UAH,35,True
UKR,930ff1287e8cce99277a94386684dddc8b6329336301c9a9420736f1e2744e9a,"{""commodity"": ""Wheat flour (first grade)"", ""commodity_id"": ""177"", ""currency"": ""UAH"", ""market_id"": ""1864"", ""pricetype"": ""Retail"", ""unit"": ""KG""}",UAH,35,True
UKR,927a9aad8aa5db974578c77c77deb232d95e455a8f797b8712c232ac11bdc865,"{""commodity"": ""Wheat flour (first grade)"", ""commodity_id"": ""177"", ""currency"": ""UAH"", ""market_id"": ""1865"", ""pricetype"": ""Retail"", ""unit"": ""KG""}",UAH,35,True
UKR,897bf12487484a9625d05525cad38f5da18c35fc7461452d67400ce9cf47613f,"{""commodity"": ""Wheat flour (first grade)"", ""commodity_id"": ""177"", ""currency"": ""UAH"", ""market_id"": ""1866"", ""pricetype"": ""Retail"", ""unit"": ""KG""}",UAH,35,True
UKR,15ee380c7072c72b4c25d72513ebf59e1a93956f7a7d37afd304c1887bd7e9fa,"{""commodity"": ""Wheat flour (first grade)"", ""commodity_id"": ""177"", ""currency"": ""UAH"", ""market_id"": ""1867"", ""pricetype"": ""Retail"", ""unit"": ""KG""}",UAH,35,True
UKR,276d3c8c1618e96b38fca616cc6235e2b5eccc9219513c18a44952c21c331604,"{""commodity"": ""Wheat flour (first grade)"", ""commodity_id"": ""177"", ""currency"": ""UAH"", ""market_id"": ""1868"", ""pricetype"": ""Retail"", ""unit"": ""KG""}",UAH,0,False
UKR,e3872fd6e168bb05e40832080b056ca0a12d318d71af34c66f9ffe6f182d7ced,"{""commodity"": ""Wheat flour (first grade)"", ""commodity_id"": ""177"", ""currency"": ""UAH"", ""market_id"": ""1869"", ""pricetype"": ""Retail"", ""unit"": ""KG""}",UAH,35,True
UKR,3531d856a211e8552644df3be26670f07532356f53256123fe1153c64e83d2ae,"{""commodity"": ""Wheat flour (first grade)"", ""commodity_id"": ""177"", ""currency"": ""UAH"", ""market_id"": ""1870"", ""pricetype"": ""Retail"", ""unit"": ""KG""}",UAH,35,True
UKR,b73ae4fd31dbc47951164c3b0d9cb106b20c5dc7a36c75d37a8391abbeb8a05f,"{""commodity"": ""Wheat flour (first grade)"", ""commodity_id"": ""177"", ""currency"": ""UAH"", ""market_id"": ""1871"", ""pricetype"": ""Retail"", ""unit"": ""KG""}",UAH,35,True
UKR,e33e1dd99dda7523ce0162c4d6f2eef4304b67a4865b588dedb3f3d9186e8558,"{""commodity"": ""Wheat flour (first grade)"", ""commodity_id"": ""177"", ""currency"": ""UAH"", ""market_id"": ""1872"", ""pricetype"": ""Retail"", ""unit"": ""KG""}",UAH,35,True
UKR,d72f00d6db823514197c5f4a16e5e8092a0c1084fd5842d14d1d0b06e10cd709,"{""commodity"": ""Wheat flour (first grade)"", ""commodity_id"": ""177"", ""currency"": ""UAH"", ""market_id"": ""1873"", ""pricetype"": ""Retail"", ""unit"": ""KG""}",UAH,35,True
UKR,081d1992a3453e7212785174d7b9dd844e449526aa4a317f81090bad7b846855,"{""commodity"": ""Wheat flour (first grade)"", ""commodity_id"": ""177"", ""currency"": ""UAH"", ""market_id"": ""1874"", ""pricetype"": ""Retail"", ""unit"": ""KG""}",UAH,35,True
UKR,36096d6dfbfbf648dd9406ed6a1c1f1bcaf86e8b9d42070641493fd2ed1bb892,"{""commodity"": ""Wheat flour (first grade)"", ""commodity_id"": ""177"", ""currency"": ""UAH"", ""market_id"": ""1875"", ""pricetype"": ""Retail"", ""unit"": ""KG""}",UAH,35,True
UKR,7496a196701f35e841c3aeb02fec17d0277290ad7abc7d50438e0fc66865de6f,"{""commodity"": ""Wheat flour (first grade)"", ""commodity_id"": ""177"", ""currency"": ""UAH"", ""market_id"": ""1876"", ""pricetype"": ""Retail"", ""unit"": ""KG""}",UAH,35,True
UKR,7d88be92510df0e4029763aeb9e3198c186370c58ca8646d2069e1fc841796f4,"{""commodity"": ""Wheat flour (first grade)"", ""commodity_id"": ""177"", ""currency"": ""UAH"", ""market_id"": ""1877"", ""pricetype"": ""Retail"", ""unit"": ""KG""}",UAH,35,True
UKR,90cfc4078b3470060327f58cc0995f60b782b6d21a6d488062a694adb24a1c5d,"{""commodity"": ""Wheat flour (first grade)"", ""commodity_id"": ""177"", ""currency"": ""UAH"", ""market_id"": ""1878"", ""pricetype"": ""Retail"", ""unit"": ""KG""}",UAH,35,True
UKR,9550aa1941f2d6ae069c8d6f7d6a8c6ce269d7a3b29cda3aaefa80c6d723bb54,"{""commodity"": ""Wheat flour (first grade)"", ""commodity_id"": ""177"", ""currency"": ""UAH"", ""market_id"": ""1879"", ""pricetype"": ""Retail"", ""unit"": ""KG""}",UAH,35,True
UKR,eccdf0b7de04f6fabbc333dcf118afe9a83e9d58e31397e80b4c1d419e2364ef,"{""commodity"": ""Wheat flour (first grade)"", ""commodity_id"": ""177"", ""currency"": ""UAH"", ""market_id"": ""1880"", ""pricetype"": ""Retail"", ""unit"": ""KG""}",UAH,35,True
UKR,94890e799684948a06f03e49dcff6ca34281768c2ae0f412c6e8a12c8174c73d,"{""commodity"": ""Wheat flour (first grade)"", ""commodity_id"": ""177"", ""currency"": ""UAH"", ""market_id"": ""1881"", ""pricetype"": ""Retail"", ""unit"": ""KG""}",UAH,35,True
UKR,b5c0d178fb82005f407f132b04404185bd536d5e97a81a1281fd6fc6e6ae58cd,"{""commodity"": ""Wheat flour (first grade)"", ""commodity_id"": ""177"", ""currency"": ""UAH"", ""market_id"": ""1882"", ""pricetype"": ""Retail"", ""unit"": ""KG""}",UAH,35,True
UKR,9b0d65c4aac7f43b4eea50c404b9cc78f4c51909e368e70fa8998d866867869e,"{""commodity"": ""Wheat flour (first grade)"", ""commodity_id"": ""177"", ""currency"": ""UAH"", ""market_id"": ""1883"", ""pricetype"": ""Retail"", ""unit"": ""KG""}",UAH,0,False
UKR,5d9b5529a99ae161d1a459e4061bdb356e5198d825babd7f79095719afdc584c,"{""commodity"": ""Wheat flour (first grade)"", ""commodity_id"": ""177"", ""currency"": ""UAH"", ""market_id"": ""1884"", ""pricetype"": ""Retail"", ""unit"": ""KG""}",UAH,35,True
UKR,43cdc1bf9fac0dedcd56318266ab00d6cfcf8deb2ab4c559bbb10a7846f804a2,"{""commodity"": ""Wheat flour"", ""commodity_id"": ""58"", ""currency"": ""UAH"", ""market_id"": ""1858"", ""pricetype"": ""Retail"", ""unit"": ""KG""}",UAH,13,False
UKR,35cd6de98e458bf3572e0376e62cf71ec437a5c97e5b2dff0c65212bebef575f,"{""commodity"": ""Wheat flour"", ""commodity_id"": ""58"", ""currency"": ""UAH"", ""market_id"": ""1859"", ""pricetype"": ""Retail"", ""unit"": ""KG""}",UAH,13,False
UKR,329ab89d797a24ca242e1832c4fb31c3fe18147437d5db8b818335c2b6cb2ec3,"{""commodity"": ""Wheat flour"", ""commodity_id"": ""58"", ""currency"": ""UAH"", ""market_id"": ""1860"", ""pricetype"": ""Retail"", ""unit"": ""KG""}",UAH,13,False
UKR,f7fbfea0f3cbe9b97e2aa132cc7958e760181ae727eca01db76e9958f3acf4c9,"{""commodity"": ""Wheat flour"", ""commodity_id"": ""58"", ""currency"": ""UAH"", ""market_id"": ""1861"", ""pricetype"": ""Retail"", ""unit"": ""KG""}",UAH,13,False
UKR,934264827815a5029d7e585e468747f9bd91d20797062eef73910d84318c0704,"{""commodity"": ""Wheat flour"", ""commodity_id"": ""58"", ""currency"": ""UAH"", ""market_id"": ""1862"", ""pricetype"": ""Retail"", ""unit"": ""KG""}",UAH,13,False
UKR,23bfe31a23548dac1fa9a109217d6e464478739fcec4039eb5ad7b486c1f014b,"{""commodity"": ""Wheat flour"", ""commodity_id"": ""58"", ""currency"": ""UAH"", ""market_id"": ""1863"", ""pricetype"": ""Retail"", ""unit"": ""KG""}",UAH,13,False
UKR,13040046a8bf26e1a3521850725c928d86331672e8a835896bd2556c311311d7,"{""commodity"": ""Wheat flour"", ""commodity_id"": ""58"", ""currency"": ""UAH"", ""market_id"": ""1864"", ""pricetype"": ""Retail"", ""unit"": ""KG""}",UAH,13,False
UKR,f80216b306903635a50eac2778d245049fd5010963ed62beabadeb774747672d,"{""commodity"": ""Wheat flour"", ""commodity_id"": ""58"", ""currency"": ""UAH"", ""market_id"": ""1865"", ""pricetype"": ""Retail"", ""unit"": ""KG""}",UAH,13,False
UKR,264dcc7ea0c19565226f8b50316c478b1490bd9c50018b036ef67ca8a5ff6b5e,"{""commodity"": ""Wheat flour"", ""commodity_id"": ""58"", ""currency"": ""UAH"", ""market_id"": ""1866"", ""pricetype"": ""Retail"", ""unit"": ""KG""}",UAH,13,False
UKR,dd3696015ffdd09d01cbc40bac2ba9fea19ed6be27b780531c4459078d316347,"{""commodity"": ""Wheat flour"", ""commodity_id"": ""58"", ""currency"": ""UAH"", ""market_id"": ""1867"", ""pricetype"": ""Retail"", ""unit"": ""KG""}",UAH,13,False
UKR,fbbdc13ad42b83a9038b72402e2badf7bf7672afc7640b1c099ab52915e95ee6,"{""commodity"": ""Wheat flour"", ""commodity_id"": ""58"", ""currency"": ""UAH"", ""market_id"": ""1869"", ""pricetype"": ""Retail"", ""unit"": ""KG""}",UAH,13,False
UKR,6aef6c5d254f643ba8cc305236e033488c585aeff087b7b05f3832eb3ce49f4f,"{""commodity"": ""Wheat flour"", ""commodity_id"": ""58"", ""currency"": ""UAH"", ""market_id"": ""1870"", ""pricetype"": ""Retail"", ""unit"": ""KG""}",UAH,13,False
UKR,4da44ff12b96ee2894dfd9e36919364fee917aa3244435799a562a29bd98ba8b,"{""commodity"": ""Wheat flour"", ""commodity_id"": ""58"", ""currency"": ""UAH"", ""market_id"": ""1871"", ""pricetype"": ""Retail"", ""unit"": ""KG""}",UAH,13,False
UKR,e4a9d2ff619288b07cad43bc00c2d4451a08e233dd92a469470e7b9275b90176,"{""commodity"": ""Wheat flour"", ""commodity_id"": ""58"", ""currency"": ""UAH"", ""market_id"": ""1872"", ""pricetype"": ""Retail"", ""unit"": ""KG""}",UAH,13,False
UKR,62882522a61e6dd0055f8de8cbdaa7d730bc2fe59e48c4cf5c86ec90a0bd31ae,"{""commodity"": ""Wheat flour"", ""commodity_id"": ""58"", ""currency"": ""UAH"", ""market_id"": ""1873"", ""pricetype"": ""Retail"", ""unit"": ""KG""}",UAH,13,False
UKR,26b57da14c2db470f4286b6a4c5e1bb9ebb83862517dc031ba6ed6c9e2422b42,"{""commodity"": ""Wheat flour"", ""commodity_id"": ""58"", ""currency"": ""UAH"", ""market_id"": ""1874"", ""pricetype"": ""Retail"", ""unit"": ""KG""}",UAH,13,False
UKR,bbe5a381a2f578427f4701ae42eb4fb6e85f6f75996de963336a37eaf19f5283,"{""commodity"": ""Wheat flour"", ""commodity_id"": ""58"", ""currency"": ""UAH"", ""market_id"": ""1875"", ""pricetype"": ""Retail"", ""unit"": ""KG""}",UAH,13,False
UKR,a655676e08b706266e3b9c74e3d9aa7f7600d47f464ff2f541a62b9fdcbe1849,"{""commodity"": ""Wheat flour"", ""commodity_id"": ""58"", ""currency"": ""UAH"", ""market_id"": ""1876"", ""pricetype"": ""Retail"", ""unit"": ""KG""}",UAH,13,False
UKR,3ae86feb1e9e445dec0c55d3d17708517e31d0e285b7652c88fd7087b6dda681,"{""commodity"": ""Wheat flour"", ""commodity_id"": ""58"", ""currency"": ""UAH"", ""market_id"": ""1877"", ""pricetype"": ""Retail"", ""unit"": ""KG""}",UAH,13,False
UKR,c2624eb021e13b301040103044546779613817eeccd5536b01bceb2a4dc7bdb8,"{""commodity"": ""Wheat flour"", ""commodity_id"": ""58"", ""currency"": ""UAH"", ""market_id"": ""1878"", ""pricetype"": ""Retail"", ""unit"": ""KG""}",UAH,13,False
UKR,f1c40d132e7d5b9b21479ee01e9999a1a5128cf6cf7dbd782f8cabde020889b6,"{""commodity"": ""Wheat flour"", ""commodity_id"": ""58"", ""currency"": ""UAH"", ""market_id"": ""1879"", ""pricetype"": ""Retail"", ""unit"": ""KG""}",UAH,13,False
UKR,0bfc869b769d5860707999086f93cd016207adf5303dbd1e94c66d3cfcf419fa,"{""commodity"": ""Wheat flour"", ""commodity_id"": ""58"", ""currency"": ""UAH"", ""market_id"": ""1880"", ""pricetype"": ""Retail"", ""unit"": ""KG""}",UAH,13,False
UKR,2ef8b597e240fe6daa534d411e0085630afeb1924107e3a6c688912c3923f743,"{""commodity"": ""Wheat flour"", ""commodity_id"": ""58"", ""currency"": ""UAH"", ""market_id"": ""1881"", ""pricetype"": ""Retail"", ""unit"": ""KG""}",UAH,13,False
UKR,6d183b8df1cbd2bc7fac99794aeca01338387fa9cbe4b1b34a43a3fea86b3314,"{""commodity"": ""Wheat flour"", ""commodity_id"": ""58"", ""currency"": ""UAH"", ""market_id"": ""1882"", ""pricetype"": ""Retail"", ""unit"": ""KG""}",UAH,13,False
UKR,39a43b4645d6e3f2584e36392b8167203e0885e4c71f4657ab4d333a5d742cec,"{""commodity"": ""Wheat flour"", ""commodity_id"": ""58"", ""currency"": ""UAH"", ""market_id"": ""1884"", ""pricetype"": ""Retail"", ""unit"": ""KG""}",UAH,13,False
YEM,714a47c184cc924d1de9c227f95c7e03586010a5f76d3d217f90b4c2fe83cac1,"{""commodity"": ""Oil (sunflower)"", ""commodity_id"": ""184"", ""currency"": ""YER"", ""market_id"": ""192"", ""pricetype"": ""Retail"", ""unit"": ""L""}",YER,0,False
YEM,8295a91e22b569339853fb18eae179cb6ff7e80b47f425b31ef1924ebce37894,"{""commodity"": ""Oil (sunflower)"", ""commodity_id"": ""184"", ""currency"": ""YER"", ""market_id"": ""1933"", ""pricetype"": ""Retail"", ""unit"": ""L""}",YER,0,False
YEM,9fe78650aaf308b8bd19388b32f9f40954c3ba8758ac33618a30b8ac695d7134,"{""commodity"": ""Oil (sunflower)"", ""commodity_id"": ""184"", ""currency"": ""YER"", ""market_id"": ""1934"", ""pricetype"": ""Retail"", ""unit"": ""L""}",YER,0,False
YEM,0aa6edc0b22ecb982e4984873a3986dc54c8c6ad7fc0100235527609c92cb15f,"{""commodity"": ""Oil (sunflower)"", ""commodity_id"": ""184"", ""currency"": ""YER"", ""market_id"": ""1935"", ""pricetype"": ""Retail"", ""unit"": ""L""}",YER,0,False
YEM,915d1b20238dd0a3103b7d7b9cba44ebeec8b8592564d470667094d7fb31da51,"{""commodity"": ""Oil (sunflower)"", ""commodity_id"": ""184"", ""currency"": ""YER"", ""market_id"": ""1936"", ""pricetype"": ""Retail"", ""unit"": ""L""}",YER,0,False
YEM,60aee394423ecc9387bbd4fbb9eb28804f74e9fca965eb9b5fca3046c5047682,"{""commodity"": ""Oil (sunflower)"", ""commodity_id"": ""184"", ""currency"": ""YER"", ""market_id"": ""1937"", ""pricetype"": ""Retail"", ""unit"": ""L""}",YER,0,False
YEM,54dd4ed21ebfaa7d438d2b192de3bce815de16d057f9ff57e72065d7bf55ddfb,"{""commodity"": ""Oil (sunflower)"", ""commodity_id"": ""184"", ""currency"": ""YER"", ""market_id"": ""1938"", ""pricetype"": ""Retail"", ""unit"": ""L""}",YER,0,False
YEM,56177c7d954bdc8ad8a7537280641b22a347522a8476152eeff128dbdd06f3b1,"{""commodity"": ""Oil (sunflower)"", ""commodity_id"": ""184"", ""currency"": ""YER"", ""market_id"": ""1939"", ""pricetype"": ""Retail"", ""unit"": ""L""}",YER,0,False
YEM,4a56323368614dd9ae247fb27b1f3e7868470ce9cd61abae837b7dcb2fa3a7ba,"{""commodity"": ""Oil (sunflower)"", ""commodity_id"": ""184"", ""currency"": ""YER"", ""market_id"": ""1940"", ""pricetype"": ""Retail"", ""unit"": ""L""}",YER,0,False
YEM,b44072735219b8a963fa5b4735a467fd6438fe1bbf2bd9966072a020ec484250,"{""commodity"": ""Oil (sunflower)"", ""commodity_id"": ""184"", ""currency"": ""YER"", ""market_id"": ""1941"", ""pricetype"": ""Retail"", ""unit"": ""L""}",YER,0,False
YEM,eac00548f64961af61c156647ec9c37ae3a83a7577b99c20fe907921f4de87ef,"{""commodity"": ""Oil (sunflower)"", ""commodity_id"": ""184"", ""currency"": ""YER"", ""market_id"": ""1943"", ""pricetype"": ""Retail"", ""unit"": ""L""}",YER,0,False
YEM,77567a27178f9921aae5580023a5ad23d16ac80b2712571a38cbff41608f777f,"{""commodity"": ""Oil (sunflower)"", ""commodity_id"": ""184"", ""currency"": ""YER"", ""market_id"": ""198"", ""pricetype"": ""Retail"", ""unit"": ""L""}",YER,0,False
YEM,0e428230ba07da79546b9d393d1b51a069efc7ddc253296c2804b50f52541812,"{""commodity"": ""Oil (sunflower)"", ""commodity_id"": ""184"", ""currency"": ""YER"", ""market_id"": ""199"", ""pricetype"": ""Retail"", ""unit"": ""L""}",YER,0,False
YEM,874a2dc068faf627b2d6ce45346e4aee253a5fc6c6d3b76f7f3a6ea9c0990cdd,"{""commodity"": ""Oil (sunflower)"", ""commodity_id"": ""184"", ""currency"": ""YER"", ""market_id"": ""4382"", ""pricetype"": ""Retail"", ""unit"": ""L""}",YER,0,False
YEM,3b37713339f81cf3b5fb78065fb565e0fe76f9521e515ed66b7b14585211ce4f,"{""commodity"": ""Oil (sunflower)"", ""commodity_id"": ""184"", ""currency"": ""YER"", ""market_id"": ""4409"", ""pricetype"": ""Retail"", ""unit"": ""L""}",YER,0,False
YEM,1543cb98b0986302d9003e880a12836197733d459c86181ee2ad9a599c84c934,"{""commodity"": ""Oil (sunflower)"", ""commodity_id"": ""184"", ""currency"": ""YER"", ""market_id"": ""4453"", ""pricetype"": ""Retail"", ""unit"": ""L""}",YER,0,False
YEM,27e549b0861aed8afb47106c0b680ee8c9f1dfa3ac21f0f805db97e681374796,"{""commodity"": ""Oil (sunflower)"", ""commodity_id"": ""184"", ""currency"": ""YER"", ""market_id"": ""4459"", ""pricetype"": ""Retail"", ""unit"": ""L""}",YER,0,False
YEM,9661569a354512b145862a9900e0fd733f339969b83e9e0623fc37b3f7a8aa4c,"{""commodity"": ""Oil (vegetable)"", ""commodity_id"": ""96"", ""currency"": ""YER"", ""market_id"": ""192"", ""pricetype"": ""Retail"", ""unit"": ""L""}",YER,60,True
YEM,4e362918263a6b6b47760cc59410248585e327488faafab6c759d22d4a5ae468,"{""commodity"": ""Oil (vegetable)"", ""commodity_id"": ""96"", ""currency"": ""YER"", ""market_id"": ""193"", ""pricetype"": ""Retail"", ""unit"": ""L""}",YER,60,True
YEM,328a6950df7df4604c53a0ac52ee6e4d49101680f21ea55e4c4adc0d331a583a,"{""commodity"": ""Oil (vegetable)"", ""commodity_id"": ""96"", ""currency"": ""YER"", ""market_id"": ""1933"", ""pricetype"": ""Retail"", ""unit"": ""L""}",YER,43,True
YEM,4b2403076d6d2cce6625c80ba93808f207d73325399d865baebab7df472cf718,"{""commodity"": ""Oil (vegetable)"", ""commodity_id"": ""96"", ""currency"": ""YER"", ""market_id"": ""1934"", ""pricetype"": ""Retail"", ""unit"": ""KG""}",YER,16,False
YEM,59b3cafd71945a284b60202a731c367816bdfe8e855215a23dfd9983800b1483,"{""commodity"": ""Oil (vegetable)"", ""commodity_id"": ""96"", ""currency"": ""YER"", ""market_id"": ""1934"", ""pricetype"": ""Retail"", ""unit"": ""L""}",YER,43,True
YEM,18e456202439ea002454f80d834cabc42774b0e1a52ef32745430db0f1f7d9bf,"{""commodity"": ""Oil (vegetable)"", ""commodity_id"": ""96"", ""currency"": ""YER"", ""market_id"": ""1935"", ""pricetype"": ""Retail"", ""unit"": ""L""}",YER,43,True
YEM,2db22d793713acea255623c05cf240bf2502b8b5efb91ecdfe9fc6eebcb0be45,"{""commodity"": ""Oil (vegetable)"", ""commodity_id"": ""96"", ""currency"": ""YER"", ""market_id"": ""1936"", ""pricetype"": ""Retail"", ""unit"": ""L""}",YER,43,True
YEM,c74437e27a2123a42292f61259cc57e10c6d0ceb2ebf35aff4f4522c21002d44,"{""commodity"": ""Oil (vegetable)"", ""commodity_id"": ""96"", ""currency"": ""YER"", ""market_id"": ""1937"", ""pricetype"": ""Retail"", ""unit"": ""L""}",YER,43,True
YEM,f2915c9a5b72dea06505e0d6a5907b519ebe82c0a269e4e14d2aaa3efccacc72,"{""commodity"": ""Oil (vegetable)"", ""commodity_id"": ""96"", ""currency"": ""YER"", ""market_id"": ""1938"", ""pricetype"": ""Retail"", ""unit"": ""L""}",YER,50,True
YEM,30f5d444b0c4e7eb9d406bc1840d01355af733bdf555bfebcb362662c9b1ce05,"{""commodity"": ""Oil (vegetable)"", ""commodity_id"": ""96"", ""currency"": ""YER"", ""market_id"": ""1939"", ""pricetype"": ""Retail"", ""unit"": ""L""}",YER,50,True
YEM,6028cecb0bcda4e54502e31b4f171de65730c8254da373ec440988b2ca71902b,"{""commodity"": ""Oil (vegetable)"", ""commodity_id"": ""96"", ""currency"": ""YER"", ""market_id"": ""194"", ""pricetype"": ""Retail"", ""unit"": ""L""}",YER,60,True
YEM,54eb9ac5c5a3d0b306727bde21e03988dc95830b0046aaaf1a4e7fb738c9fba9,"{""commodity"": ""Oil (vegetable)"", ""commodity_id"": ""96"", ""currency"": ""YER"", ""market_id"": ""1940"", ""pricetype"": ""Retail"", ""unit"": ""L""}",YER,42,True
YEM,05732d6b20e5d89aa6b8e6fc61762ff0c39c68a3f7519c490f79e24fe1173570,"{""commodity"": ""Oil (vegetable)"", ""commodity_id"": ""96"", ""currency"": ""YER"", ""market_id"": ""1941"", ""pricetype"": ""Retail"", ""unit"": ""L""}",YER,50,True
YEM,7030c8aca5bc0cba834b83aa299828b559cdb284bf4fc1d41e501c5b9e0aa41d,"{""commodity"": ""Oil (vegetable)"", ""commodity_id"": ""96"", ""currency"": ""YER"", ""market_id"": ""1942"", ""pricetype"": ""Retail"", ""unit"": ""L""}",YER,43,True
YEM,0ef2dbe5f90bda28de368cb0c5fa935d15a07c894fccab01782d30bb8bb53356,"{""commodity"": ""Oil (vegetable)"", ""commodity_id"": ""96"", ""currency"": ""YER"", ""market_id"": ""1943"", ""pricetype"": ""Retail"", ""unit"": ""KG""}",YER,16,False
YEM,ebc0bf26752667187e1a161d23ca0fd5d806e21228d61b3925e62b41ac7516cc,"{""commodity"": ""Oil (vegetable)"", ""commodity_id"": ""96"", ""currency"": ""YER"", ""market_id"": ""1943"", ""pricetype"": ""Retail"", ""unit"": ""L""}",YER,43,True
YEM,2cfc5997d9bf679b683a98cd4bca1b28970516ba2ac63907fc182c00ed2f6c85,"{""commodity"": ""Oil (vegetable)"", ""commodity_id"": ""96"", ""currency"": ""YER"", ""market_id"": ""1944"", ""pricetype"": ""Retail"", ""unit"": ""L""}",YER,43,True
YEM,38b1bef3e9df56197d931887d6c607491000b0f543c2f92b9f62f4c976902b5f,"{""commodity"": ""Oil (vegetable)"", ""commodity_id"": ""96"", ""currency"": ""YER"", ""market_id"": ""1945"", ""pricetype"": ""Retail"", ""unit"": ""L""}",YER,43,True
YEM,f7b22a3370cb5834f74cbfa52a62cc2ebda58f688025d6c33be4300c0117313d,"{""commodity"": ""Oil (vegetable)"", ""commodity_id"": ""96"", ""currency"": ""YER"", ""market_id"": ""1946"", ""pricetype"": ""Retail"", ""unit"": ""L""}",YER,43,True
YEM,08e89587eb76aade08ce845e2b8ae32c9bd63378ad35f5271a10a34b03eade80,"{""commodity"": ""Oil (vegetable)"", ""commodity_id"": ""96"", ""currency"": ""YER"", ""market_id"": ""1947"", ""pricetype"": ""Retail"", ""unit"": ""L""}",YER,43,True
YEM,6b04cc3c34462c5ce1555cfc19267aef27785300330fbb38bbfdd9f534268821,"{""commodity"": ""Oil (vegetable)"", ""commodity_id"": ""96"", ""currency"": ""YER"", ""market_id"": ""195"", ""pricetype"": ""Retail"", ""unit"": ""L""}",YER,60,True
YEM,13be32a42143c4e2de3af265b7029a5f902a0fd9462bbc5e8bc098089ac759ee,"{""commodity"": ""Oil (vegetable)"", ""commodity_id"": ""96"", ""currency"": ""YER"", ""market_id"": ""196"", ""pricetype"": ""Retail"", ""unit"": ""L""}",YER,60,True
YEM,ad4a12c18661036ea6ac088d87935b72f37339355f8d5cb06da2bb49af934b22,"{""commodity"": ""Oil (vegetable)"", ""commodity_id"": ""96"", ""currency"": ""YER"", ""market_id"": ""197"", ""pricetype"": ""Retail"", ""unit"": ""L""}",YER,60,True
YEM,4e5dd46459db81126fcab34a3ea8f006583aca124711bb234ae8f8d773ed07b3,"{""commodity"": ""Oil (vegetable)"", ""commodity_id"": ""96"", ""currency"": ""YER"", ""market_id"": ""198"", ""pricetype"": ""Retail"", ""unit"": ""L""}",YER,43,True
YEM,294a6996c2fb1e2236b999a36d486252030e2bd28e3057c9a3e2cdc07f695da4,"{""commodity"": ""Oil (vegetable)"", ""commodity_id"": ""96"", ""currency"": ""YER"", ""market_id"": ""199"", ""pricetype"": ""Retail"", ""unit"": ""L""}",YER,43,True
YEM,7abafba5c47688ce027a6485c0ada77f1b886ec8f3ae3f370f63934b86df6b38,"{""commodity"": ""Oil (vegetable)"", ""commodity_id"": ""96"", ""currency"": ""YER"", ""market_id"": ""2370"", ""pricetype"": ""Retail"", ""unit"": ""KG""}",YER,25,True
YEM,5a5fc04a4723be8e5862f7a15082935acac92d278889ce5dd564bae794d21aab,"{""commodity"": ""Oil (vegetable)"", ""commodity_id"": ""96"", ""currency"": ""YER"", ""market_id"": ""2370"", ""pricetype"": ""Retail"", ""unit"": ""L""}",YER,27,True
YEM,6889e47131a61c6fb110f45735c87ace7c3ff8279772a6e105e0a152150a15b4,"{""commodity"": ""Rice (imported)"", ""commodity_id"": ""64"", ""currency"": ""YER"", ""market_id"": ""192"", ""pricetype"": ""Retail"", ""unit"": ""KG""}",YER,53,True
YEM,a3bd6c2dfd42fe86c15d446982f32136cd4388e77a97c4d5909afd0b38784582,"{""commodity"": ""Rice (imported)"", ""commodity_id"": ""64"", ""currency"": ""YER"", ""market_id"": ""193"", ""pricetype"": ""Retail"", ""unit"": ""KG""}",YER,47,True
YEM,cae9576b74c32fb914c78b196f06aa01db22315e498be213f2b627a39e2f971d,"{""commodity"": ""Rice (imported)"", ""commodity_id"": ""64"", ""currency"": ""YER"", ""market_id"": ""1933"", ""pricetype"": ""Retail"", ""unit"": ""KG""}",YER,43,True
YEM,1ef5db57814c98a10d46986151866bf4490cc83db30a00067076fb268f788c89,"{""commodity"": ""Rice (imported)"", ""commodity_id"": ""64"", ""currency"": ""YER"", ""market_id"": ""1934"", ""pricetype"": ""Retail"", ""unit"": ""KG""}",YER,43,True
YEM,5b8b87f5933d4292bc08dc5deb6f35d23e3eb6f787890ac325abde2222f745cc,"{""commodity"": ""Rice (imported)"", ""commodity_id"": ""64"", ""currency"": ""YER"", ""market_id"": ""1935"", ""pricetype"": ""Retail"", ""unit"": ""KG""}",YER,49,True
YEM,c212d9bdc729c07b15674d79951078fd6286c46e7dad24ee81d10f35ed8160cb,"{""commodity"": ""Rice (imported)"", ""commodity_id"": ""64"", ""currency"": ""YER"", ""market_id"": ""1936"", ""pricetype"": ""Retail"", ""unit"": ""KG""}",YER,43,True
YEM,86bb5139e9ef9415daf421ed1610d9c0f1ad2592dfc13dd3a0007244b23504b9,"{""commodity"": ""Rice (imported)"", ""commodity_id"": ""64"", ""currency"": ""YER"", ""market_id"": ""1937"", ""pricetype"": ""Retail"", ""unit"": ""KG""}",YER,43,True
YEM,5e3514fe7af0bcdc1478f1c2b45cc43367d0769e70bfb297a3fdc076699a0f30,"{""commodity"": ""Rice (imported)"", ""commodity_id"": ""64"", ""currency"": ""YER"", ""market_id"": ""1938"", ""pricetype"": ""Retail"", ""unit"": ""KG""}",YER,49,True
YEM,95d97312c0a9bc4f5bee1aaea4224889585e80c2467cf94efc274c24127e62a1,"{""commodity"": ""Rice (imported)"", ""commodity_id"": ""64"", ""currency"": ""YER"", ""market_id"": ""1939"", ""pricetype"": ""Retail"", ""unit"": ""KG""}",YER,49,True
YEM,fa7519a57c5a4ae2fc248d7b13c169a66e1ab19e73d1a97a6ad4c576e74a3cc3,"{""commodity"": ""Rice (imported)"", ""commodity_id"": ""64"", ""currency"": ""YER"", ""market_id"": ""194"", ""pricetype"": ""Retail"", ""unit"": ""KG""}",YER,47,True
YEM,5bf710a6d87eb56fc246eab1633219952253e41f36032620997cf7572d6a0345,"{""commodity"": ""Rice (imported)"", ""commodity_id"": ""64"", ""currency"": ""YER"", ""market_id"": ""1940"", ""pricetype"": ""Retail"", ""unit"": ""KG""}",YER,42,True
YEM,37f32fce3d570170139014f5cead264a21866b80d141c730d860cbdce9d9fea5,"{""commodity"": ""Rice (imported)"", ""commodity_id"": ""64"", ""currency"": ""YER"", ""market_id"": ""1941"", ""pricetype"": ""Retail"", ""unit"": ""KG""}",YER,49,True
YEM,49ea13c673f9ade18df9462726e0fb18bf9dfede7964fbfd5dddd4511b62096c,"{""commodity"": ""Rice (imported)"", ""commodity_id"": ""64"", ""currency"": ""YER"", ""market_id"": ""1942"", ""pricetype"": ""Retail"", ""unit"": ""KG""}",YER,43,True
YEM,9bb86e9a158e31808882d822447560c8192929e9266c21513fab502b539237ef,"{""commodity"": ""Rice (imported)"", ""commodity_id"": ""64"", ""currency"": ""YER"", ""market_id"": ""1943"", ""pricetype"": ""Retail"", ""unit"": ""KG""}",YER,43,True
YEM,a81b056756a823100cee5db80401c85618c6ee9b8c986fe6d11163f5a245877e,"{""commodity"": ""Rice (imported)"", ""commodity_id"": ""64"", ""currency"": ""YER"", ""market_id"": ""1944"", ""pricetype"": ""Retail"", ""unit"": ""KG""}",YER,43,True
YEM,40df898a9eb5c356e36b518625763d59bfa04fabe38961a0425a5d0321be9d9a,"{""commodity"": ""Rice (imported)"", ""commodity_id"": ""64"", ""currency"": ""YER"", ""market_id"": ""1945"", ""pricetype"": ""Retail"", ""unit"": ""KG""}",YER,43,True
YEM,764604ee6af40a70c7fa423c7830e7c09ddcab2e35329db3b1b4bfc922b0ef79,"{""commodity"": ""Rice (imported)"", ""commodity_id"": ""64"", ""currency"": ""YER"", ""market_id"": ""1946"", ""pricetype"": ""Retail"", ""unit"": ""KG""}",YER,43,True
YEM,4ccf6e3a4b401714148f4def9364c9611855bc62afc43ca450aae63a774adb58,"{""commodity"": ""Rice (imported)"", ""commodity_id"": ""64"", ""currency"": ""YER"", ""market_id"": ""1947"", ""pricetype"": ""Retail"", ""unit"": ""KG""}",YER,43,True
YEM,6db069a586d84bcb20af843b3c63bbcc25fbfaac6e9750f5f952a537fdee6139,"{""commodity"": ""Rice (imported)"", ""commodity_id"": ""64"", ""currency"": ""YER"", ""market_id"": ""195"", ""pricetype"": ""Retail"", ""unit"": ""KG""}",YER,47,True
YEM,5e7fd4b5237d360e37b4ff2c157e63b6f335eaf3fb14ce097ebdad703cbf3467,"{""commodity"": ""Rice (imported)"", ""commodity_id"": ""64"", ""currency"": ""YER"", ""market_id"": ""196"", ""pricetype"": ""Retail"", ""unit"": ""KG""}",YER,47,True
YEM,9ec61af8e5363b5dc12effe087a993722062ca0056642ba68deca0c967631fb0,"{""commodity"": ""Rice (imported)"", ""commodity_id"": ""64"", ""currency"": ""YER"", ""market_id"": ""197"", ""pricetype"": ""Retail"", ""unit"": ""KG""}",YER,47,True
YEM,793404eeecb7bea20e61cb8c52e594ed4668ec0fd184eb22cd45650afef79a9b,"{""commodity"": ""Rice (imported)"", ""commodity_id"": ""64"", ""currency"": ""YER"", ""market_id"": ""198"", ""pricetype"": ""Retail"", ""unit"": ""KG""}",YER,43,True
YEM,1b4f84e046876e67773c0340656f9f0398bf2cc1733b973d88d8f96b094d4587,"{""commodity"": ""Rice (imported)"", ""commodity_id"": ""64"", ""currency"": ""YER"", ""market_id"": ""199"", ""pricetype"": ""Retail"", ""unit"": ""KG""}",YER,43,True
YEM,d99644ac8266bf152cb595f2c57859e717772c3ad1a7822497fcb08dc2c1bc5f,"{""commodity"": ""Rice (imported)"", ""commodity_id"": ""64"", ""currency"": ""YER"", ""market_id"": ""2370"", ""pricetype"": ""Retail"", ""unit"": ""KG""}",YER,27,True
YEM,b02887f9ae3ae9b2aaaa078b98e575af0c31e07f68735f96284d58909e4bc103,"{""commodity"": ""Sorghum"", ""commodity_id"": ""65"", ""currency"": ""YER"", ""market_id"": ""1934"", ""pricetype"": ""Retail"", ""unit"": ""KG""}",YER,57,True
YEM,f41dae3f294c80a8a58506f20480f734a8b9e6397c8583fdf8977021a3e55eb0,"{""commodity"": ""Sorghum"", ""commodity_id"": ""65"", ""currency"": ""YER"", ""market_id"": ""1943"", ""pricetype"": ""Retail"", ""unit"": ""KG""}",YER,57,True
YEM,94c31ad9a94f2e326bedb560cba352b37f97317a247e74be83cd30af493ca833,"{""commodity"": ""Sorghum"", ""commodity_id"": ""65"", ""currency"": ""YER"", ""market_id"": ""195"", ""pricetype"": ""Retail"", ""unit"": ""KG""}",YER,57,True
YEM,04eabf862883200c7f65f8a52be612d562f9b3556d53fa792e9441dd7c1b7232,"{""commodity"": ""Sorghum"", ""commodity_id"": ""65"", ""currency"": ""YER"", ""market_id"": ""197"", ""pricetype"": ""Retail"", ""unit"": ""KG""}",YER,54,True
YEM,fcb4b73907ad60a0f6e51de6c162e0b5d9adcfafa62666dbca32fb0010b333f2,"{""commodity"": ""Sorghum"", ""commodity_id"": ""65"", ""currency"": ""YER"", ""market_id"": ""2370"", ""pricetype"": ""Retail"", ""unit"": ""KG""}",YER,57,True
YEM,1f536da509a32d4a8b6753ab121a36a64f1ae74dc825c8949a0863a3ea585cc2,"{""commodity"": ""Wheat flour"", ""commodity_id"": ""58"", ""currency"": ""YER"", ""market_id"": ""192"", ""pricetype"": ""Retail"", ""unit"": ""KG""}",YER,60,True
YEM,098f4d4866ae4c88c54b95d201a4298f9658fbf388396ea7d0db09a069edfc20,"{""commodity"": ""Wheat flour"", ""commodity_id"": ""58"", ""currency"": ""YER"", ""market_id"": ""193"", ""pricetype"": ""Retail"", ""unit"": ""KG""}",YER,60,True
YEM,3abef65e87cae3139c09ea9e749e462822006ae4fc2943de550b9d529875478f,"{""commodity"": ""Wheat flour"", ""commodity_id"": ""58"", ""currency"": ""YER"", ""market_id"": ""1933"", ""pricetype"": ""Retail"", ""unit"": ""KG""}",YER,43,True
YEM,341d7eceb8b47ee3b0cc95b27621ea49927d8b515c46e03be108c5e8bc03242a,"{""commodity"": ""Wheat flour"", ""commodity_id"": ""58"", ""currency"": ""YER"", ""market_id"": ""1934"", ""pricetype"": ""Retail"", ""unit"": ""KG""}",YER,59,True
YEM,bfbcde29b191e59affddac4fec4749cae15393d534b30da0873074f7ce3d7fa5,"{""commodity"": ""Wheat flour"", ""commodity_id"": ""58"", ""currency"": ""YER"", ""market_id"": ""1935"", ""pricetype"": ""Retail"", ""unit"": ""KG""}",YER,50,True
YEM,24db456459736fef0ad7b99e9b376ce1166e2ffb88833d5825aff0676d89ad19,"{""commodity"": ""Wheat flour"", ""commodity_id"": ""58"", ""currency"": ""YER"", ""market_id"": ""1936"", ""pricetype"": ""Retail"", ""unit"": ""KG""}",YER,43,True
YEM,99c8841d3210e4eeaf05ece3f2614d75147a2a310ed134a5f3a91f174457d65b,"{""commodity"": ""Wheat flour"", ""commodity_id"": ""58"", ""currency"": ""YER"", ""market_id"": ""1937"", ""pricetype"": ""Retail"", ""unit"": ""KG""}",YER,43,True
YEM,c0241e72b0c035803e0044a220e48c59465d9d023fcaab6e6ac3eaa6a785bced,"{""commodity"": ""Wheat flour"", ""commodity_id"": ""58"", ""currency"": ""YER"", ""market_id"": ""1938"", ""pricetype"": ""Retail"", ""unit"": ""KG""}",YER,50,True
YEM,e8a64729a86858faa7378d11f08d005558d8b6e10fbafbb12aadd627529f2722,"{""commodity"": ""Wheat flour"", ""commodity_id"": ""58"", ""currency"": ""YER"", ""market_id"": ""1939"", ""pricetype"": ""Retail"", ""unit"": ""KG""}",YER,50,True
YEM,1939e0b4cca9ba58280e5e685927c5dbabe420e6ce195191809b503e0949258d,"{""commodity"": ""Wheat flour"", ""commodity_id"": ""58"", ""currency"": ""YER"", ""market_id"": ""194"", ""pricetype"": ""Retail"", ""unit"": ""KG""}",YER,60,True
YEM,1c5a676c2b662d7aa27766debe5bd7ab5ffdbb7a5ea4e4e5f2de53603e165804,"{""commodity"": ""Wheat flour"", ""commodity_id"": ""58"", ""currency"": ""YER"", ""market_id"": ""1940"", ""pricetype"": ""Retail"", ""unit"": ""KG""}",YER,42,True
YEM,726fd5612697cdfc0b0fb46bac21c7b60878d4738072f4382a089892d908629a,"{""commodity"": ""Wheat flour"", ""commodity_id"": ""58"", ""currency"": ""YER"", ""market_id"": ""1941"", ""pricetype"": ""Retail"", ""unit"": ""KG""}",YER,43,True
YEM,086e1055f1870ef6d7660c6a5a49e6b507bb28663308a572be4fd0d45a6abde3,"{""commodity"": ""Wheat flour"", ""commodity_id"": ""58"", ""currency"": ""YER"", ""market_id"": ""1942"", ""pricetype"": ""Retail"", ""unit"": ""KG""}",YER,43,True
YEM,00641a8e6d319c9ae3a4fd5128247bb0a26a59620286833430a5a4c700320e2b,"{""commodity"": ""Wheat flour"", ""commodity_id"": ""58"", ""currency"": ""YER"", ""market_id"": ""1943"", ""pricetype"": ""Retail"", ""unit"": ""KG""}",YER,59,True
YEM,bd4e572aea558338cbe6301c8a6596c5357bc80a3c356111e1ff2e7b5527c917,"{""commodity"": ""Wheat flour"", ""commodity_id"": ""58"", ""currency"": ""YER"", ""market_id"": ""1944"", ""pricetype"": ""Retail"", ""unit"": ""KG""}",YER,43,True
YEM,1f710a3983b63e5eae66277b0fd119b9415bd03dc19f774144c04d548854c4e1,"{""commodity"": ""Wheat flour"", ""commodity_id"": ""58"", ""currency"": ""YER"", ""market_id"": ""1945"", ""pricetype"": ""Retail"", ""unit"": ""KG""}",YER,43,True
YEM,bded87fec975dc476f4e8ec9e101bd38c1c1a4739baaa604876f9e8c354038c9,"{""commodity"": ""Wheat flour"", ""commodity_id"": ""58"", ""currency"": ""YER"", ""market_id"": ""1946"", ""pricetype"": ""Retail"", ""unit"": ""KG""}",YER,43,True
YEM,5247aaa5b3aa5dbd0d50bbfaea72d3eeb80a528157d6871a75978cb168f65d03,"{""commodity"": ""Wheat flour"", ""commodity_id"": ""58"", ""currency"": ""YER"", ""market_id"": ""1947"", ""pricetype"": ""Retail"", ""unit"": ""KG""}",YER,43,True
YEM,998aab6c1624cb58e44e8e17a18687d13bbec281b867acdc8c76adbb9d42b4e7,"{""commodity"": ""Wheat flour"", ""commodity_id"": ""58"", ""currency"": ""YER"", ""market_id"": ""195"", ""pricetype"": ""Retail"", ""unit"": ""KG""}",YER,60,True
YEM,db6b4754076947a4f9f8bf1ae9ebfb731dbebb67fa7dde77c7c36c214077cde0,"{""commodity"": ""Wheat flour"", ""commodity_id"": ""58"", ""currency"": ""YER"", ""market_id"": ""196"", ""pricetype"": ""Retail"", ""unit"": ""KG""}",YER,60,True
YEM,acb5050d4e5cdd8bab8cf8092d5a10935252e289f1c6e882587bc086661327ab,"{""commodity"": ""Wheat flour"", ""commodity_id"": ""58"", ""currency"": ""YER"", ""market_id"": ""197"", ""pricetype"": ""Retail"", ""unit"": ""KG""}",YER,60,True
YEM,fd3e1d1d78fe6cb56deec4ffe1994023919810af5b5603d66f343878518f8fc5,"{""commodity"": ""Wheat flour"", ""commodity_id"": ""58"", ""currency"": ""YER"", ""market_id"": ""198"", ""pricetype"": ""Retail"", ""unit"": ""KG""}",YER,43,True
YEM,6771d95b9e01ad8fdaf6147a35e342112a574f093ec504b893f990fc193be503,"{""commodity"": ""Wheat flour"", ""commodity_id"": ""58"", ""currency"": ""YER"", ""market_id"": ""199"", ""pricetype"": ""Retail"", ""unit"": ""KG""}",YER,43,True
YEM,19e821e338d607838d492b5e403e44387efb68d199028dde3d41a6b7619a3d6a,"{""commodity"": ""Wheat flour"", ""commodity_id"": ""58"", ""currency"": ""YER"", ""market_id"": ""2370"", ""pricetype"": ""Retail"", ""unit"": ""KG""}",YER,57,True
YEM,ca63195b86ac8395dcc1eb05ebc20115e700ca8b350fc5b258da74d8ad9b66e7,"{""commodity"": ""Wheat"", ""commodity_id"": ""84"", ""currency"": ""YER"", ""market_id"": ""192"", ""pricetype"": ""Retail"", ""unit"": ""KG""}",YER,53,True
YEM,a465921b31c94f49820884df83c54cf9f63a1127da7ff0569bb97ae8b3db26d1,"{""commodity"": ""Wheat"", ""commodity_id"": ""84"", ""currency"": ""YER"", ""market_id"": ""193"", ""pricetype"": ""Retail"", ""unit"": ""KG""}",YER,47,True
YEM,28fd1408151367833c8a5e1512920792173fd41c13a7e718d4b063cd88728728,"{""commodity"": ""Wheat"", ""commodity_id"": ""84"", ""currency"": ""YER"", ""market_id"": ""1933"", ""pricetype"": ""Retail"", ""unit"": ""KG""}",YER,43,True
YEM,3a56aed04599324110e748e352ca3734fd160eeaf6a334860b9844fb096f524b,"{""commodity"": ""Wheat"", ""commodity_id"": ""84"", ""currency"": ""YER"", ""market_id"": ""1934"", ""pricetype"": ""Retail"", ""unit"": ""KG""}",YER,59,True
YEM,c918bfb215235c3b8e25654a1afd123c5bce092f0f3aa53a0001afb17a4f9cdf,"{""commodity"": ""Wheat"", ""commodity_id"": ""84"", ""currency"": ""YER"", ""market_id"": ""1935"", ""pricetype"": ""Retail"", ""unit"": ""KG""}",YER,49,True
YEM,3be19186be32124591905a2761fbe35c5bcf8faabf921dbdf7c829b025fdfe05,"{""commodity"": ""Wheat"", ""commodity_id"": ""84"", ""currency"": ""YER"", ""market_id"": ""1936"", ""pricetype"": ""Retail"", ""unit"": ""KG""}",YER,43,True
YEM,5e5e71d1c8a486406d588d5b9e7b0d8c303db994150dbc129b71b2d8ef84add4,"{""commodity"": ""Wheat"", ""commodity_id"": ""84"", ""currency"": ""YER"", ""market_id"": ""1937"", ""pricetype"": ""Retail"", ""unit"": ""KG""}",YER,43,True
YEM,421181407056a8836f055dbca5e5a2025a82195f5d39af7d51df5c5151befbfd,"{""commodity"": ""Wheat"", ""commodity_id"": ""84"", ""currency"": ""YER"", ""market_id"": ""1938"", ""pricetype"": ""Retail"", ""unit"": ""KG""}",YER,49,True
YEM,493ade9de5b855a5dbfb5168bae63f11c90fb7bfb4cad9cdfed03161b75d42c1,"{""commodity"": ""Wheat"", ""commodity_id"": ""84"", ""currency"": ""YER"", ""market_id"": ""1939"", ""pricetype"": ""Retail"", ""unit"": ""KG""}",YER,49,True
YEM,79e11e598570e172706037deb3201a30864115832d04efaaac9db5b5f267bc8e,"{""commodity"": ""Wheat"", ""commodity_id"": ""84"", ""currency"": ""YER"", ""market_id"": ""194"", ""pricetype"": ""Retail"", ""unit"": ""KG""}",YER,47,True
YEM,7a9b533d1edb0d1eee56276cc08007a1df88e2a823cb0019d5bb36037b90d6c2,"{""commodity"": ""Wheat"", ""commodity_id"": ""84"", ""currency"": ""YER"", ""market_id"": ""1940"", ""pricetype"": ""Retail"", ""unit"": ""KG""}",YER,42,True
YEM,8093a8ef8988520ce67aecb9426c4bb55c190212f53036dab1117e7f36143259,"{""commodity"": ""Wheat"", ""commodity_id"": ""84"", ""currency"": ""YER"", ""market_id"": ""1941"", ""pricetype"": ""Retail"", ""unit"": ""KG""}",YER,49,True
YEM,09548c712c77ee0d108eadda328c10444b0636c2e5e63c89841c515a8a65631b,"{""commodity"": ""Wheat"", ""commodity_id"": ""84"", ""currency"": ""YER"", ""market_id"": ""1942"", ""pricetype"": ""Retail"", ""unit"": ""KG""}",YER,43,True
YEM,1d8adfc4e76b69d0fa9e2033003fdf4f45b76b996edf2a782d094e254cbe481a,"{""commodity"": ""Wheat"", ""commodity_id"": ""84"", ""currency"": ""YER"", ""market_id"": ""1943"", ""pricetype"": ""Retail"", ""unit"": ""KG""}",YER,59,True
YEM,38fecde134fabb874c23f089da93c879663ac7678ebdd70e69d9066d4092f2c2,"{""commodity"": ""Wheat"", ""commodity_id"": ""84"", ""currency"": ""YER"", ""market_id"": ""1944"", ""pricetype"": ""Retail"", ""unit"": ""KG""}",YER,43,True
YEM,1502655f1b4b1ef2d1c4c8945d168597e869c05a4a72e2bb6bb968f17e1b931f,"{""commodity"": ""Wheat"", ""commodity_id"": ""84"", ""currency"": ""YER"", ""market_id"": ""1945"", ""pricetype"": ""Retail"", ""unit"": ""KG""}",YER,43,True
YEM,030eb2841f8ac08458b8bb5d58332baba89c099187645c75a6380b2e82a79d46,"{""commodity"": ""Wheat"", ""commodity_id"": ""84"", ""currency"": ""YER"", ""market_id"": ""1946"", ""pricetype"": ""Retail"", ""unit"": ""KG""}",YER,43,True
YEM,311f2c461598fbc4c4f2cb813a950e9b468f8c60272ae559ead1c636faed9d5e,"{""commodity"": ""Wheat"", ""commodity_id"": ""84"", ""currency"": ""YER"", ""market_id"": ""1947"", ""pricetype"": ""Retail"", ""unit"": ""KG""}",YER,43,True
YEM,250ba8a0c591bc531e34adea2756eeaafe65fc4f1a2942196aad35b8387bbc49,"{""commodity"": ""Wheat"", ""commodity_id"": ""84"", ""currency"": ""YER"", ""market_id"": ""195"", ""pricetype"": ""Retail"", ""unit"": ""KG""}",YER,60,True
YEM,d1e044b30e28206e5f2b7dab43025a792c57910caa049e5ca1834ac9c7d5d390,"{""commodity"": ""Wheat"", ""commodity_id"": ""84"", ""currency"": ""YER"", ""market_id"": ""196"", ""pricetype"": ""Retail"", ""unit"": ""KG""}",YER,47,True
YEM,466b670d9dc86d19feec825e9376cafe45eda1d10fc6ad8f095ef9ba3287df4a,"{""commodity"": ""Wheat"", ""commodity_id"": ""84"", ""currency"": ""YER"", ""market_id"": ""197"", ""pricetype"": ""Retail"", ""unit"": ""KG""}",YER,60,True
YEM,f6660d212aed58685a640cabdac9f2a5c5ac9c0b10c97d7249f9d4aae3120738,"{""commodity"": ""Wheat"", ""commodity_id"": ""84"", ""currency"": ""YER"", ""market_id"": ""198"", ""pricetype"": ""Retail"", ""unit"": ""KG""}",YER,43,True
YEM,f8e234b5a8cf46b4f62d78a5f31b5cecce63a3ef1e9b64dbb41a2ee069d77f66,"{""commodity"": ""Wheat"", ""commodity_id"": ""84"", ""currency"": ""YER"", ""market_id"": ""199"", ""pricetype"": ""Retail"", ""unit"": ""KG""}",YER,43,True
YEM,97d6ecc36d2b201c27302eb0e66b215b217eb8ddafb581eca2557bf980d2e757,"{""commodity"": ""Wheat"", ""commodity_id"": ""84"", ""currency"": ""YER"", ""market_id"": ""2370"", ""pricetype"": ""Retail"", ""unit"": ""KG""}",YER,57,True
