source,source_id,country,iso,start_date,end_date,deaths,displaced_or_affected,area_km2,latitude,longitude,cause,damage_usd_thousand,severity,match_group_id,notes,source_record_number,canonical_event_id,review_required,review_flags
EM-DAT,1935-0019-CHN,China,CHN,1935-07-01,1935-01-01,142000.0,10030000.0,,,,Flood (General),33000.0,150000.0,,,32,EM-DAT:1935-0019-CHN,True,invalid_date_interval
EM-DAT,2006-0480-BDI,Burundi,BDI,2006-08-26,2006-08-01,,1500.0,,,,Riverine flood,,,,,5983,EM-DAT:2006-0480-BDI,True,invalid_date_interval
EM-DAT,2007-0604-ZWE,Zimbabwe,ZWE,2007-12-13,2007-12-01,3.0,15000.0,,-16.66,31.24,Riverine flood,,13370.0,,,6530,EM-DAT:2007-0604-ZWE,True,invalid_date_interval
EM-DAT,2007-0610-IDN,Indonesia,IDN,2007-12-25,2007-12-01,127.0,269515.0,,-7.54,111.33,Riverine flood,,50690.0,,,6542,EM-DAT:2007-0610-IDN,True,invalid_date_interval
EM-DAT,2015-0412-IDN,Indonesia,IDN,2015-07-15,2015-07-01,,25750.0,,,,Flood (General),,,,,8735,EM-DAT:2015-0412-IDN,True,invalid_date_interval
EM-DAT,2024-0838-CAF,Central African Republic,CAF,2024-08-18,2024-08-01,,2700.0,,,,Flood (General),145000.0,,,,11530,EM-DAT:2024-0838-CAF,True,invalid_date_interval
EM-DAT,2023-0857-COD,Democratic Republic of the Congo,COD,2023-12-26,2023-12-27,40.0,5.0,,,,Flood (General),,,10.0,,11406,match:10.0,True,incompatible_date_intervals;multiple_emdat_event_ids
DFO,DFO-5507,Democratic Republic of the Congo,COD,2023-12-28,2024-01-12,300.0,120000.0,92099.0,,,Heavy rain,,2.0,10.0,,11408,match:10.0,True,incompatible_date_intervals;multiple_emdat_event_ids
EM-DAT,2024-0268-COD,Democratic Republic of the Congo,COD,2024-01-11,2024-01-20,300.0,2190000.0,,,,Flood (General),,,10.0,,11417,match:10.0,True,incompatible_date_intervals;multiple_emdat_event_ids
DFO,DFO-5337,Bosnia and Herzegovina • Croatia,,2022-12-10,2022-12-10,1.0,0.0,5093.0,,,Heavy rain,,1.0,100.0,transboundary (2 countries),11065,match:100.0,True,incompatible_date_intervals
EM-DAT,2022-0825-BIH,Bosnia and Herzegovina,BIH,2022-12-11,2022-12-22,1.0,3000.0,,,,Flood (General),,,100.0,,11069,match:100.0,True,incompatible_date_intervals
EM-DAT,2022-0825-HRV,Croatia,HRV,2022-12-11,2022-12-11,,,,,,Flood (General),,,100.0,,11070,match:100.0,True,incompatible_date_intervals
DFO,DFO-3603,Australia,AUS,2010-02-05,2010-02-07,2.0,0.0,188865.0,,,Heavy rain,,1.0,1003.0,,7224,match:1003.0,True,incompatible_date_intervals;multiple_dfo_event_ids
DFO,DFO-3608,Australia,AUS,2010-02-13,2010-02-16,0.0,0.0,311949.0,,,Heavy rain,,2.0,1003.0,,7230,match:1003.0,True,incompatible_date_intervals;multiple_dfo_event_ids
EM-DAT,2010-0066-AUS,Australia,AUS,2010-02-13,2010-02-16,,,,-32.42,149.59,Riverine flood,,311900.0,1003.0,,7231,match:1003.0,True,incompatible_date_intervals;multiple_dfo_event_ids
DFO,DFO-3606,Australia,AUS,2010-02-15,2010-02-16,0.0,0.0,20652.0,,,Torrential rain,,2.0,1003.0,,7234,match:1003.0,True,incompatible_date_intervals;multiple_dfo_event_ids
DFO,DFO-3586,Australia,AUS,2009-12-25,2009-12-28,0.0,0.0,149318.0,,,Heavy rain,,1.0,1009.0,,7189,match:1009.0,True,incompatible_date_intervals;multiple_dfo_event_ids
EM-DAT,2009-0589-AUS,Australia,AUS,2009-12-25,2009-12-28,,200.0,,-31.17,151.75,Riverine flood,,149300.0,1009.0,,7190,match:1009.0,True,incompatible_date_intervals;multiple_dfo_event_ids
DFO,DFO-3590,Australia,AUS,2010-01-01,2010-01-13,0.0,1000.0,301379.0,,,Tropical cyclone,,1.5,1009.0,,7196,match:1009.0,True,incompatible_date_intervals;multiple_dfo_event_ids
DFO,DFO-5331,Brazil,BRA,2022-11-28,2022-12-04,4.0,20000.0,571000.0,,,Heavy rain,,2.0,101.0,,11057,match:101.0,True,incompatible_date_intervals;multiple_dfo_event_ids;multiple_emdat_event_ids
EM-DAT,2022-0783-BRA,Brazil,BRA,2022-11-29,2022-12-04,10.0,3000.0,,,,Flood (General),,,101.0,,11058,match:101.0,True,incompatible_date_intervals;multiple_dfo_event_ids;multiple_emdat_event_ids
EM-DAT,2022-0793-BRA,Brazil,BRA,2022-11-29,2022-12-04,32.0,17500.0,,,,Flood (General),,,101.0,,11059,match:101.0,True,incompatible_date_intervals;multiple_dfo_event_ids;multiple_emdat_event_ids
DFO,DFO-5335,Brazil,BRA,2022-12-07,2022-12-07,1.0,0.0,583000.0,,,Heavy rain,,1.5,101.0,,11064,match:101.0,True,incompatible_date_intervals;multiple_dfo_event_ids;multiple_emdat_event_ids
DFO,DFO-3570,Malaysia,MYS,2009-11-10,2009-11-16,0.0,1793.0,14486.0,,,Heavy rain,,1.0,1018.0,,7151,match:1018.0,True,incompatible_date_intervals;multiple_dfo_event_ids;multiple_emdat_event_ids
EM-DAT,2009-0610-MYS,Malaysia,MYS,2009-11-20,2009-11-27,,9082.0,,4.99,102.36,Riverine flood,,9062.0,1018.0,,7163,match:1018.0,True,incompatible_date_intervals;multiple_dfo_event_ids;multiple_emdat_event_ids
DFO,DFO-3578,Malaysia,MYS,2009-11-21,2009-11-27,0.0,9062.0,37560.0,,,Heavy rain,,1.0,1018.0,,7167,match:1018.0,True,incompatible_date_intervals;multiple_dfo_event_ids;multiple_emdat_event_ids
EM-DAT,2009-0511-MYS,Malaysia,MYS,2009-11-23,2009-11-26,,1793.0,,5.74,100.96,Riverine flood,,14490.0,1018.0,,7171,match:1018.0,True,incompatible_date_intervals;multiple_dfo_event_ids;multiple_emdat_event_ids
DFO,DFO-5332,South Africa,ZAF,2022-12-03,2022-12-03,9.0,0.0,11559.0,,,Heavy rain,,1.0,102.0,,11062,match:102.0,True,incompatible_date_intervals
EM-DAT,2022-0788-ZAF,South Africa,ZAF,2022-12-10,2022-12-12,17.0,56177.0,,,,Flash flood,,,102.0,,11066,match:102.0,True,incompatible_date_intervals
EM-DAT,2009-0450-PRY,Paraguay,PRY,2009-09-22,2009-10-23,,12035.0,,-25.1,-56.27,Riverine flood,820.0,163300.0,1026.0,,7111,match:1026.0,True,incompatible_date_intervals
DFO,DFO-3559,Paraguay,PRY,2009-10-26,2009-10-28,0.0,0.0,163341.0,,,Heavy rain,,1.0,1026.0,,7134,match:1026.0,True,incompatible_date_intervals
DFO,DFO-3557,Kenya,KEN,2009-10-20,2009-10-28,0.0,2000.0,197665.0,,,Heavy rain,,1.0,1027.0,,7130,match:1027.0,True,incompatible_date_intervals
EM-DAT,2009-0494-KEN,Kenya,KEN,2009-10-29,2009-11-04,16.0,44850.0,,,,Riverine flood,,,1027.0,,7135,match:1027.0,True,incompatible_date_intervals
DFO,DFO-3545,Viet Nam,VNM,2009-09-25,2009-09-28,17.0,40000.0,47598.0,,,Heavy rain,,1.5,1030.0,,7112,match:1030.0,True,multiple_dfo_event_ids
EM-DAT,2009-0611-VNM,Viet Nam,VNM,2009-09-25,2009-09-28,17.0,40000.0,,15.19,108.02,Riverine flood,,47600.0,1030.0,,7116,match:1030.0,True,multiple_dfo_event_ids
DFO,DFO-3548,Viet Nam,VNM,2009-09-28,2009-10-01,182.0,357000.0,49034.0,,,Tropical storm Ketsana,,2.0,1030.0,,7118,match:1030.0,True,multiple_dfo_event_ids
DFO,DFO-3551,India,IND,2009-09-25,2009-10-12,303.0,0.0,309689.0,,,Heavy rain,,2.0,1031.0,,7114,match:1031.0,True,multiple_emdat_event_ids
EM-DAT,2009-0429-IND,India,IND,2009-09-25,2009-10-12,355.0,4100000.0,,15.71,78.23,Riverine flood,2150000.0,309700.0,1031.0,,7115,match:1031.0,True,multiple_emdat_event_ids
EM-DAT,2009-0443-IND,India,IND,2009-10-09,2009-10-09,20.0,,,,,Riverine flood,,,1031.0,,7128,match:1031.0,True,multiple_emdat_event_ids
DFO,DFO-3538,Mexico,MEX,2009-09-01,2009-09-10,0.0,0.0,34563.0,,,Heavy rain,,1.0,1036.0,,7085,match:1036.0,True,multiple_dfo_event_ids;multiple_emdat_event_ids
EM-DAT,2009-0367-MEX,Mexico,MEX,2009-09-01,2009-09-10,4.0,1500.0,,19.5,-99.25,Riverine flood,,34560.0,1036.0,,7086,match:1036.0,True,multiple_dfo_event_ids;multiple_emdat_event_ids
DFO,DFO-3543,Mexico,MEX,2009-09-10,2009-09-19,0.0,0.0,33561.0,,,Heavy rain,,2.0,1036.0,,7096,match:1036.0,True,multiple_dfo_event_ids;multiple_emdat_event_ids
EM-DAT,2009-0377-MEX,Mexico,MEX,2009-09-10,2009-09-19,3.0,18000.0,,,,Riverine flood,,,1036.0,,7098,match:1036.0,True,multiple_dfo_event_ids;multiple_emdat_event_ids
DFO,DFO-3497,India,IND,2009-07-01,2009-07-06,0.0,500000.0,99877.0,,,Heavy rain,,1.0,1038.0,,7009,match:1038.0,True,incompatible_date_intervals;multiple_dfo_event_ids;multiple_emdat_event_ids
EM-DAT,2009-0409-IND,India,IND,2009-07-01,2009-09-01,992.0,1886000.0,,,,Riverine flood,220000.0,,1038.0,,7016,match:1038.0,True,incompatible_date_intervals;multiple_dfo_event_ids;multiple_emdat_event_ids
DFO,DFO-3496,India,IND,2009-07-03,2009-07-06,6.0,0.0,128962.0,,,Torrential rain,,1.0,1038.0,,7018,match:1038.0,True,incompatible_date_intervals;multiple_dfo_event_ids;multiple_emdat_event_ids
DFO,DFO-3504,India,IND,2009-07-11,2009-07-17,0.0,0.0,63616.0,,,Heavy rain,,1.0,1038.0,,7027,match:1038.0,True,incompatible_date_intervals;multiple_dfo_event_ids;multiple_emdat_event_ids
EM-DAT,2009-0303-IND,India,IND,2009-07-29,2009-07-29,11.0,,,,,Flash flood,,,1038.0,,7051,match:1038.0,True,incompatible_date_intervals;multiple_dfo_event_ids;multiple_emdat_event_ids
DFO,DFO-3519,India,IND,2009-08-01,2009-08-04,0.0,3000.0,21199.0,,,Levee failure,,1.5,1038.0,,7054,match:1038.0,True,incompatible_date_intervals;multiple_dfo_event_ids;multiple_emdat_event_ids
DFO,DFO-3529,India,IND,2009-08-15,2009-08-27,14.0,1000000.0,84898.0,,,Dam release and Heavy  Ra,,1.0,1038.0,,7071,match:1038.0,True,incompatible_date_intervals;multiple_dfo_event_ids;multiple_emdat_event_ids
DFO,DFO-3530,India,IND,2009-08-18,2009-08-27,0.0,300000.0,72245.0,,,Monsoon Rain,,1.0,1038.0,,7077,match:1038.0,True,incompatible_date_intervals;multiple_dfo_event_ids;multiple_emdat_event_ids
EM-DAT,2009-0638-IND,India,IND,2009-08-26,2009-08-28,52.0,,,,,Riverine flood,,,1038.0,,7080,match:1038.0,True,incompatible_date_intervals;multiple_dfo_event_ids;multiple_emdat_event_ids
DFO,DFO-3539,India,IND,2009-09-06,2009-09-10,0.0,37000.0,25504.0,,,Dam release,,2.0,1038.0,,7092,match:1038.0,True,incompatible_date_intervals;multiple_dfo_event_ids;multiple_emdat_event_ids
DFO,DFO-3524,Sierra Leone,SLE,2009-08-09,2009-08-10,7.0,300.0,11893.0,,,Heavy rain,,1.0,1046.0,,7063,match:1046.0,True,incompatible_date_intervals
EM-DAT,2009-0332-SLE,Sierra Leone,SLE,2009-08-13,2009-08-20,103.0,1470.0,,8.57,-12.73,Riverine flood,,,1046.0,,7068,match:1046.0,True,incompatible_date_intervals
EM-DAT,2009-0289-PHL,Philippines,PHL,2009-07-04,2009-08-10,22.0,505102.0,,,,Flash flood,22960.0,,1047.0,,7022,match:1047.0,True,incompatible_date_intervals;multiple_dfo_event_ids;multiple_emdat_event_ids
DFO,DFO-3506,Philippines,PHL,2009-07-16,2009-07-18,5.0,0.0,47244.0,,,Tropical cyclone,,1.0,1047.0,,7033,match:1047.0,True,incompatible_date_intervals;multiple_dfo_event_ids;multiple_emdat_event_ids
EM-DAT,2009-0267-PHL,Philippines,PHL,2009-07-17,2009-07-17,,920.0,,,,Flash flood,,,1047.0,,7040,match:1047.0,True,incompatible_date_intervals;multiple_dfo_event_ids;multiple_emdat_event_ids
DFO,DFO-3518,Philippines,PHL,2009-07-25,2009-08-04,10.0,200000.0,36975.0,,,Torrential rain,,1.5,1047.0,,7044,match:1047.0,True,incompatible_date_intervals;multiple_dfo_event_ids;multiple_emdat_event_ids
EM-DAT,2009-0311-PHL,Philippines,PHL,2009-08-05,2009-08-05,,1578.0,,,,Riverine flood,,,1047.0,,7058,match:1047.0,True,incompatible_date_intervals;multiple_dfo_event_ids;multiple_emdat_event_ids
DFO,DFO-3520,Philippines,PHL,2009-08-07,2009-08-08,20.0,173000.0,24557.0,,,Tropical cyclone,,1.5,1047.0,,7059,match:1047.0,True,incompatible_date_intervals;multiple_dfo_event_ids;multiple_emdat_event_ids
DFO,DFO-3514,China,CHN,2009-07-26,2009-08-04,22.0,0.0,201114.0,,,Torrential rain,,1.0,1048.0,,7045,match:1048.0,True,incompatible_date_intervals;multiple_dfo_event_ids
EM-DAT,2009-0613-CHN,China,CHN,2009-07-26,2009-08-04,20.0,38.0,,30.86,101.18,Riverine flood,33000.0,201100.0,1048.0,,7049,match:1048.0,True,incompatible_date_intervals;multiple_dfo_event_ids
DFO,DFO-3521,China,CHN,2009-08-07,2009-08-10,0.0,7250.0,30538.0,,,Heavy rain,,1.5,1048.0,,7060,match:1048.0,True,incompatible_date_intervals;multiple_dfo_event_ids
EM-DAT,2022-0746-COD,Democratic Republic of the Congo,COD,2022-11-13,2022-11-16,7.0,176000.0,,,,Flood (General),,,105.0,,11046,match:105.0,True,incompatible_date_intervals;multiple_emdat_event_ids
DFO,DFO-5328,Rwanda • Democratic Republic of the Congo,,2022-11-17,2022-11-23,40.0,0.0,60135.0,,,Heavy rain,,1.5,105.0,transboundary (2 countries),11048,match:105.0,True,incompatible_date_intervals;multiple_emdat_event_ids
EM-DAT,2022-0770-COD,Democratic Republic of the Congo,COD,2022-11-17,2022-11-18,32.0,,,,,Flood (General),,,105.0,,11049,match:105.0,True,incompatible_date_intervals;multiple_emdat_event_ids
EM-DAT,2022-0770-RWA,Rwanda,RWA,2022-11-17,2022-11-18,3.0,,,,,Flood (General),,,105.0,,11050,match:105.0,True,incompatible_date_intervals;multiple_emdat_event_ids
EM-DAT,2009-0262-TUR,Türkiye,TUR,2009-07-10,2009-07-16,7.0,111.0,,41.0,40.04,Riverine flood,,26430.0,1050.0,,7026,match:1050.0,True,incompatible_date_intervals
DFO,DFO-3513,Türkiye,TUR,2009-07-20,2009-07-22,0.0,3000.0,13171.0,,,Torrential rain,,1.0,1050.0,,7043,match:1050.0,True,incompatible_date_intervals
DFO,DFO-3498,China,CHN,2009-07-01,2009-07-06,20.0,700000.0,542052.0,,,Heavy rain,,1.5,1059.0,,7010,match:1059.0,True,multiple_emdat_event_ids
EM-DAT,2009-0227-CHN,China,CHN,2009-07-01,2009-07-01,11.0,,,,,Riverine flood,,,1059.0,,7012,match:1059.0,True,multiple_emdat_event_ids
EM-DAT,2009-0292-CHN,China,CHN,2009-07-01,2009-07-08,90.0,39372000.0,,25.31,112.71,Riverine flood,1000000.0,542100.0,1059.0,,7015,match:1059.0,True,multiple_emdat_event_ids
DFO,DFO-5320,Venezuela (Bolivarian Republic of),VEN,2022-10-25,2022-10-31,3.0,42.0,1198.0,,,Heavy rain,,1.0,106.0,,11034,match:106.0,True,incompatible_date_intervals;multiple_dfo_event_ids;multiple_emdat_event_ids
EM-DAT,2022-0712-VEN,Venezuela (Bolivarian Republic of),VEN,2022-10-27,2022-11-02,3.0,2000.0,,,,Flood (General),,,106.0,,11035,match:106.0,True,incompatible_date_intervals;multiple_dfo_event_ids;multiple_emdat_event_ids
EM-DAT,2022-0721-VEN,Venezuela (Bolivarian Republic of),VEN,2022-11-04,2022-11-04,9.0,900.0,,,,Flood (General),,,106.0,,11038,match:106.0,True,incompatible_date_intervals;multiple_dfo_event_ids;multiple_emdat_event_ids
DFO,DFO-5327,Venezuela (Bolivarian Republic of),VEN,2022-11-08,2022-11-11,4.0,1260.0,22223.0,,,Heavy rain,,1.0,106.0,,11041,match:106.0,True,incompatible_date_intervals;multiple_dfo_event_ids;multiple_emdat_event_ids
DFO,DFO-3464,United States of America • Canada,,2009-03-17,2009-03-19,1.0,330.0,39742.0,,,Heavy rain,,1.0,1069.0,transboundary (2 countries),6945,match:1069.0,True,incompatible_date_intervals;multiple_dfo_event_ids;multiple_emdat_event_ids
EM-DAT,2009-0106-USA,United States of America,USA,2009-03-24,2009-04-20,2.0,5060.0,,48.25,-97.03,Riverine flood,166000.0,39740.0,1069.0,,6947,match:1069.0,True,incompatible_date_intervals;multiple_dfo_event_ids;multiple_emdat_event_ids
DFO,DFO-3469,United States of America,USA,2009-03-30,2009-03-31,0.0,0.0,82062.0,,,Heavy rain,,1.5,1069.0,,6952,match:1069.0,True,incompatible_date_intervals;multiple_dfo_event_ids;multiple_emdat_event_ids
EM-DAT,2009-0190-USA,United States of America,USA,2009-04-06,2009-04-09,,1000.0,,30.84,-85.23,Riverine flood,,82060.0,1069.0,,6959,match:1069.0,True,incompatible_date_intervals;multiple_dfo_event_ids;multiple_emdat_event_ids
DFO,DFO-3474,United States of America,USA,2009-04-17,2009-04-27,0.0,20000.0,6813.0,,,Heavy rain,,1.0,1069.0,,6964,match:1069.0,True,incompatible_date_intervals;multiple_dfo_event_ids;multiple_emdat_event_ids
DFO,DFO-3476,United States of America,USA,2009-04-22,2009-05-14,39.0,408000.0,484757.0,,,Heavy rain,,2.0,1069.0,,6969,match:1069.0,True,incompatible_date_intervals;multiple_dfo_event_ids;multiple_emdat_event_ids
DFO,DFO-3478,United States of America,USA,2009-05-03,2009-05-08,47.0,65000.0,16459.0,,,,,1.5,1069.0,,6973,match:1069.0,True,incompatible_date_intervals;multiple_dfo_event_ids;multiple_emdat_event_ids
EM-DAT,2009-0184-USA,United States of America,USA,2009-05-03,2009-05-10,,900.0,,37.66,-81.28,Riverine flood,,16460.0,1069.0,,6975,match:1069.0,True,incompatible_date_intervals;multiple_dfo_event_ids;multiple_emdat_event_ids
DFO,DFO-3484,United States of America,USA,2009-05-15,2009-05-21,21.0,0.0,13739.0,,,Heavy rain,,1.5,1069.0,,6979,match:1069.0,True,incompatible_date_intervals;multiple_dfo_event_ids;multiple_emdat_event_ids
EM-DAT,2022-0684-COL,Colombia,COL,2022-08-27,2022-10-18,,167250.0,,,,Flood (General),,,107.0,,10966,match:107.0,True,incompatible_date_intervals;multiple_dfo_event_ids;multiple_emdat_event_ids
DFO,DFO-5283,Colombia,COL,2022-09-03,2022-09-03,3.0,0.0,10600.0,,,Heavy rain,,1.0,107.0,,10982,match:107.0,True,incompatible_date_intervals;multiple_dfo_event_ids;multiple_emdat_event_ids
DFO,DFO-5307,Colombia • Nicaragua • Honduras • Guatemala • Costa Rica • El Salvador • Panama,,2022-10-09,2022-10-11,25.0,29000.0,750460.0,,,Tropical cyclone,,1.5,107.0,transboundary (7 countries),11019,match:107.0,True,incompatible_date_intervals;multiple_dfo_event_ids;multiple_emdat_event_ids
EM-DAT,2022-0699-COL,Colombia,COL,2022-10-19,2022-10-31,26.0,44000.0,,,,Flood (General),,,107.0,,11031,match:107.0,True,incompatible_date_intervals;multiple_dfo_event_ids;multiple_emdat_event_ids
DFO,DFO-5322,Colombia,COL,2022-10-23,2022-10-30,0.0,140.0,63612.0,,,Heavy rain,,1.5,107.0,,11032,match:107.0,True,incompatible_date_intervals;multiple_dfo_event_ids;multiple_emdat_event_ids
DFO,DFO-3494,Viet Nam,VNM,2009-05-10,2009-07-01,0.0,0.0,69856.0,,,Heavy rain,,1.0,1070.0,,6976,match:1070.0,True,incompatible_date_intervals
EM-DAT,2009-0247-VNM,Viet Nam,VNM,2009-07-03,2009-07-06,20.0,700000.0,,20.67,104.3,Riverine flood,,69860.0,1070.0,,7019,match:1070.0,True,incompatible_date_intervals
EM-DAT,2009-0168-AFG,Afghanistan,AFG,2009-03-25,2009-05-24,39.0,60016.0,,33.07,63.59,Riverine flood,20000.0,88520.0,1071.0,,6948,match:1071.0,True,incompatible_date_intervals;multiple_dfo_event_ids;multiple_emdat_event_ids
DFO,DFO-3471,Afghanistan,AFG,2009-04-01,2009-04-09,0.0,200.0,88517.0,,,Ice jam/break-up,,1.0,1071.0,,6953,match:1071.0,True,incompatible_date_intervals;multiple_dfo_event_ids;multiple_emdat_event_ids
EM-DAT,2009-0139-AFG,Afghanistan,AFG,2009-04-04,2009-04-15,19.0,2500.0,,,,Flash flood,,,1071.0,,6956,match:1071.0,True,incompatible_date_intervals;multiple_dfo_event_ids;multiple_emdat_event_ids
DFO,DFO-3479,Afghanistan,AFG,2009-05-03,2009-05-10,0.0,0.0,58894.0,,,Heavy rain,,2.0,1071.0,,6974,match:1071.0,True,incompatible_date_intervals;multiple_dfo_event_ids;multiple_emdat_event_ids
DFO,DFO-3477,Philippines,PHL,2009-05-01,2009-06-07,0.0,0.0,21367.0,,,snowmelt,,1.5,1072.0,,6971,match:1072.0,True,multiple_emdat_event_ids
EM-DAT,2009-0194-PHL,Philippines,PHL,2009-05-18,2009-05-18,,34325.0,,,,Flash flood,,,1072.0,,6982,match:1072.0,True,multiple_emdat_event_ids
EM-DAT,2009-0195-PHL,Philippines,PHL,2009-05-18,2009-05-18,,715.0,,,,Riverine flood,,,1072.0,,6983,match:1072.0,True,multiple_emdat_event_ids
DFO,DFO-3465,Indonesia,IDN,2009-03-24,2009-04-20,0.0,5000.0,44401.0,,,Snowmelt and Heavy Rain,,2.0,1076.0,,6946,match:1076.0,True,incompatible_date_intervals;multiple_dfo_event_ids
EM-DAT,2009-0121-IDN,Indonesia,IDN,2009-03-26,2009-03-27,64.0,1600.0,,6.55,106.36,Riverine flood,,19200.0,1076.0,,6949,match:1076.0,True,incompatible_date_intervals;multiple_dfo_event_ids
DFO,DFO-3466,Indonesia,IDN,2009-03-30,2009-03-31,0.0,1000.0,19204.0,,,Torrential rain,,1.0,1076.0,,6951,match:1076.0,True,incompatible_date_intervals;multiple_dfo_event_ids
EM-DAT,2009-0092-MOZ,Mozambique,MOZ,2009-02-01,2009-03-01,,6925.0,,,,Riverine flood,,,1078.0,,6916,match:1078.0,True,incompatible_date_intervals
DFO,DFO-3461,Mozambique,MOZ,2009-03-06,2009-03-13,0.0,0.0,29982.0,,,Heavy rain,,1.0,1078.0,,6944,match:1078.0,True,incompatible_date_intervals
EM-DAT,2022-0694-IDN,Indonesia,IDN,2022-10-03,2022-10-21,5.0,203.0,,,,Flood (General),,,108.0,,11011,match:108.0,True,incompatible_date_intervals;multiple_dfo_event_ids;multiple_emdat_event_ids
EM-DAT,2022-0642-IDN,Indonesia,IDN,2022-10-04,2022-10-09,10.0,40002.0,,,,Flash flood,,,108.0,,11014,match:108.0,True,incompatible_date_intervals;multiple_dfo_event_ids;multiple_emdat_event_ids
DFO,DFO-5304,Indonesia,IDN,2022-10-06,2022-10-06,3.0,18000.0,4494.0,,,Heavy rain,,1.0,108.0,,11016,match:108.0,True,incompatible_date_intervals;multiple_dfo_event_ids;multiple_emdat_event_ids
DFO,DFO-5316,Indonesia,IDN,2022-10-08,2022-10-17,5.0,38.0,1440.0,,,Heavy rain,,1.0,108.0,,11018,match:108.0,True,incompatible_date_intervals;multiple_dfo_event_ids;multiple_emdat_event_ids
DFO,DFO-5318,Indonesia,IDN,2022-10-14,2022-10-17,4.0,0.0,29716.0,,,Heavy rain,,1.0,108.0,,11025,match:108.0,True,incompatible_date_intervals;multiple_dfo_event_ids;multiple_emdat_event_ids
DFO,DFO-5323,Indonesia,IDN,2022-10-23,2022-11-01,11.0,684.0,90633.0,,,Heavy rain,,1.5,108.0,,11033,match:108.0,True,incompatible_date_intervals;multiple_dfo_event_ids;multiple_emdat_event_ids
EM-DAT,2022-0736-IDN,Indonesia,IDN,2022-11-07,2022-11-14,3.0,7000.0,,,,Flood (General),,,108.0,,11040,match:108.0,True,incompatible_date_intervals;multiple_dfo_event_ids;multiple_emdat_event_ids
EM-DAT,2022-0732-IDN,Indonesia,IDN,2022-11-08,2022-11-10,,4580.0,,,,Flood (General),,,108.0,,11042,match:108.0,True,incompatible_date_intervals;multiple_dfo_event_ids;multiple_emdat_event_ids
DFO,DFO-3428,Australia,AUS,2009-01-03,2009-01-13,28.0,200000.0,776848.0,,,Tropical Storm and Heavy Rain,,1.0,1080.0,,6889,match:1080.0,True,incompatible_date_intervals;multiple_dfo_event_ids
EM-DAT,2009-0615-AUS,Australia,AUS,2009-01-13,2009-02-25,7.0,9000.0,,,,Riverine flood,150000.0,,1080.0,,6896,match:1080.0,True,incompatible_date_intervals;multiple_dfo_event_ids
DFO,DFO-3439,Australia,AUS,2009-01-22,2009-02-02,0.0,0.0,477523.0,,,Heavy rain,,1.0,1080.0,,6901,match:1080.0,True,incompatible_date_intervals;multiple_dfo_event_ids
DFO,DFO-3438,Australia,AUS,2009-01-26,2009-01-27,5.0,200.0,427405.0,,,Heavy rain,,1.0,1080.0,,6906,match:1080.0,True,incompatible_date_intervals;multiple_dfo_event_ids
DFO,DFO-3468,Australia,AUS,2009-02-27,2009-04-25,150.0,54000.0,56501.0,,,Heavy rain,,2.0,1080.0,,6935,match:1080.0,True,incompatible_date_intervals;multiple_dfo_event_ids
EM-DAT,2009-0039-SLB,Solomon Islands,SLB,2009-01-29,2009-02-06,21.0,7000.0,,-8.14,-158.66,Riverine flood,,118000.0,1084.0,,6911,match:1084.0,True,incompatible_date_intervals
DFO,DFO-3450,Solomon Islands,SLB,2009-02-09,2009-02-10,0.0,1000.0,117999.0,,,Heavy rain,,1.5,1084.0,,6924,match:1084.0,True,incompatible_date_intervals
EM-DAT,2009-0016-DOM,Dominican Republic,DOM,2009-01-08,2009-01-16,2.0,4565.0,,19.32,-70.14,Riverine flood,44000.0,14540.0,1087.0,,6893,match:1087.0,True,incompatible_date_intervals;multiple_dfo_event_ids;multiple_emdat_event_ids
DFO,DFO-3435,Dominican Republic,DOM,2009-01-23,2009-01-26,11.0,0.0,14542.0,,,Snowmelt,,1.0,1087.0,,6904,match:1087.0,True,incompatible_date_intervals;multiple_dfo_event_ids;multiple_emdat_event_ids
DFO,DFO-3446,Dominican Republic,DOM,2009-02-01,2009-02-12,24.0,2000.0,15152.0,,,Heavy rain,,1.5,1087.0,,6912,match:1087.0,True,incompatible_date_intervals;multiple_dfo_event_ids;multiple_emdat_event_ids
EM-DAT,2009-0042-DOM,Dominican Republic,DOM,2009-02-02,2009-02-12,5.0,10000.0,,19.28,-70.08,Riverine flood,8403.0,15150.0,1087.0,,6919,match:1087.0,True,incompatible_date_intervals;multiple_dfo_event_ids;multiple_emdat_event_ids
DFO,DFO-5308,Viet Nam,VNM,2022-10-10,2022-10-11,1.0,1000.0,8679.0,,,Heavy rain,,1.0,109.0,,11020,match:109.0,True,incompatible_date_intervals;multiple_dfo_event_ids
EM-DAT,2022-0667-VNM,Viet Nam,VNM,2022-10-10,2022-10-11,2.0,10000.0,,,,Flood (General),,,109.0,,11021,match:109.0,True,incompatible_date_intervals;multiple_dfo_event_ids
DFO,DFO-5313,Viet Nam,VNM,2022-10-15,2022-10-15,0.0,14000.0,19690.0,,,Heavy rain,,1.0,109.0,,11028,match:109.0,True,incompatible_date_intervals;multiple_dfo_event_ids
DFO,DFO-3427,Philippines,PHL,2008-12-28,2009-01-19,25.0,3500.0,36190.0,,,Heavy rain,,1.0,1092.0,,6880,match:1092.0,True,incompatible_date_intervals;multiple_dfo_event_ids;multiple_emdat_event_ids
EM-DAT,2009-0023-PHL,Philippines,PHL,2009-01-02,2009-01-15,33.0,537991.0,,,,Riverine flood,6354.0,,1092.0,,6888,match:1092.0,True,incompatible_date_intervals;multiple_dfo_event_ids;multiple_emdat_event_ids
EM-DAT,2009-0027-PHL,Philippines,PHL,2009-01-08,2009-01-08,,1345.0,,,,Flash flood,,,1092.0,,6894,match:1092.0,True,incompatible_date_intervals;multiple_dfo_event_ids;multiple_emdat_event_ids
EM-DAT,2009-0026-PHL,Philippines,PHL,2009-01-09,2009-01-09,,1300.0,,,,Riverine flood,,,1092.0,,6895,match:1092.0,True,incompatible_date_intervals;multiple_dfo_event_ids;multiple_emdat_event_ids
DFO,DFO-3437,Philippines,PHL,2009-01-20,2009-01-27,11.0,0.0,17181.0,,,Heavy rain,,1.0,1092.0,,6898,match:1092.0,True,incompatible_date_intervals;multiple_dfo_event_ids;multiple_emdat_event_ids
DFO,DFO-3436,Brazil,BRA,2009-01-08,2009-01-16,11.0,0.0,1186391.0,,,Heavy rain,,1.0,1093.0,,6891,match:1093.0,True,incompatible_date_intervals
EM-DAT,2009-0017-BRA,Brazil,BRA,2009-01-20,2009-01-27,16.0,1048.0,,-16.59,-44.89,Riverine flood,,1186000.0,1093.0,,6899,match:1093.0,True,incompatible_date_intervals
DFO,DFO-3424,United States of America,USA,2008-12-26,2008-12-28,0.0,0.0,66257.0,,,Snowmelt,,1.0,1094.0,,6876,match:1094.0,True,incompatible_date_intervals;multiple_dfo_event_ids
DFO,DFO-3430,United States of America,USA,2008-12-29,2009-01-19,0.0,10000.0,35113.0,,,Heavy rain,,1.0,1094.0,,6884,match:1094.0,True,incompatible_date_intervals;multiple_dfo_event_ids
EM-DAT,2008-0638-USA,United States of America,USA,2008-12-29,2009-01-16,,30000.0,,42.84,-123.77,Riverine flood,,35110.0,1094.0,,6887,match:1094.0,True,incompatible_date_intervals;multiple_dfo_event_ids
DFO,DFO-3432,Fiji,FJI,2008-12-25,2009-01-05,9.0,20000.0,7294.0,,,Heavy rain,,1.0,1099.0,,6874,match:1099.0,True,incompatible_date_intervals
EM-DAT,2009-0013-FJI,Fiji,FJI,2009-01-08,2009-01-19,12.0,10556.0,,-17.74,178.05,Riverine flood,43247.0,348.0,1099.0,,6892,match:1099.0,True,incompatible_date_intervals
DFO,DFO-3409,Philippines,PHL,2008-11-18,2008-11-24,6.0,30000.0,21766.0,,,Heavy rain,,1.0,1102.0,,6838,match:1102.0,True,incompatible_date_intervals;multiple_dfo_event_ids;multiple_emdat_event_ids
EM-DAT,2008-0545-PHL,Philippines,PHL,2008-11-21,2008-11-24,10.0,239763.0,,17.95,147.03,Flash flood,4088.0,21770.0,1102.0,,6846,match:1102.0,True,incompatible_date_intervals;multiple_dfo_event_ids;multiple_emdat_event_ids
DFO,DFO-3415,Philippines,PHL,2008-12-01,2008-12-04,0.0,0.0,24108.0,,,High Tides,,2.0,1102.0,,6856,match:1102.0,True,incompatible_date_intervals;multiple_dfo_event_ids;multiple_emdat_event_ids
EM-DAT,2008-0571-PHL,Philippines,PHL,2008-12-01,2008-12-04,29.0,50000.0,,17.2,121.8,Riverine flood,,24110.0,1102.0,,6860,match:1102.0,True,incompatible_date_intervals;multiple_dfo_event_ids;multiple_emdat_event_ids
DFO,DFO-3418,Italy,ITA,2008-12-01,2008-12-08,0.0,2000.0,5424.0,,,Heavy rain,,1.0,1104.0,,6858,match:1104.0,True,incompatible_date_intervals
EM-DAT,2008-0579-ITA,Italy,ITA,2008-12-11,2008-12-15,3.0,,,41.83,13.16,Riverine flood,278000.0,5425.0,1104.0,,6870,match:1104.0,True,incompatible_date_intervals
DFO,DFO-3406,Australia,AUS,2008-11-19,2008-11-20,0.0,100.0,183487.0,,,Torrential rain,,1.5,1107.0,,6839,match:1107.0,True,multiple_dfo_event_ids
DFO,DFO-3410,Australia,AUS,2008-11-20,2008-11-23,21.0,1200.0,105550.0,,,Dam Break Heavy Rain,,1.0,1107.0,,6840,match:1107.0,True,multiple_dfo_event_ids
EM-DAT,2008-0581-AUS,Australia,AUS,2008-11-20,2008-11-23,4.0,1200.0,,-21.56,147.03,Riverine flood,275000.0,105500.0,1107.0,,6845,match:1107.0,True,multiple_dfo_event_ids
DFO,DFO-5221,India,IND,2022-05-13,2022-05-18,3.0,40000.0,43000.0,,,Heavy rain,,2.0,111.0,,10847,match:111.0,True,incompatible_date_intervals;multiple_dfo_event_ids;multiple_emdat_event_ids
EM-DAT,2022-0293-IND,India,IND,2022-05-17,2022-10-31,2035.0,1301260.0,,,,Flood (General),4200000.0,,111.0,,10850,match:111.0,True,incompatible_date_intervals;multiple_dfo_event_ids;multiple_emdat_event_ids
DFO,DFO-5233,India,IND,2022-06-14,2022-06-21,45.0,200000.0,124500.0,,,Heavy rain,,2.0,111.0,,10877,match:111.0,True,incompatible_date_intervals;multiple_dfo_event_ids;multiple_emdat_event_ids
DFO,DFO-5241,India,IND,2022-07-08,2022-07-09,16.0,0.0,215.0,,,Torrential rain,,1.0,111.0,,10903,match:111.0,True,incompatible_date_intervals;multiple_dfo_event_ids;multiple_emdat_event_ids
DFO,DFO-5242,India,IND,2022-07-11,2022-07-11,7.0,1500.0,80000.0,,,Heavy rain,,1.5,111.0,,10905,match:111.0,True,incompatible_date_intervals;multiple_dfo_event_ids;multiple_emdat_event_ids
EM-DAT,2022-0539-IND,India,IND,2022-08-01,2022-08-22,63.0,800000.0,,,,Flood (General),,,111.0,,10928,match:111.0,True,incompatible_date_intervals;multiple_dfo_event_ids;multiple_emdat_event_ids
DFO,DFO-5266,India,IND,2022-08-13,2022-08-18,0.0,60000.0,155000.0,,,Heavy rain,,1.5,111.0,,10949,match:111.0,True,incompatible_date_intervals;multiple_dfo_event_ids;multiple_emdat_event_ids
DFO,DFO-5269,India,IND,2022-08-19,2022-08-21,22.0,135.0,6300.0,,,Monsoonal rain,,1.0,111.0,,10960,match:111.0,True,incompatible_date_intervals;multiple_dfo_event_ids;multiple_emdat_event_ids
DFO,DFO-5277,India,IND,2022-08-28,2022-08-31,4.0,0.0,224000.0,,,Heavy rain,,1.5,111.0,,10967,match:111.0,True,incompatible_date_intervals;multiple_dfo_event_ids;multiple_emdat_event_ids
DFO,DFO-5284,Nepal • India,,2022-09-09,2022-09-12,5.0,0.0,2050.0,,,Heavy rain,,1.0,111.0,transboundary (2 countries),10985,match:111.0,True,incompatible_date_intervals;multiple_dfo_event_ids;multiple_emdat_event_ids
EM-DAT,2022-0590-NPL,Nepal,NPL,2022-09-09,2022-09-17,15.0,511.0,,,,Flood (General),,,111.0,,10986,match:111.0,True,incompatible_date_intervals;multiple_dfo_event_ids;multiple_emdat_event_ids
EM-DAT,2022-0590-IND,India,IND,2022-09-18,2022-09-24,,,,,,Flood (General),,,111.0,,10996,match:111.0,True,incompatible_date_intervals;multiple_dfo_event_ids;multiple_emdat_event_ids
DFO,DFO-5303,India,IND,2022-10-05,2022-10-05,8.0,0.0,3839.0,,,Heavy rain,,1.0,111.0,,11015,match:111.0,True,incompatible_date_intervals;multiple_dfo_event_ids;multiple_emdat_event_ids
DFO,DFO-3396,Viet Nam,VNM,2008-10-19,2008-10-20,22.0,12000.0,39092.0,,,Heavy rain,,1.5,1114.0,,6812,match:1114.0,True,incompatible_date_intervals;multiple_dfo_event_ids;multiple_emdat_event_ids
EM-DAT,2008-0481-VNM,Viet Nam,VNM,2008-10-19,2008-10-20,29.0,12004.0,,14.9,107.46,Flash flood,4000.0,39090.0,1114.0,,6814,match:1114.0,True,incompatible_date_intervals;multiple_dfo_event_ids;multiple_emdat_event_ids
DFO,DFO-3400,Viet Nam,VNM,2008-10-27,2008-11-03,92.0,3000.0,74591.0,,,Heavy rain,,2.0,1114.0,,6822,match:1114.0,True,incompatible_date_intervals;multiple_dfo_event_ids;multiple_emdat_event_ids
EM-DAT,2008-0501-VNM,Viet Nam,VNM,2008-10-27,2008-11-04,99.0,600000.0,,20.74,106.32,Riverine flood,479000.0,74590.0,1114.0,,6823,match:1114.0,True,incompatible_date_intervals;multiple_dfo_event_ids;multiple_emdat_event_ids
EM-DAT,2008-0483-KEN,Kenya,KEN,2008-10-04,2008-10-07,17.0,6310.0,,,,Riverine flood,,,1118.0,,6803,match:1118.0,True,incompatible_date_intervals;multiple_emdat_event_ids
DFO,DFO-3394,Kenya,KEN,2008-10-14,2008-10-16,3.0,10000.0,45128.0,,,Heavy rain,,1.0,1118.0,,6808,match:1118.0,True,incompatible_date_intervals;multiple_emdat_event_ids
EM-DAT,2008-0482-KEN,Kenya,KEN,2008-10-14,2008-10-16,3.0,6000.0,,4.0,41.9,Flash flood,,45130.0,1118.0,,6809,match:1118.0,True,incompatible_date_intervals;multiple_emdat_event_ids
DFO,DFO-3372,India,IND,2008-08-30,2008-09-08,900.0,1000000.0,80590.0,,,Monsoon Rains,,1.5,1124.0,,6759,match:1124.0,True,incompatible_date_intervals;multiple_dfo_event_ids;multiple_emdat_event_ids
EM-DAT,2008-0486-IND,India,IND,2008-08-30,2008-09-08,47.0,2600000.0,,22.044,94.55,Riverine flood,20000.0,80590.0,1124.0,,6761,match:1124.0,True,incompatible_date_intervals;multiple_dfo_event_ids;multiple_emdat_event_ids
EM-DAT,2008-0415-IND,India,IND,2008-09-05,2008-09-11,74.0,,,16.65,81.38,Riverine flood,,75490.0,1124.0,,6768,match:1124.0,True,incompatible_date_intervals;multiple_dfo_event_ids;multiple_emdat_event_ids
EM-DAT,2008-0423-IND,India,IND,2008-09-14,2008-09-21,173.0,2400000.0,,,,Riverine flood,,,1124.0,,6782,match:1124.0,True,incompatible_date_intervals;multiple_dfo_event_ids;multiple_emdat_event_ids
DFO,DFO-3382,India,IND,2008-09-22,2008-09-29,2400.0,0.0,464318.0,,,Dam release and Heavy  Rain,,2.0,1124.0,,6787,match:1124.0,True,incompatible_date_intervals;multiple_dfo_event_ids;multiple_emdat_event_ids
DFO,DFO-3365,Nepal,NPL,2008-08-18,2008-09-24,400.0,10000000.0,163726.0,,,Heavy monsoon rains,,2.0,1125.0,,6750,match:1125.0,True,multiple_dfo_event_ids
DFO,DFO-3383,Nepal,NPL,2008-09-22,2008-09-29,49.0,13000.0,168135.0,,,Monsoonal Rain,,2.0,1125.0,,6788,match:1125.0,True,multiple_dfo_event_ids
EM-DAT,2008-0431-NPL,Nepal,NPL,2008-09-22,2008-09-29,50.0,180003.0,,,,Riverine flood,,168100.0,1125.0,,6789,match:1125.0,True,multiple_dfo_event_ids
EM-DAT,2022-0635-THA,Thailand,THA,2022-09-01,2022-10-06,4.0,485908.0,,,,Flood (General),,,113.0,,10972,match:113.0,True,incompatible_date_intervals;multiple_dfo_event_ids
DFO,DFO-5299,Viet Nam • Thailand,,2022-09-26,2022-09-30,4.0,327937.0,143000.0,,,Tropical cyclone,,2.0,113.0,transboundary (2 countries),11003,match:113.0,True,incompatible_date_intervals;multiple_dfo_event_ids
DFO,DFO-5302,Thailand,THA,2022-10-02,2022-10-05,0.0,13135.0,289000.0,,,Heavy rain,,1.5,113.0,,11010,match:113.0,True,incompatible_date_intervals;multiple_dfo_event_ids
DFO,DFO-3347,Pakistan,PAK,2008-08-02,2008-08-04,35.0,200000.0,32493.0,,,Torrential rain,,2.0,1133.0,,6724,match:1133.0,True,incompatible_date_intervals;multiple_dfo_event_ids;multiple_emdat_event_ids
EM-DAT,2008-0350-PAK,Pakistan,PAK,2008-08-02,2008-08-04,36.0,200012.0,,33.92,71.7,Riverine flood,103000.0,32490.0,1133.0,,6726,match:1133.0,True,incompatible_date_intervals;multiple_dfo_event_ids;multiple_emdat_event_ids
DFO,DFO-3359,Pakistan,PAK,2008-08-09,2008-08-20,37.0,90752.0,165918.0,,,Heavy monsoon rains,,1.5,1133.0,,6741,match:1133.0,True,incompatible_date_intervals;multiple_dfo_event_ids;multiple_emdat_event_ids
EM-DAT,2008-0591-PAK,Pakistan,PAK,2008-08-09,2008-08-20,37.0,90752.0,,30.74,72.63,Riverine flood,,165900.0,1133.0,,6742,match:1133.0,True,incompatible_date_intervals;multiple_dfo_event_ids;multiple_emdat_event_ids
DFO,DFO-3345,China,CHN,2008-07-28,2008-08-08,0.0,93000.0,533930.0,,,Tropical Storm Fung-Wong,,2.0,1134.0,,6715,match:1134.0,True,multiple_dfo_event_ids
DFO,DFO-3353,China,CHN,2008-08-07,2008-08-11,20.0,0.0,24615.0,,,Torrential rain,,1.5,1134.0,,6732,match:1134.0,True,multiple_dfo_event_ids
EM-DAT,2008-0416-CHN,China,CHN,2008-08-07,2008-08-11,20.0,810000.0,,22.62,101.55,Riverine flood,42000.0,24610.0,1134.0,,6733,match:1134.0,True,multiple_dfo_event_ids
DFO,DFO-3354,China,CHN,2008-08-08,2008-08-11,0.0,42000.0,8410.0,,,Tropical Storm Kammuri,,2.0,1134.0,,6735,match:1134.0,True,multiple_dfo_event_ids
DFO,DFO-3318,India,IND,2008-06-07,2008-06-22,176.0,1600000.0,350564.0,,,Heavy rain,,2.0,1136.0,,6662,match:1136.0,True,incompatible_date_intervals;multiple_dfo_event_ids;multiple_emdat_event_ids
EM-DAT,2008-0246-IND,India,IND,2008-06-11,2008-07-21,1063.0,7900000.0,,25.18,91.54,Flash flood,123000.0,350600.0,1136.0,,6666,match:1136.0,True,incompatible_date_intervals;multiple_dfo_event_ids;multiple_emdat_event_ids
DFO,DFO-3327,India,IND,2008-07-05,2008-07-14,350.0,70000.0,426532.0,,,Monsoon Rain,,1.5,1136.0,,6690,match:1136.0,True,incompatible_date_intervals;multiple_dfo_event_ids;multiple_emdat_event_ids
EM-DAT,2008-0285-IND,India,IND,2008-07-05,2008-07-14,,50000.0,,,,Riverine flood,,,1136.0,,6691,match:1136.0,True,incompatible_date_intervals;multiple_dfo_event_ids;multiple_emdat_event_ids
DFO,DFO-3338,India,IND,2008-07-20,2008-08-08,142.0,225000.0,283806.0,,,monsoonal rainfall,,2.0,1136.0,,6703,match:1136.0,True,incompatible_date_intervals;multiple_dfo_event_ids;multiple_emdat_event_ids
EM-DAT,2008-0615-IND,India,IND,2008-07-20,2008-08-08,142.0,225000.0,,27.5,89.79,Riverine flood,,283800.0,1136.0,,6706,match:1136.0,True,incompatible_date_intervals;multiple_dfo_event_ids;multiple_emdat_event_ids
DFO,DFO-3356,India,IND,2008-08-05,2008-08-11,74.0,0.0,75488.0,,,Heavy monsoon rains,,1.5,1136.0,,6728,match:1136.0,True,incompatible_date_intervals;multiple_dfo_event_ids;multiple_emdat_event_ids
DFO,DFO-3368,Chad,TCD,2008-07-20,2008-08-25,0.0,200000.0,61817.0,,,Heavy seasonal rains,,1.5,1137.0,,6704,match:1137.0,True,multiple_dfo_event_ids
EM-DAT,2008-0367-TCD,Chad,TCD,2008-07-20,2008-08-25,,6450.0,,9.233,18.35,Riverine flood,,61820.0,1137.0,,6705,match:1137.0,True,multiple_dfo_event_ids
DFO,DFO-3348,Chad,TCD,2008-08-02,2008-08-08,0.0,0.0,178994.0,,,Torrential rain,,1.0,1137.0,,6725,match:1137.0,True,multiple_dfo_event_ids
EM-DAT,2022-0674-NGA,Nigeria,NGA,2022-07-01,2022-10-31,603.0,2802500.0,,,,Flood (General),4200000.0,,114.0,,10890,match:114.0,True,incompatible_date_intervals;multiple_dfo_event_ids
DFO,DFO-5249,Nigeria,NGA,2022-07-17,2022-07-17,4.0,400.0,58000.0,,,Heavy rain,,1.0,114.0,,10909,match:114.0,True,incompatible_date_intervals;multiple_dfo_event_ids
DFO,DFO-5256,Nigeria,NGA,2022-08-01,2022-08-14,50.0,0.0,19570.0,,,Heavy rain,,1.5,114.0,,10925,match:114.0,True,incompatible_date_intervals;multiple_dfo_event_ids
DFO,DFO-5273,Nigeria,NGA,2022-08-18,2022-08-22,10.0,3000.0,4550.0,,,Heavy rain,,1.0,114.0,,10959,match:114.0,True,incompatible_date_intervals;multiple_dfo_event_ids
DFO,DFO-5300,Nigeria,NGA,2022-09-28,2022-10-04,300.0,100000.0,27000.0,,,Heavy rain,,2.0,114.0,,11005,match:114.0,True,incompatible_date_intervals;multiple_dfo_event_ids
DFO,DFO-5309,Nigeria,NGA,2022-09-30,2022-10-11,200.0,690254.0,42700.0,,,Heavy rain,,2.0,114.0,,11006,match:114.0,True,incompatible_date_intervals;multiple_dfo_event_ids
EM-DAT,2008-0288-MEX,Mexico,MEX,2008-07-06,2008-07-11,12.0,20000.0,,,,Flash flood,,193700.0,1141.0,,6693,match:1141.0,True,incompatible_date_intervals
DFO,DFO-3332,Mexico,MEX,2008-07-15,2008-07-16,3.0,0.0,193742.0,,,Heavy rain,,1.0,1141.0,,6699,match:1141.0,True,incompatible_date_intervals
DFO,DFO-3309,China,CHN,2008-05-27,2008-06-05,64.0,5000.0,144704.0,,,Heavy rain,,1.0,1142.0,,6649,match:1142.0,True,incompatible_date_intervals;multiple_dfo_event_ids;multiple_emdat_event_ids
EM-DAT,2008-0212-CHN,China,CHN,2008-05-27,2008-06-05,64.0,538166.0,,,,Riverine flood,,106000.0,1142.0,,6651,match:1142.0,True,incompatible_date_intervals;multiple_dfo_event_ids;multiple_emdat_event_ids
EM-DAT,2008-0243-CHN,China,CHN,2008-06-07,2008-06-22,176.0,1600000.0,,,,Riverine flood,2200000.0,366860.0,1142.0,,6663,match:1142.0,True,incompatible_date_intervals;multiple_dfo_event_ids;multiple_emdat_event_ids
DFO,DFO-3319,China,CHN,2008-06-11,2008-07-03,65.0,500000.0,79369.0,,,Heavy rain,,1.5,1142.0,,6665,match:1142.0,True,incompatible_date_intervals;multiple_dfo_event_ids;multiple_emdat_event_ids
DFO,DFO-3325,China,CHN,2008-06-24,2008-06-27,0.0,0.0,373962.0,,,Tropical  Storm Fenshen,,1.5,1142.0,,6674,match:1142.0,True,incompatible_date_intervals;multiple_dfo_event_ids;multiple_emdat_event_ids
EM-DAT,2008-0598-CHN,China,CHN,2008-07-07,2008-07-07,19.0,3000000.0,,,,Riverine flood,102000.0,,1142.0,,6694,match:1142.0,True,incompatible_date_intervals;multiple_dfo_event_ids;multiple_emdat_event_ids
EM-DAT,2008-0620-PHL,Philippines,PHL,2008-06-17,2008-06-17,7.0,2391.0,,,,Riverine flood,173.0,,1143.0,,6669,match:1143.0,True,incompatible_date_intervals
DFO,DFO-3320,Philippines,PHL,2008-06-21,2008-06-23,1000.0,0.0,178346.0,,,Typhoon Fenshen,,1.5,1143.0,,6673,match:1143.0,True,incompatible_date_intervals
DFO,DFO-3322,Bangladesh,BGD,2008-06-20,2008-06-22,0.0,15000.0,57411.0,,,Levee failure early monsoonal rain,,1.0,1144.0,,6672,match:1144.0,True,incompatible_date_intervals
EM-DAT,2008-0285-BGD,Bangladesh,BGD,2008-06-26,2008-07-13,16.0,20002.0,,,,Riverine flood,,,1144.0,,6675,match:1144.0,True,incompatible_date_intervals
DFO,DFO-3313,United States of America,USA,2008-05-24,2008-06-05,13.0,0.0,337703.0,,,Heavy rain,,1.0,1147.0,,6647,match:1147.0,True,incompatible_date_intervals;multiple_dfo_event_ids
DFO,DFO-3317,United States of America,USA,2008-06-05,2008-07-03,0.0,38000.0,759750.0,,,Heavy rain,,2.0,1147.0,,6660,match:1147.0,True,incompatible_date_intervals;multiple_dfo_event_ids
EM-DAT,2008-0627-USA,United States of America,USA,2008-06-09,2008-06-30,24.0,11000148.0,,,,Riverine flood,10000000.0,,1147.0,,6664,match:1147.0,True,incompatible_date_intervals;multiple_dfo_event_ids
DFO,DFO-3285,United States of America,USA,2008-03-17,2008-05-02,18.0,1000.0,928710.0,,,Rain and snowmelt,,1.5,1153.0,,6608,match:1153.0,True,incompatible_date_intervals;multiple_dfo_event_ids;multiple_emdat_event_ids
EM-DAT,2008-0131-USA,United States of America,USA,2008-03-17,2008-04-20,18.0,1000.0,,36.23,-89.15,Riverine flood,2000.0,565200.0,1153.0,,6612,match:1153.0,True,incompatible_date_intervals;multiple_dfo_event_ids;multiple_emdat_event_ids
DFO,DFO-3292,Canada,CAN,2008-04-10,2008-04-24,0.0,400.0,22896.0,,,Snowmelt,,1.5,1153.0,,6621,match:1153.0,True,incompatible_date_intervals;multiple_dfo_event_ids;multiple_emdat_event_ids
EM-DAT,2008-0170-CAN,Canada,CAN,2008-04-10,2008-04-24,,400.0,,44.46,-77.47,Riverine flood,,22900.0,1153.0,,6623,match:1153.0,True,incompatible_date_intervals;multiple_dfo_event_ids;multiple_emdat_event_ids
DFO,DFO-3300,United States of America • Canada,,2008-04-25,2008-05-07,0.0,2500.0,25490.0,,,Rain and snowmelt,,1.5,1153.0,transboundary (2 countries),6630,match:1153.0,True,incompatible_date_intervals;multiple_dfo_event_ids;multiple_emdat_event_ids
DFO,DFO-3298,Canada,CAN,2008-04-26,2008-05-01,0.0,2000.0,3178.0,,,Ice jam/break-up,,1.0,1153.0,,6631,match:1153.0,True,incompatible_date_intervals;multiple_dfo_event_ids;multiple_emdat_event_ids
EM-DAT,2008-0264-CAN,Canada,CAN,2008-04-26,2008-05-01,,2000.0,,52.15,-81.96,Riverine flood,,3180.0,1153.0,,6632,match:1153.0,True,incompatible_date_intervals;multiple_dfo_event_ids;multiple_emdat_event_ids
EM-DAT,2008-0127-TZA,United Republic of Tanzania,TZA,2008-03-17,2008-04-04,1.0,1500.0,,-3.38,38.17,Riverine flood,,,1155.0,,6611,match:1155.0,True,incompatible_date_intervals
DFO,DFO-3294,United Republic of Tanzania,TZA,2008-04-11,2008-05-16,0.0,800.0,15131.0,,,Heavy rain,,1.0,1155.0,,6624,match:1155.0,True,incompatible_date_intervals
DFO,DFO-3289,Kenya,KEN,2008-03-17,2008-04-05,1.0,9600.0,50223.0,,,Heavy rain,,1.0,1157.0,,6609,match:1157.0,True,multiple_dfo_event_ids;multiple_emdat_event_ids
EM-DAT,2008-0127-KEN,Kenya,KEN,2008-03-17,2008-04-05,,700.0,,-3.38,38.17,Riverine flood,,12190.0,1157.0,,6610,match:1157.0,True,multiple_dfo_event_ids;multiple_emdat_event_ids
DFO,DFO-3287,Kenya,KEN,2008-03-20,2008-04-02,2.0,10000.0,21279.0,,,Heavy rain,,1.0,1157.0,,6614,match:1157.0,True,multiple_dfo_event_ids;multiple_emdat_event_ids
EM-DAT,2008-0129-KEN,Kenya,KEN,2008-03-20,2008-04-02,2.0,10000.0,,2.83,37.67,Flood (General),,21280.0,1157.0,,6615,match:1157.0,True,multiple_dfo_event_ids;multiple_emdat_event_ids
DFO,DFO-3290,Kenya,KEN,2008-03-28,2008-04-02,3.0,160.0,3972.0,,,Heavy rain,,1.0,1157.0,,6617,match:1157.0,True,multiple_dfo_event_ids;multiple_emdat_event_ids
DFO,DFO-3262,Indonesia,IDN,2008-01-30,2008-02-03,3.0,40000.0,815.0,,,Heavy rain,,1.0,1161.0,,6566,match:1161.0,True,incompatible_date_intervals;multiple_dfo_event_ids;multiple_emdat_event_ids
EM-DAT,2008-0052-IDN,Indonesia,IDN,2008-01-30,2008-01-31,3.0,40000.0,,-7.71,112.91,Riverine flood,653.0,810.0,1161.0,,6569,match:1161.0,True,incompatible_date_intervals;multiple_dfo_event_ids;multiple_emdat_event_ids
DFO,DFO-3265,Indonesia,IDN,2008-02-01,2008-02-06,3.0,88261.0,378.0,,,Heavy rain,,1.0,1161.0,,6573,match:1161.0,True,incompatible_date_intervals;multiple_dfo_event_ids;multiple_emdat_event_ids
EM-DAT,2008-0042-IDN,Indonesia,IDN,2008-02-01,2008-02-06,3.0,89761.0,,-6.19,106.85,Riverine flood,,380.0,1161.0,,6575,match:1161.0,True,incompatible_date_intervals;multiple_dfo_event_ids;multiple_emdat_event_ids
DFO,DFO-3269,Indonesia,IDN,2008-02-08,2008-02-12,14.0,7000.0,403.0,,,Heavy rain,,1.0,1161.0,,6582,match:1161.0,True,incompatible_date_intervals;multiple_dfo_event_ids;multiple_emdat_event_ids
EM-DAT,2008-0067-IDN,Indonesia,IDN,2008-02-08,2008-02-12,14.0,7000.0,,-7.74,114.0,Flash flood,,400.0,1161.0,,6583,match:1161.0,True,incompatible_date_intervals;multiple_dfo_event_ids;multiple_emdat_event_ids
DFO,DFO-3276,Indonesia,IDN,2008-02-11,2008-03-01,11.0,3500.0,10585.0,,,Heavy rain,,1.0,1161.0,,6586,match:1161.0,True,incompatible_date_intervals;multiple_dfo_event_ids;multiple_emdat_event_ids
EM-DAT,2008-0092-IDN,Indonesia,IDN,2008-02-11,2008-02-27,11.0,3500.0,,-6.8,111.06,Riverine flood,,,1161.0,,6587,match:1161.0,True,incompatible_date_intervals;multiple_dfo_event_ids;multiple_emdat_event_ids
DFO,DFO-3271,Indonesia,IDN,2008-02-14,2008-03-14,0.0,10000.0,10435.0,,,Heavy rain,,1.0,1161.0,,6592,match:1161.0,True,incompatible_date_intervals;multiple_dfo_event_ids;multiple_emdat_event_ids
DFO,DFO-3280,Indonesia,IDN,2008-03-01,2008-04-03,3.0,12000.0,16854.0,,,Heavy rain,,1.0,1161.0,,6598,match:1161.0,True,incompatible_date_intervals;multiple_dfo_event_ids;multiple_emdat_event_ids
EM-DAT,2008-0108-IDN,Indonesia,IDN,2008-03-01,2008-03-14,3.0,12000.0,,-7.13,112.37,Riverine flood,,11590.0,1161.0,,6599,match:1161.0,True,incompatible_date_intervals;multiple_dfo_event_ids;multiple_emdat_event_ids
DFO,DFO-3288,Indonesia,IDN,2008-03-10,2008-04-03,0.0,60000.0,80095.0,,,Heavy rain,,1.0,1161.0,,6602,match:1161.0,True,incompatible_date_intervals;multiple_dfo_event_ids;multiple_emdat_event_ids
EM-DAT,2008-0128-IDN,Indonesia,IDN,2008-03-10,2008-04-03,,60000.0,,0.54,101.78,Riverine flood,,80090.0,1161.0,,6603,match:1161.0,True,incompatible_date_intervals;multiple_dfo_event_ids;multiple_emdat_event_ids
DFO,DFO-3250,Zambia,ZMB,2007-12-30,2008-01-03,1.0,3000.0,672970.0,,,Heavy rain,,1.0,1165.0,,6543,match:1165.0,True,incompatible_date_intervals;multiple_dfo_event_ids;multiple_emdat_event_ids
EM-DAT,2007-0633-ZMB,Zambia,ZMB,2007-12-30,2008-02-27,10.0,34766.0,,-15.94,27.77,Riverine flood,,2180.0,1165.0,,6544,match:1165.0,True,incompatible_date_intervals;multiple_dfo_event_ids;multiple_emdat_event_ids
DFO,DFO-3272,Zambia,ZMB,2008-02-09,2008-05-01,4.0,15000.0,438920.0,,,Heavy rain,,1.0,1165.0,,6584,match:1165.0,True,incompatible_date_intervals;multiple_dfo_event_ids;multiple_emdat_event_ids
EM-DAT,2008-0629-ZMB,Zambia,ZMB,2008-02-09,2008-05-01,4.0,15000.0,,,,Riverine flood,,,1165.0,,6585,match:1165.0,True,incompatible_date_intervals;multiple_dfo_event_ids;multiple_emdat_event_ids
DFO,DFO-3256,Brazil,BRA,2008-01-12,2008-01-26,4.0,15000.0,23023.0,,,Heavy rain,,1.0,1167.0,,6554,match:1167.0,True,incompatible_date_intervals;multiple_dfo_event_ids;multiple_emdat_event_ids
EM-DAT,2008-0016-BRA,Brazil,BRA,2008-01-12,2008-01-16,4.0,49506.0,,-24.5,-47.88,Riverine flood,,23020.0,1167.0,,6555,match:1167.0,True,incompatible_date_intervals;multiple_dfo_event_ids;multiple_emdat_event_ids
DFO,DFO-3266,Brazil,BRA,2008-02-02,2008-02-07,9.0,12858.0,291.0,,,Torrential rain,,1.0,1167.0,,6576,match:1167.0,True,incompatible_date_intervals;multiple_dfo_event_ids;multiple_emdat_event_ids
EM-DAT,2008-0041-BRA,Brazil,BRA,2008-02-02,2008-02-06,9.0,12870.0,,-22.37,-43.13,Riverine flood,,290.0,1167.0,,6577,match:1167.0,True,incompatible_date_intervals;multiple_dfo_event_ids;multiple_emdat_event_ids
EM-DAT,2022-0446-NER,Niger,NER,2022-06-01,2022-09-30,195.0,322185.0,,,,Flood (General),,,117.0,,10866,match:117.0,True,incompatible_date_intervals;multiple_dfo_event_ids
DFO,DFO-5248,Niger,NER,2022-07-14,2022-07-17,8.0,0.0,138000.0,,,Heavy rain,,1.5,117.0,,10908,match:117.0,True,incompatible_date_intervals;multiple_dfo_event_ids
DFO,DFO-5292,Niger,NER,2022-09-17,2022-09-21,121.0,0.0,187000.0,,,Heavy rain,,2.0,117.0,,10994,match:117.0,True,incompatible_date_intervals;multiple_dfo_event_ids
DFO,DFO-3247,Australia,AUS,2007-12-22,2007-12-31,0.0,0.0,200535.0,,,Heavy rain,,1.0,1172.0,,6539,match:1172.0,True,incompatible_date_intervals;multiple_dfo_event_ids;multiple_emdat_event_ids
DFO,DFO-3252,Australia,AUS,2008-01-03,2008-01-09,1.0,3000.0,41557.0,,,Heavy rain,,1.5,1172.0,,6547,match:1172.0,True,incompatible_date_intervals;multiple_dfo_event_ids;multiple_emdat_event_ids
EM-DAT,2008-0014-AUS,Australia,AUS,2008-01-03,2008-01-09,1.0,3000.0,,-28.44,152.87,Riverine flood,90000.0,41560.0,1172.0,,6548,match:1172.0,True,incompatible_date_intervals;multiple_dfo_event_ids;multiple_emdat_event_ids
DFO,DFO-3257,Australia,AUS,2008-01-14,2008-02-01,0.0,3200.0,649466.0,,,Heavy rain,,2.0,1172.0,,6558,match:1172.0,True,incompatible_date_intervals;multiple_dfo_event_ids;multiple_emdat_event_ids
EM-DAT,2008-0017-AUS,Australia,AUS,2008-01-14,2008-02-01,,3200.0,,-20.4,144.56,Riverine flood,600000.0,649500.0,1172.0,,6559,match:1172.0,True,incompatible_date_intervals;multiple_dfo_event_ids;multiple_emdat_event_ids
DFO,DFO-3253,United States of America,USA,2008-01-05,2008-01-09,0.0,1500.0,551.0,,,Dam/Levy break or release,,1.0,1173.0,,6549,match:1173.0,True,multiple_dfo_event_ids
EM-DAT,2008-0010-USA,United States of America,USA,2008-01-05,2008-01-09,2.0,1500.0,,39.63,-119.2,Riverine flood,,550.0,1173.0,,6550,match:1173.0,True,multiple_dfo_event_ids
DFO,DFO-3255,United States of America,USA,2008-01-08,2008-01-15,5.0,500.0,102263.0,,,Rain and snowmelt,,1.5,1173.0,,6552,match:1173.0,True,multiple_dfo_event_ids
DFO,DFO-3243,Sri Lanka,LKA,2007-12-16,2008-01-01,0.0,250000.0,7954.0,,,Monsoonal rain,,1.0,1174.0,,6533,match:1174.0,True,incompatible_date_intervals;multiple_dfo_event_ids
EM-DAT,2007-0609-LKA,Sri Lanka,LKA,2007-12-16,2008-01-01,,250000.0,,7.72,81.4,Riverine flood,,7950.0,1174.0,,6534,match:1174.0,True,incompatible_date_intervals;multiple_dfo_event_ids
DFO,DFO-3254,Sri Lanka,LKA,2008-01-07,2008-01-16,0.0,240000.0,1918.0,,,Heavy rain,,1.0,1174.0,,6551,match:1174.0,True,incompatible_date_intervals;multiple_dfo_event_ids
DFO,DFO-3248,Indonesia,IDN,2007-12-25,2007-12-29,1.0,20000.0,8856.0,,,Heavy rain,,1.0,1175.0,,6540,match:1175.0,True,incompatible_date_intervals;multiple_dfo_event_ids
DFO,DFO-3249,Indonesia,IDN,2007-12-25,2008-01-03,153.0,50000.0,50690.0,,,Heavy rain,,1.5,1175.0,,6541,match:1175.0,True,incompatible_date_intervals;multiple_dfo_event_ids
DFO,DFO-3251,Indonesia,IDN,2008-01-02,2008-01-06,0.0,1000.0,2179.0,,,Heavy rain,,1.0,1175.0,,6545,match:1175.0,True,incompatible_date_intervals;multiple_dfo_event_ids
EM-DAT,2008-0013-IDN,Indonesia,IDN,2008-01-02,2008-01-06,,1000.0,,-6.23,106.83,Riverine flood,,2180.0,1175.0,,6546,match:1175.0,True,incompatible_date_intervals;multiple_dfo_event_ids
DFO,DFO-3241,Zimbabwe,ZWE,2007-12-13,2008-01-03,3.0,2400.0,13374.0,,,Heavy rain,,1.0,1176.0,,6529,match:1176.0,True,multiple_dfo_event_ids
DFO,DFO-3245,Zimbabwe,ZWE,2007-12-19,2008-01-02,24.0,2000.0,100497.0,,,Heavy rain,,1.0,1176.0,,6536,match:1176.0,True,multiple_dfo_event_ids
EM-DAT,2007-0616-ZWE,Zimbabwe,ZWE,2007-12-19,2008-01-02,24.0,2000.0,,-20.78,31.24,Riverine flood,,53810.0,1176.0,,6538,match:1176.0,True,multiple_dfo_event_ids
DFO,DFO-3235,Kenya,KEN,2007-11-21,2007-12-16,0.0,6000.0,6078.0,,,Heavy rain,,1.0,1178.0,,6510,match:1178.0,True,multiple_dfo_event_ids
DFO,DFO-3240,Kenya,KEN,2007-12-12,2007-12-15,4.0,2000.0,6216.0,,,Heavy rain,,1.0,1178.0,,6527,match:1178.0,True,multiple_dfo_event_ids
EM-DAT,2007-0613-KEN,Kenya,KEN,2007-12-12,2007-12-15,4.0,2000.0,,-3.61,38.69,Riverine flood,,6200.0,1178.0,,6528,match:1178.0,True,multiple_dfo_event_ids
DFO,DFO-3242,Mozambique,MOZ,2007-12-11,2008-01-03,3.0,10000.0,354570.0,,,Heavy rain,,1.0,1179.0,,6525,match:1179.0,True,multiple_emdat_event_ids
EM-DAT,2007-0614-MOZ,Mozambique,MOZ,2007-12-11,2008-01-03,20.0,113535.0,,-19.06,34.36,Flood (General),100000.0,57570.0,1179.0,,6526,match:1179.0,True,multiple_emdat_event_ids
EM-DAT,2007-0616-MOZ,Mozambique,MOZ,2007-12-19,2008-01-02,,,,-20.78,31.24,Riverine flood,,,1179.0,,6537,match:1179.0,True,multiple_emdat_event_ids
DFO,DFO-3229,Philippines,PHL,2007-11-18,2007-11-23,13.0,15000.0,11140.0,,,Tropical cyclone,,1.0,1181.0,,6505,match:1181.0,True,incompatible_date_intervals;multiple_dfo_event_ids;multiple_emdat_event_ids
EM-DAT,2007-0553-PHL,Philippines,PHL,2007-11-18,2007-11-21,11.0,16463.0,,8.796,124.833,Coastal flood,2520.0,11140.0,1181.0,,6507,match:1181.0,True,incompatible_date_intervals;multiple_dfo_event_ids;multiple_emdat_event_ids
DFO,DFO-3232,Philippines,PHL,2007-11-25,2007-12-02,29.0,540000.0,33590.0,,,Tropical cyclone,,1.0,1181.0,,6513,match:1181.0,True,incompatible_date_intervals;multiple_dfo_event_ids;multiple_emdat_event_ids
EM-DAT,2007-0577-PHL,Philippines,PHL,2007-11-28,2007-11-28,,33571.0,,,,Coastal flood,,,1181.0,,6517,match:1181.0,True,incompatible_date_intervals;multiple_dfo_event_ids;multiple_emdat_event_ids
EM-DAT,2007-0665-PHL,Philippines,PHL,2007-12-01,2007-12-04,,12205.0,,,,Riverine flood,,,1181.0,,6519,match:1181.0,True,incompatible_date_intervals;multiple_dfo_event_ids;multiple_emdat_event_ids
EM-DAT,2007-0614-MWI,Malawi,MWI,2007-11-11,2008-01-02,,2000.0,,-19.06,34.36,Flood (General),,,1183.0,,6496,match:1183.0,True,multiple_emdat_event_ids
DFO,DFO-3230,Malawi,MWI,2007-11-18,2007-11-27,0.0,3500.0,1631.0,,,Heavy rain,,1.0,1183.0,,6506,match:1183.0,True,multiple_emdat_event_ids
EM-DAT,2007-0585-MWI,Malawi,MWI,2007-11-18,2008-02-01,,180246.0,,-16.81,35.24,Flash flood,,1630.0,1183.0,,6508,match:1183.0,True,multiple_emdat_event_ids
DFO,DFO-3200,Viet Nam,VNM,2007-09-29,2007-10-12,96.0,30000.0,60981.0,,,Tropical cyclone,,1.5,1186.0,,6445,match:1186.0,True,incompatible_date_intervals;multiple_dfo_event_ids;multiple_emdat_event_ids
DFO,DFO-3207,Viet Nam,VNM,2007-10-14,2007-10-24,15.0,22000.0,24812.0,,,Heavy rain,,1.0,1186.0,,6463,match:1186.0,True,incompatible_date_intervals;multiple_dfo_event_ids;multiple_emdat_event_ids
EM-DAT,2007-0512-VNM,Viet Nam,VNM,2007-10-14,2007-10-24,15.0,22000.0,,15.87,107.78,Riverine flood,10000.0,24810.0,1186.0,,6465,match:1186.0,True,incompatible_date_intervals;multiple_dfo_event_ids;multiple_emdat_event_ids
DFO,DFO-3210,Viet Nam,VNM,2007-10-20,2007-11-16,3.0,280000.0,46469.0,,,Heavy rain,,1.0,1186.0,,6469,match:1186.0,True,incompatible_date_intervals;multiple_dfo_event_ids;multiple_emdat_event_ids
EM-DAT,2007-0531-VNM,Viet Nam,VNM,2007-10-20,2007-11-02,3.0,280000.0,,11.01,105.51,Flood (General),,46470.0,1186.0,,6471,match:1186.0,True,incompatible_date_intervals;multiple_dfo_event_ids;multiple_emdat_event_ids
DFO,DFO-3215,Viet Nam,VNM,2007-10-27,2007-10-31,0.0,0.0,349.0,,,Dam/Levy break or release,,1.0,1186.0,,6479,match:1186.0,True,incompatible_date_intervals;multiple_dfo_event_ids;multiple_emdat_event_ids
DFO,DFO-3219,Viet Nam,VNM,2007-10-28,2007-11-09,70.0,94000.0,35110.0,,,Heavy rain,,1.0,1186.0,,6485,match:1186.0,True,incompatible_date_intervals;multiple_dfo_event_ids;multiple_emdat_event_ids
EM-DAT,2007-0522-VNM,Viet Nam,VNM,2007-10-28,2007-11-09,83.0,94042.0,,16.32,107.36,Riverine flood,300000.0,35110.0,1186.0,,6488,match:1186.0,True,incompatible_date_intervals;multiple_dfo_event_ids;multiple_emdat_event_ids
DFO,DFO-3224,Viet Nam,VNM,2007-11-10,2007-11-21,55.0,150000.0,36818.0,,,Tropical cyclone,,1.0,1186.0,,6494,match:1186.0,True,incompatible_date_intervals;multiple_dfo_event_ids;multiple_emdat_event_ids
EM-DAT,2007-0558-VNM,Viet Nam,VNM,2007-11-10,2007-11-21,55.0,150000.0,,15.3,108.44,Coastal flood,350000.0,36820.0,1186.0,,6495,match:1186.0,True,incompatible_date_intervals;multiple_dfo_event_ids;multiple_emdat_event_ids
DFO,DFO-3216,Philippines,PHL,2007-10-27,2007-11-02,20.0,0.0,4598.0,,,Heavy rain,,1.0,1187.0,,6480,match:1187.0,True,incompatible_date_intervals;multiple_dfo_event_ids
EM-DAT,2007-0525-PHL,Philippines,PHL,2007-10-27,2007-11-01,20.0,,,13.36,123.38,Riverine flood,,4600.0,1187.0,,6483,match:1187.0,True,incompatible_date_intervals;multiple_dfo_event_ids
DFO,DFO-3222,Philippines,PHL,2007-11-04,2007-11-06,7.0,2000.0,25809.0,,,Tropical cyclone,,1.0,1187.0,,6492,match:1187.0,True,incompatible_date_intervals;multiple_dfo_event_ids
EM-DAT,2022-0572-MEX,Mexico,MEX,2022-08-28,2022-09-01,8.0,2100.0,,,,Flood (General),,,119.0,,10969,match:119.0,True,incompatible_date_intervals;multiple_emdat_event_ids
DFO,DFO-5281,Mexico,MEX,2022-09-03,2022-09-04,4.0,0.0,45600.0,,,Heavy rain,,1.0,119.0,,10981,match:119.0,True,incompatible_date_intervals;multiple_emdat_event_ids
EM-DAT,2022-0579-MEX,Mexico,MEX,2022-09-03,2022-09-05,5.0,1050.0,,,,Flash flood,,,119.0,,10983,match:119.0,True,incompatible_date_intervals;multiple_emdat_event_ids
DFO,DFO-3104,India,IND,2007-06-18,2007-06-26,15.0,200000.0,74888.0,,,Monsoonal rain,,1.0,1190.0,,6254,match:1190.0,True,incompatible_date_intervals;multiple_dfo_event_ids;multiple_emdat_event_ids
EM-DAT,2007-0225-IND,India,IND,2007-06-18,2007-06-26,15.0,200000.0,,26.26,94.02,Riverine flood,,74890.0,1190.0,,6256,match:1190.0,True,incompatible_date_intervals;multiple_dfo_event_ids;multiple_emdat_event_ids
DFO,DFO-3107,India,IND,2007-06-22,2007-07-04,127.0,200000.0,450564.0,,,Monsoonal rain,,1.0,1190.0,,6259,match:1190.0,True,incompatible_date_intervals;multiple_dfo_event_ids;multiple_emdat_event_ids
EM-DAT,2007-0250-IND,India,IND,2007-06-22,2007-07-04,127.0,200000.0,,14.94,78.16,Flash flood,,449300.0,1190.0,,6260,match:1190.0,True,incompatible_date_intervals;multiple_dfo_event_ids;multiple_emdat_event_ids
DFO,DFO-3118,India,IND,2007-06-30,2007-07-13,29.0,50000.0,248439.0,,,Monsoonal rain,,1.0,1190.0,,6278,match:1190.0,True,incompatible_date_intervals;multiple_dfo_event_ids;multiple_emdat_event_ids
EM-DAT,2007-0240-IND,India,IND,2007-06-30,2007-07-13,29.0,50000.0,,20.05,81.86,Riverine flood,,74000.0,1190.0,,6279,match:1190.0,True,incompatible_date_intervals;multiple_dfo_event_ids;multiple_emdat_event_ids
DFO,DFO-3119,India,IND,2007-07-01,2007-07-06,62.0,10000.0,106578.0,,,Monsoonal rain,,1.0,1190.0,,6280,match:1190.0,True,incompatible_date_intervals;multiple_dfo_event_ids;multiple_emdat_event_ids
DFO,DFO-3120,India,IND,2007-07-01,2007-07-13,225.0,63000.0,398939.0,,,Monsoonal rain,,1.0,1190.0,,6281,match:1190.0,True,incompatible_date_intervals;multiple_dfo_event_ids;multiple_emdat_event_ids
EM-DAT,2007-0238-IND,India,IND,2007-07-01,2007-07-13,225.0,63000.0,,22.02,72.25,Riverine flood,,61700.0,1190.0,,6282,match:1190.0,True,incompatible_date_intervals;multiple_dfo_event_ids;multiple_emdat_event_ids
EM-DAT,2007-0239-IND,India,IND,2007-07-01,2007-07-06,62.0,10000.0,,21.03,77.52,Riverine flood,,106600.0,1190.0,,6283,match:1190.0,True,incompatible_date_intervals;multiple_dfo_event_ids;multiple_emdat_event_ids
DFO,DFO-3122,India,IND,2007-07-03,2007-09-22,958.0,3000000.0,517303.0,,,Monsoonal rain,,1.5,1190.0,,6287,match:1190.0,True,incompatible_date_intervals;multiple_dfo_event_ids;multiple_emdat_event_ids
EM-DAT,2007-0320-IND,India,IND,2007-07-03,2007-09-22,1103.0,18700000.0,,22.63,88.49,Riverine flood,,483900.0,1190.0,,6290,match:1190.0,True,incompatible_date_intervals;multiple_dfo_event_ids;multiple_emdat_event_ids
DFO,DFO-3128,India,IND,2007-07-12,2007-10-10,96.0,11100000.0,103552.0,,,Monsoonal rain,,1.0,1190.0,,6298,match:1190.0,True,incompatible_date_intervals;multiple_dfo_event_ids;multiple_emdat_event_ids
EM-DAT,2007-0602-IND,India,IND,2007-07-12,2007-10-10,96.0,11100000.0,,27.58,95.26,Riverine flood,,103600.0,1190.0,,6299,match:1190.0,True,incompatible_date_intervals;multiple_dfo_event_ids;multiple_emdat_event_ids
DFO,DFO-3131,India,IND,2007-07-16,2007-07-20,44.0,35000.0,24124.0,,,Monsoonal rain,,1.0,1190.0,,6305,match:1190.0,True,incompatible_date_intervals;multiple_dfo_event_ids;multiple_emdat_event_ids
EM-DAT,2007-0603-IND,India,IND,2007-07-16,2007-07-20,44.0,35000.0,,10.39,76.31,Riverine flood,101151.0,21120.0,1190.0,,6306,match:1190.0,True,incompatible_date_intervals;multiple_dfo_event_ids;multiple_emdat_event_ids
EM-DAT,2007-0311-IND,India,IND,2007-07-21,2007-08-03,,,,23.92,91.23,Riverine flood,,,1190.0,,6319,match:1190.0,True,incompatible_date_intervals;multiple_dfo_event_ids;multiple_emdat_event_ids
DFO,DFO-3150,India,IND,2007-08-03,2007-08-27,15.0,20000.0,15364.0,,,Monsoonal rain,,1.0,1190.0,,6351,match:1190.0,True,incompatible_date_intervals;multiple_dfo_event_ids;multiple_emdat_event_ids
EM-DAT,2007-0596-IND,India,IND,2007-08-03,2007-08-27,15.0,500000.0,,20.45,86.2,Riverine flood,,15360.0,1190.0,,6354,match:1190.0,True,incompatible_date_intervals;multiple_dfo_event_ids;multiple_emdat_event_ids
DFO,DFO-3160,India,IND,2007-08-08,2007-08-15,12.0,0.0,133806.0,,,Monsoonal rain,,1.0,1190.0,,6369,match:1190.0,True,incompatible_date_intervals;multiple_dfo_event_ids;multiple_emdat_event_ids
EM-DAT,2007-0415-IND,India,IND,2007-08-08,2007-08-15,16.0,,,22.68,70.93,Riverine flood,,133800.0,1190.0,,6370,match:1190.0,True,incompatible_date_intervals;multiple_dfo_event_ids;multiple_emdat_event_ids
DFO,DFO-3164,India,IND,2007-08-12,2007-08-17,76.0,15000.0,191450.0,,,Monsoonal rain,,1.0,1190.0,,6384,match:1190.0,True,incompatible_date_intervals;multiple_dfo_event_ids;multiple_emdat_event_ids
EM-DAT,2007-0364-IND,India,IND,2007-08-12,2007-08-17,76.0,15000.0,,31.24,76.53,Riverine flood,,191400.0,1190.0,,6387,match:1190.0,True,incompatible_date_intervals;multiple_dfo_event_ids;multiple_emdat_event_ids
DFO,DFO-3191,India,IND,2007-09-16,2007-10-07,94.0,20000.0,90280.0,,,Monsoonal rain,,1.0,1190.0,,6430,match:1190.0,True,incompatible_date_intervals;multiple_dfo_event_ids;multiple_emdat_event_ids
EM-DAT,2007-0469-IND,India,IND,2007-09-16,2007-10-07,94.0,20000.0,,15.71,79.88,Riverine flood,,90280.0,1190.0,,6431,match:1190.0,True,incompatible_date_intervals;multiple_dfo_event_ids;multiple_emdat_event_ids
DFO,DFO-3195,India,IND,2007-09-22,2007-10-08,80.0,400000.0,72008.0,,,Heavy rain,,1.0,1190.0,,6439,match:1190.0,True,incompatible_date_intervals;multiple_dfo_event_ids;multiple_emdat_event_ids
EM-DAT,2007-0467-IND,India,IND,2007-09-22,2007-10-03,80.0,7200000.0,,20.91,86.4,Coastal flood,275000.0,72010.0,1190.0,,6440,match:1190.0,True,incompatible_date_intervals;multiple_dfo_event_ids;multiple_emdat_event_ids
DFO,DFO-3208,India,IND,2007-10-17,2007-10-24,2.0,30000.0,10886.0,,,Heavy rain,,1.5,1190.0,,6467,match:1190.0,True,incompatible_date_intervals;multiple_dfo_event_ids;multiple_emdat_event_ids
DFO,DFO-3217,India,IND,2007-10-27,2007-11-01,29.0,50000.0,76740.0,,,Heavy rain,,1.0,1190.0,,6481,match:1190.0,True,incompatible_date_intervals;multiple_dfo_event_ids;multiple_emdat_event_ids
EM-DAT,2007-0524-IND,India,IND,2007-10-27,2007-11-01,29.0,50000.0,,12.73,79.7,Riverine flood,,76740.0,1190.0,,6482,match:1190.0,True,incompatible_date_intervals;multiple_dfo_event_ids;multiple_emdat_event_ids
DFO,DFO-3188,Thailand,THA,2007-09-05,2007-11-10,10.0,17000.0,299972.0,,,Monsoonal rain,,1.0,1193.0,,6421,match:1193.0,True,multiple_dfo_event_ids;multiple_emdat_event_ids
EM-DAT,2007-0446-THA,Thailand,THA,2007-09-05,2007-11-10,10.0,17000.0,,16.82,102.48,Riverine flood,,139500.0,1193.0,,6423,match:1193.0,True,multiple_dfo_event_ids;multiple_emdat_event_ids
DFO,DFO-3211,Thailand,THA,2007-10-22,2007-10-30,2.0,0.0,13139.0,,,Heavy rain,,1.0,1193.0,,6472,match:1193.0,True,multiple_dfo_event_ids;multiple_emdat_event_ids
EM-DAT,2007-0530-THA,Thailand,THA,2007-10-22,2007-10-29,2.0,100000.0,,9.72,99.0,Riverine flood,1500.0,13140.0,1193.0,,6473,match:1193.0,True,multiple_dfo_event_ids;multiple_emdat_event_ids
EM-DAT,2007-0162-COL,Colombia,COL,2007-03-06,2007-09-30,146.0,1504317.0,,8.38,-75.59,Riverine flood,,69990.0,1198.0,,6138,match:1198.0,True,incompatible_date_intervals;multiple_dfo_event_ids;multiple_emdat_event_ids
DFO,DFO-3062,Colombia,COL,2007-04-26,2007-05-02,17.0,2000.0,1940.0,,,Heavy rain,,1.0,1198.0,,6181,match:1198.0,True,incompatible_date_intervals;multiple_dfo_event_ids;multiple_emdat_event_ids
EM-DAT,2007-0191-COL,Colombia,COL,2007-04-26,2007-05-01,24.0,2035.0,,4.5,-75.21,Riverine flood,,1940.0,1198.0,,6182,match:1198.0,True,incompatible_date_intervals;multiple_dfo_event_ids;multiple_emdat_event_ids
DFO,DFO-3080,Colombia,COL,2007-05-19,2007-06-27,14.0,3000.0,29773.0,,,Heavy rain,,1.0,1198.0,,6211,match:1198.0,True,incompatible_date_intervals;multiple_dfo_event_ids;multiple_emdat_event_ids
EM-DAT,2007-0176-COL,Colombia,COL,2007-05-19,2007-06-12,13.0,3000.0,,7.38,-75.43,Riverine flood,,29770.0,1198.0,,6212,match:1198.0,True,incompatible_date_intervals;multiple_dfo_event_ids;multiple_emdat_event_ids
DFO,DFO-3121,Colombia,COL,2007-06-27,2007-09-10,43.0,700000.0,69988.0,,,Heavy rain,,1.0,1198.0,,6273,match:1198.0,True,incompatible_date_intervals;multiple_dfo_event_ids;multiple_emdat_event_ids
DFO,DFO-3212,Colombia,COL,2007-10-01,2007-12-10,90.0,266000.0,297815.0,,,Heavy rain,,1.0,1198.0,,6446,match:1198.0,True,incompatible_date_intervals;multiple_dfo_event_ids;multiple_emdat_event_ids
EM-DAT,2007-0529-COL,Colombia,COL,2007-10-20,2007-10-26,35.0,1162135.0,,7.89,-74.91,Riverine flood,,189700.0,1198.0,,6470,match:1198.0,True,incompatible_date_intervals;multiple_dfo_event_ids;multiple_emdat_event_ids
DFO,DFO-3079,China,CHN,2007-05-20,2007-05-21,3.0,0.0,3207.0,,,Heavy rain,,1.0,1210.0,,6213,match:1210.0,True,incompatible_date_intervals;multiple_dfo_event_ids;multiple_emdat_event_ids
DFO,DFO-3084,China,CHN,2007-05-24,2007-05-26,43.0,112000.0,43534.0,,,Heavy rain,,1.0,1210.0,,6219,match:1210.0,True,incompatible_date_intervals;multiple_dfo_event_ids;multiple_emdat_event_ids
EM-DAT,2007-0172-CHN,China,CHN,2007-05-24,2007-05-26,43.0,2300050.0,,30.28,107.78,Flash flood,78000.0,43530.0,1210.0,,6220,match:1210.0,True,incompatible_date_intervals;multiple_dfo_event_ids;multiple_emdat_event_ids
DFO,DFO-3091,China,CHN,2007-06-01,2007-06-06,0.0,8000.0,168580.0,,,Heavy rain,,1.0,1210.0,,6230,match:1210.0,True,incompatible_date_intervals;multiple_dfo_event_ids;multiple_emdat_event_ids
EM-DAT,2007-0166-CHN,China,CHN,2007-06-01,2007-06-06,,250000.0,,27.2,116.14,Riverine flood,13000.0,168600.0,1210.0,,6231,match:1210.0,True,incompatible_date_intervals;multiple_dfo_event_ids;multiple_emdat_event_ids
DFO,DFO-3094,China,CHN,2007-06-06,2007-08-17,600.0,3170000.0,1916284.0,,,Heavy rain,,1.5,1210.0,,6235,match:1210.0,True,incompatible_date_intervals;multiple_dfo_event_ids;multiple_emdat_event_ids
EM-DAT,2007-0268-CHN,China,CHN,2007-06-15,2007-07-01,535.0,105004000.0,,,,Riverine flood,4425655.0,,1210.0,,6248,match:1210.0,True,incompatible_date_intervals;multiple_dfo_event_ids;multiple_emdat_event_ids
DFO,DFO-3132,China,CHN,2007-07-14,2007-08-03,29.0,38500.0,812726.0,,,Heavy rain,,1.0,1210.0,,6301,match:1210.0,True,incompatible_date_intervals;multiple_dfo_event_ids;multiple_emdat_event_ids
EM-DAT,2007-0315-CHN,China,CHN,2007-07-14,2007-08-03,29.0,350000.0,,43.09,88.21,Riverine flood,80000.0,812700.0,1210.0,,6302,match:1210.0,True,incompatible_date_intervals;multiple_dfo_event_ids;multiple_emdat_event_ids
DFO,DFO-3133,China,CHN,2007-07-18,2007-07-22,40.0,112600.0,96491.0,,,Heavy rain,,1.0,1210.0,,6309,match:1210.0,True,incompatible_date_intervals;multiple_dfo_event_ids;multiple_emdat_event_ids
DFO,DFO-3134,China,CHN,2007-07-18,2007-08-13,170.0,10000.0,165134.0,,,Heavy rain,,1.0,1210.0,,6310,match:1210.0,True,incompatible_date_intervals;multiple_dfo_event_ids;multiple_emdat_event_ids
EM-DAT,2007-0313-CHN,China,CHN,2007-07-18,2007-08-03,170.0,386000.0,,24.1,100.16,Riverine flood,40000.0,165100.0,1210.0,,6311,match:1210.0,True,incompatible_date_intervals;multiple_dfo_event_ids;multiple_emdat_event_ids
EM-DAT,2007-0314-CHN,China,CHN,2007-07-18,2007-07-22,83.0,112742.0,,36.68,119.23,Riverine flood,329000.0,,1210.0,,6312,match:1210.0,True,incompatible_date_intervals;multiple_dfo_event_ids;multiple_emdat_event_ids
EM-DAT,2007-0333-CHN,China,CHN,2007-07-29,2007-08-03,96.0,30000.0,,,,Riverine flood,,,1210.0,,6341,match:1210.0,True,incompatible_date_intervals;multiple_dfo_event_ids;multiple_emdat_event_ids
DFO,DFO-3161,China,CHN,2007-08-09,2007-08-12,26.0,70000.0,100077.0,,,Heavy rain,,1.0,1210.0,,6372,match:1210.0,True,incompatible_date_intervals;multiple_dfo_event_ids;multiple_emdat_event_ids
EM-DAT,2007-0414-CHN,China,CHN,2007-08-09,2007-08-12,26.0,2430000.0,,36.37,118.72,Riverine flood,,100100.0,1210.0,,6376,match:1210.0,True,incompatible_date_intervals;multiple_dfo_event_ids;multiple_emdat_event_ids
DFO,DFO-3176,China,CHN,2007-08-22,2007-08-27,17.0,2309.0,32591.0,,,Heavy rain,,1.0,1210.0,,6399,match:1210.0,True,incompatible_date_intervals;multiple_dfo_event_ids;multiple_emdat_event_ids
EM-DAT,2007-0405-CHN,China,CHN,2007-08-22,2007-08-27,17.0,213000.0,,27.72,104.07,Riverine flood,5500.0,32590.0,1210.0,,6400,match:1210.0,True,incompatible_date_intervals;multiple_dfo_event_ids;multiple_emdat_event_ids
DFO,DFO-3181,China,CHN,2007-08-31,2007-09-02,7.0,0.0,4380.0,,,Heavy rain,,1.0,1210.0,,6408,match:1210.0,True,incompatible_date_intervals;multiple_dfo_event_ids;multiple_emdat_event_ids
EM-DAT,2007-0448-CHN,China,CHN,2007-08-31,2007-09-02,11.0,17500.0,,32.78,108.87,Riverine flood,26000.0,4380.0,1210.0,,6410,match:1210.0,True,incompatible_date_intervals;multiple_dfo_event_ids;multiple_emdat_event_ids
DFO,DFO-3162,Pakistan,PAK,2007-08-10,2007-08-13,35.0,0.0,190122.0,,,Monsoonal rain,,1.0,1217.0,,6378,match:1217.0,True,multiple_dfo_event_ids;multiple_emdat_event_ids
EM-DAT,2007-0348-PAK,Pakistan,PAK,2007-08-10,2007-08-13,44.0,20.0,,,,Flash flood,327118.0,190100.0,1217.0,,6381,match:1217.0,True,multiple_dfo_event_ids;multiple_emdat_event_ids
DFO,DFO-3165,Pakistan,PAK,2007-08-12,2007-08-14,22.0,0.0,16541.0,,,Heavy rain,,1.0,1217.0,,6385,match:1217.0,True,multiple_dfo_event_ids;multiple_emdat_event_ids
EM-DAT,2007-0412-PAK,Pakistan,PAK,2007-08-12,2007-08-14,22.0,,,35.95,74.34,Riverine flood,,16540.0,1217.0,,6388,match:1217.0,True,multiple_dfo_event_ids;multiple_emdat_event_ids
DFO,DFO-3153,Mauritania,MRT,2007-08-07,2007-09-05,2.0,15820.0,9448.0,,,Heavy rain,,1.0,1222.0,,6360,match:1222.0,True,multiple_emdat_event_ids
EM-DAT,2007-0339-MRT,Mauritania,MRT,2007-08-07,2007-09-05,2.0,53620.0,,16.55,-11.32,Riverine flood,,9500.0,1222.0,,6361,match:1222.0,True,multiple_emdat_event_ids
EM-DAT,2007-0402-MRT,Mauritania,MRT,2007-08-31,2007-09-03,1.0,500.0,,15.47,-13.97,Riverine flood,,162800.0,1222.0,,6409,match:1222.0,True,multiple_emdat_event_ids
DFO,DFO-3148,Nigeria,NGA,2007-08-01,2007-08-15,6.0,5000.0,5268.0,,,Heavy rain,,1.0,1224.0,,6343,match:1224.0,True,incompatible_date_intervals;multiple_dfo_event_ids;multiple_emdat_event_ids
EM-DAT,2007-0595-NGA,Nigeria,NGA,2007-08-01,2007-08-15,6.0,5000.0,,6.96,3.3,Flood (General),,5270.0,1224.0,,6348,match:1224.0,True,incompatible_date_intervals;multiple_dfo_event_ids;multiple_emdat_event_ids
DFO,DFO-3151,Nigeria,NGA,2007-08-04,2007-10-21,101.0,140000.0,630121.0,,,Heavy rain,,1.0,1224.0,,6355,match:1224.0,True,incompatible_date_intervals;multiple_dfo_event_ids;multiple_emdat_event_ids
EM-DAT,2007-0419-NGA,Nigeria,NGA,2007-08-04,2007-10-21,68.0,50000.0,,10.29,11.75,Riverine flood,,630100.0,1224.0,,6356,match:1224.0,True,incompatible_date_intervals;multiple_dfo_event_ids;multiple_emdat_event_ids
EM-DAT,2007-0541-NGA,Nigeria,NGA,2007-10-01,2007-10-01,17.0,,,,,Flood (General),,,1224.0,,6447,match:1224.0,True,incompatible_date_intervals;multiple_dfo_event_ids;multiple_emdat_event_ids
DFO,DFO-3135,Indonesia,IDN,2007-07-17,2007-07-30,107.0,20000.0,4610.0,,,Heavy rain,,1.0,1229.0,,6307,match:1229.0,True,incompatible_date_intervals;multiple_dfo_event_ids;multiple_emdat_event_ids
DFO,DFO-3139,Indonesia,IDN,2007-07-22,2007-07-25,0.0,500.0,7807.0,,,Heavy rain,,1.0,1229.0,,6321,match:1229.0,True,incompatible_date_intervals;multiple_dfo_event_ids;multiple_emdat_event_ids
EM-DAT,2007-0312-IDN,Indonesia,IDN,2007-07-22,2007-08-07,88.0,3389.0,,-1.74,121.49,Riverine flood,,4600.0,1229.0,,6323,match:1229.0,True,incompatible_date_intervals;multiple_dfo_event_ids;multiple_emdat_event_ids
DFO,DFO-3141,Indonesia,IDN,2007-07-25,2007-08-02,15.0,2000.0,2399.0,,,Heavy rain,,1.0,1229.0,,6329,match:1229.0,True,incompatible_date_intervals;multiple_dfo_event_ids;multiple_emdat_event_ids
EM-DAT,2007-0309-IDN,Indonesia,IDN,2007-07-25,2007-08-02,15.0,2000.0,,-3.28,120.2,Riverine flood,,2400.0,1229.0,,6330,match:1229.0,True,incompatible_date_intervals;multiple_dfo_event_ids;multiple_emdat_event_ids
DFO,DFO-3154,Indonesia,IDN,2007-07-28,2007-08-10,0.0,3000.0,1276.0,,,Heavy rain,,1.0,1229.0,,6338,match:1229.0,True,incompatible_date_intervals;multiple_dfo_event_ids;multiple_emdat_event_ids
DFO,DFO-3124,Japan,JPN,2007-07-04,2007-07-12,2.0,10000.0,2673.0,,,Heavy rain,,1.0,1238.0,,6291,match:1238.0,True,incompatible_date_intervals;multiple_dfo_event_ids
EM-DAT,2007-0319-JPN,Japan,JPN,2007-07-04,2007-07-12,2.0,10000.0,,,,Riverine flood,,2670.0,1238.0,,6293,match:1238.0,True,incompatible_date_intervals;multiple_dfo_event_ids
DFO,DFO-3129,Japan,JPN,2007-07-13,2007-07-16,5.0,40000.0,37730.0,,,Tropical cyclone,,1.0,1238.0,,6300,match:1238.0,True,incompatible_date_intervals;multiple_dfo_event_ids
EM-DAT,2022-0515-CHN,China,CHN,2022-08-10,2022-08-10,,,,,,Flood (General),,,124.0,,10943,match:124.0,True,incompatible_date_intervals;multiple_emdat_event_ids
DFO,DFO-5265,China,CHN,2022-08-17,2022-08-18,16.0,0.0,62000.0,,,Heavy rain,,1.5,124.0,,10957,match:124.0,True,incompatible_date_intervals;multiple_emdat_event_ids
EM-DAT,2022-0530-CHN,China,CHN,2022-08-17,2022-08-19,52.0,6200.0,,,,Flash flood,,,124.0,,10958,match:124.0,True,incompatible_date_intervals;multiple_emdat_event_ids
DFO,DFO-3101,Pakistan,PAK,2007-06-16,2007-06-20,22.0,500.0,12117.0,,,Torrential rain,,1.0,1242.0,,6249,match:1242.0,True,incompatible_date_intervals;multiple_dfo_event_ids;multiple_emdat_event_ids
EM-DAT,2007-0255-PAK,Pakistan,PAK,2007-06-16,2007-06-20,22.0,500.0,,34.98,72.23,Flash flood,,12120.0,1242.0,,6251,match:1242.0,True,incompatible_date_intervals;multiple_dfo_event_ids;multiple_emdat_event_ids
DFO,DFO-3108,Pakistan,PAK,2007-06-23,2007-06-25,230.0,0.0,2215.0,,,Monsoonal rain,,1.0,1242.0,,6261,match:1242.0,True,incompatible_date_intervals;multiple_dfo_event_ids;multiple_emdat_event_ids
EM-DAT,2007-0249-PAK,Pakistan,PAK,2007-06-23,2007-06-25,228.0,186.0,,,,Riverine flood,,2215.0,1242.0,,6262,match:1242.0,True,incompatible_date_intervals;multiple_dfo_event_ids;multiple_emdat_event_ids
DFO,DFO-3112,Pakistan,PAK,2007-06-26,2007-07-20,280.0,400000.0,115767.0,,,Tropical cyclone,,1.0,1242.0,,6268,match:1242.0,True,incompatible_date_intervals;multiple_dfo_event_ids;multiple_emdat_event_ids
DFO,DFO-3116,Pakistan,PAK,2007-06-28,2007-07-22,130.0,2000.0,29411.0,,,Heavy rain,,1.0,1242.0,,6275,match:1242.0,True,incompatible_date_intervals;multiple_dfo_event_ids;multiple_emdat_event_ids
EM-DAT,2007-0241-PAK,Pakistan,PAK,2007-06-28,2007-07-22,130.0,2000.0,,34.27,71.87,Riverine flood,,130.0,1242.0,,6276,match:1242.0,True,incompatible_date_intervals;multiple_dfo_event_ids;multiple_emdat_event_ids
EM-DAT,2007-0284-PAK,Pakistan,PAK,2007-07-20,2007-07-20,80.0,,,,,Flood (General),,,1242.0,,6315,match:1242.0,True,incompatible_date_intervals;multiple_dfo_event_ids;multiple_emdat_event_ids
DFO,DFO-3102,United States of America,USA,2007-06-17,2007-06-22,10.0,750.0,34568.0,,,Heavy rain,,1.0,1244.0,,6252,match:1244.0,True,incompatible_date_intervals;multiple_dfo_event_ids;multiple_emdat_event_ids
EM-DAT,2007-0254-USA,United States of America,USA,2007-06-17,2007-06-22,10.0,750.0,,33.45,-97.3,Riverine flood,28000.0,34750.0,1244.0,,6253,match:1244.0,True,incompatible_date_intervals;multiple_dfo_event_ids;multiple_emdat_event_ids
DFO,DFO-3106,United States of America,USA,2007-06-19,2007-06-20,2.0,120.0,6498.0,,,Torrential rain,,1.0,1244.0,,6257,match:1244.0,True,incompatible_date_intervals;multiple_dfo_event_ids;multiple_emdat_event_ids
EM-DAT,2007-0251-USA,United States of America,USA,2007-06-19,2007-06-20,4.0,120.0,,42.23,-74.95,Flash flood,,6500.0,1244.0,,6258,match:1244.0,True,incompatible_date_intervals;multiple_dfo_event_ids;multiple_emdat_event_ids
DFO,DFO-3113,United States of America,USA,2007-06-26,2007-07-23,8.0,5000.0,507778.0,,,Heavy rain,,1.5,1244.0,,6269,match:1244.0,True,incompatible_date_intervals;multiple_dfo_event_ids;multiple_emdat_event_ids
EM-DAT,2007-0244-USA,United States of America,USA,2007-06-26,2007-07-06,8.0,5000.0,,32.84,-97.17,Riverine flood,,507800.0,1244.0,,6270,match:1244.0,True,incompatible_date_intervals;multiple_dfo_event_ids;multiple_emdat_event_ids
DFO,DFO-3099,United Kingdom of Great Britain and Northern Ireland,GBR,2007-06-15,2007-06-21,1.0,200.0,23106.0,,,Heavy rain,,1.0,1245.0,,6245,match:1245.0,True,incompatible_date_intervals;multiple_dfo_event_ids;multiple_emdat_event_ids
EM-DAT,2007-0201-GBR,United Kingdom of Great Britain and Northern Ireland,GBR,2007-06-15,2007-06-27,1.0,200.0,,52.52,-0.76,Riverine flood,448000.0,420.0,1245.0,,6247,match:1245.0,True,incompatible_date_intervals;multiple_dfo_event_ids;multiple_emdat_event_ids
DFO,DFO-3110,United Kingdom of Great Britain and Northern Ireland,GBR,2007-06-25,2007-07-03,6.0,30000.0,27719.0,,,Heavy rain,,1.5,1245.0,,6266,match:1245.0,True,incompatible_date_intervals;multiple_dfo_event_ids;multiple_emdat_event_ids
EM-DAT,2007-0247-GBR,United Kingdom of Great Britain and Northern Ireland,GBR,2007-06-25,2007-07-03,6.0,30000.0,,53.88,-0.91,Riverine flood,4000000.0,27720.0,1245.0,,6267,match:1245.0,True,incompatible_date_intervals;multiple_dfo_event_ids;multiple_emdat_event_ids
EM-DAT,2022-0405-PAK,Pakistan,PAK,2022-06-14,2022-09-14,1739.0,33012865.0,,,,Flood (General),15000000.0,,125.0,,10878,match:125.0,True,incompatible_date_intervals;multiple_dfo_event_ids
DFO,DFO-5239,Pakistan,PAK,2022-07-04,2022-07-05,6.0,0.0,9200.0,,,Monsoonal rain,,1.0,125.0,,10896,match:125.0,True,incompatible_date_intervals;multiple_dfo_event_ids
DFO,DFO-5268,Pakistan,PAK,2022-08-15,2022-08-27,1000.0,20000.0,335000.0,,,Monsoonal rain,,2.0,125.0,,10953,match:125.0,True,incompatible_date_intervals;multiple_dfo_event_ids
DFO,DFO-3070,United States of America,USA,2007-05-06,2007-05-18,2.0,1000.0,642776.0,,,Heavy rain,,1.0,1252.0,,6196,match:1252.0,True,incompatible_date_intervals;multiple_dfo_event_ids
DFO,DFO-3083,United States of America,USA,2007-05-24,2007-05-29,6.0,100.0,341278.0,,,Heavy rain,,1.0,1252.0,,6218,match:1252.0,True,incompatible_date_intervals;multiple_dfo_event_ids
EM-DAT,2007-0173-USA,United States of America,USA,2007-05-24,2007-05-29,8.0,100.0,,30.24,-98.66,Riverine flood,,341.3,1252.0,,6221,match:1252.0,True,incompatible_date_intervals;multiple_dfo_event_ids
DFO,DFO-3065,Indonesia,IDN,2007-05-01,2007-05-25,0.0,3000.0,40327.0,,,Heavy rain,,1.0,1256.0,,6186,match:1256.0,True,incompatible_date_intervals;multiple_dfo_event_ids
DFO,DFO-3072,Indonesia,IDN,2007-05-06,2007-05-12,2.0,14400.0,3358.0,,,Heavy rain,,1.0,1256.0,,6197,match:1256.0,True,incompatible_date_intervals;multiple_dfo_event_ids
DFO,DFO-3081,Indonesia,IDN,2007-05-15,2007-06-05,4.0,60000.0,34346.0,,,Heavy rain,,1.0,1256.0,,6207,match:1256.0,True,incompatible_date_intervals;multiple_dfo_event_ids
EM-DAT,2007-0175-IDN,Indonesia,IDN,2007-05-15,2007-06-05,4.0,60000.0,,-0.19,116.92,Riverine flood,,34350.0,1256.0,,6208,match:1256.0,True,incompatible_date_intervals;multiple_dfo_event_ids
DFO,DFO-3055,Afghanistan,AFG,2007-04-17,2007-04-18,6.0,0.0,40766.0,,,Heavy rain,,1.0,1257.0,,6172,match:1257.0,True,incompatible_date_intervals;multiple_dfo_event_ids;multiple_emdat_event_ids
DFO,DFO-3061,Afghanistan,AFG,2007-04-23,2007-05-04,36.0,0.0,27490.0,,,Heavy rain,,1.0,1257.0,,6179,match:1257.0,True,incompatible_date_intervals;multiple_dfo_event_ids;multiple_emdat_event_ids
EM-DAT,2007-0192-AFG,Afghanistan,AFG,2007-04-23,2007-05-04,36.0,,,37.01,70.73,Flash flood,,27490.0,1257.0,,6180,match:1257.0,True,incompatible_date_intervals;multiple_dfo_event_ids;multiple_emdat_event_ids
EM-DAT,2007-0672-AFG,Afghanistan,AFG,2007-04-30,2007-04-30,1.0,160.0,,,,Flash flood,,,1257.0,,6185,match:1257.0,True,incompatible_date_intervals;multiple_dfo_event_ids;multiple_emdat_event_ids
DFO,DFO-3069,Afghanistan,AFG,2007-05-05,2007-05-07,12.0,0.0,25847.0,,,Heavy rain,,1.0,1257.0,,6194,match:1257.0,True,incompatible_date_intervals;multiple_dfo_event_ids;multiple_emdat_event_ids
EM-DAT,2007-0185-AFG,Afghanistan,AFG,2007-05-05,2007-05-07,10.0,645.0,,36.29,68.85,Riverine flood,,25850.0,1257.0,,6195,match:1257.0,True,incompatible_date_intervals;multiple_dfo_event_ids;multiple_emdat_event_ids
DFO,DFO-3077,Afghanistan,AFG,2007-05-14,2007-05-18,34.0,0.0,15492.0,,,Heavy rain,,1.0,1257.0,,6204,match:1257.0,True,incompatible_date_intervals;multiple_dfo_event_ids;multiple_emdat_event_ids
EM-DAT,2007-0178-AFG,Afghanistan,AFG,2007-05-14,2007-05-18,23.0,2950.0,,36.52,70.6,Flash flood,,15490.0,1257.0,,6205,match:1257.0,True,incompatible_date_intervals;multiple_dfo_event_ids;multiple_emdat_event_ids
DFO,DFO-3076,Russian Federation,RUS,2007-05-11,2007-06-13,0.0,640.0,427668.0,,,Snowmelt,,1.0,1258.0,,6199,match:1258.0,True,multiple_dfo_event_ids
DFO,DFO-3075,Russian Federation,RUS,2007-05-13,2007-06-13,0.0,7000.0,378032.0,,,Snowmelt,,1.0,1258.0,,6202,match:1258.0,True,multiple_dfo_event_ids
EM-DAT,2007-0180-RUS,Russian Federation,RUS,2007-05-13,2007-06-11,,14000.0,,62.34,130.46,Riverine flood,25752.0,313200.0,1258.0,,6203,match:1258.0,True,multiple_dfo_event_ids
DFO,DFO-3066,Thailand,THA,2007-05-01,2007-05-07,1.0,1000.0,5387.0,,,Heavy rain,,1.0,1259.0,,6187,match:1259.0,True,incompatible_date_intervals;multiple_dfo_event_ids
DFO,DFO-3073,Thailand,THA,2007-05-11,2007-05-21,0.0,1000.0,38377.0,,,Heavy rain,,1.0,1259.0,,6198,match:1259.0,True,incompatible_date_intervals;multiple_dfo_event_ids
EM-DAT,2007-0181-THA,Thailand,THA,2007-05-11,2007-05-21,,1000.0,,17.21,100.34,Riverine flood,,38380.0,1259.0,,6200,match:1259.0,True,incompatible_date_intervals;multiple_dfo_event_ids
EM-DAT,2022-0338-CMR,Cameroon,CMR,2022-06-26,2022-10-31,2.0,153095.0,,,,Flash flood,15000.0,,126.0,,10885,match:126.0,True,incompatible_date_intervals;multiple_dfo_event_ids
DFO,DFO-5267,Cameroon,CMR,2022-08-11,2022-08-13,5.0,100.0,21000.0,,,Heavy rain,,1.0,126.0,,10946,match:126.0,True,incompatible_date_intervals;multiple_dfo_event_ids
DFO,DFO-5321,Cameroon,CMR,2022-08-15,2022-11-01,0.0,80000.0,61738.0,,,Heavy rain,,2.0,126.0,,10955,match:126.0,True,incompatible_date_intervals;multiple_dfo_event_ids
EM-DAT,2007-0135-URY,Uruguay,URY,2007-03-20,2007-04-27,,800.0,,-31.99,-59.12,Riverine flood,,,1261.0,,6152,match:1261.0,True,incompatible_date_intervals;multiple_emdat_event_ids
DFO,DFO-3071,Uruguay,URY,2007-05-04,2007-05-25,2.0,12000.0,104128.0,,,Heavy rain,,1.5,1261.0,,6192,match:1261.0,True,incompatible_date_intervals;multiple_emdat_event_ids
EM-DAT,2007-0183-URY,Uruguay,URY,2007-05-04,2007-05-25,2.0,119200.0,,-32.77,-55.8,Riverine flood,45000.0,104100.0,1261.0,,6193,match:1261.0,True,incompatible_date_intervals;multiple_emdat_event_ids
DFO,DFO-3026,Argentina,ARG,2007-01-18,2007-03-20,5.0,5000.0,518021.0,,,Heavy rain,,1.0,1269.0,,6113,match:1269.0,True,multiple_dfo_event_ids;multiple_emdat_event_ids
EM-DAT,2007-0060-ARG,Argentina,ARG,2007-01-18,2007-03-20,5.0,65000.0,,,,Riverine flood,30000.0,518000.0,1269.0,,6114,match:1269.0,True,multiple_dfo_event_ids;multiple_emdat_event_ids
DFO,DFO-3044,Argentina,ARG,2007-03-20,2007-04-27,12.0,65800.0,517032.0,,,Heavy rain,,1.0,1269.0,,6149,match:1269.0,True,multiple_dfo_event_ids;multiple_emdat_event_ids
EM-DAT,2007-0135-ARG,Argentina,ARG,2007-03-20,2007-04-26,5.0,70000.0,,-31.99,-59.12,Riverine flood,10000.0,4000.0,1269.0,,6151,match:1269.0,True,multiple_dfo_event_ids;multiple_emdat_event_ids
DFO,DFO-5263,Afghanistan,AFG,2022-08-13,2022-08-13,31.0,0.0,34400.0,,,Heavy rain,,1.0,127.0,,10948,match:127.0,True,incompatible_date_intervals
EM-DAT,2022-0514-AFG,Afghanistan,AFG,2022-08-16,2022-08-21,156.0,250024.0,,,,Flash flood,,,127.0,,10956,match:127.0,True,incompatible_date_intervals
DFO,DFO-3027,Indonesia,IDN,2007-01-31,2007-02-22,80.0,500000.0,4367.0,,,Heavy rain,,1.5,1272.0,,6123,match:1272.0,True,incompatible_date_intervals;multiple_dfo_event_ids;multiple_emdat_event_ids
EM-DAT,2007-0050-IDN,Indonesia,IDN,2007-01-31,2007-02-22,68.0,217087.0,,-6.22,106.83,Riverine flood,971000.0,1800.0,1272.0,,6124,match:1272.0,True,incompatible_date_intervals;multiple_dfo_event_ids;multiple_emdat_event_ids
DFO,DFO-3031,Indonesia,IDN,2007-03-01,2007-03-10,43.0,11530.0,3222.0,,,Heavy rain,,1.0,1272.0,,6133,match:1272.0,True,incompatible_date_intervals;multiple_dfo_event_ids;multiple_emdat_event_ids
EM-DAT,2007-0086-IDN,Indonesia,IDN,2007-03-01,2007-03-10,74.0,11556.0,,-8.57,120.76,Flash flood,,3220.0,1272.0,,6134,match:1272.0,True,incompatible_date_intervals;multiple_dfo_event_ids;multiple_emdat_event_ids
DFO,DFO-3041,Indonesia,IDN,2007-03-17,2007-03-22,0.0,3000.0,1823.0,,,Heavy rain,,1.0,1272.0,,6145,match:1272.0,True,incompatible_date_intervals;multiple_dfo_event_ids;multiple_emdat_event_ids
DFO,DFO-3007,Peru,PER,2006-12-26,2007-02-02,6.0,46000.0,134599.0,,,Heavy rain,,1.0,1277.0,,6083,match:1277.0,True,multiple_dfo_event_ids
DFO,DFO-3024,Peru,PER,2007-01-21,2007-02-10,38.0,5000.0,124921.0,,,Heavy rain,,1.0,1277.0,,6120,match:1277.0,True,multiple_dfo_event_ids
EM-DAT,2007-0039-PER,Peru,PER,2007-01-21,2007-02-10,17.0,47714.0,,-11.47,-74.46,Riverine flood,,,1277.0,,6121,match:1277.0,True,multiple_dfo_event_ids
EM-DAT,2007-0010-AGO,Angola,AGO,2007-01-10,2007-05-10,,6000.0,,-12.95,24.37,Riverine flood,,,1279.0,,6098,match:1279.0,True,multiple_emdat_event_ids
DFO,DFO-3022,Angola,AGO,2007-01-17,2007-01-26,81.0,40000.0,1596.0,,,Heavy rain,,1.0,1279.0,,6110,match:1279.0,True,multiple_emdat_event_ids
EM-DAT,2007-0027-AGO,Angola,AGO,2007-01-17,2007-01-25,105.0,40000.0,,-8.87,13.36,Riverine flood,,1600.0,1279.0,,6112,match:1279.0,True,multiple_emdat_event_ids
EM-DAT,2022-0501-YEM,Yemen,YEM,2022-08-03,2022-08-08,13.0,3400.0,,,,Flash flood,,,128.0,,10935,match:128.0,True,incompatible_date_intervals
DFO,DFO-5270,Yemen,YEM,2022-08-13,2022-08-17,91.0,12000.0,6300.0,,,Heavy rain,,1.5,128.0,,10950,match:128.0,True,incompatible_date_intervals
DFO,DFO-3005,Malaysia,MYS,2006-12-19,2007-01-10,16.0,90000.0,18298.0,,,Heavy rain,,2.0,1282.0,,6079,match:1282.0,True,incompatible_date_intervals;multiple_dfo_event_ids;multiple_emdat_event_ids
EM-DAT,2006-0680-MYS,Malaysia,MYS,2006-12-19,2006-12-20,6.0,100000.0,,1.87,103.22,Flash flood,22000.0,18300.0,1282.0,,6080,match:1282.0,True,incompatible_date_intervals;multiple_dfo_event_ids;multiple_emdat_event_ids
DFO,DFO-3012,Malaysia,MYS,2007-01-04,2007-01-22,1.0,3532.0,61718.0,,,Monsoonal rain,,1.0,1282.0,,6093,match:1282.0,True,incompatible_date_intervals;multiple_dfo_event_ids;multiple_emdat_event_ids
DFO,DFO-3017,Malaysia,MYS,2007-01-11,2007-02-01,2.0,148000.0,26378.0,,,Monsoonal rain,,1.5,1282.0,,6103,match:1282.0,True,incompatible_date_intervals;multiple_dfo_event_ids;multiple_emdat_event_ids
EM-DAT,2007-0021-MYS,Malaysia,MYS,2007-01-11,2007-02-01,17.0,137533.0,,2.19,103.37,Riverine flood,605000.0,26380.0,1282.0,,6104,match:1282.0,True,incompatible_date_intervals;multiple_dfo_event_ids;multiple_emdat_event_ids
EM-DAT,2006-0702-PHL,Philippines,PHL,2006-12-27,2006-12-29,,415618.0,,12.44,124.77,Riverine flood,3395.0,1410.0,1283.0,,6084,match:1283.0,True,incompatible_date_intervals;multiple_dfo_event_ids;multiple_emdat_event_ids
DFO,DFO-3008,Philippines,PHL,2006-12-29,2007-01-15,12.0,50000.0,1618.0,,,Heavy rain,,1.0,1283.0,,6085,match:1283.0,True,incompatible_date_intervals;multiple_dfo_event_ids;multiple_emdat_event_ids
DFO,DFO-3014,Philippines,PHL,2007-01-10,2007-01-24,6.0,24508.0,44622.0,,,Heavy rain,,1.0,1283.0,,6095,match:1283.0,True,incompatible_date_intervals;multiple_dfo_event_ids;multiple_emdat_event_ids
EM-DAT,2007-0022-PHL,Philippines,PHL,2007-01-10,2007-01-24,9.0,24508.0,,7.71,125.22,Riverine flood,4080.0,44620.0,1283.0,,6100,match:1283.0,True,incompatible_date_intervals;multiple_dfo_event_ids;multiple_emdat_event_ids
DFO,DFO-3018,Zambia,ZMB,2007-01-10,2007-05-10,11.0,250000.0,719319.0,,,Heavy rain,,1.0,1284.0,,6096,match:1284.0,True,multiple_emdat_event_ids
EM-DAT,2007-0010-ZMB,Zambia,ZMB,2007-01-10,2007-05-10,4.0,1400000.0,,-12.95,24.37,Riverine flood,,289.6,1284.0,,6099,match:1284.0,True,multiple_emdat_event_ids
EM-DAT,2007-0040-ZMB,Zambia,ZMB,2007-01-20,2007-03-10,,118755.0,,-10.62,32.59,Riverine flood,,,1284.0,,6119,match:1284.0,True,multiple_emdat_event_ids
DFO,DFO-3011,Mozambique,MOZ,2007-01-03,2007-03-10,46.0,165000.0,243408.0,,,Heavy rain,,1.0,1286.0,,6092,match:1286.0,True,multiple_emdat_event_ids
EM-DAT,2007-0020-MOZ,Mozambique,MOZ,2007-01-17,2007-02-01,29.0,285000.0,,-17.47,35.15,Riverine flood,71000.0,,1286.0,,6111,match:1286.0,True,multiple_emdat_event_ids
EM-DAT,2007-0034-MOZ,Mozambique,MOZ,2007-01-20,2007-01-23,5.0,3500.0,,,,Riverine flood,,,1286.0,,6117,match:1286.0,True,multiple_emdat_event_ids
EM-DAT,2006-0701-BDI,Burundi,BDI,2006-12-01,2007-01-01,,4105.0,,-3.14,30.4,Riverine flood,,,1289.0,,6076,match:1289.0,True,multiple_emdat_event_ids
DFO,DFO-3013,Burundi,BDI,2007-01-01,2007-03-01,4.0,23000.0,293439.0,,,Heavy rain,,1.0,1289.0,,6088,match:1289.0,True,multiple_emdat_event_ids
EM-DAT,2007-0028-BDI,Burundi,BDI,2007-01-01,2007-01-17,4.0,23000.0,,-3.14,30.4,Riverine flood,,,1289.0,,6091,match:1289.0,True,multiple_emdat_event_ids
EM-DAT,2022-0515-LAO,Lao People's Democratic Republic,LAO,2022-08-07,2022-08-10,1.0,42552.0,,,,Flood (General),,,129.0,,10940,match:129.0,True,incompatible_date_intervals
DFO,DFO-5264,Viet Nam • Thailand • Myanmar • Lao People's Democratic Republic,,2022-08-10,2022-08-12,5.0,0.0,240000.0,,,Heavy rain,,1.5,129.0,transboundary (4 countries),10942,match:129.0,True,incompatible_date_intervals
EM-DAT,2022-0515-THA,Thailand,THA,2022-08-14,2022-08-16,,63100.0,,,,Flood (General),,,129.0,,10951,match:129.0,True,incompatible_date_intervals
EM-DAT,2022-0515-VNM,Viet Nam,VNM,2022-08-14,2022-08-16,10.0,,,,,Flood (General),,,129.0,,10952,match:129.0,True,incompatible_date_intervals
EM-DAT,2006-0663-PAK,Pakistan,PAK,2006-12-01,2006-12-01,20.0,,,,,Flood (General),,,1291.0,,6074,match:1291.0,True,incompatible_date_intervals
DFO,DFO-3003,Pakistan,PAK,2006-12-04,2006-12-06,5.0,0.0,28939.0,,,Heavy rain,,1.0,1291.0,,6077,match:1291.0,True,incompatible_date_intervals
DFO,DFO-2992,Afghanistan,AFG,2006-11-10,2006-11-12,9.0,0.0,1385.0,,,Heavy rain,,1.0,1296.0,,6058,match:1296.0,True,incompatible_date_intervals;multiple_dfo_event_ids
DFO,DFO-2994,Afghanistan,AFG,2006-11-16,2006-11-20,66.0,4500.0,4954.0,,,Heavy rain,,1.0,1296.0,,6060,match:1296.0,True,incompatible_date_intervals;multiple_dfo_event_ids
EM-DAT,2006-0596-AFG,Afghanistan,AFG,2006-11-16,2006-11-20,166.0,17580.0,,35.62,63.54,Flash flood,,5000.0,1296.0,,6061,match:1296.0,True,incompatible_date_intervals;multiple_dfo_event_ids
DFO,DFO-2995,Afghanistan,AFG,2006-11-19,2006-11-21,50.0,0.0,21502.0,,,Heavy rain,,1.0,1296.0,,6062,match:1296.0,True,incompatible_date_intervals;multiple_dfo_event_ids
DFO,DFO-2996,Afghanistan,AFG,2006-11-19,2006-11-21,18.0,0.0,565.0,,,Heavy rain,,1.0,1296.0,,6063,match:1296.0,True,incompatible_date_intervals;multiple_dfo_event_ids
DFO,DFO-2973,United States of America,USA,2006-10-09,2006-10-14,0.0,100.0,51560.0,,,Heavy rain,,1.0,1298.0,,6015,match:1298.0,True,incompatible_date_intervals;multiple_dfo_event_ids;multiple_emdat_event_ids
EM-DAT,2006-0566-USA,United States of America,USA,2006-10-09,2006-10-14,,100.0,,60.88,-145.99,Riverine flood,,51560.0,1298.0,,6016,match:1298.0,True,incompatible_date_intervals;multiple_dfo_event_ids;multiple_emdat_event_ids
DFO,DFO-2975,United States of America,USA,2006-10-15,2006-11-01,4.0,0.0,35645.0,,,Heavy rain,,1.0,1298.0,,6019,match:1298.0,True,incompatible_date_intervals;multiple_dfo_event_ids;multiple_emdat_event_ids
DFO,DFO-2990,United States of America,USA,2006-11-05,2006-11-10,2.0,1500.0,57886.0,,,Heavy rain,,1.0,1298.0,,6055,match:1298.0,True,incompatible_date_intervals;multiple_dfo_event_ids;multiple_emdat_event_ids
EM-DAT,2006-0598-USA,United States of America,USA,2006-11-05,2006-11-10,2.0,1500.0,,47.86,-122.15,Riverine flood,,57890.0,1298.0,,6056,match:1298.0,True,incompatible_date_intervals;multiple_dfo_event_ids;multiple_emdat_event_ids
DFO,DFO-5501,India,IND,2023-12-10,2023-12-13,0.0,7500.0,23760.0,,,Heavy rain,,1.0,13.0,,11393,match:13.0,True,incompatible_date_intervals
EM-DAT,2023-0846-IND,India,IND,2023-12-18,2023-12-20,10.0,,,,,Flood (General),,,13.0,,11399,match:13.0,True,incompatible_date_intervals
DFO,DFO-2981,Philippines,PHL,2006-10-21,2006-10-27,1.0,40000.0,3683.0,,,Heavy rain,,1.0,1300.0,,6025,match:1300.0,True,incompatible_date_intervals;multiple_dfo_event_ids
EM-DAT,2006-0605-PHL,Philippines,PHL,2006-10-21,2006-10-27,2.0,40000.0,,7.61,125.83,Riverine flood,763.0,3680.0,1300.0,,6027,match:1300.0,True,incompatible_date_intervals;multiple_dfo_event_ids
DFO,DFO-2988,Philippines,PHL,2006-10-30,2006-11-01,19.0,300000.0,23985.0,,,Heavy rain,,1.0,1300.0,,6051,match:1300.0,True,incompatible_date_intervals;multiple_dfo_event_ids
DFO,DFO-2976,Kenya,KEN,2006-10-15,2006-10-26,6.0,2000.0,12732.0,,,Heavy rain,,1.0,1301.0,,6020,match:1301.0,True,incompatible_date_intervals;multiple_dfo_event_ids;multiple_emdat_event_ids
EM-DAT,2006-0587-KEN,Kenya,KEN,2006-10-15,2006-10-26,30.0,30000.0,,-3.24,40.01,Riverine flood,,,1301.0,,6021,match:1301.0,True,incompatible_date_intervals;multiple_dfo_event_ids;multiple_emdat_event_ids
DFO,DFO-2979,Kenya • Somalia,,2006-10-23,2007-01-04,150.0,700000.0,950041.0,,,Heavy rain,,1.0,1301.0,transboundary (2 countries),6032,match:1301.0,True,incompatible_date_intervals;multiple_dfo_event_ids;multiple_emdat_event_ids
EM-DAT,2006-0624-KEN,Kenya,KEN,2006-10-23,2006-12-19,114.0,723000.0,,,,Riverine flood,,,1301.0,,6033,match:1301.0,True,incompatible_date_intervals;multiple_dfo_event_ids;multiple_emdat_event_ids
EM-DAT,2006-0624-SOM,Somalia,SOM,2006-10-23,2006-12-19,35.0,155500.0,,0.78,39.72,Riverine flood,,,1301.0,,6034,match:1301.0,True,incompatible_date_intervals;multiple_dfo_event_ids;multiple_emdat_event_ids
EM-DAT,2006-0618-SOM,Somalia,SOM,2006-10-26,2006-12-01,52.0,299000.0,,4.64,44.6,Riverine flood,,,1301.0,,6044,match:1301.0,True,incompatible_date_intervals;multiple_dfo_event_ids;multiple_emdat_event_ids
DFO,DFO-2986,Ethiopia • Somalia,,2006-10-27,2006-12-25,132.0,410000.0,504019.0,,,Heavy rain,,2.0,1301.0,transboundary (2 countries),6045,match:1301.0,True,incompatible_date_intervals;multiple_dfo_event_ids;multiple_emdat_event_ids
EM-DAT,2006-0578-ETH,Ethiopia,ETH,2006-10-27,2006-12-18,80.0,361600.0,,4.62,44.6,Riverine flood,,,1301.0,,6047,match:1301.0,True,incompatible_date_intervals;multiple_dfo_event_ids;multiple_emdat_event_ids
DFO,DFO-2987,Türkiye • Syrian Arab Republic,,2006-10-27,2006-11-07,46.0,63000.0,122345.0,,,Heavy rain,,2.0,1302.0,transboundary (2 countries),6046,match:1302.0,True,multiple_emdat_event_ids
EM-DAT,2006-0619-TUR,Türkiye,TUR,2006-10-27,2006-11-07,47.0,63015.0,,37.64,39.65,Flash flood,317000.0,122300.0,1302.0,,6048,match:1302.0,True,multiple_emdat_event_ids
EM-DAT,2006-0584-SYR,Syrian Arab Republic,SYR,2006-10-29,2006-10-29,6.0,,,,,Riverine flood,,,1302.0,,6050,match:1302.0,True,multiple_emdat_event_ids
DFO,DFO-2951,Thailand,THA,2006-08-20,2006-12-13,195.0,2000000.0,213081.0,,,Monsoonal rain,,2.0,1306.0,,5975,match:1306.0,True,multiple_dfo_event_ids
EM-DAT,2006-0530-THA,Thailand,THA,2006-08-20,2006-12-13,164.0,2212413.0,,18.76,100.02,Riverine flood,9940.0,175800.0,1306.0,,5976,match:1306.0,True,multiple_dfo_event_ids
DFO,DFO-2974,Thailand,THA,2006-10-10,2006-11-04,0.0,0.0,174278.0,,,Monsoonal rain,,1.0,1306.0,,6017,match:1306.0,True,multiple_dfo_event_ids
DFO,DFO-2949,Cambodia • Viet Nam,,2006-08-10,2006-11-01,68.0,33000.0,143296.0,,,Monsoonal rain,,1.0,1309.0,transboundary (2 countries),5959,match:1309.0,True,incompatible_date_intervals;multiple_dfo_event_ids;multiple_emdat_event_ids
EM-DAT,2006-0451-KHM,Cambodia,KHM,2006-08-10,2006-11-01,5.0,33000.0,,11.06,104.68,Riverine flood,,55860.0,1309.0,,5960,match:1309.0,True,incompatible_date_intervals;multiple_dfo_event_ids;multiple_emdat_event_ids
EM-DAT,2006-0451-VNM,Viet Nam,VNM,2006-08-10,2006-11-01,60.0,,,11.06,104.68,Riverine flood,,,1309.0,,5961,match:1309.0,True,incompatible_date_intervals;multiple_dfo_event_ids;multiple_emdat_event_ids
DFO,DFO-2948,Viet Nam,VNM,2006-08-12,2006-09-02,42.0,50000.0,124537.0,,,Heavy rain,,1.0,1309.0,,5962,match:1309.0,True,incompatible_date_intervals;multiple_dfo_event_ids;multiple_emdat_event_ids
EM-DAT,2006-0446-VNM,Viet Nam,VNM,2006-08-12,2006-08-30,42.0,50020.0,,17.76,106.15,Riverine flood,8000.0,119500.0,1309.0,,5964,match:1309.0,True,incompatible_date_intervals;multiple_dfo_event_ids;multiple_emdat_event_ids
DFO,DFO-2964,Viet Nam,VNM,2006-09-17,2006-09-21,4.0,16000.0,34789.0,,,Heavy rain,,1.0,1309.0,,6001,match:1309.0,True,incompatible_date_intervals;multiple_dfo_event_ids;multiple_emdat_event_ids
DFO,DFO-2969,Philippines • Viet Nam,,2006-09-27,2006-10-06,260.0,250000.0,69820.0,,,Heavy rain,,1.0,1309.0,transboundary (2 countries),6006,match:1309.0,True,incompatible_date_intervals;multiple_dfo_event_ids;multiple_emdat_event_ids
EM-DAT,2006-0563-PHL,Philippines,PHL,2006-10-04,2006-10-08,3.0,4250.0,,,,Riverine flood,399.0,,1309.0,,6010,match:1309.0,True,incompatible_date_intervals;multiple_dfo_event_ids;multiple_emdat_event_ids
EM-DAT,2006-0736-VNM,Viet Nam,VNM,2006-10-12,2006-10-17,60.0,,,,,Riverine flood,,,1309.0,,6018,match:1309.0,True,incompatible_date_intervals;multiple_dfo_event_ids;multiple_emdat_event_ids
DFO,DFO-2878,India,IND,2006-05-25,2006-06-02,32.0,10800.0,42687.0,,,Monsoonal rain,,2.0,1311.0,,5803,match:1311.0,True,incompatible_date_intervals;multiple_dfo_event_ids;multiple_emdat_event_ids
EM-DAT,2006-0263-IND,India,IND,2006-05-25,2006-06-02,32.0,10800.0,,10.54,76.05,Riverine flood,,42690.0,1311.0,,5804,match:1311.0,True,incompatible_date_intervals;multiple_dfo_event_ids;multiple_emdat_event_ids
DFO,DFO-2876,India,IND,2006-05-31,2006-06-04,41.0,0.0,394011.0,,,Monsoonal rain,,1.0,1311.0,,5813,match:1311.0,True,incompatible_date_intervals;multiple_dfo_event_ids;multiple_emdat_event_ids
DFO,DFO-2879,India • Bangladesh,,2006-05-31,2006-07-24,21.0,600000.0,185349.0,,,Monsoonal rain,,1.0,1311.0,transboundary (2 countries),5814,match:1311.0,True,incompatible_date_intervals;multiple_dfo_event_ids;multiple_emdat_event_ids
EM-DAT,2006-0262-BGD,Bangladesh,BGD,2006-05-31,2006-07-24,,76000.0,,,,Riverine flood,,,1311.0,,5815,match:1311.0,True,incompatible_date_intervals;multiple_dfo_event_ids;multiple_emdat_event_ids
EM-DAT,2006-0262-IND,India,IND,2006-05-31,2006-07-24,21.0,504000.0,,26.6,94.02,Riverine flood,,47020.0,1311.0,,5816,match:1311.0,True,incompatible_date_intervals;multiple_dfo_event_ids;multiple_emdat_event_ids
EM-DAT,2006-0265-IND,India,IND,2006-05-31,2006-06-04,41.0,,,18.73,75.23,Riverine flood,,395400.0,1311.0,,5817,match:1311.0,True,incompatible_date_intervals;multiple_dfo_event_ids;multiple_emdat_event_ids
DFO,DFO-2894,India • Nepal,,2006-06-24,2006-08-03,160.0,0.0,506577.0,,,Monsoonal rain,,1.0,1311.0,transboundary (2 countries),5846,match:1311.0,True,incompatible_date_intervals;multiple_dfo_event_ids;multiple_emdat_event_ids
EM-DAT,2006-0342-IND,India,IND,2006-06-24,2006-06-27,130.0,300000.0,,25.62,83.67,Riverine flood,,13110.0,1311.0,,5848,match:1311.0,True,incompatible_date_intervals;multiple_dfo_event_ids;multiple_emdat_event_ids
EM-DAT,2006-0342-NPL,Nepal,NPL,2006-06-24,2006-08-03,,,,25.62,83.67,Riverine flood,,,1311.0,,5849,match:1311.0,True,incompatible_date_intervals;multiple_dfo_event_ids;multiple_emdat_event_ids
DFO,DFO-2909,India,IND,2006-07-03,2006-07-08,33.0,0.0,31361.0,,,Monsoonal rain,,1.0,1311.0,,5876,match:1311.0,True,incompatible_date_intervals;multiple_dfo_event_ids;multiple_emdat_event_ids
DFO,DFO-2910,India,IND,2006-07-03,2006-07-06,9.0,0.0,394.0,,,Monsoonal rain,,1.0,1311.0,,5877,match:1311.0,True,incompatible_date_intervals;multiple_dfo_event_ids;multiple_emdat_event_ids
EM-DAT,2006-0370-IND,India,IND,2006-07-03,2006-07-08,33.0,,,19.17,83.65,Riverine flood,,31360.0,1311.0,,5879,match:1311.0,True,incompatible_date_intervals;multiple_dfo_event_ids;multiple_emdat_event_ids
DFO,DFO-2911,India,IND,2006-07-04,2006-07-07,24.0,8400.0,170056.0,,,Heavy rain,,1.0,1311.0,,5880,match:1311.0,True,incompatible_date_intervals;multiple_dfo_event_ids;multiple_emdat_event_ids
EM-DAT,2006-0369-IND,India,IND,2006-07-04,2006-07-07,24.0,8400.0,,22.41,71.31,Riverine flood,,170100.0,1311.0,,5881,match:1311.0,True,incompatible_date_intervals;multiple_dfo_event_ids;multiple_emdat_event_ids
DFO,DFO-2931,Pakistan • India,,2006-07-24,2006-08-22,248.0,0.0,182707.0,,,Monsoonal rain,,1.0,1311.0,transboundary (2 countries),5917,match:1311.0,True,incompatible_date_intervals;multiple_dfo_event_ids;multiple_emdat_event_ids
EM-DAT,2006-0389-IND,India,IND,2006-07-24,2006-08-22,15.0,800.0,,34.61,73.2,Riverine flood,,,1311.0,,5919,match:1311.0,True,incompatible_date_intervals;multiple_dfo_event_ids;multiple_emdat_event_ids
EM-DAT,2006-0389-PAK,Pakistan,PAK,2006-07-24,2006-08-22,40.0,2000.0,,34.61,73.2,Riverine flood,,42570.0,1311.0,,5920,match:1311.0,True,incompatible_date_intervals;multiple_dfo_event_ids;multiple_emdat_event_ids
DFO,DFO-2935,India • Pakistan,,2006-07-28,2006-09-12,457.0,140000.0,681020.0,,,Monsoonal rain,,2.0,1311.0,transboundary (2 countries),5927,match:1311.0,True,incompatible_date_intervals;multiple_dfo_event_ids;multiple_emdat_event_ids
EM-DAT,2006-0417-IND,India,IND,2006-07-28,2006-09-12,350.0,4000065.0,,20.19,73.82,Riverine flood,3390000.0,165400.0,1311.0,,5928,match:1311.0,True,incompatible_date_intervals;multiple_dfo_event_ids;multiple_emdat_event_ids
EM-DAT,2006-0417-PAK,Pakistan,PAK,2006-07-28,2006-09-12,,,,20.19,73.82,Riverine flood,,,1311.0,,5929,match:1311.0,True,incompatible_date_intervals;multiple_dfo_event_ids;multiple_emdat_event_ids
DFO,DFO-2938,Pakistan,PAK,2006-08-01,2006-08-01,12.0,0.0,2748.0,,,Monsoonal rain,,1.0,1311.0,,5935,match:1311.0,True,incompatible_date_intervals;multiple_dfo_event_ids;multiple_emdat_event_ids
DFO,DFO-2940,India,IND,2006-08-01,2006-09-10,185.0,2000000.0,302774.0,,,Monsoonal rain,,1.0,1311.0,,5936,match:1311.0,True,incompatible_date_intervals;multiple_dfo_event_ids;multiple_emdat_event_ids
EM-DAT,2006-0414-PAK,Pakistan,PAK,2006-08-01,2006-08-22,74.0,5050.0,,25.03,67.12,Riverine flood,,2748.0,1311.0,,5937,match:1311.0,True,incompatible_date_intervals;multiple_dfo_event_ids;multiple_emdat_event_ids
EM-DAT,2006-0443-IND,India,IND,2006-08-01,2006-08-01,,50000.0,,,,Riverine flood,,,1311.0,,5939,match:1311.0,True,incompatible_date_intervals;multiple_dfo_event_ids;multiple_emdat_event_ids
EM-DAT,2006-0712-IND,India,IND,2006-08-01,2006-09-10,185.0,2000000.0,,18.1,81.53,Riverine flood,,302800.0,1311.0,,5941,match:1311.0,True,incompatible_date_intervals;multiple_dfo_event_ids;multiple_emdat_event_ids
EM-DAT,2006-0733-PAK,Pakistan,PAK,2006-08-03,2006-08-08,233.0,775.0,,,,Riverine flood,,,1311.0,,5951,match:1311.0,True,incompatible_date_intervals;multiple_dfo_event_ids;multiple_emdat_event_ids
EM-DAT,2006-0469-IND,India,IND,2006-08-18,2006-09-02,135.0,20000.0,,,,Riverine flood,,,1311.0,,5972,match:1311.0,True,incompatible_date_intervals;multiple_dfo_event_ids;multiple_emdat_event_ids
DFO,DFO-2961,Bangladesh,BGD,2006-08-24,2006-09-20,0.0,0.0,28079.0,,,Monsoonal rain,,1.0,1311.0,,5979,match:1311.0,True,incompatible_date_intervals;multiple_dfo_event_ids;multiple_emdat_event_ids
EM-DAT,2006-0502-BGD,Bangladesh,BGD,2006-08-24,2006-09-20,,135775.0,,23.23,89.27,Riverine flood,,28080.0,1311.0,,5980,match:1311.0,True,incompatible_date_intervals;multiple_dfo_event_ids;multiple_emdat_event_ids
DFO,DFO-2956,India,IND,2006-08-29,2006-09-04,42.0,50000.0,32713.0,,,Monsoonal rain,,1.0,1311.0,,5984,match:1311.0,True,incompatible_date_intervals;multiple_dfo_event_ids;multiple_emdat_event_ids
EM-DAT,2006-0549-IND,India,IND,2006-08-29,2006-09-04,42.0,100000.0,,27.59,81.52,Riverine flood,,32700.0,1311.0,,5985,match:1311.0,True,incompatible_date_intervals;multiple_dfo_event_ids;multiple_emdat_event_ids
DFO,DFO-2958,India • Pakistan,,2006-08-31,2006-09-11,39.0,3000.0,141449.0,,,Monsoonal rain,,1.0,1311.0,transboundary (2 countries),5988,match:1311.0,True,incompatible_date_intervals;multiple_dfo_event_ids;multiple_emdat_event_ids
EM-DAT,2006-0548-IND,India,IND,2006-08-31,2006-09-11,19.0,15000.0,,32.89,73.88,Flash flood,,,1311.0,,5990,match:1311.0,True,incompatible_date_intervals;multiple_dfo_event_ids;multiple_emdat_event_ids
EM-DAT,2006-0548-PAK,Pakistan,PAK,2006-08-31,2006-09-11,20.0,,,32.89,73.88,Flash flood,,,1311.0,,5991,match:1311.0,True,incompatible_date_intervals;multiple_dfo_event_ids;multiple_emdat_event_ids
DFO,DFO-2965,India • Bangladesh,,2006-09-18,2006-10-05,250.0,50000.0,606980.0,,,Monsoonal rain,,1.0,1311.0,transboundary (2 countries),6002,match:1311.0,True,incompatible_date_intervals;multiple_dfo_event_ids;multiple_emdat_event_ids
EM-DAT,2006-0734-IND,India,IND,2006-10-01,2006-10-01,39.0,,,,,Flash flood,,,1311.0,,6009,match:1311.0,True,incompatible_date_intervals;multiple_dfo_event_ids;multiple_emdat_event_ids
EM-DAT,2006-0445-NGA,Nigeria,NGA,2006-08-03,2006-10-11,,10000.0,,14.42,-1.02,Flash flood,,,1313.0,,5950,match:1313.0,True,incompatible_date_intervals;multiple_dfo_event_ids;multiple_emdat_event_ids
DFO,DFO-2962,Chad • Nigeria,,2006-09-05,2006-10-17,52.0,20000.0,768806.0,,,Heavy rain,,1.0,1313.0,transboundary (2 countries),5994,match:1313.0,True,incompatible_date_intervals;multiple_dfo_event_ids;multiple_emdat_event_ids
EM-DAT,2006-0711-TCD,Chad,TCD,2006-09-05,2006-10-17,52.0,,,10.33,15.33,Riverine flood,,,1313.0,,5995,match:1313.0,True,incompatible_date_intervals;multiple_dfo_event_ids;multiple_emdat_event_ids
DFO,DFO-2967,Nigeria,NGA,2006-09-12,2006-09-13,20.0,0.0,870.0,,,Torrential rain,,1.0,1313.0,,5996,match:1313.0,True,incompatible_date_intervals;multiple_dfo_event_ids;multiple_emdat_event_ids
EM-DAT,2006-0556-NGA,Nigeria,NGA,2006-10-01,2006-10-01,40.0,1000.0,,,,Flash flood,,,1313.0,,6007,match:1313.0,True,incompatible_date_intervals;multiple_dfo_event_ids;multiple_emdat_event_ids
EM-DAT,2006-0422-SDN,Sudan,SDN,2006-08-01,2006-09-01,,150000.0,,,,Flash flood,,,1317.0,,5938,match:1317.0,True,incompatible_date_intervals;multiple_dfo_event_ids;multiple_emdat_event_ids
DFO,DFO-2943,Ethiopia,ETH,2006-08-05,2006-08-08,256.0,10000.0,4225.0,,,Heavy rain,,1.0,1317.0,,5954,match:1317.0,True,incompatible_date_intervals;multiple_dfo_event_ids;multiple_emdat_event_ids
EM-DAT,2006-0422-ETH,Ethiopia,ETH,2006-08-05,2006-08-08,498.0,10096.0,,9.67,42.19,Flash flood,3200.0,4225.0,1317.0,,5955,match:1317.0,True,incompatible_date_intervals;multiple_dfo_event_ids;multiple_emdat_event_ids
EM-DAT,2006-0447-SDN,Sudan,SDN,2006-08-07,2006-08-07,,11000.0,,,,Riverine flood,,,1317.0,,5956,match:1317.0,True,incompatible_date_intervals;multiple_dfo_event_ids;multiple_emdat_event_ids
EM-DAT,2006-0436-ETH,Ethiopia,ETH,2006-08-09,2006-08-09,5.0,450.0,,,,Riverine flood,,,1317.0,,5958,match:1317.0,True,incompatible_date_intervals;multiple_dfo_event_ids;multiple_emdat_event_ids
DFO,DFO-2946,Ethiopia,ETH,2006-08-13,2006-09-11,364.0,20000.0,15926.0,,,Heavy rain,,1.0,1317.0,,5966,match:1317.0,True,incompatible_date_intervals;multiple_dfo_event_ids;multiple_emdat_event_ids
DFO,DFO-2950,Sudan • Ethiopia,,2006-08-13,2006-09-26,40.0,150000.0,1485583.0,,,Heavy rain,,1.0,1317.0,transboundary (2 countries),5967,match:1317.0,True,incompatible_date_intervals;multiple_dfo_event_ids;multiple_emdat_event_ids
EM-DAT,2006-0438-ETH,Ethiopia,ETH,2006-08-13,2006-09-11,364.0,8000.0,,5.24,36.22,Riverine flood,,13560.0,1317.0,,5968,match:1317.0,True,incompatible_date_intervals;multiple_dfo_event_ids;multiple_emdat_event_ids
EM-DAT,2006-0442-ETH,Ethiopia,ETH,2006-08-13,2006-09-26,2.0,38000.0,,13.21,34.76,Riverine flood,,,1317.0,,5969,match:1317.0,True,incompatible_date_intervals;multiple_dfo_event_ids;multiple_emdat_event_ids
EM-DAT,2006-0442-SDN,Sudan,SDN,2006-08-13,2006-09-26,27.0,6000.0,,13.21,34.76,Riverine flood,,,1317.0,,5970,match:1317.0,True,incompatible_date_intervals;multiple_dfo_event_ids;multiple_emdat_event_ids
EM-DAT,2006-0489-ETH,Ethiopia,ETH,2006-08-23,2006-08-23,2.0,6000.0,,,,Riverine flood,,,1317.0,,5977,match:1317.0,True,incompatible_date_intervals;multiple_dfo_event_ids;multiple_emdat_event_ids
DFO,DFO-2947,Burkina Faso • Niger,,2006-08-03,2006-10-11,4.0,70000.0,2109011.0,,,Heavy rain,,1.0,1320.0,transboundary (2 countries),5945,match:1320.0,True,multiple_emdat_event_ids
EM-DAT,2006-0445-BFA,Burkina Faso,BFA,2006-08-03,2006-10-11,,15610.0,,14.42,-1.02,Flash flood,,,1320.0,,5946,match:1320.0,True,multiple_emdat_event_ids
EM-DAT,2006-0445-NER,Niger,NER,2006-08-03,2006-10-11,4.0,46472.0,,,,Flash flood,,,1320.0,,5949,match:1320.0,True,multiple_emdat_event_ids
EM-DAT,2006-0507-BFA,Burkina Faso,BFA,2006-09-12,2006-09-12,,10000.0,,,,Riverine flood,,,1320.0,,5997,match:1320.0,True,multiple_emdat_event_ids
EM-DAT,2006-0199-CHN,China,CHN,2006-04-09,2006-05-11,21.0,10461.0,,,,Riverine flood,333000.0,,1321.0,,5741,match:1321.0,True,incompatible_date_intervals;multiple_dfo_event_ids;multiple_emdat_event_ids
DFO,DFO-2861,China,CHN,2006-04-21,2006-05-15,22.0,36900.0,175249.0,,,Heavy rain,,1.0,1321.0,,5762,match:1321.0,True,incompatible_date_intervals;multiple_dfo_event_ids;multiple_emdat_event_ids
EM-DAT,2006-0250-CHN,China,CHN,2006-04-21,2006-05-15,22.0,36900.0,,26.92,106.58,Riverine flood,36000.0,175200.0,1321.0,,5764,match:1321.0,True,incompatible_date_intervals;multiple_dfo_event_ids;multiple_emdat_event_ids
EM-DAT,2006-0732-CHN,China,CHN,2006-05-04,2006-05-08,16.0,7000.0,,,,Riverine flood,57000.0,,1321.0,,5777,match:1321.0,True,incompatible_date_intervals;multiple_dfo_event_ids;multiple_emdat_event_ids
DFO,DFO-2865,China,CHN,2006-05-18,2006-05-22,23.0,1030000.0,141404.0,,,Tropical cyclone,,1.0,1321.0,,5790,match:1321.0,True,incompatible_date_intervals;multiple_dfo_event_ids;multiple_emdat_event_ids
DFO,DFO-2873,China,CHN,2006-05-24,2006-05-31,3.0,350000.0,107431.0,,,Heavy rain,,1.0,1321.0,,5800,match:1321.0,True,incompatible_date_intervals;multiple_dfo_event_ids;multiple_emdat_event_ids
EM-DAT,2006-0266-CHN,China,CHN,2006-05-24,2006-05-31,3.0,350035.0,,30.92,112.9,Riverine flood,,107400.0,1321.0,,5801,match:1321.0,True,incompatible_date_intervals;multiple_dfo_event_ids;multiple_emdat_event_ids
DFO,DFO-2877,China,CHN,2006-05-30,2006-06-09,57.0,356000.0,76601.0,,,Monsoonal rain,,2.0,1321.0,,5810,match:1321.0,True,incompatible_date_intervals;multiple_dfo_event_ids;multiple_emdat_event_ids
EM-DAT,2006-0264-CHN,China,CHN,2006-05-30,2006-06-09,57.0,356000.0,,26.75,118.57,Riverine flood,393000.0,76600.0,1321.0,,5811,match:1321.0,True,incompatible_date_intervals;multiple_dfo_event_ids;multiple_emdat_event_ids
DFO,DFO-2885,China,CHN,2006-06-08,2006-06-15,21.0,195500.0,4210.0,,,Heavy rain,,1.0,1321.0,,5824,match:1321.0,True,incompatible_date_intervals;multiple_dfo_event_ids;multiple_emdat_event_ids
EM-DAT,2006-0300-CHN,China,CHN,2006-06-08,2006-06-15,21.0,4600024.0,,23.42,111.38,Riverine flood,,4210.0,1321.0,,5825,match:1321.0,True,incompatible_date_intervals;multiple_dfo_event_ids;multiple_emdat_event_ids
DFO,DFO-2887,China,CHN,2006-06-12,2006-06-16,52.0,5900.0,11679.0,,,Heavy rain,,1.0,1321.0,,5829,match:1321.0,True,incompatible_date_intervals;multiple_dfo_event_ids;multiple_emdat_event_ids
EM-DAT,2006-0298-CHN,China,CHN,2006-06-12,2006-06-16,50.0,12000.0,,25.51,106.51,Flash flood,141000.0,11680.0,1321.0,,5830,match:1321.0,True,incompatible_date_intervals;multiple_dfo_event_ids;multiple_emdat_event_ids
DFO,DFO-2888,China,CHN,2006-06-13,2006-06-16,2.0,50000.0,58065.0,,,Heavy rain,,1.0,1321.0,,5831,match:1321.0,True,incompatible_date_intervals;multiple_dfo_event_ids;multiple_emdat_event_ids
EM-DAT,2006-0297-CHN,China,CHN,2006-06-13,2006-06-16,2.0,1410000.0,,26.2,112.75,Riverine flood,,58070.0,1321.0,,5832,match:1321.0,True,incompatible_date_intervals;multiple_dfo_event_ids;multiple_emdat_event_ids
DFO,DFO-2889,China,CHN,2006-06-17,2006-06-19,2.0,5000.0,7859.0,,,Heavy rain,,1.0,1321.0,,5833,match:1321.0,True,incompatible_date_intervals;multiple_dfo_event_ids;multiple_emdat_event_ids
EM-DAT,2006-0323-CHN,China,CHN,2006-06-17,2006-06-19,23.0,5000.0,,24.73,116.87,Riverine flood,,36280.0,1321.0,,5834,match:1321.0,True,incompatible_date_intervals;multiple_dfo_event_ids;multiple_emdat_event_ids
DFO,DFO-2897,China,CHN,2006-06-25,2006-06-26,25.0,123000.0,34991.0,,,Heavy rain,,1.0,1321.0,,5852,match:1321.0,True,incompatible_date_intervals;multiple_dfo_event_ids;multiple_emdat_event_ids
DFO,DFO-2898,China,CHN,2006-06-25,2006-06-26,4.0,5000.0,11363.0,,,Heavy rain,,1.0,1321.0,,5853,match:1321.0,True,incompatible_date_intervals;multiple_dfo_event_ids;multiple_emdat_event_ids
EM-DAT,2006-0339-CHN,China,CHN,2006-06-25,2006-06-26,6.0,270000.0,,26.01,108.45,Riverine flood,6500.0,11360.0,1321.0,,5857,match:1321.0,True,incompatible_date_intervals;multiple_dfo_event_ids;multiple_emdat_event_ids
EM-DAT,2006-0340-CHN,China,CHN,2006-06-25,2006-06-26,29.0,2375016.0,,27.06,111.06,Riverine flood,,34990.0,1321.0,,5858,match:1321.0,True,incompatible_date_intervals;multiple_dfo_event_ids;multiple_emdat_event_ids
DFO,DFO-2900,China,CHN,2006-06-28,2006-07-08,50.0,10000.0,109600.0,,,Heavy rain,,1.0,1321.0,,5860,match:1321.0,True,incompatible_date_intervals;multiple_dfo_event_ids;multiple_emdat_event_ids
DFO,DFO-2901,China,CHN,2006-06-28,2006-07-06,30.0,44400.0,43706.0,,,Heavy rain,,1.0,1321.0,,5861,match:1321.0,True,incompatible_date_intervals;multiple_dfo_event_ids;multiple_emdat_event_ids
EM-DAT,2006-0336-CHN,China,CHN,2006-06-28,2006-07-06,30.0,4120000.0,,34.04,117.03,Riverine flood,679000.0,22760.0,1321.0,,5862,match:1321.0,True,incompatible_date_intervals;multiple_dfo_event_ids;multiple_emdat_event_ids
EM-DAT,2006-0337-CHN,China,CHN,2006-06-28,2006-07-08,42.0,10009.0,,,,Riverine flood,11000.0,109600.0,1321.0,,5863,match:1321.0,True,incompatible_date_intervals;multiple_dfo_event_ids;multiple_emdat_event_ids
DFO,DFO-2903,China,CHN,2006-06-30,2006-07-01,8.0,0.0,33.0,,,Heavy rain,,1.0,1321.0,,5865,match:1321.0,True,incompatible_date_intervals;multiple_dfo_event_ids;multiple_emdat_event_ids
DFO,DFO-2906,China,CHN,2006-07-02,2006-07-05,20.0,16.0,138195.0,,,Heavy rain,,1.0,1321.0,,5871,match:1321.0,True,incompatible_date_intervals;multiple_dfo_event_ids;multiple_emdat_event_ids
EM-DAT,2006-0371-CHN,China,CHN,2006-07-02,2006-07-05,20.0,2416.0,,43.32,83.77,Riverine flood,,138200.0,1321.0,,5873,match:1321.0,True,incompatible_date_intervals;multiple_dfo_event_ids;multiple_emdat_event_ids
DFO,DFO-2912,China,CHN,2006-07-06,2006-07-17,24.0,50.0,16832.0,,,Heavy rain,,1.0,1321.0,,5883,match:1321.0,True,incompatible_date_intervals;multiple_dfo_event_ids;multiple_emdat_event_ids
DFO,DFO-2914,China,CHN,2006-07-07,2006-07-11,8.0,130000.0,20118.0,,,Monsoonal rain,,1.0,1321.0,,5886,match:1321.0,True,incompatible_date_intervals;multiple_dfo_event_ids;multiple_emdat_event_ids
EM-DAT,2006-0367-CHN,China,CHN,2006-07-07,2006-07-11,10.0,1400000.0,,22.35,109.4,Riverine flood,31000.0,20120.0,1321.0,,5887,match:1321.0,True,incompatible_date_intervals;multiple_dfo_event_ids;multiple_emdat_event_ids
DFO,DFO-2919,China,CHN,2006-07-11,2006-07-13,0.0,4000.0,1392.0,,,Heavy rain,,1.0,1321.0,,5894,match:1321.0,True,incompatible_date_intervals;multiple_dfo_event_ids;multiple_emdat_event_ids
DFO,DFO-2921,Philippines • China,,2006-07-11,2006-07-19,629.0,2450000.0,612226.0,,,Tropical cyclone,,2.0,1321.0,transboundary (2 countries),5896,match:1321.0,True,incompatible_date_intervals;multiple_dfo_event_ids;multiple_emdat_event_ids
EM-DAT,2006-0364-CHN,China,CHN,2006-07-11,2006-07-13,,4000.0,,47.73,128.9,Riverine flood,,1400.0,1321.0,,5898,match:1321.0,True,incompatible_date_intervals;multiple_dfo_event_ids;multiple_emdat_event_ids
DFO,DFO-2924,China,CHN,2006-07-14,2006-07-17,1.0,1200.0,1726.0,,,Monsoonal rain,,1.0,1321.0,,5904,match:1321.0,True,incompatible_date_intervals;multiple_dfo_event_ids;multiple_emdat_event_ids
EM-DAT,2006-0394-CHN,China,CHN,2006-07-14,2006-07-17,1.0,1200.0,,39.04,106.59,Riverine flood,,1726.0,1321.0,,5905,match:1321.0,True,incompatible_date_intervals;multiple_dfo_event_ids;multiple_emdat_event_ids
DFO,DFO-2927,China,CHN,2006-07-20,2006-07-21,18.0,0.0,1666.0,,,Heavy rain,,1.0,1321.0,,5911,match:1321.0,True,incompatible_date_intervals;multiple_dfo_event_ids;multiple_emdat_event_ids
EM-DAT,2006-0392-CHN,China,CHN,2006-07-20,2006-07-21,35.0,,,24.66,102.18,Flash flood,,1666.0,1321.0,,5912,match:1321.0,True,incompatible_date_intervals;multiple_dfo_event_ids;multiple_emdat_event_ids
DFO,DFO-2932,Philippines • China,,2006-07-24,2006-07-28,36.0,1500000.0,350925.0,,,Tropical cyclone,,1.0,1321.0,transboundary (2 countries),5918,match:1321.0,True,incompatible_date_intervals;multiple_dfo_event_ids;multiple_emdat_event_ids
DFO,DFO-2937,Philippines,PHL,2006-07-30,2006-08-02,8.0,476027.0,2751.0,,,Tropical cyclone,,1.0,1321.0,,5931,match:1321.0,True,incompatible_date_intervals;multiple_dfo_event_ids;multiple_emdat_event_ids
EM-DAT,2006-0448-PHL,Philippines,PHL,2006-08-01,2006-08-01,26.0,15000.0,,,,Flood (General),,,1321.0,,5940,match:1321.0,True,incompatible_date_intervals;multiple_dfo_event_ids;multiple_emdat_event_ids
DFO,DFO-2941,Philippines • China,,2006-08-02,2006-08-06,87.0,840000.0,162840.0,,,Tropical cyclone,,1.0,1321.0,transboundary (2 countries),5942,match:1321.0,True,incompatible_date_intervals;multiple_dfo_event_ids;multiple_emdat_event_ids
DFO,DFO-2936,Afghanistan,AFG,2006-07-30,2006-08-09,35.0,0.0,63167.0,,,Heavy rain,,1.0,1323.0,,5930,match:1323.0,True,multiple_emdat_event_ids
EM-DAT,2006-0416-AFG,Afghanistan,AFG,2006-07-30,2006-08-09,54.0,8000.0,,34.08,69.75,Riverine flood,,3116.0,1323.0,,5932,match:1323.0,True,multiple_emdat_event_ids
EM-DAT,2006-0424-AFG,Afghanistan,AFG,2006-07-30,2006-07-30,12.0,20.0,,,,Flash flood,,,1323.0,,5933,match:1323.0,True,multiple_emdat_event_ids
DFO,DFO-2934,United States of America,USA,2006-07-27,2006-07-30,1.0,600.0,4722.0,,,Heavy rain,,1.0,1324.0,,5922,match:1324.0,True,multiple_dfo_event_ids;multiple_emdat_event_ids
DFO,DFO-2939,United States of America • Mexico,,2006-07-27,2006-08-07,1.0,5000.0,3610.0,,,Heavy rain,,1.0,1324.0,transboundary (2 countries),5923,match:1324.0,True,multiple_dfo_event_ids;multiple_emdat_event_ids
EM-DAT,2006-0413-MEX,Mexico,MEX,2006-07-27,2006-08-07,,,,31.76,-106.39,Riverine flood,,,1324.0,,5924,match:1324.0,True,multiple_dfo_event_ids;multiple_emdat_event_ids
EM-DAT,2006-0413-USA,United States of America,USA,2006-07-27,2006-08-07,,,,31.76,-106.39,Riverine flood,100000.0,3610.0,1324.0,,5925,match:1324.0,True,multiple_dfo_event_ids;multiple_emdat_event_ids
EM-DAT,2006-0418-USA,United States of America,USA,2006-07-27,2006-07-30,1.0,600.0,,41.52,-81.09,Riverine flood,,4720.0,1324.0,,5926,match:1324.0,True,multiple_dfo_event_ids;multiple_emdat_event_ids
EM-DAT,2006-0378-JPN,Japan,JPN,2006-06-19,2006-07-20,34.0,6232.0,,35.34,136.22,Riverine flood,,47890.0,1327.0,,5839,match:1327.0,True,incompatible_date_intervals;multiple_dfo_event_ids;multiple_emdat_event_ids
DFO,DFO-2926,Japan,JPN,2006-07-19,2006-07-20,24.0,6200.0,47888.0,,,Heavy rain,,1.0,1327.0,,5910,match:1327.0,True,incompatible_date_intervals;multiple_dfo_event_ids;multiple_emdat_event_ids
DFO,DFO-2930,Japan,JPN,2006-07-22,2006-07-26,4.0,4300.0,6129.0,,,Heavy rain,,1.0,1327.0,,5914,match:1327.0,True,incompatible_date_intervals;multiple_dfo_event_ids;multiple_emdat_event_ids
EM-DAT,2006-0390-JPN,Japan,JPN,2006-07-22,2006-07-26,8.0,4300.0,,31.54,130.99,Riverine flood,,6130.0,1327.0,,5915,match:1327.0,True,incompatible_date_intervals;multiple_dfo_event_ids;multiple_emdat_event_ids
DFO,DFO-2925,Nigeria,NGA,2006-07-15,2006-07-17,0.0,2000.0,724.0,,,Heavy rain,,1.0,1328.0,,5906,match:1328.0,True,incompatible_date_intervals;multiple_dfo_event_ids
EM-DAT,2006-0393-NGA,Nigeria,NGA,2006-07-15,2006-07-17,,2000.0,,6.94,6.35,Riverine flood,,724.0,1328.0,,5907,match:1328.0,True,incompatible_date_intervals;multiple_dfo_event_ids
DFO,DFO-2928,Nigeria,NGA,2006-07-18,2006-07-20,4.0,40.0,1851.0,,,Heavy rain,,1.0,1328.0,,5908,match:1328.0,True,incompatible_date_intervals;multiple_dfo_event_ids
DFO,DFO-2907,Afghanistan,AFG,2006-07-03,2006-07-04,7.0,0.0,1571.0,,,Heavy rain,,1.0,1331.0,,5874,match:1331.0,True,incompatible_date_intervals;multiple_dfo_event_ids
DFO,DFO-2908,Pakistan,PAK,2006-07-03,2006-07-04,22.0,0.0,1430.0,,,Heavy rain,,1.0,1331.0,,5875,match:1331.0,True,incompatible_date_intervals;multiple_dfo_event_ids
DFO,DFO-2916,Pakistan • Afghanistan,,2006-07-09,2006-07-13,23.0,50.0,6984.0,,,Heavy rain,,1.0,1331.0,transboundary (2 countries),5889,match:1331.0,True,incompatible_date_intervals;multiple_dfo_event_ids
EM-DAT,2006-0365-AFG,Afghanistan,AFG,2006-07-09,2006-07-13,10.0,,,33.06,69.95,Riverine flood,,,1331.0,,5890,match:1331.0,True,incompatible_date_intervals;multiple_dfo_event_ids
EM-DAT,2006-0365-PAK,Pakistan,PAK,2006-07-09,2006-07-13,13.0,300.0,,33.06,69.95,Riverine flood,,,1331.0,,5891,match:1331.0,True,incompatible_date_intervals;multiple_dfo_event_ids
DFO,DFO-2917,Pakistan,PAK,2006-07-11,2006-07-12,4.0,0.0,457.0,,,Heavy rain,,1.0,1331.0,,5893,match:1331.0,True,incompatible_date_intervals;multiple_dfo_event_ids
DFO,DFO-2915,Viet Nam,VNM,2006-07-09,2006-07-11,4.0,100.0,635.0,,,Heavy rain,,1.0,1333.0,,5888,match:1333.0,True,incompatible_date_intervals;multiple_emdat_event_ids
EM-DAT,2006-0366-VNM,Viet Nam,VNM,2006-07-09,2006-07-11,4.0,100.0,,,,Flash flood,1000.0,560.0,1333.0,,5892,match:1333.0,True,incompatible_date_intervals;multiple_emdat_event_ids
EM-DAT,2006-0429-VNM,Viet Nam,VNM,2006-07-18,2006-07-18,12.0,2000.0,,,,Flash flood,,,1333.0,,5909,match:1333.0,True,incompatible_date_intervals;multiple_emdat_event_ids
EM-DAT,2006-0312-ROU,Romania,ROU,2006-06-19,2006-06-26,15.0,6260.0,,47.15,47.46,Riverine flood,,51.0,1337.0,,5837,match:1337.0,True,incompatible_date_intervals;multiple_dfo_event_ids;multiple_emdat_event_ids
EM-DAT,2006-0320-ROU,Romania,ROU,2006-06-19,2006-06-19,1.0,600.0,,,,Riverine flood,,,1337.0,,5838,match:1337.0,True,incompatible_date_intervals;multiple_dfo_event_ids;multiple_emdat_event_ids
DFO,DFO-2891,Romania,ROU,2006-06-20,2006-06-26,12.0,626.0,5536.0,,,Heavy rain,,1.0,1337.0,,5840,match:1337.0,True,incompatible_date_intervals;multiple_dfo_event_ids;multiple_emdat_event_ids
DFO,DFO-2902,Romania,ROU,2006-06-30,2006-07-03,21.0,600.0,1119.0,,,Heavy rain,,1.0,1337.0,,5864,match:1337.0,True,incompatible_date_intervals;multiple_dfo_event_ids;multiple_emdat_event_ids
EM-DAT,2006-0335-ROU,Romania,ROU,2006-06-30,2006-07-03,12.0,10800.0,,47.8,25.95,Riverine flood,,1120.0,1337.0,,5866,match:1337.0,True,incompatible_date_intervals;multiple_dfo_event_ids;multiple_emdat_event_ids
DFO,DFO-2892,United States of America,USA,2006-06-22,2006-06-25,2.0,0.0,6788.0,,,Heavy rain,,1.0,1338.0,,5842,match:1338.0,True,multiple_dfo_event_ids;multiple_emdat_event_ids
EM-DAT,2006-0344-USA,United States of America,USA,2006-06-22,2006-06-25,2.0,2400.0,,41.41,-86.91,Riverine flood,7000.0,6780.0,1338.0,,5843,match:1338.0,True,multiple_dfo_event_ids;multiple_emdat_event_ids
DFO,DFO-2895,United States of America,USA,2006-06-25,2006-07-01,11.0,65000.0,122594.0,,,Heavy rain,,2.0,1338.0,,5850,match:1338.0,True,multiple_dfo_event_ids;multiple_emdat_event_ids
EM-DAT,2006-0341-USA,United States of America,USA,2006-06-25,2006-07-01,11.0,65000.0,,40.41,-75.78,Riverine flood,1000000.0,122600.0,1338.0,,5859,match:1338.0,True,multiple_dfo_event_ids;multiple_emdat_event_ids
DFO,DFO-2890,Indonesia,IDN,2006-06-19,2006-06-23,291.0,7580.0,3092.0,,,Heavy rain,,1.0,1339.0,,5835,match:1339.0,True,incompatible_date_intervals;multiple_dfo_event_ids;multiple_emdat_event_ids
EM-DAT,2006-0311-IDN,Indonesia,IDN,2006-06-19,2006-06-23,236.0,29231.0,,-5.17,120.11,Flash flood,55200.0,3100.0,1339.0,,5836,match:1339.0,True,incompatible_date_intervals;multiple_dfo_event_ids;multiple_emdat_event_ids
DFO,DFO-2893,Indonesia,IDN,2006-06-23,2006-06-27,0.0,5000.0,891.0,,,Heavy rain,,1.0,1339.0,,5844,match:1339.0,True,incompatible_date_intervals;multiple_dfo_event_ids;multiple_emdat_event_ids
EM-DAT,2006-0343-IDN,Indonesia,IDN,2006-06-23,2006-06-27,,5000.0,,0.55,123.01,Riverine flood,,890.0,1339.0,,5845,match:1339.0,True,incompatible_date_intervals;multiple_dfo_event_ids;multiple_emdat_event_ids
EM-DAT,2006-0328-IDN,Indonesia,IDN,2006-06-24,2006-06-26,41.0,,,,,Flood (General),,,1339.0,,5847,match:1339.0,True,incompatible_date_intervals;multiple_dfo_event_ids;multiple_emdat_event_ids
DFO,DFO-2896,Indonesia,IDN,2006-06-25,2006-06-29,26.0,3000.0,23710.0,,,Heavy rain,,1.0,1339.0,,5851,match:1339.0,True,incompatible_date_intervals;multiple_dfo_event_ids;multiple_emdat_event_ids
EM-DAT,2006-0332-IDN,Indonesia,IDN,2006-06-25,2006-06-29,52.0,18250.0,,-3.29,115.49,Flash flood,,23710.0,1339.0,,5855,match:1339.0,True,incompatible_date_intervals;multiple_dfo_event_ids;multiple_emdat_event_ids
DFO,DFO-2851,Russian Federation,RUS,2006-04-21,2006-05-31,0.0,420.0,144912.0,,,Snowmelt,,1.0,1342.0,,5761,match:1342.0,True,incompatible_date_intervals;multiple_dfo_event_ids;multiple_emdat_event_ids
EM-DAT,2006-0225-RUS,Russian Federation,RUS,2006-04-21,2006-05-11,,420.0,,50.78,87.14,Riverine flood,7411.0,144900.0,1342.0,,5763,match:1342.0,True,incompatible_date_intervals;multiple_dfo_event_ids;multiple_emdat_event_ids
DFO,DFO-2883,Russian Federation,RUS,2006-06-04,2006-06-12,0.0,1300.0,274771.0,,,Rain and snowmelt,,1.0,1342.0,,5819,match:1342.0,True,incompatible_date_intervals;multiple_dfo_event_ids;multiple_emdat_event_ids
EM-DAT,2006-0306-RUS,Russian Federation,RUS,2006-06-04,2006-06-12,,1300.0,,58.33,114.58,Riverine flood,125000.0,274800.0,1342.0,,5823,match:1342.0,True,incompatible_date_intervals;multiple_dfo_event_ids;multiple_emdat_event_ids
DFO,DFO-2867,Thailand,THA,2006-05-22,2006-06-11,79.0,2000.0,78277.0,,,Monsoonal rain,,2.0,1344.0,,5796,match:1344.0,True,multiple_dfo_event_ids
EM-DAT,2006-0270-THA,Thailand,THA,2006-05-22,2006-06-11,116.0,342895.0,,18.18,100.15,Flash flood,25000.0,78280.0,1344.0,,5798,match:1344.0,True,multiple_dfo_event_ids
DFO,DFO-2875,Thailand,THA,2006-05-31,2006-05-31,0.0,0.0,5872.0,,,Monsoonal rain,,2.0,1344.0,,5812,match:1344.0,True,multiple_dfo_event_ids
DFO,DFO-2818,United States of America,USA,2006-03-12,2006-03-22,2.0,0.0,6790.0,,,Heavy rain,,1.0,1345.0,,5697,match:1345.0,True,incompatible_date_intervals;multiple_dfo_event_ids;multiple_emdat_event_ids
DFO,DFO-2820,United States of America,USA,2006-03-14,2006-03-23,7.0,0.0,586.0,,,Dam/Levy break or release,,1.0,1345.0,,5701,match:1345.0,True,incompatible_date_intervals;multiple_dfo_event_ids;multiple_emdat_event_ids
EM-DAT,2006-0182-USA,United States of America,USA,2006-03-14,2006-03-23,7.0,,,22.15,-99.99,Riverine flood,12000.0,585.0,1345.0,,5702,match:1345.0,True,incompatible_date_intervals;multiple_dfo_event_ids;multiple_emdat_event_ids
DFO,DFO-2822,United States of America,USA,2006-03-18,2006-03-25,1.0,0.0,16205.0,,,Heavy rain,,1.0,1345.0,,5703,match:1345.0,True,incompatible_date_intervals;multiple_dfo_event_ids;multiple_emdat_event_ids
DFO,DFO-2829,United States of America,USA,2006-03-30,2006-04-25,1.0,0.0,15350.0,,,Rain and snowmelt,,1.0,1345.0,,5719,match:1345.0,True,incompatible_date_intervals;multiple_dfo_event_ids;multiple_emdat_event_ids
DFO,DFO-2831,United States of America,USA,2006-03-31,2006-04-03,0.0,0.0,530.0,,,Heavy rain,,1.0,1345.0,,5720,match:1345.0,True,incompatible_date_intervals;multiple_dfo_event_ids;multiple_emdat_event_ids
DFO,DFO-2834,United States of America,USA,2006-04-04,2006-04-17,1.0,600.0,44107.0,,,Heavy rain,,1.0,1345.0,,5725,match:1345.0,True,incompatible_date_intervals;multiple_dfo_event_ids;multiple_emdat_event_ids
EM-DAT,2006-0180-USA,United States of America,USA,2006-04-04,2006-04-17,1.0,600.0,,37.69,-99.99,Riverine flood,259000.0,44110.0,1345.0,,5729,match:1345.0,True,incompatible_date_intervals;multiple_dfo_event_ids;multiple_emdat_event_ids
DFO,DFO-2881,United States of America,USA,2006-04-07,2006-06-03,0.0,0.0,85035.0,,,Heavy rain,,1.0,1345.0,,5734,match:1345.0,True,incompatible_date_intervals;multiple_dfo_event_ids;multiple_emdat_event_ids
DFO,DFO-2864,United States of America,USA,2006-05-11,2006-05-22,1.0,2500.0,42911.0,,,Heavy rain,,2.0,1345.0,,5786,match:1345.0,True,incompatible_date_intervals;multiple_dfo_event_ids;multiple_emdat_event_ids
EM-DAT,2006-0260-USA,United States of America,USA,2006-05-11,2006-05-22,2.0,2500.0,,43.16,-70.79,Riverine flood,85000.0,42910.0,1345.0,,5787,match:1345.0,True,incompatible_date_intervals;multiple_dfo_event_ids;multiple_emdat_event_ids
DFO,DFO-2882,United States of America,USA,2006-05-22,2006-05-29,0.0,0.0,86844.0,,,Ice jam/break-up,,1.0,1345.0,,5797,match:1345.0,True,incompatible_date_intervals;multiple_dfo_event_ids;multiple_emdat_event_ids
DFO,DFO-2871,United States of America,USA,2006-05-25,2006-05-28,6.0,0.0,17036.0,,,Torrential rain,,1.0,1345.0,,5802,match:1345.0,True,incompatible_date_intervals;multiple_dfo_event_ids;multiple_emdat_event_ids
DFO,DFO-2874,United States of America,USA,2006-05-28,2006-06-02,0.0,0.0,39986.0,,,Heavy rain,,2.0,1345.0,,5809,match:1345.0,True,incompatible_date_intervals;multiple_dfo_event_ids;multiple_emdat_event_ids
DFO,DFO-2841,Canada,CAN,2006-04-11,2006-05-09,0.0,40.0,9216.0,,,Rain and snowmelt,,1.0,1347.0,,5746,match:1347.0,True,incompatible_date_intervals;multiple_dfo_event_ids;multiple_emdat_event_ids
DFO,DFO-2845,Canada,CAN,2006-04-12,2006-04-24,0.0,1000.0,63265.0,,,Heavy rain,,2.0,1347.0,,5747,match:1347.0,True,incompatible_date_intervals;multiple_dfo_event_ids;multiple_emdat_event_ids
EM-DAT,2006-0206-CAN,Canada,CAN,2006-04-12,2006-04-20,,1000.0,,53.54,-99.99,Riverine flood,,63270.0,1347.0,,5750,match:1347.0,True,incompatible_date_intervals;multiple_dfo_event_ids;multiple_emdat_event_ids
DFO,DFO-2849,Canada,CAN,2006-04-18,2006-04-24,0.0,200.0,726.0,,,Heavy rain,,1.0,1347.0,,5755,match:1347.0,True,incompatible_date_intervals;multiple_dfo_event_ids;multiple_emdat_event_ids
EM-DAT,2006-0203-CAN,Canada,CAN,2006-04-18,2006-04-24,,200.0,,49.72,-56.05,Riverine flood,,730.0,1347.0,,5756,match:1347.0,True,incompatible_date_intervals;multiple_dfo_event_ids;multiple_emdat_event_ids
DFO,DFO-2852,Canada,CAN,2006-04-22,2006-05-31,0.0,2000.0,7029.0,,,Snowmelt,,2.0,1347.0,,5765,match:1347.0,True,incompatible_date_intervals;multiple_dfo_event_ids;multiple_emdat_event_ids
EM-DAT,2006-0224-CAN,Canada,CAN,2006-04-22,2006-05-31,,2000.0,,52.53,-82.09,Riverine flood,,7030.0,1347.0,,5766,match:1347.0,True,incompatible_date_intervals;multiple_dfo_event_ids;multiple_emdat_event_ids
DFO,DFO-2868,Canada,CAN,2006-05-20,2006-05-28,1.0,400.0,69157.0,,,Rain and snowmelt,,1.0,1347.0,,5794,match:1347.0,True,incompatible_date_intervals;multiple_dfo_event_ids;multiple_emdat_event_ids
EM-DAT,2006-0269-CAN,Canada,CAN,2006-05-20,2006-05-28,1.0,400.0,,50.13,-99.99,Riverine flood,,,1347.0,,5795,match:1347.0,True,incompatible_date_intervals;multiple_dfo_event_ids;multiple_emdat_event_ids
DFO,DFO-2880,Canada,CAN,2006-05-26,2006-06-02,0.0,300.0,3213.0,,,Snowmelt,,1.0,1347.0,,5806,match:1347.0,True,incompatible_date_intervals;multiple_dfo_event_ids;multiple_emdat_event_ids
EM-DAT,2006-0261-CAN,Canada,CAN,2006-05-26,2006-06-02,,300.0,,67.93,-99.99,Riverine flood,,3210.0,1347.0,,5807,match:1347.0,True,incompatible_date_intervals;multiple_dfo_event_ids;multiple_emdat_event_ids
DFO,DFO-2869,Burundi,BDI,2006-05-17,2006-05-28,1.0,5000.0,2695.0,,,Heavy rain,,1.0,1349.0,,5788,match:1349.0,True,incompatible_date_intervals;multiple_emdat_event_ids
EM-DAT,2006-0268-BDI,Burundi,BDI,2006-05-17,2006-05-28,1.0,5000.0,,-3.86,29.67,Riverine flood,,2700.0,1349.0,,5789,match:1349.0,True,incompatible_date_intervals;multiple_emdat_event_ids
EM-DAT,2006-0259-BDI,Burundi,BDI,2006-05-18,2006-05-18,9.0,2000.0,,,,Flash flood,,,1349.0,,5791,match:1349.0,True,incompatible_date_intervals;multiple_emdat_event_ids
EM-DAT,2006-0318-BDI,Burundi,BDI,2006-06-01,2006-06-01,11.0,1000.0,,,,Flood (General),,,1349.0,,5818,match:1349.0,True,incompatible_date_intervals;multiple_emdat_event_ids
EM-DAT,2022-0445-SDN,Sudan,SDN,2022-05-10,2022-09-30,146.0,349122.0,,,,Flash flood,10000.0,,135.0,,10845,match:135.0,True,incompatible_date_intervals;multiple_dfo_event_ids
DFO,DFO-5247,Sudan,SDN,2022-07-10,2022-07-18,13.0,16000.0,532000.0,,,Heavy rain,,2.0,135.0,,10904,match:135.0,True,incompatible_date_intervals;multiple_dfo_event_ids
DFO,DFO-5260,Sudan,SDN,2022-08-01,2022-08-29,89.0,0.0,92000.0,,,Torrential rain,,1.5,135.0,,10926,match:135.0,True,incompatible_date_intervals;multiple_dfo_event_ids
EM-DAT,2006-0221-AFG,Afghanistan,AFG,2006-04-28,2006-05-01,19.0,5025.0,,35.67,66.83,Flash flood,,58310.0,1353.0,,5772,match:1353.0,True,multiple_emdat_event_ids
DFO,DFO-2855,Afghanistan,AFG,2006-04-29,2006-05-01,9.0,400.0,58309.0,,,Torrential rain,,1.0,1353.0,,5773,match:1353.0,True,multiple_emdat_event_ids
EM-DAT,2006-0291-AFG,Afghanistan,AFG,2006-05-01,2006-05-01,,1735.0,,,,Riverine flood,,,1353.0,,5775,match:1353.0,True,multiple_emdat_event_ids
DFO,DFO-2819,Romania,ROU,2006-03-13,2006-03-23,0.0,10000.0,143715.0,,,Snowmelt,,2.0,1362.0,,5698,match:1362.0,True,incompatible_date_intervals;multiple_dfo_event_ids;multiple_emdat_event_ids
EM-DAT,2006-0127-ROU,Romania,ROU,2006-03-13,2006-03-23,,600.0,,,,Riverine flood,,,1362.0,,5699,match:1362.0,True,incompatible_date_intervals;multiple_dfo_event_ids;multiple_emdat_event_ids
EM-DAT,2006-0156-ROU,Romania,ROU,2006-03-13,2006-04-07,6.0,17071.0,,,,Riverine flood,,143700.0,1362.0,,5700,match:1362.0,True,incompatible_date_intervals;multiple_dfo_event_ids;multiple_emdat_event_ids
DFO,DFO-2839,Romania • Bulgaria,,2006-04-07,2006-05-24,0.0,17000.0,144631.0,,,Rain and snowmelt,,2.0,1362.0,transboundary (2 countries),5733,match:1362.0,True,incompatible_date_intervals;multiple_dfo_event_ids;multiple_emdat_event_ids
EM-DAT,2006-0209-BGR,Bulgaria,BGR,2006-04-07,2006-05-24,,,,,,Riverine flood,,,1362.0,,5735,match:1362.0,True,incompatible_date_intervals;multiple_dfo_event_ids;multiple_emdat_event_ids
EM-DAT,2006-0209-ROU,Romania,ROU,2006-04-07,2006-05-14,,,,44.5,23.87,Riverine flood,,1165.0,1362.0,,5736,match:1362.0,True,incompatible_date_intervals;multiple_dfo_event_ids;multiple_emdat_event_ids
EM-DAT,2006-0156-BGR,Bulgaria,BGR,2006-04-10,2006-04-13,,,,,,Riverine flood,,55.0,1362.0,,5743,match:1362.0,True,incompatible_date_intervals;multiple_dfo_event_ids;multiple_emdat_event_ids
DFO,DFO-2821,Australia,AUS,2006-03-20,2006-04-17,0.0,7000.0,464471.0,,,Tropical cyclone,,2.0,1363.0,,5704,match:1363.0,True,incompatible_date_intervals;multiple_dfo_event_ids
DFO,DFO-2824,Australia,AUS,2006-03-27,2006-03-29,0.0,0.0,57624.0,,,Torrential rain,,2.0,1363.0,,5710,match:1363.0,True,incompatible_date_intervals;multiple_dfo_event_ids
DFO,DFO-2828,Australia,AUS,2006-03-30,2006-04-05,0.0,500.0,191823.0,,,Tropical cyclone,,1.0,1363.0,,5718,match:1363.0,True,incompatible_date_intervals;multiple_dfo_event_ids
DFO,DFO-2836,Australia,AUS,2006-04-05,2006-04-10,0.0,1100.0,39366.0,,,Monsoonal rain,,1.0,1363.0,,5731,match:1363.0,True,incompatible_date_intervals;multiple_dfo_event_ids
EM-DAT,2006-0179-AUS,Australia,AUS,2006-04-05,2006-04-10,,1100.0,,-14.18,132.39,Riverine flood,,39370.0,1363.0,,5732,match:1363.0,True,incompatible_date_intervals;multiple_dfo_event_ids
DFO,DFO-2837,Kenya,KEN,2006-04-04,2006-05-22,60.0,17300.0,538046.0,,,Heavy rain,,1.0,1365.0,,5726,match:1365.0,True,multiple_emdat_event_ids
EM-DAT,2006-0178-KEN,Kenya,KEN,2006-04-04,2006-05-22,60.0,17300.0,,2.25,37.53,Riverine flood,,538000.0,1365.0,,5728,match:1365.0,True,multiple_emdat_event_ids
EM-DAT,2006-0234-KEN,Kenya,KEN,2006-04-25,2006-05-04,8.0,13000.0,,,,Riverine flood,,,1365.0,,5768,match:1365.0,True,multiple_emdat_event_ids
DFO,DFO-2806,Brazil,BRA,2006-02-13,2006-03-20,3.0,33000.0,149086.0,,,Heavy rain,,1.0,1370.0,,5670,match:1370.0,True,incompatible_date_intervals;multiple_dfo_event_ids
DFO,DFO-2842,Brazil,BRA,2006-03-25,2006-04-23,8.0,116000.0,1164022.0,,,Heavy rain,,1.0,1370.0,,5706,match:1370.0,True,incompatible_date_intervals;multiple_dfo_event_ids
EM-DAT,2006-0201-BRA,Brazil,BRA,2006-03-25,2006-04-23,8.0,116000.0,,2.81,-52.29,Riverine flood,,1164000.0,1370.0,,5707,match:1370.0,True,incompatible_date_intervals;multiple_dfo_event_ids
DFO,DFO-2795,Papua New Guinea,PNG,2006-02-03,2006-02-19,1.0,12000.0,34452.0,,,Heavy rain,,2.0,1376.0,,5657,match:1376.0,True,multiple_dfo_event_ids
EM-DAT,2006-0082-PNG,Papua New Guinea,PNG,2006-02-03,2006-02-19,1.0,12000.0,,-9.07,147.28,Riverine flood,,34450.0,1376.0,,5658,match:1376.0,True,multiple_dfo_event_ids
DFO,DFO-2812,Papua New Guinea,PNG,2006-02-18,2006-02-24,6.0,5000.0,7507.0,,,Heavy rain,,1.0,1376.0,,5678,match:1376.0,True,multiple_dfo_event_ids
DFO,DFO-2788,Indonesia,IDN,2006-01-22,2006-01-27,11.0,3000.0,47810.0,,,Monsoonal rain,,1.0,1378.0,,5643,match:1378.0,True,incompatible_date_intervals;multiple_dfo_event_ids;multiple_emdat_event_ids
DFO,DFO-2789,Indonesia,IDN,2006-01-26,2006-02-14,19.0,10000.0,73074.0,,,Monsoonal rain,,1.0,1378.0,,5647,match:1378.0,True,incompatible_date_intervals;multiple_dfo_event_ids;multiple_emdat_event_ids
EM-DAT,2006-0074-IDN,Indonesia,IDN,2006-01-26,2006-02-14,19.0,10000.0,,-6.85,108.59,Riverine flood,27100.0,73070.0,1378.0,,5649,match:1378.0,True,incompatible_date_intervals;multiple_dfo_event_ids;multiple_emdat_event_ids
DFO,DFO-2796,Indonesia,IDN,2006-02-07,2006-02-13,0.0,300.0,29004.0,,,Heavy rain,,1.0,1378.0,,5663,match:1378.0,True,incompatible_date_intervals;multiple_dfo_event_ids;multiple_emdat_event_ids
DFO,DFO-2807,Indonesia,IDN,2006-02-13,2006-02-23,33.0,17500.0,33831.0,,,Monsoonal rain,,1.0,1378.0,,5671,match:1378.0,True,incompatible_date_intervals;multiple_dfo_event_ids;multiple_emdat_event_ids
EM-DAT,2006-0099-IDN,Indonesia,IDN,2006-02-13,2006-02-23,39.0,17539.0,,1.07,124.66,Flash flood,25000.0,33830.0,1378.0,,5672,match:1378.0,True,incompatible_date_intervals;multiple_dfo_event_ids;multiple_emdat_event_ids
DFO,DFO-2785,Philippines,PHL,2006-01-26,2006-02-05,4.0,256641.0,63468.0,,,Heavy rain,,1.0,1381.0,,5646,match:1381.0,True,incompatible_date_intervals;multiple_dfo_event_ids
EM-DAT,2006-0040-PHL,Philippines,PHL,2006-01-26,2006-02-05,4.0,256641.0,,17.02,121.82,Flash flood,9600.0,63470.0,1381.0,,5648,match:1381.0,True,incompatible_date_intervals;multiple_dfo_event_ids
DFO,DFO-2800,Philippines,PHL,2006-02-10,2006-02-18,20.0,30000.0,78790.0,,,Monsoonal rain,,1.0,1381.0,,5666,match:1381.0,True,incompatible_date_intervals;multiple_dfo_event_ids
DFO,DFO-2791,Fiji,FJI,2006-01-29,2006-02-06,0.0,168.0,6258.0,,,Tropical cyclone,,1.0,1382.0,,5652,match:1382.0,True,multiple_dfo_event_ids
DFO,DFO-2794,Fiji,FJI,2006-02-04,2006-02-09,4.0,224.0,2373.0,,,Heavy rain,,1.0,1382.0,,5659,match:1382.0,True,multiple_dfo_event_ids
EM-DAT,2006-0071-FJI,Fiji,FJI,2006-02-04,2006-02-09,4.0,224.0,,-16.45,179.65,Riverine flood,500.0,2370.0,1382.0,,5662,match:1382.0,True,multiple_dfo_event_ids
EM-DAT,2005-0718-IDN,Indonesia,IDN,2005-12-31,2006-01-03,79.0,7811.0,,,,Flash flood,,,1387.0,,5627,match:1387.0,True,incompatible_date_intervals;multiple_dfo_event_ids
DFO,DFO-2777,Indonesia,IDN,2006-01-01,2006-01-04,125.0,7781.0,2551.0,,,Monsoonal rain,,1.0,1387.0,,5628,match:1387.0,True,incompatible_date_intervals;multiple_dfo_event_ids
DFO,DFO-2779,Indonesia,IDN,2006-01-08,2006-01-12,0.0,6000.0,913.0,,,Heavy rain,,1.0,1387.0,,5636,match:1387.0,True,incompatible_date_intervals;multiple_dfo_event_ids
DFO,DFO-2768,Thailand • Malaysia,,2005-11-23,2006-01-12,69.0,700000.0,70521.0,,,Monsoonal rain,,2.0,1395.0,transboundary (2 countries),5605,match:1395.0,True,multiple_emdat_event_ids
EM-DAT,2005-0690-MYS,Malaysia,MYS,2005-11-23,2006-01-12,9.0,30000.0,,,,Flash flood,,,1395.0,,5606,match:1395.0,True,multiple_emdat_event_ids
EM-DAT,2005-0690-THA,Thailand,THA,2005-11-23,2006-01-12,55.0,700000.0,,,,Flash flood,97000.0,,1395.0,,5607,match:1395.0,True,multiple_emdat_event_ids
EM-DAT,2006-0037-MYS,Malaysia,MYS,2006-01-09,2006-01-09,,1112.0,,,,Riverine flood,,,1395.0,,5640,match:1395.0,True,multiple_emdat_event_ids
DFO,DFO-2725,Viet Nam • Cambodia,,2005-09-08,2005-11-01,69.0,30000.0,154794.0,,,Monsoonal rain,,1.0,1398.0,transboundary (2 countries),5532,match:1398.0,True,incompatible_date_intervals;multiple_dfo_event_ids;multiple_emdat_event_ids
EM-DAT,2005-0822-KHM,Cambodia,KHM,2005-09-08,2005-09-29,16.0,,,,,Riverine flood,,,1398.0,,5533,match:1398.0,True,incompatible_date_intervals;multiple_dfo_event_ids;multiple_emdat_event_ids
EM-DAT,2005-0822-VNM,Viet Nam,VNM,2005-09-08,2005-09-29,39.0,30000.0,,,,Riverine flood,,54540.0,1398.0,,5534,match:1398.0,True,incompatible_date_intervals;multiple_dfo_event_ids;multiple_emdat_event_ids
DFO,DFO-2732,Viet Nam,VNM,2005-09-18,2005-09-24,8.0,8500.0,10779.0,,,Tropical cyclone,,1.0,1398.0,,5547,match:1398.0,True,incompatible_date_intervals;multiple_dfo_event_ids;multiple_emdat_event_ids
DFO,DFO-2736,China • Viet Nam,,2005-09-26,2005-10-06,104.0,470000.0,491950.0,,,Tropical cyclone,,2.0,1398.0,transboundary (2 countries),5557,match:1398.0,True,incompatible_date_intervals;multiple_dfo_event_ids;multiple_emdat_event_ids
DFO,DFO-2743,China,CHN,2005-09-29,2005-10-06,2.0,24000.0,29517.0,,,Heavy rain,,1.0,1398.0,,5565,match:1398.0,True,incompatible_date_intervals;multiple_dfo_event_ids;multiple_emdat_event_ids
EM-DAT,2005-0592-CHN,China,CHN,2005-09-29,2005-10-06,20.0,4610000.0,,,,Riverine flood,239000.0,29520.0,1398.0,,5566,match:1398.0,True,incompatible_date_intervals;multiple_dfo_event_ids;multiple_emdat_event_ids
DFO,DFO-2745,China,CHN,2005-10-02,2005-10-06,95.0,0.0,13903.0,,,Tropical cyclone,,1.0,1398.0,,5569,match:1398.0,True,incompatible_date_intervals;multiple_dfo_event_ids;multiple_emdat_event_ids
DFO,DFO-2746,China,CHN,2005-10-03,2005-10-06,16.0,359000.0,12376.0,,,Heavy rain,,1.0,1398.0,,5570,match:1398.0,True,incompatible_date_intervals;multiple_dfo_event_ids;multiple_emdat_event_ids
EM-DAT,2005-0600-CHN,China,CHN,2005-10-03,2005-10-06,20.0,80000.0,,,,Riverine flood,240000.0,12380.0,1398.0,,5575,match:1398.0,True,incompatible_date_intervals;multiple_dfo_event_ids;multiple_emdat_event_ids
DFO,DFO-2748,Viet Nam,VNM,2005-10-07,2005-10-11,17.0,10000.0,8374.0,,,Heavy rain,,1.0,1398.0,,5576,match:1398.0,True,incompatible_date_intervals;multiple_dfo_event_ids;multiple_emdat_event_ids
EM-DAT,2005-0584-VNM,Viet Nam,VNM,2005-10-07,2005-10-10,17.0,10000.0,,,,Riverine flood,15000.0,8370.0,1398.0,,5577,match:1398.0,True,incompatible_date_intervals;multiple_dfo_event_ids;multiple_emdat_event_ids
DFO,DFO-2757,Viet Nam,VNM,2005-10-20,2005-10-28,67.0,1500.0,28848.0,,,Heavy rain,,1.0,1398.0,,5586,match:1398.0,True,incompatible_date_intervals;multiple_dfo_event_ids;multiple_emdat_event_ids
EM-DAT,2005-0628-VNM,Viet Nam,VNM,2005-10-20,2005-10-28,67.0,33800.0,,,,Flash flood,12000.0,28850.0,1398.0,,5587,match:1398.0,True,incompatible_date_intervals;multiple_dfo_event_ids;multiple_emdat_event_ids
DFO,DFO-2760,Viet Nam,VNM,2005-11-02,2005-11-04,20.0,15000.0,16657.0,,,Tropical cyclone,,1.0,1398.0,,5596,match:1398.0,True,incompatible_date_intervals;multiple_dfo_event_ids;multiple_emdat_event_ids
DFO,DFO-2754,India,IND,2005-10-21,2005-10-28,13.0,3000000.0,29111.0,,,Heavy rain,,1.0,1399.0,,5588,match:1399.0,True,incompatible_date_intervals;multiple_dfo_event_ids;multiple_emdat_event_ids
EM-DAT,2005-0599-IND,India,IND,2005-10-21,2005-10-24,19.0,2250000.0,,,,Riverine flood,117000.0,29110.0,1399.0,,5589,match:1399.0,True,incompatible_date_intervals;multiple_dfo_event_ids;multiple_emdat_event_ids
DFO,DFO-2758,India,IND,2005-10-23,2005-12-09,279.0,300000.0,131308.0,,,Monsoonal rain,,1.0,1399.0,,5592,match:1399.0,True,incompatible_date_intervals;multiple_dfo_event_ids;multiple_emdat_event_ids
EM-DAT,2005-0627-IND,India,IND,2005-10-23,2005-11-13,162.0,2000000.0,,,,Riverine flood,,131300.0,1399.0,,5593,match:1399.0,True,incompatible_date_intervals;multiple_dfo_event_ids;multiple_emdat_event_ids
EM-DAT,2005-0677-IND,India,IND,2005-12-02,2005-12-03,30.0,200000.0,,,,Riverine flood,,,1399.0,,5610,match:1399.0,True,incompatible_date_intervals;multiple_dfo_event_ids;multiple_emdat_event_ids
DFO,DFO-2735,United States of America,USA,2005-09-23,2005-10-01,0.0,0.0,33403.0,,,Tropical cyclone,,1.0,1402.0,,5554,match:1402.0,True,incompatible_date_intervals;multiple_dfo_event_ids
DFO,DFO-2749,United States of America,USA,2005-10-08,2005-10-17,11.0,3000.0,38292.0,,,Heavy rain,,2.0,1402.0,,5578,match:1402.0,True,incompatible_date_intervals;multiple_dfo_event_ids
EM-DAT,2005-0583-USA,United States of America,USA,2005-10-08,2005-10-16,11.0,3000.0,,,,Riverine flood,,38290.0,1402.0,,5579,match:1402.0,True,incompatible_date_intervals;multiple_dfo_event_ids
DFO,DFO-2728,India,IND,2005-09-14,2005-09-30,89.0,550000.0,374449.0,,,Heavy rain,,1.0,1409.0,,5539,match:1409.0,True,incompatible_date_intervals;multiple_dfo_event_ids;multiple_emdat_event_ids
EM-DAT,2005-0541-IND,India,IND,2005-09-14,2005-09-20,89.0,550000.0,,,,Riverine flood,420000.0,312900.0,1409.0,,5540,match:1409.0,True,incompatible_date_intervals;multiple_dfo_event_ids;multiple_emdat_event_ids
DFO,DFO-2731,India,IND,2005-09-16,2005-10-05,23.0,0.0,308729.0,,,Monsoonal rain,,1.0,1409.0,,5545,match:1409.0,True,incompatible_date_intervals;multiple_dfo_event_ids;multiple_emdat_event_ids
EM-DAT,2005-0539-IND,India,IND,2005-09-16,2005-09-19,23.0,2504.0,,,,Riverine flood,,308700.0,1409.0,,5546,match:1409.0,True,incompatible_date_intervals;multiple_dfo_event_ids;multiple_emdat_event_ids
DFO,DFO-2734,India,IND,2005-09-22,2005-10-11,15.0,0.0,53195.0,,,Heavy rain,,1.0,1409.0,,5552,match:1409.0,True,incompatible_date_intervals;multiple_dfo_event_ids;multiple_emdat_event_ids
EM-DAT,2005-0603-IND,India,IND,2005-09-22,2005-10-11,15.0,,,,,Riverine flood,,53200.0,1409.0,,5553,match:1409.0,True,incompatible_date_intervals;multiple_dfo_event_ids;multiple_emdat_event_ids
EM-DAT,2022-0442-AFG,Afghanistan,AFG,2022-06-30,2022-07-11,44.0,14554.0,,,,Flash flood,,,141.0,,10886,match:141.0,True,multiple_dfo_event_ids
DFO,DFO-5240,Afghanistan,AFG,2022-07-05,2022-07-07,10.0,0.0,44000.0,,,Heavy rain,,1.0,141.0,,10898,match:141.0,True,multiple_dfo_event_ids
DFO,DFO-5244,Afghanistan,AFG,2022-07-07,2022-07-11,39.0,0.0,37000.0,,,Heavy rain,,1.0,141.0,,10902,match:141.0,True,multiple_dfo_event_ids
EM-DAT,2005-0225-GEO,Georgia,GEO,2005-04-23,2005-04-28,,2500.0,,,,Riverine flood,,,1412.0,,5351,match:1412.0,True,incompatible_date_intervals;multiple_dfo_event_ids;multiple_emdat_event_ids
DFO,DFO-2650,Georgia • Russian Federation • Kazakhstan,,2005-04-25,2005-05-30,0.0,6000.0,1515482.0,,,Heavy rain,,1.0,1412.0,transboundary (3 countries),5352,match:1412.0,True,incompatible_date_intervals;multiple_dfo_event_ids;multiple_emdat_event_ids
EM-DAT,2005-0276-RUS,Russian Federation,RUS,2005-05-09,2005-05-10,,5000.0,,,,Riverine flood,21168.0,,1412.0,,5363,match:1412.0,True,incompatible_date_intervals;multiple_dfo_event_ids;multiple_emdat_event_ids
DFO,DFO-2659,Russian Federation • China,,2005-05-11,2005-06-07,1.0,50.0,379340.0,,,Heavy rain,,2.0,1412.0,transboundary (2 countries),5364,match:1412.0,True,incompatible_date_intervals;multiple_dfo_event_ids;multiple_emdat_event_ids
EM-DAT,2005-0285-RUS,Russian Federation,RUS,2005-05-11,2005-05-11,,138.0,,,,Riverine flood,2500.0,,1412.0,,5365,match:1412.0,True,incompatible_date_intervals;multiple_dfo_event_ids;multiple_emdat_event_ids
DFO,DFO-2661,China,CHN,2005-05-28,2005-05-29,8.0,0.0,2021.0,,,Torrential rain,,1.0,1412.0,,5381,match:1412.0,True,incompatible_date_intervals;multiple_dfo_event_ids;multiple_emdat_event_ids
EM-DAT,2005-0729-CHN,China,CHN,2005-05-28,2005-05-29,8.0,8842.0,,,,Flash flood,4600.0,2020.0,1412.0,,5383,match:1412.0,True,incompatible_date_intervals;multiple_dfo_event_ids;multiple_emdat_event_ids
DFO,DFO-2663,China,CHN,2005-05-30,2005-06-10,160.0,300000.0,679664.0,,,Heavy rain,,1.0,1412.0,,5384,match:1412.0,True,incompatible_date_intervals;multiple_dfo_event_ids;multiple_emdat_event_ids
DFO,DFO-2668,China,CHN,2005-06-10,2005-06-12,117.0,400.0,2332.0,,,Torrential rain,,2.0,1412.0,,5397,match:1412.0,True,incompatible_date_intervals;multiple_dfo_event_ids;multiple_emdat_event_ids
EM-DAT,2005-0307-CHN,China,CHN,2005-06-10,2005-06-12,117.0,425.0,,,,Flash flood,45000.0,2330.0,1412.0,,5398,match:1412.0,True,incompatible_date_intervals;multiple_dfo_event_ids;multiple_emdat_event_ids
DFO,DFO-2671,China,CHN,2005-06-17,2005-06-25,19.0,210000.0,93629.0,,,Heavy rain,,2.0,1412.0,,5404,match:1412.0,True,incompatible_date_intervals;multiple_dfo_event_ids;multiple_emdat_event_ids
EM-DAT,2005-0730-CHN,China,CHN,2005-06-17,2005-06-25,19.0,650000.0,,,,Riverine flood,180700.0,93630.0,1412.0,,5407,match:1412.0,True,incompatible_date_intervals;multiple_dfo_event_ids;multiple_emdat_event_ids
DFO,DFO-2674,China,CHN,2005-06-19,2005-06-30,200.0,1500000.0,226558.0,,,Heavy rain,,2.0,1412.0,,5410,match:1412.0,True,incompatible_date_intervals;multiple_dfo_event_ids;multiple_emdat_event_ids
EM-DAT,2005-0344-CHN,China,CHN,2005-06-19,2005-06-30,235.0,16700000.0,,,,Riverine flood,2160000.0,226600.0,1412.0,,5411,match:1412.0,True,incompatible_date_intervals;multiple_dfo_event_ids;multiple_emdat_event_ids
DFO,DFO-2684,China,CHN,2005-06-28,2005-07-19,65.0,428000.0,69403.0,,,Heavy rain,,1.0,1412.0,,5424,match:1412.0,True,incompatible_date_intervals;multiple_dfo_event_ids;multiple_emdat_event_ids
EM-DAT,2005-0334-CHN,China,CHN,2005-06-28,2005-07-10,58.0,11230230.0,,,,Riverine flood,607000.0,69400.0,1412.0,,5425,match:1412.0,True,incompatible_date_intervals;multiple_dfo_event_ids;multiple_emdat_event_ids
DFO,DFO-2688,China,CHN,2005-07-01,2005-08-12,5.0,1500.0,275029.0,,,Heavy rain,,1.0,1412.0,,5434,match:1412.0,True,incompatible_date_intervals;multiple_dfo_event_ids;multiple_emdat_event_ids
EM-DAT,2005-0751-CHN,China,CHN,2005-07-01,2005-08-12,5.0,1270000.0,,,,Riverine flood,271000.0,275000.0,1412.0,,5436,match:1412.0,True,incompatible_date_intervals;multiple_dfo_event_ids;multiple_emdat_event_ids
DFO,DFO-2693,China,CHN,2005-07-10,2005-07-18,0.0,0.0,101854.0,,,Heavy rain,,1.0,1412.0,,5452,match:1412.0,True,incompatible_date_intervals;multiple_dfo_event_ids;multiple_emdat_event_ids
DFO,DFO-2694,Taiwan (Province of China) • China,,2005-07-16,2005-07-20,17.0,0.0,12148.0,,,Tropical cyclone,,1.0,1412.0,transboundary (2 countries),5459,match:1412.0,True,incompatible_date_intervals;multiple_dfo_event_ids;multiple_emdat_event_ids
DFO,DFO-2696,China,CHN,2005-07-21,2005-07-22,16.0,0.0,396.0,,,Dam/Levy break or release,,1.0,1412.0,,5462,match:1412.0,True,incompatible_date_intervals;multiple_dfo_event_ids;multiple_emdat_event_ids
EM-DAT,2005-0505-CHN,China,CHN,2005-07-21,2005-07-22,16.0,23.0,,,,Riverine flood,560.0,390.0,1412.0,,5463,match:1412.0,True,incompatible_date_intervals;multiple_dfo_event_ids;multiple_emdat_event_ids
DFO,DFO-2706,China,CHN,2005-08-05,2005-08-14,7.0,230000.0,855820.0,,,Heavy rain,,1.0,1412.0,,5483,match:1412.0,True,incompatible_date_intervals;multiple_dfo_event_ids;multiple_emdat_event_ids
DFO,DFO-2711,China,CHN,2005-08-13,2005-08-20,15.0,206000.0,85857.0,,,Heavy rain,,1.0,1412.0,,5493,match:1412.0,True,incompatible_date_intervals;multiple_dfo_event_ids;multiple_emdat_event_ids
EM-DAT,2005-0475-CHN,China,CHN,2005-08-13,2005-08-20,52.0,188046.0,,,,Riverine flood,913000.0,85860.0,1412.0,,5495,match:1412.0,True,incompatible_date_intervals;multiple_dfo_event_ids;multiple_emdat_event_ids
DFO,DFO-2712,China,CHN,2005-08-14,2005-09-05,28.0,14500.0,43676.0,,,Heavy rain,,1.0,1412.0,,5496,match:1412.0,True,incompatible_date_intervals;multiple_dfo_event_ids;multiple_emdat_event_ids
EM-DAT,2005-0474-CHN,China,CHN,2005-08-14,2005-09-05,28.0,14500.0,,,,Riverine flood,,43680.0,1412.0,,5502,match:1412.0,True,incompatible_date_intervals;multiple_dfo_event_ids;multiple_emdat_event_ids
DFO,DFO-2722,Taiwan (Province of China) • China,,2005-09-01,2005-09-04,129.0,1840000.0,188694.0,,,Tropical cyclone,,1.0,1412.0,transboundary (2 countries),5527,match:1412.0,True,incompatible_date_intervals;multiple_dfo_event_ids;multiple_emdat_event_ids
DFO,DFO-2726,China,CHN,2005-09-11,2005-09-13,16.0,1350000.0,84372.0,,,Tropical cyclone,,1.0,1412.0,,5536,match:1412.0,True,incompatible_date_intervals;multiple_dfo_event_ids;multiple_emdat_event_ids
EM-DAT,2005-0472-ETH,Ethiopia,ETH,2005-08-19,2005-09-01,,7000.0,,,,Riverine flood,,52560.0,1419.0,,5507,match:1419.0,True,multiple_emdat_event_ids
DFO,DFO-2715,Ethiopia,ETH,2005-08-20,2005-09-07,3.0,7000.0,52560.0,,,Heavy rain,,1.0,1419.0,,5510,match:1419.0,True,multiple_emdat_event_ids
EM-DAT,2005-0485-ETH,Ethiopia,ETH,2005-09-01,2005-09-01,13.0,,,,,Riverine flood,,,1419.0,,5528,match:1419.0,True,multiple_emdat_event_ids
DFO,DFO-2714,Romania • Republic of Moldova,,2005-08-14,2005-09-02,34.0,2000.0,68755.0,,,Heavy rain,,1.0,1422.0,transboundary (2 countries),5498,match:1422.0,True,multiple_emdat_event_ids
EM-DAT,2005-0473-ROU,Romania,ROU,2005-08-14,2005-09-02,33.0,2000.0,,,,Riverine flood,313000.0,562.0,1422.0,,5501,match:1422.0,True,multiple_emdat_event_ids
EM-DAT,2005-0519-MDA,Republic of Moldova,MDA,2005-08-18,2005-08-19,,6500.0,,,,Riverine flood,7752.0,,1422.0,,5504,match:1422.0,True,multiple_emdat_event_ids
DFO,DFO-2708,Iran (Islamic Republic of),IRN,2005-08-09,2005-08-11,43.0,0.0,4900.0,,,Heavy rain,,1.0,1424.0,,5489,match:1424.0,True,incompatible_date_intervals;multiple_emdat_event_ids
EM-DAT,2005-0426-IRN,Iran (Islamic Republic of),IRN,2005-08-09,2005-08-11,43.0,1750.0,,,,Riverine flood,,4900.0,1424.0,,5490,match:1424.0,True,incompatible_date_intervals;multiple_emdat_event_ids
EM-DAT,2005-0436-IRN,Iran (Islamic Republic of),IRN,2005-08-15,2005-08-15,11.0,,,,,Flood (General),,,1424.0,,5503,match:1424.0,True,incompatible_date_intervals;multiple_emdat_event_ids
DFO,DFO-2705,Bulgaria,BGR,2005-08-04,2005-08-11,7.0,12000.0,44209.0,,,Heavy rain,,1.0,1427.0,,5478,match:1427.0,True,multiple_emdat_event_ids
EM-DAT,2005-0473-BGR,Bulgaria,BGR,2005-08-04,2005-08-11,7.0,,,,,Riverine flood,200000.0,,1427.0,,5481,match:1427.0,True,multiple_emdat_event_ids
EM-DAT,2005-0727-BGR,Bulgaria,BGR,2005-08-04,2005-08-11,7.0,12000.0,,,,Riverine flood,,44210.0,1427.0,,5482,match:1427.0,True,multiple_emdat_event_ids
DFO,DFO-2667,Tajikistan,TJK,2005-06-08,2005-06-10,6.0,2000.0,5936.0,,,Heavy rain,,1.0,1431.0,,5394,match:1431.0,True,incompatible_date_intervals;multiple_dfo_event_ids;multiple_emdat_event_ids
EM-DAT,2005-0304-TJK,Tajikistan,TJK,2005-06-08,2005-06-10,8.0,3222.0,,,,Riverine flood,,5930.0,1431.0,,5395,match:1431.0,True,incompatible_date_intervals;multiple_dfo_event_ids;multiple_emdat_event_ids
DFO,DFO-2670,Tajikistan • Afghanistan,,2005-06-15,2005-07-21,39.0,11000.0,102998.0,,,Heavy rain,,1.0,1431.0,transboundary (2 countries),5402,match:1431.0,True,incompatible_date_intervals;multiple_dfo_event_ids;multiple_emdat_event_ids
EM-DAT,2005-0322-AFG,Afghanistan,AFG,2005-06-16,2005-06-17,48.0,5040.0,,,,Riverine flood,,,1431.0,,5403,match:1431.0,True,incompatible_date_intervals;multiple_dfo_event_ids;multiple_emdat_event_ids
DFO,DFO-2675,Pakistan • Afghanistan,,2005-06-21,2005-08-05,5.0,50000.0,28631.0,,,Snowmelt,,2.0,1431.0,transboundary (2 countries),5412,match:1431.0,True,incompatible_date_intervals;multiple_dfo_event_ids;multiple_emdat_event_ids
EM-DAT,2005-0360-AFG,Afghanistan,AFG,2005-06-21,2005-08-05,,,,,,Riverine flood,,,1431.0,,5413,match:1431.0,True,incompatible_date_intervals;multiple_dfo_event_ids;multiple_emdat_event_ids
EM-DAT,2005-0360-PAK,Pakistan,PAK,2005-06-21,2005-08-05,39.0,460073.0,,,,Riverine flood,,28630.0,1431.0,,5414,match:1431.0,True,incompatible_date_intervals;multiple_dfo_event_ids;multiple_emdat_event_ids
DFO,DFO-2676,Bangladesh,BGD,2005-06-23,2005-06-30,5.0,70000.0,15322.0,,,Monsoonal rain,,1.0,1431.0,,5415,match:1431.0,True,incompatible_date_intervals;multiple_dfo_event_ids;multiple_emdat_event_ids
DFO,DFO-2678,India,IND,2005-06-26,2005-06-29,6.0,5000.0,6531.0,,,Heavy rain,,1.0,1431.0,,5419,match:1431.0,True,incompatible_date_intervals;multiple_dfo_event_ids;multiple_emdat_event_ids
EM-DAT,2005-0361-IND,India,IND,2005-06-26,2005-06-29,6.0,5000.0,,,,Riverine flood,23000.0,6530.0,1431.0,,5421,match:1431.0,True,incompatible_date_intervals;multiple_dfo_event_ids;multiple_emdat_event_ids
DFO,DFO-2680,India,IND,2005-06-28,2005-07-15,202.0,500000.0,73781.0,,,Monsoonal rain,,2.0,1431.0,,5423,match:1431.0,True,incompatible_date_intervals;multiple_dfo_event_ids;multiple_emdat_event_ids
EM-DAT,2005-0335-IND,India,IND,2005-06-28,2005-07-15,239.0,405000.0,,,,Riverine flood,2300000.0,,1431.0,,5426,match:1431.0,True,incompatible_date_intervals;multiple_dfo_event_ids;multiple_emdat_event_ids
DFO,DFO-2682,India,IND,2005-06-29,2005-07-03,1.0,140000.0,6803.0,,,Monsoonal rain,,1.0,1431.0,,5429,match:1431.0,True,incompatible_date_intervals;multiple_dfo_event_ids;multiple_emdat_event_ids
DFO,DFO-2686,India,IND,2005-07-02,2005-07-15,62.0,49000.0,55740.0,,,Monsoonal rain,,1.0,1431.0,,5437,match:1431.0,True,incompatible_date_intervals;multiple_dfo_event_ids;multiple_emdat_event_ids
EM-DAT,2005-0398-IND,India,IND,2005-07-02,2005-07-15,62.0,49000.0,,,,Riverine flood,,55740.0,1431.0,,5440,match:1431.0,True,incompatible_date_intervals;multiple_dfo_event_ids;multiple_emdat_event_ids
DFO,DFO-2689,Pakistan • India,,2005-07-05,2005-08-14,40.0,452000.0,433455.0,,,Monsoonal rain,,1.0,1431.0,transboundary (2 countries),5442,match:1431.0,True,incompatible_date_intervals;multiple_dfo_event_ids;multiple_emdat_event_ids
EM-DAT,2005-0746-IND,India,IND,2005-07-05,2005-08-14,10.0,2000.0,,,,Riverine flood,,,1431.0,,5443,match:1431.0,True,incompatible_date_intervals;multiple_dfo_event_ids;multiple_emdat_event_ids
EM-DAT,2005-0746-PAK,Pakistan,PAK,2005-07-05,2005-08-14,42.0,58020.0,,,,Riverine flood,,,1431.0,,5444,match:1431.0,True,incompatible_date_intervals;multiple_dfo_event_ids;multiple_emdat_event_ids
DFO,DFO-2690,India • Bangladesh,,2005-07-07,2005-07-27,40.0,3000000.0,823462.0,,,Monsoonal rain,,1.0,1431.0,transboundary (2 countries),5445,match:1431.0,True,incompatible_date_intervals;multiple_dfo_event_ids;multiple_emdat_event_ids
EM-DAT,2005-0375-BGD,Bangladesh,BGD,2005-07-07,2005-07-27,23.0,1000000.0,,,,Riverine flood,,,1431.0,,5447,match:1431.0,True,incompatible_date_intervals;multiple_dfo_event_ids;multiple_emdat_event_ids
EM-DAT,2005-0375-IND,India,IND,2005-07-07,2005-07-28,70.0,1908000.0,,,,Riverine flood,,,1431.0,,5448,match:1431.0,True,incompatible_date_intervals;multiple_dfo_event_ids;multiple_emdat_event_ids
EM-DAT,2005-0354-IND,India,IND,2005-07-09,2005-07-09,25.0,,,,,Riverine flood,,,1431.0,,5450,match:1431.0,True,incompatible_date_intervals;multiple_dfo_event_ids;multiple_emdat_event_ids
EM-DAT,2005-0399-IND,India,IND,2005-07-10,2005-07-10,12.0,10000.0,,,,Riverine flood,,,1431.0,,5454,match:1431.0,True,incompatible_date_intervals;multiple_dfo_event_ids;multiple_emdat_event_ids
DFO,DFO-2698,India,IND,2005-07-23,2005-08-16,126.0,100000.0,619198.0,,,Monsoonal rain,,1.0,1431.0,,5464,match:1431.0,True,incompatible_date_intervals;multiple_dfo_event_ids;multiple_emdat_event_ids
EM-DAT,2005-0370-TJK,Tajikistan,TJK,2005-07-23,2005-07-23,,1890.0,,,,Flash flood,50000.0,,1431.0,,5465,match:1431.0,True,incompatible_date_intervals;multiple_dfo_event_ids;multiple_emdat_event_ids
EM-DAT,2005-0504-IND,India,IND,2005-07-23,2005-08-16,126.0,100000.0,,,,Riverine flood,,619200.0,1431.0,,5466,match:1431.0,True,incompatible_date_intervals;multiple_dfo_event_ids;multiple_emdat_event_ids
DFO,DFO-2697,India,IND,2005-07-24,2005-08-05,987.0,160000.0,35552.0,,,Monsoonal rain,,1.0,1431.0,,5467,match:1431.0,True,incompatible_date_intervals;multiple_dfo_event_ids;multiple_emdat_event_ids
EM-DAT,2005-0409-IND,India,IND,2005-07-24,2005-08-05,1200.0,20000055.0,,,,Riverine flood,3330000.0,35550.0,1431.0,,5468,match:1431.0,True,incompatible_date_intervals;multiple_dfo_event_ids;multiple_emdat_event_ids
DFO,DFO-2700,India,IND,2005-07-30,2005-08-03,8.0,344857.0,11721.0,,,Monsoonal rain,,1.0,1431.0,,5470,match:1431.0,True,incompatible_date_intervals;multiple_dfo_event_ids;multiple_emdat_event_ids
EM-DAT,2005-0337-ROU,Romania,ROU,2005-07-01,2005-07-06,6.0,39702.0,,,,Riverine flood,,553.0,1433.0,,5435,match:1433.0,True,incompatible_date_intervals;multiple_dfo_event_ids;multiple_emdat_event_ids
DFO,DFO-2687,Romania • Bulgaria,,2005-07-02,2005-07-16,23.0,7000.0,72209.0,,,Heavy rain,,1.0,1433.0,transboundary (2 countries),5438,match:1433.0,True,incompatible_date_intervals;multiple_dfo_event_ids;multiple_emdat_event_ids
EM-DAT,2005-0338-BGR,Bulgaria,BGR,2005-07-02,2005-07-06,17.0,200.0,,,,Riverine flood,247000.0,280.0,1433.0,,5439,match:1433.0,True,incompatible_date_intervals;multiple_dfo_event_ids;multiple_emdat_event_ids
DFO,DFO-2692,Romania,ROU,2005-07-12,2005-07-28,23.0,13000.0,40037.0,,,Heavy rain,,2.0,1433.0,,5455,match:1433.0,True,incompatible_date_intervals;multiple_dfo_event_ids;multiple_emdat_event_ids
EM-DAT,2005-0365-ROU,Romania,ROU,2005-07-12,2005-07-28,24.0,14669.0,,,,Riverine flood,800000.0,993.0,1433.0,,5456,match:1433.0,True,incompatible_date_intervals;multiple_dfo_event_ids;multiple_emdat_event_ids
DFO,DFO-5237,Brazil,BRA,2022-07-02,2022-07-03,0.0,43000.0,132000.0,,,Torrential rain,,1.0,144.0,,10891,match:144.0,True,incompatible_date_intervals
EM-DAT,2022-0409-BRA,Brazil,BRA,2022-07-05,2022-07-06,12.0,67500.0,,,,Flood (General),264000.0,,144.0,,10900,match:144.0,True,incompatible_date_intervals
DFO,DFO-2656,Brazil,BRA,2005-05-24,2005-05-27,5.0,0.0,929.0,,,Torrential rain,,1.0,1441.0,,5372,match:1441.0,True,incompatible_date_intervals;multiple_dfo_event_ids
DFO,DFO-2664,Brazil,BRA,2005-06-01,2005-06-04,28.0,31000.0,6052.0,,,Heavy rain,,1.0,1441.0,,5385,match:1441.0,True,incompatible_date_intervals;multiple_dfo_event_ids
EM-DAT,2005-0296-BRA,Brazil,BRA,2005-06-01,2005-06-04,28.0,31000.0,,,,Riverine flood,,6050.0,1441.0,,5386,match:1441.0,True,incompatible_date_intervals;multiple_dfo_event_ids
EM-DAT,2005-0215-KEN,Kenya,KEN,2005-04-23,2005-04-26,1.0,25000.0,,,,Flash flood,500.0,,1447.0,,5349,match:1447.0,True,incompatible_date_intervals;multiple_emdat_event_ids
DFO,DFO-2652,Kenya • Uganda,,2005-05-03,2005-06-03,4.0,40000.0,443212.0,,,Heavy rain,,2.0,1447.0,transboundary (2 countries),5357,match:1447.0,True,incompatible_date_intervals;multiple_emdat_event_ids
EM-DAT,2005-0260-KEN,Kenya,KEN,2005-05-18,2005-05-24,5.0,10000.0,,,,Flash flood,,,1447.0,,5369,match:1447.0,True,incompatible_date_intervals;multiple_emdat_event_ids
DFO,DFO-2649,Ethiopia • Somalia,,2005-04-23,2005-06-14,177.0,260000.0,336115.0,,,Heavy rain,,2.0,1449.0,transboundary (2 countries),5347,match:1449.0,True,incompatible_date_intervals;multiple_emdat_event_ids
EM-DAT,2005-0215-ETH,Ethiopia,ETH,2005-04-23,2005-04-26,156.0,235418.0,,,,Flash flood,5000.0,,1449.0,,5348,match:1449.0,True,incompatible_date_intervals;multiple_emdat_event_ids
EM-DAT,2005-0215-SOM,Somalia,SOM,2005-04-23,2005-06-14,5.0,5020.0,,,,Flash flood,20.0,,1449.0,,5350,match:1449.0,True,incompatible_date_intervals;multiple_emdat_event_ids
EM-DAT,2005-0258-ETH,Ethiopia,ETH,2005-05-20,2005-05-22,42.0,,,,,Flash flood,1200.0,,1449.0,,5371,match:1449.0,True,incompatible_date_intervals;multiple_emdat_event_ids
EM-DAT,2005-0309-SOM,Somalia,SOM,2005-06-04,2005-06-05,7.0,2500.0,,,,Flash flood,,,1449.0,,5388,match:1449.0,True,incompatible_date_intervals;multiple_emdat_event_ids
DFO,DFO-2632,Afghanistan,AFG,2005-03-05,2005-04-05,26.0,5000.0,275340.0,,,Heavy rain,,1.0,1454.0,,5314,match:1454.0,True,incompatible_date_intervals;multiple_dfo_event_ids;multiple_emdat_event_ids
EM-DAT,2005-0101-AFG,Afghanistan,AFG,2005-03-05,2005-04-05,3.0,1500.0,,,,Riverine flood,,46050.0,1454.0,,5315,match:1454.0,True,incompatible_date_intervals;multiple_dfo_event_ids;multiple_emdat_event_ids
EM-DAT,2005-0169-AFG,Afghanistan,AFG,2005-03-05,2005-03-25,200.0,11003.0,,,,Riverine flood,,275300.0,1454.0,,5316,match:1454.0,True,incompatible_date_intervals;multiple_dfo_event_ids;multiple_emdat_event_ids
DFO,DFO-2639,Afghanistan,AFG,2005-03-15,2005-03-18,2.0,0.0,89539.0,,,Heavy rain,,1.0,1454.0,,5323,match:1454.0,True,incompatible_date_intervals;multiple_dfo_event_ids;multiple_emdat_event_ids
DFO,DFO-2644,Afghanistan,AFG,2005-03-29,2005-03-30,6.0,0.0,1438.0,,,Heavy rain,,1.0,1454.0,,5335,match:1454.0,True,incompatible_date_intervals;multiple_dfo_event_ids;multiple_emdat_event_ids
DFO,DFO-2629,Kazakhstan • Uzbekistan,,2005-02-24,2005-03-23,0.0,30000.0,135418.0,,,Dam/Levy break or release,,1.0,1459.0,transboundary (2 countries),5304,match:1459.0,True,multiple_dfo_event_ids
EM-DAT,2005-0116-KAZ,Kazakhstan,KAZ,2005-02-24,2005-03-23,,25000.0,,,,Flash flood,7662.0,,1459.0,,5305,match:1459.0,True,multiple_dfo_event_ids
EM-DAT,2005-0116-UZB,Uzbekistan,UZB,2005-02-24,2005-03-13,,1500.0,,,,Flash flood,,,1459.0,,5306,match:1459.0,True,multiple_dfo_event_ids
DFO,DFO-2636,China • Kazakhstan,,2005-03-11,2005-03-22,1.0,3000.0,220943.0,,,Heavy rain,,1.0,1459.0,transboundary (2 countries),5320,match:1459.0,True,multiple_dfo_event_ids
DFO,DFO-2623,Venezuela (Bolivarian Republic of),VEN,2005-02-07,2005-02-14,19.0,26000.0,11963.0,,,Heavy rain,,1.0,1463.0,,5294,match:1463.0,True,multiple_dfo_event_ids;multiple_emdat_event_ids
EM-DAT,2005-0073-VEN,Venezuela (Bolivarian Republic of),VEN,2005-02-07,2005-02-14,76.0,25042.0,,,,Riverine flood,50000.0,,1463.0,,5295,match:1463.0,True,multiple_dfo_event_ids;multiple_emdat_event_ids
DFO,DFO-2625,Colombia • Venezuela (Bolivarian Republic of),,2005-02-11,2005-02-26,95.0,70000.0,43717.0,,,Heavy rain,,1.0,1463.0,transboundary (2 countries),5298,match:1463.0,True,multiple_dfo_event_ids;multiple_emdat_event_ids
EM-DAT,2005-0083-COL,Colombia,COL,2005-02-11,2005-02-26,56.0,85729.0,,,,Riverine flood,10000.0,,1463.0,,5299,match:1463.0,True,multiple_dfo_event_ids;multiple_emdat_event_ids
DFO,DFO-2618,Brazil,BRA,2005-01-29,2005-01-31,10.0,0.0,127862.0,,,Heavy rain,,1.0,1465.0,,5288,match:1465.0,True,incompatible_date_intervals;multiple_dfo_event_ids
EM-DAT,2005-0054-BRA,Brazil,BRA,2005-01-29,2005-02-11,19.0,10000.0,,,,Riverine flood,,184290.0,1465.0,,5289,match:1465.0,True,incompatible_date_intervals;multiple_dfo_event_ids
DFO,DFO-2621,Brazil,BRA,2005-02-01,2005-02-11,9.0,9000.0,56393.0,,,Heavy rain,,1.0,1465.0,,5290,match:1465.0,True,incompatible_date_intervals;multiple_dfo_event_ids
DFO,DFO-2606,United States of America,USA,2005-01-05,2005-02-01,3.0,4000.0,285909.0,,,Heavy rain,,2.0,1471.0,,5266,match:1471.0,True,multiple_dfo_event_ids
EM-DAT,2005-0015-USA,United States of America,USA,2005-01-07,2005-01-11,28.0,508.0,,,,Riverine flood,200000.0,560.0,1471.0,,5268,match:1471.0,True,multiple_dfo_event_ids
DFO,DFO-2608,United States of America,USA,2005-01-08,2005-01-11,4.0,500.0,11751.0,,,Heavy rain,,1.0,1471.0,,5269,match:1471.0,True,multiple_dfo_event_ids
DFO,DFO-2610,United States of America,USA,2005-01-10,2005-01-13,1.0,850.0,71018.0,,,Heavy rain,,2.0,1471.0,,5272,match:1471.0,True,multiple_dfo_event_ids
DFO,DFO-2586,Paraguay • Argentina,,2004-11-07,2004-12-15,0.0,0.0,127493.0,,,Heavy rain,,1.0,1477.0,transboundary (2 countries),5230,match:1477.0,True,multiple_dfo_event_ids
DFO,DFO-2596,Argentina,ARG,2004-12-06,2004-12-10,0.0,5000.0,3232.0,,,Heavy rain,,1.0,1477.0,,5249,match:1477.0,True,multiple_dfo_event_ids
EM-DAT,2004-0624-ARG,Argentina,ARG,2004-12-06,2004-12-10,,5000.0,,,,Riverine flood,,3230.0,1477.0,,5250,match:1477.0,True,multiple_dfo_event_ids
DFO,DFO-5223,Bangladesh,BGD,2022-05-09,2022-05-24,0.0,7439.0,12000.0,,,Heavy rain,,1.5,148.0,,10843,match:148.0,True,incompatible_date_intervals;multiple_dfo_event_ids
EM-DAT,2022-0340-BGD,Bangladesh,BGD,2022-05-17,2022-09-30,141.0,7200000.0,,,,Flood (General),462500.0,,148.0,,10851,match:148.0,True,incompatible_date_intervals;multiple_dfo_event_ids
DFO,DFO-5232,Bangladesh,BGD,2022-06-10,2022-06-21,0.0,90000.0,6200.0,,,Heavy rain,,1.5,148.0,,10872,match:148.0,True,incompatible_date_intervals;multiple_dfo_event_ids
DFO,DFO-2585,Venezuela (Bolivarian Republic of),VEN,2004-11-17,2004-11-25,11.0,0.0,13177.0,,,Heavy rain,,1.0,1480.0,,5236,match:1480.0,True,multiple_dfo_event_ids
EM-DAT,2004-0676-VEN,Venezuela (Bolivarian Republic of),VEN,2004-11-17,2004-11-25,35.0,4000.0,,,,Riverine flood,,13180.0,1480.0,,5237,match:1480.0,True,multiple_dfo_event_ids
DFO,DFO-2588,Venezuela (Bolivarian Republic of),VEN,2004-11-20,2004-11-27,0.0,0.0,7328.0,,,Heavy rain,,1.0,1480.0,,5239,match:1480.0,True,multiple_dfo_event_ids
DFO,DFO-2507,India • Bangladesh,,2004-06-20,2004-10-07,3000.0,40000000.0,1162598.0,,,Monsoonal rain,,2.0,1485.0,transboundary (2 countries),5094,match:1485.0,True,incompatible_date_intervals;multiple_dfo_event_ids;multiple_emdat_event_ids
EM-DAT,2004-0298-BGD,Bangladesh,BGD,2004-06-20,2004-08-03,730.0,36000000.0,,,,Riverine flood,2200000.0,21420.0,1485.0,,5097,match:1485.0,True,incompatible_date_intervals;multiple_dfo_event_ids;multiple_emdat_event_ids
EM-DAT,2004-0298-IND,India,IND,2004-06-20,2004-08-01,900.0,33000000.0,,,,Riverine flood,2500000.0,,1485.0,,5098,match:1485.0,True,incompatible_date_intervals;multiple_dfo_event_ids;multiple_emdat_event_ids
DFO,DFO-2541,India • Pakistan,,2004-08-01,2004-09-08,210.0,100000.0,638380.0,,,Monsoonal rain,,1.0,1485.0,transboundary (2 countries),5155,match:1485.0,True,incompatible_date_intervals;multiple_dfo_event_ids;multiple_emdat_event_ids
EM-DAT,2004-0734-IND,India,IND,2004-08-01,2004-09-08,210.0,100000.0,,,,Riverine flood,276000.0,,1485.0,,5156,match:1485.0,True,incompatible_date_intervals;multiple_dfo_event_ids;multiple_emdat_event_ids
EM-DAT,2004-0734-PAK,Pakistan,PAK,2004-08-01,2004-09-08,,,,,,Riverine flood,,,1485.0,,5157,match:1485.0,True,incompatible_date_intervals;multiple_dfo_event_ids;multiple_emdat_event_ids
EM-DAT,2004-0470-BGD,Bangladesh,BGD,2004-09-11,2004-09-18,20.0,600000.0,,,,Riverine flood,,,1485.0,,5195,match:1485.0,True,incompatible_date_intervals;multiple_dfo_event_ids;multiple_emdat_event_ids
EM-DAT,2004-0489-IND,India,IND,2004-09-20,2004-09-22,33.0,,,,,Flash flood,,,1485.0,,5203,match:1485.0,True,incompatible_date_intervals;multiple_dfo_event_ids;multiple_emdat_event_ids
DFO,DFO-2570,India • Bangladesh,,2004-10-07,2004-10-18,210.0,100000.0,161740.0,,,Heavy rain,,1.0,1485.0,transboundary (2 countries),5209,match:1485.0,True,incompatible_date_intervals;multiple_dfo_event_ids;multiple_emdat_event_ids
EM-DAT,2004-0509-BGD,Bangladesh,BGD,2004-10-07,2004-10-18,11.0,271700.0,,,,Flash flood,,,1485.0,,5211,match:1485.0,True,incompatible_date_intervals;multiple_dfo_event_ids;multiple_emdat_event_ids
EM-DAT,2004-0509-IND,India,IND,2004-10-07,2004-10-18,160.0,100000.0,,,,Flash flood,,,1485.0,,5212,match:1485.0,True,incompatible_date_intervals;multiple_dfo_event_ids;multiple_emdat_event_ids
DFO,DFO-2545,Nigeria,NGA,2004-08-08,2004-08-10,0.0,15000.0,518.0,,,Heavy rain,,1.0,1495.0,,5164,match:1495.0,True,multiple_dfo_event_ids;multiple_emdat_event_ids
DFO,DFO-2546,Nigeria,NGA,2004-08-08,2004-08-12,65.0,2500.0,5488.0,,,Heavy rain,,1.0,1495.0,,5165,match:1495.0,True,multiple_dfo_event_ids;multiple_emdat_event_ids
EM-DAT,2004-0402-NGA,Nigeria,NGA,2004-08-08,2004-08-10,,15000.0,,,,Riverine flood,,510.0,1495.0,,5166,match:1495.0,True,multiple_dfo_event_ids;multiple_emdat_event_ids
EM-DAT,2004-0413-NGA,Nigeria,NGA,2004-08-08,2004-08-12,65.0,10600.0,,,,Flash flood,,5480.0,1495.0,,5167,match:1495.0,True,multiple_dfo_event_ids;multiple_emdat_event_ids
DFO,DFO-2536,Thailand,THA,2004-07-27,2004-08-02,3.0,0.0,17192.0,,,Heavy rain,,1.0,1497.0,,5144,match:1497.0,True,incompatible_date_intervals;multiple_dfo_event_ids;multiple_emdat_event_ids
DFO,DFO-2543,Thailand,THA,2004-08-06,2004-10-03,11.0,60000.0,378045.0,,,Monsoonal rain,,2.0,1497.0,,5160,match:1497.0,True,incompatible_date_intervals;multiple_dfo_event_ids;multiple_emdat_event_ids
EM-DAT,2004-0441-THA,Thailand,THA,2004-08-06,2004-08-30,9.0,500000.0,,,,Riverine flood,,154400.0,1497.0,,5161,match:1497.0,True,incompatible_date_intervals;multiple_dfo_event_ids;multiple_emdat_event_ids
EM-DAT,2004-0501-THA,Thailand,THA,2004-09-15,2004-09-15,2.0,2000.0,,,,Flash flood,,,1497.0,,5200,match:1497.0,True,incompatible_date_intervals;multiple_dfo_event_ids;multiple_emdat_event_ids
EM-DAT,2022-0315-SUR,Suriname,SUR,2022-03-01,2022-06-24,,9000.0,,,,Flood (General),21000.0,,150.0,,10791,match:150.0,True,multiple_emdat_event_ids
EM-DAT,2022-0375-GUY,Guyana,GUY,2022-05-15,2022-06-02,,500.0,,,,Flood (General),,,150.0,,10849,match:150.0,True,multiple_emdat_event_ids
DFO,DFO-5226,Guyana • Suriname • French Guiana,,2022-05-25,2022-05-30,0.0,110.0,70000.0,,,Heavy rain,,1.5,150.0,transboundary (3 countries),10859,match:150.0,True,multiple_emdat_event_ids
DFO,DFO-2502,China,CHN,2004-06-14,2004-06-16,2.0,0.0,47478.0,,,Heavy rain,,1.0,1502.0,,5087,match:1502.0,True,incompatible_date_intervals;multiple_dfo_event_ids;multiple_emdat_event_ids
EM-DAT,2004-0287-CHN,China,CHN,2004-06-14,2004-06-16,5.0,90000.0,,,,Riverine flood,,47480.0,1502.0,,5088,match:1502.0,True,incompatible_date_intervals;multiple_dfo_event_ids;multiple_emdat_event_ids
DFO,DFO-2508,China,CHN,2004-06-20,2004-06-25,27.0,168000.0,92248.0,,,Heavy rain,,1.0,1502.0,,5095,match:1502.0,True,incompatible_date_intervals;multiple_dfo_event_ids;multiple_emdat_event_ids
EM-DAT,2004-0284-CHN,China,CHN,2004-06-20,2004-06-25,47.0,168500.0,,,,Riverine flood,361000.0,92250.0,1502.0,,5096,match:1502.0,True,incompatible_date_intervals;multiple_dfo_event_ids;multiple_emdat_event_ids
EM-DAT,2004-0299-CHN,China,CHN,2004-06-22,2004-06-23,,556073.0,,,,Riverine flood,,,1502.0,,5100,match:1502.0,True,incompatible_date_intervals;multiple_dfo_event_ids;multiple_emdat_event_ids
DFO,DFO-2515,China,CHN,2004-06-28,2004-06-30,15.0,0.0,14994.0,,,Heavy rain,,1.0,1502.0,,5107,match:1502.0,True,incompatible_date_intervals;multiple_dfo_event_ids;multiple_emdat_event_ids
EM-DAT,2004-0306-CHN,China,CHN,2004-06-28,2004-06-30,15.0,,,,,Riverine flood,,14990.0,1502.0,,5108,match:1502.0,True,incompatible_date_intervals;multiple_dfo_event_ids;multiple_emdat_event_ids
DFO,DFO-2518,China,CHN,2004-07-04,2004-07-23,35.0,26000.0,44797.0,,,Heavy rain,,1.0,1502.0,,5115,match:1502.0,True,incompatible_date_intervals;multiple_dfo_event_ids;multiple_emdat_event_ids
DFO,DFO-2533,China,CHN,2004-07-12,2004-07-30,11.0,0.0,106553.0,,,Heavy rain,,1.0,1502.0,,5120,match:1502.0,True,incompatible_date_intervals;multiple_dfo_event_ids;multiple_emdat_event_ids
DFO,DFO-2522,China,CHN,2004-07-14,2004-07-27,24.0,82000.0,156996.0,,,Heavy rain,,1.0,1502.0,,5127,match:1502.0,True,incompatible_date_intervals;multiple_dfo_event_ids;multiple_emdat_event_ids
EM-DAT,2004-0372-CHN,China,CHN,2004-07-15,2004-07-20,133.0,33652026.0,,,,Riverine flood,1100000.0,27920.0,1502.0,,5132,match:1502.0,True,incompatible_date_intervals;multiple_dfo_event_ids;multiple_emdat_event_ids
DFO,DFO-2525,China,CHN,2004-07-16,2004-07-30,0.0,150000.0,52797.0,,,Heavy rain,,1.0,1502.0,,5134,match:1502.0,True,incompatible_date_intervals;multiple_dfo_event_ids;multiple_emdat_event_ids
DFO,DFO-2527,China,CHN,2004-07-17,2004-07-30,2.0,135000.0,86024.0,,,Heavy rain,,2.0,1502.0,,5136,match:1502.0,True,incompatible_date_intervals;multiple_dfo_event_ids;multiple_emdat_event_ids
DFO,DFO-2485,United States of America,USA,2004-05-22,2004-05-26,1.0,150.0,117313.0,,,Heavy rain,,1.0,1508.0,,5058,match:1508.0,True,incompatible_date_intervals;multiple_dfo_event_ids;multiple_emdat_event_ids
DFO,DFO-2488,United States of America,USA,2004-05-27,2004-06-01,3.0,0.0,59888.0,,,Heavy rain,,1.0,1508.0,,5064,match:1508.0,True,incompatible_date_intervals;multiple_dfo_event_ids;multiple_emdat_event_ids
EM-DAT,2004-0248-USA,United States of America,USA,2004-05-28,2004-05-28,,4929.0,,,,Riverine flood,,,1508.0,,5066,match:1508.0,True,incompatible_date_intervals;multiple_dfo_event_ids;multiple_emdat_event_ids
DFO,DFO-2491,United States of America,USA,2004-06-03,2004-10-11,0.0,300.0,608.0,,,Dam/Levy break or release,,1.0,1508.0,,5070,match:1508.0,True,incompatible_date_intervals;multiple_dfo_event_ids;multiple_emdat_event_ids
DFO,DFO-2520,United States of America,USA,2004-07-12,2004-07-15,0.0,500.0,2442.0,,,Heavy rain,,2.0,1508.0,,5119,match:1508.0,True,incompatible_date_intervals;multiple_dfo_event_ids;multiple_emdat_event_ids
EM-DAT,2004-0675-USA,United States of America,USA,2004-07-12,2004-07-14,1.0,,,,,Riverine flood,500000.0,,1508.0,,5122,match:1508.0,True,incompatible_date_intervals;multiple_dfo_event_ids;multiple_emdat_event_ids
DFO,DFO-2514,Philippines,PHL,2004-06-28,2004-06-30,5.0,1200.0,2080.0,,,Heavy rain,,1.0,1511.0,,5106,match:1511.0,True,multiple_dfo_event_ids
EM-DAT,2004-0311-PHL,Philippines,PHL,2004-06-28,2004-06-30,15.0,1500.0,,,,Flash flood,,2080.0,1511.0,,5109,match:1511.0,True,multiple_dfo_event_ids
DFO,DFO-2516,Philippines • Taiwan (Province of China),,2004-06-29,2004-07-13,54.0,385000.0,84822.0,,,Tropical cyclone,,2.0,1511.0,transboundary (2 countries),5110,match:1511.0,True,multiple_dfo_event_ids
DFO,DFO-2503,Nigeria,NGA,2004-06-17,2004-06-18,0.0,0.0,337.0,,,Heavy rain,,1.0,1512.0,,5089,match:1512.0,True,incompatible_date_intervals;multiple_dfo_event_ids;multiple_emdat_event_ids
EM-DAT,2004-0268-NGA,Nigeria,NGA,2004-06-17,2004-06-18,,1000.0,,,,Riverine flood,,340.0,1512.0,,5091,match:1512.0,True,incompatible_date_intervals;multiple_dfo_event_ids;multiple_emdat_event_ids
DFO,DFO-2509,Nigeria,NGA,2004-06-22,2004-06-25,0.0,300.0,8716.0,,,Heavy rain,,1.0,1512.0,,5099,match:1512.0,True,incompatible_date_intervals;multiple_dfo_event_ids;multiple_emdat_event_ids
EM-DAT,2004-0315-NGA,Nigeria,NGA,2004-06-22,2004-06-25,4.0,300.0,,,,Riverine flood,,8720.0,1512.0,,5101,match:1512.0,True,incompatible_date_intervals;multiple_dfo_event_ids;multiple_emdat_event_ids
DFO,DFO-2487,China,CHN,2004-05-27,2004-05-28,18.0,0.0,114.0,,,Dam/Levy break or release,,1.0,1516.0,,5063,match:1516.0,True,incompatible_date_intervals;multiple_dfo_event_ids;multiple_emdat_event_ids
EM-DAT,2004-0247-CHN,China,CHN,2004-05-27,2004-05-28,18.0,,,,,Flash flood,,114.0,1516.0,,5065,match:1516.0,True,incompatible_date_intervals;multiple_dfo_event_ids;multiple_emdat_event_ids
DFO,DFO-2489,China,CHN,2004-05-31,2004-06-01,4.0,0.0,2442.0,,,Torrential rain,,1.0,1516.0,,5067,match:1516.0,True,incompatible_date_intervals;multiple_dfo_event_ids;multiple_emdat_event_ids
DFO,DFO-2493,China,CHN,2004-06-05,2004-06-06,3.0,0.0,9845.0,,,Torrential rain,,1.0,1516.0,,5074,match:1516.0,True,incompatible_date_intervals;multiple_dfo_event_ids;multiple_emdat_event_ids
EM-DAT,2004-0303-CHN,China,CHN,2004-06-05,2004-06-06,3.0,740.0,,,,Flash flood,,9850.0,1516.0,,5077,match:1516.0,True,incompatible_date_intervals;multiple_dfo_event_ids;multiple_emdat_event_ids
DFO,DFO-5222,Colombia,COL,2022-05-20,2022-05-24,0.0,280.0,63000.0,,,Heavy rain,,1.0,152.0,,10852,match:152.0,True,incompatible_date_intervals
EM-DAT,2022-0328-COL,Colombia,COL,2022-05-25,2022-05-27,,5000.0,,,,Flood (General),,,152.0,,10860,match:152.0,True,incompatible_date_intervals
DFO,DFO-2463,Russian Federation • Belarus • Latvia • Ukraine,,2004-03-30,2004-05-05,0.0,1220.0,839987.0,,,Rain and snowmelt,,1.0,1523.0,transboundary (4 countries),5022,match:1523.0,True,incompatible_date_intervals;multiple_dfo_event_ids;multiple_emdat_event_ids
EM-DAT,2004-0164-RUS,Russian Federation,RUS,2004-03-30,2004-04-09,,1220.0,,,,Riverine flood,1797.0,840000.0,1523.0,,5023,match:1523.0,True,incompatible_date_intervals;multiple_dfo_event_ids;multiple_emdat_event_ids
DFO,DFO-2471,Russian Federation,RUS,2004-04-14,2004-05-16,18.0,4800.0,264456.0,,,Rain and snowmelt,,1.0,1523.0,,5037,match:1523.0,True,incompatible_date_intervals;multiple_dfo_event_ids;multiple_emdat_event_ids
EM-DAT,2004-0172-RUS,Russian Federation,RUS,2004-04-14,2004-05-18,18.0,4800.0,,,,Riverine flood,50000.0,264500.0,1523.0,,5040,match:1523.0,True,incompatible_date_intervals;multiple_dfo_event_ids;multiple_emdat_event_ids
DFO,DFO-2460,Bosnia and Herzegovina • Croatia,,2004-03-23,2004-04-03,0.0,0.0,47165.0,,,Heavy rain,,1.0,1526.0,transboundary (2 countries),5015,match:1526.0,True,incompatible_date_intervals;multiple_dfo_event_ids;multiple_emdat_event_ids
EM-DAT,2004-0169-BIH,Bosnia and Herzegovina,BIH,2004-03-23,2004-04-03,,3000.0,,,,Riverine flood,,47170.0,1526.0,,5016,match:1526.0,True,incompatible_date_intervals;multiple_dfo_event_ids;multiple_emdat_event_ids
EM-DAT,2004-0163-BIH,Bosnia and Herzegovina,BIH,2004-04-06,2004-05-02,,275000.0,,,,Riverine flood,,200.0,1526.0,,5026,match:1526.0,True,incompatible_date_intervals;multiple_dfo_event_ids;multiple_emdat_event_ids
DFO,DFO-2469,Bosnia and Herzegovina • Croatia,,2004-04-12,2004-05-02,0.0,1200.0,104997.0,,,Heavy rain,,1.0,1526.0,transboundary (2 countries),5034,match:1526.0,True,incompatible_date_intervals;multiple_dfo_event_ids;multiple_emdat_event_ids
DFO,DFO-2467,Kenya,KEN,2004-04-09,2004-05-11,50.0,15000.0,268299.0,,,Heavy rain,,1.0,1528.0,,5029,match:1528.0,True,multiple_emdat_event_ids
EM-DAT,2004-0152-KEN,Kenya,KEN,2004-04-09,2004-04-12,4.0,2000.0,,,,Flash flood,,8880.0,1528.0,,5030,match:1528.0,True,multiple_emdat_event_ids
EM-DAT,2004-0194-KEN,Kenya,KEN,2004-04-09,2004-05-11,50.0,10000.0,,,,Riverine flood,,268300.0,1528.0,,5031,match:1528.0,True,multiple_emdat_event_ids
EM-DAT,2022-0266-USA,United States of America,USA,2022-04-01,2022-05-05,,,,,,Flood (General),,,153.0,,10812,match:153.0,True,incompatible_date_intervals
DFO,DFO-5217,United States of America,USA,2022-05-07,2022-05-07,0.0,75.0,64.0,,,Ice jam/break-up,,1.0,153.0,,10840,match:153.0,True,incompatible_date_intervals
DFO,DFO-2417,Australia,AUS,2004-01-14,2004-02-25,0.0,3400.0,1231896.0,,,Monsoonal rain,,2.0,1534.0,,4956,match:1534.0,True,incompatible_date_intervals;multiple_dfo_event_ids
EM-DAT,2004-0091-AUS,Australia,AUS,2004-01-14,2004-02-25,,3400.0,,,,Riverine flood,32000.0,1232000.0,1534.0,,4958,match:1534.0,True,incompatible_date_intervals;multiple_dfo_event_ids
DFO,DFO-2424,Australia,AUS,2004-01-29,2004-02-05,0.0,0.0,17758.0,,,Heavy rain,,2.0,1534.0,,4969,match:1534.0,True,incompatible_date_intervals;multiple_dfo_event_ids
DFO,DFO-2436,Australia,AUS,2004-02-13,2004-02-17,0.0,0.0,32951.0,,,Heavy rain,,1.0,1534.0,,4983,match:1534.0,True,incompatible_date_intervals;multiple_dfo_event_ids
DFO,DFO-2441,Australia,AUS,2004-02-18,2004-03-10,0.0,0.0,338694.0,,,Heavy rain,,1.0,1534.0,,4987,match:1534.0,True,incompatible_date_intervals;multiple_dfo_event_ids
DFO,DFO-2442,Australia,AUS,2004-02-20,2004-03-07,0.0,0.0,42115.0,,,Heavy rain,,1.0,1534.0,,4989,match:1534.0,True,incompatible_date_intervals;multiple_dfo_event_ids
DFO,DFO-2444,Australia,AUS,2004-03-01,2004-03-09,0.0,0.0,111021.0,,,Tropical cyclone,,2.0,1534.0,,4992,match:1534.0,True,incompatible_date_intervals;multiple_dfo_event_ids
DFO,DFO-2393,Brazil,BRA,2003-11-29,2003-11-30,7.0,2000.0,3338.0,,,Heavy rain,,1.0,1535.0,,4910,match:1535.0,True,incompatible_date_intervals;multiple_dfo_event_ids;multiple_emdat_event_ids
EM-DAT,2003-0579-BRA,Brazil,BRA,2003-11-29,2003-11-29,7.0,2000.0,,,,Riverine flood,,,1535.0,,4912,match:1535.0,True,incompatible_date_intervals;multiple_dfo_event_ids;multiple_emdat_event_ids
EM-DAT,2003-0673-BRA,Brazil,BRA,2003-12-01,2004-02-19,161.0,175470.0,,,,Riverine flood,303000.0,,1535.0,,4921,match:1535.0,True,incompatible_date_intervals;multiple_dfo_event_ids;multiple_emdat_event_ids
DFO,DFO-2418,Brazil,BRA,2004-01-10,2004-03-08,161.0,230000.0,2018522.0,,,Heavy rain,,1.0,1535.0,,4954,match:1535.0,True,incompatible_date_intervals;multiple_dfo_event_ids;multiple_emdat_event_ids
DFO,DFO-2440,Brazil,BRA,2004-02-11,2004-05-05,0.0,0.0,139113.0,,,Heavy rain,,1.0,1535.0,,4980,match:1535.0,True,incompatible_date_intervals;multiple_dfo_event_ids;multiple_emdat_event_ids
DFO,DFO-2443,Bolivia (Plurinational State of) • Brazil,,2004-02-23,2004-04-01,0.0,0.0,209387.0,,,Heavy rain,,1.0,1535.0,transboundary (2 countries),4991,match:1535.0,True,incompatible_date_intervals;multiple_dfo_event_ids;multiple_emdat_event_ids
DFO,DFO-2437,Indonesia,IDN,2004-02-17,2004-02-25,0.0,4000.0,3686.0,,,Heavy rain,,1.0,1536.0,,4985,match:1536.0,True,multiple_dfo_event_ids
DFO,DFO-2438,Indonesia,IDN,2004-02-18,2004-02-23,5.0,13000.0,285.0,,,Heavy rain,,1.0,1536.0,,4986,match:1536.0,True,multiple_dfo_event_ids
EM-DAT,2004-0098-IDN,Indonesia,IDN,2004-02-18,2004-02-23,5.0,13000.0,,,,Riverine flood,60000.0,280.0,1536.0,,4988,match:1536.0,True,multiple_dfo_event_ids
DFO,DFO-2439,Indonesia,IDN,2004-02-22,2004-02-25,1.0,3000.0,1084.0,,,Heavy rain,,1.0,1536.0,,4990,match:1536.0,True,multiple_dfo_event_ids
DFO,DFO-2425,Angola • Namibia,,2004-01-27,2004-03-01,0.0,0.0,75083.0,,,Heavy rain,,1.0,1539.0,transboundary (2 countries),4967,match:1539.0,True,multiple_dfo_event_ids;multiple_emdat_event_ids
EM-DAT,2004-0019-AGO,Angola,AGO,2004-01-27,2004-03-01,27.0,331700.0,,,,Riverine flood,,,1539.0,,4968,match:1539.0,True,multiple_dfo_event_ids;multiple_emdat_event_ids
DFO,DFO-2430,Namibia • Zambia,,2004-02-01,2004-06-02,10.0,40000.0,615606.0,,,Heavy rain,,2.0,1539.0,transboundary (2 countries),4971,match:1539.0,True,multiple_dfo_event_ids;multiple_emdat_event_ids
EM-DAT,2004-0159-AGO,Angola,AGO,2004-02-01,2004-06-02,,,,,,Riverine flood,,,1539.0,,4972,match:1539.0,True,multiple_dfo_event_ids;multiple_emdat_event_ids
EM-DAT,2004-0159-NAM,Namibia,NAM,2004-02-01,2004-06-02,,20000.0,,,,Riverine flood,,,1539.0,,4974,match:1539.0,True,multiple_dfo_event_ids;multiple_emdat_event_ids
EM-DAT,2004-0159-ZMB,Zambia,ZMB,2004-02-01,2004-06-02,2.0,196398.0,,,,Riverine flood,,,1539.0,,4975,match:1539.0,True,multiple_dfo_event_ids;multiple_emdat_event_ids
EM-DAT,2004-0149-NAM,Namibia,NAM,2004-03-01,2004-03-01,,5000.0,,,,Riverine flood,,,1539.0,,4993,match:1539.0,True,multiple_dfo_event_ids;multiple_emdat_event_ids
DFO,DFO-2409,Bolivia (Plurinational State of),BOL,2003-12-22,2003-12-26,35.0,0.0,8232.0,,,Heavy rain,,1.0,1542.0,,4941,match:1542.0,True,incompatible_date_intervals;multiple_dfo_event_ids
EM-DAT,2003-0621-BOL,Bolivia (Plurinational State of),BOL,2003-12-22,2004-01-22,69.0,45004.0,,,,Riverine flood,1000.0,8230.0,1542.0,,4942,match:1542.0,True,incompatible_date_intervals;multiple_dfo_event_ids
DFO,DFO-2416,Bolivia (Plurinational State of),BOL,2004-01-10,2004-01-11,0.0,40000.0,3573.0,,,Heavy rain,,1.0,1542.0,,4953,match:1542.0,True,incompatible_date_intervals;multiple_dfo_event_ids
EM-DAT,2003-0604-MYS,Malaysia,MYS,2003-11-29,2003-12-02,5.0,3000.0,,,,Flash flood,,,1545.0,,4913,match:1545.0,True,incompatible_date_intervals;multiple_dfo_event_ids;multiple_emdat_event_ids
DFO,DFO-2401,Malaysia,MYS,2003-11-30,2003-12-18,5.0,3000.0,22660.0,,,Heavy rain,,1.0,1545.0,,4915,match:1545.0,True,incompatible_date_intervals;multiple_dfo_event_ids;multiple_emdat_event_ids
DFO,DFO-2406,Malaysia,MYS,2003-12-17,2004-01-10,0.0,2000.0,21651.0,,,Heavy rain,,1.0,1545.0,,4935,match:1545.0,True,incompatible_date_intervals;multiple_dfo_event_ids;multiple_emdat_event_ids
EM-DAT,2003-0655-MYS,Malaysia,MYS,2003-12-17,2004-01-05,,2000.0,,,,Riverine flood,,21720.0,1545.0,,4936,match:1545.0,True,incompatible_date_intervals;multiple_dfo_event_ids;multiple_emdat_event_ids
DFO,DFO-2389,Indonesia,IDN,2003-11-22,2003-11-24,3.0,12000.0,703.0,,,Heavy rain,,1.0,1548.0,,4904,match:1548.0,True,incompatible_date_intervals;multiple_dfo_event_ids;multiple_emdat_event_ids
DFO,DFO-2397,Indonesia,IDN,2003-11-30,2003-12-06,0.0,4000.0,3602.0,,,Heavy rain,,1.0,1548.0,,4914,match:1548.0,True,incompatible_date_intervals;multiple_dfo_event_ids;multiple_emdat_event_ids
EM-DAT,2003-0593-IDN,Indonesia,IDN,2003-11-30,2003-12-06,8.0,25000.0,,,,Riverine flood,,1500.0,1548.0,,4917,match:1548.0,True,incompatible_date_intervals;multiple_dfo_event_ids;multiple_emdat_event_ids
DFO,DFO-2399,Indonesia,IDN,2003-12-05,2003-12-10,0.0,1000.0,540.0,,,Heavy rain,,1.0,1548.0,,4925,match:1548.0,True,incompatible_date_intervals;multiple_dfo_event_ids;multiple_emdat_event_ids
DFO,DFO-2403,Indonesia,IDN,2003-12-10,2004-01-23,148.0,350000.0,82420.0,,,Heavy rain,,2.0,1548.0,,4928,match:1548.0,True,incompatible_date_intervals;multiple_dfo_event_ids;multiple_emdat_event_ids
EM-DAT,2003-0776-IDN,Indonesia,IDN,2003-12-10,2004-01-05,148.0,350000.0,,,,Riverine flood,,79400.0,1548.0,,4929,match:1548.0,True,incompatible_date_intervals;multiple_dfo_event_ids;multiple_emdat_event_ids
DFO,DFO-5209,Brazil,BRA,2022-04-26,2022-04-26,0.0,880.0,2200.0,,,Heavy rain,,1.0,155.0,,10828,match:155.0,True,incompatible_date_intervals;multiple_dfo_event_ids
DFO,DFO-5216,Brazil,BRA,2022-05-02,2022-05-05,3.0,7500.0,67000.0,,,Heavy rain,,1.5,155.0,,10837,match:155.0,True,incompatible_date_intervals;multiple_dfo_event_ids
EM-DAT,2022-0265-BRA,Brazil,BRA,2022-05-03,2022-05-05,3.0,44000.0,,,,Flood (General),93000.0,,155.0,,10839,match:155.0,True,incompatible_date_intervals;multiple_dfo_event_ids
EM-DAT,2003-0578-COL,Colombia,COL,2003-08-01,2003-12-01,42.0,35752.0,,,,Riverine flood,,,1551.0,,4779,match:1551.0,True,incompatible_date_intervals;multiple_dfo_event_ids
DFO,DFO-2373,Colombia,COL,2003-10-29,2003-11-04,16.0,0.0,171071.0,,,Heavy rain,,1.0,1551.0,,4881,match:1551.0,True,incompatible_date_intervals;multiple_dfo_event_ids
DFO,DFO-2394,Colombia,COL,2003-11-29,2003-12-01,4.0,0.0,5584.0,,,Heavy rain,,1.0,1551.0,,4911,match:1551.0,True,incompatible_date_intervals;multiple_dfo_event_ids
DFO,DFO-2382,United States of America,USA,2003-11-12,2003-11-13,18.0,0.0,255.0,,,Torrential rain,,1.0,1553.0,,4896,match:1553.0,True,incompatible_date_intervals;multiple_dfo_event_ids
EM-DAT,2003-0663-USA,United States of America,USA,2003-11-12,2003-11-13,18.0,,,,,Flash flood,,250.0,1553.0,,4898,match:1553.0,True,incompatible_date_intervals;multiple_dfo_event_ids
DFO,DFO-2388,United States of America,USA,2003-11-19,2003-11-22,9.0,250.0,213998.0,,,Heavy rain,,2.0,1553.0,,4903,match:1553.0,True,incompatible_date_intervals;multiple_dfo_event_ids
DFO,DFO-2366,United States of America • Mexico,,2003-10-12,2003-10-24,0.0,50.0,62961.0,,,Heavy rain,,2.0,1560.0,transboundary (2 countries),4868,match:1560.0,True,multiple_dfo_event_ids
DFO,DFO-2369,Canada • United States of America,,2003-10-17,2003-10-26,4.0,4000.0,70921.0,,,Heavy rain,,2.0,1560.0,transboundary (2 countries),4874,match:1560.0,True,multiple_dfo_event_ids
EM-DAT,2003-0511-CAN,Canada,CAN,2003-10-17,2003-10-26,2.0,800.0,,,,Riverine flood,15000.0,,1560.0,,4876,match:1560.0,True,multiple_dfo_event_ids
EM-DAT,2003-0511-USA,United States of America,USA,2003-10-17,2003-10-26,,,,,,Riverine flood,,,1560.0,,4877,match:1560.0,True,multiple_dfo_event_ids
DFO,DFO-2347,Thailand,THA,2003-09-12,2003-10-12,7.0,10000.0,314896.0,,,Monsoonal rain,,1.0,1561.0,,4843,match:1561.0,True,incompatible_date_intervals;multiple_dfo_event_ids;multiple_emdat_event_ids
EM-DAT,2003-0774-THA,Thailand,THA,2003-10-03,2003-10-25,,,,,,Riverine flood,,,1561.0,,4866,match:1561.0,True,incompatible_date_intervals;multiple_dfo_event_ids;multiple_emdat_event_ids
EM-DAT,2003-0561-THA,Thailand,THA,2003-10-15,2003-10-15,3.0,3000.0,,,,Riverine flood,25000.0,,1561.0,,4873,match:1561.0,True,incompatible_date_intervals;multiple_dfo_event_ids;multiple_emdat_event_ids
DFO,DFO-2370,Thailand,THA,2003-10-17,2003-11-04,3.0,3000.0,11463.0,,,Monsoonal rain,,2.0,1561.0,,4875,match:1561.0,True,incompatible_date_intervals;multiple_dfo_event_ids;multiple_emdat_event_ids
DFO,DFO-2311,Nigeria,NGA,2003-08-05,2003-10-12,7.0,10000.0,138853.0,,,Heavy rain,,1.0,1565.0,,4788,match:1565.0,True,multiple_dfo_event_ids
DFO,DFO-2314,Nigeria,NGA,2003-08-05,2003-10-12,7.0,10000.0,19629.0,,,Heavy rain,,1.0,1565.0,,4789,match:1565.0,True,multiple_dfo_event_ids
DFO,DFO-2345,Nigeria,NGA,2003-09-05,2003-10-28,16.0,210000.0,134916.0,,,Heavy rain,,1.0,1565.0,,4835,match:1565.0,True,multiple_dfo_event_ids
EM-DAT,2003-0455-NGA,Nigeria,NGA,2003-09-05,2003-10-28,16.0,210000.0,,,,Riverine flood,2570.0,134900.0,1565.0,,4836,match:1565.0,True,multiple_dfo_event_ids
DFO,DFO-2361,Nigeria,NGA,2003-09-22,2003-10-10,28.0,1000.0,137750.0,,,Heavy rain,,1.0,1565.0,,4858,match:1565.0,True,multiple_dfo_event_ids
DFO,DFO-2261,China,CHN,2003-06-23,2003-07-28,430.0,1500000.0,1540349.0,,,Heavy rain,,1.0,1566.0,,4717,match:1566.0,True,incompatible_date_intervals;multiple_dfo_event_ids;multiple_emdat_event_ids
EM-DAT,2003-0315-CHN,China,CHN,2003-06-23,2003-07-28,430.0,150146000.0,,,,Riverine flood,7890000.0,1287000.0,1566.0,,4719,match:1566.0,True,incompatible_date_intervals;multiple_dfo_event_ids;multiple_emdat_event_ids
DFO,DFO-2269,China,CHN,2003-07-01,2003-08-07,18.0,1600000.0,126534.0,,,Heavy rain,,2.0,1566.0,,4726,match:1566.0,True,incompatible_date_intervals;multiple_dfo_event_ids;multiple_emdat_event_ids
EM-DAT,2003-0331-CHN,China,CHN,2003-07-01,2003-08-07,30.0,1200000.0,,,,Riverine flood,4830000.0,108400.0,1566.0,,4728,match:1566.0,True,incompatible_date_intervals;multiple_dfo_event_ids;multiple_emdat_event_ids
DFO,DFO-2278,China,CHN,2003-07-12,2003-07-15,1.0,0.0,103778.0,,,Heavy rain,,1.0,1566.0,,4740,match:1566.0,True,incompatible_date_intervals;multiple_dfo_event_ids;multiple_emdat_event_ids
DFO,DFO-2291,China,CHN,2003-07-23,2003-07-25,14.0,30000.0,50628.0,,,Tropical cyclone,,1.0,1566.0,,4762,match:1566.0,True,incompatible_date_intervals;multiple_dfo_event_ids;multiple_emdat_event_ids
DFO,DFO-2296,China,CHN,2003-07-27,2003-10-10,0.0,1000.0,215591.0,,,Heavy rain,,1.0,1566.0,,4766,match:1566.0,True,incompatible_date_intervals;multiple_dfo_event_ids;multiple_emdat_event_ids
DFO,DFO-2301,China,CHN,2003-07-30,2003-08-01,2.0,0.0,9891.0,,,Heavy rain,,1.0,1566.0,,4776,match:1566.0,True,incompatible_date_intervals;multiple_dfo_event_ids;multiple_emdat_event_ids
DFO,DFO-2321,China,CHN,2003-08-01,2003-08-25,1.0,600.0,323815.0,,,Heavy rain,,1.0,1566.0,,4777,match:1566.0,True,incompatible_date_intervals;multiple_dfo_event_ids;multiple_emdat_event_ids
DFO,DFO-2332,China,CHN,2003-08-24,2003-11-12,123.0,670000.0,471061.0,,,Heavy rain,,2.0,1566.0,,4815,match:1566.0,True,incompatible_date_intervals;multiple_dfo_event_ids;multiple_emdat_event_ids
EM-DAT,2003-0440-CHN,China,CHN,2003-08-24,2003-11-12,123.0,200000.0,,,,Riverine flood,2440000.0,471100.0,1566.0,,4816,match:1566.0,True,incompatible_date_intervals;multiple_dfo_event_ids;multiple_emdat_event_ids
DFO,DFO-2328,China • Viet Nam,,2003-08-25,2003-08-26,3.0,0.0,27219.0,,,Tropical cyclone,,1.0,1566.0,transboundary (2 countries),4817,match:1566.0,True,incompatible_date_intervals;multiple_dfo_event_ids;multiple_emdat_event_ids
DFO,DFO-2337,China,CHN,2003-08-26,2003-08-30,17.0,0.0,6155.0,,,Heavy rain,,1.0,1566.0,,4820,match:1566.0,True,incompatible_date_intervals;multiple_dfo_event_ids;multiple_emdat_event_ids
DFO,DFO-2353,China,CHN,2003-09-20,2003-09-22,13.0,8000.0,2293.0,,,Heavy rain,,1.0,1566.0,,4851,match:1566.0,True,incompatible_date_intervals;multiple_dfo_event_ids;multiple_emdat_event_ids
EM-DAT,2003-0724-CHN,China,CHN,2003-09-20,2003-09-22,13.0,8000.0,,,,Riverine flood,9640.0,2290.0,1566.0,,4853,match:1566.0,True,incompatible_date_intervals;multiple_dfo_event_ids;multiple_emdat_event_ids
DFO,DFO-2248,Bangladesh • India,,2003-06-11,2003-10-10,600.0,9500000.0,702362.0,,,Monsoonal rain,,2.0,1568.0,transboundary (2 countries),4697,match:1568.0,True,incompatible_date_intervals;multiple_dfo_event_ids;multiple_emdat_event_ids
EM-DAT,2003-0283-BGD,Bangladesh,BGD,2003-06-11,2003-10-10,187.0,50000.0,,,,Riverine flood,,,1568.0,,4698,match:1568.0,True,incompatible_date_intervals;multiple_dfo_event_ids;multiple_emdat_event_ids
EM-DAT,2003-0283-IND,India,IND,2003-06-11,2003-10-10,142.0,4550000.0,,,,Riverine flood,,,1568.0,,4699,match:1568.0,True,incompatible_date_intervals;multiple_dfo_event_ids;multiple_emdat_event_ids
DFO,DFO-2257,Bangladesh,BGD,2003-06-19,2003-07-03,55.0,20000.0,4231.0,,,Monsoonal rain,,1.0,1568.0,,4711,match:1568.0,True,incompatible_date_intervals;multiple_dfo_event_ids;multiple_emdat_event_ids
EM-DAT,2003-0303-BGD,Bangladesh,BGD,2003-06-19,2003-07-03,65.0,500000.0,,,,Flash flood,,4230.0,1568.0,,4713,match:1568.0,True,incompatible_date_intervals;multiple_dfo_event_ids;multiple_emdat_event_ids
DFO,DFO-2260,India,IND,2003-06-20,2003-06-26,4.0,0.0,37685.0,,,Monsoonal rain,,1.0,1568.0,,4714,match:1568.0,True,incompatible_date_intervals;multiple_dfo_event_ids;multiple_emdat_event_ids
DFO,DFO-2258,India,IND,2003-06-21,2003-06-24,4.0,0.0,767.0,,,Monsoonal rain,,1.0,1568.0,,4715,match:1568.0,True,incompatible_date_intervals;multiple_dfo_event_ids;multiple_emdat_event_ids
DFO,DFO-2279,Pakistan • India,,2003-07-15,2003-09-01,285.0,900000.0,868201.0,,,Monsoonal rain,,1.0,1568.0,transboundary (2 countries),4743,match:1568.0,True,incompatible_date_intervals;multiple_dfo_event_ids;multiple_emdat_event_ids
EM-DAT,2003-0387-IND,India,IND,2003-07-15,2003-09-01,13.0,14500.0,,,,Riverine flood,,,1568.0,,4745,match:1568.0,True,incompatible_date_intervals;multiple_dfo_event_ids;multiple_emdat_event_ids
EM-DAT,2003-0387-PAK,Pakistan,PAK,2003-07-15,2003-09-01,,,,,,Riverine flood,,,1568.0,,4746,match:1568.0,True,incompatible_date_intervals;multiple_dfo_event_ids;multiple_emdat_event_ids
EM-DAT,2003-0719-IND,India,IND,2003-07-16,2003-07-16,150.0,30.0,,,,Flash flood,,,1568.0,,4747,match:1568.0,True,incompatible_date_intervals;multiple_dfo_event_ids;multiple_emdat_event_ids
EM-DAT,2003-0359-PAK,Pakistan,PAK,2003-07-22,2003-08-05,230.0,1266223.0,,,,Riverine flood,,3079.0,1568.0,,4760,match:1568.0,True,incompatible_date_intervals;multiple_dfo_event_ids;multiple_emdat_event_ids
DFO,DFO-2299,India,IND,2003-07-29,2003-08-02,2.0,14000.0,12777.0,,,Monsoonal rain,,1.0,1568.0,,4770,match:1568.0,True,incompatible_date_intervals;multiple_dfo_event_ids;multiple_emdat_event_ids
DFO,DFO-2312,India,IND,2003-07-29,2003-08-03,2.0,14000.0,21088.0,,,Monsoonal Rain and Dam Break,,1.5,1568.0,,4773,match:1568.0,True,incompatible_date_intervals;multiple_dfo_event_ids;multiple_emdat_event_ids
EM-DAT,2003-0720-IND,India,IND,2003-08-07,2003-08-07,43.0,15.0,,,,Flash flood,,,1568.0,,4792,match:1568.0,True,incompatible_date_intervals;multiple_dfo_event_ids;multiple_emdat_event_ids
DFO,DFO-2338,India,IND,2003-08-27,2003-10-20,67.0,3000000.0,117884.0,,,Monsoonal rain,,1.0,1568.0,,4824,match:1568.0,True,incompatible_date_intervals;multiple_dfo_event_ids;multiple_emdat_event_ids
EM-DAT,2003-0683-IND,India,IND,2003-08-27,2003-10-20,67.0,3000000.0,,,,Riverine flood,169000.0,117900.0,1568.0,,4825,match:1568.0,True,incompatible_date_intervals;multiple_dfo_event_ids;multiple_emdat_event_ids
DFO,DFO-2343,Pakistan,PAK,2003-09-05,2003-09-06,30.0,0.0,3519.0,,,Torrential rain,,1.0,1568.0,,4833,match:1568.0,True,incompatible_date_intervals;multiple_dfo_event_ids;multiple_emdat_event_ids
EM-DAT,2003-0681-PAK,Pakistan,PAK,2003-09-05,2003-09-09,36.0,20.0,,,,Flash flood,,3519.0,1568.0,,4838,match:1568.0,True,incompatible_date_intervals;multiple_dfo_event_ids;multiple_emdat_event_ids
EM-DAT,2003-0775-IND,India,IND,2003-09-10,2003-09-10,37.0,,,,,Riverine flood,,,1568.0,,4842,match:1568.0,True,incompatible_date_intervals;multiple_dfo_event_ids;multiple_emdat_event_ids
EM-DAT,2022-0266-CAN,Canada,CAN,2022-04-22,2022-04-25,,1000.0,,,,Flood (General),,,157.0,,10824,match:157.0,True,incompatible_date_intervals
DFO,DFO-5213,Canada,CAN,2022-04-28,2022-05-02,0.0,1000.0,2030.0,,,Ice jam/break-up,,1.0,157.0,,10832,match:157.0,True,incompatible_date_intervals
DFO,DFO-2298,Sudan • Eritrea,,2003-07-28,2003-08-21,20.0,325000.0,95753.0,,,Heavy rain,,2.0,1577.0,transboundary (2 countries),4767,match:1577.0,True,multiple_dfo_event_ids
EM-DAT,2003-0368-ERI,Eritrea,ERI,2003-07-28,2003-08-21,,,,,,Riverine flood,,,1577.0,,4768,match:1577.0,True,multiple_dfo_event_ids
EM-DAT,2003-0368-SDN,Sudan,SDN,2003-07-28,2003-08-21,20.0,325056.0,,,,Riverine flood,184000.0,,1577.0,,4769,match:1577.0,True,multiple_dfo_event_ids
DFO,DFO-2307,Sudan,SDN,2003-08-03,2003-08-25,9.0,13000.0,118350.0,,,Heavy rain,,1.0,1577.0,,4782,match:1577.0,True,multiple_dfo_event_ids
EM-DAT,2022-0232-COD,Democratic Republic of the Congo,COD,2022-04-23,2022-04-23,9.0,,,,,Flood (General),,,158.0,,10825,match:158.0,True,incompatible_date_intervals
DFO,DFO-5218,Democratic Republic of the Congo,COD,2022-04-26,2022-05-04,8.0,7500.0,120.0,,,Heavy rain,,1.0,158.0,,10829,match:158.0,True,incompatible_date_intervals
DFO,DFO-2259,United States of America,USA,2003-06-22,2003-06-28,0.0,250.0,18774.0,,,Heavy rain,,1.0,1580.0,,4716,match:1580.0,True,incompatible_date_intervals;multiple_dfo_event_ids
DFO,DFO-2273,United States of America,USA,2003-07-05,2003-07-21,3.0,1200.0,150550.0,,,Heavy rain,,2.0,1580.0,,4736,match:1580.0,True,incompatible_date_intervals;multiple_dfo_event_ids
EM-DAT,2003-0334-USA,United States of America,USA,2003-07-05,2003-07-21,3.0,1200.0,,,,Riverine flood,106000.0,150500.0,1580.0,,4737,match:1580.0,True,incompatible_date_intervals;multiple_dfo_event_ids
DFO,DFO-2286,United States of America,USA,2003-07-21,2003-07-28,3.0,1000.0,12173.0,,,Heavy rain,,1.0,1580.0,,4754,match:1580.0,True,incompatible_date_intervals;multiple_dfo_event_ids
DFO,DFO-2295,United States of America,USA,2003-07-27,2003-07-31,0.0,20.0,13112.0,,,Heavy rain,,1.0,1580.0,,4765,match:1580.0,True,incompatible_date_intervals;multiple_dfo_event_ids
DFO,DFO-2271,Afghanistan,AFG,2003-07-02,2003-07-05,0.0,0.0,4100.0,,,Heavy rain,,1.0,1583.0,,4730,match:1583.0,True,incompatible_date_intervals;multiple_dfo_event_ids;multiple_emdat_event_ids
DFO,DFO-2272,Afghanistan,AFG,2003-07-05,2003-07-06,2.0,280.0,1496.0,,,Torrential rain,,1.0,1583.0,,4735,match:1583.0,True,incompatible_date_intervals;multiple_dfo_event_ids;multiple_emdat_event_ids
DFO,DFO-2277,Afghanistan,AFG,2003-07-09,2003-07-11,9.0,0.0,1444.0,,,Torrential rain,,1.0,1583.0,,4738,match:1583.0,True,incompatible_date_intervals;multiple_dfo_event_ids;multiple_emdat_event_ids
EM-DAT,2003-0778-AFG,Afghanistan,AFG,2003-07-09,2003-07-09,15.0,,,,,Riverine flood,,,1583.0,,4739,match:1583.0,True,incompatible_date_intervals;multiple_dfo_event_ids;multiple_emdat_event_ids
EM-DAT,2003-0337-AFG,Afghanistan,AFG,2003-07-12,2003-07-15,33.0,250.0,,,,Flash flood,,1440.0,1583.0,,4742,match:1583.0,True,incompatible_date_intervals;multiple_dfo_event_ids;multiple_emdat_event_ids
DFO,DFO-2280,Afghanistan,AFG,2003-07-15,2003-07-18,9.0,0.0,33248.0,,,Heavy rain,,1.0,1583.0,,4744,match:1583.0,True,incompatible_date_intervals;multiple_dfo_event_ids;multiple_emdat_event_ids
DFO,DFO-2256,Afghanistan,AFG,2003-06-16,2003-06-21,13.0,100.0,2648.0,,,Heavy rain,,1.0,1586.0,,4708,match:1586.0,True,incompatible_date_intervals;multiple_dfo_event_ids
EM-DAT,2003-0302-AFG,Afghanistan,AFG,2003-06-16,2003-06-21,13.0,100.0,,,,Riverine flood,,2650.0,1586.0,,4710,match:1586.0,True,incompatible_date_intervals;multiple_dfo_event_ids
DFO,DFO-2265,Afghanistan,AFG,2003-06-25,2003-06-26,0.0,0.0,2785.0,,,Heavy rain,,1.0,1586.0,,4722,match:1586.0,True,incompatible_date_intervals;multiple_dfo_event_ids
DFO,DFO-2251,Colombia,COL,2003-06-14,2003-06-16,3.0,4000.0,3351.0,,,Heavy rain,,1.0,1588.0,,4703,match:1588.0,True,multiple_dfo_event_ids
DFO,DFO-2252,Colombia,COL,2003-06-14,2003-06-16,2.0,0.0,1701.0,,,Heavy rain,,1.0,1588.0,,4704,match:1588.0,True,multiple_dfo_event_ids
EM-DAT,2003-0284-COL,Colombia,COL,2003-06-14,2003-06-16,3.0,4000.0,,,,Riverine flood,,3350.0,1588.0,,4705,match:1588.0,True,multiple_dfo_event_ids
DFO,DFO-2243,Mexico,MEX,2003-06-05,2003-06-06,4.0,3000.0,1203.0,,,Heavy rain,,1.0,1589.0,,4690,match:1589.0,True,incompatible_date_intervals;multiple_dfo_event_ids;multiple_emdat_event_ids
EM-DAT,2003-0712-MEX,Mexico,MEX,2003-06-05,2003-06-06,4.0,3050.0,,,,Riverine flood,,1200.0,1589.0,,4693,match:1589.0,True,incompatible_date_intervals;multiple_dfo_event_ids;multiple_emdat_event_ids
DFO,DFO-2249,Mexico,MEX,2003-06-12,2003-06-15,0.0,800.0,68.0,,,Torrential rain,,1.0,1589.0,,4700,match:1589.0,True,incompatible_date_intervals;multiple_dfo_event_ids;multiple_emdat_event_ids
EM-DAT,2003-0710-MEX,Mexico,MEX,2003-06-12,2003-06-15,,800.0,,,,Flash flood,,60.0,1589.0,,4701,match:1589.0,True,incompatible_date_intervals;multiple_dfo_event_ids;multiple_emdat_event_ids
DFO,DFO-2245,China,CHN,2003-06-01,2003-06-14,0.0,0.0,9132.0,,,Dam/Levy break or release,,1.0,1591.0,,4687,match:1591.0,True,multiple_dfo_event_ids
DFO,DFO-2242,China,CHN,2003-06-05,2003-06-07,28.0,0.0,44617.0,,,Heavy rain,,1.0,1591.0,,4689,match:1591.0,True,multiple_dfo_event_ids
EM-DAT,2003-0274-CHN,China,CHN,2003-06-05,2003-06-07,28.0,,,,,Riverine flood,,44620.0,1591.0,,4692,match:1591.0,True,multiple_dfo_event_ids
DFO,DFO-2206,Azerbaijan,AZE,2003-04-16,2003-06-04,0.0,0.0,30866.0,,,Heavy rain,,1.0,1592.0,,4633,match:1592.0,True,incompatible_date_intervals;multiple_dfo_event_ids
EM-DAT,2003-0212-AZE,Azerbaijan,AZE,2003-04-16,2003-06-04,,31500.0,,,,Riverine flood,55000.0,30870.0,1592.0,,4636,match:1592.0,True,incompatible_date_intervals;multiple_dfo_event_ids
DFO,DFO-2244,Azerbaijan,AZE,2003-06-05,2003-06-14,1.0,0.0,2428.0,,,Heavy rain,,1.0,1592.0,,4691,match:1592.0,True,incompatible_date_intervals;multiple_dfo_event_ids
DFO,DFO-2219,United States of America,USA,2003-04-29,2003-05-04,0.0,0.0,6719.0,,,,,1.0,1598.0,,4651,match:1598.0,True,incompatible_date_intervals;multiple_dfo_event_ids
DFO,DFO-2223,United States of America,USA,2003-05-05,2003-05-06,0.0,200.0,4845.0,,,Heavy rain,,1.0,1598.0,,4658,match:1598.0,True,incompatible_date_intervals;multiple_dfo_event_ids
DFO,DFO-2225,United States of America,USA,2003-05-06,2003-05-14,3.0,2000.0,313673.0,,,Heavy rain,,2.0,1598.0,,4659,match:1598.0,True,incompatible_date_intervals;multiple_dfo_event_ids
EM-DAT,2003-0756-USA,United States of America,USA,2003-05-06,2003-05-14,3.0,2000.0,,,,Riverine flood,17000.0,272100.0,1598.0,,4661,match:1598.0,True,incompatible_date_intervals;multiple_dfo_event_ids
DFO,DFO-2229,United States of America,USA,2003-05-14,2003-05-17,0.0,1752.0,857.0,,,Dam/Levy break or release,,1.0,1598.0,,4668,match:1598.0,True,incompatible_date_intervals;multiple_dfo_event_ids
EM-DAT,2003-0204-ETH,Ethiopia,ETH,2003-04-28,2003-05-20,119.0,110000.0,,,,Riverine flood,,52990.0,1600.0,,4650,match:1600.0,True,multiple_dfo_event_ids
DFO,DFO-2224,Ethiopia • Somalia,,2003-05-04,2003-05-20,106.0,111000.0,52987.0,,,Heavy rain,,1.0,1600.0,transboundary (2 countries),4656,match:1600.0,True,multiple_dfo_event_ids
EM-DAT,2003-0204-SOM,Somalia,SOM,2003-05-04,2003-05-20,,,,,,Riverine flood,,,1600.0,,4657,match:1600.0,True,multiple_dfo_event_ids
DFO,DFO-2226,Somalia,SOM,2003-05-06,2003-05-08,0.0,0.0,33795.0,,,Heavy rain,,1.0,1600.0,,4660,match:1600.0,True,multiple_dfo_event_ids
DFO,DFO-2210,Afghanistan,AFG,2003-04-18,2003-04-21,5.0,0.0,14988.0,,,Heavy rain,,2.0,1602.0,,4639,match:1602.0,True,incompatible_date_intervals;multiple_dfo_event_ids
DFO,DFO-2211,Afghanistan,AFG,2003-04-18,2003-04-20,2.0,800.0,1769.0,,,Heavy rain,,1.0,1602.0,,4640,match:1602.0,True,incompatible_date_intervals;multiple_dfo_event_ids
EM-DAT,2003-0179-AFG,Afghanistan,AFG,2003-04-18,2003-04-21,30.0,1000.0,,,,Flash flood,,14990.0,1602.0,,4641,match:1602.0,True,incompatible_date_intervals;multiple_dfo_event_ids
DFO,DFO-2212,Afghanistan,AFG,2003-04-21,2003-04-22,0.0,0.0,1501.0,,,Heavy rain,,1.0,1602.0,,4642,match:1602.0,True,incompatible_date_intervals;multiple_dfo_event_ids
DFO,DFO-2215,Afghanistan,AFG,2003-04-23,2003-04-24,0.0,2000.0,1449.0,,,Heavy rain,,1.0,1602.0,,4646,match:1602.0,True,incompatible_date_intervals;multiple_dfo_event_ids
DFO,DFO-2195,Iran (Islamic Republic of),IRN,2003-03-26,2003-03-27,0.0,0.0,3090.0,,,Heavy rain,,1.0,1606.0,,4610,match:1606.0,True,multiple_dfo_event_ids
EM-DAT,2003-0232-IRN,Iran (Islamic Republic of),IRN,2003-03-26,2003-03-27,,1370.0,,,,Riverine flood,838.0,3000.0,1606.0,,4611,match:1606.0,True,multiple_dfo_event_ids
DFO,DFO-2196,Iran (Islamic Republic of),IRN,2003-03-27,2003-03-27,0.0,800.0,914.0,,,Heavy rain,,1.0,1606.0,,4614,match:1606.0,True,multiple_dfo_event_ids
DFO,DFO-2161,Zambia • Angola,,2003-01-15,2003-07-01,7.0,20000.0,607286.0,,,Heavy rain,,2.0,1610.0,transboundary (2 countries),4529,match:1610.0,True,incompatible_date_intervals;multiple_dfo_event_ids;multiple_emdat_event_ids
DFO,DFO-2162,Angola,AGO,2003-02-06,2003-02-20,0.0,0.0,115312.0,,,Heavy rain,,1.0,1610.0,,4566,match:1610.0,True,incompatible_date_intervals;multiple_dfo_event_ids;multiple_emdat_event_ids
EM-DAT,2003-0072-AGO,Angola,AGO,2003-02-06,2003-02-20,9.0,600.0,,,,Riverine flood,,115300.0,1610.0,,4567,match:1610.0,True,incompatible_date_intervals;multiple_dfo_event_ids;multiple_emdat_event_ids
DFO,DFO-2181,Zambia,ZMB,2003-03-11,2003-03-15,0.0,6400.0,22883.0,,,Heavy rain,,2.0,1610.0,,4593,match:1610.0,True,incompatible_date_intervals;multiple_dfo_event_ids;multiple_emdat_event_ids
EM-DAT,2003-0148-ZMB,Zambia,ZMB,2003-03-11,2003-03-15,,10000.0,,,,Riverine flood,,9280.0,1610.0,,4594,match:1610.0,True,incompatible_date_intervals;multiple_dfo_event_ids;multiple_emdat_event_ids
DFO,DFO-2171,Zimbabwe,ZWE,2003-02-25,2003-02-28,2.0,18000.0,13942.0,,,Heavy rain,,1.0,1611.0,,4586,match:1611.0,True,incompatible_date_intervals;multiple_dfo_event_ids
EM-DAT,2003-0742-ZWE,Zimbabwe,ZWE,2003-02-25,2003-02-28,2.0,18000.0,,,,Riverine flood,200000.0,10700.0,1611.0,,4587,match:1611.0,True,incompatible_date_intervals;multiple_dfo_event_ids
DFO,DFO-2178,Mozambique • Zimbabwe,,2003-03-05,2003-03-16,8.0,8300.0,137206.0,,,Heavy rain,,1.0,1611.0,transboundary (2 countries),4591,match:1611.0,True,incompatible_date_intervals;multiple_dfo_event_ids
DFO,DFO-2137,Australia,AUS,2003-01-22,2003-03-06,0.0,0.0,166299.0,,,Heavy rain,,1.0,1612.0,,4538,match:1612.0,True,incompatible_date_intervals;multiple_dfo_event_ids;multiple_emdat_event_ids
DFO,DFO-2141,Australia,AUS,2003-01-25,2003-02-04,0.0,0.0,1862.0,,,Heavy rain,,1.0,1612.0,,4544,match:1612.0,True,incompatible_date_intervals;multiple_dfo_event_ids;multiple_emdat_event_ids
DFO,DFO-2143,Australia,AUS,2003-01-26,2003-02-04,0.0,0.0,294622.0,,,Heavy rain,,1.0,1612.0,,4547,match:1612.0,True,incompatible_date_intervals;multiple_dfo_event_ids;multiple_emdat_event_ids
DFO,DFO-2152,Australia,AUS,2003-02-05,2003-02-12,1.0,20.0,46117.0,,,Heavy rain,,1.0,1612.0,,4562,match:1612.0,True,incompatible_date_intervals;multiple_dfo_event_ids;multiple_emdat_event_ids
EM-DAT,2003-0079-AUS,Australia,AUS,2003-02-05,2003-02-12,1.0,20.0,,,,Riverine flood,2000.0,36500.0,1612.0,,4565,match:1612.0,True,incompatible_date_intervals;multiple_dfo_event_ids;multiple_emdat_event_ids
DFO,DFO-2154,Australia,AUS,2003-02-11,2003-02-14,0.0,0.0,40587.0,,,Heavy rain,,1.0,1612.0,,4569,match:1612.0,True,incompatible_date_intervals;multiple_dfo_event_ids;multiple_emdat_event_ids
DFO,DFO-2165,Australia,AUS,2003-02-21,2003-02-24,0.0,0.0,9031.0,,,Heavy rain,,1.0,1612.0,,4580,match:1612.0,True,incompatible_date_intervals;multiple_dfo_event_ids;multiple_emdat_event_ids
DFO,DFO-2166,Australia,AUS,2003-02-21,2003-02-24,0.0,100.0,57424.0,,,Heavy rain,,1.0,1612.0,,4581,match:1612.0,True,incompatible_date_intervals;multiple_dfo_event_ids;multiple_emdat_event_ids
EM-DAT,2003-0109-AUS,Australia,AUS,2003-02-21,2003-02-24,,100.0,,,,Flash flood,,57420.0,1612.0,,4582,match:1612.0,True,incompatible_date_intervals;multiple_dfo_event_ids;multiple_emdat_event_ids
DFO,DFO-2170,Australia,AUS,2003-02-22,2003-03-24,0.0,0.0,1260590.0,,,Heavy rain,,1.0,1612.0,,4585,match:1612.0,True,incompatible_date_intervals;multiple_dfo_event_ids;multiple_emdat_event_ids
DFO,DFO-2176,Australia,AUS,2003-03-02,2003-03-11,0.0,0.0,68628.0,,,Heavy rain,,1.0,1612.0,,4590,match:1612.0,True,incompatible_date_intervals;multiple_dfo_event_ids;multiple_emdat_event_ids
EM-DAT,2003-0021-IDN,Indonesia,IDN,2003-01-08,2003-01-08,,230.0,,,,Flood (General),,,1614.0,,4514,match:1614.0,True,incompatible_date_intervals;multiple_dfo_event_ids;multiple_emdat_event_ids
EM-DAT,2003-0067-IDN,Indonesia,IDN,2003-01-10,2003-01-10,10.0,3700.0,,,,Flood (General),,,1614.0,,4516,match:1614.0,True,incompatible_date_intervals;multiple_dfo_event_ids;multiple_emdat_event_ids
DFO,DFO-2127,Indonesia,IDN,2003-01-14,2003-02-06,0.0,30000.0,9363.0,,,Heavy rain,,2.0,1614.0,,4523,match:1614.0,True,incompatible_date_intervals;multiple_dfo_event_ids;multiple_emdat_event_ids
DFO,DFO-2142,Indonesia,IDN,2003-01-25,2003-02-06,3.0,20000.0,27341.0,,,Heavy rain,,1.0,1614.0,,4545,match:1614.0,True,incompatible_date_intervals;multiple_dfo_event_ids;multiple_emdat_event_ids
EM-DAT,2003-0074-IDN,Indonesia,IDN,2003-01-28,2003-01-28,1.0,15000.0,,,,Flash flood,,,1614.0,,4551,match:1614.0,True,incompatible_date_intervals;multiple_dfo_event_ids;multiple_emdat_event_ids
DFO,DFO-2148,Indonesia,IDN,2003-01-30,2003-02-09,0.0,0.0,4155.0,,,Heavy rain,,1.0,1614.0,,4553,match:1614.0,True,incompatible_date_intervals;multiple_dfo_event_ids;multiple_emdat_event_ids
DFO,DFO-2149,Indonesia,IDN,2003-02-04,2003-02-06,7.0,280.0,1559.0,,,Torrential rain,,1.0,1614.0,,4557,match:1614.0,True,incompatible_date_intervals;multiple_dfo_event_ids;multiple_emdat_event_ids
DFO,DFO-2156,Indonesia,IDN,2003-02-13,2003-02-14,3.0,33000.0,545.0,,,Heavy rain,,1.0,1614.0,,4571,match:1614.0,True,incompatible_date_intervals;multiple_dfo_event_ids;multiple_emdat_event_ids
EM-DAT,2003-0118-IDN,Indonesia,IDN,2003-02-13,2003-02-14,3.0,33000.0,,,,Riverine flood,,540.0,1614.0,,4572,match:1614.0,True,incompatible_date_intervals;multiple_dfo_event_ids;multiple_emdat_event_ids
DFO,DFO-2158,Indonesia,IDN,2003-02-16,2003-02-17,0.0,4300.0,401.0,,,Heavy rain,,1.0,1614.0,,4577,match:1614.0,True,incompatible_date_intervals;multiple_dfo_event_ids;multiple_emdat_event_ids
EM-DAT,2002-0808-MWI,Malawi,MWI,2002-12-28,2002-12-28,8.0,246340.0,,,,Flood (General),,253.0,1616.0,,4493,match:1616.0,True,incompatible_date_intervals;multiple_dfo_event_ids;multiple_emdat_event_ids
DFO,DFO-2119,Malawi • Mozambique,,2003-01-01,2003-02-17,23.0,400000.0,410709.0,,,Heavy rain,,1.0,1616.0,transboundary (2 countries),4497,match:1616.0,True,incompatible_date_intervals;multiple_dfo_event_ids;multiple_emdat_event_ids
EM-DAT,2003-0020-MOZ,Mozambique,MOZ,2003-01-01,2003-02-17,4.0,100003.0,,,,Coastal flood,,,1616.0,,4503,match:1616.0,True,incompatible_date_intervals;multiple_dfo_event_ids;multiple_emdat_event_ids
EM-DAT,2003-0020-MWI,Malawi,MWI,2003-01-01,2003-02-17,8.0,18500.0,,,,Coastal flood,,,1616.0,,4504,match:1616.0,True,incompatible_date_intervals;multiple_dfo_event_ids;multiple_emdat_event_ids
DFO,DFO-2150,Mozambique,MOZ,2003-02-04,2003-02-17,32.0,400000.0,88564.0,,,Heavy rain,,1.0,1616.0,,4558,match:1616.0,True,incompatible_date_intervals;multiple_dfo_event_ids;multiple_emdat_event_ids
EM-DAT,2003-0098-MOZ,Mozambique,MOZ,2003-02-04,2003-02-17,32.0,400000.0,,,,Riverine flood,,88560.0,1616.0,,4561,match:1616.0,True,incompatible_date_intervals;multiple_dfo_event_ids;multiple_emdat_event_ids
DFO,DFO-2138,Peru,PER,2003-01-23,2003-02-10,7.0,12000.0,78942.0,,,Heavy rain,,1.0,1617.0,,4539,match:1617.0,True,multiple_dfo_event_ids
EM-DAT,2003-0051-PER,Peru,PER,2003-01-23,2003-02-10,18.0,60012.0,,,,Riverine flood,,78940.0,1617.0,,4541,match:1617.0,True,multiple_dfo_event_ids
DFO,DFO-2144,Peru,PER,2003-01-28,2003-02-10,12.0,0.0,36369.0,,,Heavy rain,,1.0,1617.0,,4549,match:1617.0,True,multiple_dfo_event_ids
DFO,DFO-2145,Peru,PER,2003-01-28,2003-02-10,6.0,34000.0,65371.0,,,Heavy rain,,1.0,1617.0,,4550,match:1617.0,True,multiple_dfo_event_ids
DFO,DFO-2174,Türkiye • Greece,,2003-01-17,2003-03-03,0.0,0.0,26937.0,,,Heavy rain,,1.0,1618.0,transboundary (2 countries),4530,match:1618.0,True,incompatible_date_intervals;multiple_dfo_event_ids;multiple_emdat_event_ids
EM-DAT,2003-0044-GRC,Greece,GRC,2003-01-25,2003-01-26,3.0,450.0,,,,Riverine flood,,,1618.0,,4546,match:1618.0,True,incompatible_date_intervals;multiple_dfo_event_ids;multiple_emdat_event_ids
DFO,DFO-2172,Greece,GRC,2003-01-27,2003-02-07,0.0,0.0,35398.0,,,Heavy rain,,1.0,1618.0,,4548,match:1618.0,True,incompatible_date_intervals;multiple_dfo_event_ids;multiple_emdat_event_ids
EM-DAT,2003-0097-GRC,Greece,GRC,2003-02-02,2003-02-02,,,,,,Riverine flood,600000.0,,1618.0,,4556,match:1618.0,True,incompatible_date_intervals;multiple_dfo_event_ids;multiple_emdat_event_ids
DFO,DFO-5205,Philippines,PHL,2022-04-03,2022-04-06,1.0,1000.0,10000.0,,,Heavy rain,,1.0,162.0,,10813,match:162.0,True,incompatible_date_intervals;multiple_dfo_event_ids
EM-DAT,2022-0195-PHL,Philippines,PHL,2022-04-03,2022-04-07,3.0,1955.0,,,,Flash flood,,,162.0,,10814,match:162.0,True,incompatible_date_intervals;multiple_dfo_event_ids
DFO,DFO-5207,Philippines,PHL,2022-04-10,2022-04-14,75.0,5000.0,3000.0,,,Heavy rain,,1.5,162.0,,10819,match:162.0,True,incompatible_date_intervals;multiple_dfo_event_ids
DFO,DFO-2124,Brazil,BRA,2003-01-11,2003-02-04,29.0,16000.0,115920.0,,,Heavy rain,,1.0,1623.0,,4517,match:1623.0,True,multiple_dfo_event_ids;multiple_emdat_event_ids
DFO,DFO-2173,Brazil,BRA,2003-01-11,2003-04-22,0.0,0.0,139113.0,,,Rainy Season,,1.0,1623.0,,4518,match:1623.0,True,multiple_dfo_event_ids;multiple_emdat_event_ids
EM-DAT,2003-0730-BRA,Brazil,BRA,2003-01-11,2003-02-04,29.0,16000.0,,,,Riverine flood,,75950.0,1623.0,,4519,match:1623.0,True,multiple_dfo_event_ids;multiple_emdat_event_ids
DFO,DFO-2131,Brazil,BRA,2003-01-14,2003-01-24,44.0,10000.0,6742.0,,,Heavy rain,,1.0,1623.0,,4526,match:1623.0,True,multiple_dfo_event_ids;multiple_emdat_event_ids
EM-DAT,2003-0028-BRA,Brazil,BRA,2003-01-14,2003-01-24,54.0,10511.0,,,,Riverine flood,,6740.0,1623.0,,4528,match:1623.0,True,multiple_dfo_event_ids;multiple_emdat_event_ids
EM-DAT,2002-0814-PRT,Portugal,PRT,2002-12-26,2003-01-03,1.0,252.0,,,,Riverine flood,,,1627.0,,4490,match:1627.0,True,multiple_emdat_event_ids
DFO,DFO-2117,Germany • Portugal,,2003-01-01,2003-01-08,7.0,1500.0,259753.0,,,Heavy rain,,1.0,1627.0,transboundary (2 countries),4496,match:1627.0,True,multiple_emdat_event_ids
EM-DAT,2003-0001-PRT,Portugal,PRT,2003-01-01,2003-01-08,,36.0,,,,Riverine flood,,,1627.0,,4500,match:1627.0,True,multiple_emdat_event_ids
DFO,DFO-2111,Indonesia,IDN,2002-12-26,2002-12-31,24.0,10000.0,14761.0,,,Heavy rain,,1.0,1628.0,,4489,match:1628.0,True,incompatible_date_intervals
EM-DAT,2003-0016-IDN,Indonesia,IDN,2003-01-01,2003-01-01,3.0,10000.0,,,,Riverine flood,,,1628.0,,4502,match:1628.0,True,incompatible_date_intervals
DFO,DFO-2100,Greece,GRC,2002-12-06,2002-12-10,0.0,0.0,1030.0,,,Heavy rain,,1.0,1632.0,,4471,match:1632.0,True,incompatible_date_intervals;multiple_emdat_event_ids
EM-DAT,2002-0764-GRC,Greece,GRC,2002-12-06,2002-12-10,,,,,,Riverine flood,,,1632.0,,4472,match:1632.0,True,incompatible_date_intervals;multiple_emdat_event_ids
EM-DAT,2002-0777-GRC,Greece,GRC,2002-12-13,2002-12-13,,180.0,,,,Flood (General),,,1632.0,,4476,match:1632.0,True,incompatible_date_intervals;multiple_emdat_event_ids
DFO,DFO-2092,Uganda • Kenya,,2002-11-16,2002-11-25,2.0,2300.0,15003.0,,,Heavy rain,,1.0,1637.0,transboundary (2 countries),4454,match:1637.0,True,multiple_dfo_event_ids
DFO,DFO-2088,Kenya,KEN,2002-11-17,2002-11-20,12.0,2000.0,925.0,,,Dam/Levy break or release,,1.0,1637.0,,4455,match:1637.0,True,multiple_dfo_event_ids
EM-DAT,2002-0711-KEN,Kenya,KEN,2002-11-17,2002-11-20,12.0,2000.0,,,,Flash flood,,920.0,1637.0,,4456,match:1637.0,True,multiple_dfo_event_ids
EM-DAT,2022-0120-IDN,Indonesia,IDN,2022-02-26,2022-03-05,13.0,31800.0,,,,Flood (General),62000.0,,164.0,,10788,match:164.0,True,incompatible_date_intervals;multiple_dfo_event_ids;multiple_emdat_event_ids
DFO,DFO-5198,Indonesia,IDN,2022-03-01,2022-03-07,9.0,0.0,5400.0,,,Heavy rain,,1.0,164.0,,10789,match:164.0,True,incompatible_date_intervals;multiple_dfo_event_ids;multiple_emdat_event_ids
DFO,DFO-5203,Indonesia,IDN,2022-03-14,2022-03-17,0.0,10000.0,12000.0,,,Heavy rain,,1.0,164.0,,10800,match:164.0,True,incompatible_date_intervals;multiple_dfo_event_ids;multiple_emdat_event_ids
EM-DAT,2022-0136-IDN,Indonesia,IDN,2022-03-14,2022-03-17,4.0,16003.0,,,,Flood (General),,,164.0,,10801,match:164.0,True,incompatible_date_intervals;multiple_dfo_event_ids;multiple_emdat_event_ids
DFO,DFO-2080,Colombia,COL,2002-10-29,2002-10-31,60.0,2000.0,6903.0,,,Heavy rain,,1.0,1642.0,,4437,match:1642.0,True,incompatible_date_intervals
EM-DAT,2002-0845-COL,Colombia,COL,2002-11-01,2002-11-01,,1025.0,,,,Flood (General),,,1642.0,,4440,match:1642.0,True,incompatible_date_intervals
DFO,DFO-2070,Argentina • Chile,,2002-10-12,2002-11-02,7.0,6000.0,283688.0,,,Heavy rain,,1.0,1644.0,transboundary (2 countries),4424,match:1644.0,True,multiple_emdat_event_ids
EM-DAT,2002-0847-CHL,Chile,CHL,2002-10-12,2002-11-02,3.0,800.0,,,,Riverine flood,,,1644.0,,4426,match:1644.0,True,multiple_emdat_event_ids
EM-DAT,2002-0848-ARG,Argentina,ARG,2002-10-12,2002-11-02,4.0,6000.0,,,,Riverine flood,,,1644.0,,4427,match:1644.0,True,multiple_emdat_event_ids
DFO,DFO-2056,United States of America,USA,2002-09-06,2002-09-19,0.0,0.0,97965.0,,,Heavy rain,,1.0,1647.0,,4394,match:1647.0,True,incompatible_date_intervals;multiple_dfo_event_ids
DFO,DFO-2057,United States of America,USA,2002-09-21,2002-09-24,0.0,0.0,5644.0,,,Heavy rain,,1.0,1647.0,,4407,match:1647.0,True,incompatible_date_intervals;multiple_dfo_event_ids
EM-DAT,2002-0600-USA,United States of America,USA,2002-09-21,2002-09-24,,750.0,,,,Riverine flood,,5460.0,1647.0,,4409,match:1647.0,True,incompatible_date_intervals;multiple_dfo_event_ids
DFO,DFO-2063,United States of America,USA,2002-09-26,2002-09-29,1.0,2500.0,31074.0,,,Tropical cyclone,,1.0,1647.0,,4411,match:1647.0,True,incompatible_date_intervals;multiple_dfo_event_ids
DFO,DFO-1991,Viet Nam,VNM,2002-07-15,2002-12-02,155.0,200000.0,46641.0,,,Monsoonal rain,,1.0,1649.0,,4286,match:1649.0,True,incompatible_date_intervals;multiple_dfo_event_ids;multiple_emdat_event_ids
DFO,DFO-2014,Viet Nam,VNM,2002-07-31,2002-08-06,10.0,2000.0,27819.0,,,Heavy rain,,1.0,1649.0,,4317,match:1649.0,True,incompatible_date_intervals;multiple_dfo_event_ids;multiple_emdat_event_ids
EM-DAT,2002-0470-VNM,Viet Nam,VNM,2002-07-31,2002-08-06,10.0,2000.0,,,,Riverine flood,2200.0,27820.0,1649.0,,4318,match:1649.0,True,incompatible_date_intervals;multiple_dfo_event_ids;multiple_emdat_event_ids
EM-DAT,2002-0580-VNM,Viet Nam,VNM,2002-09-01,2002-09-01,82.0,1138200.0,,,,Riverine flood,23900.0,,1649.0,,4389,match:1649.0,True,incompatible_date_intervals;multiple_dfo_event_ids;multiple_emdat_event_ids
DFO,DFO-2059,Viet Nam,VNM,2002-09-20,2002-09-30,76.0,200000.0,19985.0,,,Heavy rain,,2.0,1649.0,,4405,match:1649.0,True,incompatible_date_intervals;multiple_dfo_event_ids;multiple_emdat_event_ids
EM-DAT,2002-0610-VNM,Viet Nam,VNM,2002-09-20,2002-09-30,55.0,291616.0,,,,Riverine flood,58000.0,19980.0,1649.0,,4406,match:1649.0,True,incompatible_date_intervals;multiple_dfo_event_ids;multiple_emdat_event_ids
DFO,DFO-2039,Thailand • Cambodia,,2002-08-18,2002-11-26,65.0,400000.0,371596.0,,,Monsoonal rain,,2.0,1651.0,transboundary (2 countries),4372,match:1651.0,True,incompatible_date_intervals;multiple_dfo_event_ids;multiple_emdat_event_ids
EM-DAT,2002-0522-KHM,Cambodia,KHM,2002-08-18,2002-11-26,29.0,1470000.0,,,,Riverine flood,100.0,,1651.0,,4373,match:1651.0,True,incompatible_date_intervals;multiple_dfo_event_ids;multiple_emdat_event_ids
DFO,DFO-2061,Thailand,THA,2002-09-17,2002-12-02,1.0,3000.0,139684.0,,,Monsoonal rain,,1.0,1651.0,,4400,match:1651.0,True,incompatible_date_intervals;multiple_dfo_event_ids;multiple_emdat_event_ids
EM-DAT,2002-0629-THA,Thailand,THA,2002-09-29,2002-09-29,,1500.0,,,,Flash flood,,,1651.0,,4413,match:1651.0,True,incompatible_date_intervals;multiple_dfo_event_ids;multiple_emdat_event_ids
EM-DAT,2002-0641-THA,Thailand,THA,2002-10-01,2002-10-01,154.0,3289420.0,,,,Flash flood,35827.0,,1651.0,,4415,match:1651.0,True,incompatible_date_intervals;multiple_dfo_event_ids;multiple_emdat_event_ids
DFO,DFO-1952,India,IND,2002-06-16,2002-06-22,0.0,25000.0,3790.0,,,Monsoonal rain,,1.0,1653.0,,4246,match:1653.0,True,incompatible_date_intervals;multiple_dfo_event_ids;multiple_emdat_event_ids
DFO,DFO-1960,Bangladesh,BGD,2002-06-18,2002-06-24,4.0,20000.0,18369.0,,,Monsoonal rain,,1.0,1653.0,,4250,match:1653.0,True,incompatible_date_intervals;multiple_dfo_event_ids;multiple_emdat_event_ids
DFO,DFO-1974,India • Bangladesh,,2002-06-21,2002-08-28,503.0,15000000.0,276609.0,,,Monsoonal rain,,1.0,1653.0,transboundary (2 countries),4256,match:1653.0,True,incompatible_date_intervals;multiple_dfo_event_ids;multiple_emdat_event_ids
EM-DAT,2002-0374-IND,India,IND,2002-06-21,2002-08-28,549.0,42000000.0,,,,Riverine flood,30772.0,276600.0,1653.0,,4257,match:1653.0,True,incompatible_date_intervals;multiple_dfo_event_ids;multiple_emdat_event_ids
DFO,DFO-1967,India,IND,2002-06-25,2002-06-26,4.0,11000.0,42.0,,,Dam/Levy break or release,,1.0,1653.0,,4259,match:1653.0,True,incompatible_date_intervals;multiple_dfo_event_ids;multiple_emdat_event_ids
DFO,DFO-1969,India,IND,2002-06-26,2002-07-03,169.0,28000.0,170588.0,,,Monsoonal rain,,1.0,1653.0,,4261,match:1653.0,True,incompatible_date_intervals;multiple_dfo_event_ids;multiple_emdat_event_ids
EM-DAT,2002-0402-BGD,Bangladesh,BGD,2002-07-01,2002-08-01,10.0,1500000.0,,,,Flash flood,,1000.0,1653.0,,4267,match:1653.0,True,incompatible_date_intervals;multiple_dfo_event_ids;multiple_emdat_event_ids
DFO,DFO-2027,India,IND,2002-08-11,2002-08-13,33.0,0.0,6762.0,,,Heavy rain,,1.0,1653.0,,4350,match:1653.0,True,incompatible_date_intervals;multiple_dfo_event_ids;multiple_emdat_event_ids
EM-DAT,2002-0490-IND,India,IND,2002-08-11,2002-08-13,33.0,50.0,,,,Riverine flood,20000.0,6770.0,1653.0,,4352,match:1653.0,True,incompatible_date_intervals;multiple_dfo_event_ids;multiple_emdat_event_ids
EM-DAT,2002-0539-IND,India,IND,2002-08-20,2002-08-20,100.0,3000.0,,,,Riverine flood,,,1653.0,,4375,match:1653.0,True,incompatible_date_intervals;multiple_dfo_event_ids;multiple_emdat_event_ids
DFO,DFO-2049,India,IND,2002-09-03,2002-09-06,22.0,5000.0,78979.0,,,Monsoonal rain,,1.0,1653.0,,4391,match:1653.0,True,incompatible_date_intervals;multiple_dfo_event_ids;multiple_emdat_event_ids
EM-DAT,2002-0568-IND,India,IND,2002-09-03,2002-09-06,22.0,5000.0,,,,Riverine flood,,79000.0,1653.0,,4392,match:1653.0,True,incompatible_date_intervals;multiple_dfo_event_ids;multiple_emdat_event_ids
EM-DAT,2002-0509-PAK,Pakistan,PAK,2002-08-15,2002-08-15,14.0,,,,,Flash flood,,,1655.0,,4363,match:1655.0,True,incompatible_date_intervals;multiple_emdat_event_ids
DFO,DFO-2040,Pakistan,PAK,2002-08-22,2002-08-28,22.0,3000.0,4903.0,,,Heavy rain,,1.0,1655.0,,4376,match:1655.0,True,incompatible_date_intervals;multiple_emdat_event_ids
EM-DAT,2002-0543-PAK,Pakistan,PAK,2002-08-22,2002-08-28,22.0,3010.0,,,,Riverine flood,30.0,4900.0,1655.0,,4378,match:1655.0,True,incompatible_date_intervals;multiple_emdat_event_ids
DFO,DFO-5195,Malaysia,MYS,2022-02-25,2022-02-28,0.0,20000.0,4700.0,,,Heavy rain,,1.5,166.0,,10785,match:166.0,True,incompatible_date_intervals;multiple_dfo_event_ids;multiple_emdat_event_ids
EM-DAT,2022-0119-MYS,Malaysia,MYS,2022-02-25,2022-02-28,6.0,26000.0,,,,Flood (General),240.0,,166.0,,10786,match:166.0,True,incompatible_date_intervals;multiple_dfo_event_ids;multiple_emdat_event_ids
DFO,DFO-5199,Malaysia,MYS,2022-03-05,2022-03-07,4.0,1300.0,5000.0,,,Heavy rain,,1.0,166.0,,10793,match:166.0,True,incompatible_date_intervals;multiple_dfo_event_ids;multiple_emdat_event_ids
EM-DAT,2022-0131-MYS,Malaysia,MYS,2022-03-06,2022-03-07,,1290.0,,,,Flood (General),,,166.0,,10796,match:166.0,True,incompatible_date_intervals;multiple_dfo_event_ids;multiple_emdat_event_ids
DFO,DFO-2005,China,CHN,2002-07-21,2002-07-29,15.0,10000.0,127556.0,,,Heavy rain,,2.0,1660.0,,4300,match:1660.0,True,incompatible_date_intervals;multiple_dfo_event_ids;multiple_emdat_event_ids
EM-DAT,2002-0461-CHN,China,CHN,2002-07-21,2002-07-29,11.0,12312.0,,,,Riverine flood,38600.0,127600.0,1660.0,,4301,match:1660.0,True,incompatible_date_intervals;multiple_dfo_event_ids;multiple_emdat_event_ids
EM-DAT,2002-0481-CHN,China,CHN,2002-08-01,2002-08-01,61.0,15.0,,,,Coastal flood,,,1660.0,,4321,match:1660.0,True,incompatible_date_intervals;multiple_dfo_event_ids;multiple_emdat_event_ids
DFO,DFO-2016,China,CHN,2002-08-03,2002-08-06,2.0,0.0,6075.0,,,Heavy rain,,1.0,1660.0,,4324,match:1660.0,True,incompatible_date_intervals;multiple_dfo_event_ids;multiple_emdat_event_ids
DFO,DFO-2018,China,CHN,2002-08-04,2002-08-05,28.0,0.0,5175.0,,,Heavy rain,,1.0,1660.0,,4327,match:1660.0,True,incompatible_date_intervals;multiple_dfo_event_ids;multiple_emdat_event_ids
DFO,DFO-2019,China,CHN,2002-08-05,2002-08-12,10.0,1500.0,2120.0,,,Heavy rain,,1.0,1660.0,,4329,match:1660.0,True,incompatible_date_intervals;multiple_dfo_event_ids;multiple_emdat_event_ids
EM-DAT,2002-0483-CHN,China,CHN,2002-08-05,2002-08-05,165.0,6340000.0,,,,Flood (General),540000.0,3520.0,1660.0,,4333,match:1660.0,True,incompatible_date_intervals;multiple_dfo_event_ids;multiple_emdat_event_ids
DFO,DFO-2023,China,CHN,2002-08-06,2002-08-28,124.0,270000.0,94511.0,,,Heavy rain,,1.0,1660.0,,4335,match:1660.0,True,incompatible_date_intervals;multiple_dfo_event_ids;multiple_emdat_event_ids
DFO,DFO-2028,China,CHN,2002-08-08,2002-08-13,5.0,0.0,523.0,,,Heavy rain,,1.0,1660.0,,4343,match:1660.0,True,incompatible_date_intervals;multiple_dfo_event_ids;multiple_emdat_event_ids
EM-DAT,2002-0659-CHN,China,CHN,2002-08-11,2002-08-11,16.0,5250000.0,,,,Riverine flood,,3600.0,1660.0,,4353,match:1660.0,True,incompatible_date_intervals;multiple_dfo_event_ids;multiple_emdat_event_ids
DFO,DFO-2031,China,CHN,2002-08-13,2002-08-17,21.0,0.0,28019.0,,,Heavy rain,,1.0,1660.0,,4356,match:1660.0,True,incompatible_date_intervals;multiple_dfo_event_ids;multiple_emdat_event_ids
DFO,DFO-2034,China,CHN,2002-08-14,2002-08-20,106.0,13000.0,17267.0,,,Heavy rain,,1.0,1660.0,,4358,match:1660.0,True,incompatible_date_intervals;multiple_dfo_event_ids;multiple_emdat_event_ids
EM-DAT,2002-0498-CHN,China,CHN,2002-08-14,2002-08-20,178.0,999311.0,,,,Riverine flood,4200.0,17270.0,1660.0,,4360,match:1660.0,True,incompatible_date_intervals;multiple_dfo_event_ids;multiple_emdat_event_ids
DFO,DFO-2036,China,CHN,2002-08-15,2002-08-19,0.0,0.0,17448.0,,,Heavy rain,,2.0,1660.0,,4362,match:1660.0,True,incompatible_date_intervals;multiple_dfo_event_ids;multiple_emdat_event_ids
DFO,DFO-1984,Russian Federation,RUS,2002-07-12,2002-07-16,0.0,2000.0,49723.0,,,Heavy rain,,1.0,1664.0,,4279,match:1664.0,True,incompatible_date_intervals;multiple_dfo_event_ids;multiple_emdat_event_ids
DFO,DFO-1997,Russian Federation,RUS,2002-07-20,2002-07-26,0.0,1500.0,23877.0,,,Heavy rain,,1.0,1664.0,,4293,match:1664.0,True,incompatible_date_intervals;multiple_dfo_event_ids;multiple_emdat_event_ids
EM-DAT,2002-0533-RUS,Russian Federation,RUS,2002-07-20,2002-07-26,,1500.0,,,,Riverine flood,,200.0,1664.0,,4298,match:1664.0,True,incompatible_date_intervals;multiple_dfo_event_ids;multiple_emdat_event_ids
DFO,DFO-2015,Russian Federation,RUS,2002-08-01,2002-08-06,0.0,80.0,1349.0,,,Heavy rain,,1.0,1664.0,,4319,match:1664.0,True,incompatible_date_intervals;multiple_dfo_event_ids;multiple_emdat_event_ids
DFO,DFO-2025,Russian Federation,RUS,2002-08-08,2002-08-12,59.0,48000.0,10858.0,,,Heavy rain,,2.0,1664.0,,4342,match:1664.0,True,incompatible_date_intervals;multiple_dfo_event_ids;multiple_emdat_event_ids
EM-DAT,2002-0482-RUS,Russian Federation,RUS,2002-08-08,2002-08-18,82.0,49500.0,,,,Riverine flood,32000.0,10880.0,1664.0,,4344,match:1664.0,True,incompatible_date_intervals;multiple_dfo_event_ids;multiple_emdat_event_ids
DFO,DFO-2013,Germany,DEU,2002-07-31,2002-08-08,0.0,0.0,22267.0,,,Torrential rain,,1.0,1666.0,,4316,match:1666.0,True,incompatible_date_intervals;multiple_dfo_event_ids
DFO,DFO-2024,Germany,DEU,2002-08-07,2002-08-28,55.0,250000.0,252251.0,,,Heavy rain,,2.0,1666.0,,4338,match:1666.0,True,incompatible_date_intervals;multiple_dfo_event_ids
EM-DAT,2002-0467-DEU,Germany,DEU,2002-08-11,2002-08-20,27.0,330108.0,,,,Flood (General),11600000.0,,1666.0,,4351,match:1666.0,True,incompatible_date_intervals;multiple_dfo_event_ids
DFO,DFO-1995,Romania,ROU,2002-07-19,2002-07-23,5.0,0.0,5421.0,,,Heavy rain,,1.0,1667.0,,4289,match:1667.0,True,incompatible_date_intervals;multiple_dfo_event_ids;multiple_emdat_event_ids
EM-DAT,2002-0447-ROU,Romania,ROU,2002-07-19,2002-08-03,8.0,15000.0,,,,Riverine flood,,5420.0,1667.0,,4290,match:1667.0,True,incompatible_date_intervals;multiple_dfo_event_ids;multiple_emdat_event_ids
DFO,DFO-2012,Romania,ROU,2002-07-30,2002-08-03,2.0,4000.0,3418.0,,,Heavy rain,,1.0,1667.0,,4315,match:1667.0,True,incompatible_date_intervals;multiple_dfo_event_ids;multiple_emdat_event_ids
EM-DAT,2002-0466-ROU,Romania,ROU,2002-08-01,2002-08-01,4.0,3900.0,,,,Flash flood,,40.0,1667.0,,4320,match:1667.0,True,incompatible_date_intervals;multiple_dfo_event_ids;multiple_emdat_event_ids
DFO,DFO-2021,Romania,ROU,2002-08-06,2002-08-07,1.0,0.0,16409.0,,,Heavy rain,,1.0,1667.0,,4334,match:1667.0,True,incompatible_date_intervals;multiple_dfo_event_ids;multiple_emdat_event_ids
EM-DAT,2002-0471-ROU,Romania,ROU,2002-08-06,2002-08-07,1.0,301.0,,,,Flash flood,290.0,16410.0,1667.0,,4336,match:1667.0,True,incompatible_date_intervals;multiple_dfo_event_ids;multiple_emdat_event_ids
DFO,DFO-2020,Republic of Korea • Democratic People's Republic of Korea,,2002-08-05,2002-08-11,21.0,26000.0,29669.0,,,Heavy rain,,1.0,1668.0,transboundary (2 countries),4330,match:1668.0,True,multiple_emdat_event_ids
EM-DAT,2002-0474-KOR,Republic of Korea,KOR,2002-08-05,2002-08-11,21.0,4007.0,,,,Riverine flood,345000.0,,1668.0,,4331,match:1668.0,True,multiple_emdat_event_ids
EM-DAT,2002-0478-PRK,Democratic People's Republic of Korea,PRK,2002-08-05,2002-08-11,,58443.0,,,,Riverine flood,,37.0,1668.0,,4332,match:1668.0,True,multiple_emdat_event_ids
DFO,DFO-1943,United States of America,USA,2002-06-08,2002-06-29,0.0,0.0,47498.0,,,Heavy rain,,2.0,1669.0,,4225,match:1669.0,True,incompatible_date_intervals;multiple_dfo_event_ids
DFO,DFO-1972,United States of America,USA,2002-06-30,2002-07-23,9.0,4000.0,134175.0,,,Heavy rain,,2.0,1669.0,,4265,match:1669.0,True,incompatible_date_intervals;multiple_dfo_event_ids
EM-DAT,2002-0411-USA,United States of America,USA,2002-06-30,2002-07-23,10.0,144000.0,,,,Riverine flood,1000000.0,108300.0,1669.0,,4266,match:1669.0,True,incompatible_date_intervals;multiple_dfo_event_ids
DFO,DFO-1979,United States of America,USA,2002-07-06,2002-07-08,1.0,0.0,713.0,,,Heavy rain,,1.0,1669.0,,4273,match:1669.0,True,incompatible_date_intervals;multiple_dfo_event_ids
DFO,DFO-2001,United States of America,USA,2002-07-23,2002-07-24,25.0,21.0,1149.0,,,Heavy rain,,1.0,1669.0,,4303,match:1669.0,True,incompatible_date_intervals;multiple_dfo_event_ids
DFO,DFO-2006,United States of America,USA,2002-07-25,2002-07-27,0.0,100.0,2047.0,,,Heavy rain,,1.0,1669.0,,4309,match:1669.0,True,incompatible_date_intervals;multiple_dfo_event_ids
DFO,DFO-1981,Philippines,PHL,2002-07-06,2002-07-19,61.0,25000.0,20604.0,,,Monsoonal rain,,1.0,1673.0,,4274,match:1673.0,True,incompatible_date_intervals;multiple_dfo_event_ids
DFO,DFO-1998,Philippines,PHL,2002-07-20,2002-07-28,18.0,7000.0,12841.0,,,Tropical cyclone,,1.0,1673.0,,4294,match:1673.0,True,incompatible_date_intervals;multiple_dfo_event_ids
EM-DAT,2002-0532-PHL,Philippines,PHL,2002-07-20,2002-07-28,18.0,7000.0,,,,Coastal flood,,12840.0,1673.0,,4297,match:1673.0,True,incompatible_date_intervals;multiple_dfo_event_ids
DFO,DFO-1929,China,CHN,2002-05-22,2002-05-29,0.0,0.0,156149.0,,,Heavy rain,,1.0,1676.0,,4198,match:1676.0,True,incompatible_date_intervals;multiple_dfo_event_ids;multiple_emdat_event_ids
EM-DAT,2002-0305-CHN,China,CHN,2002-05-22,2002-05-29,,20000000.0,,,,Riverine flood,943000.0,156100.0,1676.0,,4199,match:1676.0,True,incompatible_date_intervals;multiple_dfo_event_ids;multiple_emdat_event_ids
DFO,DFO-1940,China,CHN,2002-05-23,2002-06-22,22.0,0.0,124885.0,,,Heavy rain,,2.0,1676.0,,4202,match:1676.0,True,incompatible_date_intervals;multiple_dfo_event_ids;multiple_emdat_event_ids
EM-DAT,2002-0344-CHN,China,CHN,2002-05-23,2002-06-22,22.0,7001.0,,,,Flood (General),50000.0,124900.0,1676.0,,4208,match:1676.0,True,incompatible_date_intervals;multiple_dfo_event_ids;multiple_emdat_event_ids
DFO,DFO-1944,China,CHN,2002-06-08,2002-06-18,326.0,300000.0,252148.0,,,Heavy rain,,2.0,1676.0,,4226,match:1676.0,True,incompatible_date_intervals;multiple_dfo_event_ids;multiple_emdat_event_ids
EM-DAT,2002-0350-CHN,China,CHN,2002-06-08,2002-06-18,793.0,80035257.0,,,,Flash flood,3100000.0,252000.0,1676.0,,4227,match:1676.0,True,incompatible_date_intervals;multiple_dfo_event_ids;multiple_emdat_event_ids
DFO,DFO-1954,China,CHN,2002-06-12,2002-06-19,11.0,0.0,50532.0,,,Heavy rain,,2.0,1676.0,,4239,match:1676.0,True,incompatible_date_intervals;multiple_dfo_event_ids;multiple_emdat_event_ids
DFO,DFO-1958,China,CHN,2002-06-13,2002-06-24,24.0,150000.0,13635.0,,,Heavy rain,,1.0,1676.0,,4243,match:1676.0,True,incompatible_date_intervals;multiple_dfo_event_ids;multiple_emdat_event_ids
DFO,DFO-1959,China,CHN,2002-06-14,2002-06-22,0.0,8000.0,20154.0,,,Heavy rain,,2.0,1676.0,,4244,match:1676.0,True,incompatible_date_intervals;multiple_dfo_event_ids;multiple_emdat_event_ids
DFO,DFO-1955,China,CHN,2002-06-15,2002-06-24,53.0,32000.0,130291.0,,,Heavy rain,,1.0,1676.0,,4245,match:1676.0,True,incompatible_date_intervals;multiple_dfo_event_ids;multiple_emdat_event_ids
DFO,DFO-1964,China,CHN,2002-06-21,2002-06-25,0.0,0.0,22455.0,,,Heavy rain,,1.0,1676.0,,4255,match:1676.0,True,incompatible_date_intervals;multiple_dfo_event_ids;multiple_emdat_event_ids
DFO,DFO-1973,China,CHN,2002-06-29,2002-07-06,11.0,80000.0,179045.0,,,Heavy rain,,1.0,1676.0,,4263,match:1676.0,True,incompatible_date_intervals;multiple_dfo_event_ids;multiple_emdat_event_ids
DFO,DFO-1946,Russian Federation,RUS,2002-06-09,2002-06-15,0.0,0.0,66440.0,,,Heavy rain,,1.0,1677.0,,4229,match:1677.0,True,incompatible_date_intervals;multiple_dfo_event_ids
DFO,DFO-1949,Russian Federation,RUS,2002-06-12,2002-06-14,0.0,0.0,10643.0,,,Heavy rain,,1.0,1677.0,,4236,match:1677.0,True,incompatible_date_intervals;multiple_dfo_event_ids
DFO,DFO-1962,Russian Federation,RUS,2002-06-19,2002-07-01,117.0,200000.0,224555.0,,,Heavy rain,,2.0,1677.0,,4251,match:1677.0,True,incompatible_date_intervals;multiple_dfo_event_ids
EM-DAT,2002-0376-RUS,Russian Federation,RUS,2002-06-19,2002-07-01,117.0,330613.0,,,,Flash flood,450000.0,224600.0,1677.0,,4252,match:1677.0,True,incompatible_date_intervals;multiple_dfo_event_ids
EM-DAT,2002-0325-JAM,Jamaica,JAM,2002-05-23,2002-06-05,9.0,25000.0,,,,Riverine flood,20000.0,,1679.0,,4204,match:1679.0,True,incompatible_date_intervals
DFO,DFO-1948,Jamaica,JAM,2002-06-12,2002-06-16,7.0,400.0,3012.0,,,Heavy rain,,1.0,1679.0,,4235,match:1679.0,True,incompatible_date_intervals
EM-DAT,2002-0329-HND,Honduras,HND,2002-05-23,2002-06-05,10.0,969.0,,,,Riverine flood,100000.0,,1684.0,,4206,match:1684.0,True,incompatible_date_intervals
DFO,DFO-1941,Honduras,HND,2002-06-06,2002-06-13,10.0,4000.0,2917.0,,,Heavy rain,,1.0,1684.0,,4222,match:1684.0,True,incompatible_date_intervals
DFO,DFO-1901,Afghanistan,AFG,2002-04-04,2002-04-07,39.0,2500.0,1171.0,,,Heavy rain,,1.0,1689.0,,4149,match:1689.0,True,incompatible_date_intervals;multiple_dfo_event_ids;multiple_emdat_event_ids
EM-DAT,2002-0196-AFG,Afghanistan,AFG,2002-04-04,2002-07-04,39.0,4225.0,,,,Riverine flood,,1170.0,1689.0,,4150,match:1689.0,True,incompatible_date_intervals;multiple_dfo_event_ids;multiple_emdat_event_ids
DFO,DFO-1909,Afghanistan,AFG,2002-04-23,2002-04-26,2.0,2000.0,3656.0,,,Heavy rain,,1.0,1689.0,,4165,match:1689.0,True,incompatible_date_intervals;multiple_dfo_event_ids;multiple_emdat_event_ids
EM-DAT,2002-0242-AFG,Afghanistan,AFG,2002-04-23,2002-04-26,7.0,1200.0,,,,Riverine flood,,3650.0,1689.0,,4167,match:1689.0,True,incompatible_date_intervals;multiple_dfo_event_ids;multiple_emdat_event_ids
DFO,DFO-1926,Afghanistan,AFG,2002-05-16,2002-05-20,1.0,0.0,5754.0,,,Heavy rain,,1.0,1689.0,,4197,match:1689.0,True,incompatible_date_intervals;multiple_dfo_event_ids;multiple_emdat_event_ids
EM-DAT,2021-0790-BRA,Brazil,BRA,2021-11-15,2022-01-16,51.0,1036166.0,,,,Flood (General),417000.0,,169.0,,10695,match:169.0,True,incompatible_date_intervals;multiple_dfo_event_ids;multiple_emdat_event_ids
DFO,DFO-5163,Brazil,BRA,2021-12-09,2021-12-13,10.0,21570.0,567439.0,,,Heavy rain,,1.5,169.0,,10720,match:169.0,True,incompatible_date_intervals;multiple_dfo_event_ids;multiple_emdat_event_ids
DFO,DFO-5170,Brazil,BRA,2021-12-23,2021-12-29,14.0,70000.0,650000.0,,,Heavy rain,,1.5,169.0,,10730,match:169.0,True,incompatible_date_intervals;multiple_dfo_event_ids;multiple_emdat_event_ids
EM-DAT,2022-0020-BRA,Brazil,BRA,2022-01-01,2022-01-14,15.0,32.0,,,,Flood (General),90000.0,,169.0,,10737,match:169.0,True,incompatible_date_intervals;multiple_dfo_event_ids;multiple_emdat_event_ids
EM-DAT,2022-0065-BRA,Brazil,BRA,2022-01-01,2022-02-04,35.0,3012.0,,,,Flood (General),72000.0,,169.0,,10739,match:169.0,True,incompatible_date_intervals;multiple_dfo_event_ids;multiple_emdat_event_ids
DFO,DFO-5178,Brazil,BRA,2022-01-09,2022-01-12,15.0,11200.0,41000.0,,,Heavy rain,,1.5,169.0,,10746,match:169.0,True,incompatible_date_intervals;multiple_dfo_event_ids;multiple_emdat_event_ids
DFO,DFO-5184,Brazil,BRA,2022-01-20,2022-01-28,19.0,2000.0,30500.0,,,Heavy rain,,1.5,169.0,,10758,match:169.0,True,incompatible_date_intervals;multiple_dfo_event_ids;multiple_emdat_event_ids
DFO,DFO-5189,Brazil,BRA,2022-02-07,2022-02-11,0.0,2000.0,4200.0,,,Heavy rain,,1.0,169.0,,10769,match:169.0,True,incompatible_date_intervals;multiple_dfo_event_ids;multiple_emdat_event_ids
EM-DAT,2022-0089-BRA,Brazil,BRA,2022-02-13,2022-02-16,272.0,16083.0,,,,Flood (General),27000.0,,169.0,,10773,match:169.0,True,incompatible_date_intervals;multiple_dfo_event_ids;multiple_emdat_event_ids
DFO,DFO-5191,Brazil,BRA,2022-02-15,2022-02-17,94.0,300.0,1830.0,,,Heavy rain,,1.5,169.0,,10776,match:169.0,True,incompatible_date_intervals;multiple_dfo_event_ids;multiple_emdat_event_ids
DFO,DFO-5193,Brazil,BRA,2022-02-15,2022-02-16,2.0,77.0,44000.0,,,Heavy rain,,1.0,169.0,,10778,match:169.0,True,incompatible_date_intervals;multiple_dfo_event_ids;multiple_emdat_event_ids
DFO,DFO-1911,United States of America,USA,2002-04-25,2002-04-27,1.0,32.0,313.0,,,Heavy rain,,2.0,1690.0,,4170,match:1690.0,True,incompatible_date_intervals;multiple_dfo_event_ids
DFO,DFO-2007,United States of America,USA,2002-04-27,2002-05-31,0.0,0.0,17605.0,,,Snowmelt,,1.0,1690.0,,4178,match:1690.0,True,incompatible_date_intervals;multiple_dfo_event_ids
DFO,DFO-1916,United States of America,USA,2002-05-02,2002-05-08,9.0,1000.0,19788.0,,,Heavy rain,,1.0,1690.0,,4182,match:1690.0,True,incompatible_date_intervals;multiple_dfo_event_ids
EM-DAT,2002-0266-USA,United States of America,USA,2002-05-02,2002-05-08,9.0,1000.0,,,,Riverine flood,13000.0,,1690.0,,4183,match:1690.0,True,incompatible_date_intervals;multiple_dfo_event_ids
DFO,DFO-1919,United States of America,USA,2002-05-07,2002-06-08,9.0,100.0,257338.0,,,Heavy rain,,1.0,1690.0,,4190,match:1690.0,True,incompatible_date_intervals;multiple_dfo_event_ids
DFO,DFO-1920,United States of America,USA,2002-05-07,2002-05-09,0.0,24.0,685.0,,,Ice jam/break-up,,1.0,1690.0,,4191,match:1690.0,True,incompatible_date_intervals;multiple_dfo_event_ids
DFO,DFO-1918,Costa Rica • Panama,,2002-05-06,2002-05-11,0.0,5600.0,18668.0,,,Heavy rain,,2.0,1691.0,transboundary (2 countries),4184,match:1691.0,True,multiple_emdat_event_ids
EM-DAT,2002-0263-CRI,Costa Rica,CRI,2002-05-06,2002-05-11,,20000.0,,,,Riverine flood,1000.0,,1691.0,,4186,match:1691.0,True,multiple_emdat_event_ids
EM-DAT,2002-0264-PAN,Panama,PAN,2002-05-06,2002-05-11,4.0,11500.0,,,,Riverine flood,500.0,,1691.0,,4187,match:1691.0,True,multiple_emdat_event_ids
DFO,DFO-1917,Uganda • Kenya • Rwanda • United Republic of Tanzania,,2002-04-26,2002-05-28,160.0,168000.0,1111283.0,,,Heavy rain,,2.0,1693.0,transboundary (4 countries),4173,match:1693.0,True,multiple_dfo_event_ids;multiple_emdat_event_ids
EM-DAT,2002-0265-KEN,Kenya,KEN,2002-04-26,2002-05-28,53.0,150008.0,,,,Riverine flood,,,1693.0,,4174,match:1693.0,True,multiple_dfo_event_ids;multiple_emdat_event_ids
EM-DAT,2002-0272-UGA,Uganda,UGA,2002-04-26,2002-05-28,17.0,760.0,,,,Riverine flood,,,1693.0,,4175,match:1693.0,True,multiple_dfo_event_ids;multiple_emdat_event_ids
EM-DAT,2002-0273-RWA,Rwanda,RWA,2002-04-26,2002-05-28,69.0,20000.0,,,,Riverine flood,,,1693.0,,4176,match:1693.0,True,multiple_dfo_event_ids;multiple_emdat_event_ids
EM-DAT,2002-0274-TZA,United Republic of Tanzania,TZA,2002-04-26,2002-05-28,9.0,1200.0,,,,Riverine flood,,50.0,1693.0,,4177,match:1693.0,True,multiple_dfo_event_ids;multiple_emdat_event_ids
DFO,DFO-1915,Kenya,KEN,2002-04-29,2002-05-02,2.0,0.0,3838.0,,,Heavy rain,,1.0,1693.0,,4179,match:1693.0,True,multiple_dfo_event_ids;multiple_emdat_event_ids
DFO,DFO-1905,Indonesia,IDN,2002-04-17,2002-04-19,4.0,0.0,919.0,,,Heavy rain,,1.0,1695.0,,4160,match:1695.0,True,multiple_dfo_event_ids
DFO,DFO-1906,Indonesia,IDN,2002-04-17,2002-04-20,19.0,0.0,4900.0,,,Heavy rain,,1.0,1695.0,,4161,match:1695.0,True,multiple_dfo_event_ids
EM-DAT,2002-0236-IDN,Indonesia,IDN,2002-04-17,2002-04-20,19.0,,,,,Riverine flood,,4900.0,1695.0,,4162,match:1695.0,True,multiple_dfo_event_ids
EM-DAT,2002-0193-TJK,Tajikistan,TJK,2002-03-23,2002-03-23,,630.0,,,,Riverine flood,,,1701.0,,4140,match:1701.0,True,incompatible_date_intervals
DFO,DFO-1899,Tajikistan,TJK,2002-03-25,2002-04-02,0.0,280.0,5025.0,,,Heavy rain,,1.0,1701.0,,4141,match:1701.0,True,incompatible_date_intervals
DFO,DFO-1890,Ecuador,ECU,2002-03-06,2002-04-29,28.0,6000.0,71519.0,,,Heavy rain,,1.0,1707.0,,4125,match:1707.0,True,multiple_emdat_event_ids
EM-DAT,2002-0125-ECU,Ecuador,ECU,2002-03-06,2002-04-29,31.0,54113.0,,,,Riverine flood,13000.0,52930.0,1707.0,,4126,match:1707.0,True,multiple_emdat_event_ids
EM-DAT,2002-0162-ECU,Ecuador,ECU,2002-03-19,2002-03-19,,520.0,,,,Flood (General),3000.0,,1707.0,,4135,match:1707.0,True,multiple_emdat_event_ids
DFO,DFO-1851,Indonesia,IDN,2001-12-28,2002-01-01,9.0,3000.0,9125.0,,,Heavy rain,,1.0,1709.0,,4066,match:1709.0,True,incompatible_date_intervals;multiple_dfo_event_ids;multiple_emdat_event_ids
EM-DAT,2001-0719-IDN,Indonesia,IDN,2001-12-28,2002-01-01,15.0,2000.0,,,,Riverine flood,,9125.0,1709.0,,4067,match:1709.0,True,incompatible_date_intervals;multiple_dfo_event_ids;multiple_emdat_event_ids
DFO,DFO-1856,Indonesia,IDN,2002-01-01,2002-01-04,5.0,300.0,4559.0,,,Heavy rain,,1.0,1709.0,,4071,match:1709.0,True,incompatible_date_intervals;multiple_dfo_event_ids;multiple_emdat_event_ids
DFO,DFO-1859,Indonesia,IDN,2002-01-05,2002-01-07,4.0,240.0,220.0,,,Heavy rain,,1.0,1709.0,,4077,match:1709.0,True,incompatible_date_intervals;multiple_dfo_event_ids;multiple_emdat_event_ids
DFO,DFO-1860,Indonesia,IDN,2002-01-08,2002-01-12,22.0,0.0,1489.0,,,Heavy rain,,1.0,1709.0,,4081,match:1709.0,True,incompatible_date_intervals;multiple_dfo_event_ids;multiple_emdat_event_ids
EM-DAT,2002-0018-IDN,Indonesia,IDN,2002-01-08,2002-01-12,21.0,40.0,,,,Riverine flood,,1490.0,1709.0,,4082,match:1709.0,True,incompatible_date_intervals;multiple_dfo_event_ids;multiple_emdat_event_ids
DFO,DFO-1864,Indonesia,IDN,2002-01-13,2002-01-18,13.0,0.0,4171.0,,,Heavy rain,,1.0,1709.0,,4090,match:1709.0,True,incompatible_date_intervals;multiple_dfo_event_ids;multiple_emdat_event_ids
EM-DAT,2002-0035-IDN,Indonesia,IDN,2002-01-13,2002-01-18,13.0,2000.0,,,,Riverine flood,,4170.0,1709.0,,4091,match:1709.0,True,incompatible_date_intervals;multiple_dfo_event_ids;multiple_emdat_event_ids
DFO,DFO-1865,Indonesia,IDN,2002-01-15,2002-01-26,0.0,3000.0,810.0,,,Dam/Levy break or release,,1.0,1709.0,,4092,match:1709.0,True,incompatible_date_intervals;multiple_dfo_event_ids;multiple_emdat_event_ids
DFO,DFO-1870,Indonesia,IDN,2002-01-27,2002-02-12,147.0,380000.0,41006.0,,,Heavy rain,,2.0,1709.0,,4097,match:1709.0,True,incompatible_date_intervals;multiple_dfo_event_ids;multiple_emdat_event_ids
EM-DAT,2002-0054-IDN,Indonesia,IDN,2002-01-27,2002-02-12,150.0,500750.0,,,,Riverine flood,350000.0,41000.0,1709.0,,4099,match:1709.0,True,incompatible_date_intervals;multiple_dfo_event_ids;multiple_emdat_event_ids
DFO,DFO-1879,Indonesia,IDN,2002-02-13,2002-02-23,0.0,15000.0,810.0,,,Heavy rain,,1.0,1709.0,,4112,match:1709.0,True,incompatible_date_intervals;multiple_dfo_event_ids;multiple_emdat_event_ids
DFO,DFO-1882,Indonesia,IDN,2002-02-17,2002-02-25,4.0,30000.0,1343.0,,,Heavy rain,,1.0,1709.0,,4115,match:1709.0,True,incompatible_date_intervals;multiple_dfo_event_ids;multiple_emdat_event_ids
DFO,DFO-1885,Brazil,BRA,2002-01-15,2002-04-02,0.0,0.0,139113.0,,,Heavy rain,,1.0,1712.0,,4093,match:1712.0,True,multiple_dfo_event_ids
DFO,DFO-1872,Brazil,BRA,2002-02-03,2002-02-05,10.0,2000.0,2255.0,,,Heavy rain,,1.0,1712.0,,4101,match:1712.0,True,multiple_dfo_event_ids
EM-DAT,2002-0082-BRA,Brazil,BRA,2002-02-03,2002-02-05,17.0,1500.0,,,,Riverine flood,,2250.0,1712.0,,4102,match:1712.0,True,multiple_dfo_event_ids
DFO,DFO-1854,Malawi,MWI,2001-12-29,2002-03-05,1.0,20000.0,3859.0,,,Heavy rain,,1.0,1718.0,,4069,match:1718.0,True,incompatible_date_intervals;multiple_emdat_event_ids
EM-DAT,2001-0710-MWI,Malawi,MWI,2001-12-30,2001-12-30,,8750.0,,,,Flood (General),,,1718.0,,4070,match:1718.0,True,incompatible_date_intervals;multiple_emdat_event_ids
EM-DAT,2002-0083-MWI,Malawi,MWI,2002-01-01,2002-03-05,1.0,150000.0,,,,Riverine flood,,3860.0,1718.0,,4072,match:1718.0,True,incompatible_date_intervals;multiple_emdat_event_ids
DFO,DFO-1842,Malaysia,MYS,2001-12-16,2001-12-19,0.0,1000.0,17459.0,,,Heavy rain,,1.0,1722.0,,4048,match:1722.0,True,incompatible_date_intervals;multiple_dfo_event_ids
DFO,DFO-1844,Malaysia,MYS,2001-12-22,2002-01-03,11.0,18000.0,22936.0,,,Heavy rain,,1.0,1722.0,,4055,match:1722.0,True,incompatible_date_intervals;multiple_dfo_event_ids
EM-DAT,2001-0693-MYS,Malaysia,MYS,2001-12-22,2002-01-03,11.0,18000.0,,,,Riverine flood,,22940.0,1722.0,,4056,match:1722.0,True,incompatible_date_intervals;multiple_dfo_event_ids
DFO,DFO-1835,South Africa,ZAF,2001-12-11,2001-12-12,5.0,100.0,1935.0,,,Heavy rain,,1.0,1723.0,,4042,match:1723.0,True,incompatible_date_intervals;multiple_dfo_event_ids
DFO,DFO-1843,South Africa,ZAF,2001-12-19,2001-12-22,3.0,300.0,752.0,,,Torrential rain,,1.0,1723.0,,4053,match:1723.0,True,incompatible_date_intervals;multiple_dfo_event_ids
EM-DAT,2001-0664-ZAF,South Africa,ZAF,2001-12-19,2001-12-22,5.0,312.0,,,,Flash flood,,752.0,1723.0,,4054,match:1723.0,True,incompatible_date_intervals;multiple_dfo_event_ids
EM-DAT,2001-0683-COD,Democratic Republic of the Congo,COD,2001-12-14,2001-12-14,,13000.0,,,,Riverine flood,,3270.0,1724.0,,4044,match:1724.0,True,incompatible_date_intervals
DFO,DFO-1841,Democratic Republic of the Congo,COD,2001-12-17,2001-12-20,0.0,13000.0,3270.0,,,Heavy rain,,1.0,1724.0,,4050,match:1724.0,True,incompatible_date_intervals
DFO,DFO-1831,Türkiye,TUR,2001-12-02,2001-12-09,5.0,570.0,14875.0,,,Heavy rain,,1.0,1726.0,,4037,match:1726.0,True,incompatible_date_intervals;multiple_dfo_event_ids
EM-DAT,2001-0665-TUR,Türkiye,TUR,2001-12-02,2001-12-09,5.0,570.0,,,,Riverine flood,25000.0,14880.0,1726.0,,4038,match:1726.0,True,incompatible_date_intervals;multiple_dfo_event_ids
DFO,DFO-1838,Türkiye,TUR,2001-12-16,2001-12-18,9.0,600.0,306.0,,,Torrential rain,,1.0,1726.0,,4046,match:1726.0,True,incompatible_date_intervals;multiple_dfo_event_ids
EM-DAT,2001-0649-MYS,Malaysia,MYS,2001-10-30,2001-10-30,,200.0,,,,Flood (General),,,1731.0,,4013,match:1731.0,True,incompatible_date_intervals
DFO,DFO-1821,Malaysia,MYS,2001-11-05,2001-11-12,1.0,0.0,7155.0,,,Heavy rain,,1.0,1731.0,,4018,match:1731.0,True,incompatible_date_intervals
EM-DAT,2001-0450-THA,Thailand,THA,2001-08-08,2001-09-06,104.0,450109.0,,,,Flash flood,24500.0,4160.0,1735.0,,3936,match:1735.0,True,incompatible_date_intervals;multiple_dfo_event_ids;multiple_emdat_event_ids
DFO,DFO-1776,Thailand • Viet Nam,,2001-08-10,2001-08-25,173.0,10000.0,4163.0,,,Torrential rain,,1.0,1735.0,transboundary (2 countries),3938,match:1735.0,True,incompatible_date_intervals;multiple_dfo_event_ids;multiple_emdat_event_ids
DFO,DFO-1781,Cambodia • Viet Nam,,2001-08-15,2001-11-19,416.0,1060000.0,74458.0,,,Monsoonal rain,,2.0,1735.0,transboundary (2 countries),3944,match:1735.0,True,incompatible_date_intervals;multiple_dfo_event_ids;multiple_emdat_event_ids
EM-DAT,2001-0485-KHM,Cambodia,KHM,2001-08-15,2001-11-19,56.0,1669182.0,,,,Riverine flood,15000.0,3000.0,1735.0,,3945,match:1735.0,True,incompatible_date_intervals;multiple_dfo_event_ids;multiple_emdat_event_ids
EM-DAT,2001-0492-VNM,Viet Nam,VNM,2001-08-15,2001-11-19,310.0,1570270.0,,,,Riverine flood,84000.0,745.0,1735.0,,3946,match:1735.0,True,incompatible_date_intervals;multiple_dfo_event_ids;multiple_emdat_event_ids
DFO,DFO-1783,Viet Nam,VNM,2001-08-20,2001-08-22,11.0,640.0,23438.0,,,Heavy rain,,1.0,1735.0,,3955,match:1735.0,True,incompatible_date_intervals;multiple_dfo_event_ids;multiple_emdat_event_ids
EM-DAT,2001-0528-THA,Thailand,THA,2001-08-31,2001-08-31,,4000.0,,,,Flood (General),,,1735.0,,3968,match:1735.0,True,incompatible_date_intervals;multiple_dfo_event_ids;multiple_emdat_event_ids
DFO,DFO-1792,Thailand,THA,2001-09-10,2001-09-12,0.0,0.0,14946.0,,,Heavy rain,,1.0,1735.0,,3974,match:1735.0,True,incompatible_date_intervals;multiple_dfo_event_ids;multiple_emdat_event_ids
DFO,DFO-1815,Viet Nam,VNM,2001-10-20,2001-10-24,39.0,0.0,72024.0,,,Torrential rain,,1.0,1735.0,,4007,match:1735.0,True,incompatible_date_intervals;multiple_dfo_event_ids;multiple_emdat_event_ids
EM-DAT,2001-0587-VNM,Viet Nam,VNM,2001-10-20,2001-10-24,20.0,35006.0,,,,Flash flood,4700.0,72000.0,1735.0,,4008,match:1735.0,True,incompatible_date_intervals;multiple_dfo_event_ids;multiple_emdat_event_ids
EM-DAT,2001-0654-VNM,Viet Nam,VNM,2001-11-04,2001-11-04,,3000.0,,,,Coastal flood,,,1735.0,,4017,match:1735.0,True,incompatible_date_intervals;multiple_dfo_event_ids;multiple_emdat_event_ids
DFO,DFO-1744,India,IND,2001-07-04,2001-07-16,86.0,40000.0,4468.0,,,Monsoonal rain,,1.0,1740.0,,3880,match:1740.0,True,incompatible_date_intervals;multiple_dfo_event_ids;multiple_emdat_event_ids
EM-DAT,2001-0387-IND,India,IND,2001-07-04,2001-07-16,86.0,40000.0,,,,Riverine flood,116924.0,4470.0,1740.0,,3882,match:1740.0,True,incompatible_date_intervals;multiple_dfo_event_ids;multiple_emdat_event_ids
DFO,DFO-1747,India,IND,2001-07-08,2001-08-10,100.0,2000000.0,105057.0,,,Monsoonal rain,,2.0,1740.0,,3887,match:1740.0,True,incompatible_date_intervals;multiple_dfo_event_ids;multiple_emdat_event_ids
EM-DAT,2001-0332-IND,India,IND,2001-07-08,2001-07-10,100.0,9670000.0,,,,Riverine flood,90000.0,105100.0,1740.0,,3888,match:1740.0,True,incompatible_date_intervals;multiple_dfo_event_ids;multiple_emdat_event_ids
DFO,DFO-1753,India,IND,2001-07-16,2001-07-16,26.0,0.0,2458.0,,,Torrential rain,,1.0,1740.0,,3898,match:1740.0,True,incompatible_date_intervals;multiple_dfo_event_ids;multiple_emdat_event_ids
DFO,DFO-1766,Bangladesh • India,,2001-07-31,2001-09-01,36.0,2750000.0,190727.0,,,Monsoonal rain,,1.0,1740.0,transboundary (2 countries),3919,match:1740.0,True,incompatible_date_intervals;multiple_dfo_event_ids;multiple_emdat_event_ids
EM-DAT,2001-0465-IND,India,IND,2001-08-01,2001-08-01,,400000.0,,,,Riverine flood,,,1740.0,,3924,match:1740.0,True,incompatible_date_intervals;multiple_dfo_event_ids;multiple_emdat_event_ids
EM-DAT,2001-0502-IND,India,IND,2001-08-01,2001-08-01,10.0,36.0,,,,Flood (General),,,1740.0,,3925,match:1740.0,True,incompatible_date_intervals;multiple_dfo_event_ids;multiple_emdat_event_ids
DFO,DFO-1779,India,IND,2001-08-14,2001-08-15,16.0,0.0,3009.0,,,Heavy rain,,1.0,1740.0,,3943,match:1740.0,True,incompatible_date_intervals;multiple_dfo_event_ids;multiple_emdat_event_ids
DFO,DFO-1789,India,IND,2001-08-20,2001-09-11,65.0,300000.0,35442.0,,,Heavy rain,,1.0,1740.0,,3957,match:1740.0,True,incompatible_date_intervals;multiple_dfo_event_ids;multiple_emdat_event_ids
EM-DAT,2001-0515-IND,India,IND,2001-08-20,2001-08-20,158.0,7000000.0,,,,Flood (General),26000.0,550.0,1740.0,,3958,match:1740.0,True,incompatible_date_intervals;multiple_dfo_event_ids;multiple_emdat_event_ids
EM-DAT,2001-0459-BGD,Bangladesh,BGD,2001-08-31,2001-08-31,,200000.0,,,,Flood (General),,,1740.0,,3967,match:1740.0,True,incompatible_date_intervals;multiple_dfo_event_ids;multiple_emdat_event_ids
EM-DAT,2001-0527-IND,India,IND,2001-09-01,2001-09-01,48.0,2800000.0,,,,Flash flood,26000.0,,1740.0,,3969,match:1740.0,True,incompatible_date_intervals;multiple_dfo_event_ids;multiple_emdat_event_ids
DFO,DFO-1791,India,IND,2001-09-07,2001-09-24,146.0,30000.0,30124.0,,,Heavy rain,,1.0,1740.0,,3972,match:1740.0,True,incompatible_date_intervals;multiple_dfo_event_ids;multiple_emdat_event_ids
EM-DAT,2001-0794-IND,India,IND,2001-09-07,2001-09-24,146.0,,,,,Flood (General),103000.0,,1740.0,,3973,match:1740.0,True,incompatible_date_intervals;multiple_dfo_event_ids;multiple_emdat_event_ids
DFO,DFO-1803,India,IND,2001-09-30,2001-10-02,12.0,9000.0,44527.0,,,Torrential rain,,1.0,1740.0,,3988,match:1740.0,True,incompatible_date_intervals;multiple_dfo_event_ids;multiple_emdat_event_ids
EM-DAT,2001-0559-MEX,Mexico,MEX,2001-09-18,2001-09-21,21.0,,,,,Flash flood,,,1741.0,,3978,match:1741.0,True,incompatible_date_intervals
DFO,DFO-1799,Mexico,MEX,2001-09-24,2001-10-02,3.0,38000.0,35717.0,,,Tropical cyclone,,1.0,1741.0,,3985,match:1741.0,True,incompatible_date_intervals
DFO,DFO-1784,China,CHN,2001-08-25,2001-08-25,15.0,2000.0,5570.0,,,Heavy rain,,1.0,1744.0,,3960,match:1744.0,True,incompatible_date_intervals;multiple_dfo_event_ids
EM-DAT,2001-0360-CHN,China,CHN,2001-08-25,2001-08-25,35.0,2702.0,,,,Riverine flood,17000.0,5570.0,1744.0,,3961,match:1744.0,True,incompatible_date_intervals;multiple_dfo_event_ids
DFO,DFO-1787,China,CHN,2001-08-28,2001-09-09,4.0,50000.0,14471.0,,,Tropical cyclone,,1.0,1744.0,,3964,match:1744.0,True,incompatible_date_intervals;multiple_dfo_event_ids
DFO,DFO-1793,Guinea • Mali,,2001-08-18,2001-10-09,11.0,43500.0,264055.0,,,Heavy rain,,2.0,1747.0,transboundary (2 countries),3949,match:1747.0,True,multiple_emdat_event_ids
EM-DAT,2001-0524-MLI,Mali,MLI,2001-08-18,2001-10-09,2.0,3500.0,,,,Riverine flood,,8.0,1747.0,,3950,match:1747.0,True,multiple_emdat_event_ids
EM-DAT,2001-0549-GIN,Guinea,GIN,2001-08-18,2001-10-09,9.0,220000.0,,,,Riverine flood,,200.0,1747.0,,3951,match:1747.0,True,multiple_emdat_event_ids
DFO,DFO-5175,South Africa,ZAF,2022-01-08,2022-01-09,7.0,0.0,10700.0,,,Heavy rain,,1.0,175.0,,10742,match:175.0,True,incompatible_date_intervals;multiple_dfo_event_ids;multiple_emdat_event_ids
EM-DAT,2022-0009-ZAF,South Africa,ZAF,2022-01-08,2022-01-09,10.0,,,,,Flood (General),70000.0,,175.0,,10743,match:175.0,True,incompatible_date_intervals;multiple_dfo_event_ids;multiple_emdat_event_ids
EM-DAT,2022-0035-ZAF,South Africa,ZAF,2022-01-15,2022-01-16,1.0,100.0,,,,Flood (General),105000.0,,175.0,,10750,match:175.0,True,incompatible_date_intervals;multiple_dfo_event_ids;multiple_emdat_event_ids
DFO,DFO-5180,South Africa,ZAF,2022-01-17,2022-01-18,1.0,100.0,6400.0,,,Heavy rain,,1.0,175.0,,10753,match:175.0,True,incompatible_date_intervals;multiple_dfo_event_ids;multiple_emdat_event_ids
EM-DAT,2001-0769-ETH,Ethiopia,ETH,2001-08-01,2001-08-01,,2500.0,,,,Flood (General),,,1750.0,,3926,match:1750.0,True,incompatible_date_intervals;multiple_emdat_event_ids
DFO,DFO-1772,Sudan • Ethiopia,,2001-08-06,2001-09-13,5.0,45000.0,557928.0,,,Heavy rain,,1.0,1750.0,transboundary (2 countries),3931,match:1750.0,True,incompatible_date_intervals;multiple_emdat_event_ids
EM-DAT,2001-0417-SDN,Sudan,SDN,2001-08-06,2001-09-13,3.0,97000.0,,,,Riverine flood,2000.0,,1750.0,,3933,match:1750.0,True,incompatible_date_intervals;multiple_emdat_event_ids
EM-DAT,2001-0448-ETH,Ethiopia,ETH,2001-08-10,2001-08-10,5.0,31000.0,,,,Riverine flood,,,1750.0,,3939,match:1750.0,True,incompatible_date_intervals;multiple_emdat_event_ids
DFO,DFO-1760,Yemen,YEM,2001-07-26,2001-07-29,20.0,0.0,10853.0,,,Torrential rain,,1.0,1752.0,,3911,match:1752.0,True,incompatible_date_intervals;multiple_dfo_event_ids
EM-DAT,2001-0402-YEM,Yemen,YEM,2001-07-26,2001-07-29,33.0,,,,,Flash flood,,10860.0,1752.0,,3912,match:1752.0,True,incompatible_date_intervals;multiple_dfo_event_ids
DFO,DFO-1771,Yemen,YEM,2001-08-05,2001-08-05,11.0,0.0,4207.0,,,Heavy rain,,1.0,1752.0,,3930,match:1752.0,True,incompatible_date_intervals;multiple_dfo_event_ids
DFO,DFO-1761,United States of America,USA,2001-07-29,2001-07-29,2.0,300.0,14007.0,,,Heavy rain,,1.0,1753.0,,3913,match:1753.0,True,incompatible_date_intervals;multiple_dfo_event_ids
EM-DAT,2001-0772-USA,United States of America,USA,2001-08-01,2001-08-01,,3600.0,,,,Flood (General),,,1753.0,,3927,match:1753.0,True,incompatible_date_intervals;multiple_dfo_event_ids
DFO,DFO-1769,United States of America,USA,2001-08-03,2001-08-04,2.0,100.0,19308.0,,,Heavy rain,,1.0,1753.0,,3929,match:1753.0,True,incompatible_date_intervals;multiple_dfo_event_ids
DFO,DFO-1765,Indonesia,IDN,2001-07-31,2001-08-01,108.0,1500.0,1267.0,,,Heavy rain,,2.0,1755.0,,3918,match:1755.0,True,multiple_dfo_event_ids
DFO,DFO-1767,Indonesia,IDN,2001-07-31,2001-08-01,1.0,3000.0,2399.0,,,Heavy rain,,1.0,1755.0,,3920,match:1755.0,True,multiple_dfo_event_ids
EM-DAT,2001-0407-IDN,Indonesia,IDN,2001-07-31,2001-08-01,257.0,3694.0,,,,Riverine flood,,1270.0,1755.0,,3921,match:1755.0,True,multiple_dfo_event_ids
EM-DAT,2001-0241-CHN,China,CHN,2001-06-02,2001-06-02,29.0,1760000.0,,,,Riverine flood,78000.0,,1757.0,,3847,match:1757.0,True,incompatible_date_intervals;multiple_dfo_event_ids;multiple_emdat_event_ids
DFO,DFO-1732,China,CHN,2001-06-06,2001-06-17,100.0,237000.0,18916.0,,,Heavy rain,,1.0,1757.0,,3852,match:1757.0,True,incompatible_date_intervals;multiple_dfo_event_ids;multiple_emdat_event_ids
EM-DAT,2001-0740-CHN,China,CHN,2001-06-15,2001-06-15,66.0,3110.0,,,,Riverine flood,167000.0,4800.0,1757.0,,3856,match:1757.0,True,incompatible_date_intervals;multiple_dfo_event_ids;multiple_emdat_event_ids
DFO,DFO-1736,China,CHN,2001-06-19,2001-06-23,66.0,10000.0,3605.0,,,Heavy rain,,1.0,1757.0,,3859,match:1757.0,True,incompatible_date_intervals;multiple_dfo_event_ids;multiple_emdat_event_ids
EM-DAT,2001-0741-CHN,China,CHN,2001-06-19,2001-06-23,166.0,300000.0,,,,Riverine flood,120000.0,3600.0,1757.0,,3861,match:1757.0,True,incompatible_date_intervals;multiple_dfo_event_ids;multiple_emdat_event_ids
EM-DAT,2001-0356-CHN,China,CHN,2001-06-27,2001-06-27,22.0,7.0,,,,Flood (General),,,1757.0,,3869,match:1757.0,True,incompatible_date_intervals;multiple_dfo_event_ids;multiple_emdat_event_ids
DFO,DFO-1743,Philippines • China,,2001-07-01,2001-07-19,178.0,800000.0,205221.0,,,Heavy rain,,2.0,1757.0,transboundary (2 countries),3874,match:1757.0,True,incompatible_date_intervals;multiple_dfo_event_ids;multiple_emdat_event_ids
DFO,DFO-1759,China,CHN,2001-07-25,2001-07-26,30.0,0.0,6806.0,,,Heavy rain,,2.0,1757.0,,3909,match:1757.0,True,incompatible_date_intervals;multiple_dfo_event_ids;multiple_emdat_event_ids
EM-DAT,2001-0392-CHN,China,CHN,2001-07-25,2001-07-26,46.0,17.0,,,,Riverine flood,5000.0,6800.0,1757.0,,3910,match:1757.0,True,incompatible_date_intervals;multiple_dfo_event_ids;multiple_emdat_event_ids
EM-DAT,2001-0390-POL,Poland,POL,2001-07-09,2001-08-05,27.0,15000.0,,,,Riverine flood,700000.0,47890.0,1761.0,,3891,match:1761.0,True,incompatible_date_intervals;multiple_dfo_event_ids
DFO,DFO-1748,Poland,POL,2001-07-10,2001-07-10,4.0,650.0,1363.0,,,Torrential rain,,1.0,1761.0,,3892,match:1761.0,True,incompatible_date_intervals;multiple_dfo_event_ids
DFO,DFO-1758,Poland,POL,2001-07-20,2001-08-03,30.0,16000.0,47893.0,,,Torrential rain,,1.0,1761.0,,3901,match:1761.0,True,incompatible_date_intervals;multiple_dfo_event_ids
EM-DAT,2001-0361-VNM,Viet Nam,VNM,2001-06-30,2001-06-30,9.0,175.0,,,,Flood (General),,,1765.0,,3873,match:1765.0,True,incompatible_date_intervals
DFO,DFO-1742,Viet Nam,VNM,2001-07-03,2001-07-06,32.0,13000.0,12942.0,,,Torrential rain,,2.0,1765.0,,3878,match:1765.0,True,incompatible_date_intervals
EM-DAT,2001-0349-IND,India,IND,2001-06-01,2001-06-01,28.0,4.0,,,,Flood (General),,,1768.0,,3845,match:1768.0,True,incompatible_date_intervals;multiple_dfo_event_ids;multiple_emdat_event_ids
DFO,DFO-1731,India • Bangladesh,,2001-06-05,2001-06-22,15.0,800000.0,17562.0,,,Monsoonal rain,,1.0,1768.0,transboundary (2 countries),3849,match:1768.0,True,incompatible_date_intervals;multiple_dfo_event_ids;multiple_emdat_event_ids
EM-DAT,2001-0243-IND,India,IND,2001-06-05,2001-06-22,5.0,700000.0,,,,Riverine flood,,,1768.0,,3850,match:1768.0,True,incompatible_date_intervals;multiple_dfo_event_ids;multiple_emdat_event_ids
EM-DAT,2001-0393-BGD,Bangladesh,BGD,2001-06-05,2001-06-05,9.0,500000.0,,,,Riverine flood,,,1768.0,,3851,match:1768.0,True,incompatible_date_intervals;multiple_dfo_event_ids;multiple_emdat_event_ids
DFO,DFO-1737,India,IND,2001-06-20,2001-06-21,29.0,0.0,38728.0,,,Monsoonal rain,,1.0,1768.0,,3862,match:1768.0,True,incompatible_date_intervals;multiple_dfo_event_ids;multiple_emdat_event_ids
DFO,DFO-5173,Indonesia,IDN,2021-12-30,2022-01-03,1.0,20000.0,55000.0,,,Heavy rain,,1.0,177.0,,10732,match:177.0,True,incompatible_date_intervals;multiple_dfo_event_ids;multiple_emdat_event_ids
EM-DAT,2021-0835-IDN,Indonesia,IDN,2021-12-31,2022-01-04,2.0,27500.0,,,,Flood (General),,,177.0,,10733,match:177.0,True,incompatible_date_intervals;multiple_dfo_event_ids;multiple_emdat_event_ids
DFO,DFO-5171,Indonesia,IDN,2022-01-01,2022-01-03,50.0,14500.0,5100.0,,,Heavy rain,,1.5,177.0,,10734,match:177.0,True,incompatible_date_intervals;multiple_dfo_event_ids;multiple_emdat_event_ids
DFO,DFO-5174,Indonesia,IDN,2022-01-06,2022-01-07,6.0,500.0,1300.0,,,Heavy rain,,1.0,177.0,,10740,match:177.0,True,incompatible_date_intervals;multiple_dfo_event_ids;multiple_emdat_event_ids
EM-DAT,2022-0011-IDN,Indonesia,IDN,2022-01-10,2022-01-11,10.0,6500.0,,,,Flood (General),,,177.0,,10747,match:177.0,True,incompatible_date_intervals;multiple_dfo_event_ids;multiple_emdat_event_ids
DFO,DFO-1719,Russian Federation,RUS,2001-05-01,2001-05-17,0.0,15000.0,16164.0,,,Snowmelt,,1.0,1773.0,,3820,match:1773.0,True,multiple_dfo_event_ids
DFO,DFO-1725,Russian Federation,RUS,2001-05-12,2001-06-08,7.0,70000.0,2856610.0,,,Snowmelt,,2.0,1773.0,,3833,match:1773.0,True,multiple_dfo_event_ids
EM-DAT,2001-0227-RUS,Russian Federation,RUS,2001-05-12,2001-05-27,10.0,50305.0,,,,Riverine flood,241000.0,2857000.0,1773.0,,3834,match:1773.0,True,multiple_dfo_event_ids
DFO,DFO-1709,Angola,AGO,2001-04-02,2001-04-09,20.0,15800.0,24780.0,,,Heavy rain,,1.0,1782.0,,3802,match:1782.0,True,incompatible_date_intervals;multiple_dfo_event_ids
EM-DAT,2001-0146-AGO,Angola,AGO,2001-04-02,2001-04-09,48.0,39928.0,,,,Riverine flood,,24780.0,1782.0,,3803,match:1782.0,True,incompatible_date_intervals;multiple_dfo_event_ids
DFO,DFO-1711,Angola,AGO,2001-04-14,2001-04-15,18.0,300.0,7433.0,,,Heavy rain,,1.0,1782.0,,3807,match:1782.0,True,incompatible_date_intervals;multiple_dfo_event_ids
DFO,DFO-1689,Bolivia (Plurinational State of),BOL,2001-01-01,2001-03-22,18.0,300000.0,107079.0,,,Heavy rain,,1.0,1792.0,,3749,match:1792.0,True,multiple_dfo_event_ids
EM-DAT,2001-0029-BOL,Bolivia (Plurinational State of),BOL,2001-01-01,2001-03-22,41.0,357250.0,,,,Riverine flood,121000.0,119163.0,1792.0,,3753,match:1792.0,True,multiple_dfo_event_ids
DFO,DFO-1695,Bolivia (Plurinational State of),BOL,2001-02-16,2001-02-22,19.0,200000.0,652.0,,,Heavy rain,,1.0,1792.0,,3774,match:1792.0,True,multiple_dfo_event_ids
EM-DAT,2001-0025-MWI,Malawi,MWI,2001-01-01,2001-01-01,59.0,500000.0,,,,Coastal flood,6700.0,,1798.0,,3751,match:1798.0,True,incompatible_date_intervals
DFO,DFO-1684,Malawi,MWI,2001-01-04,2001-01-04,5.0,14.0,10395.0,,,Heavy rain,,1.0,1798.0,,3755,match:1798.0,True,incompatible_date_intervals
DFO,DFO-1671,Indonesia • Malaysia,,2000-11-21,2000-12-01,243.0,68682.0,344411.0,,,Torrential rain,,1.0,1803.0,transboundary (2 countries),3722,match:1803.0,True,incompatible_date_intervals;multiple_dfo_event_ids;multiple_emdat_event_ids
EM-DAT,2000-0774-MYS,Malaysia,MYS,2000-11-21,2000-12-01,12.0,8000.0,,,,Flash flood,1000.0,,1803.0,,3724,match:1803.0,True,incompatible_date_intervals;multiple_dfo_event_ids;multiple_emdat_event_ids
EM-DAT,2000-0770-IDN,Indonesia,IDN,2000-11-28,2000-12-04,100.0,386021.0,,,,Riverine flood,34000.0,300.0,1803.0,,3726,match:1803.0,True,incompatible_date_intervals;multiple_dfo_event_ids;multiple_emdat_event_ids
DFO,DFO-1676,Indonesia,IDN,2000-11-30,2000-12-03,14.0,30000.0,6250.0,,,Heavy rain,,1.0,1803.0,,3729,match:1803.0,True,incompatible_date_intervals;multiple_dfo_event_ids;multiple_emdat_event_ids
DFO,DFO-1677,Indonesia,IDN,2000-12-03,2000-12-06,9.0,3000.0,590.0,,,Torrential rain,,2.0,1803.0,,3734,match:1803.0,True,incompatible_date_intervals;multiple_dfo_event_ids;multiple_emdat_event_ids
EM-DAT,2000-0791-IDN,Indonesia,IDN,2000-12-03,2000-12-06,38.0,39852.0,,,,Flash flood,,590.0,1803.0,,3735,match:1803.0,True,incompatible_date_intervals;multiple_dfo_event_ids;multiple_emdat_event_ids
DFO,DFO-1659,United States of America,USA,2000-11-02,2000-11-03,0.0,100.0,87.0,,,Heavy rain,,1.0,1812.0,,3698,match:1812.0,True,multiple_dfo_event_ids
DFO,DFO-1661,United States of America,USA,2000-11-02,2000-11-07,6.0,0.0,9655.0,,,,,1.0,1812.0,,3699,match:1812.0,True,multiple_dfo_event_ids
EM-DAT,2000-0865-USA,United States of America,USA,2000-11-02,2000-11-02,,100.0,,,,Riverine flood,20000.0,86.0,1812.0,,3700,match:1812.0,True,multiple_dfo_event_ids
EM-DAT,2000-0662-GBR,United Kingdom of Great Britain and Northern Ireland,GBR,2000-10-09,2000-11-12,3.0,40000.0,,,,Riverine flood,5900000.0,5300.0,1813.0,,3674,match:1813.0,True,incompatible_date_intervals;multiple_dfo_event_ids
DFO,DFO-1646,United Kingdom of Great Britain and Northern Ireland,GBR,2000-10-11,2000-10-14,0.0,1000.0,5378.0,,,Heavy rain,,1.0,1813.0,,3677,match:1813.0,True,incompatible_date_intervals;multiple_dfo_event_ids
DFO,DFO-1657,United Kingdom of Great Britain and Northern Ireland • Ireland,,2000-10-29,2000-10-30,13.0,6000.0,96950.0,,,Heavy rain,,2.0,1813.0,transboundary (2 countries),3695,match:1813.0,True,incompatible_date_intervals;multiple_dfo_event_ids
DFO,DFO-1653,Algeria • Morocco,,2000-10-22,2000-10-25,28.0,400.0,101502.0,,,Torrential rain,,1.0,1814.0,transboundary (2 countries),3689,match:1814.0,True,multiple_emdat_event_ids
EM-DAT,2000-0691-MAR,Morocco,MAR,2000-10-22,2000-10-25,,300.0,,,,Flash flood,,,1814.0,,3690,match:1814.0,True,multiple_emdat_event_ids
EM-DAT,2000-0692-DZA,Algeria,DZA,2000-10-22,2000-10-25,28.0,100.0,,,,Flash flood,,,1814.0,,3691,match:1814.0,True,multiple_emdat_event_ids
EM-DAT,2000-0408-VNM,Viet Nam,VNM,2000-07-01,2000-11-01,460.0,5000004.0,,,,Riverine flood,250000.0,1400.0,1819.0,,3596,match:1819.0,True,incompatible_date_intervals;multiple_dfo_event_ids;multiple_emdat_event_ids
DFO,DFO-1614,Thailand • Viet Nam,,2000-07-11,2000-08-10,33.0,25000.0,119920.0,,,Monsoonal rain,,1.0,1819.0,transboundary (2 countries),3603,match:1819.0,True,incompatible_date_intervals;multiple_dfo_event_ids;multiple_emdat_event_ids
DFO,DFO-1622,Viet Nam • Thailand,,2000-08-21,2000-08-28,14.0,400500.0,78306.0,,,Tropical cyclone,,1.0,1819.0,transboundary (2 countries),3628,match:1819.0,True,incompatible_date_intervals;multiple_dfo_event_ids;multiple_emdat_event_ids
DFO,DFO-1629,Cambodia • Viet Nam,,2000-08-28,2000-09-01,1139.0,6574000.0,208158.0,,,Monsoonal rain,,2.0,1819.0,transboundary (2 countries),3634,match:1819.0,True,incompatible_date_intervals;multiple_dfo_event_ids;multiple_emdat_event_ids
EM-DAT,2000-0777-THA,Thailand,THA,2000-09-01,2000-09-01,9.0,12500.0,,,,Riverine flood,506.0,,1819.0,,3647,match:1819.0,True,incompatible_date_intervals;multiple_dfo_event_ids;multiple_emdat_event_ids
DFO,DFO-1645,Viet Nam,VNM,2000-10-10,2000-10-19,23.0,200000.0,71923.0,,,Monsoonal rain,,1.0,1819.0,,3675,match:1819.0,True,incompatible_date_intervals;multiple_dfo_event_ids;multiple_emdat_event_ids
DFO,DFO-1615,India,IND,2000-07-17,2000-07-30,140.0,0.0,107053.0,,,Monsoonal rain,,1.0,1820.0,,3606,match:1820.0,True,incompatible_date_intervals;multiple_dfo_event_ids;multiple_emdat_event_ids
DFO,DFO-1616,India,IND,2000-07-31,2000-08-04,140.0,4000.0,12416.0,,,Torrential rain,,1.0,1820.0,,3613,match:1820.0,True,incompatible_date_intervals;multiple_dfo_event_ids;multiple_emdat_event_ids
DFO,DFO-1617,India • Bangladesh,,2000-08-02,2000-08-30,637.0,10504000.0,326458.0,,,Monsoonal rain,,1.0,1820.0,transboundary (2 countries),3615,match:1820.0,True,incompatible_date_intervals;multiple_dfo_event_ids;multiple_emdat_event_ids
EM-DAT,2000-0445-IND,India,IND,2000-08-02,2000-08-30,867.0,22000000.0,,,,Riverine flood,43000.0,300000.0,1820.0,,3616,match:1820.0,True,incompatible_date_intervals;multiple_dfo_event_ids;multiple_emdat_event_ids
DFO,DFO-1623,India,IND,2000-08-23,2000-08-31,162.0,3000000.0,129460.0,,,Torrential rain,,2.0,1820.0,,3629,match:1820.0,True,incompatible_date_intervals;multiple_dfo_event_ids;multiple_emdat_event_ids
EM-DAT,2000-0534-IND,India,IND,2000-08-23,2000-08-31,179.0,252016.0,,,,Flash flood,173000.0,129500.0,1820.0,,3630,match:1820.0,True,incompatible_date_intervals;multiple_dfo_event_ids;multiple_emdat_event_ids
DFO,DFO-1626,India,IND,2000-08-29,2000-09-14,578.0,0.0,223178.0,,,Monsoonal rain,,1.0,1820.0,,3637,match:1820.0,True,incompatible_date_intervals;multiple_dfo_event_ids;multiple_emdat_event_ids
DFO,DFO-1628,India,IND,2000-08-30,2000-09-01,40.0,5000.0,36854.0,,,Heavy rain,,1.0,1820.0,,3639,match:1820.0,True,incompatible_date_intervals;multiple_dfo_event_ids;multiple_emdat_event_ids
EM-DAT,2000-0555-BGD,Bangladesh,BGD,2000-08-30,2000-08-30,1.0,12010.0,,,,Coastal flood,,,1820.0,,3640,match:1820.0,True,incompatible_date_intervals;multiple_dfo_event_ids;multiple_emdat_event_ids
EM-DAT,2000-0617-BGD,Bangladesh,BGD,2000-09-01,2000-10-01,31.0,2467138.0,,,,Flash flood,500000.0,162.0,1820.0,,3645,match:1820.0,True,incompatible_date_intervals;multiple_dfo_event_ids;multiple_emdat_event_ids
DFO,DFO-1641,India,IND,2000-09-18,2000-10-21,1468.0,24000000.0,155001.0,,,Monsoonal rain,,2.0,1820.0,,3660,match:1820.0,True,incompatible_date_intervals;multiple_dfo_event_ids;multiple_emdat_event_ids
EM-DAT,2000-0610-IND,India,IND,2000-09-18,2000-10-21,884.0,24600000.0,,,,Riverine flood,691500.0,12680.0,1820.0,,3661,match:1820.0,True,incompatible_date_intervals;multiple_dfo_event_ids;multiple_emdat_event_ids
DFO,DFO-1642,Nigeria • Bangladesh,,2000-09-20,2000-09-21,0.0,0.0,7725.0,,,Torrential rain,,1.0,1820.0,transboundary (2 countries),3666,match:1820.0,True,incompatible_date_intervals;multiple_dfo_event_ids;multiple_emdat_event_ids
EM-DAT,2000-0620-NGA,Nigeria,NGA,2000-09-20,2000-09-21,,500.0,,,,Flash flood,4805.0,7700.0,1820.0,,3668,match:1820.0,True,incompatible_date_intervals;multiple_dfo_event_ids;multiple_emdat_event_ids
EM-DAT,2000-0628-NGA,Nigeria,NGA,2000-09-23,2000-09-23,,1000.0,,,,Flood (General),,,1820.0,,3671,match:1820.0,True,incompatible_date_intervals;multiple_dfo_event_ids;multiple_emdat_event_ids
EM-DAT,2000-0738-IND,India,IND,2000-10-19,2000-10-19,6.0,534035.0,,,,Flood (General),,309.0,1820.0,,3685,match:1820.0,True,incompatible_date_intervals;multiple_dfo_event_ids;multiple_emdat_event_ids
EM-DAT,2000-0549-RUS,Russian Federation,RUS,2000-08-28,2000-08-28,,1181.0,,,,Coastal flood,1622.0,,1828.0,,3636,match:1828.0,True,incompatible_date_intervals
DFO,DFO-1627,China • Russian Federation,,2000-08-30,2000-09-10,31.0,14140.0,81864.0,,,Tropical cyclone,,1.0,1828.0,transboundary (2 countries),3638,match:1828.0,True,incompatible_date_intervals
DFO,DFO-1619,Russian Federation,RUS,2000-07-30,2000-08-06,0.0,24000.0,192116.0,,,Heavy rain,,1.0,1833.0,,3610,match:1833.0,True,multiple_emdat_event_ids
EM-DAT,2000-0478-RUS,Russian Federation,RUS,2000-07-30,2000-08-06,2.0,24000.0,,,,Riverine flood,30000.0,192100.0,1833.0,,3611,match:1833.0,True,multiple_emdat_event_ids
EM-DAT,2000-0354-RUS,Russian Federation,RUS,2000-08-01,2000-08-01,,6000.0,,,,Coastal flood,7000.0,,1833.0,,3614,match:1833.0,True,multiple_emdat_event_ids
DFO,DFO-1605,China,CHN,2000-05-31,2000-06-19,94.0,8725.0,114036.0,,,Monsoonal rain,,2.0,1834.0,,3569,match:1834.0,True,incompatible_date_intervals;multiple_dfo_event_ids;multiple_emdat_event_ids
EM-DAT,2000-0302-CHN,China,CHN,2000-05-31,2000-06-19,34.0,154183.0,,,,Flash flood,22000.0,114000.0,1834.0,,3570,match:1834.0,True,incompatible_date_intervals;multiple_dfo_event_ids;multiple_emdat_event_ids
EM-DAT,2000-0330-CHN,China,CHN,2000-06-01,2000-06-01,4.0,15000.0,,,,Flash flood,,,1834.0,,3571,match:1834.0,True,incompatible_date_intervals;multiple_dfo_event_ids;multiple_emdat_event_ids
EM-DAT,2000-0376-CHN,China,CHN,2000-06-08,2000-06-08,33.0,300000.0,,,,Riverine flood,60000.0,,1834.0,,3582,match:1834.0,True,incompatible_date_intervals;multiple_dfo_event_ids;multiple_emdat_event_ids
DFO,DFO-1610,China,CHN,2000-06-17,2000-06-30,18.0,31000.0,75853.0,,,Monsoonal rain,,1.0,1834.0,,3589,match:1834.0,True,incompatible_date_intervals;multiple_dfo_event_ids;multiple_emdat_event_ids
EM-DAT,2000-0372-CHN,China,CHN,2000-06-17,2000-06-30,43.0,31010.0,,,,Riverine flood,19000.0,76000.0,1834.0,,3590,match:1834.0,True,incompatible_date_intervals;multiple_dfo_event_ids;multiple_emdat_event_ids
DFO,DFO-1613,China,CHN,2000-06-30,2000-07-10,65.0,88000.0,107668.0,,,Torrential rain,,1.0,1834.0,,3595,match:1834.0,True,incompatible_date_intervals;multiple_dfo_event_ids;multiple_emdat_event_ids
EM-DAT,2000-0472-CHN,China,CHN,2000-07-11,2000-07-14,203.0,18214.0,,,,Flood (General),172000.0,,1834.0,,3605,match:1834.0,True,incompatible_date_intervals;multiple_dfo_event_ids;multiple_emdat_event_ids
DFO,DFO-1603,Bangladesh,BGD,2000-05-27,2000-06-19,36.0,10000.0,40363.0,,,Monsoonal rain,,1.0,1835.0,,3565,match:1835.0,True,incompatible_date_intervals;multiple_dfo_event_ids
DFO,DFO-1611,Bangladesh,BGD,2000-06-19,2000-06-26,14.0,20000.0,33982.0,,,Monsoonal rain,,1.0,1835.0,,3591,match:1835.0,True,incompatible_date_intervals;multiple_dfo_event_ids
EM-DAT,2000-0373-BGD,Bangladesh,BGD,2000-06-24,2000-06-24,11.0,200050.0,,,,Flash flood,,17000.0,1835.0,,3593,match:1835.0,True,incompatible_date_intervals;multiple_dfo_event_ids
DFO,DFO-1607,Chile,CHL,2000-06-05,2000-06-16,0.0,41000.0,84226.0,,,Heavy rain,,2.0,1838.0,,3577,match:1838.0,True,multiple_emdat_event_ids
EM-DAT,2000-0310-CHL,Chile,CHL,2000-06-05,2000-06-16,1.0,42000.0,,,,Riverine flood,,84000.0,1838.0,,3579,match:1838.0,True,multiple_emdat_event_ids
EM-DAT,2000-0375-CHL,Chile,CHL,2000-06-12,2000-06-26,15.0,139667.0,,,,Flash flood,30000.0,,1838.0,,3588,match:1838.0,True,multiple_emdat_event_ids
DFO,DFO-1602,Türkiye,TUR,2000-05-18,2000-05-24,2.0,0.0,17086.0,,,Heavy rain,,1.0,1840.0,,3560,match:1840.0,True,incompatible_date_intervals
EM-DAT,2000-0281-TUR,Türkiye,TUR,2000-05-27,2000-05-27,2.0,1000.0,,,,Riverine flood,40000.0,17000.0,1840.0,,3566,match:1840.0,True,incompatible_date_intervals
DFO,DFO-1597,United States of America,USA,2000-05-06,2000-05-09,3.0,1200.0,75334.0,,,Torrential rain,,2.0,1842.0,,3549,match:1842.0,True,multiple_emdat_event_ids
EM-DAT,2000-0232-USA,United States of America,USA,2000-05-06,2000-05-09,2.0,2000.0,,,,Flash flood,,,1842.0,,3550,match:1842.0,True,multiple_emdat_event_ids
EM-DAT,2000-0271-USA,United States of America,USA,2000-05-06,2000-05-09,1.0,300.0,,,,Flash flood,,,1842.0,,3551,match:1842.0,True,multiple_emdat_event_ids
DFO,DFO-1595,Romania • Hungary,,2000-04-05,2000-04-25,10.0,623.0,116230.0,,,Snowmelt,,2.0,1845.0,transboundary (2 countries),3537,match:1845.0,True,multiple_emdat_event_ids
EM-DAT,2000-0187-ROU,Romania,ROU,2000-04-05,2000-04-25,9.0,60431.0,,,,Riverine flood,100000.0,420.0,1845.0,,3538,match:1845.0,True,multiple_emdat_event_ids
EM-DAT,2000-0191-HUN,Hungary,HUN,2000-04-05,2000-04-25,1.0,2000.0,,,,Riverine flood,55000.0,2300.0,1845.0,,3539,match:1845.0,True,multiple_emdat_event_ids
EM-DAT,2000-0066-PHL,Philippines,PHL,2000-01-22,2000-01-22,,5250.0,,,,Coastal flood,,3.0,1851.0,,3505,match:1851.0,True,incompatible_date_intervals;multiple_emdat_event_ids
DFO,DFO-1584,Philippines,PHL,2000-01-28,2000-02-01,23.0,20000.0,16784.0,,,Torrential rain,,1.0,1851.0,,3510,match:1851.0,True,incompatible_date_intervals;multiple_emdat_event_ids
EM-DAT,2000-0038-PHL,Philippines,PHL,2000-01-28,2000-02-01,50.0,153885.0,,,,Flash flood,4080.0,16700.0,1851.0,,3511,match:1851.0,True,incompatible_date_intervals;multiple_emdat_event_ids
DFO,DFO-1565,Viet Nam • Thailand,,1999-10-25,1999-11-09,632.0,1114000.0,232556.0,,,Tropical cyclone,,2.0,1865.0,transboundary (2 countries),3462,match:1865.0,True,multiple_emdat_event_ids
EM-DAT,1999-0427-THA,Thailand,THA,1999-10-25,1999-11-09,10.0,170000.0,,,,Coastal flood,,,1865.0,,3464,match:1865.0,True,multiple_emdat_event_ids
EM-DAT,1999-0428-VNM,Viet Nam,VNM,1999-10-25,1999-11-09,622.0,3504412.0,,,,Coastal flood,237000.0,947.0,1865.0,,3465,match:1865.0,True,multiple_emdat_event_ids
DFO,DFO-1546,Mexico,MEX,1999-09-07,1999-09-08,10.0,1400.0,126002.0,,,Tropical cyclone,,1.0,1866.0,,3430,match:1866.0,True,incompatible_date_intervals;multiple_dfo_event_ids;multiple_emdat_event_ids
DFO,DFO-1552,El Salvador,SLV,1999-09-10,1999-09-13,4.0,5000.0,19146.0,,,Heavy rain,,1.0,1866.0,,3433,match:1866.0,True,incompatible_date_intervals;multiple_dfo_event_ids;multiple_emdat_event_ids
EM-DAT,1999-0349-SLV,El Salvador,SLV,1999-09-10,1999-09-13,7.0,5450.0,,,,Riverine flood,1500.0,,1866.0,,3436,match:1866.0,True,incompatible_date_intervals;multiple_dfo_event_ids;multiple_emdat_event_ids
DFO,DFO-1558,Mexico • El Salvador,,1999-09-12,1999-10-12,160.0,268200.0,1159286.0,,,Tropical cyclone,,2.0,1866.0,transboundary (2 countries),3437,match:1866.0,True,incompatible_date_intervals;multiple_dfo_event_ids;multiple_emdat_event_ids
EM-DAT,1999-0391-MEX,Mexico,MEX,1999-09-12,1999-10-29,636.0,616060.0,,,,Coastal flood,451300.0,200.0,1866.0,,3440,match:1866.0,True,incompatible_date_intervals;multiple_dfo_event_ids;multiple_emdat_event_ids
DFO,DFO-1561,Mexico,MEX,1999-10-12,1999-10-29,425.0,300000.0,60540.0,,,Torrential rain,,2.0,1866.0,,3460,match:1866.0,True,incompatible_date_intervals;multiple_dfo_event_ids;multiple_emdat_event_ids
DFO,DFO-1575,Colombia,COL,1999-09-15,1999-12-15,0.0,771000.0,199850.0,,,Heavy rain,,1.0,1868.0,,3445,match:1868.0,True,incompatible_date_intervals;multiple_emdat_event_ids
EM-DAT,1999-0372-COL,Colombia,COL,1999-10-04,1999-10-15,29.0,150040.0,,,,Flood (General),3.0,,1868.0,,3456,match:1868.0,True,incompatible_date_intervals;multiple_emdat_event_ids
EM-DAT,1999-0448-COL,Colombia,COL,1999-11-01,1999-11-01,3.0,1100.0,,,,Coastal flood,,,1868.0,,3474,match:1868.0,True,incompatible_date_intervals;multiple_emdat_event_ids
DFO,DFO-5152,Colombia,COL,2021-11-11,2021-11-14,3.0,1000.0,45000.0,,,Heavy rain,,1.5,187.0,,10686,match:187.0,True,incompatible_date_intervals;multiple_dfo_event_ids
DFO,DFO-5155,Colombia,COL,2021-11-19,2021-11-22,0.0,400.0,180.0,,,Heavy rain,,1.0,187.0,,10701,match:187.0,True,incompatible_date_intervals;multiple_dfo_event_ids
EM-DAT,2021-0774-COL,Colombia,COL,2021-11-19,2021-11-20,,14000.0,,,,Flood (General),,,187.0,,10703,match:187.0,True,incompatible_date_intervals;multiple_dfo_event_ids
EM-DAT,1999-0315-GHA,Ghana,GHA,1999-09-01,1999-09-01,52.0,324602.0,,,,Riverine flood,21000.0,716.0,1871.0,,3421,match:1871.0,True,incompatible_date_intervals
DFO,DFO-1551,Ghana,GHA,1999-09-03,1999-09-13,1.0,9000.0,126691.0,,,Heavy rain,,1.0,1871.0,,3426,match:1871.0,True,incompatible_date_intervals
DFO,DFO-1521,China,CHN,1999-04-25,1999-06-29,49.0,830000.0,123894.0,,,Heavy rain,,1.0,1873.0,,3329,match:1873.0,True,incompatible_date_intervals;multiple_dfo_event_ids;multiple_emdat_event_ids
EM-DAT,1999-0118-CHN,China,CHN,1999-04-25,1999-04-25,35.0,3000.0,,,,Flood (General),,,1873.0,,3330,match:1873.0,True,incompatible_date_intervals;multiple_dfo_event_ids;multiple_emdat_event_ids
DFO,DFO-1512,China,CHN,1999-05-26,1999-06-23,11.0,0.0,73327.0,,,Heavy rain,,1.0,1873.0,,3342,match:1873.0,True,incompatible_date_intervals;multiple_dfo_event_ids;multiple_emdat_event_ids
DFO,DFO-1515,China,CHN,1999-06-12,1999-06-19,27.0,100000.0,97849.0,,,Heavy rain,,1.0,1873.0,,3347,match:1873.0,True,incompatible_date_intervals;multiple_dfo_event_ids;multiple_emdat_event_ids
DFO,DFO-1522,China,CHN,1999-06-23,1999-08-03,725.0,5530000.0,362134.0,,,Heavy rain,,1.0,1873.0,,3354,match:1873.0,True,incompatible_date_intervals;multiple_dfo_event_ids;multiple_emdat_event_ids
EM-DAT,1999-0191-CHN,China,CHN,1999-06-23,1999-08-03,725.0,101024000.0,,,,Riverine flood,8100000.0,41000.0,1873.0,,3355,match:1873.0,True,incompatible_date_intervals;multiple_dfo_event_ids;multiple_emdat_event_ids
EM-DAT,1999-0731-CHN,China,CHN,1999-07-03,1999-07-03,30.0,,,,,Flood (General),302000.0,,1873.0,,3363,match:1873.0,True,incompatible_date_intervals;multiple_dfo_event_ids;multiple_emdat_event_ids
DFO,DFO-1529,China,CHN,1999-07-13,1999-07-15,2.0,0.0,35711.0,,,Heavy rain,,1.0,1873.0,,3376,match:1873.0,True,incompatible_date_intervals;multiple_dfo_event_ids;multiple_emdat_event_ids
DFO,DFO-1536,China,CHN,1999-08-04,1999-08-07,8.0,24000.0,147170.0,,,Torrential rain,,1.0,1873.0,,3402,match:1873.0,True,incompatible_date_intervals;multiple_dfo_event_ids;multiple_emdat_event_ids
DFO,DFO-1539,China,CHN,1999-08-12,1999-08-16,77.0,120000.0,104528.0,,,Torrential rain,,1.0,1873.0,,3409,match:1873.0,True,incompatible_date_intervals;multiple_dfo_event_ids;multiple_emdat_event_ids
EM-DAT,1999-0733-CHN,China,CHN,1999-08-12,1999-08-14,199.0,1000000.0,,,,Flood (General),181200.0,,1873.0,,3410,match:1873.0,True,incompatible_date_intervals;multiple_dfo_event_ids;multiple_emdat_event_ids
EM-DAT,1999-0735-CHN,China,CHN,1999-08-14,1999-08-14,43.0,5000.0,,,,Flood (General),24200.0,,1873.0,,3412,match:1873.0,True,incompatible_date_intervals;multiple_dfo_event_ids;multiple_emdat_event_ids
DFO,DFO-1543,China,CHN,1999-08-21,1999-08-25,1.0,352.0,111159.0,,,Torrential rain,,1.0,1873.0,,3415,match:1873.0,True,incompatible_date_intervals;multiple_dfo_event_ids;multiple_emdat_event_ids
DFO,DFO-1517,Bangladesh,BGD,1999-06-21,1999-07-06,19.0,100000.0,71740.0,,,Torrential rain,,1.0,1875.0,,3351,match:1875.0,True,incompatible_date_intervals;multiple_dfo_event_ids;multiple_emdat_event_ids
EM-DAT,1999-0730-BGD,Bangladesh,BGD,1999-06-30,1999-07-20,82.0,,,,,Flood (General),,,1875.0,,3360,match:1875.0,True,incompatible_date_intervals;multiple_dfo_event_ids;multiple_emdat_event_ids
DFO,DFO-1527,Bangladesh • India,,1999-07-11,1999-08-03,356.0,33100003.0,132358.0,,,Monsoonal rain,,1.0,1875.0,transboundary (2 countries),3372,match:1875.0,True,incompatible_date_intervals;multiple_dfo_event_ids;multiple_emdat_event_ids
EM-DAT,1999-0213-IND,India,IND,1999-07-11,1999-08-03,325.0,5500000.0,,,,Riverine flood,,,1875.0,,3373,match:1875.0,True,incompatible_date_intervals;multiple_dfo_event_ids;multiple_emdat_event_ids
EM-DAT,1999-0225-BGD,Bangladesh,BGD,1999-07-11,1999-08-03,31.0,441270.0,,,,Riverine flood,,60.0,1875.0,,3374,match:1875.0,True,incompatible_date_intervals;multiple_dfo_event_ids;multiple_emdat_event_ids
EM-DAT,1999-0734-BGD,Bangladesh,BGD,1999-07-28,1999-08-05,,4000.0,,,,Flood (General),,,1875.0,,3384,match:1875.0,True,incompatible_date_intervals;multiple_dfo_event_ids;multiple_emdat_event_ids
DFO,DFO-1540,Bangladesh • India,,1999-08-11,1999-08-15,18.0,50000.0,66372.0,,,Heavy rain,,1.0,1875.0,transboundary (2 countries),3407,match:1875.0,True,incompatible_date_intervals;multiple_dfo_event_ids;multiple_emdat_event_ids
EM-DAT,1999-0277-BGD,Bangladesh,BGD,1999-08-11,1999-08-15,17.0,50050.0,,,,Riverine flood,,,1875.0,,3408,match:1875.0,True,incompatible_date_intervals;multiple_dfo_event_ids;multiple_emdat_event_ids
DFO,DFO-1534,Sudan,SDN,1999-08-01,1999-09-10,40.0,80000.0,167132.0,,,Heavy rain,,1.0,1878.0,,3389,match:1878.0,True,multiple_emdat_event_ids
EM-DAT,1999-0264-SDN,Sudan,SDN,1999-08-01,1999-09-10,36.0,100000.0,,,,Riverine flood,,,1878.0,,3391,match:1878.0,True,multiple_emdat_event_ids
EM-DAT,1999-0316-SDN,Sudan,SDN,1999-09-10,1999-09-10,,82000.0,,,,Riverine flood,,,1878.0,,3435,match:1878.0,True,multiple_emdat_event_ids
DFO,DFO-5145,India,IND,2021-11-06,2021-11-09,4.0,0.0,1000.0,,,Heavy rain,,1.0,188.0,,10681,match:188.0,True,incompatible_date_intervals;multiple_dfo_event_ids;multiple_emdat_event_ids
EM-DAT,2021-0722-IND,India,IND,2021-11-06,2021-11-08,14.0,11000.0,,,,Flood (General),,,188.0,,10682,match:188.0,True,incompatible_date_intervals;multiple_dfo_event_ids;multiple_emdat_event_ids
DFO,DFO-5147,India,IND,2021-11-07,2021-11-11,14.0,11000.0,130370.0,,,Heavy rain,,1.5,188.0,,10685,match:188.0,True,incompatible_date_intervals;multiple_dfo_event_ids;multiple_emdat_event_ids
DFO,DFO-5153,India,IND,2021-11-16,2021-11-18,23.0,12000.0,262393.0,,,Dam/Levy break or release,,2.0,188.0,,10697,match:188.0,True,incompatible_date_intervals;multiple_dfo_event_ids;multiple_emdat_event_ids
DFO,DFO-5156,India,IND,2021-11-18,2021-11-21,24.0,31827.0,38555.0,,,Dam/Levy break or release,,2.0,188.0,,10698,match:188.0,True,incompatible_date_intervals;multiple_dfo_event_ids;multiple_emdat_event_ids
EM-DAT,2021-0748-IND,India,IND,2021-11-18,2021-11-19,62.0,74500.0,,,,Flood (General),,,188.0,,10700,match:188.0,True,incompatible_date_intervals;multiple_dfo_event_ids;multiple_emdat_event_ids
DFO,DFO-1533,Democratic People's Republic of Korea • Republic of Korea,,1999-07-30,1999-08-08,152.0,144000.0,45339.0,,,Tropical cyclone,,2.0,1880.0,transboundary (2 countries),3385,match:1880.0,True,multiple_emdat_event_ids
EM-DAT,1999-0247-KOR,Republic of Korea,KOR,1999-07-30,1999-08-08,64.0,30208.0,,,,Flash flood,332000.0,440.0,1880.0,,3386,match:1880.0,True,multiple_emdat_event_ids
EM-DAT,1999-0248-PRK,Democratic People's Republic of Korea,PRK,1999-07-30,1999-08-08,42.0,42135.0,,,,Flash flood,2000.0,1400.0,1880.0,,3387,match:1880.0,True,multiple_emdat_event_ids
DFO,DFO-1532,Viet Nam • Thailand,,1999-07-24,1999-08-05,46.0,52000.0,142576.0,,,Torrential rain,,2.0,1881.0,transboundary (2 countries),3381,match:1881.0,True,multiple_emdat_event_ids
EM-DAT,1999-0244-VNM,Viet Nam,VNM,1999-07-24,1999-08-05,40.0,115175.0,,,,Flash flood,19500.0,500.0,1881.0,,3382,match:1881.0,True,multiple_emdat_event_ids
EM-DAT,1999-0269-THA,Thailand,THA,1999-07-24,1999-08-05,7.0,90700.0,,,,Flash flood,13000.0,162.0,1881.0,,3383,match:1881.0,True,multiple_emdat_event_ids
EM-DAT,1999-0353-THA,Thailand,THA,1999-08-01,1999-08-01,,862.0,,,,Flash flood,,,1881.0,,3398,match:1881.0,True,multiple_emdat_event_ids
DFO,DFO-1525,Romania • Hungary,,1999-07-09,1999-07-16,16.0,3225.0,100811.0,,,Heavy rain,,1.0,1883.0,transboundary (2 countries),3368,match:1883.0,True,multiple_emdat_event_ids
EM-DAT,1999-0203-HUN,Hungary,HUN,1999-07-09,1999-07-16,8.0,42795.0,,,,Riverine flood,128400.0,700.0,1883.0,,3370,match:1883.0,True,multiple_emdat_event_ids
EM-DAT,1999-0231-ROU,Romania,ROU,1999-07-11,1999-07-16,15.0,4362.0,,,,Riverine flood,50000.0,100.0,1883.0,,3375,match:1883.0,True,multiple_emdat_event_ids
EM-DAT,1999-0230-ROU,Romania,ROU,1999-06-09,1999-06-25,19.0,4671.0,,,,Riverine flood,10000.0,229.0,1886.0,,3346,match:1886.0,True,multiple_emdat_event_ids
DFO,DFO-1516,Romania • Slovakia,,1999-06-22,1999-07-01,19.0,914.0,121165.0,,,Heavy rain,,2.0,1886.0,transboundary (2 countries),3352,match:1886.0,True,multiple_emdat_event_ids
EM-DAT,1999-0233-SVK,Slovakia,SVK,1999-06-22,1999-07-01,2.0,36148.0,,,,Riverine flood,113300.0,1132.0,1886.0,,3353,match:1886.0,True,multiple_emdat_event_ids
EM-DAT,1999-0193-MEX,Mexico,MEX,1999-06-12,1999-06-12,,1200.0,,,,Flood (General),,,1887.0,,3348,match:1887.0,True,incompatible_date_intervals;multiple_emdat_event_ids
DFO,DFO-1514,Mexico,MEX,1999-06-14,1999-06-16,12.0,0.0,162985.0,,,Heavy rain,,1.0,1887.0,,3349,match:1887.0,True,incompatible_date_intervals;multiple_emdat_event_ids
EM-DAT,1999-0241-MEX,Mexico,MEX,1999-06-14,1999-06-16,10.0,,,,,Flash flood,,,1887.0,,3350,match:1887.0,True,incompatible_date_intervals;multiple_emdat_event_ids
EM-DAT,1999-0182-AUT,Austria,AUT,1999-05-11,1999-06-30,3.0,,,,,Riverine flood,32000.0,,1888.0,,3332,match:1888.0,True,incompatible_date_intervals;multiple_dfo_event_ids
EM-DAT,1999-0182-CHE,Switzerland,CHE,1999-05-11,1999-05-29,3.0,,,,,Riverine flood,330000.0,,1888.0,,3333,match:1888.0,True,incompatible_date_intervals;multiple_dfo_event_ids
DFO,DFO-1507,Switzerland • Germany,,1999-05-12,1999-05-17,2.0,0.0,79469.0,,,Heavy rain,,2.0,1888.0,transboundary (2 countries),3334,match:1888.0,True,incompatible_date_intervals;multiple_dfo_event_ids
EM-DAT,1999-0182-DEU,Germany,DEU,1999-05-12,1999-05-29,7.0,100000.0,,,,Riverine flood,430000.0,416.0,1888.0,,3335,match:1888.0,True,incompatible_date_intervals;multiple_dfo_event_ids
DFO,DFO-1511,Germany • Austria,,1999-05-22,1999-05-29,6.0,2000.0,54320.0,,,Heavy rain,,2.0,1888.0,transboundary (2 countries),3341,match:1888.0,True,incompatible_date_intervals;multiple_dfo_event_ids
DFO,DFO-1493,Philippines,PHL,1999-02-20,1999-02-22,39.0,2700.0,27978.0,,,Torrential rain,,2.0,1895.0,,3302,match:1895.0,True,incompatible_date_intervals;multiple_emdat_event_ids
EM-DAT,1999-0053-PHL,Philippines,PHL,1999-02-20,1999-02-22,34.0,3703.0,,,,Flash flood,6000.0,58.0,1895.0,,3304,match:1895.0,True,incompatible_date_intervals;multiple_emdat_event_ids
EM-DAT,1999-0608-PHL,Philippines,PHL,1999-03-01,1999-03-01,,250.0,,,,Flash flood,,,1895.0,,3308,match:1895.0,True,incompatible_date_intervals;multiple_emdat_event_ids
DFO,DFO-1478,Indonesia,IDN,1998-12-27,1998-12-31,0.0,9600.0,46298.0,,,Torrential rain,,1.0,1897.0,,3278,match:1897.0,True,incompatible_date_intervals
EM-DAT,1999-0002-IDN,Indonesia,IDN,1999-01-05,1999-01-05,12.0,16000.0,,,,Flood (General),,95.0,1897.0,,3286,match:1897.0,True,incompatible_date_intervals
EM-DAT,1998-0308-NGA,Nigeria,NGA,1998-10-10,1998-10-10,,100000.0,,,,Riverine flood,,,1901.0,,3247,match:1901.0,True,incompatible_date_intervals
DFO,DFO-1454,Nigeria,NGA,1998-10-12,1998-10-18,0.0,110000.0,29087.0,,,Heavy rain,,1.0,1901.0,,3248,match:1901.0,True,incompatible_date_intervals
DFO,DFO-1413,Bangladesh • India,,1998-07-05,1998-09-22,2632.0,25000000.0,116177.0,,,Monsoonal rain,,2.0,1904.0,transboundary (2 countries),3162,match:1904.0,True,incompatible_date_intervals;multiple_dfo_event_ids;multiple_emdat_event_ids
EM-DAT,1998-0203-BGD,Bangladesh,BGD,1998-07-05,1998-09-22,1050.0,15000050.0,,,,Riverine flood,4300000.0,91120.0,1904.0,,3163,match:1904.0,True,incompatible_date_intervals;multiple_dfo_event_ids;multiple_emdat_event_ids
EM-DAT,1998-0392-IND,India,IND,1998-08-01,1998-08-01,1811.0,29227200.0,,,,Flood (General),,67610.0,1904.0,,3188,match:1904.0,True,incompatible_date_intervals;multiple_dfo_event_ids;multiple_emdat_event_ids
DFO,DFO-1444,India,IND,1998-09-16,1998-09-18,12.0,50000.0,214517.0,,,Dam/Levy break or release,,1.0,1904.0,,3230,match:1904.0,True,incompatible_date_intervals;multiple_dfo_event_ids;multiple_emdat_event_ids
EM-DAT,1998-0449-IND,India,IND,1998-09-16,1998-09-18,90.0,50000.0,,,,Flash flood,,,1904.0,,3231,match:1904.0,True,incompatible_date_intervals;multiple_dfo_event_ids;multiple_emdat_event_ids
EM-DAT,1998-0450-IND,India,IND,1998-09-20,1998-09-20,230.0,375000.0,,,,Flood (General),528600.0,8000.0,1904.0,,3236,match:1904.0,True,incompatible_date_intervals;multiple_dfo_event_ids;multiple_emdat_event_ids
EM-DAT,1998-0292-BEL,Belgium,BEL,1998-09-12,1998-09-14,1.0,140.0,,,,Flash flood,10000.0,,1905.0,,3225,match:1905.0,True,multiple_emdat_event_ids
EM-DAT,1998-0293-NLD,Netherlands (Kingdom of the),NLD,1998-09-13,1998-09-14,,2000.0,,,,Flash flood,530000.0,,1905.0,,3226,match:1905.0,True,multiple_emdat_event_ids
DFO,DFO-1442,Belgium • Netherlands (Kingdom of the),,1998-09-14,1998-09-16,1.0,400.0,26854.0,,,Heavy rain,,2.0,1905.0,transboundary (2 countries),3227,match:1905.0,True,multiple_emdat_event_ids
DFO,DFO-1432,United States of America • Mexico,,1998-08-22,1998-08-27,17.0,1750.0,90195.0,,,Tropical cyclone,,2.0,1906.0,transboundary (2 countries),3206,match:1906.0,True,incompatible_date_intervals;multiple_dfo_event_ids;multiple_emdat_event_ids
DFO,DFO-1438,Mexico • Guatemala,,1998-09-03,1998-09-12,407.0,400000.0,447483.0,,,Tropical cyclone,,2.0,1906.0,transboundary (2 countries),3220,match:1906.0,True,incompatible_date_intervals;multiple_dfo_event_ids;multiple_emdat_event_ids
EM-DAT,1998-0289-MEX,Mexico,MEX,1998-09-03,1998-09-12,274.0,25000.0,,,,Coastal flood,602700.0,809.0,1906.0,,3221,match:1906.0,True,incompatible_date_intervals;multiple_dfo_event_ids;multiple_emdat_event_ids
EM-DAT,1998-0448-MEX,Mexico,MEX,1998-09-17,1998-09-17,158.0,5000.0,,,,Flood (General),,,1906.0,,3235,match:1906.0,True,incompatible_date_intervals;multiple_dfo_event_ids;multiple_emdat_event_ids
EM-DAT,1998-0248-JPN,Japan,JPN,1998-08-26,1998-08-26,16.0,24033.0,,,,Coastal flood,,,1907.0,,3207,match:1907.0,True,incompatible_date_intervals
DFO,DFO-1434,Japan,JPN,1998-08-28,1998-09-02,21.0,2000.0,73841.0,,,Torrential rain,,1.0,1907.0,,3210,match:1907.0,True,incompatible_date_intervals
DFO,DFO-1380,China,CHN,1998-06-09,1998-06-12,1.0,24.0,5844.0,,,Heavy rain,,1.0,1909.0,,3121,match:1909.0,True,incompatible_date_intervals;multiple_dfo_event_ids;multiple_emdat_event_ids
EM-DAT,1998-0445-CHN,China,CHN,1998-06-11,1998-06-11,440.0,1500000.0,,,,Flood (General),724700.0,,1909.0,,3126,match:1909.0,True,incompatible_date_intervals;multiple_dfo_event_ids;multiple_emdat_event_ids
DFO,DFO-1398,China,CHN,1998-06-12,1998-07-09,51.0,434500.0,36417.0,,,Heavy rain,,2.0,1909.0,,3129,match:1909.0,True,incompatible_date_intervals;multiple_dfo_event_ids;multiple_emdat_event_ids
DFO,DFO-1399,China,CHN,1998-06-12,1998-06-25,126.0,750000.0,54191.0,,,Heavy rain,,2.0,1909.0,,3130,match:1909.0,True,incompatible_date_intervals;multiple_dfo_event_ids;multiple_emdat_event_ids
DFO,DFO-1400,China,CHN,1998-06-12,1998-06-27,40.0,400000.0,170586.0,,,Heavy rain,,2.0,1909.0,,3131,match:1909.0,True,incompatible_date_intervals;multiple_dfo_event_ids;multiple_emdat_event_ids
DFO,DFO-1396,China,CHN,1998-06-15,1998-06-28,66.0,500000.0,26916.0,,,Heavy rain,,2.0,1909.0,,3138,match:1909.0,True,incompatible_date_intervals;multiple_dfo_event_ids;multiple_emdat_event_ids
DFO,DFO-1394,China,CHN,1998-06-18,1998-07-13,164.0,370000.0,305480.0,,,Heavy rain,,1.0,1909.0,,3140,match:1909.0,True,incompatible_date_intervals;multiple_dfo_event_ids;multiple_emdat_event_ids
DFO,DFO-1397,China,CHN,1998-06-18,1998-06-19,27.0,0.0,29726.0,,,Heavy rain,,1.0,1909.0,,3141,match:1909.0,True,incompatible_date_intervals;multiple_dfo_event_ids;multiple_emdat_event_ids
DFO,DFO-1395,China,CHN,1998-06-25,1998-07-06,180.0,150000.0,41224.0,,,Heavy rain,,2.0,1909.0,,3149,match:1909.0,True,incompatible_date_intervals;multiple_dfo_event_ids;multiple_emdat_event_ids
DFO,DFO-1393,China,CHN,1998-06-27,1998-07-13,170.0,240000.0,235631.0,,,Heavy rain,,1.0,1909.0,,3150,match:1909.0,True,incompatible_date_intervals;multiple_dfo_event_ids;multiple_emdat_event_ids
EM-DAT,1998-0165-CHN,China,CHN,1998-07-01,1998-08-30,3656.0,238973000.0,,,,Riverine flood,30000000.0,250000.0,1909.0,,3157,match:1909.0,True,incompatible_date_intervals;multiple_dfo_event_ids;multiple_emdat_event_ids
DFO,DFO-1392,China,CHN,1998-07-04,1998-07-20,113.0,90000.0,72124.0,,,Heavy rain,,1.0,1909.0,,3160,match:1909.0,True,incompatible_date_intervals;multiple_dfo_event_ids;multiple_emdat_event_ids
EM-DAT,1998-0221-NPL,Nepal,NPL,1998-07-04,1998-08-25,260.0,70000.0,,,,Flood (General),22000.0,405.0,1909.0,,3161,match:1909.0,True,incompatible_date_intervals;multiple_dfo_event_ids;multiple_emdat_event_ids
DFO,DFO-1391,China,CHN,1998-07-17,1998-08-05,345.0,3120000.0,367328.0,,,Heavy rain,,2.0,1909.0,,3166,match:1909.0,True,incompatible_date_intervals;multiple_dfo_event_ids;multiple_emdat_event_ids
DFO,DFO-1389,China,CHN,1998-08-03,1998-08-07,90.0,0.0,133217.0,,,Heavy rain,,1.0,1909.0,,3190,match:1909.0,True,incompatible_date_intervals;multiple_dfo_event_ids;multiple_emdat_event_ids
DFO,DFO-1390,China,CHN,1998-08-05,1998-09-07,575.0,1115000.0,292973.0,,,Heavy rain,,2.0,1909.0,,3194,match:1909.0,True,incompatible_date_intervals;multiple_dfo_event_ids;multiple_emdat_event_ids
DFO,DFO-1428,China,CHN,1998-08-08,1998-09-14,89.0,2160000.0,620830.0,,,Heavy rain,,2.0,1909.0,,3196,match:1909.0,True,incompatible_date_intervals;multiple_dfo_event_ids;multiple_emdat_event_ids
EM-DAT,1998-0604-CHN,China,CHN,1998-08-08,1998-09-14,89.0,2160000.0,,,,Riverine flood,964000.0,,1909.0,,3197,match:1909.0,True,incompatible_date_intervals;multiple_dfo_event_ids;multiple_emdat_event_ids
DFO,DFO-1388,China,CHN,1998-08-19,1998-08-29,19.0,0.0,35148.0,,,Heavy rain,,1.0,1909.0,,3205,match:1909.0,True,incompatible_date_intervals;multiple_dfo_event_ids;multiple_emdat_event_ids
DFO,DFO-1436,China • Nepal,,1998-08-28,1998-08-31,156.0,8000.0,215635.0,,,Heavy rain,,1.0,1909.0,transboundary (2 countries),3212,match:1909.0,True,incompatible_date_intervals;multiple_dfo_event_ids;multiple_emdat_event_ids
EM-DAT,1998-0282-NPL,Nepal,NPL,1998-08-28,1998-08-31,50.0,,,,,Riverine flood,5000.0,400.0,1909.0,,3214,match:1909.0,True,incompatible_date_intervals;multiple_dfo_event_ids;multiple_emdat_event_ids
EM-DAT,1998-0321-CHN,China,CHN,1998-08-31,1998-08-31,50.0,80000.0,,,,Flash flood,20124.0,212000.0,1909.0,,3215,match:1909.0,True,incompatible_date_intervals;multiple_dfo_event_ids;multiple_emdat_event_ids
DFO,DFO-1425,United States of America,USA,1998-08-04,1998-08-06,2.0,600.0,54156.0,,,Torrential rain,,2.0,1912.0,,3192,match:1912.0,True,incompatible_date_intervals;multiple_emdat_event_ids
EM-DAT,1998-0605-USA,United States of America,USA,1998-08-04,1998-08-06,2.0,600.0,,,,Flash flood,62500.0,,1912.0,,3193,match:1912.0,True,incompatible_date_intervals;multiple_emdat_event_ids
EM-DAT,1998-0256-USA,United States of America,USA,1998-08-07,1998-08-07,,1200.0,,,,Riverine flood,60000.0,,1912.0,,3195,match:1912.0,True,incompatible_date_intervals;multiple_emdat_event_ids
DFO,DFO-1422,Indonesia,IDN,1998-07-23,1998-07-26,26.0,0.0,32183.0,,,Torrential rain,,1.0,1915.0,,3177,match:1915.0,True,incompatible_date_intervals
EM-DAT,1998-0355-IDN,Indonesia,IDN,1998-08-02,1998-08-02,4.0,100000.0,,,,Flood (General),,70.0,1915.0,,3189,match:1915.0,True,incompatible_date_intervals
DFO,DFO-1418,Uganda,UGA,1998-07-20,1998-07-24,0.0,20000.0,3408.0,,,Heavy rain,,1.0,1917.0,,3172,match:1917.0,True,incompatible_date_intervals
EM-DAT,1998-0240-UGA,Uganda,UGA,1998-07-31,1998-07-31,,15200.0,,,,Riverine flood,,,1917.0,,3184,match:1917.0,True,incompatible_date_intervals
EM-DAT,1998-0227-AUS,Australia,AUS,1998-07-17,1998-09-08,14.0,200.0,,,,Riverine flood,100000.0,1000.0,1919.0,,3169,match:1919.0,True,multiple_emdat_event_ids
DFO,DFO-1419,Australia,AUS,1998-07-19,1998-09-10,1.0,6300.0,146391.0,,,Torrential rain,,2.0,1919.0,,3171,match:1919.0,True,multiple_emdat_event_ids
EM-DAT,1998-0261-AUS,Australia,AUS,1998-07-21,1998-09-09,1.0,6300.0,,,,Riverine flood,122700.0,,1919.0,,3175,match:1919.0,True,multiple_emdat_event_ids
DFO,DFO-1405,Romania,ROU,1998-06-08,1998-06-24,31.0,5952.0,79160.0,,,Heavy rain,,2.0,1921.0,,3120,match:1921.0,True,incompatible_date_intervals;multiple_dfo_event_ids
EM-DAT,1998-0193-ROU,Romania,ROU,1998-06-19,1998-07-01,31.0,12000.0,,,,Riverine flood,150000.0,1030.0,1921.0,,3143,match:1921.0,True,incompatible_date_intervals;multiple_dfo_event_ids
DFO,DFO-1404,Romania,ROU,1998-07-01,1998-07-10,5.0,50000.0,83833.0,,,Heavy rain,,1.0,1921.0,,3156,match:1921.0,True,incompatible_date_intervals;multiple_dfo_event_ids
DFO,DFO-1385,United States of America,USA,1998-06-13,1998-06-19,1.0,0.0,19951.0,,,Heavy rain,,2.0,1923.0,,3133,match:1923.0,True,incompatible_date_intervals;multiple_dfo_event_ids;multiple_emdat_event_ids
DFO,DFO-1401,United States of America,USA,1998-06-13,1998-06-17,0.0,1000.0,73860.0,,,Heavy rain,,2.0,1923.0,,3134,match:1923.0,True,incompatible_date_intervals;multiple_dfo_event_ids;multiple_emdat_event_ids
EM-DAT,1998-0606-USA,United States of America,USA,1998-06-13,1998-06-17,,1000.0,,,,Riverine flood,200500.0,,1923.0,,3136,match:1923.0,True,incompatible_date_intervals;multiple_dfo_event_ids;multiple_emdat_event_ids
DFO,DFO-1402,United States of America,USA,1998-06-14,1998-06-15,0.0,0.0,4081.0,,,Snowmelt,,1.0,1923.0,,3137,match:1923.0,True,incompatible_date_intervals;multiple_dfo_event_ids;multiple_emdat_event_ids
DFO,DFO-1409,United States of America,USA,1998-06-24,1998-07-01,21.0,11000.0,18117.0,,,Torrential rain,,2.0,1923.0,,3147,match:1923.0,True,incompatible_date_intervals;multiple_dfo_event_ids;multiple_emdat_event_ids
EM-DAT,1998-0199-USA,United States of America,USA,1998-06-24,1998-07-01,11.0,14000.0,,,,Flash flood,469000.0,,1923.0,,3148,match:1923.0,True,incompatible_date_intervals;multiple_dfo_event_ids;multiple_emdat_event_ids
EM-DAT,1998-0200-USA,United States of America,USA,1998-06-29,1998-06-29,,,,,,Flash flood,,,1923.0,,3152,match:1923.0,True,incompatible_date_intervals;multiple_dfo_event_ids;multiple_emdat_event_ids
DFO,DFO-1362,Russian Federation,RUS,1998-05-16,1998-06-06,15.0,51000.0,314771.0,,,Ice jam/break-up,,2.0,1926.0,,3095,match:1926.0,True,incompatible_date_intervals;multiple_dfo_event_ids;multiple_emdat_event_ids
EM-DAT,1998-0179-RUS,Russian Federation,RUS,1998-05-16,1998-06-06,13.0,78600.0,,,,Riverine flood,3500.0,,1926.0,,3097,match:1926.0,True,incompatible_date_intervals;multiple_dfo_event_ids;multiple_emdat_event_ids
EM-DAT,1998-0166-RUS,Russian Federation,RUS,1998-05-17,1998-05-17,,20000.0,,,,Riverine flood,,,1926.0,,3098,match:1926.0,True,incompatible_date_intervals;multiple_dfo_event_ids;multiple_emdat_event_ids
DFO,DFO-1377,Russian Federation,RUS,1998-06-03,1998-06-07,0.0,49.0,56635.0,,,Ice jam/break-up,,1.0,1926.0,,3119,match:1926.0,True,incompatible_date_intervals;multiple_dfo_event_ids;multiple_emdat_event_ids
DFO,DFO-1361,China,CHN,1998-05-12,1998-05-17,11.0,0.0,60529.0,,,Heavy rain,,1.0,1928.0,,3093,match:1928.0,True,incompatible_date_intervals;multiple_dfo_event_ids
DFO,DFO-1366,China,CHN,1998-05-16,1998-05-20,11.0,508.0,178663.0,,,Torrential rain,,1.0,1928.0,,3096,match:1928.0,True,incompatible_date_intervals;multiple_dfo_event_ids
DFO,DFO-1367,China,CHN,1998-05-20,1998-05-21,37.0,3600.0,51482.0,,,Torrential rain,,1.0,1928.0,,3104,match:1928.0,True,incompatible_date_intervals;multiple_dfo_event_ids
DFO,DFO-1368,China,CHN,1998-05-20,1998-05-25,8.0,15000.0,149533.0,,,Torrential rain,,1.0,1928.0,,3105,match:1928.0,True,incompatible_date_intervals;multiple_dfo_event_ids
DFO,DFO-1369,China,CHN,1998-05-20,1998-05-24,10.0,20000.0,216145.0,,,Torrential rain,,1.0,1928.0,,3106,match:1928.0,True,incompatible_date_intervals;multiple_dfo_event_ids
DFO,DFO-1370,China,CHN,1998-05-20,1998-05-25,58.0,106000.0,70344.0,,,Heavy rain,,2.0,1928.0,,3107,match:1928.0,True,incompatible_date_intervals;multiple_dfo_event_ids
DFO,DFO-1371,China,CHN,1998-05-24,1998-06-01,15.0,1300.0,164944.0,,,Heavy rain,,1.0,1928.0,,3109,match:1928.0,True,incompatible_date_intervals;multiple_dfo_event_ids
EM-DAT,1998-0174-CHN,China,CHN,1998-05-24,1998-05-24,15.0,1300.0,,,,Riverine flood,34700.0,575.0,1928.0,,3110,match:1928.0,True,incompatible_date_intervals;multiple_dfo_event_ids
DFO,DFO-5143,Sri Lanka,LKA,2021-10-25,2021-10-31,2.0,120.0,8970.0,,,Torrential rain,,1.0,193.0,,10669,match:193.0,True,incompatible_date_intervals;multiple_dfo_event_ids;multiple_emdat_event_ids
EM-DAT,2021-0714-LKA,Sri Lanka,LKA,2021-10-25,2021-11-04,4.0,6000.0,,,,Flood (General),,,193.0,,10671,match:193.0,True,incompatible_date_intervals;multiple_dfo_event_ids;multiple_emdat_event_ids
EM-DAT,2021-0722-LKA,Sri Lanka,LKA,2021-11-06,2021-11-07,26.0,230004.0,,,,Flood (General),,,193.0,,10683,match:193.0,True,incompatible_date_intervals;multiple_dfo_event_ids;multiple_emdat_event_ids
DFO,DFO-5146,Sri Lanka,LKA,2021-11-07,2021-11-12,20.0,5000.0,160.0,,,Heavy rain,,1.5,193.0,,10684,match:193.0,True,incompatible_date_intervals;multiple_dfo_event_ids;multiple_emdat_event_ids
DFO,DFO-1344,Tajikistan,TJK,1998-04-24,1998-04-27,52.0,1000.0,44210.0,,,Rain and snowmelt,,2.0,1934.0,,3073,match:1934.0,True,multiple_dfo_event_ids
DFO,DFO-1345,Tajikistan,TJK,1998-04-24,1998-05-07,203.0,20000.0,59531.0,,,Heavy rain,,1.0,1934.0,,3074,match:1934.0,True,multiple_dfo_event_ids
EM-DAT,1998-0111-TJK,Tajikistan,TJK,1998-04-24,1998-04-27,51.0,40974.0,,,,Riverine flood,66000.0,500.0,1934.0,,3075,match:1934.0,True,multiple_dfo_event_ids
DFO,DFO-1351,Paraguay,PRY,1998-03-01,1998-05-07,55.0,85000.0,242667.0,,,Heavy rain,,1.0,1935.0,,3032,match:1935.0,True,multiple_dfo_event_ids
EM-DAT,1998-0080-ARG,Argentina,ARG,1998-04-11,1998-06-24,19.0,360000.0,,,,Flood (General),1100000.0,35000.0,1935.0,,3064,match:1935.0,True,multiple_dfo_event_ids
EM-DAT,1998-0080-PRY,Paraguay,PRY,1998-04-11,1998-05-08,55.0,,,,,Flood (General),5000.0,,1935.0,,3066,match:1935.0,True,multiple_dfo_event_ids
DFO,DFO-1334,Argentina • Paraguay,,1998-04-14,1998-05-10,68.0,700000.0,541027.0,,,Heavy rain,,2.0,1935.0,transboundary (2 countries),3067,match:1935.0,True,multiple_dfo_event_ids
DFO,DFO-5141,Indonesia,IDN,2021-10-23,2021-10-28,1.0,3400.0,1022.0,,,Heavy rain,,1.0,194.0,,10666,match:194.0,True,incompatible_date_intervals;multiple_dfo_event_ids;multiple_emdat_event_ids
EM-DAT,2021-0695-IDN,Indonesia,IDN,2021-10-27,2021-10-28,,2226.0,,,,Flood (General),,,194.0,,10673,match:194.0,True,incompatible_date_intervals;multiple_dfo_event_ids;multiple_emdat_event_ids
DFO,DFO-5144,Indonesia,IDN,2021-11-04,2021-11-04,6.0,0.0,56.0,,,Torrential rain,,1.0,194.0,,10678,match:194.0,True,incompatible_date_intervals;multiple_dfo_event_ids;multiple_emdat_event_ids
EM-DAT,2021-0719-IDN,Indonesia,IDN,2021-11-04,2021-11-04,9.0,1275.0,,,,Flash flood,,,194.0,,10679,match:194.0,True,incompatible_date_intervals;multiple_dfo_event_ids;multiple_emdat_event_ids
DFO,DFO-1311,United States of America,USA,1998-03-07,1998-03-13,11.0,18000.0,185210.0,,,Heavy rain,,2.0,1940.0,,3038,match:1940.0,True,incompatible_date_intervals;multiple_dfo_event_ids
EM-DAT,1998-0066-USA,United States of America,USA,1998-03-07,1998-03-13,11.0,18000.0,,,,Riverine flood,270000.0,,1940.0,,3040,match:1940.0,True,incompatible_date_intervals;multiple_dfo_event_ids
DFO,DFO-1324,United States of America,USA,1998-03-20,1998-03-24,0.0,560.0,19146.0,,,Heavy rain,,2.0,1940.0,,3045,match:1940.0,True,incompatible_date_intervals;multiple_dfo_event_ids
EM-DAT,1997-0526-ECU,Ecuador,ECU,1997-10-01,1998-03-01,218.0,35091.0,,,,Flood (General),271000.0,,1946.0,,2952,match:1946.0,True,incompatible_date_intervals;multiple_dfo_event_ids
DFO,DFO-1287,Ecuador,ECU,1997-11-01,1997-11-30,27.0,10000.0,119920.0,,,Heavy rain,,1.0,1946.0,,2977,match:1946.0,True,incompatible_date_intervals;multiple_dfo_event_ids
DFO,DFO-1299,Peru • Ecuador,,1997-11-15,1998-02-12,200.0,100000.0,1990345.0,,,Tropical cyclone,,1.0,1946.0,transboundary (2 countries),2987,match:1946.0,True,incompatible_date_intervals;multiple_dfo_event_ids
DFO,DFO-1303,Peru • Ecuador,,1998-02-10,1998-03-15,364.0,0.0,1339873.0,,,Tropical cyclone,,1.0,1946.0,transboundary (2 countries),3021,match:1946.0,True,incompatible_date_intervals;multiple_dfo_event_ids
DFO,DFO-1296,Australia,AUS,1998-01-01,1998-02-01,1.0,64.0,33826.0,,,Tropical cyclone,,1.0,1948.0,,3005,match:1948.0,True,multiple_dfo_event_ids;multiple_emdat_event_ids
EM-DAT,1998-0011-AUS,Australia,AUS,1998-01-01,1998-02-01,2.0,200.0,,,,Coastal flood,61300.0,,1948.0,,3007,match:1948.0,True,multiple_dfo_event_ids;multiple_emdat_event_ids
DFO,DFO-1300,Australia,AUS,1998-01-25,1998-01-28,2.0,24.0,267569.0,,,Tropical cyclone,,2.0,1948.0,,3013,match:1948.0,True,multiple_dfo_event_ids;multiple_emdat_event_ids
EM-DAT,1998-0022-AUS,Australia,AUS,1998-01-25,1998-01-28,2.0,1175.0,,,,Coastal flood,100000.0,,1948.0,,3014,match:1948.0,True,multiple_dfo_event_ids;multiple_emdat_event_ids
DFO,DFO-1313,Somalia,SOM,1997-10-15,1998-01-09,2311.0,250000.0,244739.0,,,Heavy rain,,1.0,1954.0,,2963,match:1954.0,True,multiple_dfo_event_ids
DFO,DFO-1195,Somalia • Kenya,,1997-10-19,1997-11-28,2000.0,230000.0,713805.0,,,Heavy rain,,2.0,1954.0,transboundary (2 countries),2971,match:1954.0,True,multiple_dfo_event_ids
EM-DAT,1997-0265-SOM,Somalia,SOM,1997-10-19,1997-11-17,2311.0,1230000.0,,,,Riverine flood,,600.0,1954.0,,2972,match:1954.0,True,multiple_dfo_event_ids
DFO,DFO-1191,Brazil • Argentina,,1997-10-05,1997-10-15,0.0,3600.0,140125.0,,,Heavy rain,,1.0,1958.0,transboundary (2 countries),2954,match:1958.0,True,multiple_dfo_event_ids
DFO,DFO-1193,Brazil,BRA,1997-10-15,1997-10-22,0.0,21000.0,465787.0,,,Heavy rain,,1.0,1958.0,,2961,match:1958.0,True,multiple_dfo_event_ids
EM-DAT,1997-0249-BRA,Brazil,BRA,1997-10-15,1997-10-22,,20000.0,,,,Riverine flood,,,1958.0,,2964,match:1958.0,True,multiple_dfo_event_ids
EM-DAT,1997-0268-SDN,Sudan,SDN,1997-10-01,1997-10-01,8.0,100000.0,,,,Riverine flood,,,1960.0,,2951,match:1960.0,True,incompatible_date_intervals
DFO,DFO-1282,Sudan,SDN,1997-10-07,1997-10-09,1.0,300.0,20687.0,,,Heavy rain,,1.0,1960.0,,2957,match:1960.0,True,incompatible_date_intervals
DFO,DFO-1180,China,CHN,1997-08-19,1997-08-25,345.0,54000.0,55174.0,,,Tropical cyclone,,1.0,1966.0,,2922,match:1966.0,True,incompatible_date_intervals;multiple_dfo_event_ids
DFO,DFO-1273,China,CHN,1997-09-01,1997-09-08,63.0,92000.0,124671.0,,,Heavy rain,,1.0,1966.0,,2932,match:1966.0,True,incompatible_date_intervals;multiple_dfo_event_ids
EM-DAT,1997-0354-CHN,China,CHN,1997-09-01,1997-09-08,63.0,,,,,Riverine flood,,,1966.0,,2935,match:1966.0,True,incompatible_date_intervals;multiple_dfo_event_ids
DFO,DFO-1232,India,IND,1997-06-22,1997-08-26,273.0,20000.0,183143.0,,,Monsoonal rain,,1.0,1967.0,,2843,match:1967.0,True,incompatible_date_intervals;multiple_dfo_event_ids;multiple_emdat_event_ids
EM-DAT,1997-0337-IND,India,IND,1997-06-22,1997-06-28,111.0,1000000.0,,,,Riverine flood,153800.0,,1967.0,,2846,match:1967.0,True,incompatible_date_intervals;multiple_dfo_event_ids;multiple_emdat_event_ids
DFO,DFO-1256,India,IND,1997-07-05,1997-07-22,100.0,0.0,233024.0,,,Monsoonal rain,,1.0,1967.0,,2870,match:1967.0,True,incompatible_date_intervals;multiple_dfo_event_ids;multiple_emdat_event_ids
DFO,DFO-1258,India,IND,1997-07-05,1997-07-14,97.0,0.0,70603.0,,,Monsoonal rain,,1.0,1967.0,,2871,match:1967.0,True,incompatible_date_intervals;multiple_dfo_event_ids;multiple_emdat_event_ids
DFO,DFO-1168,India,IND,1997-08-01,1997-08-11,24.0,100000.0,201819.0,,,Monsoonal rain,,1.0,1967.0,,2895,match:1967.0,True,incompatible_date_intervals;multiple_dfo_event_ids;multiple_emdat_event_ids
EM-DAT,1997-0348-IND,India,IND,1997-08-01,1997-08-01,244.0,,,,,Flood (General),,,1967.0,,2897,match:1967.0,True,incompatible_date_intervals;multiple_dfo_event_ids;multiple_emdat_event_ids
DFO,DFO-1172,India,IND,1997-08-08,1997-08-14,200.0,0.0,57531.0,,,Monsoonal rain,,1.0,1967.0,,2904,match:1967.0,True,incompatible_date_intervals;multiple_dfo_event_ids;multiple_emdat_event_ids
EM-DAT,1997-0170-IND,India,IND,1997-08-08,1997-08-14,135.0,20.0,,,,Riverine flood,71000.0,,1967.0,,2906,match:1967.0,True,incompatible_date_intervals;multiple_dfo_event_ids;multiple_emdat_event_ids
DFO,DFO-1267,India,IND,1997-08-19,1997-08-24,50.0,10000.0,228335.0,,,Monsoonal rain,,1.0,1967.0,,2924,match:1967.0,True,incompatible_date_intervals;multiple_dfo_event_ids;multiple_emdat_event_ids
DFO,DFO-1265,India,IND,1997-08-22,1997-08-26,26.0,0.0,40014.0,,,Monsoonal rain,,1.0,1967.0,,2928,match:1967.0,True,incompatible_date_intervals;multiple_dfo_event_ids;multiple_emdat_event_ids
EM-DAT,1997-0182-IND,India,IND,1997-08-22,1997-08-22,400.0,,,,,Coastal flood,,3.0,1967.0,,2929,match:1967.0,True,incompatible_date_intervals;multiple_dfo_event_ids;multiple_emdat_event_ids
EM-DAT,1997-0260-IND,India,IND,1997-09-01,1997-09-01,1442.0,29259000.0,,,,Flood (General),,21840.0,1967.0,,2934,match:1967.0,True,incompatible_date_intervals;multiple_dfo_event_ids;multiple_emdat_event_ids
DFO,DFO-5075,India,IND,2021-05-25,2021-05-28,1.0,1500000.0,345643.0,,,Tropical Storm Yaas and Storm Surge,,1.5,197.0,,10505,match:197.0,True,incompatible_date_intervals;multiple_dfo_event_ids;multiple_emdat_event_ids
EM-DAT,2021-0316-IND,India,IND,2021-06-01,2021-06-30,59.0,1000.0,,,,Flood (General),100000.0,,197.0,,10511,match:197.0,True,incompatible_date_intervals;multiple_dfo_event_ids;multiple_emdat_event_ids
EM-DAT,2021-0435-IND,India,IND,2021-06-01,2021-09-30,1282.0,375000.0,,,,Flood (General),3100000.0,,197.0,,10514,match:197.0,True,incompatible_date_intervals;multiple_dfo_event_ids;multiple_emdat_event_ids
DFO,DFO-5083,India,IND,2021-06-15,2021-06-21,0.0,0.0,239571.0,,,Monsoonal Rain,,1.0,197.0,,10520,match:197.0,True,incompatible_date_intervals;multiple_dfo_event_ids;multiple_emdat_event_ids
DFO,DFO-5091,India,IND,2021-06-30,2021-07-04,1.0,15000.0,78068.0,,,Monsoonal Rain,,1.5,197.0,,10537,match:197.0,True,incompatible_date_intervals;multiple_dfo_event_ids;multiple_emdat_event_ids
EM-DAT,2021-0366-IND,India,IND,2021-07-01,2021-07-01,,7587.0,,,,Flood (General),,,197.0,,10540,match:197.0,True,incompatible_date_intervals;multiple_dfo_event_ids;multiple_emdat_event_ids
DFO,DFO-5105,India,IND,2021-07-22,2021-07-30,9.0,31360.0,110849.0,,,Monsoonal Rain,,1.5,197.0,,10572,match:197.0,True,incompatible_date_intervals;multiple_dfo_event_ids;multiple_emdat_event_ids
DFO,DFO-5101,India,IND,2021-07-27,2021-07-29,7.0,0.0,12061.0,,,Torrential rain,,1.5,197.0,,10577,match:197.0,True,incompatible_date_intervals;multiple_dfo_event_ids;multiple_emdat_event_ids
EM-DAT,2021-0458-IND,India,IND,2021-07-28,2021-07-29,37.0,122.0,,,,Flash flood,,,197.0,,10584,match:197.0,True,incompatible_date_intervals;multiple_dfo_event_ids;multiple_emdat_event_ids
DFO,DFO-5108,India,IND,2021-08-07,2021-08-17,12.0,85000.0,48583.0,,,Monsoonal Rain,,1.5,197.0,,10587,match:197.0,True,incompatible_date_intervals;multiple_dfo_event_ids;multiple_emdat_event_ids
DFO,DFO-5121,India,IND,2021-09-12,2021-09-19,15.0,24127.0,71861.0,,,Monsoonal Rain,,1.5,197.0,,10622,match:197.0,True,incompatible_date_intervals;multiple_dfo_event_ids;multiple_emdat_event_ids
EM-DAT,2021-0585-IND,India,IND,2021-09-13,2021-09-15,7.0,850000.0,,,,Flood (General),,,197.0,,10625,match:197.0,True,incompatible_date_intervals;multiple_dfo_event_ids;multiple_emdat_event_ids
DFO,DFO-5122,India,IND,2021-09-14,2021-09-20,10.0,1300.0,45158.0,,,Monsoonal Rain,,1.5,197.0,,10627,match:197.0,True,incompatible_date_intervals;multiple_dfo_event_ids;multiple_emdat_event_ids
DFO,DFO-5126,India,IND,2021-09-15,2021-09-26,58.0,1200.0,94057.0,,,Monsoonal Rain,,1.5,197.0,,10629,match:197.0,True,incompatible_date_intervals;multiple_dfo_event_ids;multiple_emdat_event_ids
DFO,DFO-5130,India,IND,2021-10-01,2021-10-09,11.0,500000.0,42829.0,,,Monsoonal Rain,,1.5,197.0,,10644,match:197.0,True,incompatible_date_intervals;multiple_dfo_event_ids;multiple_emdat_event_ids
DFO,DFO-5136,India,IND,2021-10-11,2021-10-17,23.0,5223.0,41117.0,,,Heavy rain,,1.5,197.0,,10655,match:197.0,True,incompatible_date_intervals;multiple_dfo_event_ids;multiple_emdat_event_ids
EM-DAT,2021-0677-IND,India,IND,2021-10-11,2021-10-20,39.0,3950.0,,,,Flood (General),,,197.0,,10656,match:197.0,True,incompatible_date_intervals;multiple_dfo_event_ids;multiple_emdat_event_ids
DFO,DFO-5138,India,IND,2021-10-17,2021-10-19,27.0,600.0,54871.0,,,Heavy rain,,1.5,197.0,,10662,match:197.0,True,incompatible_date_intervals;multiple_dfo_event_ids;multiple_emdat_event_ids
EM-DAT,2021-0681-IND,India,IND,2021-10-18,2021-10-19,57.0,1402.0,,,,Flood (General),,,197.0,,10663,match:197.0,True,incompatible_date_intervals;multiple_dfo_event_ids;multiple_emdat_event_ids
DFO,DFO-1176,Myanmar,MMR,1997-08-10,1997-08-20,100.0,3000.0,70640.0,,,Monsoonal rain,,1.0,1970.0,,2908,match:1970.0,True,incompatible_date_intervals
EM-DAT,1997-0177-MMR,Myanmar,MMR,1997-08-21,1997-08-21,68.0,137418.0,,,,Flood (General),,,1970.0,,2925,match:1970.0,True,incompatible_date_intervals
EM-DAT,1997-0558-CHN,China,CHN,1997-06-30,1997-08-01,420.0,,,,,Riverine flood,1251200.0,,1971.0,,2852,match:1971.0,True,incompatible_date_intervals;multiple_dfo_event_ids;multiple_emdat_event_ids
DFO,DFO-1158,China,CHN,1997-07-06,1997-08-01,287.0,200000.0,832682.0,,,Monsoonal rain,,1.0,1971.0,,2872,match:1971.0,True,incompatible_date_intervals;multiple_dfo_event_ids;multiple_emdat_event_ids
DFO,DFO-1254,China,CHN,1997-07-10,1997-07-30,301.0,300000.0,27345.0,,,Heavy rain,,1.0,1971.0,,2876,match:1971.0,True,incompatible_date_intervals;multiple_dfo_event_ids;multiple_emdat_event_ids
EM-DAT,1997-0196-CHN,China,CHN,1997-07-10,1997-07-22,164.0,7000000.0,,,,Riverine flood,,,1971.0,,2878,match:1971.0,True,incompatible_date_intervals;multiple_dfo_event_ids;multiple_emdat_event_ids
EM-DAT,1997-0342-CHN,China,CHN,1997-07-10,1997-07-30,300.0,318000.0,,,,Riverine flood,1027400.0,,1971.0,,2879,match:1971.0,True,incompatible_date_intervals;multiple_dfo_event_ids;multiple_emdat_event_ids
DFO,DFO-1257,China,CHN,1997-07-15,1997-07-18,48.0,0.0,20185.0,,,Heavy rain,,1.0,1971.0,,2882,match:1971.0,True,incompatible_date_intervals;multiple_dfo_event_ids;multiple_emdat_event_ids
DFO,DFO-1255,China,CHN,1997-07-17,1997-07-22,19.0,0.0,124211.0,,,Heavy rain,,2.0,1971.0,,2883,match:1971.0,True,incompatible_date_intervals;multiple_dfo_event_ids;multiple_emdat_event_ids
DFO,DFO-1167,China,CHN,1997-08-02,1997-08-07,65.0,0.0,34586.0,,,Tropical cyclone,,1.0,1971.0,,2898,match:1971.0,True,incompatible_date_intervals;multiple_dfo_event_ids;multiple_emdat_event_ids
DFO,DFO-1268,China,CHN,1997-08-07,1997-08-14,13.0,0.0,25075.0,,,Heavy rain,,1.0,1971.0,,2902,match:1971.0,True,incompatible_date_intervals;multiple_dfo_event_ids;multiple_emdat_event_ids
DFO,DFO-1272,Republic of Korea,KOR,1997-07-29,1997-08-03,12.0,115.0,47681.0,,,Heavy rain,,1.0,1972.0,,2894,match:1972.0,True,incompatible_date_intervals
EM-DAT,1997-0167-KOR,Republic of Korea,KOR,1997-08-04,1997-08-04,11.0,115.0,,,,Flood (General),,35.5,1972.0,,2900,match:1972.0,True,incompatible_date_intervals
DFO,DFO-1251,Pakistan,PAK,1997-07-25,1997-07-29,16.0,0.0,5802.0,,,Monsoonal rain,,1.0,1975.0,,2888,match:1975.0,True,multiple_dfo_event_ids
DFO,DFO-1252,Pakistan,PAK,1997-07-25,1997-07-28,31.0,0.0,127909.0,,,Monsoonal rain,,1.0,1975.0,,2889,match:1975.0,True,multiple_dfo_event_ids
EM-DAT,1997-0156-PAK,Pakistan,PAK,1997-07-25,1997-07-28,31.0,56.0,,,,Riverine flood,,4.0,1975.0,,2890,match:1975.0,True,multiple_dfo_event_ids
DFO,DFO-1235,Iran (Islamic Republic of),IRN,1997-06-17,1997-06-21,13.0,0.0,31964.0,,,Heavy rain,,1.0,1981.0,,2837,match:1981.0,True,incompatible_date_intervals;multiple_dfo_event_ids;multiple_emdat_event_ids
DFO,DFO-1233,Iran (Islamic Republic of),IRN,1997-06-18,1997-06-28,2.0,0.0,25838.0,,,Heavy rain,,1.0,1981.0,,2838,match:1981.0,True,incompatible_date_intervals;multiple_dfo_event_ids;multiple_emdat_event_ids
EM-DAT,1997-0563-IRN,Iran (Islamic Republic of),IRN,1997-06-18,1997-06-28,2.0,,,,,Riverine flood,20000.0,25840.0,1981.0,,2840,match:1981.0,True,incompatible_date_intervals;multiple_dfo_event_ids;multiple_emdat_event_ids
DFO,DFO-1260,Iran (Islamic Republic of),IRN,1997-07-02,1997-07-06,11.0,1400.0,109454.0,,,Heavy rain,,1.0,1981.0,,2856,match:1981.0,True,incompatible_date_intervals;multiple_dfo_event_ids;multiple_emdat_event_ids
EM-DAT,1997-0561-IRN,Iran (Islamic Republic of),IRN,1997-07-02,1997-07-06,11.0,1400.0,,,,Riverine flood,5000.0,109500.0,1981.0,,2860,match:1981.0,True,incompatible_date_intervals;multiple_dfo_event_ids;multiple_emdat_event_ids
DFO,DFO-1234,Republic of Korea,KOR,1997-06-22,1997-06-26,10.0,0.0,58701.0,,,Heavy rain,,1.0,1982.0,,2844,match:1982.0,True,incompatible_date_intervals;multiple_dfo_event_ids
DFO,DFO-1263,Republic of Korea,KOR,1997-06-28,1997-07-05,4.0,60.0,11247.0,,,Heavy rain,,1.0,1982.0,,2850,match:1982.0,True,incompatible_date_intervals;multiple_dfo_event_ids
EM-DAT,1997-0560-KOR,Republic of Korea,KOR,1997-07-01,1997-07-03,4.0,,,,,Riverine flood,1650.0,11250.0,1982.0,,2854,match:1982.0,True,incompatible_date_intervals;multiple_dfo_event_ids
EM-DAT,1997-0127-USA,United States of America,USA,1997-06-13,1997-06-13,2.0,200.0,,,,Flood (General),,,1983.0,,2834,match:1983.0,True,incompatible_date_intervals
DFO,DFO-1237,United States of America,USA,1997-06-19,1997-06-23,3.0,350.0,155894.0,,,Heavy rain,,1.0,1983.0,,2841,match:1983.0,True,incompatible_date_intervals
DFO,DFO-1248,China,CHN,1997-06-02,1997-06-04,1.0,0.0,1017.0,,,Torrential rain,,1.0,1985.0,,2820,match:1985.0,True,incompatible_date_intervals;multiple_dfo_event_ids
DFO,DFO-1245,China,CHN,1997-06-03,1997-06-10,40.0,0.0,29000.0,,,Heavy rain,,1.0,1985.0,,2821,match:1985.0,True,incompatible_date_intervals;multiple_dfo_event_ids
EM-DAT,1997-0562-CHN,China,CHN,1997-06-03,1997-06-10,40.0,,,,,Riverine flood,1000.0,29000.0,1985.0,,2822,match:1985.0,True,incompatible_date_intervals;multiple_dfo_event_ids
DFO,DFO-1246,China,CHN,1997-06-06,1997-06-10,150.0,0.0,10074.0,,,Heavy rain,,1.0,1985.0,,2824,match:1985.0,True,incompatible_date_intervals;multiple_dfo_event_ids
DFO,DFO-1243,China,CHN,1997-06-08,1997-06-12,56.0,383000.0,25292.0,,,Heavy rain,,1.0,1985.0,,2827,match:1985.0,True,incompatible_date_intervals;multiple_dfo_event_ids
DFO,DFO-1226,China,CHN,1997-05-03,1997-05-16,135.0,360000.0,174990.0,,,Heavy rain,,2.0,1988.0,,2811,match:1988.0,True,multiple_dfo_event_ids
EM-DAT,1997-0144-CHN,China,CHN,1997-05-03,1997-05-16,103.0,371229.0,,,,Riverine flood,160000.0,12110.0,1988.0,,2812,match:1988.0,True,multiple_dfo_event_ids
DFO,DFO-1229,China,CHN,1997-05-05,1997-05-11,19.0,0.0,74261.0,,,Heavy rain,,1.0,1988.0,,2813,match:1988.0,True,multiple_dfo_event_ids
DFO,DFO-1228,China,CHN,1997-05-09,1997-05-13,111.0,0.0,183090.0,,,Heavy rain,,1.0,1988.0,,2815,match:1988.0,True,multiple_dfo_event_ids
EM-DAT,2021-0682-PHL,Philippines,PHL,2021-10-10,2021-10-10,,24166.0,,,,Flood (General),,,199.0,,10654,match:199.0,True,incompatible_date_intervals
DFO,DFO-5135,Philippines,PHL,2021-10-12,2021-10-14,13.0,11525.0,118495.0,,,Heavy rain,,1.5,199.0,,10657,match:199.0,True,incompatible_date_intervals
DFO,DFO-1224,Russian Federation,RUS,1997-04-15,1997-04-17,2.0,500.0,12913.0,,,Heavy rain,,1.0,1991.0,,2798,match:1991.0,True,incompatible_date_intervals;multiple_dfo_event_ids
EM-DAT,1997-0564-RUS,Russian Federation,RUS,1997-04-15,1997-04-17,2.0,500.0,,,,Riverine flood,174100.0,12910.0,1991.0,,2799,match:1991.0,True,incompatible_date_intervals;multiple_dfo_event_ids
DFO,DFO-1222,Russian Federation,RUS,1997-04-24,1997-04-30,3.0,1000.0,26137.0,,,Ice jam/break-up,,1.0,1991.0,,2803,match:1991.0,True,incompatible_date_intervals;multiple_dfo_event_ids
DFO,DFO-1153,United States of America • Canada,,1997-03-22,1997-04-25,0.0,50000.0,282467.0,,,Heavy rain,,2.0,1993.0,transboundary (2 countries),2794,match:1993.0,True,multiple_emdat_event_ids
EM-DAT,1997-0083-USA,United States of America,USA,1997-04-17,1997-05-07,3.0,50400.0,,,,Flood (General),5000000.0,,1993.0,,2800,match:1993.0,True,multiple_emdat_event_ids
EM-DAT,1997-0082-CAN,Canada,CAN,1997-04-24,1997-05-07,4.0,29000.0,,,,Riverine flood,120000.0,,1993.0,,2804,match:1993.0,True,multiple_emdat_event_ids
DFO,DFO-1149,United States of America,USA,1997-02-28,1997-03-15,50.0,0.0,179911.0,,,Heavy rain,,2.0,1995.0,,2779,match:1995.0,True,incompatible_date_intervals;multiple_dfo_event_ids
EM-DAT,1997-0040-USA,United States of America,USA,1997-03-08,1997-03-08,31.0,,,,,Riverine flood,500000.0,,1995.0,,2785,match:1995.0,True,incompatible_date_intervals;multiple_dfo_event_ids
DFO,DFO-1151,United States of America,USA,1997-03-15,1997-03-19,4.0,600.0,65906.0,,,Heavy rain,,1.0,1995.0,,2790,match:1995.0,True,incompatible_date_intervals;multiple_dfo_event_ids
EM-DAT,2024-0103-PER,Peru,PER,2024-02-19,2024-02-21,,346.0,,,,Flood (General),,,2.0,,11435,match:2.0,True,incompatible_date_intervals
DFO,DFO-5514,Peru,PER,2024-02-26,2024-03-01,32.0,0.0,95634.0,,,Heavy rain,,1.0,2.0,,11440,match:2.0,True,incompatible_date_intervals
DFO,DFO-1150,Brazil,BRA,1997-01-15,1997-03-15,9.0,55000.0,152482.0,,,Heavy rain,,2.0,2000.0,,2764,match:2000.0,True,multiple_dfo_event_ids
DFO,DFO-1202,Brazil,BRA,1997-01-22,1997-01-27,10.0,11000.0,97027.0,,,Heavy rain,,1.0,2000.0,,2767,match:2000.0,True,multiple_dfo_event_ids
EM-DAT,1997-0077-BRA,Brazil,BRA,1997-01-22,1997-01-27,20.0,5000.0,,,,Riverine flood,,,2000.0,,2768,match:2000.0,True,multiple_dfo_event_ids
DFO,DFO-1148,Malawi • Mozambique,,1997-01-15,1997-02-28,78.0,300000.0,211804.0,,,Heavy rain,,1.0,2001.0,transboundary (2 countries),2763,match:2001.0,True,multiple_emdat_event_ids
EM-DAT,1997-0026-MOZ,Mozambique,MOZ,1997-01-15,1997-02-28,35.0,400000.0,,,,Riverine flood,,,2001.0,,2765,match:2001.0,True,multiple_emdat_event_ids
EM-DAT,1997-0025-MWI,Malawi,MWI,1997-02-18,1997-02-18,,400000.0,,,,Riverine flood,,,2001.0,,2775,match:2001.0,True,multiple_emdat_event_ids
DFO,DFO-1140,United States of America,USA,1996-12-26,1997-01-03,10.0,50.0,272685.0,,,Rain and snowmelt,,1.0,2003.0,,2748,match:2003.0,True,incompatible_date_intervals;multiple_dfo_event_ids;multiple_emdat_event_ids
DFO,DFO-1210,United States of America,USA,1996-12-26,1997-01-03,23.0,110000.0,717982.0,,,Heavy rain,,1.0,2003.0,,2749,match:2003.0,True,incompatible_date_intervals;multiple_dfo_event_ids;multiple_emdat_event_ids
EM-DAT,1996-0295-USA,United States of America,USA,1996-12-27,1997-01-03,28.0,18100.0,,,,Riverine flood,1500000.0,,2003.0,,2750,match:2003.0,True,incompatible_date_intervals;multiple_dfo_event_ids;multiple_emdat_event_ids
DFO,DFO-1141,United States of America,USA,1997-01-01,1997-02-01,20.0,100000.0,156687.0,,,Heavy rain,,2.0,2003.0,,2751,match:2003.0,True,incompatible_date_intervals;multiple_dfo_event_ids;multiple_emdat_event_ids
EM-DAT,1997-0008-USA,United States of America,USA,1997-01-01,1997-02-07,20.0,125000.0,,,,Riverine flood,1500000.0,156700.0,2003.0,,2754,match:2003.0,True,incompatible_date_intervals;multiple_dfo_event_ids;multiple_emdat_event_ids
EM-DAT,1997-0318-USA,United States of America,USA,1997-01-25,1997-01-25,,,,,,Riverine flood,245000.0,,2003.0,,2769,match:2003.0,True,incompatible_date_intervals;multiple_dfo_event_ids;multiple_emdat_event_ids
DFO,DFO-5134,Indonesia,IDN,2021-10-03,2021-10-04,4.0,169.0,537.0,,,Heavy rain,,1.0,201.0,,10649,match:201.0,True,incompatible_date_intervals
EM-DAT,2021-0653-IDN,Indonesia,IDN,2021-10-05,2021-10-06,,79095.0,,,,Flood (General),,,201.0,,10652,match:201.0,True,incompatible_date_intervals
EM-DAT,1996-0241-THA,Thailand,THA,1996-06-30,1996-10-22,91.0,5000000.0,,,,Riverine flood,500.0,7000.0,2015.0,,2641,match:2015.0,True,incompatible_date_intervals;multiple_dfo_event_ids
DFO,DFO-1091,Thailand,THA,1996-07-18,1996-08-21,29.0,343386.0,314300.0,,,Tropical cyclone,,1.0,2015.0,,2656,match:2015.0,True,incompatible_date_intervals;multiple_dfo_event_ids
DFO,DFO-1120,Thailand,THA,1996-10-03,1996-10-28,60.0,0.0,116474.0,,,Monsoonal rain,,1.0,2015.0,,2710,match:2015.0,True,incompatible_date_intervals;multiple_dfo_event_ids
DFO,DFO-1107,Sudan,SDN,1996-09-02,1996-09-06,17.0,4000.0,107541.0,,,Heavy rain,,1.0,2018.0,,2690,match:2018.0,True,incompatible_date_intervals;multiple_dfo_event_ids
DFO,DFO-1111,Sudan,SDN,1996-09-10,1996-09-15,0.0,800.0,10692.0,,,Heavy rain,,1.0,2018.0,,2695,match:2018.0,True,incompatible_date_intervals;multiple_dfo_event_ids
EM-DAT,1996-0468-SDN,Sudan,SDN,1996-09-11,1996-09-15,,200.0,,,,Riverine flood,,,2018.0,,2697,match:2018.0,True,incompatible_date_intervals;multiple_dfo_event_ids
DFO,DFO-1078,China,CHN,1996-06-13,1996-06-25,340.0,37770.0,233547.0,,,Heavy rain,,2.0,2024.0,,2631,match:2024.0,True,incompatible_date_intervals;multiple_dfo_event_ids;multiple_emdat_event_ids
DFO,DFO-1083,China,CHN,1996-06-30,1996-07-08,43.0,271200.0,236745.0,,,Heavy rain,,2.0,2024.0,,2638,match:2024.0,True,incompatible_date_intervals;multiple_dfo_event_ids;multiple_emdat_event_ids
EM-DAT,1996-0103-CHN,China,CHN,1996-06-30,1996-07-26,2775.0,154634000.0,,,,Riverine flood,12600000.0,,2024.0,,2639,match:2024.0,True,incompatible_date_intervals;multiple_dfo_event_ids;multiple_emdat_event_ids
DFO,DFO-1096,China,CHN,1996-07-19,1996-07-25,0.0,0.0,17022.0,,,Heavy rain,,1.0,2024.0,,2661,match:2024.0,True,incompatible_date_intervals;multiple_dfo_event_ids;multiple_emdat_event_ids
EM-DAT,1996-0169-CHN,China,CHN,1996-08-01,1996-08-01,1200.0,,,,,Riverine flood,6314500.0,,2024.0,,2671,match:2024.0,True,incompatible_date_intervals;multiple_dfo_event_ids;multiple_emdat_event_ids
EM-DAT,1996-0171-CHN,China,CHN,1996-08-03,1996-08-03,20.0,,,,,Coastal flood,,,2024.0,,2673,match:2024.0,True,incompatible_date_intervals;multiple_dfo_event_ids;multiple_emdat_event_ids
DFO,DFO-1099,China,CHN,1996-08-06,1996-08-10,266.0,100000.0,138167.0,,,Heavy rain,,2.0,2024.0,,2674,match:2024.0,True,incompatible_date_intervals;multiple_dfo_event_ids;multiple_emdat_event_ids
DFO,DFO-1106,Democratic People's Republic of Korea • Republic of Korea,,1996-07-25,1996-08-30,205.0,535000.0,100944.0,,,Heavy rain,,1.0,2026.0,transboundary (2 countries),2666,match:2026.0,True,multiple_emdat_event_ids
EM-DAT,1996-0105-PRK,Democratic People's Republic of Korea,PRK,1996-07-26,1996-07-31,116.0,3270000.0,,,,Flood (General),2200000.0,2500.0,2026.0,,2667,match:2026.0,True,multiple_emdat_event_ids
EM-DAT,1996-0109-KOR,Republic of Korea,KOR,1996-07-26,1996-07-29,85.0,60365.0,,,,Flood (General),120000.0,150.0,2026.0,,2668,match:2026.0,True,multiple_emdat_event_ids
DFO,DFO-1088,India,IND,1996-07-10,1996-07-24,82.0,3000000.0,128967.0,,,Monsoonal rain,,1.0,2030.0,,2648,match:2030.0,True,incompatible_date_intervals;multiple_dfo_event_ids;multiple_emdat_event_ids
EM-DAT,1996-0496-IND,India,IND,1996-07-10,1996-07-24,82.0,3000000.0,,,,Riverine flood,85000.0,129000.0,2030.0,,2649,match:2030.0,True,incompatible_date_intervals;multiple_dfo_event_ids;multiple_emdat_event_ids
EM-DAT,1996-0183-IND,India,IND,1996-07-11,1996-07-11,21.0,10.0,,,,Flood (General),,,2030.0,,2650,match:2030.0,True,incompatible_date_intervals;multiple_dfo_event_ids;multiple_emdat_event_ids
DFO,DFO-1090,India,IND,1996-07-17,1996-08-10,74.0,4000000.0,171939.0,,,Heavy rain,,1.0,2030.0,,2654,match:2030.0,True,incompatible_date_intervals;multiple_dfo_event_ids;multiple_emdat_event_ids
EM-DAT,1996-0503-IND,India,IND,1996-07-17,1996-08-10,74.0,4000000.0,,,,Riverine flood,980.0,171900.0,2030.0,,2655,match:2030.0,True,incompatible_date_intervals;multiple_dfo_event_ids;multiple_emdat_event_ids
DFO,DFO-1072,Yemen,YEM,1996-05-14,1996-05-18,7.0,5000.0,19293.0,,,Heavy rain,,1.0,2036.0,,2616,match:2036.0,True,multiple_dfo_event_ids
DFO,DFO-1073,Yemen,YEM,1996-05-14,1996-05-18,0.0,0.0,190981.0,,,Heavy rain,,1.0,2036.0,,2617,match:2036.0,True,multiple_dfo_event_ids
EM-DAT,1996-0498-YEM,Yemen,YEM,1996-05-14,1996-05-18,7.0,5000.0,,,,Riverine flood,10000.0,19290.0,2036.0,,2618,match:2036.0,True,multiple_dfo_event_ids
DFO,DFO-1053,South Africa,ZAF,1996-02-06,1996-02-10,1.0,100.0,5036.0,,,Heavy rain,,1.0,2046.0,,2580,match:2046.0,True,multiple_dfo_event_ids
DFO,DFO-1057,South Africa,ZAF,1996-02-09,1996-02-19,66.0,3000.0,582349.0,,,Heavy rain,,2.0,2046.0,,2586,match:2046.0,True,multiple_dfo_event_ids
EM-DAT,1996-0027-ZAF,South Africa,ZAF,1996-02-09,1996-02-19,27.0,7030.0,,,,Riverine flood,6860.0,582300.0,2046.0,,2587,match:2046.0,True,multiple_dfo_event_ids
EM-DAT,2021-0846-PAK,Pakistan,PAK,2021-07-01,2021-09-30,194.0,,,,,Flood (General),10000.0,,205.0,,10543,match:205.0,True,incompatible_date_intervals;multiple_dfo_event_ids;multiple_emdat_event_ids
DFO,DFO-5099,Pakistan,PAK,2021-07-28,2021-07-29,2.0,0.0,5317.0,,,Torrential rain,,1.5,205.0,,10581,match:205.0,True,incompatible_date_intervals;multiple_dfo_event_ids;multiple_emdat_event_ids
EM-DAT,2021-0456-PAK,Pakistan,PAK,2021-07-28,2021-07-29,5.0,97.0,,,,Flash flood,,,205.0,,10583,match:205.0,True,incompatible_date_intervals;multiple_dfo_event_ids;multiple_emdat_event_ids
EM-DAT,2021-0596-PAK,Pakistan,PAK,2021-09-11,2021-09-13,19.0,4.0,,,,Flood (General),,,205.0,,10621,match:205.0,True,incompatible_date_intervals;multiple_dfo_event_ids;multiple_emdat_event_ids
DFO,DFO-5123,Pakistan,PAK,2021-09-19,2021-09-20,0.0,0.0,3874.0,,,Monsoonal Rain,,1.5,205.0,,10635,match:205.0,True,incompatible_date_intervals;multiple_dfo_event_ids;multiple_emdat_event_ids
EM-DAT,1995-0476-IDN,Indonesia,IDN,1995-12-28,1996-01-02,18.0,201472.0,,,,Riverine flood,50000.0,550.0,2052.0,,2558,match:2052.0,True,incompatible_date_intervals;multiple_emdat_event_ids
EM-DAT,1996-0495-IDN,Indonesia,IDN,1996-01-01,1996-01-01,6.0,252965.0,,,,Riverine flood,126900.0,,2052.0,,2561,match:2052.0,True,incompatible_date_intervals;multiple_emdat_event_ids
DFO,DFO-1042,Indonesia,IDN,1996-01-06,1996-01-09,10.0,28000.0,1174.0,,,Heavy rain,,1.0,2052.0,,2563,match:2052.0,True,incompatible_date_intervals;multiple_emdat_event_ids
DFO,DFO-1041,Brazil,BRA,1995-12-25,1996-01-08,100.0,30000.0,1407836.0,,,Heavy rain,,1.0,2054.0,,2554,match:2054.0,True,incompatible_date_intervals;multiple_emdat_event_ids
EM-DAT,1995-0301-BRA,Brazil,BRA,1995-12-25,1995-12-25,92.0,30000.0,,,,Riverine flood,3000.0,,2054.0,,2555,match:2054.0,True,incompatible_date_intervals;multiple_emdat_event_ids
EM-DAT,1996-0003-BRA,Brazil,BRA,1996-01-01,1996-01-04,15.0,7000.0,,,,Riverine flood,,,2054.0,,2559,match:2054.0,True,incompatible_date_intervals;multiple_emdat_event_ids
DFO,DFO-1035,Philippines,PHL,1995-12-10,1995-12-16,12.0,9000.0,6967.0,,,Torrential rain,,1.0,2055.0,,2542,match:2055.0,True,incompatible_date_intervals;multiple_dfo_event_ids;multiple_emdat_event_ids
EM-DAT,1995-0291-PHL,Philippines,PHL,1995-12-10,1995-12-10,12.0,4500.0,,,,Flood (General),,,2055.0,,2543,match:2055.0,True,incompatible_date_intervals;multiple_dfo_event_ids;multiple_emdat_event_ids
EM-DAT,1995-0290-PHL,Philippines,PHL,1995-12-11,1995-12-11,17.0,17500.0,,,,Flood (General),142.0,,2055.0,,2544,match:2055.0,True,incompatible_date_intervals;multiple_dfo_event_ids;multiple_emdat_event_ids
EM-DAT,1995-0304-PHL,Philippines,PHL,1995-12-22,1995-12-22,13.0,47700.0,,,,Riverine flood,500.0,,2055.0,,2548,match:2055.0,True,incompatible_date_intervals;multiple_dfo_event_ids;multiple_emdat_event_ids
DFO,DFO-1037,Philippines,PHL,1995-12-24,1995-12-27,18.0,6000.0,19778.0,,,Heavy rain,,1.0,2055.0,,2551,match:2055.0,True,incompatible_date_intervals;multiple_dfo_event_ids;multiple_emdat_event_ids
DFO,DFO-1038,Philippines,PHL,1995-12-24,1995-12-27,0.0,0.0,10939.0,,,Heavy rains,,1.0,2055.0,,2552,match:2055.0,True,incompatible_date_intervals;multiple_dfo_event_ids;multiple_emdat_event_ids
DFO,DFO-5120,Colombia,COL,2021-09-05,2021-09-26,0.0,6000.0,46072.0,,,Heavy rain,,1.0,206.0,,10618,match:206.0,True,multiple_emdat_event_ids
EM-DAT,2021-0638-COL,Colombia,COL,2021-09-15,2021-10-22,12.0,23717.0,,,,Flood (General),,,206.0,,10631,match:206.0,True,multiple_emdat_event_ids
EM-DAT,2021-0625-COL,Colombia,COL,2021-09-22,2021-09-29,,2000.0,,,,Riverine flood,,,206.0,,10637,match:206.0,True,multiple_emdat_event_ids
DFO,DFO-1000,United States of America,USA,1995-09-18,1995-10-16,0.0,300.0,50390.0,,,Heavy rain,,2.0,2061.0,,2488,match:2061.0,True,incompatible_date_intervals;multiple_dfo_event_ids
EM-DAT,1995-0483-USA,United States of America,USA,1995-09-18,1995-10-16,,300.0,,,,Riverine flood,10000.0,50390.0,2061.0,,2491,match:2061.0,True,incompatible_date_intervals;multiple_dfo_event_ids
DFO,DFO-1017,United States of America,USA,1995-10-04,1995-10-08,19.0,100000.0,203496.0,,,Tropical cyclone,,2.0,2061.0,,2515,match:2061.0,True,incompatible_date_intervals;multiple_dfo_event_ids
DFO,DFO-1025,United States of America,USA,1995-10-13,1995-10-28,0.0,600.0,34849.0,,,Heavy rain,,1.0,2061.0,,2525,match:2061.0,True,incompatible_date_intervals;multiple_dfo_event_ids
DFO,DFO-1003,Viet Nam,VNM,1995-09-21,1995-10-19,153.0,920000.0,122975.0,,,Heavy rain,,1.0,2063.0,,2495,match:2063.0,True,multiple_dfo_event_ids
EM-DAT,1995-0236-VNM,Viet Nam,VNM,1995-09-21,1995-10-19,253.0,400000.0,,,,Riverine flood,86000.0,123000.0,2063.0,,2496,match:2063.0,True,multiple_dfo_event_ids
DFO,DFO-1018,Viet Nam,VNM,1995-10-08,1995-11-15,253.0,212000.0,26966.0,,,Tropical cyclone,,1.0,2063.0,,2518,match:2063.0,True,multiple_dfo_event_ids
DFO,DFO-990,India,IND,1995-09-01,1995-09-20,600.0,2000000.0,762937.0,,,Monsoonal rain,,1.0,2066.0,,2472,match:2066.0,True,incompatible_date_intervals;multiple_dfo_event_ids;multiple_emdat_event_ids
EM-DAT,1995-0228-IND,India,IND,1995-09-01,1995-09-20,1479.0,32704000.0,,,,Riverine flood,258000.0,762900.0,2066.0,,2473,match:2066.0,True,incompatible_date_intervals;multiple_dfo_event_ids;multiple_emdat_event_ids
DFO,DFO-992,India,IND,1995-09-05,1995-09-08,35.0,0.0,6521.0,,,Monsoonal rain,,1.0,2066.0,,2479,match:2066.0,True,incompatible_date_intervals;multiple_dfo_event_ids;multiple_emdat_event_ids
EM-DAT,1995-0485-IND,India,IND,1995-09-05,1995-09-08,35.0,,,,,Riverine flood,252.0,6520.0,2066.0,,2481,match:2066.0,True,incompatible_date_intervals;multiple_dfo_event_ids;multiple_emdat_event_ids
DFO,DFO-1010,India,IND,1995-09-26,1995-10-02,144.0,510000.0,308073.0,,,Monsoonal rain,,1.0,2066.0,,2503,match:2066.0,True,incompatible_date_intervals;multiple_dfo_event_ids;multiple_emdat_event_ids
DFO,DFO-988,Philippines,PHL,1995-08-29,1995-09-06,3.0,45000.0,23531.0,,,Monsoonal rain,,1.0,2069.0,,2471,match:2069.0,True,multiple_dfo_event_ids
DFO,DFO-989,Philippines,PHL,1995-09-04,1995-09-15,180.0,50000.0,14894.0,,,Heavy rain,,1.0,2069.0,,2476,match:2069.0,True,multiple_dfo_event_ids
EM-DAT,1995-0209-PHL,Philippines,PHL,1995-09-04,1995-09-15,416.0,24485.0,,,,Flash flood,700300.0,10940.0,2069.0,,2478,match:2069.0,True,multiple_dfo_event_ids
EM-DAT,2021-0566-USA,United States of America,USA,2021-08-10,2021-08-16,3.0,,,,,Flood (General),225000.0,,207.0,,10593,match:207.0,True,incompatible_date_intervals;multiple_dfo_event_ids;multiple_emdat_event_ids
DFO,DFO-5117,United States of America,USA,2021-08-21,2021-08-23,22.0,0.0,31230.0,,,Torrential rain,,2.0,207.0,,10606,match:207.0,True,incompatible_date_intervals;multiple_dfo_event_ids;multiple_emdat_event_ids
EM-DAT,2021-0533-USA,United States of America,USA,2021-08-21,2021-08-22,22.0,89.0,,,,Flash flood,150000.0,,207.0,,10607,match:207.0,True,incompatible_date_intervals;multiple_dfo_event_ids;multiple_emdat_event_ids
DFO,DFO-5118,United States of America,USA,2021-08-29,2021-08-29,95.0,0.0,39063.0,,,,,1.5,207.0,,10611,match:207.0,True,incompatible_date_intervals;multiple_dfo_event_ids;multiple_emdat_event_ids
DFO,DFO-952,China,CHN,1995-05-15,1995-08-15,1530.0,7000000.0,1668230.0,,,Heavy rain,,2.0,2076.0,,2398,match:2076.0,True,incompatible_date_intervals;multiple_dfo_event_ids;multiple_emdat_event_ids
EM-DAT,1995-0139-CHN,China,CHN,1995-05-15,1995-08-15,1437.0,114470249.0,,,,Riverine flood,6720000.0,1668000.0,2076.0,,2400,match:2076.0,True,incompatible_date_intervals;multiple_dfo_event_ids;multiple_emdat_event_ids
DFO,DFO-969,China,CHN,1995-07-05,1995-07-19,65.0,25000.0,231371.0,,,Heavy rain,,2.0,2076.0,,2436,match:2076.0,True,incompatible_date_intervals;multiple_dfo_event_ids;multiple_emdat_event_ids
DFO,DFO-977,China,CHN,1995-07-25,1995-08-28,123.0,3000000.0,325415.0,,,Heavy rain,,2.0,2076.0,,2447,match:2076.0,True,incompatible_date_intervals;multiple_dfo_event_ids;multiple_emdat_event_ids
EM-DAT,1995-0255-CHN,China,CHN,1995-07-25,1995-07-25,61.0,11100162.0,,,,Riverine flood,,8900.0,2076.0,,2448,match:2076.0,True,incompatible_date_intervals;multiple_dfo_event_ids;multiple_emdat_event_ids
EM-DAT,1995-0490-CHN,China,CHN,1995-08-02,1995-08-02,120.0,1000000.0,,,,Coastal flood,,,2076.0,,2457,match:2076.0,True,incompatible_date_intervals;multiple_dfo_event_ids;multiple_emdat_event_ids
DFO,DFO-973,Pakistan,PAK,1995-07-19,1995-08-10,600.0,600000.0,672265.0,,,Monsoonal rain,,1.0,2077.0,,2443,match:2077.0,True,multiple_emdat_event_ids
EM-DAT,1995-0471-PAK,Pakistan,PAK,1995-07-19,1995-08-10,600.0,600000.0,,,,Riverine flood,,,2077.0,,2444,match:2077.0,True,multiple_emdat_event_ids
EM-DAT,1995-0156-PAK,Pakistan,PAK,1995-07-22,1995-07-29,451.0,1255000.0,,,,Flash flood,,1450.0,2077.0,,2445,match:2077.0,True,multiple_emdat_event_ids
DFO,DFO-960,Azerbaijan,AZE,1995-06-15,1995-06-25,0.0,1500000.0,80964.0,,,Heavy rain,,1.0,2085.0,,2414,match:2085.0,True,multiple_emdat_event_ids
EM-DAT,1995-0099-AZE,Azerbaijan,AZE,1995-06-15,1995-06-25,,1650000.0,,,,Riverine flood,6700.0,80960.0,2085.0,,2415,match:2085.0,True,multiple_emdat_event_ids
EM-DAT,1995-0170-AZE,Azerbaijan,AZE,1995-06-21,1995-06-21,,2800.0,,,,Coastal flood,5500.0,11.0,2085.0,,2423,match:2085.0,True,multiple_emdat_event_ids
EM-DAT,1995-0109-TZA,United Republic of Tanzania,TZA,1995-05-26,1995-05-26,3.0,20000.0,,,,Riverine flood,,,2088.0,,2404,match:2088.0,True,incompatible_date_intervals
DFO,DFO-955,United Republic of Tanzania,TZA,1995-05-27,1995-06-01,4.0,20000.0,5077.0,,,Heavy rain,,1.0,2088.0,,2405,match:2088.0,True,incompatible_date_intervals
EM-DAT,1995-0101-BGD,Bangladesh,BGD,1995-05-15,1995-05-15,50.0,461325.0,,,,Coastal flood,,44.0,2089.0,,2399,match:2089.0,True,incompatible_date_intervals;multiple_emdat_event_ids
DFO,DFO-953,Bangladesh,BGD,1995-05-17,1995-05-24,41.0,351000.0,61218.0,,,Heavy rain,,1.0,2089.0,,2401,match:2089.0,True,incompatible_date_intervals;multiple_emdat_event_ids
EM-DAT,1995-0487-BGD,Bangladesh,BGD,1995-05-17,1995-05-24,41.0,351000.0,,,,Riverine flood,300.0,61220.0,2089.0,,2402,match:2089.0,True,incompatible_date_intervals;multiple_emdat_event_ids
DFO,DFO-948,United States of America,USA,1995-05-07,1995-05-13,6.0,20000.0,19345.0,,,Heavy rain,,1.0,2090.0,,2389,match:2090.0,True,incompatible_date_intervals;multiple_dfo_event_ids;multiple_emdat_event_ids
EM-DAT,1995-0045-USA,United States of America,USA,1995-05-07,1995-05-13,6.0,20000.0,,,,Riverine flood,3000000.0,19340.0,2090.0,,2391,match:2090.0,True,incompatible_date_intervals;multiple_dfo_event_ids;multiple_emdat_event_ids
EM-DAT,1995-0046-USA,United States of America,USA,1995-05-08,1995-05-08,,75000.0,,,,Flood (General),,,2090.0,,2394,match:2090.0,True,incompatible_date_intervals;multiple_dfo_event_ids;multiple_emdat_event_ids
DFO,DFO-950,United States of America,USA,1995-05-10,1995-06-01,3.0,5000.0,472142.0,,,Heavy rain,,1.0,2090.0,,2396,match:2090.0,True,incompatible_date_intervals;multiple_dfo_event_ids;multiple_emdat_event_ids
EM-DAT,1995-0488-USA,United States of America,USA,1995-05-10,1995-06-01,3.0,5000.0,,,,Riverine flood,10000.0,472100.0,2090.0,,2397,match:2090.0,True,incompatible_date_intervals;multiple_dfo_event_ids;multiple_emdat_event_ids
DFO,DFO-949,Indonesia,IDN,1995-05-01,1995-05-13,55.0,17500.0,46605.0,,,Heavy rain,,1.0,2092.0,,2386,match:2092.0,True,incompatible_date_intervals;multiple_emdat_event_ids
EM-DAT,1995-0071-IDN,Indonesia,IDN,1995-05-01,1995-05-01,45.0,17500.0,,,,Riverine flood,,,2092.0,,2387,match:2092.0,True,incompatible_date_intervals;multiple_emdat_event_ids
EM-DAT,1995-0079-IDN,Indonesia,IDN,1995-05-07,1995-05-07,27.0,2200.0,,,,Flash flood,,10.0,2092.0,,2392,match:2092.0,True,incompatible_date_intervals;multiple_emdat_event_ids
EM-DAT,1995-0035-BWA,Botswana,BWA,1995-02-19,1995-02-19,20.0,5500.0,,,,Flash flood,,,2097.0,,2366,match:2097.0,True,incompatible_date_intervals
DFO,DFO-937,Botswana,BWA,1995-02-23,1995-03-02,20.0,2000.0,31144.0,,,Heavy rain,,1.0,2097.0,,2367,match:2097.0,True,incompatible_date_intervals
DFO,DFO-931,Argentina,ARG,1995-01-15,1995-01-20,7.0,1000.0,155950.0,,,Heavy rain,,1.0,2100.0,,2357,match:2100.0,True,incompatible_date_intervals
EM-DAT,1995-0005-ARG,Argentina,ARG,1995-01-21,1995-01-21,,1000.0,,,,Flash flood,,,2100.0,,2359,match:2100.0,True,incompatible_date_intervals
EM-DAT,1995-0010-MWI,Malawi,MWI,1995-01-01,1995-01-01,1.0,1000.0,,,,Flood (General),,,2102.0,,2351,match:2102.0,True,incompatible_date_intervals
DFO,DFO-928,Malawi,MWI,1995-01-07,1995-01-09,1.0,0.0,23461.0,,,Heavy rain,,1.0,2102.0,,2353,match:2102.0,True,incompatible_date_intervals
DFO,DFO-903,Algeria,DZA,1994-09-21,1994-09-26,32.0,1200.0,108181.0,,,Heavy rain,,1.0,2111.0,,2297,match:2111.0,True,incompatible_date_intervals;multiple_emdat_event_ids
EM-DAT,1994-0347-DZA,Algeria,DZA,1994-09-21,1994-09-26,32.0,1200.0,,,,Riverine flood,,,2111.0,,2298,match:2111.0,True,incompatible_date_intervals;multiple_emdat_event_ids
EM-DAT,1994-0503-DZA,Algeria,DZA,1994-10-01,1994-10-01,8.0,30000.0,,,,Flood (General),,,2111.0,,2304,match:2111.0,True,incompatible_date_intervals;multiple_emdat_event_ids
DFO,DFO-897,Thailand,THA,1994-09-03,1994-12-18,407.0,2000000.0,65261.0,,,Heavy rain,,2.0,2115.0,,2286,match:2115.0,True,incompatible_date_intervals;multiple_emdat_event_ids
EM-DAT,1994-0308-THA,Thailand,THA,1994-09-25,1994-09-25,31.0,,,,,Coastal flood,,,2115.0,,2299,match:2115.0,True,incompatible_date_intervals;multiple_emdat_event_ids
EM-DAT,1994-0657-THA,Thailand,THA,1994-10-21,1994-10-21,11.0,112257.0,,,,Flood (General),30000.0,667.0,2115.0,,2316,match:2115.0,True,incompatible_date_intervals;multiple_emdat_event_ids
EM-DAT,1994-0068-IND,India,IND,1994-05-01,1994-10-01,2001.0,12060050.0,,,,Flood (General),175000.0,,2116.0,,2202,match:2116.0,True,incompatible_date_intervals;multiple_dfo_event_ids;multiple_emdat_event_ids
DFO,DFO-855,India,IND,1994-07-01,1994-07-24,617.0,800000.0,1981837.0,,,Monsoonal rain,,1.0,2116.0,,2222,match:2116.0,True,incompatible_date_intervals;multiple_dfo_event_ids;multiple_emdat_event_ids
DFO,DFO-858,India,IND,1994-07-03,1994-07-12,60.0,0.0,52339.0,,,Monsoonal rain,,1.0,2116.0,,2227,match:2116.0,True,incompatible_date_intervals;multiple_dfo_event_ids;multiple_emdat_event_ids
DFO,DFO-879,India,IND,1994-08-04,1994-08-11,53.0,3000.0,292131.0,,,Monsoonal Rain,,1.0,2116.0,,2257,match:2116.0,True,incompatible_date_intervals;multiple_dfo_event_ids;multiple_emdat_event_ids
DFO,DFO-880,India,IND,1994-08-08,1994-08-10,11.0,0.0,16796.0,,,Torrential rain,,1.0,2116.0,,2263,match:2116.0,True,incompatible_date_intervals;multiple_dfo_event_ids;multiple_emdat_event_ids
EM-DAT,1994-0763-IND,India,IND,1994-08-17,1994-08-17,14.0,2550.0,,,,Riverine flood,,,2116.0,,2269,match:2116.0,True,incompatible_date_intervals;multiple_dfo_event_ids;multiple_emdat_event_ids
DFO,DFO-887,India,IND,1994-08-20,1994-08-23,9.0,0.0,14450.0,,,Torrential rain,,1.0,2116.0,,2272,match:2116.0,True,incompatible_date_intervals;multiple_dfo_event_ids;multiple_emdat_event_ids
DFO,DFO-892,India,IND,1994-08-26,1994-09-02,26.0,0.0,44159.0,,,Monsoonal Rain,,1.0,2116.0,,2279,match:2116.0,True,incompatible_date_intervals;multiple_dfo_event_ids;multiple_emdat_event_ids
DFO,DFO-894,India,IND,1994-08-31,1994-09-05,20.0,0.0,5275.0,,,Monsoonal Rain,,1.0,2116.0,,2282,match:2116.0,True,incompatible_date_intervals;multiple_dfo_event_ids;multiple_emdat_event_ids
DFO,DFO-895,India,IND,1994-09-02,1994-09-07,0.0,0.0,154649.0,,,Monsoonal Rain,,1.0,2116.0,,2284,match:2116.0,True,incompatible_date_intervals;multiple_dfo_event_ids;multiple_emdat_event_ids
DFO,DFO-885,Ethiopia,ETH,1994-08-15,1994-08-18,18.0,0.0,21306.0,,,Heavy rain,,1.0,2117.0,,2267,match:2117.0,True,incompatible_date_intervals;multiple_dfo_event_ids
EM-DAT,1994-0194-ETH,Ethiopia,ETH,1994-08-15,1994-08-18,4.0,43014.0,,,,Riverine flood,3500.0,,2117.0,,2268,match:2117.0,True,incompatible_date_intervals;multiple_dfo_event_ids
DFO,DFO-890,Ethiopia,ETH,1994-08-25,1994-08-31,87.0,6000.0,163207.0,,,Heavy rain,,1.0,2117.0,,2277,match:2117.0,True,incompatible_date_intervals;multiple_dfo_event_ids
DFO,DFO-859,Pakistan,PAK,1994-07-04,1994-07-08,12.0,0.0,21186.0,,,Heavy rain,,1.0,2119.0,,2228,match:2119.0,True,incompatible_date_intervals;multiple_dfo_event_ids
DFO,DFO-863,Pakistan,PAK,1994-07-11,1994-09-16,333.0,30000.0,343252.0,,,Monsoonal rain,,1.0,2119.0,,2234,match:2119.0,True,incompatible_date_intervals;multiple_dfo_event_ids
EM-DAT,1994-0075-PAK,Pakistan,PAK,1994-07-11,1994-09-16,316.0,840016.0,,,,Riverine flood,92000.0,,2119.0,,2236,match:2119.0,True,incompatible_date_intervals;multiple_dfo_event_ids
DFO,DFO-883,Pakistan,PAK,1994-08-09,1994-08-15,26.0,40000.0,318188.0,,,Monsoonal Rain,,1.0,2119.0,,2265,match:2119.0,True,incompatible_date_intervals;multiple_dfo_event_ids
DFO,DFO-888,Pakistan,PAK,1994-08-22,1994-08-27,24.0,0.0,17317.0,,,Torrential rain,,1.0,2119.0,,2274,match:2119.0,True,incompatible_date_intervals;multiple_dfo_event_ids
DFO,DFO-861,Philippines,PHL,1994-07-10,1994-07-16,0.0,0.0,37087.0,,,Tropical cyclone,,1.0,2120.0,,2232,match:2120.0,True,incompatible_date_intervals;multiple_dfo_event_ids
DFO,DFO-864,Philippines,PHL,1994-07-15,1994-07-20,8.0,114674.0,12359.0,,,Tropical cyclone,,1.0,2120.0,,2239,match:2120.0,True,incompatible_date_intervals;multiple_dfo_event_ids
DFO,DFO-868,Philippines,PHL,1994-07-22,1994-08-02,2.0,18000.0,25395.0,,,Monsoonal Rain,,1.0,2120.0,,2242,match:2120.0,True,incompatible_date_intervals;multiple_dfo_event_ids
EM-DAT,1994-0778-PHL,Philippines,PHL,1994-07-22,1994-08-02,2.0,18000.0,,,,Riverine flood,1600.0,25390.0,2120.0,,2244,match:2120.0,True,incompatible_date_intervals;multiple_dfo_event_ids
DFO,DFO-869,Philippines,PHL,1994-07-23,1994-08-03,37.0,264837.0,22004.0,,,Tropical cyclone,,1.0,2120.0,,2246,match:2120.0,True,incompatible_date_intervals;multiple_dfo_event_ids
DFO,DFO-873,Philippines,PHL,1994-08-06,1994-08-10,0.0,0.0,18142.0,,,Tropical cyclone,,1.0,2120.0,,2260,match:2120.0,True,incompatible_date_intervals;multiple_dfo_event_ids
DFO,DFO-862,China,CHN,1994-07-11,1994-07-18,41.0,0.0,183807.0,,,Heavy rain,,1.0,2121.0,,2233,match:2121.0,True,incompatible_date_intervals;multiple_dfo_event_ids;multiple_emdat_event_ids
EM-DAT,1994-0066-CHN,China,CHN,1994-07-11,1994-07-29,258.0,30547665.0,,,,Riverine flood,1810000.0,1015000.0,2121.0,,2235,match:2121.0,True,incompatible_date_intervals;multiple_dfo_event_ids;multiple_emdat_event_ids
EM-DAT,1994-0780-CHN,China,CHN,1994-07-11,1994-07-18,41.0,17000.0,,,,Riverine flood,95000.0,183800.0,2121.0,,2237,match:2121.0,True,incompatible_date_intervals;multiple_dfo_event_ids;multiple_emdat_event_ids
DFO,DFO-866,China,CHN,1994-07-22,1994-07-27,10.0,2000.0,2987.0,,,Heavy rain,,2.0,2121.0,,2241,match:2121.0,True,incompatible_date_intervals;multiple_dfo_event_ids;multiple_emdat_event_ids
DFO,DFO-867,China,CHN,1994-07-23,1994-08-13,128.0,2000000.0,1066165.0,,,Heavy rain,,2.0,2121.0,,2245,match:2121.0,True,incompatible_date_intervals;multiple_dfo_event_ids;multiple_emdat_event_ids
EM-DAT,1994-0779-CHN,China,CHN,1994-07-23,1994-08-13,128.0,2000000.0,,,,Riverine flood,1000.0,1330000.0,2121.0,,2247,match:2121.0,True,incompatible_date_intervals;multiple_dfo_event_ids;multiple_emdat_event_ids
DFO,DFO-878,China,CHN,1994-08-06,1994-08-10,14.0,0.0,3850.0,,,Tropical cyclone,,1.0,2121.0,,2261,match:2121.0,True,incompatible_date_intervals;multiple_dfo_event_ids;multiple_emdat_event_ids
EM-DAT,1994-0632-ZAF,South Africa,ZAF,1994-06-19,1994-06-19,,11000.0,,,,Flood (General),,,2125.0,,2216,match:2125.0,True,incompatible_date_intervals
DFO,DFO-854,South Africa,ZAF,1994-06-24,1994-06-28,2.0,3000.0,11393.0,,,Heavy rain,,2.0,2125.0,,2219,match:2125.0,True,incompatible_date_intervals
DFO,DFO-851,China,CHN,1994-06-09,1994-06-29,719.0,0.0,1015420.0,,,Heavy rain,,2.0,2126.0,,2213,match:2126.0,True,incompatible_date_intervals;multiple_emdat_event_ids
EM-DAT,1994-0065-CHN,China,CHN,1994-06-09,1994-06-25,1001.0,78974400.0,,,,Riverine flood,5460000.0,,2126.0,,2214,match:2126.0,True,incompatible_date_intervals;multiple_emdat_event_ids
EM-DAT,1994-0785-CHN,China,CHN,1994-06-30,1994-06-30,41.0,320.0,,,,Riverine flood,12100.0,,2126.0,,2221,match:2126.0,True,incompatible_date_intervals;multiple_emdat_event_ids
DFO,DFO-844,China,CHN,1994-05-01,1994-05-03,95.0,0.0,165722.0,,,Heavy rain,,1.0,2128.0,,2200,match:2128.0,True,multiple_dfo_event_ids
DFO,DFO-845,China,CHN,1994-05-01,1994-05-09,70.0,2000.0,121675.0,,,Heavy rain,,2.0,2128.0,,2201,match:2128.0,True,multiple_dfo_event_ids
EM-DAT,1994-0789-CHN,China,CHN,1994-05-01,1994-05-03,95.0,,,,,Riverine flood,161000.0,165700.0,2128.0,,2203,match:2128.0,True,multiple_dfo_event_ids
EM-DAT,1994-0099-RUS,Russian Federation,RUS,1994-04-01,1994-04-01,,10000.0,,,,Riverine flood,,,2130.0,,2192,match:2130.0,True,incompatible_date_intervals
DFO,DFO-840,Russian Federation,RUS,1994-04-06,1994-04-14,13.0,2795.0,463435.0,,,Snowmelt,,1.0,2130.0,,2193,match:2130.0,True,incompatible_date_intervals
DFO,DFO-833,Indonesia,IDN,1994-03-12,1994-03-16,5.0,50000.0,1823.0,,,Heavy rain,,1.0,2131.0,,2181,match:2131.0,True,incompatible_date_intervals;multiple_dfo_event_ids
DFO,DFO-835,Indonesia,IDN,1994-03-23,1994-03-26,12.0,83125.0,36275.0,,,Heavy rain,,1.0,2131.0,,2186,match:2131.0,True,incompatible_date_intervals;multiple_dfo_event_ids
EM-DAT,1994-0626-IDN,Indonesia,IDN,1994-03-23,1994-03-26,33.0,187131.0,,,,Riverine flood,18145.0,36280.0,2131.0,,2187,match:2131.0,True,incompatible_date_intervals;multiple_dfo_event_ids
DFO,DFO-828,Peru,PER,1994-01-31,1994-02-20,63.0,12000.0,609261.0,,,Heavy rain,,1.0,2134.0,,2172,match:2134.0,True,incompatible_date_intervals;multiple_dfo_event_ids;multiple_emdat_event_ids
EM-DAT,1994-0301-PER,Peru,PER,1994-02-01,1994-02-01,33.0,30.0,,,,Riverine flood,,,2134.0,,2174,match:2134.0,True,incompatible_date_intervals;multiple_dfo_event_ids;multiple_emdat_event_ids
EM-DAT,1994-0017-PER,Peru,PER,1994-02-21,1994-02-25,52.0,101100.0,,,,Flood (General),50000.0,299.0,2134.0,,2176,match:2134.0,True,incompatible_date_intervals;multiple_dfo_event_ids;multiple_emdat_event_ids
DFO,DFO-831,Peru,PER,1994-02-27,1994-03-06,17.0,120000.0,27660.0,,,Heavy rain,,2.0,2134.0,,2178,match:2134.0,True,incompatible_date_intervals;multiple_dfo_event_ids;multiple_emdat_event_ids
DFO,DFO-822,Indonesia,IDN,1994-01-12,1994-01-22,10.0,50700.0,10208.0,,,Heavy rain,,1.0,2136.0,,2165,match:2136.0,True,incompatible_date_intervals;multiple_dfo_event_ids
EM-DAT,1994-0012-IDN,Indonesia,IDN,1994-01-12,1994-01-22,4.0,30000.0,,,,Riverine flood,1900.0,,2136.0,,2166,match:2136.0,True,incompatible_date_intervals;multiple_dfo_event_ids
DFO,DFO-825,Indonesia,IDN,1994-01-28,1994-01-31,2.0,0.0,59037.0,,,Heavy rain,,1.0,2136.0,,2169,match:2136.0,True,incompatible_date_intervals;multiple_dfo_event_ids
EM-DAT,1993-0237-GBR,United Kingdom of Great Britain and Northern Ireland,GBR,1993-12-26,1993-12-31,4.0,,,,,Riverine flood,150000.0,,2138.0,,2151,match:2138.0,True,incompatible_date_intervals;multiple_emdat_event_ids
DFO,DFO-819,United Kingdom of Great Britain and Northern Ireland,GBR,1993-12-30,1993-12-31,0.0,300.0,5379.0,,,Heavy rain,,1.0,2138.0,,2155,match:2138.0,True,incompatible_date_intervals;multiple_emdat_event_ids
EM-DAT,1994-0048-GBR,United Kingdom of Great Britain and Northern Ireland,GBR,1994-01-07,1994-01-12,3.0,,,,,Riverine flood,90000.0,,2138.0,,2162,match:2138.0,True,incompatible_date_intervals;multiple_emdat_event_ids
EM-DAT,2021-0451-MMR,Myanmar,MMR,2021-07-21,2021-07-29,,125000.0,,,,Flood (General),,126118.62,214.0,,10566,match:214.0,True,multiple_dfo_event_ids;multiple_emdat_event_ids
DFO,DFO-5100,Myanmar • Bangladesh,,2021-07-25,2021-07-29,0.0,48500.0,126119.0,,,Monsoonal Rain,,1.5,214.0,transboundary (2 countries),10576,match:214.0,True,multiple_dfo_event_ids;multiple_emdat_event_ids
DFO,DFO-5106,Bangladesh,BGD,2021-07-27,2021-07-30,8.0,0.0,6304.0,,,Monsoonal Rain,,1.5,214.0,,10578,match:214.0,True,multiple_dfo_event_ids;multiple_emdat_event_ids
EM-DAT,2021-0455-BGD,Bangladesh,BGD,2021-07-27,2021-08-03,21.0,268744.0,,,,Flood (General),,,214.0,,10579,match:214.0,True,multiple_dfo_event_ids;multiple_emdat_event_ids
EM-DAT,1993-0237-DEU,Germany,DEU,1993-12-20,1994-01-01,5.0,100000.0,,,,Riverine flood,600000.0,,2141.0,,2142,match:2141.0,True,incompatible_date_intervals;multiple_emdat_event_ids
EM-DAT,1993-0237-FRA,France,FRA,1993-12-20,1993-12-31,4.0,,,,,Riverine flood,600000.0,,2141.0,,2143,match:2141.0,True,incompatible_date_intervals;multiple_emdat_event_ids
DFO,DFO-812,France • Germany,,1993-12-21,1993-12-31,11.0,48000.0,261149.0,,,Torrential rain,,2.0,2141.0,transboundary (2 countries),2145,match:2141.0,True,incompatible_date_intervals;multiple_emdat_event_ids
EM-DAT,1994-0048-FRA,France,FRA,1994-01-06,1994-01-12,10.0,210.0,,,,Riverine flood,5000.0,70.0,2141.0,,2160,match:2141.0,True,incompatible_date_intervals;multiple_emdat_event_ids
EM-DAT,1994-0048-DEU,Germany,DEU,1994-01-07,1994-01-12,,,,,,Riverine flood,200000.0,,2141.0,,2161,match:2141.0,True,incompatible_date_intervals;multiple_emdat_event_ids
DFO,DFO-809,Sri Lanka,LKA,1993-12-15,1993-12-27,0.0,500000.0,24713.0,,,Heavy rain,,2.0,2143.0,,2135,match:2143.0,True,incompatible_date_intervals;multiple_emdat_event_ids
EM-DAT,1993-0229-LKA,Sri Lanka,LKA,1993-12-15,1993-12-27,,150000.0,,,,Riverine flood,,24700.0,2143.0,,2136,match:2143.0,True,incompatible_date_intervals;multiple_emdat_event_ids
EM-DAT,1994-0300-LKA,Sri Lanka,LKA,1994-01-01,1994-01-01,,150000.0,,,,Flood (General),,,2143.0,,2157,match:2143.0,True,incompatible_date_intervals;multiple_emdat_event_ids
DFO,DFO-803,Philippines,PHL,1993-11-29,1993-12-01,27.0,0.0,359.0,,,Heavy rain,,1.0,2144.0,,2126,match:2144.0,True,incompatible_date_intervals;multiple_dfo_event_ids
EM-DAT,1993-0221-PHL,Philippines,PHL,1993-11-29,1993-12-01,25.0,4.0,,,,Riverine flood,,360.0,2144.0,,2127,match:2144.0,True,incompatible_date_intervals;multiple_dfo_event_ids
DFO,DFO-805,Philippines • Viet Nam,,1993-12-05,1993-12-13,353.0,598000.0,46913.0,,,Tropical cyclone,,1.0,2144.0,transboundary (2 countries),2131,match:2144.0,True,incompatible_date_intervals;multiple_dfo_event_ids
DFO,DFO-802,Thailand,THA,1993-11-27,1993-12-02,11.0,0.0,56412.0,,,Torrential rain,,1.0,2145.0,,2123,match:2145.0,True,multiple_emdat_event_ids
EM-DAT,1993-0222-THA,Thailand,THA,1993-11-27,1993-12-02,23.0,393809.0,,,,Flash flood,1261000.0,56410.0,2145.0,,2124,match:2145.0,True,multiple_emdat_event_ids
EM-DAT,1993-0484-THA,Thailand,THA,1993-12-01,1993-12-01,14.0,192674.0,,,,Flood (General),400100.0,,2145.0,,2128,match:2145.0,True,multiple_emdat_event_ids
EM-DAT,2021-0442-USA,United States of America,USA,2021-07-16,2021-07-21,8.0,,,,,Flood (General),50000.0,,215.0,,10561,match:215.0,True,incompatible_date_intervals;multiple_emdat_event_ids
DFO,DFO-5102,United States of America,USA,2021-07-22,2021-07-28,4.0,0.0,281607.0,,,Torrential rain,,2.0,215.0,,10569,match:215.0,True,incompatible_date_intervals;multiple_emdat_event_ids
EM-DAT,2021-0488-USA,United States of America,USA,2021-07-22,2021-07-28,9.0,,,,,Flash flood,300000.0,,215.0,,10575,match:215.0,True,incompatible_date_intervals;multiple_emdat_event_ids
EM-DAT,2021-0562-USA,United States of America,USA,2021-07-30,2021-08-02,1.0,600.0,,,,Flash flood,25000.0,,215.0,,10585,match:215.0,True,incompatible_date_intervals;multiple_emdat_event_ids
EM-DAT,1993-0075-MEX,Mexico,MEX,1993-09-16,1993-09-22,45.0,231290.0,,,,Flash flood,,8000.0,2154.0,,2089,match:2154.0,True,incompatible_date_intervals
DFO,DFO-784,Mexico,MEX,1993-09-28,1993-09-29,0.0,100000.0,13916.0,,,Heavy rain,,1.0,2154.0,,2093,match:2154.0,True,incompatible_date_intervals
DFO,DFO-783,China,CHN,1993-09-27,1993-09-28,0.0,1200.0,280.0,,,Torrential rain,,2.0,2155.0,,2092,match:2155.0,True,incompatible_date_intervals
EM-DAT,1993-0251-CHN,China,CHN,1993-10-03,1993-10-03,59.0,,,,,Coastal flood,,,2155.0,,2099,match:2155.0,True,incompatible_date_intervals
DFO,DFO-754,United States of America,USA,1993-06-24,1993-08-23,48.0,31000.0,444971.0,,,Heavy rain,,2.0,2157.0,,2044,match:2157.0,True,multiple_dfo_event_ids
EM-DAT,1993-0043-USA,United States of America,USA,1993-06-24,1993-08-23,48.0,31000.0,,,,Riverine flood,12000000.0,445000.0,2157.0,,2045,match:2157.0,True,multiple_dfo_event_ids
DFO,DFO-772,United States of America,USA,1993-08-21,1993-08-22,0.0,0.0,579.0,,,Heavy rain,,2.0,2157.0,,2073,match:2157.0,True,multiple_dfo_event_ids
DFO,DFO-770,Philippines,PHL,1993-08-19,1993-08-22,5.0,10000.0,7161.0,,,Heavy rain,,1.0,2158.0,,2071,match:2158.0,True,incompatible_date_intervals
EM-DAT,1993-0054-PHL,Philippines,PHL,1993-08-26,1993-08-26,5.0,258080.0,,,,Flood (General),2600.0,,2158.0,,2078,match:2158.0,True,incompatible_date_intervals
DFO,DFO-759,China,CHN,1993-07-03,1993-07-31,367.0,1003000.0,118962.0,,,Heavy rain,,1.0,2159.0,,2050,match:2159.0,True,incompatible_date_intervals;multiple_dfo_event_ids
DFO,DFO-761,China,CHN,1993-07-26,1993-08-15,72.0,200000.0,56896.0,,,Heavy rain,,2.0,2159.0,,2060,match:2159.0,True,incompatible_date_intervals;multiple_dfo_event_ids
DFO,DFO-762,China,CHN,1993-07-27,1993-08-01,41.0,7000.0,9597.0,,,Heavy rain,,1.0,2159.0,,2061,match:2159.0,True,incompatible_date_intervals;multiple_dfo_event_ids
EM-DAT,1993-0179-CHN,China,CHN,1993-07-27,1993-08-01,41.0,7400.0,,,,Riverine flood,27000.0,9500.0,2159.0,,2062,match:2159.0,True,incompatible_date_intervals;multiple_dfo_event_ids
DFO,DFO-767,China,CHN,1993-08-04,1993-08-23,101.0,2577000.0,112506.0,,,Torrential rain,,1.0,2159.0,,2067,match:2159.0,True,incompatible_date_intervals;multiple_dfo_event_ids
DFO,DFO-765,Belarus • Ukraine,,1993-07-25,1993-08-12,6.0,42000.0,85364.0,,,Heavy rain,,1.0,2160.0,transboundary (2 countries),2057,match:2160.0,True,multiple_emdat_event_ids
EM-DAT,1993-0047-BLR,Belarus,BLR,1993-07-25,1993-08-12,,40000.0,,,,Riverine flood,100000.0,2300.0,2160.0,,2058,match:2160.0,True,multiple_emdat_event_ids
EM-DAT,1993-0058-UKR,Ukraine,UKR,1993-07-25,1993-08-12,4.0,300000.0,,,,Riverine flood,80000.0,3050.0,2160.0,,2059,match:2160.0,True,multiple_emdat_event_ids
EM-DAT,1993-0570-IND,India,IND,1993-07-01,1993-07-01,175.0,,,,,Riverine flood,,,2161.0,,2049,match:2161.0,True,incompatible_date_intervals;multiple_emdat_event_ids
DFO,DFO-757,India • Nepal,,1993-07-08,1993-08-13,3083.0,9370926.0,531507.0,,,Monsoonal rain,,2.0,2161.0,transboundary (2 countries),2055,match:2161.0,True,incompatible_date_intervals;multiple_emdat_event_ids
EM-DAT,1993-0042-IND,India,IND,1993-07-08,1993-07-31,827.0,128000000.0,,,,Flood (General),7000000.0,80937.0,2161.0,,2056,match:2161.0,True,incompatible_date_intervals;multiple_emdat_event_ids
DFO,DFO-750,Russian Federation,RUS,1993-06-13,1993-06-17,15.0,3000.0,23269.0,,,Heavy rain,,1.0,2162.0,,2039,match:2162.0,True,multiple_dfo_event_ids
EM-DAT,1993-0039-RUS,Russian Federation,RUS,1993-06-13,1993-06-17,125.0,6953.0,,,,Riverine flood,34000.0,23270.0,2162.0,,2040,match:2162.0,True,multiple_dfo_event_ids
DFO,DFO-753,Russian Federation,RUS,1993-06-15,1993-06-30,0.0,0.0,3547.0,,,Snowmelt,,1.0,2162.0,,2042,match:2162.0,True,multiple_dfo_event_ids
DFO,DFO-737,Chile,CHL,1993-05-03,1993-05-03,21.0,1225.0,1262.0,,,Heavy rain,,1.0,2170.0,,2015,match:2170.0,True,incompatible_date_intervals
EM-DAT,1993-0010-CHL,Chile,CHL,1993-05-05,1993-05-05,109.0,3276.0,,,,Riverine flood,34000.0,,2170.0,,2016,match:2170.0,True,incompatible_date_intervals
DFO,DFO-732,United States of America,USA,1993-02-23,1993-03-06,1.0,1600.0,7407.0,,,Heavy rain,,1.0,2172.0,,2000,match:2172.0,True,incompatible_date_intervals;multiple_dfo_event_ids;multiple_emdat_event_ids
EM-DAT,1993-0123-USA,United States of America,USA,1993-02-28,1993-02-28,,5200.0,,,,Flood (General),190000.0,,2172.0,,2001,match:2172.0,True,incompatible_date_intervals;multiple_dfo_event_ids;multiple_emdat_event_ids
DFO,DFO-733,United States of America,USA,1993-03-07,1993-03-12,2.0,1500.0,25231.0,,,Snowmelt,,1.0,2172.0,,2002,match:2172.0,True,incompatible_date_intervals;multiple_dfo_event_ids;multiple_emdat_event_ids
EM-DAT,1993-0126-USA,United States of America,USA,1993-03-07,1993-03-12,2.0,1500.0,,,,Riverine flood,,25230.0,2172.0,,2003,match:2172.0,True,incompatible_date_intervals;multiple_dfo_event_ids;multiple_emdat_event_ids
EM-DAT,1993-0585-IRN,Iran (Islamic Republic of),IRN,1993-02-01,1993-02-08,370.0,2000.0,,,,Flood (General),209000.0,,2175.0,,1992,match:2175.0,True,multiple_emdat_event_ids
DFO,DFO-727,Iran (Islamic Republic of),IRN,1993-02-03,1993-02-22,500.0,300000.0,625232.0,,,Heavy rain,,1.0,2175.0,,1994,match:2175.0,True,multiple_emdat_event_ids
EM-DAT,1993-0004-IRN,Iran (Islamic Republic of),IRN,1993-02-03,1993-02-22,407.0,484728.0,,,,Riverine flood,1000000.0,625200.0,2175.0,,1995,match:2175.0,True,multiple_emdat_event_ids
DFO,DFO-724,Mexico • United States of America,,1993-01-06,1993-01-20,36.0,11215.0,24074.0,,,Heavy rain,,1.0,2178.0,transboundary (2 countries),1979,match:2178.0,True,multiple_dfo_event_ids;multiple_emdat_event_ids
EM-DAT,1993-0009-MEX,Mexico,MEX,1993-01-06,1993-01-20,20.0,30000.0,,,,Riverine flood,95400.0,,2178.0,,1980,match:2178.0,True,multiple_dfo_event_ids;multiple_emdat_event_ids
EM-DAT,1993-0420-USA,United States of America,USA,1993-01-06,1993-01-20,43.0,6000.0,,,,Riverine flood,100000.0,,2178.0,,1981,match:2178.0,True,multiple_dfo_event_ids;multiple_emdat_event_ids
DFO,DFO-726,United States of America,USA,1993-01-20,1993-01-21,0.0,200.0,42375.0,,,Torrential rain,,2.0,2178.0,,1985,match:2178.0,True,multiple_dfo_event_ids;multiple_emdat_event_ids
EM-DAT,1993-0099-USA,United States of America,USA,1993-01-20,1993-01-20,5.0,,,,,Flood (General),,,2178.0,,1986,match:2178.0,True,multiple_dfo_event_ids;multiple_emdat_event_ids
EM-DAT,1993-0421-USA,United States of America,USA,1993-01-20,1993-01-21,,200.0,,,,Flash flood,,42380.0,2178.0,,1987,match:2178.0,True,multiple_dfo_event_ids;multiple_emdat_event_ids
EM-DAT,2021-0428-CHN,China,CHN,2021-06-01,2021-08-30,352.0,14500000.0,,,,Flood (General),16500000.0,,218.0,,10513,match:218.0,True,incompatible_date_intervals;multiple_dfo_event_ids;multiple_emdat_event_ids
DFO,DFO-5089,China,CHN,2021-06-28,2021-07-04,0.0,63000.0,82493.0,,,Monsoonal Rain,,1.5,218.0,,10534,match:218.0,True,incompatible_date_intervals;multiple_dfo_event_ids;multiple_emdat_event_ids
EM-DAT,2021-0380-CHN,China,CHN,2021-06-28,2021-07-02,,1080000.0,,,,Flood (General),161000.0,,218.0,,10535,match:218.0,True,incompatible_date_intervals;multiple_dfo_event_ids;multiple_emdat_event_ids
DFO,DFO-5096,China,CHN,2021-07-20,2021-07-29,69.0,350000.0,129685.0,,,Torrential rain,,2.0,218.0,,10564,match:218.0,True,incompatible_date_intervals;multiple_dfo_event_ids;multiple_emdat_event_ids
DFO,DFO-709,Viet Nam • Thailand,,1992-10-28,1992-10-31,49.0,3000.0,69559.0,,,Tropical cyclone,,1.0,2182.0,transboundary (2 countries),1953,match:2182.0,True,multiple_dfo_event_ids
DFO,DFO-710,Philippines • Viet Nam,,1992-10-28,1992-10-30,3.0,3300.0,56290.0,,,Tropical cyclone,,1.0,2182.0,transboundary (2 countries),1954,match:2182.0,True,multiple_dfo_event_ids
EM-DAT,1992-0145-VNM,Viet Nam,VNM,1992-10-28,1992-10-31,1.0,58000.0,,,,Coastal flood,,,2182.0,,1955,match:2182.0,True,multiple_dfo_event_ids
DFO,DFO-699,France,FRA,1992-09-22,1992-09-22,38.0,2000.0,22746.0,,,Torrential rain,,2.0,2185.0,,1936,match:2185.0,True,incompatible_date_intervals;multiple_dfo_event_ids;multiple_emdat_event_ids
EM-DAT,1992-0371-FRA,France,FRA,1992-09-26,1992-09-27,6.0,5000.0,,,,Flash flood,,,2185.0,,1937,match:2185.0,True,incompatible_date_intervals;multiple_dfo_event_ids;multiple_emdat_event_ids
DFO,DFO-700,France,FRA,1992-09-27,1992-09-27,3.0,0.0,23384.0,,,Heavy rain,,1.0,2185.0,,1938,match:2185.0,True,incompatible_date_intervals;multiple_dfo_event_ids;multiple_emdat_event_ids
DFO,DFO-703,Italy,ITA,1992-09-28,1992-09-28,2.0,0.0,4077.0,,,Heavy rain,,1.0,2185.0,,1941,match:2185.0,True,incompatible_date_intervals;multiple_dfo_event_ids;multiple_emdat_event_ids
DFO,DFO-704,France • Italy,,1992-09-28,1992-10-08,12.0,120.0,135575.0,,,Heavy rain,,1.0,2185.0,transboundary (2 countries),1942,match:2185.0,True,incompatible_date_intervals;multiple_dfo_event_ids;multiple_emdat_event_ids
EM-DAT,1992-0266-ITA,Italy,ITA,1992-09-28,1992-09-28,2.0,,,,,Flash flood,10000.0,,2185.0,,1944,match:2185.0,True,incompatible_date_intervals;multiple_dfo_event_ids;multiple_emdat_event_ids
DFO,DFO-656,India,IND,1992-06-15,1992-07-23,90.0,8000.0,752429.0,,,Monsoonal rain,,1.0,2186.0,,1876,match:2186.0,True,incompatible_date_intervals;multiple_dfo_event_ids;multiple_emdat_event_ids
DFO,DFO-667,India,IND,1992-07-10,1992-07-20,0.0,0.0,28222.0,,,Heavy rain,,1.0,2186.0,,1892,match:2186.0,True,incompatible_date_intervals;multiple_dfo_event_ids;multiple_emdat_event_ids
DFO,DFO-672,India,IND,1992-07-26,1992-08-07,16.0,0.0,44021.0,,,Monsoonal rain,,1.0,2186.0,,1900,match:2186.0,True,incompatible_date_intervals;multiple_dfo_event_ids;multiple_emdat_event_ids
EM-DAT,1992-0333-IND,India,IND,1992-07-26,1992-07-31,16.0,3000000.0,,,,Riverine flood,,,2186.0,,1901,match:2186.0,True,incompatible_date_intervals;multiple_dfo_event_ids;multiple_emdat_event_ids
DFO,DFO-675,India,IND,1992-08-01,1992-09-03,40.0,2000.0,518125.0,,,Monsoonal rain,,1.0,2186.0,,1904,match:2186.0,True,incompatible_date_intervals;multiple_dfo_event_ids;multiple_emdat_event_ids
DFO,DFO-692,Pakistan • India,,1992-09-08,1992-09-18,2750.0,3000000.0,873375.0,,,Monsoonal rain,,2.0,2186.0,transboundary (2 countries),1927,match:2186.0,True,incompatible_date_intervals;multiple_dfo_event_ids;multiple_emdat_event_ids
EM-DAT,1992-0062-PAK,Pakistan,PAK,1992-09-08,1992-09-18,1334.0,6655450.0,,,,Riverine flood,1000000.0,19409.0,2186.0,,1928,match:2186.0,True,incompatible_date_intervals;multiple_dfo_event_ids;multiple_emdat_event_ids
EM-DAT,1992-0083-IND,India,IND,1992-09-08,1992-09-30,500.0,70000.0,,,,Riverine flood,57850.0,,2186.0,,1929,match:2186.0,True,incompatible_date_intervals;multiple_dfo_event_ids;multiple_emdat_event_ids
DFO,DFO-694,India • Sri Lanka,,1992-09-12,1992-11-20,263.0,20000.0,552562.0,,,Tropical cyclone,,2.0,2186.0,transboundary (2 countries),1931,match:2186.0,True,incompatible_date_intervals;multiple_dfo_event_ids;multiple_emdat_event_ids
EM-DAT,1992-0147-IND,India,IND,1992-10-08,1992-10-08,51.0,500.0,,,,Riverine flood,182100.0,,2186.0,,1949,match:2186.0,True,incompatible_date_intervals;multiple_dfo_event_ids;multiple_emdat_event_ids
EM-DAT,1992-0483-IND,India,IND,1992-11-10,1992-11-10,179.0,500.0,,,,Flood (General),69000.0,,2186.0,,1959,match:2186.0,True,incompatible_date_intervals;multiple_dfo_event_ids;multiple_emdat_event_ids
DFO,DFO-653,China,CHN,1992-06-12,1992-08-01,93.0,120000.0,491147.0,,,Heavy rain,,1.0,2188.0,,1871,match:2188.0,True,incompatible_date_intervals;multiple_dfo_event_ids;multiple_emdat_event_ids
EM-DAT,1992-0210-CHN,China,CHN,1992-06-12,1992-08-01,88.0,435300.0,,,,Riverine flood,3700.0,491100.0,2188.0,,1873,match:2188.0,True,incompatible_date_intervals;multiple_dfo_event_ids;multiple_emdat_event_ids
DFO,DFO-654,China,CHN,1992-06-13,1992-06-15,0.0,31.0,1233.0,,,Heavy rain,,1.0,2188.0,,1874,match:2188.0,True,incompatible_date_intervals;multiple_dfo_event_ids;multiple_emdat_event_ids
DFO,DFO-660,China,CHN,1992-06-29,1992-07-14,228.0,172000.0,392988.0,,,Heavy rain,,2.0,2188.0,,1881,match:2188.0,True,incompatible_date_intervals;multiple_dfo_event_ids;multiple_emdat_event_ids
EM-DAT,1992-0217-CHN,China,CHN,1992-06-29,1992-07-14,35.0,5000.0,,,,Riverine flood,76000.0,393000.0,2188.0,,1882,match:2188.0,True,incompatible_date_intervals;multiple_dfo_event_ids;multiple_emdat_event_ids
DFO,DFO-663,China,CHN,1992-07-02,1992-07-05,0.0,0.0,12868.0,,,Heavy rain,,2.0,2188.0,,1886,match:2188.0,True,incompatible_date_intervals;multiple_dfo_event_ids;multiple_emdat_event_ids
DFO,DFO-664,China,CHN,1992-07-02,1992-07-21,96.0,254472.0,65829.0,,,Heavy rain,,2.0,2188.0,,1887,match:2188.0,True,incompatible_date_intervals;multiple_dfo_event_ids;multiple_emdat_event_ids
EM-DAT,1992-0216-CHN,China,CHN,1992-07-02,1992-07-21,96.0,31632.0,,,,Riverine flood,146000.0,65830.0,2188.0,,1888,match:2188.0,True,incompatible_date_intervals;multiple_dfo_event_ids;multiple_emdat_event_ids
DFO,DFO-671,China,CHN,1992-07-22,1992-07-23,1.0,0.0,74669.0,,,Tropical cyclone,,1.0,2188.0,,1898,match:2188.0,True,incompatible_date_intervals;multiple_dfo_event_ids;multiple_emdat_event_ids
EM-DAT,1992-0297-CHN,China,CHN,1992-07-22,1992-07-29,48.0,,,,,Riverine flood,3400.0,,2188.0,,1899,match:2188.0,True,incompatible_date_intervals;multiple_dfo_event_ids;multiple_emdat_event_ids
DFO,DFO-674,China,CHN,1992-08-01,1992-08-20,111.0,0.0,432937.0,,,Heavy rain,,1.0,2188.0,,1903,match:2188.0,True,incompatible_date_intervals;multiple_dfo_event_ids;multiple_emdat_event_ids
EM-DAT,1992-0298-CHN,China,CHN,1992-08-01,1992-08-20,25.0,2433.0,,,,Flash flood,110000.0,,2188.0,,1906,match:2188.0,True,incompatible_date_intervals;multiple_dfo_event_ids;multiple_emdat_event_ids
DFO,DFO-681,China,CHN,1992-08-16,1992-08-22,6.0,0.0,33607.0,,,Tropical cyclone,,1.0,2188.0,,1914,match:2188.0,True,incompatible_date_intervals;multiple_dfo_event_ids;multiple_emdat_event_ids
DFO,DFO-680,Philippines,PHL,1992-08-14,1992-09-29,45.0,250000.0,70410.0,,,Tropical cyclone,,2.0,2189.0,,1913,match:2189.0,True,incompatible_date_intervals
EM-DAT,1992-0505-PHL,Philippines,PHL,1992-10-01,1992-10-01,,52800.0,,,,Flood (General),,,2189.0,,1945,match:2189.0,True,incompatible_date_intervals
DFO,DFO-668,Pakistan,PAK,1992-07-15,1992-08-10,94.0,1280000.0,137573.0,,,Monsoonal rain,,1.0,2190.0,,1894,match:2190.0,True,multiple_dfo_event_ids
EM-DAT,1992-0060-PAK,Pakistan,PAK,1992-07-15,1992-08-10,112.0,6184418.0,,,,Flood (General),230.0,137600.0,2190.0,,1895,match:2190.0,True,multiple_dfo_event_ids
DFO,DFO-679,Pakistan,PAK,1992-08-10,1992-08-15,22.0,3000.0,7351.0,,,Monsoonal rain,,1.0,2190.0,,1911,match:2190.0,True,multiple_dfo_event_ids
EM-DAT,1992-0197-AFG,Afghanistan,AFG,1992-05-08,1992-05-08,150.0,,,,,Flood (General),,,2195.0,,1860,match:2195.0,True,incompatible_date_intervals
DFO,DFO-646,Afghanistan,AFG,1992-05-13,1992-05-26,7.0,100000.0,48119.0,,,Heavy rain,,1.0,2195.0,,1862,match:2195.0,True,incompatible_date_intervals
DFO,DFO-638,Argentina • Brazil,,1992-04-01,1992-07-02,37.0,305992.0,1347810.0,,,Heavy rain,,2.0,2197.0,transboundary (2 countries),1845,match:2197.0,True,multiple_emdat_event_ids
EM-DAT,1992-0075-ARG,Argentina,ARG,1992-04-01,1992-07-02,,86074.0,,,,Riverine flood,260000.0,,2197.0,,1848,match:2197.0,True,multiple_emdat_event_ids
EM-DAT,1992-0076-BRA,Brazil,BRA,1992-04-01,1992-07-02,29.0,125493.0,,,,Riverine flood,,,2197.0,,1849,match:2197.0,True,multiple_emdat_event_ids
DFO,DFO-634,China,CHN,1992-03-15,1992-04-23,248.0,210000.0,545359.0,,,Heavy rain,,2.0,2198.0,,1839,match:2198.0,True,multiple_dfo_event_ids
DFO,DFO-635,China,CHN,1992-03-15,1992-05-02,59.0,0.0,542310.0,,,Heavy rain,,1.0,2198.0,,1840,match:2198.0,True,multiple_dfo_event_ids
EM-DAT,1992-0036-CHN,China,CHN,1992-03-15,1992-04-23,248.0,210070.0,,,,Riverine flood,170000.0,545400.0,2198.0,,1841,match:2198.0,True,multiple_dfo_event_ids
DFO,DFO-640,China,CHN,1992-04-01,1992-05-08,5.0,3000.0,1371.0,,,Heavy rain,,2.0,2198.0,,1847,match:2198.0,True,multiple_dfo_event_ids
EM-DAT,1992-0552-BOL,Bolivia (Plurinational State of),BOL,1992-01-01,1992-05-26,,,,,,Riverine flood,100000.0,,2201.0,,1808,match:2201.0,True,multiple_emdat_event_ids
DFO,DFO-630,Bolivia (Plurinational State of),BOL,1992-03-10,1992-03-11,4.0,5125.0,204591.0,,,Heavy rain,,1.0,2201.0,,1834,match:2201.0,True,multiple_emdat_event_ids
EM-DAT,1992-0023-BOL,Bolivia (Plurinational State of),BOL,1992-03-10,1992-03-11,4.0,40050.0,,,,Riverine flood,100000.0,,2201.0,,1835,match:2201.0,True,multiple_emdat_event_ids
DFO,DFO-606,United States of America,USA,1991-12-14,1991-12-16,3.0,200.0,1320.0,,,Heavy rain,,1.0,2208.0,,1799,match:2208.0,True,incompatible_date_intervals;multiple_dfo_event_ids
DFO,DFO-608,United States of America,USA,1991-12-18,1991-12-31,15.0,1800.0,7421.0,,,Heavy rain,,1.0,2208.0,,1802,match:2208.0,True,incompatible_date_intervals;multiple_dfo_event_ids
EM-DAT,1991-0776-USA,United States of America,USA,1991-12-18,1992-01-10,15.0,,,,,Flood (General),850000.0,,2208.0,,1803,match:2208.0,True,incompatible_date_intervals;multiple_dfo_event_ids
EM-DAT,2021-0483-RUS,Russian Federation,RUS,2021-06-24,2021-08-11,,24000.0,,,,Flood (General),200000.0,,221.0,,10531,match:221.0,True,multiple_emdat_event_ids
DFO,DFO-5094,Russian Federation,RUS,2021-07-04,2021-07-06,0.0,2400.0,4232.0,,,Torrential rain,,1.5,221.0,,10544,match:221.0,True,multiple_emdat_event_ids
EM-DAT,2021-0397-RUS,Russian Federation,RUS,2021-07-04,2021-07-07,8.0,138.0,,,,Flood (General),,4231.93,221.0,,10545,match:221.0,True,multiple_emdat_event_ids
DFO,DFO-597,Philippines,PHL,1991-11-05,1991-11-08,6315.0,28000.0,20705.0,,,Tropical cyclone,,2.0,2211.0,,1787,match:2211.0,True,incompatible_date_intervals
EM-DAT,1991-0379-PHL,Philippines,PHL,1991-11-11,1991-11-11,10.0,,,,,Coastal flood,,,2211.0,,1788,match:2211.0,True,incompatible_date_intervals
DFO,DFO-570,India,IND,1991-08-14,1991-08-18,15.0,0.0,151947.0,,,Heavy rain,,1.0,2214.0,,1748,match:2214.0,True,incompatible_date_intervals;multiple_dfo_event_ids;multiple_emdat_event_ids
DFO,DFO-571,India,IND,1991-08-15,1991-08-29,88.0,0.0,547679.0,,,Monsoonal rain,,1.0,2214.0,,1749,match:2214.0,True,incompatible_date_intervals;multiple_dfo_event_ids;multiple_emdat_event_ids
EM-DAT,1991-0532-IND,India,IND,1991-08-15,1991-08-29,88.0,,,,,Riverine flood,,,2214.0,,1750,match:2214.0,True,incompatible_date_intervals;multiple_dfo_event_ids;multiple_emdat_event_ids
DFO,DFO-578,India,IND,1991-09-01,1991-09-14,0.0,87500.0,170874.0,,,Monsoonal rain,,1.0,2214.0,,1759,match:2214.0,True,incompatible_date_intervals;multiple_dfo_event_ids;multiple_emdat_event_ids
DFO,DFO-585,India,IND,1991-09-14,1991-09-15,21.0,0.0,91961.0,,,Monsoonal rain,,1.0,2214.0,,1769,match:2214.0,True,incompatible_date_intervals;multiple_dfo_event_ids;multiple_emdat_event_ids
EM-DAT,1991-0766-IND,India,IND,1991-09-14,1991-09-15,84.0,4000000.0,,,,Riverine flood,40000.0,91960.0,2214.0,,1770,match:2214.0,True,incompatible_date_intervals;multiple_dfo_event_ids;multiple_emdat_event_ids
EM-DAT,1991-0224-BGD,Bangladesh,BGD,1991-09-02,1991-09-10,65.0,200000.0,,,,Riverine flood,150000.0,,2215.0,,1761,match:2215.0,True,incompatible_date_intervals
DFO,DFO-583,Bangladesh,BGD,1991-09-11,1991-09-17,112.0,1000000.0,63025.0,,,Monsoonal rain,,1.0,2215.0,,1767,match:2215.0,True,incompatible_date_intervals
DFO,DFO-513,China,CHN,1991-05-18,1991-06-15,400.0,600000.0,1682865.0,,,Heavy rain,,2.0,2218.0,,1663,match:2218.0,True,incompatible_date_intervals;multiple_dfo_event_ids;multiple_emdat_event_ids
EM-DAT,1991-0123-CHN,China,CHN,1991-06-01,1991-07-19,1729.0,210232227.0,,,,Riverine flood,7500000.0,,2218.0,,1672,match:2218.0,True,incompatible_date_intervals;multiple_dfo_event_ids;multiple_emdat_event_ids
DFO,DFO-524,China,CHN,1991-06-12,1991-06-14,22.0,4000.0,19050.0,,,Heavy rain,,2.0,2218.0,,1684,match:2218.0,True,incompatible_date_intervals;multiple_dfo_event_ids;multiple_emdat_event_ids
DFO,DFO-528,China,CHN,1991-07-01,1991-07-18,750.0,615000.0,589050.0,,,Heavy rain,,1.0,2218.0,,1688,match:2218.0,True,incompatible_date_intervals;multiple_dfo_event_ids;multiple_emdat_event_ids
DFO,DFO-529,China,CHN,1991-07-01,1991-07-09,0.0,0.0,32704.0,,,Heavy rain,,1.0,2218.0,,1689,match:2218.0,True,incompatible_date_intervals;multiple_dfo_event_ids;multiple_emdat_event_ids
DFO,DFO-530,China,CHN,1991-07-02,1991-07-18,101.0,160000.0,134661.0,,,Heavy rain,,1.0,2218.0,,1691,match:2218.0,True,incompatible_date_intervals;multiple_dfo_event_ids;multiple_emdat_event_ids
DFO,DFO-545,China,CHN,1991-07-19,1991-07-20,8.0,0.0,94812.0,,,Heavy rain,,1.0,2218.0,,1710,match:2218.0,True,incompatible_date_intervals;multiple_dfo_event_ids;multiple_emdat_event_ids
DFO,DFO-548,China,CHN,1991-07-23,1991-08-03,66.0,160000.0,508813.0,,,Tropical cyclone,,1.0,2218.0,,1714,match:2218.0,True,incompatible_date_intervals;multiple_dfo_event_ids;multiple_emdat_event_ids
DFO,DFO-562,China,CHN,1991-08-08,1991-08-09,16.0,20000.0,4350.0,,,Torrential rain,,1.0,2218.0,,1735,match:2218.0,True,incompatible_date_intervals;multiple_dfo_event_ids;multiple_emdat_event_ids
DFO,DFO-564,China,CHN,1991-08-09,1991-08-12,456.0,0.0,554218.0,,,Heavy rain,,1.0,2218.0,,1737,match:2218.0,True,incompatible_date_intervals;multiple_dfo_event_ids;multiple_emdat_event_ids
EM-DAT,1991-0767-CHN,China,CHN,1991-08-09,1991-08-12,106.0,,,,,Riverine flood,530000.0,554200.0,2218.0,,1738,match:2218.0,True,incompatible_date_intervals;multiple_dfo_event_ids;multiple_emdat_event_ids
DFO,DFO-551,Viet Nam,VNM,1991-07-28,1991-07-31,38.0,4000.0,30956.0,,,Monsoonal rain,,1.0,2222.0,,1718,match:2222.0,True,incompatible_date_intervals;multiple_emdat_event_ids
EM-DAT,1991-0315-VNM,Viet Nam,VNM,1991-07-28,1991-07-31,38.0,4014.0,,,,Riverine flood,3200.0,30960.0,2222.0,,1719,match:2222.0,True,incompatible_date_intervals;multiple_emdat_event_ids
EM-DAT,1991-0229-VNM,Viet Nam,VNM,1991-08-01,1991-08-01,21.0,270600.0,,,,Riverine flood,5000.0,1000.0,2222.0,,1724,match:2222.0,True,incompatible_date_intervals;multiple_emdat_event_ids
DFO,DFO-549,Thailand,THA,1991-07-25,1991-07-27,1.0,0.0,2395.0,,,Torrential rain,,2.0,2223.0,,1716,match:2223.0,True,incompatible_date_intervals
EM-DAT,1991-0530-THA,Thailand,THA,1991-08-01,1991-08-01,16.0,2000.0,,,,Riverine flood,,,2223.0,,1726,match:2223.0,True,incompatible_date_intervals
DFO,DFO-532,Soviet Union,SUN,1991-07-05,1991-07-08,15.0,0.0,14413.0,,,Heavy rain,,1.0,2225.0,,1693,match:2225.0,True,incompatible_date_intervals;multiple_dfo_event_ids
DFO,DFO-534,Soviet Union,SUN,1991-07-09,1991-07-10,2.0,0.0,3473.0,,,Heavy rain,,1.0,2225.0,,1695,match:2225.0,True,incompatible_date_intervals;multiple_dfo_event_ids
DFO,DFO-538,Soviet Union,SUN,1991-07-11,1991-07-29,2.0,2000.0,61651.0,,,Heavy rain,,1.0,2225.0,,1699,match:2225.0,True,incompatible_date_intervals;multiple_dfo_event_ids
EM-DAT,1991-0522-SUN,Soviet Union,SUN,1991-07-11,1991-07-25,2.0,2000.0,,,,Riverine flood,22000.0,61650.0,2225.0,,1700,match:2225.0,True,incompatible_date_intervals;multiple_dfo_event_ids
DFO,DFO-544,Soviet Union,SUN,1991-07-18,1991-07-22,0.0,0.0,366866.0,,,Heavy rain,,1.0,2225.0,,1709,match:2225.0,True,incompatible_date_intervals;multiple_dfo_event_ids
EM-DAT,1991-0509-IND,India,IND,1991-06-01,1991-07-09,99.0,,,,,Riverine flood,118000.0,,2227.0,,1674,match:2227.0,True,incompatible_date_intervals;multiple_dfo_event_ids;multiple_emdat_event_ids
DFO,DFO-521,India,IND,1991-06-10,1991-06-12,72.0,300000.0,491361.0,,,Monsoonal rain,,2.0,2227.0,,1680,match:2227.0,True,incompatible_date_intervals;multiple_dfo_event_ids;multiple_emdat_event_ids
EM-DAT,1991-0278-IND,India,IND,1991-06-10,1991-06-12,72.0,300000.0,,,,Riverine flood,100000.0,491400.0,2227.0,,1681,match:2227.0,True,incompatible_date_intervals;multiple_dfo_event_ids;multiple_emdat_event_ids
DFO,DFO-539,India,IND,1991-07-13,1991-07-19,25.0,400000.0,55551.0,,,Monsoonal rain,,1.0,2227.0,,1701,match:2227.0,True,incompatible_date_intervals;multiple_dfo_event_ids;multiple_emdat_event_ids
EM-DAT,1991-0189-IND,India,IND,1991-07-13,1991-07-19,59.0,2300000.0,,,,Coastal flood,,,2227.0,,1703,match:2227.0,True,incompatible_date_intervals;multiple_dfo_event_ids;multiple_emdat_event_ids
DFO,DFO-525,Bangladesh,BGD,1991-06-17,1991-06-27,0.0,160000.0,30043.0,,,Monsoonal rain,,1.0,2229.0,,1685,match:2229.0,True,incompatible_date_intervals;multiple_dfo_event_ids
EM-DAT,1991-0170-BGD,Bangladesh,BGD,1991-07-01,1991-07-01,,1590000.0,,,,Riverine flood,,,2229.0,,1690,match:2229.0,True,incompatible_date_intervals;multiple_dfo_event_ids
DFO,DFO-531,Bangladesh,BGD,1991-07-04,1991-07-06,0.0,40000.0,4039.0,,,Heavy rain,,1.0,2229.0,,1692,match:2229.0,True,incompatible_date_intervals;multiple_dfo_event_ids
EM-DAT,1991-0512-IDN,Indonesia,IDN,1991-06-06,1991-06-06,97.0,,,,,Riverine flood,,,2230.0,,1678,match:2230.0,True,incompatible_date_intervals
DFO,DFO-520,Indonesia,IDN,1991-06-09,1991-06-11,73.0,0.0,88238.0,,,Torrential rain,,1.0,2230.0,,1679,match:2230.0,True,incompatible_date_intervals
DFO,DFO-507,Bangladesh,BGD,1991-04-29,1991-05-10,138000.0,10000000.0,21359.0,,,Tropical cyclone,,1.0,2235.0,,1651,match:2235.0,True,incompatible_date_intervals;multiple_dfo_event_ids
DFO,DFO-511,Bangladesh,BGD,1991-05-14,1991-05-31,100.0,1000000.0,17480.0,,,Heavy rain,,1.0,2235.0,,1658,match:2235.0,True,incompatible_date_intervals;multiple_dfo_event_ids
EM-DAT,1991-0764-BGD,Bangladesh,BGD,1991-05-14,1991-05-26,200.0,1200000.0,,,,Riverine flood,,,2235.0,,1659,match:2235.0,True,incompatible_date_intervals;multiple_dfo_event_ids
EM-DAT,1991-0499-USA,United States of America,USA,1991-04-24,1991-04-24,,,,,,Riverine flood,,,2237.0,,1648,match:2237.0,True,incompatible_date_intervals;multiple_dfo_event_ids;multiple_emdat_event_ids
DFO,DFO-506,United States of America,USA,1991-04-28,1991-05-02,0.0,10000.0,119197.0,,,Heavy rain,,1.0,2237.0,,1650,match:2237.0,True,incompatible_date_intervals;multiple_dfo_event_ids;multiple_emdat_event_ids
EM-DAT,1991-0501-USA,United States of America,USA,1991-05-02,1991-05-02,,,,,,Riverine flood,,,2237.0,,1653,match:2237.0,True,incompatible_date_intervals;multiple_dfo_event_ids;multiple_emdat_event_ids
DFO,DFO-509,United States of America,USA,1991-05-03,1991-05-07,2.0,800.0,22130.0,,,,,1.0,2237.0,,1654,match:2237.0,True,incompatible_date_intervals;multiple_dfo_event_ids;multiple_emdat_event_ids
EM-DAT,1991-0502-USA,United States of America,USA,1991-05-10,1991-05-10,,,,,,Riverine flood,,,2237.0,,1657,match:2237.0,True,incompatible_date_intervals;multiple_dfo_event_ids;multiple_emdat_event_ids
EM-DAT,1991-0161-SUN,Soviet Union,SUN,1991-04-27,1991-04-27,,40000.0,,,,Flood (General),2000000.0,50000.0,2238.0,,1649,match:2238.0,True,incompatible_date_intervals
DFO,DFO-508,Soviet Union,SUN,1991-05-01,1991-05-08,0.0,0.0,97555.0,,,Heavy rain,,1.0,2238.0,,1652,match:2238.0,True,incompatible_date_intervals
DFO,DFO-504,United States of America,USA,1991-04-05,1991-04-09,0.0,0.0,32172.0,,,Heavy rain,,1.0,2239.0,,1640,match:2239.0,True,incompatible_date_intervals;multiple_emdat_event_ids
EM-DAT,1991-0493-USA,United States of America,USA,1991-04-08,1991-04-08,,,,,,Riverine flood,,,2239.0,,1642,match:2239.0,True,incompatible_date_intervals;multiple_emdat_event_ids
EM-DAT,1991-0494-USA,United States of America,USA,1991-04-11,1991-04-11,,,,,,Riverine flood,,,2239.0,,1643,match:2239.0,True,incompatible_date_intervals;multiple_emdat_event_ids
DFO,DFO-495,Iran (Islamic Republic of),IRN,1991-03-07,1991-04-01,0.0,100000.0,624246.0,,,Heavy rain,,1.0,2240.0,,1623,match:2240.0,True,multiple_dfo_event_ids
EM-DAT,1991-0763-IRN,Iran (Islamic Republic of),IRN,1991-03-07,1991-04-01,,100000.0,,,,Riverine flood,1400.0,624200.0,2240.0,,1624,match:2240.0,True,multiple_dfo_event_ids
DFO,DFO-502,Iran (Islamic Republic of),IRN,1991-03-30,1991-04-01,0.0,0.0,31920.0,,,Heavy rain,,1.0,2240.0,,1638,match:2240.0,True,multiple_dfo_event_ids
EM-DAT,1991-0342-JOR,Jordan,JOR,1991-03-21,1991-03-21,8.0,18000.0,,,,Flash flood,,,2241.0,,1631,match:2241.0,True,incompatible_date_intervals
DFO,DFO-500,Jordan,JOR,1991-03-24,1991-03-25,5.0,0.0,3678.0,,,Torrential rain,,1.0,2241.0,,1634,match:2241.0,True,incompatible_date_intervals
DFO,DFO-499,United States of America,USA,1991-03-19,1991-03-25,0.0,200.0,876.0,,,Heavy rain,,1.0,2243.0,,1629,match:2243.0,True,incompatible_date_intervals;multiple_emdat_event_ids
EM-DAT,1991-0490-USA,United States of America,USA,1991-03-21,1991-03-21,,,,,,Riverine flood,,,2243.0,,1632,match:2243.0,True,incompatible_date_intervals;multiple_emdat_event_ids
EM-DAT,1991-0491-USA,United States of America,USA,1991-03-26,1991-03-26,,,,,,Riverine flood,,,2243.0,,1636,match:2243.0,True,incompatible_date_intervals;multiple_emdat_event_ids
EM-DAT,1991-0492-USA,United States of America,USA,1991-03-28,1991-03-28,,,,,,Riverine flood,,,2243.0,,1637,match:2243.0,True,incompatible_date_intervals;multiple_emdat_event_ids
DFO,DFO-472,India,IND,1990-10-17,1990-10-18,10.0,6000.0,93840.0,,,Heavy rain,,1.0,2251.0,,1585,match:2251.0,True,incompatible_date_intervals;multiple_dfo_event_ids
DFO,DFO-474,India,IND,1990-10-24,1990-10-28,44.0,0.0,13576.0,,,Monsoonal rain,,1.0,2251.0,,1587,match:2251.0,True,incompatible_date_intervals;multiple_dfo_event_ids
EM-DAT,1990-0414-IND,India,IND,1990-10-24,1990-10-28,60.0,,,,,Riverine flood,,,2251.0,,1588,match:2251.0,True,incompatible_date_intervals;multiple_dfo_event_ids
DFO,DFO-452,Philippines,PHL,1990-08-25,1990-09-01,66.0,1500.0,69902.0,,,Tropical cyclone,,1.0,2255.0,,1556,match:2255.0,True,incompatible_date_intervals;multiple_dfo_event_ids;multiple_emdat_event_ids
EM-DAT,1990-0616-PHL,Philippines,PHL,1990-08-25,1990-09-01,28.0,50000.0,,,,Coastal flood,,,2255.0,,1558,match:2255.0,True,incompatible_date_intervals;multiple_dfo_event_ids;multiple_emdat_event_ids
EM-DAT,1990-0645-PHL,Philippines,PHL,1990-09-01,1990-09-01,50.0,662500.0,,,,Flood (General),,,2255.0,,1563,match:2255.0,True,incompatible_date_intervals;multiple_dfo_event_ids;multiple_emdat_event_ids
DFO,DFO-457,Philippines,PHL,1990-09-07,1990-09-10,7.0,15000.0,96172.0,,,Tropical cyclone,,1.0,2255.0,,1565,match:2255.0,True,incompatible_date_intervals;multiple_dfo_event_ids;multiple_emdat_event_ids
DFO,DFO-428,Bangladesh,BGD,1990-06-26,1990-07-08,23.0,800000.0,49249.0,,,Heavy rain,,1.0,2258.0,,1526,match:2258.0,True,incompatible_date_intervals;multiple_dfo_event_ids
DFO,DFO-436,Bangladesh,BGD,1990-07-14,1990-09-06,64.0,392077.0,23608.0,,,Heavy rain,,1.0,2258.0,,1538,match:2258.0,True,incompatible_date_intervals;multiple_dfo_event_ids
EM-DAT,1990-0609-BGD,Bangladesh,BGD,1990-07-14,1990-09-06,65.0,2000000.0,,,,Riverine flood,6000.0,23610.0,2258.0,,1539,match:2258.0,True,incompatible_date_intervals;multiple_dfo_event_ids
DFO,DFO-453,Bangladesh,BGD,1990-08-25,1990-08-27,0.0,50000.0,14538.0,,,Monsoonal rain,,1.0,2258.0,,1557,match:2258.0,True,incompatible_date_intervals;multiple_dfo_event_ids
DFO,DFO-417,China,CHN,1990-06-05,1990-07-02,363.0,350000.0,206490.0,,,Heavy rain,,1.0,2260.0,,1507,match:2260.0,True,incompatible_date_intervals;multiple_dfo_event_ids;multiple_emdat_event_ids
EM-DAT,1990-0024-CHN,China,CHN,1990-06-05,1990-07-02,363.0,26130805.0,,,,Riverine flood,592000.0,206500.0,2260.0,,1508,match:2260.0,True,incompatible_date_intervals;multiple_dfo_event_ids;multiple_emdat_event_ids
DFO,DFO-423,China,CHN,1990-06-18,1990-06-22,108.0,4000.0,340845.0,,,Heavy rain,,1.0,2260.0,,1517,match:2260.0,True,incompatible_date_intervals;multiple_dfo_event_ids;multiple_emdat_event_ids
DFO,DFO-426,China,CHN,1990-06-23,1990-06-29,86.0,0.0,377867.0,,,Tropical cyclone,,1.0,2260.0,,1524,match:2260.0,True,incompatible_date_intervals;multiple_dfo_event_ids;multiple_emdat_event_ids
EM-DAT,1990-0699-CHN,China,CHN,1990-07-01,1990-07-01,60.0,16000000.0,,,,Riverine flood,,16600.0,2260.0,,1529,match:2260.0,True,incompatible_date_intervals;multiple_dfo_event_ids;multiple_emdat_event_ids
DFO,DFO-433,China,CHN,1990-07-04,1990-07-19,72.0,71000.0,438797.0,,,Heavy rain,,1.0,2260.0,,1533,match:2260.0,True,incompatible_date_intervals;multiple_dfo_event_ids;multiple_emdat_event_ids
EM-DAT,1990-0039-CHN,China,CHN,1990-07-04,1990-07-19,72.0,175000.0,,,,Riverine flood,211000.0,438800.0,2260.0,,1534,match:2260.0,True,incompatible_date_intervals;multiple_dfo_event_ids;multiple_emdat_event_ids
DFO,DFO-420,United States of America,USA,1990-06-15,1990-06-16,26.0,440.0,5168.0,,,Torrential rain,,1.0,2262.0,,1513,match:2262.0,True,incompatible_date_intervals;multiple_dfo_event_ids
DFO,DFO-424,United States of America,USA,1990-06-20,1990-06-22,1.0,0.0,31630.0,,,Heavy rain,,1.0,2262.0,,1519,match:2262.0,True,incompatible_date_intervals;multiple_dfo_event_ids
EM-DAT,1990-0073-USA,United States of America,USA,1990-06-21,1990-06-21,35.0,,,,,Flood (General),,,2262.0,,1523,match:2262.0,True,incompatible_date_intervals;multiple_dfo_event_ids
DFO,DFO-421,Philippines,PHL,1990-06-17,1990-06-19,36.0,236.0,3615.0,,,Torrential rain,,1.0,2263.0,,1514,match:2263.0,True,incompatible_date_intervals;multiple_dfo_event_ids
EM-DAT,1990-0027-PHL,Philippines,PHL,1990-06-17,1990-06-19,98.0,236.0,,,,Flash flood,43.0,3620.0,2263.0,,1515,match:2263.0,True,incompatible_date_intervals;multiple_dfo_event_ids
DFO,DFO-425,Philippines,PHL,1990-06-20,1990-06-25,63.0,86000.0,71151.0,,,Tropical cyclone,,1.0,2263.0,,1520,match:2263.0,True,incompatible_date_intervals;multiple_dfo_event_ids
DFO,DFO-418,Viet Nam,VNM,1990-06-12,1990-06-20,20.0,0.0,17086.0,,,Heavy rain,,1.0,2264.0,,1510,match:2264.0,True,multiple_dfo_event_ids
DFO,DFO-427,Viet Nam,VNM,1990-06-20,1990-07-08,13.0,4000.0,13950.0,,,Heavy rain,,1.0,2264.0,,1521,match:2264.0,True,multiple_dfo_event_ids
EM-DAT,1990-0048-VNM,Viet Nam,VNM,1990-06-20,1990-07-08,82.0,10200.0,,,,Riverine flood,725.0,13950.0,2264.0,,1522,match:2264.0,True,multiple_dfo_event_ids
DFO,DFO-408,United States of America,USA,1990-04-26,1990-06-01,13.0,4668.0,277912.0,,,Heavy rain,,2.0,2267.0,,1489,match:2267.0,True,multiple_dfo_event_ids
DFO,DFO-416,United States of America,USA,1990-05-31,1990-06-02,0.0,200.0,4890.0,,,Torrential rain,,2.0,2267.0,,1505,match:2267.0,True,multiple_dfo_event_ids
EM-DAT,1990-0713-USA,United States of America,USA,1990-05-31,1990-06-02,,200.0,,,,Flash flood,,,2267.0,,1506,match:2267.0,True,multiple_dfo_event_ids
EM-DAT,2021-0232-BRA,Brazil,BRA,2021-04-19,2021-06-05,,14000.0,,,,Flood (General),40000.0,,227.0,,10457,match:227.0,True,incompatible_date_intervals;multiple_dfo_event_ids;multiple_emdat_event_ids
DFO,DFO-5073,Brazil,BRA,2021-05-01,2021-05-28,0.0,8000.0,114949.0,,,Heavy rain,,1.5,227.0,,10474,match:227.0,True,incompatible_date_intervals;multiple_dfo_event_ids;multiple_emdat_event_ids
DFO,DFO-5077,Brazil,BRA,2021-05-15,2021-06-02,0.0,0.0,121963.0,,,Heavy rain,,1.5,227.0,,10494,match:227.0,True,incompatible_date_intervals;multiple_dfo_event_ids;multiple_emdat_event_ids
EM-DAT,2021-0332-BRA,Brazil,BRA,2021-06-08,2021-06-09,2.0,2400.0,,,,Flash flood,13000.0,,227.0,,10517,match:227.0,True,incompatible_date_intervals;multiple_dfo_event_ids;multiple_emdat_event_ids
DFO,DFO-410,Soviet Union,SUN,1990-05-05,1990-05-11,14.0,20000.0,71505.0,,,Rain and snowmelt,,2.0,2270.0,,1491,match:2270.0,True,incompatible_date_intervals;multiple_emdat_event_ids
EM-DAT,1990-0354-SUN,Soviet Union,SUN,1990-05-05,1990-05-11,14.0,20000.0,,,,Riverine flood,118600.0,71510.0,2270.0,,1492,match:2270.0,True,incompatible_date_intervals;multiple_emdat_event_ids
EM-DAT,1990-0711-SUN,Soviet Union,SUN,1990-05-18,1990-05-19,,280.0,,,,Riverine flood,,,2270.0,,1496,match:2270.0,True,incompatible_date_intervals;multiple_emdat_event_ids
DFO,DFO-403,United Republic of Tanzania,TZA,1990-04-03,1990-05-01,100.0,4100000.0,777754.0,,,Heavy rain,,2.0,2274.0,,1477,match:2274.0,True,incompatible_date_intervals;multiple_emdat_event_ids
EM-DAT,1990-0016-TZA,United Republic of Tanzania,TZA,1990-04-03,1990-04-10,183.0,162000.0,,,,Riverine flood,280.0,,2274.0,,1478,match:2274.0,True,incompatible_date_intervals;multiple_emdat_event_ids
EM-DAT,1990-0018-TZA,United Republic of Tanzania,TZA,1990-05-02,1990-05-02,6.0,868.0,,,,Flood (General),,,2274.0,,1490,match:2274.0,True,incompatible_date_intervals;multiple_emdat_event_ids
EM-DAT,1990-0315-PER,Peru,PER,1990-02-14,1990-02-14,20.0,,,,,Riverine flood,,,2277.0,,1462,match:2277.0,True,incompatible_date_intervals;multiple_emdat_event_ids
DFO,DFO-397,Peru,PER,1990-02-20,1990-02-23,21.0,100.0,132815.0,,,Heavy rain,,1.0,2277.0,,1466,match:2277.0,True,incompatible_date_intervals;multiple_emdat_event_ids
EM-DAT,1990-0322-PER,Peru,PER,1990-02-20,1990-02-23,21.0,100.0,,,,Riverine flood,,,2277.0,,1467,match:2277.0,True,incompatible_date_intervals;multiple_emdat_event_ids
DFO,DFO-384,United States of America,USA,1989-12-15,1990-01-15,0.0,0.0,15159.0,,,Heavy rain,,1.0,2283.0,,1441,match:2283.0,True,multiple_dfo_event_ids
DFO,DFO-386,United States of America,USA,1990-01-09,1990-01-11,4.0,3000.0,86747.0,,,Heavy rain,,2.0,2283.0,,1447,match:2283.0,True,multiple_dfo_event_ids
EM-DAT,1990-0707-USA,United States of America,USA,1990-01-09,1990-01-11,3.0,3000.0,,,,Riverine flood,45000.0,86750.0,2283.0,,1448,match:2283.0,True,multiple_dfo_event_ids
DFO,DFO-345,Bangladesh,BGD,1989-08-01,1989-08-07,200.0,600000.0,9525.0,,,Monsoonal rain,,1.0,2287.0,,1395,match:2287.0,True,incompatible_date_intervals
EM-DAT,1989-0119-BGD,Bangladesh,BGD,1989-08-14,1989-08-14,180.0,200000.0,,,,Riverine flood,,,2287.0,,1409,match:2287.0,True,incompatible_date_intervals
DFO,DFO-334,India,IND,1989-07-05,1989-08-10,31.0,32000.0,112816.0,,,Monsoonal rain,,2.0,2289.0,,1362,match:2289.0,True,incompatible_date_intervals;multiple_dfo_event_ids;multiple_emdat_event_ids
DFO,DFO-330,India,IND,1989-07-22,1989-07-31,780.0,0.0,905209.0,,,Monsoonal rain,,1.0,2289.0,,1378,match:2289.0,True,incompatible_date_intervals;multiple_dfo_event_ids;multiple_emdat_event_ids
EM-DAT,1989-0091-IND,India,IND,1989-07-28,1989-07-28,1591.0,,,,,Riverine flood,,,2289.0,,1388,match:2289.0,True,incompatible_date_intervals;multiple_dfo_event_ids;multiple_emdat_event_ids
EM-DAT,1989-0260-IND,India,IND,1989-08-01,1989-08-01,18.0,2000.0,,,,Riverine flood,,,2289.0,,1396,match:2289.0,True,incompatible_date_intervals;multiple_dfo_event_ids;multiple_emdat_event_ids
DFO,DFO-320,China,CHN,1989-06-30,1989-07-20,18.0,22400.0,178425.0,,,Heavy rain,,1.0,2290.0,,1357,match:2290.0,True,incompatible_date_intervals;multiple_dfo_event_ids
DFO,DFO-317,China,CHN,1989-07-03,1989-07-07,38.0,30000.0,4579.0,,,Heavy rain,,1.0,2290.0,,1360,match:2290.0,True,incompatible_date_intervals;multiple_dfo_event_ids
DFO,DFO-319,China,CHN,1989-07-06,1989-07-10,1377.0,0.0,1006.0,,,Heavy rain,,1.0,2290.0,,1363,match:2290.0,True,incompatible_date_intervals;multiple_dfo_event_ids
DFO,DFO-322,China,CHN,1989-07-07,1989-07-20,50.0,410000.0,19169.0,,,Heavy rain,,1.0,2290.0,,1365,match:2290.0,True,incompatible_date_intervals;multiple_dfo_event_ids
DFO,DFO-324,China,CHN,1989-07-10,1989-07-17,50.0,48000.0,207057.0,,,Heavy rain,,1.0,2290.0,,1366,match:2290.0,True,incompatible_date_intervals;multiple_dfo_event_ids
DFO,DFO-321,China,CHN,1989-07-11,1989-07-23,814.0,0.0,321490.0,,,Heavy rain,,1.0,2290.0,,1367,match:2290.0,True,incompatible_date_intervals;multiple_dfo_event_ids
EM-DAT,1989-0087-CHN,China,CHN,1989-07-14,1989-07-14,2000.0,100010000.0,,,,Flood (General),2789000.0,,2290.0,,1369,match:2290.0,True,incompatible_date_intervals;multiple_dfo_event_ids
DFO,DFO-326,China,CHN,1989-07-16,1989-07-27,107.0,1413.0,8441.0,,,Heavy rain,,1.0,2290.0,,1371,match:2290.0,True,incompatible_date_intervals;multiple_dfo_event_ids
DFO,DFO-331,China,CHN,1989-07-18,1989-07-26,63.0,0.0,192272.0,,,Monsoonal rain,,1.0,2290.0,,1372,match:2290.0,True,incompatible_date_intervals;multiple_dfo_event_ids
DFO,DFO-327,China,CHN,1989-07-19,1989-07-27,3.0,0.0,7717.0,,,Heavy rain,,1.0,2290.0,,1373,match:2290.0,True,incompatible_date_intervals;multiple_dfo_event_ids
DFO,DFO-328,China,CHN,1989-07-20,1989-07-25,0.0,0.0,85600.0,,,Tropical cyclone,,1.0,2290.0,,1375,match:2290.0,True,incompatible_date_intervals;multiple_dfo_event_ids
DFO,DFO-339,China,CHN,1989-07-20,1989-07-29,104.0,20000.0,215083.0,,,Tropical cyclone,,1.0,2290.0,,1376,match:2290.0,True,incompatible_date_intervals;multiple_dfo_event_ids
DFO,DFO-329,China,CHN,1989-07-21,1989-07-31,24.0,16000.0,12533.0,,,Heavy rain,,1.0,2290.0,,1377,match:2290.0,True,incompatible_date_intervals;multiple_dfo_event_ids
DFO,DFO-312,Brazil,BRA,1989-07-05,1989-07-16,33.0,410000.0,27546.0,,,Heavy rain,,2.0,2291.0,,1361,match:2291.0,True,incompatible_date_intervals
EM-DAT,1989-0064-BRA,Brazil,BRA,1989-07-19,1989-07-19,35.0,528000.0,,,,Riverine flood,,,2291.0,,1374,match:2291.0,True,incompatible_date_intervals
DFO,DFO-297,Brazil,BRA,1989-04-08,1989-04-15,34.0,4080.0,403770.0,,,Heavy rain,,1.0,2293.0,,1332,match:2293.0,True,incompatible_date_intervals;multiple_emdat_event_ids
EM-DAT,1989-0362-BRA,Brazil,BRA,1989-04-12,1989-04-12,23.0,,,,,Flood (General),,,2293.0,,1335,match:2293.0,True,incompatible_date_intervals;multiple_emdat_event_ids
EM-DAT,1989-0061-BRA,Brazil,BRA,1989-04-21,1989-04-21,44.0,305944.0,,,,Flood (General),,,2293.0,,1337,match:2293.0,True,incompatible_date_intervals;multiple_emdat_event_ids
EM-DAT,1989-0396-AUS,Australia,AUS,1989-04-01,1989-04-01,9.0,,,,,Flood (General),,,2295.0,,1326,match:2295.0,True,incompatible_date_intervals
DFO,DFO-296,Australia,AUS,1989-04-04,1989-04-08,2.0,1000.0,51942.0,,,Tropical cyclone,,1.0,2295.0,,1327,match:2295.0,True,incompatible_date_intervals
DFO,DFO-281,Philippines,PHL,1989-01-25,1989-02-08,72.0,551051.0,35395.0,,,Monsoonal rain,,1.0,2297.0,,1303,match:2297.0,True,incompatible_date_intervals
EM-DAT,1989-0094-PHL,Philippines,PHL,1989-02-09,1989-02-09,44.0,260011.0,,,,Flood (General),6000.0,,2297.0,,1311,match:2297.0,True,incompatible_date_intervals
DFO,DFO-272,Indonesia,IDN,1988-12-17,1988-12-19,40.0,0.0,7438.0,,,Torrential rain,,1.0,2298.0,,1286,match:2298.0,True,incompatible_date_intervals
EM-DAT,1988-0494-IDN,Indonesia,IDN,1988-12-20,1988-12-20,158.0,100000.0,,,,Riverine flood,4600.0,,2298.0,,1287,match:2298.0,True,incompatible_date_intervals
DFO,DFO-228,India,IND,1988-08-23,1988-09-15,876.0,2000.0,626872.0,,,Monsoonal rain,,1.0,2301.0,,1227,match:2301.0,True,incompatible_date_intervals;multiple_dfo_event_ids
DFO,DFO-253,India,IND,1988-09-21,1988-10-08,731.0,1250000.0,268529.0,,,Heavy rain,,2.0,2301.0,,1258,match:2301.0,True,incompatible_date_intervals;multiple_dfo_event_ids
EM-DAT,1988-0438-IND,India,IND,1988-09-22,1988-10-09,1000.0,221000.0,,,,Riverine flood,18000.0,,2301.0,,1261,match:2301.0,True,incompatible_date_intervals;multiple_dfo_event_ids
DFO,DFO-255,India,IND,1988-10-03,1988-10-04,23.0,0.0,605.0,,,Heavy rain,,1.0,2301.0,,1265,match:2301.0,True,incompatible_date_intervals;multiple_dfo_event_ids
DFO,DFO-209,China,CHN,1988-07-21,1988-08-19,0.0,76000.0,9150.0,,,Torrential rain,,1.0,2303.0,,1185,match:2303.0,True,incompatible_date_intervals;multiple_dfo_event_ids;multiple_emdat_event_ids
DFO,DFO-210,China,CHN,1988-07-23,1988-07-23,54.0,12000.0,33131.0,,,Heavy rain,,1.0,2303.0,,1186,match:2303.0,True,incompatible_date_intervals;multiple_dfo_event_ids;multiple_emdat_event_ids
EM-DAT,1988-0320-CHN,China,CHN,1988-07-23,1988-07-23,54.0,10000.0,,,,Flash flood,,,2303.0,,1187,match:2303.0,True,incompatible_date_intervals;multiple_dfo_event_ids;multiple_emdat_event_ids
DFO,DFO-212,China,CHN,1988-07-29,1988-08-05,264.0,64000.0,18767.0,,,Torrential rain,,2.0,2303.0,,1191,match:2303.0,True,incompatible_date_intervals;multiple_dfo_event_ids;multiple_emdat_event_ids
DFO,DFO-216,China,CHN,1988-08-06,1988-08-06,50.0,30000.0,36878.0,,,Heavy rain,,1.0,2303.0,,1207,match:2303.0,True,incompatible_date_intervals;multiple_dfo_event_ids;multiple_emdat_event_ids
EM-DAT,1988-0363-CHN,China,CHN,1988-08-06,1988-08-06,204.0,30000.0,,,,Flash flood,,300.0,2303.0,,1208,match:2303.0,True,incompatible_date_intervals;multiple_dfo_event_ids;multiple_emdat_event_ids
DFO,DFO-218,China,CHN,1988-08-07,1988-08-08,117.0,188000.0,12334.0,,,Tropical cyclone,,1.0,2303.0,,1209,match:2303.0,True,incompatible_date_intervals;multiple_dfo_event_ids;multiple_emdat_event_ids
DFO,DFO-226,China,CHN,1988-08-09,1988-08-18,34.0,80000.0,153101.0,,,Heavy rain,,1.0,2303.0,,1212,match:2303.0,True,incompatible_date_intervals;multiple_dfo_event_ids;multiple_emdat_event_ids
DFO,DFO-219,China,CHN,1988-08-10,1988-08-15,10.0,64000.0,53818.0,,,Torrential rain,,1.0,2303.0,,1213,match:2303.0,True,incompatible_date_intervals;multiple_dfo_event_ids;multiple_emdat_event_ids
DFO,DFO-223,China,CHN,1988-08-13,1988-08-14,163.0,12000.0,7256.0,,,Heavy rain,,1.0,2303.0,,1216,match:2303.0,True,incompatible_date_intervals;multiple_dfo_event_ids;multiple_emdat_event_ids
DFO,DFO-233,China,CHN,1988-08-23,1988-08-24,0.0,10000.0,16810.0,,,Heavy rain,,1.0,2303.0,,1228,match:2303.0,True,incompatible_date_intervals;multiple_dfo_event_ids;multiple_emdat_event_ids
EM-DAT,1988-0388-CHN,China,CHN,1988-08-24,1988-08-24,,280000.0,,,,Riverine flood,,,2303.0,,1232,match:2303.0,True,incompatible_date_intervals;multiple_dfo_event_ids;multiple_emdat_event_ids
DFO,DFO-238,China,CHN,1988-08-31,1988-09-06,58.0,300000.0,50318.0,,,Heavy rain,,2.0,2303.0,,1238,match:2303.0,True,incompatible_date_intervals;multiple_dfo_event_ids;multiple_emdat_event_ids
EM-DAT,1988-0401-CHN,China,CHN,1988-09-01,1988-09-01,58.0,300505.0,,,,Flood (General),256000.0,10000.0,2303.0,,1241,match:2303.0,True,incompatible_date_intervals;multiple_dfo_event_ids;multiple_emdat_event_ids
EM-DAT,1988-0402-CHN,China,CHN,1988-09-01,1988-09-01,170.0,110000.0,,,,Riverine flood,540000.0,,2303.0,,1242,match:2303.0,True,incompatible_date_intervals;multiple_dfo_event_ids;multiple_emdat_event_ids
DFO,DFO-246,China,CHN,1988-09-05,1988-09-14,0.0,100000.0,47835.0,,,Heavy rain,,2.0,2303.0,,1246,match:2303.0,True,incompatible_date_intervals;multiple_dfo_event_ids;multiple_emdat_event_ids
EM-DAT,1988-0387-SLV,El Salvador,SLV,1988-08-24,1988-08-24,33.0,39060.0,,,,Riverine flood,,95.0,2304.0,,1231,match:2304.0,True,incompatible_date_intervals
DFO,DFO-237,El Salvador,SLV,1988-08-25,1988-08-29,50.0,25850.0,17910.0,,,Heavy rain,,1.0,2304.0,,1233,match:2304.0,True,incompatible_date_intervals
DFO,DFO-239,Iran (Islamic Republic of),IRN,1988-08-25,1988-08-25,25.0,0.0,1150.0,,,Heavy rain,,1.0,2305.0,,1234,match:2305.0,True,incompatible_date_intervals
EM-DAT,1988-0392-IRN,Iran (Islamic Republic of),IRN,1988-08-26,1988-08-26,90.0,150000.0,,,,Flood (General),150000.0,,2305.0,,1235,match:2305.0,True,incompatible_date_intervals
EM-DAT,1988-0242-BGD,Bangladesh,BGD,1988-06-01,1988-09-01,2379.0,45000000.0,,,,Flood (General),2137000.0,60000.0,2306.0,,1150,match:2306.0,True,incompatible_date_intervals;multiple_dfo_event_ids;multiple_emdat_event_ids
DFO,DFO-188,Bangladesh,BGD,1988-06-14,1988-06-20,8.0,15000.0,66356.0,,,Heavy rain,,1.0,2306.0,,1160,match:2306.0,True,incompatible_date_intervals;multiple_dfo_event_ids;multiple_emdat_event_ids
DFO,DFO-193,Bangladesh,BGD,1988-06-27,1988-08-15,254.0,5250000.0,98284.0,,,Monsoonal rain,,1.0,2306.0,,1165,match:2306.0,True,incompatible_date_intervals;multiple_dfo_event_ids;multiple_emdat_event_ids
EM-DAT,1988-0294-BGD,Bangladesh,BGD,1988-07-01,1988-07-01,61.0,,,,,Riverine flood,,1200.0,2306.0,,1169,match:2306.0,True,incompatible_date_intervals;multiple_dfo_event_ids;multiple_emdat_event_ids
DFO,DFO-227,Bangladesh,BGD,1988-08-20,1988-10-03,0.0,0.0,138855.0,,,Monsoonal rain,,2.0,2306.0,,1222,match:2306.0,True,incompatible_date_intervals;multiple_dfo_event_ids;multiple_emdat_event_ids
EM-DAT,1988-0377-VEN,Venezuela (Bolivarian Republic of),VEN,1988-08-15,1988-08-15,3.0,5000.0,,,,Riverine flood,,,2308.0,,1218,match:2308.0,True,incompatible_date_intervals
DFO,DFO-224,Venezuela (Bolivarian Republic of),VEN,1988-08-16,1988-08-23,10.0,12000.0,145563.0,,,Heavy rain,,1.0,2308.0,,1219,match:2308.0,True,incompatible_date_intervals
EM-DAT,1988-0334-NGA,Nigeria,NGA,1988-08-01,1988-08-01,130.0,300000.0,,,,Riverine flood,,,2309.0,,1196,match:2309.0,True,incompatible_date_intervals
DFO,DFO-225,Nigeria,NGA,1988-08-07,1988-08-20,53.0,0.0,60618.0,,,Heavy rain,,2.0,2309.0,,1210,match:2309.0,True,incompatible_date_intervals
EM-DAT,1988-0327-VEN,Venezuela (Bolivarian Republic of),VEN,1988-07-25,1988-07-25,63.0,480.0,,,,Riverine flood,,,2311.0,,1189,match:2311.0,True,incompatible_date_intervals
DFO,DFO-213,Venezuela (Bolivarian Republic of),VEN,1988-07-31,1988-07-31,2.0,0.0,910.0,,,Heavy rain,,1.0,2311.0,,1192,match:2311.0,True,incompatible_date_intervals
DFO,DFO-196,India,IND,1988-07-04,1988-08-08,233.0,500000.0,847737.0,,,Monsoonal rain,,2.0,2312.0,,1171,match:2312.0,True,incompatible_date_intervals;multiple_dfo_event_ids
DFO,DFO-203,India,IND,1988-07-14,1988-07-27,97.0,25000.0,76353.0,,,Heavy rain,,1.0,2312.0,,1178,match:2312.0,True,incompatible_date_intervals;multiple_dfo_event_ids
DFO,DFO-214,India,IND,1988-07-31,1988-08-02,50.0,0.0,94872.0,,,Heavy rain,,1.0,2312.0,,1193,match:2312.0,True,incompatible_date_intervals;multiple_dfo_event_ids
EM-DAT,1988-0703-IND,India,IND,1988-08-01,1988-08-01,850.0,5600000.0,,,,Flood (General),,,2312.0,,1204,match:2312.0,True,incompatible_date_intervals;multiple_dfo_event_ids
EM-DAT,1988-0611-NZL,New Zealand,NZL,1988-07-24,1988-07-24,,1200.0,,,,Flood (General),,,2313.0,,1188,match:2313.0,True,incompatible_date_intervals
DFO,DFO-211,New Zealand,NZL,1988-07-27,1988-07-27,1.0,52.0,48972.0,,,Heavy rain,,1.0,2313.0,,1190,match:2313.0,True,incompatible_date_intervals
EM-DAT,1988-0696-JPN,Japan,JPN,1988-07-09,1988-07-09,27.0,,,,,Riverine flood,,,2315.0,,1176,match:2315.0,True,incompatible_date_intervals
DFO,DFO-202,Japan,JPN,1988-07-15,1988-07-15,4.0,0.0,3682.0,,,Heavy rain,,1.0,2315.0,,1179,match:2315.0,True,incompatible_date_intervals
DFO,DFO-187,Türkiye,TUR,1988-06-12,1988-06-12,16.0,400.0,229.0,,,Torrential rain,,1.0,2316.0,,1157,match:2316.0,True,incompatible_date_intervals
EM-DAT,1988-0684-TUR,Türkiye,TUR,1988-06-13,1988-06-13,13.0,1500.0,,,,Flash flood,,,2316.0,,1159,match:2316.0,True,incompatible_date_intervals
EM-DAT,1988-0224-CUB,Cuba,CUB,1988-05-26,1988-05-26,23.0,90012.0,,,,Riverine flood,,,2317.0,,1142,match:2317.0,True,incompatible_date_intervals
DFO,DFO-182,Cuba,CUB,1988-05-30,1988-06-06,24.0,65000.0,34416.0,,,Heavy rain,,1.0,2317.0,,1143,match:2317.0,True,incompatible_date_intervals
DFO,DFO-179,China,CHN,1988-05-19,1988-05-28,125.0,2800000.0,40595.0,,,Heavy rain,,1.0,2318.0,,1137,match:2318.0,True,incompatible_date_intervals;multiple_dfo_event_ids;multiple_emdat_event_ids
EM-DAT,1988-0215-CHN,China,CHN,1988-05-20,1988-05-20,158.0,2880000.0,,,,Riverine flood,91644.0,3500.0,2318.0,,1138,match:2318.0,True,incompatible_date_intervals;multiple_dfo_event_ids;multiple_emdat_event_ids
DFO,DFO-181,China,CHN,1988-05-24,1988-05-26,5.0,8000.0,6755.0,,,Heavy rain,,1.0,2318.0,,1141,match:2318.0,True,incompatible_date_intervals;multiple_dfo_event_ids;multiple_emdat_event_ids
EM-DAT,1988-0240-CHN,China,CHN,1988-06-01,1988-06-01,22.0,35000.0,,,,Riverine flood,12000.0,,2318.0,,1149,match:2318.0,True,incompatible_date_intervals;multiple_dfo_event_ids;multiple_emdat_event_ids
EM-DAT,1988-0116-ARG,Argentina,ARG,1988-03-23,1988-03-23,25.0,4600000.0,,,,Riverine flood,490000.0,,2322.0,,1121,match:2322.0,True,incompatible_date_intervals
DFO,DFO-171,Argentina,ARG,1988-03-25,1988-03-28,24.0,57000.0,11057.0,,,Heavy rain,,1.0,2322.0,,1122,match:2322.0,True,incompatible_date_intervals
DFO,DFO-169,Peru,PER,1988-02-22,1988-02-22,0.0,0.0,5174.0,,,Heavy rain,,1.0,2323.0,,1117,match:2323.0,True,incompatible_date_intervals
EM-DAT,1988-0093-PER,Peru,PER,1988-02-24,1988-02-24,38.0,,,,,Riverine flood,,,2323.0,,1118,match:2323.0,True,incompatible_date_intervals
EM-DAT,1987-0170-GTM,Guatemala,GTM,1987-09-30,1987-09-30,84.0,6515.0,,,,Flood (General),,,2327.0,,1078,match:2327.0,True,incompatible_date_intervals
DFO,DFO-153,Guatemala,GTM,1987-10-01,1987-10-08,36.0,3500.0,70305.0,,,Torrential rain,,1.0,2327.0,,1079,match:2327.0,True,incompatible_date_intervals
DFO,DFO-147,China,CHN,1987-08-26,1987-08-27,51.0,6000.0,16385.0,,,Torrential rain,,1.0,2330.0,,1065,match:2330.0,True,incompatible_date_intervals;multiple_dfo_event_ids
EM-DAT,1987-0408-CHN,China,CHN,1987-08-26,1987-08-26,51.0,,,,,Riverine flood,,,2330.0,,1066,match:2330.0,True,incompatible_date_intervals;multiple_dfo_event_ids
DFO,DFO-149,China,CHN,1987-08-27,1987-09-15,0.0,0.0,100391.0,,,Heavy rain,,1.0,2330.0,,1067,match:2330.0,True,incompatible_date_intervals;multiple_dfo_event_ids
EM-DAT,1987-0132-BGD,Bangladesh,BGD,1987-07-22,1987-07-22,2055.0,29700000.0,,,,Riverine flood,330000.0,18972.0,2332.0,,1053,match:2332.0,True,incompatible_date_intervals;multiple_emdat_event_ids
DFO,DFO-146,Bangladesh,BGD,1987-07-23,1987-09-24,880.0,500000.0,240065.0,,,Heavy rain,,2.0,2332.0,,1055,match:2332.0,True,incompatible_date_intervals;multiple_emdat_event_ids
EM-DAT,1987-0319-BGD,Bangladesh,BGD,1987-08-01,1987-08-01,225.0,,,,,Flood (General),727500.0,,2332.0,,1060,match:2332.0,True,incompatible_date_intervals;multiple_emdat_event_ids
DFO,DFO-136,China,CHN,1987-06-24,1987-07-02,40.0,0.0,139927.0,,,Heavy rain,,1.0,2333.0,,1037,match:2333.0,True,incompatible_date_intervals;multiple_dfo_event_ids;multiple_emdat_event_ids
DFO,DFO-138,China,CHN,1987-07-02,1987-07-23,56.0,25600.0,268071.0,,,Heavy rain,,1.0,2333.0,,1039,match:2333.0,True,incompatible_date_intervals;multiple_dfo_event_ids;multiple_emdat_event_ids
EM-DAT,1987-0393-CHN,China,CHN,1987-07-05,1987-07-05,56.0,,,,,Riverine flood,,,2333.0,,1042,match:2333.0,True,incompatible_date_intervals;multiple_dfo_event_ids;multiple_emdat_event_ids
DFO,DFO-143,China,CHN,1987-07-16,1987-07-21,2.0,44000.0,637522.0,,,Snowmelt,,1.0,2333.0,,1049,match:2333.0,True,incompatible_date_intervals;multiple_dfo_event_ids;multiple_emdat_event_ids
EM-DAT,1987-0134-CHN,China,CHN,1987-07-28,1987-07-28,20.0,590129.0,,,,Flood (General),,,2333.0,,1058,match:2333.0,True,incompatible_date_intervals;multiple_dfo_event_ids;multiple_emdat_event_ids
DFO,DFO-120,Bolivia (Plurinational State of),BOL,1987-01-20,1987-01-30,20.0,3000.0,12805.0,,,Heavy rain,,1.0,2342.0,,996,match:2342.0,True,incompatible_date_intervals
EM-DAT,1987-0053-BOL,Bolivia (Plurinational State of),BOL,1987-02-01,1987-02-01,25.0,20000.0,,,,Riverine flood,,500.0,2342.0,,1002,match:2342.0,True,incompatible_date_intervals
EM-DAT,1986-0144-MDG,Madagascar,MDG,1986-12-29,1986-12-29,,28223.0,,,,Flood (General),,,2343.0,,991,match:2343.0,True,incompatible_date_intervals
DFO,DFO-118,Madagascar,MDG,1987-01-01,1987-01-26,2.0,40220.0,45555.0,,,Torrential rain,,1.0,2343.0,,992,match:2343.0,True,incompatible_date_intervals
EM-DAT,1986-0126-IDN,Indonesia,IDN,1986-10-24,1986-10-24,96.0,20000.0,,,,Riverine flood,,,2346.0,,982,match:2346.0,True,incompatible_date_intervals
DFO,DFO-112,Indonesia,IDN,1986-10-27,1986-11-03,93.0,31000.0,79415.0,,,Heavy rain,,2.0,2346.0,,983,match:2346.0,True,incompatible_date_intervals
DFO,DFO-105,United States of America,USA,1986-09-25,1986-10-05,1.0,700.0,49215.0,,,Heavy rain,,2.0,2349.0,,970,match:2349.0,True,multiple_dfo_event_ids
DFO,DFO-107,United States of America,USA,1986-09-26,1986-10-13,10.0,55000.0,107661.0,,,Heavy rain,,2.0,2349.0,,971,match:2349.0,True,multiple_dfo_event_ids
EM-DAT,1986-0237-USA,United States of America,USA,1986-10-01,1986-10-01,,,,,,Flood (General),,,2349.0,,976,match:2349.0,True,multiple_dfo_event_ids
EM-DAT,1986-0233-MEX,Mexico,MEX,1986-09-01,1986-09-01,20.0,,,,,Riverine flood,,,2351.0,,964,match:2351.0,True,incompatible_date_intervals
DFO,DFO-103,Mexico,MEX,1986-09-04,1986-09-08,20.0,5000.0,14136.0,,,Heavy rain,,1.0,2351.0,,966,match:2351.0,True,incompatible_date_intervals
EM-DAT,1986-0092-URY,Uruguay,URY,1986-08-01,1986-08-01,,18500.0,,,,Riverine flood,,,2352.0,,952,match:2352.0,True,incompatible_date_intervals
DFO,DFO-99,Uruguay,URY,1986-08-04,1986-08-16,0.0,16000.0,48841.0,,,Heavy rain,,1.0,2352.0,,956,match:2352.0,True,incompatible_date_intervals
DFO,DFO-94,China,CHN,1986-06-25,1986-08-24,0.0,800000.0,599143.0,,,Torrential rain,,1.0,2353.0,,939,match:2353.0,True,incompatible_date_intervals;multiple_dfo_event_ids;multiple_emdat_event_ids
EM-DAT,1986-0229-CHN,China,CHN,1986-07-01,1986-07-01,233.0,7000000.0,,,,Flood (General),1210.0,,2353.0,,943,match:2353.0,True,incompatible_date_intervals;multiple_dfo_event_ids;multiple_emdat_event_ids
DFO,DFO-92,China,CHN,1986-07-21,1986-07-31,73.0,50000.0,116843.0,,,Tropical cyclone,,1.0,2353.0,,948,match:2353.0,True,incompatible_date_intervals;multiple_dfo_event_ids;multiple_emdat_event_ids
EM-DAT,1986-0086-CHN,China,CHN,1986-08-01,1986-08-01,80.0,2800000.0,,,,Flood (General),1500000.0,10000.0,2353.0,,951,match:2353.0,True,incompatible_date_intervals;multiple_dfo_event_ids;multiple_emdat_event_ids
EM-DAT,1986-0187-CAN,Canada,CAN,1986-07-15,1986-07-15,,4500.0,,,,Riverine flood,30000.0,,2354.0,,946,match:2354.0,True,incompatible_date_intervals
DFO,DFO-91,Canada,CAN,1986-07-18,1986-07-22,0.0,1000.0,46914.0,,,Heavy rain,,2.0,2354.0,,947,match:2354.0,True,incompatible_date_intervals
EM-DAT,1986-0059-THA,Thailand,THA,1986-05-08,1986-05-08,42.0,27801.0,,,,Riverine flood,2000.0,,2357.0,,924,match:2357.0,True,incompatible_date_intervals
DFO,DFO-78,Thailand,THA,1986-05-09,1986-05-12,32.0,0.0,83451.0,,,Monsoonal rain,,2.0,2357.0,,925,match:2357.0,True,incompatible_date_intervals
EM-DAT,1986-0225-IRN,Iran (Islamic Republic of),IRN,1986-04-28,1986-04-28,65.0,,,,,Flood (General),30000.0,,2358.0,,922,match:2358.0,True,incompatible_date_intervals
DFO,DFO-77,Iran (Islamic Republic of),IRN,1986-05-02,1986-05-06,26.0,1000.0,206211.0,,,Heavy rain,,1.0,2358.0,,923,match:2358.0,True,incompatible_date_intervals
DFO,DFO-69,United States of America,USA,1985-12-30,1985-12-31,0.0,100.0,2797.0,,,Heavy rain,,1.0,2363.0,,895,match:2363.0,True,incompatible_date_intervals;multiple_dfo_event_ids
DFO,DFO-70,United States of America,USA,1986-01-01,1986-01-06,0.0,100.0,1742.0,,,Ice jam/break-up,,1.0,2363.0,,896,match:2363.0,True,incompatible_date_intervals;multiple_dfo_event_ids
EM-DAT,1986-0380-USA,United States of America,USA,1986-01-01,1986-01-01,,2000.0,,,,Flood (General),25000.0,,2363.0,,899,match:2363.0,True,incompatible_date_intervals;multiple_dfo_event_ids
EM-DAT,1985-0138-VEN,Venezuela (Bolivarian Republic of),VEN,1985-12-01,1985-12-01,38.0,15000.0,,,,Flood (General),,16690.0,2364.0,,891,match:2364.0,True,incompatible_date_intervals
DFO,DFO-67,Venezuela (Bolivarian Republic of),VEN,1985-12-02,1985-12-05,24.0,15000.0,19688.0,,,Heavy rain,,1.0,2364.0,,892,match:2364.0,True,incompatible_date_intervals
DFO,DFO-35,China,CHN,1985-07-20,1985-09-02,200.0,2000000.0,994498.0,,,Tropical cyclone,,2.0,2371.0,,837,match:2371.0,True,incompatible_date_intervals;multiple_dfo_event_ids;multiple_emdat_event_ids
DFO,DFO-38,China,CHN,1985-08-01,1985-08-02,3.0,200000.0,58279.0,,,Heavy rain,,1.0,2371.0,,841,match:2371.0,True,incompatible_date_intervals;multiple_dfo_event_ids;multiple_emdat_event_ids
EM-DAT,1985-0088-CHN,China,CHN,1985-08-01,1985-08-01,422.0,,,,,Flood (General),,290680.0,2371.0,,842,match:2371.0,True,incompatible_date_intervals;multiple_dfo_event_ids;multiple_emdat_event_ids
EM-DAT,1985-0091-CHN,China,CHN,1985-08-01,1985-08-01,300.0,2000.0,,,,Flood (General),350000.0,10000.0,2371.0,,844,match:2371.0,True,incompatible_date_intervals;multiple_dfo_event_ids;multiple_emdat_event_ids
DFO,DFO-41,China,CHN,1985-08-06,1985-08-09,283.0,14000.0,146691.0,,,Heavy rain,,1.0,2371.0,,849,match:2371.0,True,incompatible_date_intervals;multiple_dfo_event_ids;multiple_emdat_event_ids
DFO,DFO-44,China,CHN,1985-08-30,1985-09-03,147.0,0.0,38003.0,,,Tropical cyclone,,1.0,2371.0,,854,match:2371.0,True,incompatible_date_intervals;multiple_dfo_event_ids;multiple_emdat_event_ids
DFO,DFO-45,China,CHN,1985-08-30,1985-09-08,0.0,200000.0,49644.0,,,Heavy rain,,1.0,2371.0,,855,match:2371.0,True,incompatible_date_intervals;multiple_dfo_event_ids;multiple_emdat_event_ids
DFO,DFO-48,China,CHN,1985-09-01,1985-09-04,26.0,70000.0,11099.0,,,Heavy rain,,1.0,2371.0,,858,match:2371.0,True,incompatible_date_intervals;multiple_dfo_event_ids;multiple_emdat_event_ids
EM-DAT,1985-0310-CHN,China,CHN,1985-09-01,1985-09-01,147.0,,,,,Flood (General),,,2371.0,,859,match:2371.0,True,incompatible_date_intervals;multiple_dfo_event_ids;multiple_emdat_event_ids
EM-DAT,1985-0092-NPL,Nepal,NPL,1985-08-01,1985-08-01,46.0,62557.0,,,,Flood (General),,,2374.0,,845,match:2374.0,True,incompatible_date_intervals
DFO,DFO-40,Nepal,NPL,1985-08-04,1985-08-05,3.0,160.0,12488.0,,,Heavy rain,,2.0,2374.0,,847,match:2374.0,True,incompatible_date_intervals
DFO,DFO-29,Bangladesh,BGD,1985-07-03,1985-07-04,2.0,77000.0,6447.0,,,Heavy rain,,1.0,2375.0,,829,match:2375.0,True,incompatible_date_intervals
EM-DAT,1985-0299-BGD,Bangladesh,BGD,1985-07-05,1985-07-05,27.0,400000.0,,,,Flood (General),,404.0,2375.0,,830,match:2375.0,True,incompatible_date_intervals
EM-DAT,1985-0012-BGD,Bangladesh,BGD,1985-06-01,1985-06-01,7.0,100000.0,,,,Riverine flood,,8910.0,2377.0,,813,match:2377.0,True,incompatible_date_intervals
DFO,DFO-23,Bangladesh,BGD,1985-06-03,1985-06-22,7.0,100000.0,8910.0,,,Heavy rain,,2.0,2377.0,,818,match:2377.0,True,incompatible_date_intervals
DFO,DFO-17,China,CHN,1985-04-21,1985-04-29,0.0,200.0,300325.0,,,Ice jam/break-up,,1.0,2381.0,,801,match:2381.0,True,incompatible_date_intervals;multiple_emdat_event_ids
EM-DAT,1985-0304-CHN,China,CHN,1985-04-21,1985-04-21,,,,,,Flood (General),1350.0,300330.0,2381.0,,802,match:2381.0,True,incompatible_date_intervals;multiple_emdat_event_ids
EM-DAT,1985-0058-CHN,China,CHN,1985-05-01,1985-05-01,283.0,14000.0,,,,Flood (General),1400.0,,2381.0,,805,match:2381.0,True,incompatible_date_intervals;multiple_emdat_event_ids
EM-DAT,1985-0050-BRA,Brazil,BRA,1985-04-01,1985-04-01,100.0,600000.0,,,,Riverine flood,200000.0,678500.0,2383.0,,797,match:2383.0,True,incompatible_date_intervals
DFO,DFO-15,Brazil,BRA,1985-04-02,1985-04-17,32.0,700000.0,1970402.0,,,Heavy rain,,2.0,2383.0,,798,match:2383.0,True,incompatible_date_intervals
DFO,DFO-9,United States of America,USA,1985-02-22,1985-03-01,7.0,2250.0,210528.0,,,Rain and snowmelt,,2.0,2385.0,,786,match:2385.0,True,incompatible_date_intervals;multiple_dfo_event_ids
DFO,DFO-11,United States of America,USA,1985-03-03,1985-03-08,4.0,2400.0,26266.0,,,Rain and snowmelt,,2.0,2385.0,,791,match:2385.0,True,incompatible_date_intervals;multiple_dfo_event_ids
EM-DAT,1985-0166-USA,United States of America,USA,1985-03-03,1985-03-03,4.0,2400.0,,,,Riverine flood,,26270.0,2385.0,,792,match:2385.0,True,incompatible_date_intervals;multiple_dfo_event_ids
DFO,DFO-4,Indonesia,IDN,1985-02-04,1985-02-18,21.0,300.0,16542.0,,,Torrential rain,,1.0,2387.0,,777,match:2387.0,True,incompatible_date_intervals;multiple_dfo_event_ids;multiple_emdat_event_ids
EM-DAT,1985-0009-IDN,Indonesia,IDN,1985-02-04,1985-02-04,21.0,300.0,,,,Flash flood,,16540.0,2387.0,,778,match:2387.0,True,incompatible_date_intervals;multiple_dfo_event_ids;multiple_emdat_event_ids
DFO,DFO-8,Indonesia,IDN,1985-02-19,1985-02-23,10.0,2000.0,77091.0,,,Heavy rain,,1.0,2387.0,,784,match:2387.0,True,incompatible_date_intervals;multiple_dfo_event_ids;multiple_emdat_event_ids
EM-DAT,1985-0062-IDN,Indonesia,IDN,1985-02-19,1985-02-19,10.0,2000.0,,,,Riverine flood,,77090.0,2387.0,,785,match:2387.0,True,incompatible_date_intervals;multiple_dfo_event_ids;multiple_emdat_event_ids
DFO,DFO-3,Philippines,PHL,1985-01-20,1985-01-21,43.0,444.0,12846.0,,,Torrential rain,,1.0,2389.0,,773,match:2389.0,True,incompatible_date_intervals
EM-DAT,1985-0342-PHL,Philippines,PHL,1985-01-26,1985-01-26,54.0,444.0,,,,Riverine flood,,12850.0,2389.0,,774,match:2389.0,True,incompatible_date_intervals
DFO,DFO-5051,Colombia,COL,2021-04-01,2021-04-06,3.0,0.0,257392.0,,,Heavy rain,,1.0,239.0,,10442,match:239.0,True,incompatible_date_intervals;multiple_dfo_event_ids;multiple_emdat_event_ids
EM-DAT,2021-0182-COL,Colombia,COL,2021-04-01,2021-04-05,3.0,365.0,,,,Flood (General),,,239.0,,10444,match:239.0,True,incompatible_date_intervals;multiple_dfo_event_ids;multiple_emdat_event_ids
EM-DAT,2021-0219-COL,Colombia,COL,2021-04-11,2021-04-16,,3274.0,,,,Flash flood,,,239.0,,10451,match:239.0,True,incompatible_date_intervals;multiple_dfo_event_ids;multiple_emdat_event_ids
EM-DAT,2021-0214-COL,Colombia,COL,2021-04-14,2021-04-14,,1000.0,,,,Flood (General),,,239.0,,10453,match:239.0,True,incompatible_date_intervals;multiple_dfo_event_ids;multiple_emdat_event_ids
DFO,DFO-5060,Colombia,COL,2021-04-21,2021-04-30,0.0,0.0,11140.0,,,Heavy rain,,1.5,239.0,,10462,match:239.0,True,incompatible_date_intervals;multiple_dfo_event_ids;multiple_emdat_event_ids
EM-DAT,2021-0229-COL,Colombia,COL,2021-04-27,2021-04-29,,4800.0,,,,Riverine flood,,,239.0,,10470,match:239.0,True,incompatible_date_intervals;multiple_dfo_event_ids;multiple_emdat_event_ids
DFO,DFO-1,Algeria,DZA,1985-01-01,1985-01-05,26.0,3000.0,92616.0,,,Heavy rain,,1.0,2390.0,,770,match:2390.0,True,incompatible_date_intervals
EM-DAT,1985-0143-DZA,Algeria,DZA,1985-01-09,1985-01-09,26.0,15000.0,,,,Flood (General),,92650.0,2390.0,,771,match:2390.0,True,incompatible_date_intervals
EM-DAT,2021-0165-IDN,Indonesia,IDN,2021-03-17,2021-03-18,,1974.0,,,,Flood (General),,,242.0,,10430,match:242.0,True,incompatible_date_intervals;multiple_dfo_event_ids;multiple_emdat_event_ids
DFO,DFO-5049,Indonesia,IDN,2021-03-25,2021-03-26,0.0,39.0,15546.0,,,Torrential rain,,1.5,242.0,,10437,match:242.0,True,incompatible_date_intervals;multiple_dfo_event_ids;multiple_emdat_event_ids
EM-DAT,2021-0185-IDN,Indonesia,IDN,2021-03-25,2021-03-31,,75506.0,,,,Flood (General),,,242.0,,10438,match:242.0,True,incompatible_date_intervals;multiple_dfo_event_ids;multiple_emdat_event_ids
DFO,DFO-5053,Indonesia,IDN,2021-03-31,2021-04-04,0.0,100.0,36880.0,,,Torrential rain,,1.5,242.0,,10441,match:242.0,True,incompatible_date_intervals;multiple_dfo_event_ids;multiple_emdat_event_ids
DFO,DFO-5052,Indonesia • Timor-Leste,,2021-04-03,2021-04-10,150.0,8424.0,43034.0,,,Heavy rain,,2.0,242.0,transboundary (2 countries),10448,match:242.0,True,incompatible_date_intervals;multiple_dfo_event_ids;multiple_emdat_event_ids
EM-DAT,2021-0170-PER,Peru,PER,2021-03-20,2021-03-31,1.0,9000.0,,,,Flood (General),,,244.0,,10433,match:244.0,True,incompatible_date_intervals;multiple_emdat_event_ids
DFO,DFO-5054,Peru,PER,2021-04-01,2021-04-15,0.0,0.0,252707.0,,,Heavy rain,,1.0,244.0,,10443,match:244.0,True,incompatible_date_intervals;multiple_emdat_event_ids
EM-DAT,2021-0212-PER,Peru,PER,2021-04-01,2021-04-15,,2595.0,,,,Flood (General),,,244.0,,10445,match:244.0,True,incompatible_date_intervals;multiple_emdat_event_ids
EM-DAT,2021-0235-PER,Peru,PER,2021-04-20,2021-04-21,,105.0,,,,Flood (General),,,244.0,,10460,match:244.0,True,incompatible_date_intervals;multiple_emdat_event_ids
DFO,DFO-5047,Brazil,BRA,2021-03-23,2021-03-24,0.0,0.0,40391.0,,,Torrential rain,,1.0,245.0,,10436,match:245.0,True,incompatible_date_intervals
EM-DAT,2021-0202-BRA,Brazil,BRA,2021-03-26,2021-03-26,1.0,243.0,,,,Flash flood,,,245.0,,10439,match:245.0,True,incompatible_date_intervals
EM-DAT,2021-0117-USA,United States of America,USA,2021-02-25,2021-03-01,1.0,51.0,,,,Riverine flood,150000.0,,248.0,,10415,match:248.0,True,incompatible_date_intervals;multiple_dfo_event_ids;multiple_emdat_event_ids
DFO,DFO-5044,United States of America,USA,2021-02-28,2021-03-02,0.0,0.0,99258.0,,,Torrential rain,,1.5,248.0,,10416,match:248.0,True,incompatible_date_intervals;multiple_dfo_event_ids;multiple_emdat_event_ids
EM-DAT,2021-0150-USA,United States of America,USA,2021-03-08,2021-03-10,1.0,,,,,Flood (General),50000.0,,248.0,,10426,match:248.0,True,incompatible_date_intervals;multiple_dfo_event_ids;multiple_emdat_event_ids
DFO,DFO-5037,United States of America,USA,2021-03-09,2021-03-11,0.0,100.0,11889.0,,,Heavy rain,,2.0,248.0,,10427,match:248.0,True,incompatible_date_intervals;multiple_dfo_event_ids;multiple_emdat_event_ids
DFO,DFO-5482,India,IND,2023-10-04,2023-10-04,92.0,12400.0,21138.0,,,Ice jam/break-up,,1.5,25.0,,11349,match:25.0,True,incompatible_date_intervals
EM-DAT,2023-0622-IND,India,IND,2023-10-05,2023-10-05,178.0,88400.0,,,,Glacial lake outburst flood,,,25.0,,11351,match:25.0,True,incompatible_date_intervals
EM-DAT,2021-0098-PER,Peru,PER,2021-02-12,2021-02-20,10.0,12000.0,,,,Riverine flood,25000.0,,250.0,,10397,match:250.0,True,incompatible_date_intervals;multiple_dfo_event_ids;multiple_emdat_event_ids
EM-DAT,2021-0094-PER,Peru,PER,2021-02-16,2021-02-19,10.0,84.0,,,,Flood (General),,,250.0,,10400,match:250.0,True,incompatible_date_intervals;multiple_dfo_event_ids;multiple_emdat_event_ids
DFO,DFO-5043,Peru,PER,2021-02-23,2021-03-01,0.0,4000.0,99073.0,,,Heavy rain,,1.5,250.0,,10410,match:250.0,True,incompatible_date_intervals;multiple_dfo_event_ids;multiple_emdat_event_ids
DFO,DFO-5042,Peru,PER,2021-03-02,2021-03-05,0.0,100.0,55125.0,,,Torrential rain,,1.5,250.0,,10420,match:250.0,True,incompatible_date_intervals;multiple_dfo_event_ids;multiple_emdat_event_ids
EM-DAT,2021-0145-PER,Peru,PER,2021-03-03,2021-03-04,,561.0,,,,Riverine flood,,,250.0,,10422,match:250.0,True,incompatible_date_intervals;multiple_dfo_event_ids;multiple_emdat_event_ids
EM-DAT,2021-0071-MAR,Morocco,MAR,2021-02-01,2021-02-28,24.0,10.0,,,,Flood (General),,,251.0,,10384,match:251.0,True,incompatible_date_intervals;multiple_emdat_event_ids
DFO,DFO-5040,Morocco,MAR,2021-03-01,2021-03-23,0.0,0.0,10826.0,,,Torrential rain,,1.5,251.0,,10417,match:251.0,True,incompatible_date_intervals;multiple_emdat_event_ids
EM-DAT,2021-0118-MAR,Morocco,MAR,2021-03-01,2021-03-02,,1375.0,,,,Flash flood,,,251.0,,10418,match:251.0,True,incompatible_date_intervals;multiple_emdat_event_ids
DFO,DFO-5034,Australia,AUS,2021-02-22,2021-02-28,0.0,250.0,267224.0,,,Heavy rain,,1.0,252.0,,10408,match:252.0,True,multiple_dfo_event_ids
EM-DAT,2021-0103-AUS,Australia,AUS,2021-02-23,2021-02-26,,250.0,,,,Flood (General),,,252.0,,10411,match:252.0,True,multiple_dfo_event_ids
DFO,DFO-5035,Australia,AUS,2021-02-24,2021-02-28,0.0,75.0,82784.0,,,Heavy rain,,1.5,252.0,,10413,match:252.0,True,multiple_dfo_event_ids
DFO,DFO-5027,Indonesia,IDN,2021-02-19,2021-02-22,5.0,32000.0,13179.0,,,Heavy rain,,1.5,253.0,,10404,match:253.0,True,incompatible_date_intervals;multiple_dfo_event_ids;multiple_emdat_event_ids
EM-DAT,2021-0088-IDN,Indonesia,IDN,2021-02-19,2021-02-23,7.0,228650.0,,,,Flood (General),50000.0,,253.0,,10405,match:253.0,True,incompatible_date_intervals;multiple_dfo_event_ids;multiple_emdat_event_ids
DFO,DFO-5033,Indonesia,IDN,2021-02-22,2021-02-28,1.0,36000.0,8569.0,,,Heavy rain,,1.5,253.0,,10407,match:253.0,True,incompatible_date_intervals;multiple_dfo_event_ids;multiple_emdat_event_ids
EM-DAT,2021-0104-IDN,Indonesia,IDN,2021-02-23,2021-02-26,1.0,90590.0,,,,Flood (General),,,253.0,,10412,match:253.0,True,incompatible_date_intervals;multiple_dfo_event_ids;multiple_emdat_event_ids
EM-DAT,2021-0087-BRA,Brazil,BRA,2021-02-10,2021-02-22,6.0,100000.0,,,,Flood (General),36000.0,,254.0,,10393,match:254.0,True,multiple_dfo_event_ids
DFO,DFO-5028,Brazil,BRA,2021-02-18,2021-02-22,2.0,0.0,118513.0,,,Heavy rain,,1.0,254.0,,10401,match:254.0,True,multiple_dfo_event_ids
DFO,DFO-5030,Brazil,BRA,2021-02-18,2021-02-22,0.0,0.0,128811.0,,,Heavy rain,,1.5,254.0,,10402,match:254.0,True,multiple_dfo_event_ids
EM-DAT,2023-0741-SOM,Somalia,SOM,2023-09-01,2023-11-20,118.0,2480000.0,,,,Flood (General),,,26.0,,11317,match:26.0,True,incompatible_date_intervals;multiple_emdat_event_ids
EM-DAT,2023-0683-SOM,Somalia,SOM,2023-10-01,2023-10-01,4.0,278000.0,,,,Flood (General),,,26.0,,11346,match:26.0,True,incompatible_date_intervals;multiple_emdat_event_ids
DFO,DFO-5489,Somalia,SOM,2023-10-04,2023-11-30,55.0,695000.0,637728.0,,,Heavy rain,,2.0,26.0,,11350,match:26.0,True,incompatible_date_intervals;multiple_emdat_event_ids
EM-DAT,2021-0023-IDN,Indonesia,IDN,2021-01-06,2021-01-08,3.0,10000.0,,,,Riverine flood,,,262.0,,10354,match:262.0,True,incompatible_date_intervals;multiple_emdat_event_ids
DFO,DFO-5010,Indonesia,IDN,2021-01-11,2021-01-13,0.0,3000.0,39427.0,,,Heavy rain,,1.5,262.0,,10360,match:262.0,True,incompatible_date_intervals;multiple_emdat_event_ids
EM-DAT,2021-0005-IDN,Indonesia,IDN,2021-01-15,2021-01-21,21.0,126025.0,,,,Flood (General),,,262.0,,10370,match:262.0,True,incompatible_date_intervals;multiple_emdat_event_ids
DFO,DFO-5007,Malaysia,MYS,2020-12-17,2020-12-28,0.0,8000.0,27184.0,,,Monsoonal Rain,,1.5,263.0,,10337,match:263.0,True,incompatible_date_intervals;multiple_dfo_event_ids;multiple_emdat_event_ids
EM-DAT,2020-0559-MYS,Malaysia,MYS,2020-12-20,2020-12-21,,9273.0,,,,Riverine flood,,,263.0,,10340,match:263.0,True,incompatible_date_intervals;multiple_dfo_event_ids;multiple_emdat_event_ids
DFO,DFO-5012,Malaysia,MYS,2021-01-01,2021-01-12,20.0,19500.0,77112.0,,,Heavy rain,,1.5,263.0,,10348,match:263.0,True,incompatible_date_intervals;multiple_dfo_event_ids;multiple_emdat_event_ids
EM-DAT,2021-0028-MYS,Malaysia,MYS,2021-01-02,2021-01-08,8.0,23776.0,,,,Flood (General),,,263.0,,10351,match:263.0,True,incompatible_date_intervals;multiple_dfo_event_ids;multiple_emdat_event_ids
DFO,DFO-5011,Malaysia,MYS,2021-01-11,2021-01-13,0.0,2000.0,41804.0,,,Heavy rain,,1.5,263.0,,10361,match:263.0,True,incompatible_date_intervals;multiple_dfo_event_ids;multiple_emdat_event_ids
EM-DAT,2021-0015-MYS,Malaysia,MYS,2021-01-11,2021-01-13,,6000.0,,,,Flood (General),,,263.0,,10363,match:263.0,True,incompatible_date_intervals;multiple_dfo_event_ids;multiple_emdat_event_ids
EM-DAT,2021-0008-MYS,Malaysia,MYS,2021-01-12,2021-01-15,6.0,3000.0,,,,Flood (General),,,263.0,,10366,match:263.0,True,incompatible_date_intervals;multiple_dfo_event_ids;multiple_emdat_event_ids
DFO,DFO-5004,Brazil,BRA,2020-12-17,2020-12-24,12.0,220.0,37961.0,,,Heavy rain,,1.5,266.0,,10334,match:266.0,True,incompatible_date_intervals;multiple_dfo_event_ids
EM-DAT,2020-0560-BRA,Brazil,BRA,2020-12-17,2020-12-21,21.0,339.0,,,,Flood (General),75000.0,,266.0,,10338,match:266.0,True,incompatible_date_intervals;multiple_dfo_event_ids
DFO,DFO-5003,Brazil,BRA,2020-12-22,2020-12-24,1.0,12.0,49207.0,,,Torrential rain,,1.5,266.0,,10342,match:266.0,True,incompatible_date_intervals;multiple_dfo_event_ids
DFO,DFO-4996,Thailand,THA,2020-11-15,2020-12-15,24.0,0.0,73211.0,,,Heavy rain,,1.5,267.0,,10310,match:267.0,True,incompatible_date_intervals;multiple_dfo_event_ids;multiple_emdat_event_ids
EM-DAT,2020-0529-THA,Thailand,THA,2020-11-25,2020-12-14,29.0,691659.0,,,,Flash flood,50000.0,,267.0,,10319,match:267.0,True,incompatible_date_intervals;multiple_dfo_event_ids;multiple_emdat_event_ids
EM-DAT,2020-0561-THA,Thailand,THA,2020-12-16,2020-12-21,1.0,139000.0,,,,Flood (General),,,267.0,,10333,match:267.0,True,incompatible_date_intervals;multiple_dfo_event_ids;multiple_emdat_event_ids
DFO,DFO-5005,Thailand,THA,2020-12-17,2020-12-22,1.0,400.0,66981.0,,,Monsoonal Rain,,1.5,267.0,,10335,match:267.0,True,incompatible_date_intervals;multiple_dfo_event_ids;multiple_emdat_event_ids
DFO,DFO-4984,Italy,ITA,2020-11-20,2020-11-23,0.0,200.0,17347.0,,,Torrential rain,,1.5,269.0,,10313,match:269.0,True,incompatible_date_intervals;multiple_emdat_event_ids
EM-DAT,2020-0540-ITA,Italy,ITA,2020-11-20,2020-11-23,,200.0,,,,Riverine flood,10000.0,,269.0,,10315,match:269.0,True,incompatible_date_intervals;multiple_emdat_event_ids
EM-DAT,2020-0521-ITA,Italy,ITA,2020-11-28,2020-11-29,3.0,250.0,,,,Flash flood,60000.0,,269.0,,10320,match:269.0,True,incompatible_date_intervals;multiple_emdat_event_ids
EM-DAT,2020-0486-IDN,Indonesia,IDN,2020-10-21,2020-10-31,15.0,10000.0,,,,Flood (General),,,273.0,,10289,match:273.0,True,incompatible_date_intervals
DFO,DFO-4972,Indonesia,IDN,2020-11-04,2020-11-09,0.0,3000.0,69429.0,,,Heavy rain,,1.0,273.0,,10295,match:273.0,True,incompatible_date_intervals
EM-DAT,2020-0321-NGA,Nigeria,NGA,2020-06-24,2020-07-31,30.0,,,,,Flood (General),,,277.0,,10199,match:277.0,True,incompatible_date_intervals;multiple_dfo_event_ids;multiple_emdat_event_ids
EM-DAT,2020-0455-NGA,Nigeria,NGA,2020-06-24,2020-10-31,155.0,193425.0,,,,Flood (General),100000.0,,277.0,,10200,match:277.0,True,incompatible_date_intervals;multiple_dfo_event_ids;multiple_emdat_event_ids
DFO,DFO-4960,Nigeria,NGA,2020-08-05,2020-08-27,3.0,15000.0,330402.0,,,Heavy rain,,1.5,277.0,,10242,match:277.0,True,incompatible_date_intervals;multiple_dfo_event_ids;multiple_emdat_event_ids
DFO,DFO-4967,Nigeria,NGA,2020-09-15,2020-10-25,155.0,25000.0,118736.0,,,Heavy rain,,1.5,277.0,,10273,match:277.0,True,incompatible_date_intervals;multiple_dfo_event_ids;multiple_emdat_event_ids
EM-DAT,2020-0198-IND,India,IND,2020-05-10,2020-05-13,29.0,,,,,Flood (General),10000.0,,282.0,,10139,match:282.0,True,incompatible_date_intervals;multiple_dfo_event_ids;multiple_emdat_event_ids
DFO,DFO-4921,India • Bangladesh,,2020-05-19,2020-05-20,0.0,10000.0,171282.0,,,Tropical Storm Amphan,,2.0,282.0,transboundary (2 countries),10147,match:282.0,True,incompatible_date_intervals;multiple_dfo_event_ids;multiple_emdat_event_ids
DFO,DFO-4919,India,IND,2020-05-23,2020-06-03,30.0,10000.0,37967.0,,,Tropical Storm Amphan,,2.0,282.0,,10153,match:282.0,True,incompatible_date_intervals;multiple_dfo_event_ids;multiple_emdat_event_ids
EM-DAT,2020-0206-IND,India,IND,2020-05-24,2020-05-26,1.0,30002.0,,,,Flood (General),,,282.0,,10155,match:282.0,True,incompatible_date_intervals;multiple_dfo_event_ids;multiple_emdat_event_ids
EM-DAT,2020-0249-IND,India,IND,2020-06-01,2020-06-09,,5000.0,,,,Flood (General),,,282.0,,10159,match:282.0,True,incompatible_date_intervals;multiple_dfo_event_ids;multiple_emdat_event_ids
EM-DAT,2020-0304-IND,India,IND,2020-06-01,2020-08-16,1922.0,1300000.0,,,,Flood (General),7500000.0,,282.0,,10162,match:282.0,True,incompatible_date_intervals;multiple_dfo_event_ids;multiple_emdat_event_ids
DFO,DFO-4927,India,IND,2020-06-02,2020-06-03,0.0,0.0,199451.0,,,Tropical Storm Nisarga,,1.5,282.0,,10165,match:282.0,True,incompatible_date_intervals;multiple_dfo_event_ids;multiple_emdat_event_ids
DFO,DFO-4920,India,IND,2020-06-20,2020-07-30,0.0,30000.0,59427.0,,,Monsoonal Rain,,1.0,282.0,,10184,match:282.0,True,incompatible_date_intervals;multiple_dfo_event_ids;multiple_emdat_event_ids
DFO,DFO-4943,India,IND,2020-07-12,2020-07-18,2.0,0.0,293810.0,,,Monsoonal Rain,,1.5,282.0,,10220,match:282.0,True,incompatible_date_intervals;multiple_dfo_event_ids;multiple_emdat_event_ids
DFO,DFO-4961,India,IND,2020-08-21,2020-08-27,13.0,60.0,613621.0,,,Monsoonal Rain,,1.5,282.0,,10252,match:282.0,True,incompatible_date_intervals;multiple_dfo_event_ids;multiple_emdat_event_ids
EM-DAT,2020-0382-TCD,Chad,TCD,2020-08-01,2020-10-12,3.0,34872.0,,,,Flood (General),,,283.0,,10238,match:283.0,True,incompatible_date_intervals;multiple_dfo_event_ids;multiple_emdat_event_ids
DFO,DFO-4954,Chad • Cameroon,,2020-08-10,2020-08-27,10.0,38000.0,107558.0,,,Heavy rain,,2.0,283.0,transboundary (2 countries),10246,match:283.0,True,incompatible_date_intervals;multiple_dfo_event_ids;multiple_emdat_event_ids
DFO,DFO-4975,Chad • Cameroon,,2020-08-20,2020-11-09,10.0,32000.0,16270.0,,,Heavy rain,,1.0,283.0,transboundary (2 countries),10250,match:283.0,True,incompatible_date_intervals;multiple_dfo_event_ids;multiple_emdat_event_ids
EM-DAT,2020-0592-CMR,Cameroon,CMR,2020-09-11,2020-09-12,,26402.0,,,,Flood (General),,,283.0,,10269,match:283.0,True,incompatible_date_intervals;multiple_dfo_event_ids;multiple_emdat_event_ids
EM-DAT,2020-0327-KOR,Republic of Korea,KOR,2020-07-13,2020-07-30,10.0,9000.0,,,,Flood (General),,,285.0,,10221,match:285.0,True,incompatible_date_intervals;multiple_emdat_event_ids
DFO,DFO-4948,Republic of Korea,KOR,2020-07-29,2020-07-30,2.0,0.0,23219.0,,,Torrential rain,,1.5,285.0,,10231,match:285.0,True,incompatible_date_intervals;multiple_emdat_event_ids
EM-DAT,2020-0333-KOR,Republic of Korea,KOR,2020-08-01,2020-08-12,42.0,6000.0,,,,Flood (General),420000.0,,285.0,,10235,match:285.0,True,incompatible_date_intervals;multiple_emdat_event_ids
EM-DAT,2020-0305-SDN,Sudan,SDN,2020-06-01,2020-09-09,155.0,875013.0,,,,Flood (General),250000.0,,286.0,,10163,match:286.0,True,multiple_emdat_event_ids
EM-DAT,2020-0362-SSD,South Sudan,SSD,2020-07-01,2020-12-01,,1042000.0,,,,Flood (General),,,286.0,,10214,match:286.0,True,multiple_emdat_event_ids
DFO,DFO-4958,Sudan • South Sudan,,2020-07-28,2020-08-27,0.0,200000.0,885004.0,,,Heavy rain,,2.0,286.0,transboundary (2 countries),10230,match:286.0,True,multiple_emdat_event_ids
DFO,DFO-4947,Niger • Mali,,2020-07-01,2020-07-30,9.0,15000.0,390094.0,,,Heavy rain,,1.5,290.0,transboundary (2 countries),10211,match:290.0,True,incompatible_date_intervals;multiple_emdat_event_ids
EM-DAT,2020-0336-NER,Niger,NER,2020-07-01,2020-09-10,73.0,632608.0,,,,Flood (General),10000.0,,290.0,,10213,match:290.0,True,incompatible_date_intervals;multiple_emdat_event_ids
EM-DAT,2020-0387-NER,Niger,NER,2020-08-01,2020-09-10,10.0,50012.0,,,,Flood (General),,,290.0,,10239,match:290.0,True,incompatible_date_intervals;multiple_emdat_event_ids
EM-DAT,2020-0322-CHN,China,CHN,2020-05-21,2020-07-30,280.0,4200000.0,,,,Flood (General),17000000.0,,292.0,,10150,match:292.0,True,incompatible_date_intervals;multiple_dfo_event_ids;multiple_emdat_event_ids
DFO,DFO-4930,China,CHN,2020-06-15,2020-07-05,20.0,70000.0,251527.0,,,Monsoonal Rain,,1.5,292.0,,10177,match:292.0,True,incompatible_date_intervals;multiple_dfo_event_ids;multiple_emdat_event_ids
EM-DAT,2020-0282-CHN,China,CHN,2020-06-22,2020-06-24,3.0,74000.0,,,,Flood (General),,,292.0,,10193,match:292.0,True,incompatible_date_intervals;multiple_dfo_event_ids;multiple_emdat_event_ids
DFO,DFO-4938,China,CHN,2020-06-27,2020-07-30,0.0,9722.0,107563.0,,,Monsoonal Rain and Dam release,,2.0,292.0,,10201,match:292.0,True,incompatible_date_intervals;multiple_dfo_event_ids;multiple_emdat_event_ids
DFO,DFO-4937,China,CHN,2020-06-29,2020-07-03,3.0,0.0,154387.0,,,Torrential rain,,1.5,292.0,,10204,match:292.0,True,incompatible_date_intervals;multiple_dfo_event_ids;multiple_emdat_event_ids
EM-DAT,2020-0276-CHN,China,CHN,2020-06-30,2020-07-05,22.0,10000000.0,,,,Flood (General),,,292.0,,10209,match:292.0,True,incompatible_date_intervals;multiple_dfo_event_ids;multiple_emdat_event_ids
EM-DAT,2020-0581-CHN,China,CHN,2020-08-01,2020-08-01,92.0,,,,,Flood (General),4800000.0,,292.0,,10240,match:292.0,True,incompatible_date_intervals;multiple_dfo_event_ids;multiple_emdat_event_ids
EM-DAT,2020-0259-CIV,Côte d’Ivoire,CIV,2020-06-15,2020-06-17,24.0,18657.0,,,,Flood (General),,,295.0,,10178,match:295.0,True,incompatible_date_intervals
DFO,DFO-4929,Côte d’Ivoire,CIV,2020-06-24,2020-06-26,5.0,0.0,7807.0,,,Torrential rain,,1.0,295.0,,10198,match:295.0,True,incompatible_date_intervals
DFO,DFO-4932,Ukraine,UKR,2020-06-22,2020-06-26,3.0,470.0,195644.0,,,Heavy rain,,1.5,298.0,,10191,match:298.0,True,multiple_dfo_event_ids
DFO,DFO-4941,Ukraine,UKR,2020-06-22,2020-07-05,3.0,775.0,33791.0,,,Heavy rain,,1.5,298.0,,10192,match:298.0,True,multiple_dfo_event_ids
EM-DAT,2020-0283-UKR,Ukraine,UKR,2020-06-22,2020-06-29,3.0,55000.0,,49.315,30.061,Flood (General),153861.0,33791.16,298.0,,10194,match:298.0,True,multiple_dfo_event_ids
DFO,DFO-4934,Mongolia,MNG,2020-06-21,2020-06-25,2.0,300.0,423250.0,,,Heavy rain,,1.5,299.0,,10187,match:299.0,True,incompatible_date_intervals;multiple_emdat_event_ids
EM-DAT,2020-0284-MNG,Mongolia,MNG,2020-06-21,2020-06-25,2.0,1230.0,,46.388,106.222,Flood (General),,423250.41,299.0,,10188,match:299.0,True,incompatible_date_intervals;multiple_emdat_event_ids
EM-DAT,2020-0324-MNG,Mongolia,MNG,2020-07-02,2020-07-04,8.0,12000.0,,,,Flash flood,1700.0,,299.0,,10215,match:299.0,True,incompatible_date_intervals;multiple_emdat_event_ids
EM-DAT,2024-0108-BRA,Brazil,BRA,2024-02-13,2024-02-16,,291.0,,,,Flood (General),,,3.0,,11433,match:3.0,True,incompatible_date_intervals;multiple_emdat_event_ids
DFO,DFO-5516,Brazil,BRA,2024-02-21,2024-02-22,8.0,0.0,46782.0,,,Heavy rain,,1.0,3.0,,11436,match:3.0,True,incompatible_date_intervals;multiple_emdat_event_ids
EM-DAT,2024-0098-BRA,Brazil,BRA,2024-02-21,2024-02-23,9.0,550.0,,,,Flash flood,,,3.0,,11437,match:3.0,True,incompatible_date_intervals;multiple_emdat_event_ids
DFO,DFO-4935,Malaysia,MYS,2020-06-20,2020-06-25,0.0,1000.0,30344.0,,,Heavy rain,,1.5,300.0,,10185,match:300.0,True,incompatible_date_intervals;multiple_emdat_event_ids
EM-DAT,2020-0289-MYS,Malaysia,MYS,2020-06-20,2020-06-25,,1210.0,,24.561,103.055,Flood (General),,30344.28,300.0,,10186,match:300.0,True,incompatible_date_intervals;multiple_emdat_event_ids
EM-DAT,2020-0272-MYS,Malaysia,MYS,2020-06-27,2020-07-01,,9000.0,,,,Flood (General),6800.0,,300.0,,10202,match:300.0,True,incompatible_date_intervals;multiple_emdat_event_ids
DFO,DFO-4926,Indonesia,IDN,2020-05-22,2020-05-30,0.0,5200.0,17703.0,,,Heavy rain,,1.5,302.0,,10151,match:302.0,True,incompatible_date_intervals;multiple_emdat_event_ids
EM-DAT,2020-0245-IDN,Indonesia,IDN,2020-05-22,2020-06-04,4.0,41837.0,,,,Flash flood,,,302.0,,10152,match:302.0,True,incompatible_date_intervals;multiple_emdat_event_ids
EM-DAT,2020-0224-IDN,Indonesia,IDN,2020-06-03,2020-06-05,,1835.0,,,,Flood (General),,,302.0,,10168,match:302.0,True,incompatible_date_intervals;multiple_emdat_event_ids
EM-DAT,2020-0121-IDN,Indonesia,IDN,2020-03-29,2020-04-01,1.0,56488.0,,,,Flood (General),,,309.0,,10085,match:309.0,True,incompatible_date_intervals;multiple_dfo_event_ids;multiple_emdat_event_ids
DFO,DFO-4893,Indonesia,IDN,2020-03-31,2020-04-03,1.0,300.0,12749.0,,,Heavy rain,,1.5,309.0,,10087,match:309.0,True,incompatible_date_intervals;multiple_dfo_event_ids;multiple_emdat_event_ids
EM-DAT,2020-0134-IDN,Indonesia,IDN,2020-04-04,2020-04-05,4.0,100.0,,,,Flash flood,,,309.0,,10092,match:309.0,True,incompatible_date_intervals;multiple_dfo_event_ids;multiple_emdat_event_ids
EM-DAT,2020-0144-IDN,Indonesia,IDN,2020-04-09,2020-04-16,,25000.0,,,,Flash flood,,,309.0,,10094,match:309.0,True,incompatible_date_intervals;multiple_dfo_event_ids;multiple_emdat_event_ids
EM-DAT,2020-0161-IDN,Indonesia,IDN,2020-04-20,2020-04-28,,2000.0,,,,Flood (General),,,309.0,,10117,match:309.0,True,incompatible_date_intervals;multiple_dfo_event_ids;multiple_emdat_event_ids
DFO,DFO-4904,Indonesia,IDN,2020-04-22,2020-04-26,0.0,2000.0,52988.0,,,Heavy rain,,1.0,309.0,,10120,match:309.0,True,incompatible_date_intervals;multiple_dfo_event_ids;multiple_emdat_event_ids
EM-DAT,2020-0151-IDN,Indonesia,IDN,2020-04-30,2020-05-05,2.0,110000.0,,,,Flood (General),,,309.0,,10127,match:309.0,True,incompatible_date_intervals;multiple_dfo_event_ids;multiple_emdat_event_ids
EM-DAT,2020-0172-BDI,Burundi,BDI,2020-04-13,2020-04-19,,27000.0,,,,Flood (General),,,315.0,,10098,match:315.0,True,incompatible_date_intervals;multiple_emdat_event_ids
EM-DAT,2020-0171-RWA,Rwanda,RWA,2020-04-17,2020-04-25,9.0,,,,,Flood (General),,,315.0,,10102,match:315.0,True,incompatible_date_intervals;multiple_emdat_event_ids
EM-DAT,2020-0188-RWA,Rwanda,RWA,2020-04-17,2020-05-10,72.0,16210.0,,,,Flash flood,,,315.0,,10103,match:315.0,True,incompatible_date_intervals;multiple_emdat_event_ids
DFO,DFO-4903,Burundi • Rwanda,,2020-04-19,2020-04-26,9.0,0.0,41569.0,,,Heavy rain,,1.5,315.0,transboundary (2 countries),10109,match:315.0,True,incompatible_date_intervals;multiple_emdat_event_ids
EM-DAT,2020-0156-RWA,Rwanda,RWA,2020-05-01,2020-05-04,8.0,505.0,,,,Flood (General),,,315.0,,10129,match:315.0,True,incompatible_date_intervals;multiple_emdat_event_ids
DFO,DFO-4883,Iran (Islamic Republic of),IRN,2020-02-24,2020-03-10,0.0,0.0,96630.0,,,Heavy rain,,1.5,317.0,,10041,match:317.0,True,incompatible_date_intervals;multiple_dfo_event_ids;multiple_emdat_event_ids
EM-DAT,2020-0076-IRN,Iran (Islamic Republic of),IRN,2020-02-24,2020-03-12,,24000.0,,,,Flood (General),,,317.0,,10043,match:317.0,True,incompatible_date_intervals;multiple_dfo_event_ids;multiple_emdat_event_ids
EM-DAT,2020-0118-IRN,Iran (Islamic Republic of),IRN,2020-02-24,2020-04-30,21.0,22.0,,,,Flood (General),1500000.0,,317.0,,10044,match:317.0,True,incompatible_date_intervals;multiple_dfo_event_ids;multiple_emdat_event_ids
DFO,DFO-4909,Iran (Islamic Republic of),IRN,2020-04-10,2020-04-16,7.0,300.0,216987.0,,,Heavy rain,,1.5,317.0,,10095,match:317.0,True,incompatible_date_intervals;multiple_dfo_event_ids;multiple_emdat_event_ids
EM-DAT,2020-0142-IRN,Iran (Islamic Republic of),IRN,2020-04-10,2020-04-16,8.0,2501.0,,33.039,54.161,Flood (General),,216986.62,317.0,,10096,match:317.0,True,incompatible_date_intervals;multiple_dfo_event_ids;multiple_emdat_event_ids
DFO,DFO-4892,Papua New Guinea,PNG,2020-04-01,2020-04-03,0.0,0.0,14568.0,,,Heavy rain,,1.0,318.0,,10091,match:318.0,True,incompatible_date_intervals
EM-DAT,2020-0138-PNG,Papua New Guinea,PNG,2020-04-04,2020-04-07,,60000.0,,,,Riverine flood,,,318.0,,10093,match:318.0,True,incompatible_date_intervals
EM-DAT,2020-0128-COD,Democratic Republic of the Congo,COD,2020-03-14,2020-03-18,,73000.0,,,,Flood (General),,,322.0,,10070,match:322.0,True,multiple_emdat_event_ids
DFO,DFO-4896,Democratic Republic of the Congo,COD,2020-03-17,2020-04-03,36.0,78000.0,180312.0,,,Heavy rain,,2.0,322.0,,10072,match:322.0,True,multiple_emdat_event_ids
EM-DAT,2020-0123-COD,Democratic Republic of the Congo,COD,2020-03-17,2020-04-01,,30000.0,,,,Flood (General),,,322.0,,10073,match:322.0,True,multiple_emdat_event_ids
EM-DAT,2020-0059-IDN,Indonesia,IDN,2020-02-13,2020-02-26,6.0,115000.0,,,,Flood (General),10000.0,,326.0,,10037,match:326.0,True,incompatible_date_intervals;multiple_dfo_event_ids;multiple_emdat_event_ids
DFO,DFO-4889,Indonesia,IDN,2020-02-24,2020-03-10,0.0,17000.0,18059.0,,,Heavy rain,,1.5,326.0,,10042,match:326.0,True,incompatible_date_intervals;multiple_dfo_event_ids;multiple_emdat_event_ids
EM-DAT,2020-0068-IDN,Indonesia,IDN,2020-02-26,2020-02-28,10.0,112000.0,,,,Flood (General),,,326.0,,10045,match:326.0,True,incompatible_date_intervals;multiple_dfo_event_ids;multiple_emdat_event_ids
EM-DAT,2020-0086-IDN,Indonesia,IDN,2020-03-04,2020-03-06,2.0,40000.0,,,,Flash flood,7200.0,,326.0,,10058,match:326.0,True,incompatible_date_intervals;multiple_dfo_event_ids;multiple_emdat_event_ids
DFO,DFO-4886,Indonesia,IDN,2020-03-05,2020-03-15,0.0,300.0,34167.0,,,Heavy rain,,1.0,326.0,,10060,match:326.0,True,incompatible_date_intervals;multiple_dfo_event_ids;multiple_emdat_event_ids
EM-DAT,2020-0115-IDN,Indonesia,IDN,2020-03-20,2020-03-21,,84609.0,,,,Flood (General),,,326.0,,10076,match:326.0,True,incompatible_date_intervals;multiple_dfo_event_ids;multiple_emdat_event_ids
DFO,DFO-4882,Zambia,ZMB,2020-03-04,2020-03-17,0.0,0.0,101083.0,,,Heavy rain,,1.5,327.0,,10056,match:327.0,True,incompatible_date_intervals;multiple_dfo_event_ids
DFO,DFO-4895,Zambia,ZMB,2020-03-04,2020-04-24,0.0,0.0,91522.0,,,Heavy rain,,1.5,327.0,,10057,match:327.0,True,incompatible_date_intervals;multiple_dfo_event_ids
EM-DAT,2020-0110-ZMB,Zambia,ZMB,2020-03-20,2020-03-26,,700000.0,,,,Flood (General),,,327.0,,10075,match:327.0,True,incompatible_date_intervals;multiple_dfo_event_ids
EM-DAT,2020-0091-BOL,Bolivia (Plurinational State of),BOL,2020-02-08,2020-02-29,18.0,35100.0,,,,Flood (General),10000.0,,329.0,,10026,match:329.0,True,incompatible_date_intervals
DFO,DFO-4887,Bolivia (Plurinational State of),BOL,2020-03-02,2020-03-10,0.0,600.0,130236.0,,,Heavy rain,,1.0,329.0,,10052,match:329.0,True,incompatible_date_intervals
EM-DAT,2020-0018-IDN,Indonesia,IDN,2020-01-19,2020-01-22,10.0,,,,,Flash flood,,,336.0,,10007,match:336.0,True,incompatible_date_intervals;multiple_emdat_event_ids
DFO,DFO-4866,Indonesia,IDN,2020-01-23,2020-01-27,0.0,16000.0,14793.0,,,Heavy rain,,1.5,336.0,,10011,match:336.0,True,incompatible_date_intervals;multiple_emdat_event_ids
EM-DAT,2020-0033-IDN,Indonesia,IDN,2020-01-23,2020-01-28,10.0,75000.0,,,,Flood (General),,,336.0,,10013,match:336.0,True,incompatible_date_intervals;multiple_emdat_event_ids
EM-DAT,2020-0036-IDN,Indonesia,IDN,2020-01-28,2020-01-29,9.0,2122.0,,,,Flood (General),,,336.0,,10015,match:336.0,True,incompatible_date_intervals;multiple_emdat_event_ids
DFO,DFO-4856,Peru,PER,2019-12-06,2019-12-14,0.0,500.0,261688.0,,,Heavy rain,,1.0,342.0,,9964,match:342.0,True,incompatible_date_intervals;multiple_dfo_event_ids
DFO,DFO-4853,Peru,PER,2019-12-15,2019-12-31,0.0,100.0,322183.0,,,Heavy rain,,1.0,342.0,,9971,match:342.0,True,incompatible_date_intervals;multiple_dfo_event_ids
EM-DAT,2019-0647-PER,Peru,PER,2019-12-15,2020-01-10,,900.0,,-5.921,-76.979,Flood (General),,322182.75,342.0,,9972,match:342.0,True,incompatible_date_intervals;multiple_dfo_event_ids
DFO,DFO-4839,Peru,PER,2020-01-01,2020-01-08,0.0,150.0,206910.0,,,Heavy rain,,1.5,342.0,,9992,match:342.0,True,incompatible_date_intervals;multiple_dfo_event_ids
EM-DAT,2019-0657-IDN,Indonesia,IDN,2019-12-19,2019-12-21,6.0,60000.0,,,,Flood (General),,,343.0,,9976,match:343.0,True,incompatible_date_intervals;multiple_dfo_event_ids;multiple_emdat_event_ids
DFO,DFO-4860,Indonesia,IDN,2019-12-28,2019-12-30,5.0,100.0,11674.0,,,Heavy rain,,1.5,343.0,,9989,match:343.0,True,incompatible_date_intervals;multiple_dfo_event_ids;multiple_emdat_event_ids
EM-DAT,2019-0632-IDN,Indonesia,IDN,2019-12-31,2020-01-03,66.0,501110.0,,-6.533,107.508,Flash flood,1200000.0,24986.75,343.0,,9991,match:343.0,True,incompatible_date_intervals;multiple_dfo_event_ids;multiple_emdat_event_ids
DFO,DFO-4858,Indonesia,IDN,2020-01-01,2020-01-05,2.0,0.0,23321.0,,,Heavy  Rain,,1.0,343.0,,9993,match:343.0,True,incompatible_date_intervals;multiple_dfo_event_ids;multiple_emdat_event_ids
DFO,DFO-4859,Indonesia,IDN,2020-01-01,2020-01-09,53.0,173000.0,24987.0,,,Heavy rain,,2.0,343.0,,9994,match:343.0,True,incompatible_date_intervals;multiple_dfo_event_ids;multiple_emdat_event_ids
EM-DAT,2020-0014-IDN,Indonesia,IDN,2020-01-14,2020-01-15,,7213.0,,,,Flood (General),,,343.0,,10002,match:343.0,True,incompatible_date_intervals;multiple_dfo_event_ids;multiple_emdat_event_ids
DFO,DFO-4855,Colombia,COL,2019-12-25,2019-12-27,8.0,15.0,127301.0,,,Torrential rain,,1.5,344.0,,9983,match:344.0,True,incompatible_date_intervals;multiple_dfo_event_ids
EM-DAT,2019-0653-COL,Colombia,COL,2019-12-26,2019-12-26,18.0,,,,,Flood (General),,,344.0,,9985,match:344.0,True,incompatible_date_intervals;multiple_dfo_event_ids
DFO,DFO-4840,Colombia,COL,2019-12-30,2020-01-05,0.0,0.0,51192.0,,,Heavy rain,,1.5,344.0,,9990,match:344.0,True,incompatible_date_intervals;multiple_dfo_event_ids
DFO,DFO-4829,Uganda,UGA,2019-11-15,2019-12-06,4.0,1000.0,78162.0,,,Heavy rain,,1.5,349.0,,9939,match:349.0,True,incompatible_date_intervals;multiple_dfo_event_ids;multiple_emdat_event_ids
EM-DAT,2019-0599-UGA,Uganda,UGA,2019-11-29,2019-12-07,36.0,6000.0,,,,Flash flood,,,349.0,,9952,match:349.0,True,incompatible_date_intervals;multiple_dfo_event_ids;multiple_emdat_event_ids
DFO,DFO-4852,Uganda,UGA,2019-12-04,2019-12-07,16.0,150.0,50519.0,,,Torrential rain,,1.5,349.0,,9962,match:349.0,True,incompatible_date_intervals;multiple_dfo_event_ids;multiple_emdat_event_ids
DFO,DFO-4847,Uganda,UGA,2019-12-13,2019-12-20,7.0,300.0,93391.0,,,Heavy rain,,1.5,349.0,,9970,match:349.0,True,incompatible_date_intervals;multiple_dfo_event_ids;multiple_emdat_event_ids
EM-DAT,2019-0625-UGA,Uganda,UGA,2019-12-18,2019-12-18,65.0,65250.0,,,,Flood (General),,,349.0,,9973,match:349.0,True,incompatible_date_intervals;multiple_dfo_event_ids;multiple_emdat_event_ids
EM-DAT,2019-0643-RWA,Rwanda,RWA,2019-11-01,2019-12-01,16.0,5393.0,,,,Flood (General),,,352.0,,9934,match:352.0,True,incompatible_date_intervals
DFO,DFO-4850,Rwanda,RWA,2019-12-02,2019-12-06,0.0,36.0,21121.0,,,Torrential rain,,1.0,352.0,,9958,match:352.0,True,incompatible_date_intervals
EM-DAT,2019-0574-IND,India,IND,2019-11-29,2019-12-04,27.0,25000.0,,,,Flood (General),,,353.0,,9950,match:353.0,True,multiple_emdat_event_ids
EM-DAT,2019-0577-LKA,Sri Lanka,LKA,2019-11-29,2019-12-10,12.0,155009.0,,,,Flood (General),,,353.0,,9951,match:353.0,True,multiple_emdat_event_ids
DFO,DFO-4832,India • Sri Lanka,,2019-11-30,2019-12-06,30.0,1000.0,104755.0,,,Heavy rain,,1.5,353.0,transboundary (2 countries),9953,match:353.0,True,multiple_emdat_event_ids
EM-DAT,2019-0656-LKA,Sri Lanka,LKA,2019-12-02,2019-12-07,9.0,167436.0,,,,Flood (General),,,353.0,,9960,match:353.0,True,multiple_emdat_event_ids
EM-DAT,2019-0524-CAF,Central African Republic,CAF,2019-09-01,2019-11-13,,44918.0,,,,Flood (General),,,358.0,,9866,match:358.0,True,incompatible_date_intervals;multiple_dfo_event_ids;multiple_emdat_event_ids
DFO,DFO-4825,Democratic Republic of the Congo • Central African Republic,,2019-11-01,2019-12-06,0.0,98000.0,678567.0,,,Heavy rain,,1.5,358.0,transboundary (2 countries),9932,match:358.0,True,incompatible_date_intervals;multiple_dfo_event_ids;multiple_emdat_event_ids
DFO,DFO-4846,Congo • Democratic Republic of the Congo,,2019-11-01,2020-01-09,0.0,5000.0,585146.0,,,Heavy rain,,2.0,358.0,transboundary (2 countries),9933,match:358.0,True,incompatible_date_intervals;multiple_dfo_event_ids;multiple_emdat_event_ids
EM-DAT,2019-0561-COD,Democratic Republic of the Congo,COD,2019-11-19,2019-11-26,43.0,399894.0,,,,Riverine flood,,,358.0,,9941,match:358.0,True,incompatible_date_intervals;multiple_dfo_event_ids;multiple_emdat_event_ids
EM-DAT,2019-0561-COG,Congo,COG,2019-11-20,2019-11-25,,40000.0,,,,Riverine flood,,,358.0,,9942,match:358.0,True,incompatible_date_intervals;multiple_dfo_event_ids;multiple_emdat_event_ids
EM-DAT,2019-0664-COG,Congo,COG,2019-12-01,2020-03-01,,213000.0,,-1.12,18.16,Flood (General),,585146.24,358.0,,9956,match:358.0,True,incompatible_date_intervals;multiple_dfo_event_ids;multiple_emdat_event_ids
EM-DAT,2019-0499-IND,India,IND,2019-10-19,2019-10-23,12.0,27500.0,,,,Flood (General),,,360.0,,9914,match:360.0,True,incompatible_date_intervals
DFO,DFO-4822,India,IND,2019-10-25,2019-11-06,2.0,1000.0,106819.0,,,Heavy rain,,1.0,360.0,,9924,match:360.0,True,incompatible_date_intervals
EM-DAT,2019-0496-TZA,United Republic of Tanzania,TZA,2019-10-02,2019-10-16,18.0,,,,,Flood (General),,,364.0,,9891,match:364.0,True,incompatible_date_intervals;multiple_emdat_event_ids
DFO,DFO-4814,United Republic of Tanzania,TZA,2019-10-12,2019-12-06,29.0,0.0,113250.0,,,Heavy rain,,1.5,364.0,,9905,match:364.0,True,incompatible_date_intervals;multiple_emdat_event_ids
EM-DAT,2019-0515-TZA,United Republic of Tanzania,TZA,2019-10-15,2019-10-28,14.0,,,,,Flood (General),,,364.0,,9910,match:364.0,True,incompatible_date_intervals;multiple_emdat_event_ids
EM-DAT,2019-0562-TZA,United Republic of Tanzania,TZA,2019-11-20,2019-11-25,10.0,,,,,Riverine flood,,,364.0,,9943,match:364.0,True,incompatible_date_intervals;multiple_emdat_event_ids
DFO,DFO-4806,Kenya,KEN,2019-10-05,2019-10-15,0.0,1000.0,35197.0,,,Heavy rain,,1.0,365.0,,9894,match:365.0,True,multiple_dfo_event_ids
DFO,DFO-4818,Kenya,KEN,2019-10-10,2019-12-06,100.0,18000.0,232028.0,,,Heavy rain,,1.5,365.0,,9899,match:365.0,True,multiple_dfo_event_ids
EM-DAT,2019-0500-KEN,Kenya,KEN,2019-10-10,2019-12-13,90.0,233339.0,,0.728,39.414,Flash flood,,232028.01,365.0,,9900,match:365.0,True,multiple_dfo_event_ids
EM-DAT,2019-0435-NGA,Nigeria,NGA,2019-08-20,2019-08-25,12.0,52500.0,,,,Flood (General),,,368.0,,9851,match:368.0,True,incompatible_date_intervals;multiple_dfo_event_ids;multiple_emdat_event_ids
DFO,DFO-4794,Nigeria • Niger,,2019-09-01,2019-09-14,57.0,50000.0,1048397.0,,,Heavy rain,,1.5,368.0,transboundary (2 countries),9863,match:368.0,True,incompatible_date_intervals;multiple_dfo_event_ids;multiple_emdat_event_ids
EM-DAT,2019-0415-NER,Niger,NER,2019-09-01,2019-09-15,52.0,200000.0,,,,Flood (General),,,368.0,,9864,match:368.0,True,incompatible_date_intervals;multiple_dfo_event_ids;multiple_emdat_event_ids
EM-DAT,2019-0415-NGA,Nigeria,NGA,2019-09-21,2019-09-27,12.0,18640.0,,,,Flood (General),,,368.0,,9880,match:368.0,True,incompatible_date_intervals;multiple_dfo_event_ids;multiple_emdat_event_ids
DFO,DFO-4805,Nigeria,NGA,2019-09-25,2019-10-15,2.0,20000.0,88015.0,,,Heavy rain,,1.5,368.0,,9883,match:368.0,True,incompatible_date_intervals;multiple_dfo_event_ids;multiple_emdat_event_ids
DFO,DFO-4772,India,IND,2019-06-27,2019-07-13,3.0,50000.0,67023.0,,,Monsoonal Rain,,1.0,369.0,,9804,match:369.0,True,incompatible_date_intervals;multiple_dfo_event_ids;multiple_emdat_event_ids
EM-DAT,2019-0288-IND,India,IND,2019-06-28,2019-07-04,52.0,60.0,,,,Flood (General),,,369.0,,9806,match:369.0,True,incompatible_date_intervals;multiple_dfo_event_ids;multiple_emdat_event_ids
DFO,DFO-4775,India,IND,2019-07-01,2019-07-05,36.0,0.0,113846.0,,,Torrential rain,,1.5,369.0,,9811,match:369.0,True,incompatible_date_intervals;multiple_dfo_event_ids;multiple_emdat_event_ids
EM-DAT,2019-0331-IND,India,IND,2019-07-14,2019-09-30,1900.0,3000000.0,,,,Flood (General),10000000.0,,369.0,,9819,match:369.0,True,incompatible_date_intervals;multiple_dfo_event_ids;multiple_emdat_event_ids
DFO,DFO-4785,India,IND,2019-08-05,2019-08-09,25.0,112500.0,302736.0,,,Monsoonal Rain,,1.5,369.0,,9838,match:369.0,True,incompatible_date_intervals;multiple_dfo_event_ids;multiple_emdat_event_ids
DFO,DFO-4784,India,IND,2019-08-06,2019-08-09,0.0,22000.0,94519.0,,,Monsoonal Rain,,1.5,369.0,,9841,match:369.0,True,incompatible_date_intervals;multiple_dfo_event_ids;multiple_emdat_event_ids
EM-DAT,2019-0383-IND,India,IND,2019-08-12,2019-08-15,32.0,17500.0,,,,Flood (General),,,369.0,,9846,match:369.0,True,incompatible_date_intervals;multiple_dfo_event_ids;multiple_emdat_event_ids
DFO,DFO-4798,India,IND,2019-09-13,2019-09-22,0.0,4500.0,180234.0,,,Monsoonal Rain,,1.5,369.0,,9876,match:369.0,True,incompatible_date_intervals;multiple_dfo_event_ids;multiple_emdat_event_ids
DFO,DFO-4799,India,IND,2019-09-15,2019-09-22,0.0,45000.0,236728.0,,,Monsoonal Rain,,1.5,369.0,,9877,match:369.0,True,incompatible_date_intervals;multiple_dfo_event_ids;multiple_emdat_event_ids
EM-DAT,2019-0419-LAO,Lao People's Democratic Republic,LAO,2019-08-29,2019-09-03,19.0,507500.0,,,,Flood (General),,,372.0,,9860,match:372.0,True,incompatible_date_intervals
DFO,DFO-4795,Cambodia • Lao People's Democratic Republic,,2019-09-05,2019-09-14,7.0,50000.0,146786.0,,,Heavy rain,,1.5,372.0,transboundary (2 countries),9867,match:372.0,True,incompatible_date_intervals
EM-DAT,2019-0419-KHM,Cambodia,KHM,2019-09-11,2019-09-20,12.0,435000.0,,,,Flood (General),,,372.0,,9872,match:372.0,True,incompatible_date_intervals
DFO,DFO-5457,Tajikistan,TJK,2023-08-23,2023-08-23,13.0,400.0,24805.0,,,Heavy rain,,1.0,38.0,,11310,match:38.0,True,incompatible_date_intervals
EM-DAT,2023-0570-TJK,Tajikistan,TJK,2023-08-27,2023-08-30,21.0,,,,,Flood (General),,,38.0,,11312,match:38.0,True,incompatible_date_intervals
EM-DAT,2019-0347-MMR,Myanmar,MMR,2019-07-14,2019-07-14,,6200.0,,,,Flood (General),,,380.0,,9820,match:380.0,True,incompatible_date_intervals;multiple_emdat_event_ids
DFO,DFO-4781,Myanmar,MMR,2019-07-15,2019-08-09,0.0,46000.0,176886.0,,,Monsoonal Rain,,1.5,380.0,,9821,match:380.0,True,incompatible_date_intervals;multiple_emdat_event_ids
EM-DAT,2019-0385-MMR,Myanmar,MMR,2019-08-08,2019-08-16,115.0,1875.0,,,,Flood (General),,,380.0,,9843,match:380.0,True,incompatible_date_intervals;multiple_emdat_event_ids
DFO,DFO-4773,Pakistan,PAK,2019-07-07,2019-07-13,0.0,100.0,30502.0,,,Glacial Lake Outburst,,2.0,383.0,,9813,match:383.0,True,incompatible_date_intervals;multiple_emdat_event_ids
EM-DAT,2019-0470-PAK,Pakistan,PAK,2019-07-15,2019-07-15,28.0,,,,,Flash flood,,,383.0,,9823,match:383.0,True,incompatible_date_intervals;multiple_emdat_event_ids
EM-DAT,2019-0346-PAK,Pakistan,PAK,2019-07-16,2019-07-28,64.0,871.0,,,,Flash flood,,,383.0,,9824,match:383.0,True,incompatible_date_intervals;multiple_emdat_event_ids
DFO,DFO-4755,China,CHN,2019-06-07,2019-06-10,13.0,50000.0,470032.0,,,Monsoonal Rain,,1.5,384.0,,9786,match:384.0,True,incompatible_date_intervals;multiple_dfo_event_ids;multiple_emdat_event_ids
EM-DAT,2019-0209-CHN,China,CHN,2019-06-13,2019-07-01,300.0,4500000.0,,,,Flood (General),6200000.0,,384.0,,9793,match:384.0,True,incompatible_date_intervals;multiple_dfo_event_ids;multiple_emdat_event_ids
DFO,DFO-4774,China,CHN,2019-07-01,2019-07-13,0.0,6351.0,364956.0,,,Monsoonal Rain,,1.0,384.0,,9810,match:384.0,True,incompatible_date_intervals;multiple_dfo_event_ids;multiple_emdat_event_ids
EM-DAT,2019-0333-CHN,China,CHN,2019-07-15,2019-07-15,17.0,360000.0,,,,Flood (General),,,384.0,,9822,match:384.0,True,incompatible_date_intervals;multiple_dfo_event_ids;multiple_emdat_event_ids
EM-DAT,2019-0216-TJK,Tajikistan,TJK,2019-06-01,2019-06-07,4.0,6750.0,,37.42,69.354,Flash flood,,106545.57,390.0,,9770,match:390.0,True,incompatible_date_intervals
DFO,DFO-4754,Tajikistan • Afghanistan,,2019-06-04,2019-06-10,5.0,40.0,106546.0,,,Torrential rain,,1.5,390.0,transboundary (2 countries),9782,match:390.0,True,incompatible_date_intervals
EM-DAT,2019-0216-AFG,Afghanistan,AFG,2019-06-11,2019-06-11,3.0,,,,,Flash flood,,,390.0,,9791,match:390.0,True,incompatible_date_intervals
DFO,DFO-4759,Bosnia and Herzegovina • Serbia,,2019-06-01,2019-06-05,0.0,159.0,27245.0,,,Heavy rain,,1.0,394.0,transboundary (2 countries),9769,match:394.0,True,multiple_emdat_event_ids
EM-DAT,2019-0287-BIH,Bosnia and Herzegovina,BIH,2019-06-01,2019-06-25,,159.0,,44.089,19.298,Flash flood,,,394.0,,9771,match:394.0,True,multiple_emdat_event_ids
EM-DAT,2019-0275-SRB,Serbia,SRB,2019-06-02,2019-06-07,,11650.0,,,,Riverine flood,,,394.0,,9776,match:394.0,True,multiple_emdat_event_ids
DFO,DFO-4744,Canada,CAN,2019-04-19,2019-04-23,1.0,1500.0,28713.0,,,Heavy rain,,1.5,402.0,,9732,match:402.0,True,incompatible_date_intervals
EM-DAT,2019-0171-CAN,Canada,CAN,2019-04-27,2019-05-05,1.0,19500.0,,,,Flood (General),800000.0,,402.0,,9740,match:402.0,True,incompatible_date_intervals
EM-DAT,2019-0082-IRN,Iran (Islamic Republic of),IRN,2019-03-09,2019-03-10,5.0,20.0,,,,Flood (General),80000.0,,406.0,,9703,match:406.0,True,incompatible_date_intervals;multiple_emdat_event_ids
DFO,DFO-4734,Iran (Islamic Republic of) • Afghanistan,,2019-03-17,2019-04-02,101.0,56000.0,986684.0,,,Heavy rain,,1.5,406.0,transboundary (2 countries),9714,match:406.0,True,incompatible_date_intervals;multiple_emdat_event_ids
EM-DAT,2019-0125-AFG,Afghanistan,AFG,2019-03-18,2019-03-26,35.0,,,,,Flood (General),,,406.0,,9715,match:406.0,True,incompatible_date_intervals;multiple_emdat_event_ids
EM-DAT,2019-0125-IRN,Iran (Islamic Republic of),IRN,2019-03-19,2019-04-10,70.0,10001076.0,,,,Flood (General),2500000.0,,406.0,,9716,match:406.0,True,incompatible_date_intervals;multiple_emdat_event_ids
EM-DAT,2019-0143-AFG,Afghanistan,AFG,2019-03-30,2019-04-15,16.0,1281.0,,,,Flood (General),,,406.0,,9722,match:406.0,True,incompatible_date_intervals;multiple_emdat_event_ids
EM-DAT,2019-0073-BOL,Bolivia (Plurinational State of),BOL,2019-02-24,2019-04-10,60.0,335540.0,,,,Flood (General),,,407.0,,9692,match:407.0,True,multiple_emdat_event_ids
DFO,DFO-4736,Paraguay • Bolivia (Plurinational State of),,2019-03-15,2019-04-02,0.0,250.0,259389.0,,,Heavy rain,,1.0,407.0,transboundary (2 countries),9710,match:407.0,True,multiple_emdat_event_ids
EM-DAT,2019-0150-PRY,Paraguay,PRY,2019-03-15,2019-04-04,1.0,2000.0,,,,Riverine flood,,,407.0,,9711,match:407.0,True,multiple_emdat_event_ids
EM-DAT,2019-0197-PRY,Paraguay,PRY,2019-04-01,2019-05-13,16.0,310595.0,,,,Flood (General),,,407.0,,9724,match:407.0,True,multiple_emdat_event_ids
EM-DAT,2019-0082-PAK,Pakistan,PAK,2019-02-20,2019-03-01,25.0,22.0,,,,Flood (General),,,411.0,,9689,match:411.0,True,invalid_date_interval
DFO,DFO-4729,Afghanistan • Pakistan,,2019-02-26,2019-03-02,50.0,2000.0,441236.0,,,Torrential rain,,1.5,411.0,transboundary (2 countries),9695,match:411.0,True,invalid_date_interval
EM-DAT,2019-0082-AFG,Afghanistan,AFG,2019-03-02,2019-03-01,63.0,129100.0,,31.991,67.078,Flood (General),,441236.3,411.0,,9699,match:411.0,True,invalid_date_interval
DFO,DFO-4727,United States of America,USA,2019-02-25,2019-03-04,1.0,8000.0,21540.0,,,Heavy rain,,1.5,412.0,,9693,match:412.0,True,multiple_emdat_event_ids
EM-DAT,2019-0086-USA,United States of America,USA,2019-02-25,2019-03-01,1.0,6000.0,,,,Flood (General),,,412.0,,9694,match:412.0,True,multiple_emdat_event_ids
EM-DAT,2019-0090-USA,United States of America,USA,2019-02-26,2019-03-04,1.0,8000.0,,,,Flood (General),,,412.0,,9696,match:412.0,True,multiple_emdat_event_ids
DFO,DFO-4725,Malawi • Mozambique,,2019-02-11,2019-03-27,900.0,100000.0,77813.0,,,Heavy rain,,2.0,414.0,transboundary (2 countries),9682,match:414.0,True,multiple_emdat_event_ids
EM-DAT,2019-0101-MWI,Malawi,MWI,2019-03-04,2019-03-10,60.0,975672.0,,-14.53,34.317,Flood (General),,77812.85,414.0,,9700,match:414.0,True,multiple_emdat_event_ids
EM-DAT,2019-0099-MOZ,Mozambique,MOZ,2019-03-09,2019-03-11,10.0,63000.0,,,,Flood (General),,,414.0,,9704,match:414.0,True,multiple_emdat_event_ids
DFO,DFO-4722,Ecuador,ECU,2019-02-09,2019-02-20,0.0,0.0,68562.0,,,Heavy rain,,1.0,415.0,,9681,match:415.0,True,incompatible_date_intervals
EM-DAT,2019-0078-ECU,Ecuador,ECU,2019-02-21,2019-03-05,14.0,3000.0,,,,Flood (General),,,415.0,,9691,match:415.0,True,incompatible_date_intervals
DFO,DFO-4726,Chile • Peru,,2019-01-26,2019-02-19,6.0,600.0,272110.0,,,Heavy rain,,1.5,418.0,transboundary (2 countries),9676,match:418.0,True,incompatible_date_intervals;multiple_emdat_event_ids
EM-DAT,2019-0091-CHL,Chile,CHL,2019-02-01,2019-02-10,6.0,600.0,,-21.965,-69.245,Flood (General),,272110.34,418.0,,9679,match:418.0,True,incompatible_date_intervals;multiple_emdat_event_ids
EM-DAT,2019-0093-PER,Peru,PER,2019-02-07,2019-02-07,10.0,,,,,Flood (General),,,418.0,,9680,match:418.0,True,incompatible_date_intervals;multiple_emdat_event_ids
EM-DAT,2019-0072-PER,Peru,PER,2019-02-21,2019-02-28,51.0,8379.0,,,,Flood (General),,,418.0,,9690,match:418.0,True,incompatible_date_intervals;multiple_emdat_event_ids
EM-DAT,2018-0471-IDN,Indonesia,IDN,2018-11-26,2018-12-04,13.0,3000.0,,,,Flash flood,,,422.0,,9646,match:422.0,True,incompatible_date_intervals;multiple_emdat_event_ids
DFO,DFO-4708,Indonesia,IDN,2018-12-05,2018-12-10,9.0,236.0,136440.0,,,Heavy rain,,1.0,422.0,,9648,match:422.0,True,incompatible_date_intervals;multiple_emdat_event_ids
EM-DAT,2018-0472-IDN,Indonesia,IDN,2018-12-06,2018-12-10,9.0,5463.0,,,,Flood (General),,,422.0,,9652,match:422.0,True,incompatible_date_intervals;multiple_emdat_event_ids
DFO,DFO-4687,United States of America,USA,2018-10-10,2018-10-12,0.0,5000.0,289140.0,,,,,1.5,425.0,,9615,match:425.0,True,incompatible_date_intervals;multiple_dfo_event_ids
DFO,DFO-4693,United States of America,USA,2018-10-15,2018-10-17,4.0,0.0,52971.0,,,Torrential rain,,1.5,425.0,,9622,match:425.0,True,incompatible_date_intervals;multiple_dfo_event_ids
EM-DAT,2018-0419-USA,United States of America,USA,2018-10-15,2018-10-20,5.0,,,,,Riverine flood,400000.0,,425.0,,9623,match:425.0,True,incompatible_date_intervals;multiple_dfo_event_ids
DFO,DFO-4696,United States of America,USA,2018-10-24,2018-10-27,0.0,0.0,83021.0,,,Heavy rain,,1.0,425.0,,9630,match:425.0,True,incompatible_date_intervals;multiple_dfo_event_ids
DFO,DFO-4688,Spain,ESP,2018-10-09,2018-10-11,5.0,200.0,2882.0,,,Torrential rain,,1.5,427.0,,9613,match:427.0,True,incompatible_date_intervals;multiple_dfo_event_ids
EM-DAT,2018-0361-ESP,Spain,ESP,2018-10-09,2018-10-11,13.0,200.0,,39.591,2.936,Flood (General),150000.0,,427.0,,9614,match:427.0,True,incompatible_date_intervals;multiple_dfo_event_ids
DFO,DFO-4698,Spain,ESP,2018-10-18,2018-10-22,1.0,36.0,86600.0,,,Torrential rain,,1.5,427.0,,9625,match:427.0,True,incompatible_date_intervals;multiple_dfo_event_ids
DFO,DFO-4634,India,IND,2018-06-12,2018-06-20,20.0,800000.0,209441.0,,,Monsoonal Rain,,1.5,428.0,,9509,match:428.0,True,incompatible_date_intervals;multiple_dfo_event_ids;multiple_emdat_event_ids
DFO,DFO-4641,India,IND,2018-06-22,2018-07-02,20.0,0.0,57211.0,,,Monsoonal Rain,,1.0,428.0,,9517,match:428.0,True,incompatible_date_intervals;multiple_dfo_event_ids;multiple_emdat_event_ids
EM-DAT,2018-0205-IND,India,IND,2018-06-22,2018-07-03,52.0,,,,,Flood (General),,,428.0,,9518,match:428.0,True,incompatible_date_intervals;multiple_dfo_event_ids;multiple_emdat_event_ids
DFO,DFO-4640,India • Pakistan,,2018-06-25,2018-07-11,3.0,0.0,25994.0,,,Monsoonal Rain,,1.0,428.0,transboundary (2 countries),9520,match:428.0,True,incompatible_date_intervals;multiple_dfo_event_ids;multiple_emdat_event_ids
DFO,DFO-4644,India,IND,2018-07-06,2018-07-11,1.0,300.0,116871.0,,,Monsoonal Rain,,1.5,428.0,,9534,match:428.0,True,incompatible_date_intervals;multiple_dfo_event_ids;multiple_emdat_event_ids
DFO,DFO-4656,India,IND,2018-07-09,2018-07-19,12.0,34000.0,153840.0,,,Monsoonal Rain,,1.5,428.0,,9537,match:428.0,True,incompatible_date_intervals;multiple_dfo_event_ids;multiple_emdat_event_ids
DFO,DFO-4666,Myanmar,MMR,2018-07-15,2018-08-10,11.0,120000.0,46815.0,,,Monsoonal Rain,,1.5,428.0,,9546,match:428.0,True,incompatible_date_intervals;multiple_dfo_event_ids;multiple_emdat_event_ids
EM-DAT,2018-0255-MMR,Myanmar,MMR,2018-07-15,2018-08-10,16.0,109650.0,,18.191,95.434,Flood (General),,46815.06,428.0,,9547,match:428.0,True,incompatible_date_intervals;multiple_dfo_event_ids;multiple_emdat_event_ids
EM-DAT,2018-0286-IND,India,IND,2018-07-20,2018-07-23,20.0,41430.0,,,,Flood (General),,,428.0,,9553,match:428.0,True,incompatible_date_intervals;multiple_dfo_event_ids;multiple_emdat_event_ids
EM-DAT,2018-0267-IND,India,IND,2018-07-26,2018-07-28,33.0,1545.0,,,,Flood (General),,,428.0,,9559,match:428.0,True,incompatible_date_intervals;multiple_dfo_event_ids;multiple_emdat_event_ids
DFO,DFO-4665,India,IND,2018-08-02,2018-08-10,0.0,25000.0,73329.0,,,Monsoonal Rain,,1.5,428.0,,9564,match:428.0,True,incompatible_date_intervals;multiple_dfo_event_ids;multiple_emdat_event_ids
EM-DAT,2018-0345-IND,India,IND,2018-08-02,2018-08-06,3.0,25000.0,,,,Flood (General),,,428.0,,9565,match:428.0,True,incompatible_date_intervals;multiple_dfo_event_ids;multiple_emdat_event_ids
DFO,DFO-4663,India,IND,2018-08-07,2018-08-10,20.0,1000.0,24440.0,,,Monsoonal Rain,,1.5,428.0,,9567,match:428.0,True,incompatible_date_intervals;multiple_dfo_event_ids;multiple_emdat_event_ids
EM-DAT,2018-0295-IND,India,IND,2018-08-07,2018-08-20,504.0,23220000.0,,,,Flash flood,2852480.0,,428.0,,9569,match:428.0,True,incompatible_date_intervals;multiple_dfo_event_ids;multiple_emdat_event_ids
DFO,DFO-4675,India • Myanmar,,2018-08-15,2018-09-07,11.0,2000.0,28865.0,,,Monsoonal Rain,,1.5,428.0,transboundary (2 countries),9572,match:428.0,True,incompatible_date_intervals;multiple_dfo_event_ids;multiple_emdat_event_ids
EM-DAT,2018-0314-MMR,Myanmar,MMR,2018-08-29,2018-08-31,7.0,63400.0,,,,Flood (General),,,428.0,,9579,match:428.0,True,incompatible_date_intervals;multiple_dfo_event_ids;multiple_emdat_event_ids
DFO,DFO-4673,India,IND,2018-09-01,2018-09-07,20.0,1000.0,70860.0,,,Monsoonal Rain,,1.5,428.0,,9585,match:428.0,True,incompatible_date_intervals;multiple_dfo_event_ids;multiple_emdat_event_ids
EM-DAT,2018-0370-IND,India,IND,2018-09-01,2018-10-06,46.0,3050.0,,,,Flood (General),,,428.0,,9587,match:428.0,True,incompatible_date_intervals;multiple_dfo_event_ids;multiple_emdat_event_ids
DFO,DFO-4684,India,IND,2018-09-23,2018-10-02,28.0,935.0,114348.0,,,Torrential rain,,1.0,428.0,,9594,match:428.0,True,incompatible_date_intervals;multiple_dfo_event_ids;multiple_emdat_event_ids
EM-DAT,2018-0372-IND,India,IND,2018-09-23,2018-09-24,25.0,,,,,Flood (General),,,428.0,,9595,match:428.0,True,incompatible_date_intervals;multiple_dfo_event_ids;multiple_emdat_event_ids
DFO,DFO-4686,India,IND,2018-10-11,2018-10-12,7.0,300000.0,87683.0,,,Tropical Storm Titli,,1.5,428.0,,9617,match:428.0,True,incompatible_date_intervals;multiple_dfo_event_ids;multiple_emdat_event_ids
DFO,DFO-5439,United States of America,USA,2023-07-09,2023-07-10,1.0,0.0,40743.0,,,Heavy rain,,1.0,43.0,,11274,match:43.0,True,incompatible_date_intervals;multiple_dfo_event_ids
EM-DAT,2023-0426-USA,United States of America,USA,2023-07-09,2023-07-18,10.0,,,,,Flood (General),2200000.0,,43.0,,11278,match:43.0,True,incompatible_date_intervals;multiple_dfo_event_ids
DFO,DFO-5444,United States of America,USA,2023-07-10,2023-07-12,1.0,150.0,48826.0,,,Heavy rain,,1.5,43.0,,11280,match:43.0,True,incompatible_date_intervals;multiple_dfo_event_ids
DFO,DFO-5446,United States of America,USA,2023-07-15,2023-07-16,3.0,0.0,676.0,,,Torrential rain,,1.0,43.0,,11282,match:43.0,True,incompatible_date_intervals;multiple_dfo_event_ids
DFO,DFO-5448,United States of America,USA,2023-07-19,2023-07-20,0.0,0.0,1782.0,,,Torrential rain,,1.0,43.0,,11284,match:43.0,True,incompatible_date_intervals;multiple_dfo_event_ids
DFO,DFO-4689,Sri Lanka,LKA,2018-10-02,2018-10-04,9.0,5000.0,29246.0,,,Torrential rain,,1.5,431.0,,9606,match:431.0,True,incompatible_date_intervals
EM-DAT,2018-0384-LKA,Sri Lanka,LKA,2018-10-06,2018-10-12,12.0,75000.0,,6.806,80.637,Flood (General),,29246.23,431.0,,9612,match:431.0,True,incompatible_date_intervals
DFO,DFO-4670,United States of America,USA,2018-08-22,2018-08-31,0.0,50.0,7452.0,,,,,2.0,433.0,,9575,match:433.0,True,incompatible_date_intervals;multiple_dfo_event_ids
DFO,DFO-4669,United States of America,USA,2018-08-31,2018-09-01,1.0,0.0,25378.0,,,Torrential rain,,1.5,433.0,,9582,match:433.0,True,incompatible_date_intervals;multiple_dfo_event_ids
DFO,DFO-4672,United States of America,USA,2018-09-01,2018-09-07,0.0,300.0,40006.0,,,Torrential rain,,1.5,433.0,,9584,match:433.0,True,incompatible_date_intervals;multiple_dfo_event_ids
EM-DAT,2018-0331-USA,United States of America,USA,2018-09-03,2018-09-11,2.0,,,,,Flash flood,250000.0,,433.0,,9589,match:433.0,True,incompatible_date_intervals;multiple_dfo_event_ids
DFO,DFO-4676,United States of America,USA,2018-09-15,2018-10-02,12.0,1500000.0,95203.0,,,,,2.0,433.0,,9590,match:433.0,True,incompatible_date_intervals;multiple_dfo_event_ids
EM-DAT,2018-0292-SDN,Sudan,SDN,2018-07-23,2018-07-30,23.0,54666.0,,,,Flood (General),,,437.0,,9557,match:437.0,True,incompatible_date_intervals;multiple_emdat_event_ids
DFO,DFO-4668,Sudan,SDN,2018-08-01,2018-09-04,23.0,4500.0,629242.0,,,Heavy rain,,1.5,437.0,,9560,match:437.0,True,incompatible_date_intervals;multiple_emdat_event_ids
EM-DAT,2018-0387-SDN,Sudan,SDN,2018-08-01,2018-09-04,23.0,70060.0,,13.487,31.942,Flash flood,,629241.72,437.0,,9562,match:437.0,True,incompatible_date_intervals;multiple_emdat_event_ids
DFO,DFO-5432,India,IND,2023-06-14,2023-06-22,0.0,2211.0,119900.0,,,Heavy rain,,1.5,44.0,,11246,match:44.0,True,incompatible_date_intervals;multiple_dfo_event_ids;multiple_emdat_event_ids
EM-DAT,2023-0330-IND,India,IND,2023-06-14,2023-06-23,,500000.0,,,,Flood (General),,,44.0,,11247,match:44.0,True,incompatible_date_intervals;multiple_dfo_event_ids;multiple_emdat_event_ids
DFO,DFO-5433,India,IND,2023-06-16,2023-06-20,12.0,150000.0,184454.0,,,Tropical cyclone,,2.0,44.0,,11252,match:44.0,True,incompatible_date_intervals;multiple_dfo_event_ids;multiple_emdat_event_ids
EM-DAT,2023-0428-IND,India,IND,2023-06-25,2023-09-07,1529.0,10250000.0,,,,Flood (General),,,44.0,,11259,match:44.0,True,incompatible_date_intervals;multiple_dfo_event_ids;multiple_emdat_event_ids
EM-DAT,2023-0359-IND,India,IND,2023-06-26,2023-07-12,62.0,5.0,,,,Flash flood,3000.0,,44.0,,11261,match:44.0,True,incompatible_date_intervals;multiple_dfo_event_ids;multiple_emdat_event_ids
DFO,DFO-5445,India,IND,2023-07-09,2023-07-13,0.0,35000.0,4988.0,,,Heavy rain,,2.0,44.0,,11276,match:44.0,True,incompatible_date_intervals;multiple_dfo_event_ids;multiple_emdat_event_ids
EM-DAT,2018-0198-CHN,China,CHN,2018-05-05,2018-07-31,112.0,450000.0,,,,Flood (General),1750000.0,,442.0,,9467,match:442.0,True,incompatible_date_intervals;multiple_dfo_event_ids;multiple_emdat_event_ids
EM-DAT,2018-0159-CHN,China,CHN,2018-05-07,2018-05-16,5.0,70000.0,,23.812,108.795,Flood (General),,109610.1,442.0,,9470,match:442.0,True,incompatible_date_intervals;multiple_dfo_event_ids;multiple_emdat_event_ids
EM-DAT,2018-0210-CHN,China,CHN,2018-05-07,2018-05-30,77.0,225000.0,,,,Flood (General),373000.0,,442.0,,9471,match:442.0,True,incompatible_date_intervals;multiple_dfo_event_ids;multiple_emdat_event_ids
EM-DAT,2018-0211-CHN,China,CHN,2018-05-07,2018-05-14,2.0,6000.0,,,,Flood (General),67000.0,,442.0,,9472,match:442.0,True,incompatible_date_intervals;multiple_dfo_event_ids;multiple_emdat_event_ids
DFO,DFO-4613,China,CHN,2018-05-12,2018-05-14,3.0,6100.0,109610.0,,,Heavy rain,,1.5,442.0,,9483,match:442.0,True,incompatible_date_intervals;multiple_dfo_event_ids;multiple_emdat_event_ids
DFO,DFO-4635,China • Viet Nam,,2018-06-02,2018-06-10,0.0,73000.0,138371.0,,,Tropical Storm Ewiniar,,1.5,442.0,transboundary (2 countries),9503,match:442.0,True,incompatible_date_intervals;multiple_dfo_event_ids;multiple_emdat_event_ids
EM-DAT,2018-0282-CHN,China,CHN,2018-06-28,2018-07-05,11.0,36000.0,,,,Riverine flood,278000.0,,442.0,,9526,match:442.0,True,incompatible_date_intervals;multiple_dfo_event_ids;multiple_emdat_event_ids
EM-DAT,2018-0250-CHN,China,CHN,2018-07-07,2018-07-07,3.0,1381000.0,,,,Flood (General),781283.0,,442.0,,9535,match:442.0,True,incompatible_date_intervals;multiple_dfo_event_ids;multiple_emdat_event_ids
EM-DAT,2018-0252-CHN,China,CHN,2018-07-10,2018-07-11,16.0,1519000.0,,,,Flood (General),530689.0,,442.0,,9540,match:442.0,True,incompatible_date_intervals;multiple_dfo_event_ids;multiple_emdat_event_ids
DFO,DFO-4655,China,CHN,2018-07-12,2018-07-19,15.0,100000.0,525500.0,,,Monsoonal Rain,,1.5,442.0,,9542,match:442.0,True,incompatible_date_intervals;multiple_dfo_event_ids;multiple_emdat_event_ids
EM-DAT,2018-0249-MNG,Mongolia,MNG,2018-07-03,2018-07-05,,8301.0,,,,Flash flood,,,443.0,,9531,match:443.0,True,incompatible_date_intervals
DFO,DFO-4654,Mongolia,MNG,2018-07-11,2018-07-19,0.0,30.0,188249.0,,,Heavy rain,,1.0,443.0,,9541,match:443.0,True,incompatible_date_intervals
EM-DAT,2018-0220-BGR,Bulgaria,BGR,2018-06-27,2018-07-02,,600.0,,42.698,23.9,Flood (General),,,447.0,,9522,match:447.0,True,multiple_emdat_event_ids
DFO,DFO-4642,Bulgaria • Romania,,2018-06-28,2018-07-02,0.0,2100.0,78520.0,,,Torrential rain,,1.5,447.0,transboundary (2 countries),9524,match:447.0,True,multiple_emdat_event_ids
EM-DAT,2018-0247-ROU,Romania,ROU,2018-06-28,2018-06-29,,1600.0,,,,Flash flood,,,447.0,,9525,match:447.0,True,multiple_emdat_event_ids
EM-DAT,2018-0203-MMR,Myanmar,MMR,2018-06-05,2018-06-14,12.0,,,,,Flood (General),,,450.0,,9506,match:450.0,True,incompatible_date_intervals
DFO,DFO-4632,Myanmar,MMR,2018-06-15,2018-06-20,1.0,1000.0,98881.0,,,Monsoonal Rain,,1.5,450.0,,9510,match:450.0,True,incompatible_date_intervals
DFO,DFO-4611,Sri Lanka,LKA,2018-05-12,2018-05-14,0.0,0.0,19207.0,,,Torrential rain,,1.0,454.0,,9482,match:454.0,True,incompatible_date_intervals;multiple_dfo_event_ids
EM-DAT,2018-0278-LKA,Sri Lanka,LKA,2018-05-19,2018-05-26,20.0,153712.0,,,,Flood (General),,,454.0,,9489,match:454.0,True,incompatible_date_intervals;multiple_dfo_event_ids
DFO,DFO-4619,Sri Lanka,LKA,2018-05-20,2018-05-22,8.0,0.0,41088.0,,,Monsoonal Rain,,1.0,454.0,,9492,match:454.0,True,incompatible_date_intervals;multiple_dfo_event_ids
EM-DAT,2018-0133-SOM,Somalia,SOM,2018-04-01,2018-05-31,5.0,700000.0,,,,Riverine flood,80000.0,,455.0,,9444,match:455.0,True,incompatible_date_intervals;multiple_dfo_event_ids
DFO,DFO-4606,Somalia,SOM,2018-04-23,2018-05-02,5.0,50000.0,163423.0,,,Heavy rain,,1.0,455.0,,9457,match:455.0,True,incompatible_date_intervals;multiple_dfo_event_ids
DFO,DFO-4624,Somalia • Yemen,,2018-05-19,2018-05-21,25.0,8000.0,355540.0,,,Tropical Storm Sagar,,1.5,455.0,transboundary (2 countries),9488,match:455.0,True,incompatible_date_intervals;multiple_dfo_event_ids
EM-DAT,2018-0212-AFG,Afghanistan,AFG,2018-05-07,2018-05-15,18.0,,,,,Flood (General),,,458.0,,9473,match:458.0,True,multiple_emdat_event_ids
DFO,DFO-4621,Afghanistan,AFG,2018-05-09,2018-05-22,72.0,4000.0,184397.0,,,Torrential rain,,1.5,458.0,,9475,match:458.0,True,multiple_emdat_event_ids
EM-DAT,2018-0156-AFG,Afghanistan,AFG,2018-05-09,2018-05-22,72.0,4000.0,,34.94,68.216,Flood (General),,184396.9,458.0,,9477,match:458.0,True,multiple_emdat_event_ids
DFO,DFO-4602,Burundi,BDI,2018-04-28,2018-05-01,0.0,2576.0,8959.0,,,Torrential rain,,1.0,459.0,,9463,match:459.0,True,incompatible_date_intervals;multiple_emdat_event_ids
EM-DAT,2018-0163-BDI,Burundi,BDI,2018-04-28,2018-05-01,,23000.0,,-4.015,29.641,Flood (General),,8958.54,459.0,,9464,match:459.0,True,incompatible_date_intervals;multiple_emdat_event_ids
EM-DAT,2018-0479-BDI,Burundi,BDI,2018-05-04,2018-05-09,,12956.0,,,,Flood (General),,,459.0,,9466,match:459.0,True,incompatible_date_intervals;multiple_emdat_event_ids
EM-DAT,2018-0477-RWA,Rwanda,RWA,2018-04-01,2018-04-16,10.0,,,,,Flood (General),11000.0,,462.0,,9445,match:462.0,True,incompatible_date_intervals;multiple_emdat_event_ids
DFO,DFO-4603,Rwanda,RWA,2018-04-23,2018-04-25,18.0,360.0,14768.0,,,Torrential rain,,1.5,462.0,,9456,match:462.0,True,incompatible_date_intervals;multiple_emdat_event_ids
EM-DAT,2018-0135-RWA,Rwanda,RWA,2018-04-23,2018-04-24,24.0,360.0,,-1.784,30.012,Flood (General),11000.0,14768.05,462.0,,9458,match:462.0,True,incompatible_date_intervals;multiple_emdat_event_ids
EM-DAT,2018-0132-KEN,Kenya,KEN,2018-03-14,2018-05-31,72.0,211188.0,,,,Flood (General),350000.0,,463.0,,9430,match:463.0,True,incompatible_date_intervals;multiple_emdat_event_ids
DFO,DFO-4605,Kenya,KEN,2018-04-15,2018-05-02,72.0,211000.0,265957.0,,,Heavy rain,,1.5,463.0,,9455,match:463.0,True,incompatible_date_intervals;multiple_emdat_event_ids
EM-DAT,2018-0148-KEN,Kenya,KEN,2018-05-09,2018-05-10,47.0,,,,,Flood (General),,,463.0,,9476,match:463.0,True,incompatible_date_intervals;multiple_emdat_event_ids
DFO,DFO-4594,United States of America,USA,2018-04-03,2018-04-08,0.0,12.0,58373.0,,,Torrential rain,,1.5,465.0,,9446,match:465.0,True,incompatible_date_intervals;multiple_dfo_event_ids
DFO,DFO-4601,United States of America,USA,2018-04-14,2018-04-17,0.0,0.0,623.0,,,Heavy rain,,1.0,465.0,,9452,match:465.0,True,incompatible_date_intervals;multiple_dfo_event_ids
EM-DAT,2018-0130-USA,United States of America,USA,2018-04-14,2018-04-15,,1596.0,,,,Flood (General),125000.0,,465.0,,9454,match:465.0,True,incompatible_date_intervals;multiple_dfo_event_ids
EM-DAT,2018-0038-ARG,Argentina,ARG,2018-01-31,2018-02-21,,17000.0,,,,Flood (General),,234622.64,477.0,,9391,match:477.0,True,incompatible_date_intervals;multiple_dfo_event_ids
DFO,DFO-4569,Argentina,ARG,2018-02-01,2018-02-21,0.0,10000.0,234623.0,,,Heavy rain,,1.5,477.0,,9392,match:477.0,True,incompatible_date_intervals;multiple_dfo_event_ids
DFO,DFO-4607,Argentina,ARG,2018-02-28,2018-04-29,2.0,1200.0,15207.0,,,Torrential rain,,1.5,477.0,,9412,match:477.0,True,incompatible_date_intervals;multiple_dfo_event_ids
EM-DAT,2017-0576-IDN,Indonesia,IDN,2017-11-19,2017-11-24,2.0,2280.0,,,,Flash flood,,,491.0,,9348,match:491.0,True,incompatible_date_intervals
DFO,DFO-4544,Indonesia,IDN,2017-11-27,2017-11-29,11.0,4000.0,46292.0,,,Tropical Storm Cempaka,,1.0,491.0,,9359,match:491.0,True,incompatible_date_intervals
DFO,DFO-4543,United Kingdom of Great Britain and Northern Ireland • Ireland,,2017-11-22,2017-11-26,0.0,100.0,29421.0,,,Heavy rain,,1.0,494.0,transboundary (2 countries),9351,match:494.0,True,multiple_dfo_event_ids
DFO,DFO-4547,United Kingdom of Great Britain and Northern Ireland,GBR,2017-11-22,2017-11-25,0.0,100.0,40144.0,,,Heavy rain,,1.5,494.0,,9352,match:494.0,True,multiple_dfo_event_ids
EM-DAT,2017-0490-GBR,United Kingdom of Great Britain and Northern Ireland,GBR,2017-11-22,2017-11-26,,100.0,,53.102,-6.856,Flash flood,,,494.0,,9353,match:494.0,True,multiple_dfo_event_ids
EM-DAT,2017-0490-IRL,Ireland,IRL,2017-11-22,2017-11-23,,400.0,,,,Flash flood,,,494.0,,9354,match:494.0,True,multiple_dfo_event_ids
DFO,DFO-4526,China,CHN,2017-09-24,2017-10-07,8.0,20000.0,283444.0,,,Heavy rain,,1.5,507.0,,9315,match:507.0,True,multiple_emdat_event_ids
EM-DAT,2017-0398-CHN,China,CHN,2017-09-24,2017-10-07,16.0,61500.0,,29.612,113.645,Flood (General),361000.0,283444.21,507.0,,9316,match:507.0,True,multiple_emdat_event_ids
EM-DAT,2017-0463-CHN,China,CHN,2017-10-01,2017-10-10,23.0,15600.0,,,,Flood (General),75000.0,,507.0,,9320,match:507.0,True,multiple_emdat_event_ids
DFO,DFO-4518,Viet Nam • Philippines,,2017-09-15,2017-09-19,4.0,116000.0,84599.0,,,Tropical Storm Doksuri,,2.0,508.0,transboundary (2 countries),9307,match:508.0,True,incompatible_date_intervals;multiple_dfo_event_ids
DFO,DFO-4527,Philippines,PHL,2017-09-22,2017-09-24,0.0,400.0,10300.0,,,Torrential rain,,1.0,508.0,,9313,match:508.0,True,incompatible_date_intervals;multiple_dfo_event_ids
EM-DAT,2017-0497-PHL,Philippines,PHL,2017-09-22,2017-09-24,,8000.0,,10.566,123.171,Flash flood,,10299.67,508.0,,9314,match:508.0,True,incompatible_date_intervals;multiple_dfo_event_ids
EM-DAT,2017-0476-CHN,China,CHN,2017-08-11,2017-08-16,18.0,37800.0,,,,Flood (General),429000.0,,511.0,,9284,match:511.0,True,incompatible_date_intervals
DFO,DFO-4515,China,CHN,2017-08-23,2017-08-26,16.0,0.0,19074.0,,,Tropical Storm Hato,,2.0,511.0,,9292,match:511.0,True,incompatible_date_intervals
EM-DAT,2017-0257-IND,India,IND,2017-06-01,2017-06-30,31.0,,,,,Flood (General),,,514.0,,9214,match:514.0,True,incompatible_date_intervals;multiple_dfo_event_ids;multiple_emdat_event_ids
EM-DAT,2017-0294-IND,India,IND,2017-06-01,2017-08-01,284.0,520000.0,,,,Flood (General),250000.0,,514.0,,9215,match:514.0,True,incompatible_date_intervals;multiple_dfo_event_ids;multiple_emdat_event_ids
DFO,DFO-4483,India,IND,2017-06-02,2017-07-03,6.0,113.0,65388.0,,,Monsoonal Rain,,1.0,514.0,,9217,match:514.0,True,incompatible_date_intervals;multiple_dfo_event_ids;multiple_emdat_event_ids
EM-DAT,2017-0180-IND,India,IND,2017-06-04,2017-06-06,6.0,100000.0,,,,Flood (General),,,514.0,,9218,match:514.0,True,incompatible_date_intervals;multiple_dfo_event_ids;multiple_emdat_event_ids
EM-DAT,2017-0289-IND,India,IND,2017-06-25,2017-07-24,75.0,1735000.0,,,,Riverine flood,,,514.0,,9236,match:514.0,True,incompatible_date_intervals;multiple_dfo_event_ids;multiple_emdat_event_ids
EM-DAT,2017-0290-IND,India,IND,2017-07-01,2017-07-01,,12831.0,,,,Flood (General),,,514.0,,9243,match:514.0,True,incompatible_date_intervals;multiple_dfo_event_ids;multiple_emdat_event_ids
DFO,DFO-4498,India,IND,2017-07-15,2017-07-20,94.0,3000.0,31956.0,,,Monsoonal Rain,,1.0,514.0,,9255,match:514.0,True,incompatible_date_intervals;multiple_dfo_event_ids;multiple_emdat_event_ids
DFO,DFO-4499,India,IND,2017-07-27,2017-08-10,39.0,47000.0,43809.0,,,Monsoonal Rain,,1.0,514.0,,9265,match:514.0,True,incompatible_date_intervals;multiple_dfo_event_ids;multiple_emdat_event_ids
DFO,DFO-4507,India,IND,2017-08-10,2017-08-26,253.0,422106.0,421575.0,,,Monsoonal Rain,,2.0,514.0,,9277,match:514.0,True,incompatible_date_intervals;multiple_dfo_event_ids;multiple_emdat_event_ids
EM-DAT,2017-0342-IND,India,IND,2017-08-11,2017-08-31,514.0,17200000.0,,,,Flood (General),1567000.0,,514.0,,9283,match:514.0,True,incompatible_date_intervals;multiple_dfo_event_ids;multiple_emdat_event_ids
EM-DAT,2017-0517-IND,India,IND,2017-08-16,2017-08-23,101.0,2700000.0,,,,Flood (General),,,514.0,,9287,match:514.0,True,incompatible_date_intervals;multiple_dfo_event_ids;multiple_emdat_event_ids
EM-DAT,2017-0364-IND,India,IND,2017-08-29,2017-08-29,14.0,12.0,,,,Flash flood,300000.0,,514.0,,9299,match:514.0,True,incompatible_date_intervals;multiple_dfo_event_ids;multiple_emdat_event_ids
DFO,DFO-4489,Pakistan,PAK,2017-06-25,2017-07-03,11.0,1000.0,222047.0,,,Monsoonal Rain,,1.0,516.0,,9235,match:516.0,True,incompatible_date_intervals;multiple_dfo_event_ids
EM-DAT,2017-0243-PAK,Pakistan,PAK,2017-06-26,2017-09-11,167.0,2367.0,,,,Flash flood,110000.0,,516.0,,9237,match:516.0,True,incompatible_date_intervals;multiple_dfo_event_ids
DFO,DFO-4501,Pakistan,PAK,2017-08-03,2017-08-10,5.0,0.0,42979.0,,,Torrential rain,,1.5,516.0,,9270,match:516.0,True,incompatible_date_intervals;multiple_dfo_event_ids
DFO,DFO-4493,United States of America,USA,2017-07-15,2017-07-16,9.0,0.0,9111.0,,,Torrential rain,,2.0,520.0,,9254,match:520.0,True,incompatible_date_intervals;multiple_dfo_event_ids
EM-DAT,2017-0282-USA,United States of America,USA,2017-07-15,2017-07-15,10.0,,,34.349,-111.264,Flash flood,,,520.0,,9256,match:520.0,True,incompatible_date_intervals;multiple_dfo_event_ids
DFO,DFO-4494,United States of America,USA,2017-07-22,2017-07-23,1.0,10.0,3337.0,,,Torrential rain,,1.5,520.0,,9261,match:520.0,True,incompatible_date_intervals;multiple_dfo_event_ids
EM-DAT,2017-0187-CHN,China,CHN,2017-06-15,2017-06-21,10.0,,,,,Riverine flood,93000.0,,523.0,,9231,match:523.0,True,incompatible_date_intervals;multiple_emdat_event_ids
DFO,DFO-4488,China,CHN,2017-06-22,2017-07-03,28.0,500000.0,551385.0,,,Monsoonal Rain,,1.5,523.0,,9233,match:523.0,True,incompatible_date_intervals;multiple_emdat_event_ids
EM-DAT,2017-0245-CHN,China,CHN,2017-06-22,2017-07-07,78.0,12000008.0,,,,Flood (General),6000000.0,,523.0,,9234,match:523.0,True,incompatible_date_intervals;multiple_emdat_event_ids
EM-DAT,2017-0261-CHN,China,CHN,2017-07-06,2017-07-09,1.0,2700.0,,,,Flash flood,277000.0,,523.0,,9249,match:523.0,True,incompatible_date_intervals;multiple_emdat_event_ids
EM-DAT,2017-0264-CHN,China,CHN,2017-07-08,2017-07-11,13.0,21600.0,,,,Flood (General),145000.0,,523.0,,9252,match:523.0,True,incompatible_date_intervals;multiple_emdat_event_ids
DFO,DFO-4469,United States of America,USA,2017-04-26,2017-05-02,1.0,0.0,133033.0,,,Heavy rain,,1.5,537.0,,9182,match:537.0,True,multiple_dfo_event_ids
DFO,DFO-4468,United States of America,USA,2017-04-28,2017-05-02,0.0,0.0,482099.0,,,Heavy rain,,1.5,537.0,,9184,match:537.0,True,multiple_dfo_event_ids
EM-DAT,2017-0136-USA,United States of America,USA,2017-04-28,2017-05-01,20.0,70.0,,,,Flood (General),1700000.0,,537.0,,9185,match:537.0,True,multiple_dfo_event_ids
EM-DAT,2017-0138-BGD,Bangladesh,BGD,2017-03-28,2017-04-15,,86025.0,,,,Riverine flood,128000.0,,538.0,,9165,match:538.0,True,incompatible_date_intervals;multiple_dfo_event_ids
DFO,DFO-4459,Bangladesh,BGD,2017-03-30,2017-04-18,0.0,0.0,16281.0,,,Heavy rain,,1.0,538.0,,9166,match:538.0,True,incompatible_date_intervals;multiple_dfo_event_ids
DFO,DFO-4466,Bangladesh • India,,2017-04-16,2017-05-02,20.0,0.0,37655.0,,,Heavy rain,,1.0,538.0,transboundary (2 countries),9179,match:538.0,True,incompatible_date_intervals;multiple_dfo_event_ids
DFO,DFO-4458,Australia • New Zealand,,2017-03-28,2017-04-08,6.0,20000.0,258486.0,,,Tropical cyclone,,2.0,541.0,transboundary (2 countries),9164,match:541.0,True,multiple_dfo_event_ids
DFO,DFO-4461,New Zealand,NZL,2017-04-05,2017-04-21,0.0,2200.0,23531.0,,,Heavy rain,,2.0,541.0,,9170,match:541.0,True,multiple_dfo_event_ids
EM-DAT,2017-0222-NZL,New Zealand,NZL,2017-04-05,2017-04-21,,2200.0,,-38.204,176.79,Flood (General),71000.0,23530.76,541.0,,9174,match:541.0,True,multiple_dfo_event_ids
EM-DAT,2017-0104-ARG,Argentina,ARG,2017-03-27,2017-04-07,,39777.0,,,,Flood (General),,,542.0,,9163,match:542.0,True,multiple_dfo_event_ids;multiple_emdat_event_ids
DFO,DFO-4462,Argentina,ARG,2017-04-05,2017-04-21,1.0,8000.0,27377.0,,,Heavy rain,,1.5,542.0,,9171,match:542.0,True,multiple_dfo_event_ids;multiple_emdat_event_ids
DFO,DFO-4464,Argentina,ARG,2017-04-05,2017-04-21,0.0,0.0,273963.0,,,Heavy rain,,1.5,542.0,,9172,match:542.0,True,multiple_dfo_event_ids;multiple_emdat_event_ids
EM-DAT,2017-0221-ARG,Argentina,ARG,2017-04-05,2017-04-21,1.0,9000.0,,-45.953,-67.939,Flood (General),,27377.03,542.0,,9173,match:542.0,True,multiple_dfo_event_ids;multiple_emdat_event_ids
DFO,DFO-4460,Malawi,MWI,2017-04-04,2017-04-18,4.0,0.0,24406.0,,,Heavy rain,,1.0,543.0,,9169,match:543.0,True,incompatible_date_intervals
EM-DAT,2017-0123-MWI,Malawi,MWI,2017-04-19,2017-05-03,,55921.0,,,,Flood (General),,,543.0,,9180,match:543.0,True,incompatible_date_intervals
EM-DAT,2017-0215-COL,Colombia,COL,2017-03-17,2017-03-27,12.0,3000.0,,,,Riverine flood,2000.0,,544.0,,9159,match:544.0,True,incompatible_date_intervals
DFO,DFO-4456,Colombia,COL,2017-04-01,2017-04-08,314.0,0.0,28634.0,,,Heavy rain,,2.0,544.0,,9167,match:544.0,True,incompatible_date_intervals
DFO,DFO-4447,Indonesia,IDN,2017-02-21,2017-03-03,2.0,400.0,40254.0,,,Heavy rain,,1.0,548.0,,9146,match:548.0,True,incompatible_date_intervals;multiple_emdat_event_ids
EM-DAT,2017-0059-IDN,Indonesia,IDN,2017-02-21,2017-02-21,2.0,400.0,,-7.029,107.162,Flood (General),,40253.83,548.0,,9147,match:548.0,True,incompatible_date_intervals;multiple_emdat_event_ids
EM-DAT,2017-0111-IDN,Indonesia,IDN,2017-03-03,2017-03-03,8.0,17410.0,,,,Riverine flood,19000.0,,548.0,,9153,match:548.0,True,incompatible_date_intervals;multiple_emdat_event_ids
DFO,DFO-4436,Philippines,PHL,2017-01-16,2017-01-21,4.0,13559.0,46237.0,,,Heavy rain,,1.0,550.0,,9130,match:550.0,True,incompatible_date_intervals;multiple_dfo_event_ids;multiple_emdat_event_ids
EM-DAT,2017-0028-PHL,Philippines,PHL,2017-01-16,2017-01-31,9.0,1500000.0,,,,Flood (General),8100.0,,550.0,,9131,match:550.0,True,incompatible_date_intervals;multiple_dfo_event_ids;multiple_emdat_event_ids
DFO,DFO-4440,Philippines,PHL,2017-02-01,2017-02-07,13.0,334000.0,30389.0,,,Heavy rain,,1.5,550.0,,9137,match:550.0,True,incompatible_date_intervals;multiple_dfo_event_ids;multiple_emdat_event_ids
EM-DAT,2017-0226-PHL,Philippines,PHL,2017-02-01,2017-02-07,13.0,334000.0,,7.59,124.062,Flood (General),,30389.11,550.0,,9141,match:550.0,True,incompatible_date_intervals;multiple_dfo_event_ids;multiple_emdat_event_ids
EM-DAT,2017-0036-PER,Peru,PER,2017-01-14,2017-02-01,15.0,376000.0,,,,Flood (General),100000.0,,551.0,,9129,match:551.0,True,incompatible_date_intervals;multiple_dfo_event_ids;multiple_emdat_event_ids
DFO,DFO-4441,Peru,PER,2017-02-01,2017-02-07,1.0,12000.0,288499.0,,,Heavy rain,,1.0,551.0,,9138,match:551.0,True,incompatible_date_intervals;multiple_dfo_event_ids;multiple_emdat_event_ids
DFO,DFO-4450,Peru,PER,2017-02-01,2017-03-22,78.0,70000.0,810942.0,,,Heavy rain,,2.0,551.0,,9139,match:551.0,True,incompatible_date_intervals;multiple_dfo_event_ids;multiple_emdat_event_ids
EM-DAT,2017-0052-PER,Peru,PER,2017-02-01,2017-02-07,1.0,12000.0,,-5.251,-77.573,Flood (General),,288499.13,551.0,,9140,match:551.0,True,incompatible_date_intervals;multiple_dfo_event_ids;multiple_emdat_event_ids
EM-DAT,2017-0084-PER,Peru,PER,2017-03-15,2017-03-19,184.0,1800505.0,,-11.004,-75.148,Flood (General),3100000.0,810942.34,551.0,,9157,match:551.0,True,incompatible_date_intervals;multiple_dfo_event_ids;multiple_emdat_event_ids
EM-DAT,2016-0516-MYS,Malaysia,MYS,2016-12-26,2017-01-23,,25000.0,,4.7,102.411,Flood (General),132000.0,43580.48,552.0,,9114,match:552.0,True,incompatible_date_intervals;multiple_dfo_event_ids;multiple_emdat_event_ids
DFO,DFO-4431,Malaysia,MYS,2016-12-31,2017-01-05,0.0,25000.0,43580.0,,,Heavy rain,,1.5,552.0,,9117,match:552.0,True,incompatible_date_intervals;multiple_dfo_event_ids;multiple_emdat_event_ids
DFO,DFO-4443,Malaysia,MYS,2017-01-23,2017-02-07,0.0,5000.0,78810.0,,,Heavy rain,,1.0,552.0,,9135,match:552.0,True,incompatible_date_intervals;multiple_dfo_event_ids;multiple_emdat_event_ids
EM-DAT,2017-0224-MYS,Malaysia,MYS,2017-01-23,2017-02-07,,5481.0,,3.932,102.461,Flood (General),,78809.78,552.0,,9136,match:552.0,True,incompatible_date_intervals;multiple_dfo_event_ids;multiple_emdat_event_ids
DFO,DFO-4422,Viet Nam,VNM,2016-11-30,2016-12-07,14.0,500.0,37985.0,,,Heavy rain,,1.5,558.0,,9099,match:558.0,True,incompatible_date_intervals;multiple_dfo_event_ids
EM-DAT,2016-0497-VNM,Viet Nam,VNM,2016-12-12,2016-12-20,27.0,562121.0,,,,Flood (General),35000.0,44341.22,558.0,,9106,match:558.0,True,incompatible_date_intervals;multiple_dfo_event_ids
DFO,DFO-4429,Viet Nam,VNM,2016-12-13,2017-01-02,19.0,0.0,44341.0,,,Heavy rain,,1.5,558.0,,9107,match:558.0,True,incompatible_date_intervals;multiple_dfo_event_ids
DFO,DFO-4413,Indonesia,IDN,2016-10-23,2016-11-10,2.0,4500.0,11225.0,,,Heavy rain,,1.0,567.0,,9074,match:567.0,True,incompatible_date_intervals;multiple_emdat_event_ids
EM-DAT,2016-0425-IDN,Indonesia,IDN,2016-10-23,2016-11-10,2.0,4500.0,,0.649,123.245,Flood (General),,11225.49,567.0,,9075,match:567.0,True,incompatible_date_intervals;multiple_emdat_event_ids
EM-DAT,2016-0479-IDN,Indonesia,IDN,2016-11-13,2016-11-15,5.0,19669.0,,,,Riverine flood,,,567.0,,9089,match:567.0,True,incompatible_date_intervals;multiple_emdat_event_ids
DFO,DFO-4410,Viet Nam,VNM,2016-10-09,2016-11-10,21.0,100000.0,63642.0,,,Monsoonal Rain,,2.0,570.0,,9064,match:570.0,True,incompatible_date_intervals;multiple_emdat_event_ids
EM-DAT,2016-0400-VNM,Viet Nam,VNM,2016-10-09,2016-10-16,35.0,659615.0,,16.004,107.68,Riverine flood,104280.0,63641.54,570.0,,9065,match:570.0,True,incompatible_date_intervals;multiple_emdat_event_ids
EM-DAT,2016-0517-VNM,Viet Nam,VNM,2016-10-30,2016-11-05,21.0,206340.0,,,,Flood (General),22000.0,,570.0,,9077,match:570.0,True,incompatible_date_intervals;multiple_emdat_event_ids
DFO,DFO-4392,Mexico,MEX,2016-09-14,2016-09-22,13.0,600.0,127234.0,,,Heavy rain,,1.0,572.0,,9044,match:572.0,True,incompatible_date_intervals;multiple_dfo_event_ids;multiple_emdat_event_ids
EM-DAT,2016-0332-MEX,Mexico,MEX,2016-09-14,2016-09-22,13.0,6000.0,,17.071,-93.805,Flood (General),,127233.91,572.0,,9045,match:572.0,True,incompatible_date_intervals;multiple_dfo_event_ids;multiple_emdat_event_ids
DFO,DFO-4401,Mexico,MEX,2016-09-29,2016-10-05,5.0,3000.0,22329.0,,,heavy Rain,,1.0,572.0,,9055,match:572.0,True,incompatible_date_intervals;multiple_dfo_event_ids;multiple_emdat_event_ids
EM-DAT,2016-0333-MEX,Mexico,MEX,2016-09-29,2016-10-05,5.0,3000.0,,23.672,-104.964,Flash flood,25000.0,22329.12,572.0,,9056,match:572.0,True,incompatible_date_intervals;multiple_dfo_event_ids;multiple_emdat_event_ids
EM-DAT,2016-0239-IND,India,IND,2016-06-25,2016-07-01,61.0,,,27.068,93.95,Flash flood,100000.0,135742.3,573.0,,8978,match:573.0,True,incompatible_date_intervals;multiple_dfo_event_ids;multiple_emdat_event_ids
DFO,DFO-4371,India,IND,2016-06-29,2016-08-26,30.0,1800.0,135742.0,,,Monsoonal Rain,,1.5,573.0,,8981,match:573.0,True,incompatible_date_intervals;multiple_dfo_event_ids;multiple_emdat_event_ids
DFO,DFO-4378,India,IND,2016-07-07,2016-08-03,20.0,15000.0,167030.0,,,Monsoonal Rain,,1.5,573.0,,8991,match:573.0,True,incompatible_date_intervals;multiple_dfo_event_ids;multiple_emdat_event_ids
EM-DAT,2016-0276-IND,India,IND,2016-07-09,2016-08-22,184.0,100000.0,,,,Flood (General),160000.0,,573.0,,8993,match:573.0,True,incompatible_date_intervals;multiple_dfo_event_ids;multiple_emdat_event_ids
DFO,DFO-4384,India,IND,2016-07-15,2016-09-22,127.0,377097.0,90614.0,,,Monsoonal Rain,,1.5,573.0,,8999,match:573.0,True,incompatible_date_intervals;multiple_dfo_event_ids;multiple_emdat_event_ids
EM-DAT,2016-0271-IND,India,IND,2016-07-15,2016-09-12,254.0,1600000.0,,,,Flood (General),350000.0,,573.0,,9000,match:573.0,True,incompatible_date_intervals;multiple_dfo_event_ids;multiple_emdat_event_ids
EM-DAT,2016-0554-IND,India,IND,2016-07-17,2016-07-19,34.0,,,,,Flood (General),,,573.0,,9001,match:573.0,True,incompatible_date_intervals;multiple_dfo_event_ids;multiple_emdat_event_ids
EM-DAT,2016-0267-IND,India,IND,2016-07-28,2016-07-30,50.0,2000000.0,,,,Flash flood,150000.0,,573.0,,9013,match:573.0,True,incompatible_date_intervals;multiple_dfo_event_ids;multiple_emdat_event_ids
DFO,DFO-4383,India,IND,2016-08-01,2016-08-03,20.0,0.0,377733.0,,,Monsoonal Rain,,1.5,573.0,,9017,match:573.0,True,incompatible_date_intervals;multiple_dfo_event_ids;multiple_emdat_event_ids
EM-DAT,2016-0304-IND,India,IND,2016-08-01,2016-08-03,37.0,3000.0,,,,Flood (General),,,573.0,,9018,match:573.0,True,incompatible_date_intervals;multiple_dfo_event_ids;multiple_emdat_event_ids
DFO,DFO-4405,India,IND,2016-09-21,2016-10-16,17.0,3000.0,137435.0,,,Monsoonal Rain,,1.5,573.0,,9052,match:573.0,True,incompatible_date_intervals;multiple_dfo_event_ids;multiple_emdat_event_ids
EM-DAT,2016-0391-IND,India,IND,2016-09-21,2016-09-29,28.0,3000.0,,17.654,80.34,Flood (General),589000.0,137435.4,573.0,,9053,match:573.0,True,incompatible_date_intervals;multiple_dfo_event_ids;multiple_emdat_event_ids
DFO,DFO-4385,Philippines,PHL,2016-07-29,2016-08-03,0.0,260000.0,10618.0,,,Monsoonal Rain,,1.0,581.0,,9014,match:581.0,True,incompatible_date_intervals
EM-DAT,2016-0377-PHL,Philippines,PHL,2016-08-08,2016-08-16,26.0,1263098.0,,,,Flood (General),9320.0,,581.0,,9023,match:581.0,True,incompatible_date_intervals
EM-DAT,2016-0274-SDN,Sudan,SDN,2016-06-01,2016-09-08,171.0,200004.0,,,,Flash flood,,,585.0,,8958,match:585.0,True,incompatible_date_intervals;multiple_dfo_event_ids
DFO,DFO-4369,Sudan,SDN,2016-06-30,2016-07-06,0.0,4000.0,39618.0,,,Torrential rain,,1.0,585.0,,8984,match:585.0,True,incompatible_date_intervals;multiple_dfo_event_ids
DFO,DFO-4374,Sudan,SDN,2016-07-11,2016-08-26,114.0,100000.0,541382.0,,,Heavy rain,,1.0,585.0,,8994,match:585.0,True,incompatible_date_intervals;multiple_dfo_event_ids
EM-DAT,2016-0275-NPL,Nepal,NPL,2016-06-29,2016-07-05,25.0,10023.0,,,,Flood (General),,,587.0,,8982,match:587.0,True,incompatible_date_intervals;multiple_emdat_event_ids
DFO,DFO-4373,Nepal,NPL,2016-07-04,2016-08-03,40.0,5376.0,8686.0,,,Torrential rain,,1.5,587.0,,8990,match:587.0,True,incompatible_date_intervals;multiple_emdat_event_ids
EM-DAT,2016-0267-NPL,Nepal,NPL,2016-07-25,2016-07-27,138.0,10551.0,,,,Flash flood,15000.0,,587.0,,9011,match:587.0,True,incompatible_date_intervals;multiple_emdat_event_ids
DFO,DFO-4356,China,CHN,2016-05-08,2016-06-21,60.0,67000.0,197080.0,,,Heavy rain,,1.5,589.0,,8939,match:589.0,True,incompatible_date_intervals;multiple_dfo_event_ids;multiple_emdat_event_ids
EM-DAT,2016-0194-CHN,China,CHN,2016-05-18,2016-05-21,12.0,44100.0,,,,Riverine flood,447000.0,,589.0,,8944,match:589.0,True,incompatible_date_intervals;multiple_dfo_event_ids;multiple_emdat_event_ids
EM-DAT,2016-0198-CHN,China,CHN,2016-05-21,2016-05-29,17.0,,,,,Flood (General),69000.0,,589.0,,8945,match:589.0,True,incompatible_date_intervals;multiple_dfo_event_ids;multiple_emdat_event_ids
EM-DAT,2016-0233-CHN,China,CHN,2016-06-09,2016-06-16,25.0,254400.0,,,,Flood (General),664000.0,,589.0,,8962,match:589.0,True,incompatible_date_intervals;multiple_dfo_event_ids;multiple_emdat_event_ids
EM-DAT,2016-0236-CHN,China,CHN,2016-06-18,2016-06-23,68.0,165000.0,,24.753,112.952,Flood (General),3000000.0,197079.53,589.0,,8969,match:589.0,True,incompatible_date_intervals;multiple_dfo_event_ids;multiple_emdat_event_ids
EM-DAT,2016-0238-CHN,China,CHN,2016-06-23,2016-06-30,34.0,150000.0,,,,Flood (General),675000.0,,589.0,,8977,match:589.0,True,incompatible_date_intervals;multiple_dfo_event_ids;multiple_emdat_event_ids
DFO,DFO-4370,China,CHN,2016-06-28,2016-08-03,128.0,230000.0,720844.0,,,Monsoonal Rain,,2.0,589.0,,8979,match:589.0,True,incompatible_date_intervals;multiple_dfo_event_ids;multiple_emdat_event_ids
EM-DAT,2016-0241-CHN,China,CHN,2016-06-28,2016-07-13,289.0,60000000.0,,27.976,114.24,Flood (General),22000000.0,720844.3,589.0,,8980,match:589.0,True,incompatible_date_intervals;multiple_dfo_event_ids;multiple_emdat_event_ids
EM-DAT,2016-0257-CHN,China,CHN,2016-07-18,2016-07-25,289.0,375000.0,,,,Flood (General),4500000.0,,589.0,,9003,match:589.0,True,incompatible_date_intervals;multiple_dfo_event_ids;multiple_emdat_event_ids
EM-DAT,2016-0376-CHN,China,CHN,2016-08-05,2016-08-10,23.0,36900.0,,,,Flood (General),130000.0,,589.0,,9020,match:589.0,True,incompatible_date_intervals;multiple_dfo_event_ids;multiple_emdat_event_ids
EM-DAT,2016-0269-NER,Niger,NER,2016-06-01,2016-09-07,11.0,3000.0,,,,Flash flood,,,591.0,,8957,match:591.0,True,multiple_emdat_event_ids
DFO,DFO-4380,Niger • Senegal,,2016-06-15,2016-08-26,36.0,5600.0,190126.0,,,Heavy rain,,1.0,591.0,transboundary (2 countries),8967,match:591.0,True,multiple_emdat_event_ids
EM-DAT,2016-0219-NER,Niger,NER,2016-06-20,2016-10-01,50.0,123266.0,,,,Flood (General),,,591.0,,8972,match:591.0,True,multiple_emdat_event_ids
EM-DAT,2016-0449-SEN,Senegal,SEN,2016-07-01,2016-09-11,5.0,10646.0,,,,Flood (General),,,591.0,,8987,match:591.0,True,multiple_emdat_event_ids
DFO,DFO-4365,Myanmar,MMR,2016-06-01,2016-08-16,16.0,25000.0,93840.0,,,Monsoonal Rain,,2.0,594.0,,8953,match:594.0,True,incompatible_date_intervals;multiple_emdat_event_ids
EM-DAT,2016-0232-MMR,Myanmar,MMR,2016-06-01,2016-06-24,14.0,377667.0,,18.316,95.26,Flood (General),,93839.67,594.0,,8956,match:594.0,True,incompatible_date_intervals;multiple_emdat_event_ids
EM-DAT,2016-0369-MMR,Myanmar,MMR,2016-07-01,2016-08-01,5.0,474560.0,,,,Flood (General),2000.0,,594.0,,8986,match:594.0,True,incompatible_date_intervals;multiple_emdat_event_ids
EM-DAT,2016-0165-HTI,Haiti,HTI,2016-05-02,2016-05-02,23.0,,,,,Riverine flood,,,598.0,,8934,match:598.0,True,incompatible_date_intervals;multiple_emdat_event_ids
EM-DAT,2016-0184-DOM,Dominican Republic,DOM,2016-05-07,2016-05-08,,3400.0,,,,Flood (General),,,598.0,,8936,match:598.0,True,incompatible_date_intervals;multiple_emdat_event_ids
EM-DAT,2016-0184-HTI,Haiti,HTI,2016-05-07,2016-05-08,5.0,3000.0,,,,Flood (General),,,598.0,,8937,match:598.0,True,incompatible_date_intervals;multiple_emdat_event_ids
DFO,DFO-4354,Dominican Republic • Haiti,,2016-05-08,2016-05-11,5.0,3000.0,23312.0,,,Heavy rain,,1.5,598.0,transboundary (2 countries),8938,match:598.0,True,incompatible_date_intervals;multiple_emdat_event_ids
DFO,DFO-4352,Kenya • United Republic of Tanzania,,2016-04-13,2016-04-22,0.0,0.0,117235.0,,,Heavy rain,,1.0,599.0,transboundary (2 countries),8914,match:599.0,True,incompatible_date_intervals;multiple_dfo_event_ids;multiple_emdat_event_ids
DFO,DFO-4357,United Republic of Tanzania,TZA,2016-04-22,2016-05-30,5.0,14000.0,84215.0,,,Heavy rain,,1.5,599.0,,8928,match:599.0,True,incompatible_date_intervals;multiple_dfo_event_ids;multiple_emdat_event_ids
EM-DAT,2016-0244-TZA,United Republic of Tanzania,TZA,2016-04-22,2016-04-24,13.0,27933.0,,-6.894,36.0,Flood (General),,84214.63,599.0,,8930,match:599.0,True,incompatible_date_intervals;multiple_dfo_event_ids;multiple_emdat_event_ids
EM-DAT,2016-0161-KEN,Kenya,KEN,2016-04-29,2016-05-02,39.0,10000.0,,,,Flood (General),,,599.0,,8932,match:599.0,True,incompatible_date_intervals;multiple_dfo_event_ids;multiple_emdat_event_ids
DFO,DFO-4349,Russian Federation,RUS,2016-04-15,2016-04-22,0.0,3200.0,1834048.0,,,Snowmelt,,1.5,603.0,,8917,match:603.0,True,incompatible_date_intervals;multiple_dfo_event_ids;multiple_emdat_event_ids
DFO,DFO-4358,Russian Federation,RUS,2016-04-15,2016-05-30,0.0,0.0,80319.0,,,Snowmelt,,1.0,603.0,,8918,match:603.0,True,incompatible_date_intervals;multiple_dfo_event_ids;multiple_emdat_event_ids
EM-DAT,2016-0128-RUS,Russian Federation,RUS,2016-04-16,2016-04-22,,3200.0,,61.967,59.803,Flood (General),2000.0,1834048.3,603.0,,8921,match:603.0,True,incompatible_date_intervals;multiple_dfo_event_ids;multiple_emdat_event_ids
EM-DAT,2016-0227-RUS,Russian Federation,RUS,2016-06-04,2016-06-10,,8196.0,,,,Flood (General),10000.0,,603.0,,8961,match:603.0,True,incompatible_date_intervals;multiple_dfo_event_ids;multiple_emdat_event_ids
DFO,DFO-4346,Uruguay • Argentina,,2016-04-01,2016-04-13,1.0,10000.0,518693.0,,,Heavy rain,,2.0,604.0,transboundary (2 countries),8898,match:604.0,True,multiple_dfo_event_ids;multiple_emdat_event_ids
EM-DAT,2016-0127-ARG,Argentina,ARG,2016-04-04,2016-04-15,,72119.0,,,,Riverine flood,1000000.0,,604.0,,8903,match:604.0,True,multiple_dfo_event_ids;multiple_emdat_event_ids
DFO,DFO-4350,Uruguay,URY,2016-04-12,2016-05-11,10.0,10000.0,126653.0,,,Heavy rain,,2.0,604.0,,8912,match:604.0,True,multiple_dfo_event_ids;multiple_emdat_event_ids
EM-DAT,2016-0115-URY,Uruguay,URY,2016-04-12,2016-05-11,8.0,10605.0,,-32.435,-56.195,Flood (General),3000.0,126653.11,604.0,,8913,match:604.0,True,multiple_dfo_event_ids;multiple_emdat_event_ids
DFO,DFO-4347,Oman • Saudi Arabia,,2016-04-08,2016-04-13,5.0,0.0,134748.0,,,Torrential rain,,1.0,605.0,transboundary (2 countries),8908,match:605.0,True,multiple_emdat_event_ids
EM-DAT,2016-0105-SAU,Saudi Arabia,SAU,2016-04-08,2016-04-15,18.0,915.0,,,,Flood (General),,,605.0,,8909,match:605.0,True,multiple_emdat_event_ids
EM-DAT,2016-0120-OMN,Oman,OMN,2016-04-08,2016-04-15,2.0,,,,,Flash flood,,,605.0,,8910,match:605.0,True,multiple_emdat_event_ids
EM-DAT,2016-0120-SAU,Saudi Arabia,SAU,2016-04-08,2016-04-10,3.0,,,,,Flash flood,,,605.0,,8911,match:605.0,True,multiple_emdat_event_ids
EM-DAT,2016-0553-PAK,Pakistan,PAK,2016-03-09,2016-03-29,141.0,4412.0,,,,Riverine flood,2000.0,,611.0,,8889,match:611.0,True,incompatible_date_intervals;multiple_emdat_event_ids
DFO,DFO-4339,Pakistan,PAK,2016-03-12,2016-04-13,121.0,2400.0,111748.0,,,Heavy rain,,1.5,611.0,,8892,match:611.0,True,incompatible_date_intervals;multiple_emdat_event_ids
EM-DAT,2016-0112-PAK,Pakistan,PAK,2016-04-02,2016-04-08,92.0,77.0,,33.054,71.779,Flash flood,,111748.39,611.0,,8901,match:611.0,True,incompatible_date_intervals;multiple_emdat_event_ids
DFO,DFO-4336,United States of America,USA,2016-03-05,2016-03-10,1.0,36.0,74128.0,,,Heavy rain,,1.5,612.0,,8881,match:612.0,True,multiple_dfo_event_ids
DFO,DFO-4337,United States of America,USA,2016-03-08,2016-03-25,5.0,3500.0,248620.0,,,Heavy rain,,2.0,612.0,,8886,match:612.0,True,multiple_dfo_event_ids
EM-DAT,2016-0552-USA,United States of America,USA,2016-03-08,2016-03-13,5.0,,,,,Flood (General),2300000.0,,612.0,,8888,match:612.0,True,multiple_dfo_event_ids
EM-DAT,2016-0056-AGO,Angola,AGO,2016-02-29,2016-03-01,54.0,,,,,Flash flood,,,614.0,,8877,match:614.0,True,incompatible_date_intervals;multiple_emdat_event_ids
DFO,DFO-4333,Angola,AGO,2016-03-01,2016-03-10,30.0,1544.0,277015.0,,,Heavy rain,,1.0,614.0,,8878,match:614.0,True,incompatible_date_intervals;multiple_emdat_event_ids
EM-DAT,2016-0247-AGO,Angola,AGO,2016-03-01,2016-03-10,30.0,1544.0,,-11.594,16.056,Flood (General),,277015.44,614.0,,8879,match:614.0,True,incompatible_date_intervals;multiple_emdat_event_ids
EM-DAT,2016-0088-AGO,Angola,AGO,2016-03-03,2016-03-06,6.0,2755.0,,,,Flash flood,,,614.0,,8880,match:614.0,True,incompatible_date_intervals;multiple_emdat_event_ids
EM-DAT,2016-0032-ECU,Ecuador,ECU,2016-01-01,2016-01-25,9.0,10000.0,,-0.786,-79.701,Flash flood,10000.0,69541.98,616.0,,8847,match:616.0,True,multiple_emdat_event_ids
DFO,DFO-4326,Ecuador • Colombia,,2016-01-19,2016-01-29,7.0,2300.0,69542.0,,,Torrential rain,,1.5,616.0,transboundary (2 countries),8858,match:616.0,True,multiple_emdat_event_ids
EM-DAT,2016-0039-ECU,Ecuador,ECU,2016-01-24,2016-01-26,,23955.0,,,,Riverine flood,,,616.0,,8860,match:616.0,True,multiple_emdat_event_ids
DFO,DFO-4330,Indonesia • Malaysia,,2016-01-18,2016-03-10,1.0,37000.0,235819.0,,,Torrential rain,,1.0,617.0,transboundary (2 countries),8857,match:617.0,True,incompatible_date_intervals;multiple_emdat_event_ids
EM-DAT,2016-0040-IDN,Indonesia,IDN,2016-02-07,2016-02-12,8.0,80313.0,,-2.465,103.352,Flood (General),2000.0,235818.78,617.0,,8867,match:617.0,True,incompatible_date_intervals;multiple_emdat_event_ids
EM-DAT,2016-0057-IDN,Indonesia,IDN,2016-02-19,2016-02-24,,30000.0,,,,Flood (General),,,617.0,,8870,match:617.0,True,incompatible_date_intervals;multiple_emdat_event_ids
EM-DAT,2016-0057-MYS,Malaysia,MYS,2016-02-19,2016-02-24,,6000.0,,,,Flood (General),,,617.0,,8871,match:617.0,True,incompatible_date_intervals;multiple_emdat_event_ids
EM-DAT,2016-0092-IDN,Indonesia,IDN,2016-03-07,2016-03-08,6.0,12500.0,,,,Flood (General),,,617.0,,8885,match:617.0,True,incompatible_date_intervals;multiple_emdat_event_ids
EM-DAT,2016-0094-IDN,Indonesia,IDN,2016-03-08,2016-03-13,5.0,24000.0,,,,Riverine flood,,,617.0,,8887,match:617.0,True,incompatible_date_intervals;multiple_emdat_event_ids
DFO,DFO-4325,Brazil,BRA,2016-01-05,2016-01-29,0.0,1700.0,110515.0,,,Heavy rain,,1.0,618.0,,8850,match:618.0,True,multiple_dfo_event_ids
DFO,DFO-4323,Brazil,BRA,2016-01-09,2016-01-29,0.0,0.0,107924.0,,,Heavy rain,,1.5,618.0,,8852,match:618.0,True,multiple_dfo_event_ids
EM-DAT,2016-0033-BRA,Brazil,BRA,2016-01-09,2016-01-15,3.0,50500.0,,-17.956,-56.442,Flood (General),100000.0,110514.83,618.0,,8853,match:618.0,True,multiple_dfo_event_ids
DFO,DFO-4322,Brazil,BRA,2016-01-15,2016-01-29,0.0,500.0,53196.0,,,Heavy rain,,1.0,618.0,,8855,match:618.0,True,multiple_dfo_event_ids
EM-DAT,2015-0507-SAU,Saudi Arabia,SAU,2015-11-17,2015-11-18,12.0,,,,,Flood (General),,,625.0,,8827,match:625.0,True,incompatible_date_intervals
DFO,DFO-4310,Qatar • Saudi Arabia,,2015-11-25,2015-12-04,1.0,0.0,402660.0,,,Torrential rain,,1.0,625.0,transboundary (2 countries),8831,match:625.0,True,incompatible_date_intervals
DFO,DFO-4304,Somalia • Ethiopia,,2015-10-15,2015-10-28,0.0,0.0,438557.0,,,Heavy rain,,1.0,629.0,transboundary (2 countries),8807,match:629.0,True,incompatible_date_intervals;multiple_emdat_event_ids
EM-DAT,2015-0477-SOM,Somalia,SOM,2015-10-27,2015-10-27,,900000.0,,,,Flood (General),,,629.0,,8816,match:629.0,True,incompatible_date_intervals;multiple_emdat_event_ids
EM-DAT,2015-0548-ETH,Ethiopia,ETH,2015-11-01,2015-11-01,,210600.0,,,,Flood (General),,,629.0,,8818,match:629.0,True,incompatible_date_intervals;multiple_emdat_event_ids
DFO,DFO-5401,Ethiopia,ETH,2023-03-15,2023-04-03,29.0,12500.0,136381.0,,,Heavy rain,,2.0,63.0,,11155,match:63.0,True,incompatible_date_intervals;multiple_dfo_event_ids
EM-DAT,2023-0187-ETH,Ethiopia,ETH,2023-03-25,2023-05-12,91.0,240000.0,,,,Flood (General),,,63.0,,11175,match:63.0,True,incompatible_date_intervals;multiple_dfo_event_ids
DFO,DFO-5416,Ethiopia,ETH,2023-05-01,2023-05-05,38.0,9110.0,111179.0,,,Heavy rain,,1.5,63.0,,11208,match:63.0,True,incompatible_date_intervals;multiple_dfo_event_ids
EM-DAT,2015-0446-GTM,Guatemala,GTM,2015-09-27,2015-09-28,2.0,56845.0,,,,Riverine flood,,,632.0,,8793,match:632.0,True,incompatible_date_intervals
DFO,DFO-4297,Guatemala,GTM,2015-10-02,2015-10-03,500.0,433.0,6023.0,,,Landslide,,2.0,632.0,,8795,match:632.0,True,incompatible_date_intervals
EM-DAT,2015-0333-IND,India,IND,2015-07-07,2015-07-13,25.0,,,,,Riverine flood,,,637.0,,8717,match:637.0,True,incompatible_date_intervals;multiple_dfo_event_ids;multiple_emdat_event_ids
EM-DAT,2015-0413-IND,India,IND,2015-07-14,2015-07-16,,85250.0,,,,Flood (General),,,637.0,,8725,match:637.0,True,incompatible_date_intervals;multiple_dfo_event_ids;multiple_emdat_event_ids
DFO,DFO-4282,India,IND,2015-07-15,2015-08-19,206.0,300000.0,629962.0,,,Monsoonal Rain and Tropical Storm K,,2.0,637.0,,8728,match:637.0,True,incompatible_date_intervals;multiple_dfo_event_ids;multiple_emdat_event_ids
EM-DAT,2015-0317-IND,India,IND,2015-07-15,2015-08-19,293.0,13709887.0,,26.2074,82.62,Riverine flood,,629961.6,637.0,,8734,match:637.0,True,incompatible_date_intervals;multiple_dfo_event_ids;multiple_emdat_event_ids
DFO,DFO-4288,India,IND,2015-08-13,2015-09-11,5.0,18000.0,69190.0,,,Monsoonal Rain,,1.0,637.0,,8767,match:637.0,True,incompatible_date_intervals;multiple_dfo_event_ids;multiple_emdat_event_ids
EM-DAT,2015-0374-IND,India,IND,2015-08-13,2015-08-19,5.0,18000.0,,26.8946,93.75,Flood (General),,69190.14,637.0,,8768,match:637.0,True,incompatible_date_intervals;multiple_dfo_event_ids;multiple_emdat_event_ids
EM-DAT,2015-0406-IND,India,IND,2015-08-28,2015-08-30,18.0,787000.0,,,,Flood (General),,,637.0,,8772,match:637.0,True,incompatible_date_intervals;multiple_dfo_event_ids;multiple_emdat_event_ids
EM-DAT,2015-0303-CHN,China,CHN,2015-07-20,2015-07-29,28.0,128610.0,,,,Flood (General),1200000.0,,640.0,,8739,match:640.0,True,incompatible_date_intervals;multiple_emdat_event_ids
DFO,DFO-4286,China,CHN,2015-08-02,2015-08-05,8.0,0.0,53741.0,,,Torrential rain,,1.5,640.0,,8754,match:640.0,True,incompatible_date_intervals;multiple_emdat_event_ids
EM-DAT,2015-0395-CHN,China,CHN,2015-08-02,2015-08-04,19.0,45000.0,,,,Flood (General),418000.0,,640.0,,8756,match:640.0,True,incompatible_date_intervals;multiple_emdat_event_ids
EM-DAT,2015-0359-PHL,Philippines,PHL,2015-07-30,2015-08-05,9.0,62929.0,,,,Flood (General),114.0,,641.0,,8751,match:641.0,True,multiple_emdat_event_ids
DFO,DFO-4287,Philippines,PHL,2015-08-02,2015-08-05,7.0,0.0,9791.0,,,Torrential rain,,1.0,641.0,,8755,match:641.0,True,multiple_emdat_event_ids
EM-DAT,2015-0323-PHL,Philippines,PHL,2015-08-05,2015-08-05,9.0,880.0,,,,Riverine flood,,,641.0,,8760,match:641.0,True,multiple_emdat_event_ids
DFO,DFO-4279,United States of America,USA,2015-07-17,2015-07-21,0.0,0.0,109391.0,,,Torrential rain,,1.5,646.0,,8737,match:646.0,True,incompatible_date_intervals;multiple_dfo_event_ids
DFO,DFO-4274,United States of America,USA,2015-07-18,2015-07-21,3.0,0.0,44261.0,,,Torrential rain,,1.5,646.0,,8738,match:646.0,True,incompatible_date_intervals;multiple_dfo_event_ids
EM-DAT,2015-0399-USA,United States of America,USA,2015-07-24,2015-08-05,,600.0,,,,Flood (General),100000.0,,646.0,,8741,match:646.0,True,incompatible_date_intervals;multiple_dfo_event_ids
EM-DAT,2015-0333-PAK,Pakistan,PAK,2015-07-07,2015-07-13,18.0,,,,,Riverine flood,,,648.0,,8718,match:648.0,True,incompatible_date_intervals;multiple_emdat_event_ids
DFO,DFO-4272,Pakistan,PAK,2015-07-15,2015-08-19,166.0,803000.0,137040.0,,,Monsoonal Rain,,1.5,648.0,,8726,match:648.0,True,incompatible_date_intervals;multiple_emdat_event_ids
EM-DAT,2015-0291-PAK,Pakistan,PAK,2015-07-15,2015-08-19,238.0,1572423.0,,34.3432,72.27,Flood (General),,137040.0,648.0,,8731,match:648.0,True,incompatible_date_intervals;multiple_emdat_event_ids
DFO,DFO-5408,Brazil,BRA,2023-04-21,2023-04-22,0.0,9261.0,52960.0,,,Heavy rain,,1.0,65.0,,11199,match:65.0,True,incompatible_date_intervals
EM-DAT,2023-0257-BRA,Brazil,BRA,2023-04-25,2023-04-27,,9348.0,,,,Flood (General),,,65.0,,11202,match:65.0,True,incompatible_date_intervals
EM-DAT,2015-0283-PHL,Philippines,PHL,2015-07-07,2015-07-10,23.0,42500.0,,,,Flood (General),86.0,,652.0,,8716,match:652.0,True,incompatible_date_intervals;multiple_emdat_event_ids
DFO,DFO-4278,Philippines,PHL,2015-07-12,2015-07-21,4.0,3000.0,16151.0,,,Monsoonal Rain,,1.0,652.0,,8721,match:652.0,True,incompatible_date_intervals;multiple_emdat_event_ids
EM-DAT,2015-0284-PHL,Philippines,PHL,2015-07-12,2015-07-21,4.0,3000.0,,15.5509,120.8,Flood (General),,16151.08,652.0,,8722,match:652.0,True,incompatible_date_intervals;multiple_emdat_event_ids
DFO,DFO-4259,India,IND,2015-06-02,2015-06-29,3.0,9000.0,60437.0,,,Monsoonal Rain,,1.5,657.0,,8685,match:657.0,True,incompatible_date_intervals;multiple_dfo_event_ids;multiple_emdat_event_ids
EM-DAT,2015-0249-IND,India,IND,2015-06-19,2015-06-20,81.0,9000.0,,21.8734,70.76,Riverine flood,604000.0,43781.56,657.0,,8695,match:657.0,True,incompatible_date_intervals;multiple_dfo_event_ids;multiple_emdat_event_ids
EM-DAT,2015-0253-IND,India,IND,2015-06-23,2015-06-30,40.0,1000.0,,,,Riverine flood,,,657.0,,8702,match:657.0,True,incompatible_date_intervals;multiple_dfo_event_ids;multiple_emdat_event_ids
DFO,DFO-4265,India,IND,2015-06-24,2015-06-29,81.0,9000.0,43782.0,,,Monsoonal Rain,,1.5,657.0,,8705,match:657.0,True,incompatible_date_intervals;multiple_dfo_event_ids;multiple_emdat_event_ids
DFO,DFO-4249,China,CHN,2015-05-13,2015-06-29,57.0,82000.0,247570.0,,,Heavy rain,,1.5,666.0,,8669,match:666.0,True,incompatible_date_intervals;multiple_emdat_event_ids
EM-DAT,2015-0185-CHN,China,CHN,2015-05-13,2015-06-01,58.0,82021.0,,27.0326,114.98,Riverine flood,800000.0,,666.0,,8671,match:666.0,True,incompatible_date_intervals;multiple_emdat_event_ids
EM-DAT,2015-0219-CHN,China,CHN,2015-05-13,2015-05-17,20.0,60000.0,,,,Flood (General),254000.0,,666.0,,8673,match:666.0,True,incompatible_date_intervals;multiple_emdat_event_ids
EM-DAT,2015-0220-CHN,China,CHN,2015-05-28,2015-06-01,17.0,60000.0,,,,Flood (General),500000.0,,666.0,,8683,match:666.0,True,incompatible_date_intervals;multiple_emdat_event_ids
EM-DAT,2015-0247-CHN,China,CHN,2015-06-01,2015-06-06,9.0,60000.0,,,,Riverine flood,625000.0,,666.0,,8684,match:666.0,True,incompatible_date_intervals;multiple_emdat_event_ids
EM-DAT,2015-0248-CHN,China,CHN,2015-06-07,2015-06-11,16.0,60000.0,,,,Riverine flood,2000000.0,,666.0,,8691,match:666.0,True,incompatible_date_intervals;multiple_emdat_event_ids
EM-DAT,2015-0240-CHN,China,CHN,2015-06-16,2015-06-17,15.0,2400.0,,,,Flood (General),200000.0,,666.0,,8694,match:666.0,True,incompatible_date_intervals;multiple_emdat_event_ids
EM-DAT,2015-0255-CHN,China,CHN,2015-06-26,2015-07-02,35.0,144900.0,,,,Riverine flood,645000.0,,666.0,,8711,match:666.0,True,incompatible_date_intervals;multiple_emdat_event_ids
DFO,DFO-4252,United States of America,USA,2015-05-05,2015-06-29,38.0,600.0,849465.0,,,Heavy rain,,2.0,670.0,,8663,match:670.0,True,multiple_emdat_event_ids
EM-DAT,2015-0212-USA,United States of America,USA,2015-05-23,2015-05-30,32.0,12000.0,,34.1936,-97.99,Flash flood,2700000.0,849464.6,670.0,,8679,match:670.0,True,multiple_emdat_event_ids
EM-DAT,2015-0186-USA,United States of America,USA,2015-05-24,2015-05-24,16.0,12000.0,,,,Flash flood,,,670.0,,8680,match:670.0,True,multiple_emdat_event_ids
DFO,DFO-4244,Australia,AUS,2015-04-20,2015-04-28,4.0,1000.0,175487.0,,,Heavy rain,,2.0,671.0,,8654,match:671.0,True,incompatible_date_intervals;multiple_dfo_event_ids
EM-DAT,2015-0576-AUS,Australia,AUS,2015-04-30,2015-05-03,6.0,,,,,Flash flood,400000.0,,671.0,,8660,match:671.0,True,incompatible_date_intervals;multiple_dfo_event_ids
DFO,DFO-4247,Australia,AUS,2015-05-01,2015-05-02,5.0,0.0,192631.0,,,Torrential rain,,2.0,671.0,,8661,match:671.0,True,incompatible_date_intervals;multiple_dfo_event_ids
DFO,DFO-4237,Brazil,BRA,2015-02-23,2015-04-15,0.0,10000.0,173697.0,,,Heavy rain,,1.0,676.0,,8615,match:676.0,True,multiple_dfo_event_ids
DFO,DFO-4246,Brazil,BRA,2015-04-01,2015-05-02,5.0,1000.0,450354.0,,,Heavy rain,,1.5,676.0,,8644,match:676.0,True,multiple_dfo_event_ids
EM-DAT,2015-0208-BRA,Brazil,BRA,2015-04-01,2015-05-02,5.0,1000.0,,-6.97805,-67.8,Flood (General),,450353.0,676.0,,8645,match:676.0,True,multiple_dfo_event_ids
EM-DAT,2023-0236-TZA,United Republic of Tanzania,TZA,2023-04-01,2023-04-02,,1976.0,,,,Flood (General),,,68.0,,11186,match:68.0,True,incompatible_date_intervals;multiple_emdat_event_ids
DFO,DFO-5405,United Republic of Tanzania,TZA,2023-04-03,2023-04-12,7.0,1400.0,1766.0,,,Heavy rain,,1.0,68.0,,11191,match:68.0,True,incompatible_date_intervals;multiple_emdat_event_ids
EM-DAT,2023-0226-TZA,United Republic of Tanzania,TZA,2023-04-12,2023-04-17,13.0,24.0,,,,Flood (General),,,68.0,,11196,match:68.0,True,incompatible_date_intervals;multiple_emdat_event_ids
DFO,DFO-4232,Angola,AGO,2015-03-09,2015-03-23,60.0,1000.0,12133.0,,,Torrential rain,,1.5,682.0,,8624,match:682.0,True,multiple_dfo_event_ids;multiple_emdat_event_ids
DFO,DFO-4233,Angola,AGO,2015-03-09,2015-03-23,0.0,1000.0,10253.0,,,Torrential rain,,1.5,682.0,,8625,match:682.0,True,multiple_dfo_event_ids;multiple_emdat_event_ids
EM-DAT,2015-0090-AGO,Angola,AGO,2015-03-09,2015-03-23,1.0,2000.0,,-8.81664,13.68,Flood (General),,102552.79,682.0,,8626,match:682.0,True,multiple_dfo_event_ids;multiple_emdat_event_ids
EM-DAT,2015-0091-AGO,Angola,AGO,2015-03-09,2015-03-23,69.0,1000.0,,-12.1145,13.88,Flash flood,,12133.31,682.0,,8627,match:682.0,True,multiple_dfo_event_ids;multiple_emdat_event_ids
EM-DAT,2015-0057-MDG,Madagascar,MDG,2015-02-27,2015-02-27,26.0,24000.0,,,,Flash flood,,,683.0,,8618,match:683.0,True,incompatible_date_intervals
DFO,DFO-4241,Madagascar,MDG,2015-03-05,2015-04-15,0.0,25000.0,68755.0,,,Heavy rain,,1.5,683.0,,8623,match:683.0,True,incompatible_date_intervals
EM-DAT,2015-0076-IDN,Indonesia,IDN,2015-01-30,2015-02-02,2.0,25000.0,,,,Riverine flood,,,686.0,,8599,match:686.0,True,incompatible_date_intervals;multiple_emdat_event_ids
DFO,DFO-4222,Indonesia,IDN,2015-02-05,2015-02-09,0.0,300.0,18063.0,,,Heavy rain,,1.0,686.0,,8604,match:686.0,True,incompatible_date_intervals;multiple_emdat_event_ids
EM-DAT,2015-0056-IDN,Indonesia,IDN,2015-02-05,2015-02-09,,300.0,,,,Riverine flood,,,686.0,,8606,match:686.0,True,incompatible_date_intervals;multiple_emdat_event_ids
EM-DAT,2015-0077-IDN,Indonesia,IDN,2015-02-08,2015-02-13,6.0,,,,,Riverine flood,235000.0,,686.0,,8607,match:686.0,True,incompatible_date_intervals;multiple_emdat_event_ids
EM-DAT,2015-0038-GRC,Greece,GRC,2015-01-30,2015-02-09,3.0,500.0,,,,Riverine flood,,250.0,687.0,,8597,match:687.0,True,multiple_emdat_event_ids
EM-DAT,2015-0023-ALB,Albania,ALB,2015-01-31,2015-02-23,,42000.0,,,,Riverine flood,,68.0,687.0,,8600,match:687.0,True,multiple_emdat_event_ids
DFO,DFO-4221,Greece • Albania,,2015-02-01,2015-02-09,3.0,500.0,151105.0,,,Heavy rain,,1.5,687.0,transboundary (2 countries),8602,match:687.0,True,multiple_emdat_event_ids
EM-DAT,2014-0532-BOL,Bolivia (Plurinational State of),BOL,2014-10-01,2015-02-01,38.0,185120.0,,-16.4638,-63.77,Riverine flood,,137629.7,688.0,,8533,match:688.0,True,multiple_emdat_event_ids
DFO,DFO-4220,Bolivia (Plurinational State of),BOL,2015-01-05,2015-02-09,23.0,1000.0,137630.0,,,Heavy rain,,1.5,688.0,,8592,match:688.0,True,multiple_emdat_event_ids
EM-DAT,2014-0529-BOL,Bolivia (Plurinational State of),BOL,2015-01-15,2015-01-31,25.0,92890.0,,,,Riverine flood,,,688.0,,8595,match:688.0,True,multiple_emdat_event_ids
DFO,DFO-5395,Kenya,KEN,2023-03-23,2023-03-27,12.0,3500.0,18138.0,,,Heavy rain,,1.0,69.0,,11166,match:69.0,True,incompatible_date_intervals;multiple_dfo_event_ids
EM-DAT,2023-0187-KEN,Kenya,KEN,2023-03-25,2023-03-30,36.0,139164.0,,,,Flood (General),,,69.0,,11176,match:69.0,True,incompatible_date_intervals;multiple_dfo_event_ids
DFO,DFO-5400,Kenya,KEN,2023-04-02,2023-04-02,4.0,0.0,2221.0,,,Heavy rain,,1.0,69.0,,11189,match:69.0,True,incompatible_date_intervals;multiple_dfo_event_ids
EM-DAT,2014-0522-THA,Thailand,THA,2014-12-13,2014-12-31,15.0,18888.0,,,,Riverine flood,,,691.0,,8582,match:691.0,True,multiple_emdat_event_ids
EM-DAT,2014-0494-MYS,Malaysia,MYS,2014-12-16,2014-12-30,17.0,230000.0,,,,Riverine flood,284000.0,,691.0,,8583,match:691.0,True,multiple_emdat_event_ids
DFO,DFO-4216,Malaysia • Thailand,,2014-12-20,2015-01-01,34.0,215000.0,90680.0,,,Monsoonal Rain,,2.0,691.0,transboundary (2 countries),8587,match:691.0,True,multiple_emdat_event_ids
DFO,DFO-4208,United States of America,USA,2014-12-01,2014-12-05,0.0,40.0,202666.0,,,Torrential rain,,1.0,692.0,,8573,match:692.0,True,incompatible_date_intervals;multiple_dfo_event_ids
EM-DAT,2014-0491-USA,United States of America,USA,2014-12-02,2014-12-05,,40.0,,,,Flash flood,90000.0,,692.0,,8577,match:692.0,True,incompatible_date_intervals;multiple_dfo_event_ids
DFO,DFO-4213,United States of America,USA,2014-12-11,2014-12-14,3.0,0.0,70256.0,,,Torrential rain,,1.0,692.0,,8581,match:692.0,True,incompatible_date_intervals;multiple_dfo_event_ids
DFO,DFO-4204,Indonesia,IDN,2014-11-14,2014-11-16,0.0,2400.0,57443.0,,,Heavy rain,,1.0,695.0,,8565,match:695.0,True,incompatible_date_intervals
EM-DAT,2014-0473-IDN,Indonesia,IDN,2014-11-22,2014-11-24,1.0,10420.0,,,,Riverine flood,,,695.0,,8567,match:695.0,True,incompatible_date_intervals
DFO,DFO-5508,South Africa,ZAF,2024-01-07,2024-01-08,41.0,0.0,225556.0,,,Heavy rain,,1.5,7.0,,11415,match:7.0,True,incompatible_date_intervals
EM-DAT,2024-0015-ZAF,South Africa,ZAF,2024-01-12,2024-01-19,13.0,756.0,,,,Flash flood,10000.0,,7.0,,11418,match:7.0,True,incompatible_date_intervals
DFO,DFO-4193,Nicaragua,NIC,2014-10-09,2014-10-11,1.0,50.0,79062.0,,,Heavy rain,,1.5,701.0,,8538,match:701.0,True,incompatible_date_intervals;multiple_dfo_event_ids
DFO,DFO-4194,Nicaragua • Honduras,,2014-10-15,2014-10-27,24.0,33000.0,221816.0,,,Torrential rain,,1.5,701.0,transboundary (2 countries),8541,match:701.0,True,incompatible_date_intervals;multiple_dfo_event_ids
EM-DAT,2014-0447-HND,Honduras,HND,2014-10-15,2014-10-17,4.0,3000.0,,,,Riverine flood,1400.0,,701.0,,8544,match:701.0,True,incompatible_date_intervals;multiple_dfo_event_ids
EM-DAT,2014-0447-NIC,Nicaragua,NIC,2014-10-15,2014-10-17,,60345.0,,,,Riverine flood,,,701.0,,8545,match:701.0,True,incompatible_date_intervals;multiple_dfo_event_ids
EM-DAT,2014-0268-IND,India,IND,2014-07-16,2014-07-22,26.0,,,,,Riverine flood,,,702.0,,8468,match:702.0,True,incompatible_date_intervals;multiple_dfo_event_ids;multiple_emdat_event_ids
DFO,DFO-4165,India,IND,2014-07-20,2014-07-29,6.0,15000.0,189576.0,,,Monsoonal Rain,,1.0,702.0,,8472,match:702.0,True,incompatible_date_intervals;multiple_dfo_event_ids;multiple_emdat_event_ids
EM-DAT,2014-0313-IND,India,IND,2014-08-03,2014-08-04,35.0,179000.0,,,,Riverine flood,200000.0,,702.0,,8480,match:702.0,True,incompatible_date_intervals;multiple_dfo_event_ids;multiple_emdat_event_ids
EM-DAT,2014-0409-IND,India,IND,2014-08-09,2014-08-16,47.0,3600000.0,,,,Riverine flood,100000.0,,702.0,,8484,match:702.0,True,incompatible_date_intervals;multiple_dfo_event_ids;multiple_emdat_event_ids
DFO,DFO-4171,India,IND,2014-08-11,2014-09-08,31.0,4000.0,107474.0,,,Monsoonal Rain,,1.5,702.0,,8486,match:702.0,True,incompatible_date_intervals;multiple_dfo_event_ids;multiple_emdat_event_ids
DFO,DFO-4174,India,IND,2014-08-14,2014-09-08,0.0,10000.0,62651.0,,,Monsoonal Rain,,1.5,702.0,,8496,match:702.0,True,incompatible_date_intervals;multiple_dfo_event_ids;multiple_emdat_event_ids
DFO,DFO-4176,India,IND,2014-08-15,2014-09-08,1.0,75000.0,44291.0,,,Monsoonal Rain,,1.0,702.0,,8497,match:702.0,True,incompatible_date_intervals;multiple_dfo_event_ids;multiple_emdat_event_ids
EM-DAT,2014-0408-IND,India,IND,2014-08-16,2014-09-01,94.0,500000.0,,,,Riverine flood,,,702.0,,8499,match:702.0,True,incompatible_date_intervals;multiple_dfo_event_ids;multiple_emdat_event_ids
DFO,DFO-4179,Pakistan • India,,2014-09-01,2014-10-11,300.0,30000.0,253687.0,,,Monoonal Rain,,2.0,702.0,transboundary (2 countries),8510,match:702.0,True,incompatible_date_intervals;multiple_dfo_event_ids;multiple_emdat_event_ids
EM-DAT,2014-0343-IND,India,IND,2014-09-01,2014-09-01,298.0,275000.0,,,,Riverine flood,16000000.0,,702.0,,8513,match:702.0,True,incompatible_date_intervals;multiple_dfo_event_ids;multiple_emdat_event_ids
EM-DAT,2014-0343-PAK,Pakistan,PAK,2014-09-01,2014-10-11,255.0,2530673.0,,,,Riverine flood,2000000.0,253686.0,702.0,,8514,match:702.0,True,incompatible_date_intervals;multiple_dfo_event_ids;multiple_emdat_event_ids
DFO,DFO-4188,India,IND,2014-09-24,2014-10-11,59.0,30000.0,61895.0,,,Monsoonal rain,,1.5,702.0,,8530,match:702.0,True,incompatible_date_intervals;multiple_dfo_event_ids;multiple_emdat_event_ids
EM-DAT,2014-0391-IND,India,IND,2014-09-24,2014-10-11,95.0,650000.0,,,,Riverine flood,163000.0,61894.97,702.0,,8531,match:702.0,True,incompatible_date_intervals;multiple_dfo_event_ids;multiple_emdat_event_ids
DFO,DFO-4198,India,IND,2014-10-12,2014-10-27,42.0,0.0,376261.0,,,Tropical Storm Hudhug,,1.5,702.0,,8540,match:702.0,True,incompatible_date_intervals;multiple_dfo_event_ids;multiple_emdat_event_ids
DFO,DFO-4172,China,CHN,2014-08-11,2014-08-19,27.0,10000.0,387775.0,,,Monsoonal Rain,,1.5,706.0,,8487,match:706.0,True,incompatible_date_intervals;multiple_dfo_event_ids;multiple_emdat_event_ids
EM-DAT,2014-0321-CHN,China,CHN,2014-08-11,2014-08-19,27.0,150000.0,,,,Flash flood,487000.0,387775.13,706.0,,8492,match:706.0,True,incompatible_date_intervals;multiple_dfo_event_ids;multiple_emdat_event_ids
EM-DAT,2014-0323-CHN,China,CHN,2014-08-22,2014-08-28,10.0,50000.0,,,,Riverine flood,600000.0,,706.0,,8505,match:706.0,True,incompatible_date_intervals;multiple_dfo_event_ids;multiple_emdat_event_ids
DFO,DFO-4185,China,CHN,2014-09-01,2014-09-08,44.0,121700.0,55272.0,,,Monsoonal Rain,,1.5,706.0,,8512,match:706.0,True,incompatible_date_intervals;multiple_dfo_event_ids;multiple_emdat_event_ids
EM-DAT,2014-0344-CHN,China,CHN,2014-09-01,2014-09-08,65.0,300000.0,,,,Riverine flood,570000.0,55272.31,706.0,,8515,match:706.0,True,incompatible_date_intervals;multiple_dfo_event_ids;multiple_emdat_event_ids
EM-DAT,2014-0389-CHN,China,CHN,2014-09-10,2014-09-17,50.0,1065000.0,,,,Riverine flood,1400000.0,,706.0,,8521,match:706.0,True,incompatible_date_intervals;multiple_dfo_event_ids;multiple_emdat_event_ids
EM-DAT,2014-0290-BGD,Bangladesh,BGD,2014-08-11,2014-09-10,59.0,2800447.0,,,,Riverine flood,160000.0,,708.0,,8490,match:708.0,True,multiple_emdat_event_ids
DFO,DFO-4178,Bangladesh,BGD,2014-08-20,2014-09-08,17.0,500000.0,36000.0,,,Monsoonal Rain,,1.5,708.0,,8502,match:708.0,True,multiple_emdat_event_ids
EM-DAT,2014-0581-BGD,Bangladesh,BGD,2014-09-01,2014-09-01,,400000.0,,,,Flood (General),,,708.0,,8517,match:708.0,True,multiple_emdat_event_ids
DFO,DFO-4127,Paraguay,PRY,2014-02-25,2014-03-10,0.0,2000.0,6830.0,,,Heavy rain,,1.0,715.0,,8381,match:715.0,True,incompatible_date_intervals;multiple_dfo_event_ids;multiple_emdat_event_ids
EM-DAT,2014-0142-PRY,Paraguay,PRY,2014-02-25,2014-03-10,,2000.0,,-25.2205,-57.58,Riverine flood,,6829.57,715.0,,8383,match:715.0,True,incompatible_date_intervals;multiple_dfo_event_ids;multiple_emdat_event_ids
EM-DAT,2014-0188-PRY,Paraguay,PRY,2014-03-01,2014-07-01,,231360.0,,,,Riverine flood,,,715.0,,8386,match:715.0,True,incompatible_date_intervals;multiple_dfo_event_ids;multiple_emdat_event_ids
DFO,DFO-4159,Brazil,BRA,2014-05-22,2014-07-29,0.0,0.0,256565.0,,,Heavy rain,,2.0,715.0,,8422,match:715.0,True,incompatible_date_intervals;multiple_dfo_event_ids;multiple_emdat_event_ids
DFO,DFO-4150,Paraguay • Brazil,,2014-06-03,2014-07-14,9.0,265000.0,554605.0,,,Heay Rain,,2.0,715.0,transboundary (2 countries),8434,match:715.0,True,incompatible_date_intervals;multiple_dfo_event_ids;multiple_emdat_event_ids
EM-DAT,2014-0188-BRA,Brazil,BRA,2014-06-07,2014-06-30,11.0,500052.0,,,,Riverine flood,,,715.0,,8442,match:715.0,True,incompatible_date_intervals;multiple_dfo_event_ids;multiple_emdat_event_ids
DFO,DFO-4163,Brazil • Uruguay,,2014-07-03,2014-07-29,10.0,50000.0,44866.0,,,Heavy rain,,2.0,715.0,transboundary (2 countries),8458,match:715.0,True,incompatible_date_intervals;multiple_dfo_event_ids;multiple_emdat_event_ids
EM-DAT,2014-0245-BRA,Brazil,BRA,2014-07-03,2014-07-14,10.0,50000.0,,,,Flash flood,,,715.0,,8459,match:715.0,True,incompatible_date_intervals;multiple_dfo_event_ids;multiple_emdat_event_ids
DFO,DFO-4162,Nepal,NPL,2014-07-01,2014-07-14,16.0,2400.0,11579.0,,,Torrential rain,,1.5,716.0,,8456,match:716.0,True,incompatible_date_intervals;multiple_emdat_event_ids
EM-DAT,2014-0246-NPL,Nepal,NPL,2014-07-01,2014-07-14,16.0,2400.0,,,,Riverine flood,,11578.0,716.0,,8457,match:716.0,True,incompatible_date_intervals;multiple_emdat_event_ids
EM-DAT,2014-0268-NPL,Nepal,NPL,2014-07-16,2014-07-22,8.0,,,,,Riverine flood,,,716.0,,8469,match:716.0,True,incompatible_date_intervals;multiple_emdat_event_ids
DFO,DFO-4154,India,IND,2014-06-23,2014-06-25,0.0,10000.0,49221.0,,,Monsoonal Ran,,1.0,717.0,,8452,match:717.0,True,incompatible_date_intervals
EM-DAT,2014-0218-IND,India,IND,2014-06-26,2014-06-28,27.0,18500.0,,,,Riverine flood,2000.0,49220.0,717.0,,8454,match:717.0,True,incompatible_date_intervals
DFO,DFO-5389,Brazil,BRA,2023-03-16,2023-03-21,9.0,1200.0,1760016.0,,,Heavy rain,,1.5,72.0,,11156,match:72.0,True,incompatible_date_intervals;multiple_dfo_event_ids;multiple_emdat_event_ids
EM-DAT,2023-0157-BRA,Brazil,BRA,2023-03-16,2023-03-23,6.0,2400.0,,,,Flood (General),50000.0,,72.0,,11157,match:72.0,True,incompatible_date_intervals;multiple_dfo_event_ids;multiple_emdat_event_ids
EM-DAT,2023-0204-BRA,Brazil,BRA,2023-03-20,2023-03-21,5.0,1152.0,,,,Flood (General),,,72.0,,11163,match:72.0,True,incompatible_date_intervals;multiple_dfo_event_ids;multiple_emdat_event_ids
DFO,DFO-5396,Brazil,BRA,2023-03-23,2023-03-28,0.0,10415.0,169703.0,,,Heavy rain,,1.5,72.0,,11167,match:72.0,True,incompatible_date_intervals;multiple_dfo_event_ids;multiple_emdat_event_ids
EM-DAT,2023-0179-BRA,Brazil,BRA,2023-03-24,2023-03-27,,15000.0,,,,Flood (General),20000.0,,72.0,,11171,match:72.0,True,incompatible_date_intervals;multiple_dfo_event_ids;multiple_emdat_event_ids
DFO,DFO-5391,Brazil,BRA,2023-03-25,2023-03-25,0.0,688.0,420.0,,,Heavy rain,,1.0,72.0,,11173,match:72.0,True,incompatible_date_intervals;multiple_dfo_event_ids;multiple_emdat_event_ids
EM-DAT,2023-0203-BRA,Brazil,BRA,2023-03-29,2023-03-29,6.0,3719.0,,,,Flood (General),,,72.0,,11180,match:72.0,True,incompatible_date_intervals;multiple_dfo_event_ids;multiple_emdat_event_ids
EM-DAT,2014-0180-CHN,China,CHN,2014-05-24,2014-06-03,37.0,5500000.0,,,,Riverine flood,1000000.0,,720.0,,8423,match:720.0,True,incompatible_date_intervals;multiple_dfo_event_ids;multiple_emdat_event_ids
DFO,DFO-4146,China,CHN,2014-05-30,2014-06-10,6.0,500.0,45994.0,,,Heavy rain,,1.0,720.0,,8425,match:720.0,True,incompatible_date_intervals;multiple_dfo_event_ids;multiple_emdat_event_ids
EM-DAT,2014-0212-CHN,China,CHN,2014-06-01,2014-06-07,33.0,720000.0,,,,Riverine flood,677000.0,,720.0,,8429,match:720.0,True,incompatible_date_intervals;multiple_dfo_event_ids;multiple_emdat_event_ids
EM-DAT,2014-0550-CHN,China,CHN,2014-06-04,2014-06-28,37.0,450000.0,,,,Riverine flood,1100000.0,,720.0,,8439,match:720.0,True,incompatible_date_intervals;multiple_dfo_event_ids;multiple_emdat_event_ids
DFO,DFO-4155,China,CHN,2014-06-05,2014-06-25,14.0,337000.0,377102.0,,,Monsoonal Rain,,1.0,720.0,,8440,match:720.0,True,incompatible_date_intervals;multiple_dfo_event_ids;multiple_emdat_event_ids
EM-DAT,2014-0215-CHN,China,CHN,2014-06-17,2014-06-21,24.0,15000000.0,,,,Riverine flood,900000.0,,720.0,,8448,match:720.0,True,incompatible_date_intervals;multiple_dfo_event_ids;multiple_emdat_event_ids
EM-DAT,2014-0217-CHN,China,CHN,2014-06-25,2014-06-30,24.0,150000.0,,,,Flood (General),483000.0,,720.0,,8453,match:720.0,True,incompatible_date_intervals;multiple_dfo_event_ids;multiple_emdat_event_ids
EM-DAT,2023-0172-SOM,Somalia,SOM,2023-03-12,2023-03-24,21.0,100003.0,,,,Flash flood,,,73.0,,11152,match:73.0,True,incompatible_date_intervals;multiple_emdat_event_ids
DFO,DFO-5392,Somalia,SOM,2023-03-24,2023-03-25,20.0,0.0,2003.0,,,Heavy rain,,1.0,73.0,,11169,match:73.0,True,incompatible_date_intervals;multiple_emdat_event_ids
EM-DAT,2023-0295-SOM,Somalia,SOM,2023-04-01,2023-05-01,22.0,468000.0,,,,Flash flood,,,73.0,,11188,match:73.0,True,incompatible_date_intervals;multiple_emdat_event_ids
DFO,DFO-4118,Zimbabwe,ZWE,2014-01-15,2014-02-07,0.0,0.0,142586.0,,,Heavy rain,,1.5,737.0,,8362,match:737.0,True,multiple_dfo_event_ids
DFO,DFO-4119,Zimbabwe,ZWE,2014-01-15,2014-02-07,0.0,4000.0,72462.0,,,Heavy rain,,1.5,737.0,,8363,match:737.0,True,multiple_dfo_event_ids
EM-DAT,2014-0066-ZWE,Zimbabwe,ZWE,2014-01-20,2014-02-10,3.0,1002.0,,,,Flash flood,20000.0,,737.0,,8368,match:737.0,True,multiple_dfo_event_ids
DFO,DFO-4128,Zimbabwe,ZWE,2014-02-01,2014-03-30,0.0,4000.0,17206.0,,,Dam/Levy break or release,,1.0,737.0,,8374,match:737.0,True,multiple_dfo_event_ids
EM-DAT,2014-0027-FRA,France,FRA,2014-01-16,2014-02-19,4.0,1000.0,,43.9958,7.1,Riverine flood,,,738.0,,8364,match:738.0,True,incompatible_date_intervals;multiple_emdat_event_ids
EM-DAT,2014-0026-ITA,Italy,ITA,2014-01-18,2014-01-20,2.0,1601.0,,43.9958,7.1,Flash flood,120000.0,,738.0,,8365,match:738.0,True,incompatible_date_intervals;multiple_emdat_event_ids
DFO,DFO-4122,France • Italy,,2014-01-20,2014-02-07,4.0,1000.0,82989.0,,,Heavy rain,,1.5,738.0,transboundary (2 countries),8367,match:738.0,True,incompatible_date_intervals;multiple_emdat_event_ids
EM-DAT,2014-0045-ITA,Italy,ITA,2014-01-31,2014-02-01,4.0,80.0,,,,Riverine flood,294000.0,,738.0,,8373,match:738.0,True,incompatible_date_intervals;multiple_emdat_event_ids
EM-DAT,2023-0159-PAK,Pakistan,PAK,2023-03-17,2023-03-22,10.0,,,,,Flash flood,,,74.0,,11158,match:74.0,True,incompatible_date_intervals;multiple_emdat_event_ids
DFO,DFO-5397,Pakistan,PAK,2023-03-24,2023-04-02,11.0,0.0,16207.0,,,Heavy rain,,1.0,74.0,,11170,match:74.0,True,incompatible_date_intervals;multiple_emdat_event_ids
EM-DAT,2023-0208-PAK,Pakistan,PAK,2023-03-24,2023-04-06,14.0,777.0,,,,Flood (General),,,74.0,,11172,match:74.0,True,incompatible_date_intervals;multiple_emdat_event_ids
EM-DAT,2023-0173-PAK,Pakistan,PAK,2023-03-25,2023-03-25,14.0,50.0,,,,Flood (General),,,74.0,,11174,match:74.0,True,incompatible_date_intervals;multiple_emdat_event_ids
EM-DAT,2013-0541-IDN,Indonesia,IDN,2013-12-28,2013-12-30,,22500.0,,4.48013,97.29,Riverine flood,2000.0,22524.63,740.0,,8348,match:740.0,True,incompatible_date_intervals;multiple_dfo_event_ids;multiple_emdat_event_ids
DFO,DFO-4112,Indonesia,IDN,2013-12-29,2014-01-04,0.0,4500.0,22525.0,,,Heavy rain,,1.0,740.0,,8349,match:740.0,True,incompatible_date_intervals;multiple_dfo_event_ids;multiple_emdat_event_ids
DFO,DFO-4121,Indonesia,IDN,2014-01-08,2014-02-07,23.0,20000.0,35769.0,,,Heavy rain,,1.5,740.0,,8356,match:740.0,True,incompatible_date_intervals;multiple_dfo_event_ids;multiple_emdat_event_ids
EM-DAT,2014-0056-IDN,Indonesia,IDN,2014-01-08,2014-02-07,32.0,20000.0,,-6.6324,107.71,Riverine flood,600000.0,35769.22,740.0,,8358,match:740.0,True,incompatible_date_intervals;multiple_dfo_event_ids;multiple_emdat_event_ids
EM-DAT,2014-0018-IDN,Indonesia,IDN,2014-01-14,2014-01-17,20.0,128182.0,,,,Riverine flood,153000.0,,740.0,,8361,match:740.0,True,incompatible_date_intervals;multiple_dfo_event_ids;multiple_emdat_event_ids
EM-DAT,2014-0057-IDN,Indonesia,IDN,2014-01-19,2014-01-22,11.0,4000.0,,,,Riverine flood,2000.0,,740.0,,8366,match:740.0,True,incompatible_date_intervals;multiple_dfo_event_ids;multiple_emdat_event_ids
EM-DAT,2014-0038-IDN,Indonesia,IDN,2014-01-24,2014-01-28,,260350.0,,,,Riverine flood,173000.0,,740.0,,8370,match:740.0,True,incompatible_date_intervals;multiple_dfo_event_ids;multiple_emdat_event_ids
EM-DAT,2013-0572-GBR,United Kingdom of Great Britain and Northern Ireland,GBR,2013-12-23,2014-02-28,2.0,600.0,,53.2732,-1.51,Riverine flood,1500000.0,,742.0,,8345,match:742.0,True,multiple_emdat_event_ids
DFO,DFO-4111,United Kingdom of Great Britain and Northern Ireland • Ireland,,2013-12-27,2014-02-07,0.0,200.0,126150.0,,,Heavy rain,,1.5,742.0,transboundary (2 countries),8347,match:742.0,True,multiple_emdat_event_ids
EM-DAT,2014-0039-GBR,United Kingdom of Great Britain and Northern Ireland,GBR,2014-01-03,2014-02-04,2.0,1000.0,,,,Coastal flood,624000.0,,742.0,,8354,match:742.0,True,multiple_emdat_event_ids
EM-DAT,2013-0531-LCA,Saint Lucia,LCA,2013-12-23,2013-12-25,6.0,19984.0,,,,Riverine flood,,,743.0,,8343,match:743.0,True,incompatible_date_intervals
EM-DAT,2013-0531-VCT,Saint Vincent and the Grenadines,VCT,2013-12-23,2013-12-25,12.0,17422.0,,13.9188,-60.99,Riverine flood,108000.0,830.23,743.0,,8344,match:743.0,True,incompatible_date_intervals
DFO,DFO-4114,Saint Vincent and the Grenadines • Saint Lucia,,2013-12-26,2014-01-04,11.0,0.0,830.0,,,Heavy rain,,1.0,743.0,transboundary (2 countries),8346,match:743.0,True,incompatible_date_intervals
DFO,DFO-4091,India,IND,2013-10-12,2013-10-14,27.0,250000.0,246385.0,,,Tropical Storm Phailin,,2.0,754.0,,8305,match:754.0,True,incompatible_date_intervals;multiple_dfo_event_ids
DFO,DFO-4098,India,IND,2013-10-12,2013-11-10,7.0,0.0,102661.0,,,Heavy rain,,1.5,754.0,,8307,match:754.0,True,incompatible_date_intervals;multiple_dfo_event_ids
EM-DAT,2013-0400-IND,India,IND,2013-10-21,2013-10-26,72.0,375000.0,,,,Riverine flood,260000.0,,754.0,,8309,match:754.0,True,incompatible_date_intervals;multiple_dfo_event_ids
EM-DAT,2013-0434-PHL,Philippines,PHL,2013-10-04,2013-10-10,20.0,207971.0,,,,Riverine flood,1988.0,,755.0,,8299,match:755.0,True,incompatible_date_intervals
DFO,DFO-4093,Philippines,PHL,2013-10-12,2013-10-14,13.0,2500.0,54531.0,,,Tropical Storm Nari,,2.0,755.0,,8306,match:755.0,True,incompatible_date_intervals
DFO,DFO-4097,Peru,PER,2013-10-11,2013-10-14,0.0,1100.0,253521.0,,,Heavy rain,,1.5,756.0,,8304,match:756.0,True,incompatible_date_intervals
EM-DAT,2013-0578-PER,Peru,PER,2013-10-19,2013-10-22,1.0,355.0,,,,Riverine flood,,,756.0,,8308,match:756.0,True,incompatible_date_intervals
EM-DAT,2023-0055-BOL,Bolivia (Plurinational State of),BOL,2023-01-01,2023-03-16,5.0,188610.0,,,,Flood (General),,,76.0,,11089,match:76.0,True,incompatible_date_intervals;multiple_dfo_event_ids;multiple_emdat_event_ids
DFO,DFO-5361,Bolivia (Plurinational State of),BOL,2023-02-05,2023-02-07,1.0,80.0,493000.0,,,Heavy rain,,1.0,76.0,,11115,match:76.0,True,incompatible_date_intervals;multiple_dfo_event_ids;multiple_emdat_event_ids
DFO,DFO-5369,Bolivia (Plurinational State of),BOL,2023-02-15,2023-02-16,6.0,2328.0,81513.0,,,Heavy rain,,1.0,76.0,,11126,match:76.0,True,incompatible_date_intervals;multiple_dfo_event_ids;multiple_emdat_event_ids
DFO,DFO-5393,Bolivia (Plurinational State of),BOL,2023-03-20,2023-03-27,2.0,600.0,530.0,,,Dam/Levy break or release,,1.0,76.0,,11162,match:76.0,True,incompatible_date_intervals;multiple_dfo_event_ids;multiple_emdat_event_ids
EM-DAT,2023-0175-BOL,Bolivia (Plurinational State of),BOL,2023-03-21,2023-03-27,3.0,9960.0,,,,Flood (General),,,76.0,,11164,match:76.0,True,incompatible_date_intervals;multiple_dfo_event_ids;multiple_emdat_event_ids
EM-DAT,2023-0178-BOL,Bolivia (Plurinational State of),BOL,2023-03-27,2023-03-29,,1500.0,,,,Flood (General),,,76.0,,11177,match:76.0,True,incompatible_date_intervals;multiple_dfo_event_ids;multiple_emdat_event_ids
EM-DAT,2013-0257-CHN,China,CHN,2013-06-29,2013-07-03,55.0,625000.0,,,,Riverine flood,1400000.0,,762.0,,8220,match:762.0,True,incompatible_date_intervals;multiple_dfo_event_ids;multiple_emdat_event_ids
DFO,DFO-4071,China,CHN,2013-07-05,2013-07-15,200.0,100000.0,419827.0,,,Heavy rain,,1.5,762.0,,8222,match:762.0,True,incompatible_date_intervals;multiple_dfo_event_ids;multiple_emdat_event_ids
EM-DAT,2013-0259-CHN,China,CHN,2013-07-07,2013-07-17,233.0,3500000.0,,30.4563,104.02,Riverine flood,4621600.0,419827.15,762.0,,8223,match:762.0,True,incompatible_date_intervals;multiple_dfo_event_ids;multiple_emdat_event_ids
DFO,DFO-4073,China,CHN,2013-07-11,2013-07-15,0.0,8.0,112221.0,,,Torrential rain,,1.5,762.0,,8227,match:762.0,True,incompatible_date_intervals;multiple_dfo_event_ids;multiple_emdat_event_ids
DFO,DFO-4072,China,CHN,2013-07-13,2013-07-15,1.0,300000.0,101851.0,,,Tropical Storm Sulik,,1.5,762.0,,8229,match:762.0,True,incompatible_date_intervals;multiple_dfo_event_ids;multiple_emdat_event_ids
EM-DAT,2013-0262-CHN,China,CHN,2013-07-21,2013-07-25,36.0,718500.0,,,,Riverine flood,1400000.0,,762.0,,8232,match:762.0,True,incompatible_date_intervals;multiple_dfo_event_ids;multiple_emdat_event_ids
EM-DAT,2013-0264-CHN,China,CHN,2013-07-25,2013-08-01,10.0,125000.0,,,,Riverine flood,571000.0,,762.0,,8236,match:762.0,True,incompatible_date_intervals;multiple_dfo_event_ids;multiple_emdat_event_ids
DFO,DFO-4079,Russian Federation • China,,2013-08-01,2013-08-07,0.0,1500.0,102479.0,,,Heavy rain,,2.0,762.0,transboundary (2 countries),8243,match:762.0,True,incompatible_date_intervals;multiple_dfo_event_ids;multiple_emdat_event_ids
EM-DAT,2013-0278-RUS,Russian Federation,RUS,2013-08-01,2013-08-07,,34135.0,,50.0043,128.42,Riverine flood,1000000.0,102479.27,762.0,,8244,match:762.0,True,incompatible_date_intervals;multiple_dfo_event_ids;multiple_emdat_event_ids
DFO,DFO-4083,China • Russian Federation,,2013-08-07,2013-10-14,100.0,260000.0,1430156.0,,,Heavy rain,,2.0,762.0,transboundary (2 countries),8257,match:762.0,True,incompatible_date_intervals;multiple_dfo_event_ids;multiple_emdat_event_ids
EM-DAT,2013-0317-CHN,China,CHN,2013-08-12,2013-09-05,118.0,1075000.0,,,,Riverine flood,4960000.0,,762.0,,8261,match:762.0,True,incompatible_date_intervals;multiple_dfo_event_ids;multiple_emdat_event_ids
DFO,DFO-4086,China,CHN,2013-08-15,2013-08-21,40.0,0.0,98183.0,,,Tropical Storm Utor,,1.5,762.0,,8265,match:762.0,True,incompatible_date_intervals;multiple_dfo_event_ids;multiple_emdat_event_ids
DFO,DFO-4085,China,CHN,2013-08-18,2013-08-21,80.0,0.0,93532.0,,,Monsoonal Rain,,1.5,762.0,,8269,match:762.0,True,incompatible_date_intervals;multiple_dfo_event_ids;multiple_emdat_event_ids
EM-DAT,2013-0273-CHN,China,CHN,2013-08-18,2013-08-21,43.0,255000.0,,35.9161,100.18,Riverine flood,457000.0,93531.74,762.0,,8270,match:762.0,True,incompatible_date_intervals;multiple_dfo_event_ids;multiple_emdat_event_ids
EM-DAT,2013-0416-CHN,China,CHN,2013-09-16,2013-09-18,17.0,150030.0,,,,Riverine flood,343000.0,,762.0,,8288,match:762.0,True,incompatible_date_intervals;multiple_dfo_event_ids;multiple_emdat_event_ids
EM-DAT,2013-0340-PHL,Philippines,PHL,2013-08-01,2013-08-09,11.0,100021.0,,,,Riverine flood,36000.0,,763.0,,8247,match:763.0,True,incompatible_date_intervals;multiple_emdat_event_ids
DFO,DFO-4084,Philippines,PHL,2013-08-13,2013-08-21,8.0,280000.0,50412.0,,,Monsoonal Rain and Offshore Tropica,,2.0,763.0,,8263,match:763.0,True,incompatible_date_intervals;multiple_emdat_event_ids
EM-DAT,2013-0274-PHL,Philippines,PHL,2013-08-13,2013-08-21,31.0,3096422.0,,16.3191,121.14,Riverine flood,2190000.0,50412.4,763.0,,8264,match:763.0,True,incompatible_date_intervals;multiple_emdat_event_ids
DFO,DFO-4078,Pakistan • Afghanistan,,2013-08-01,2013-08-07,135.0,81000.0,549425.0,,,Heavy rain,,1.5,764.0,transboundary (2 countries),8242,match:764.0,True,incompatible_date_intervals;multiple_dfo_event_ids;multiple_emdat_event_ids
EM-DAT,2013-0279-AFG,Afghanistan,AFG,2013-08-01,2013-08-07,52.0,2597.0,,,,Riverine flood,,,764.0,,8245,match:764.0,True,incompatible_date_intervals;multiple_dfo_event_ids;multiple_emdat_event_ids
DFO,DFO-4082,Pakistan,PAK,2013-08-07,2013-08-21,70.0,12000.0,462763.0,,,Monsoon Rain began with ReportNumber=4078,,1.5,764.0,,8256,match:764.0,True,incompatible_date_intervals;multiple_dfo_event_ids;multiple_emdat_event_ids
EM-DAT,2013-0276-PAK,Pakistan,PAK,2013-08-07,2013-08-21,234.0,1497725.0,,28.7404,69.11,Riverine flood,1500000.0,462763.09,764.0,,8258,match:764.0,True,incompatible_date_intervals;multiple_dfo_event_ids;multiple_emdat_event_ids
EM-DAT,2013-0343-AFG,Afghanistan,AFG,2013-08-10,2013-08-14,31.0,,,,,Riverine flood,,,764.0,,8260,match:764.0,True,incompatible_date_intervals;multiple_dfo_event_ids;multiple_emdat_event_ids
EM-DAT,2023-0126-ECU,Ecuador,ECU,2023-01-01,2023-04-23,30.0,66764.0,,,,Flood (General),205000.0,,77.0,,11090,match:77.0,True,incompatible_date_intervals;multiple_dfo_event_ids
DFO,DFO-5373,Ecuador,ECU,2023-02-18,2023-02-21,6.0,0.0,6500.0,,,Heavy rain,,1.0,77.0,,11132,match:77.0,True,incompatible_date_intervals;multiple_dfo_event_ids
DFO,DFO-5381,Ecuador,ECU,2023-03-06,2023-03-07,3.0,0.0,337.0,,,Heavy rain,,1.0,77.0,,11146,match:77.0,True,incompatible_date_intervals;multiple_dfo_event_ids
DFO,DFO-5390,Ecuador,ECU,2023-03-18,2023-03-18,0.0,84.0,36146.0,,,Heavy rain,,1.0,77.0,,11160,match:77.0,True,incompatible_date_intervals;multiple_dfo_event_ids
DFO,DFO-4067,India,IND,2013-06-11,2013-06-18,0.0,8000.0,152701.0,,,Monsoonal Rain,,1.0,771.0,,8206,match:771.0,True,incompatible_date_intervals;multiple_dfo_event_ids;multiple_emdat_event_ids
DFO,DFO-4065,India,IND,2013-06-12,2013-06-27,5748.0,75000.0,131743.0,,,Monsoonal Rain,,1.5,771.0,,8207,match:771.0,True,incompatible_date_intervals;multiple_dfo_event_ids;multiple_emdat_event_ids
EM-DAT,2013-0192-IND,India,IND,2013-06-12,2013-06-27,6054.0,504473.0,,32.714,76.61,Riverine flood,1100000.0,131743.41,771.0,,8208,match:771.0,True,incompatible_date_intervals;multiple_dfo_event_ids;multiple_emdat_event_ids
DFO,DFO-4069,India,IND,2013-06-23,2013-07-15,80.0,2000000.0,38019.0,,,Monsoonal Rain,,2.0,771.0,,8217,match:771.0,True,incompatible_date_intervals;multiple_dfo_event_ids;multiple_emdat_event_ids
EM-DAT,2013-0282-IND,India,IND,2013-06-23,2013-07-15,80.0,2000000.0,,27.387,94.92,Flood (General),,38019.26,771.0,,8219,match:771.0,True,incompatible_date_intervals;multiple_dfo_event_ids;multiple_emdat_event_ids
EM-DAT,2013-0260-IND,India,IND,2013-07-09,2013-07-10,174.0,500000.0,,,,Riverine flood,2000.0,,771.0,,8224,match:771.0,True,incompatible_date_intervals;multiple_dfo_event_ids;multiple_emdat_event_ids
DFO,DFO-4060,United States of America,USA,2013-05-25,2013-05-28,3.0,300.0,33908.0,,,Heavy rain,,2.0,775.0,,8190,match:775.0,True,multiple_dfo_event_ids
DFO,DFO-4061,United States of America,USA,2013-05-25,2013-06-03,0.0,400.0,123500.0,,,Heavy rain,,1.0,775.0,,8191,match:775.0,True,multiple_dfo_event_ids
DFO,DFO-4064,United States of America,USA,2013-05-25,2013-06-03,5.0,0.0,170079.0,,,Torrential rain,,1.5,775.0,,8192,match:775.0,True,multiple_dfo_event_ids
EM-DAT,2013-0286-USA,United States of America,USA,2013-05-25,2013-05-28,3.0,300.0,,28.899,-98.89,Riverine flood,2000.0,33907.85,775.0,,8193,match:775.0,True,multiple_dfo_event_ids
EM-DAT,2013-0199-CHN,China,CHN,2013-05-06,2013-05-10,20.0,255000.0,,,,Riverine flood,165000.0,,777.0,,8180,match:777.0,True,incompatible_date_intervals;multiple_emdat_event_ids
DFO,DFO-4057,China,CHN,2013-05-12,2013-05-28,55.0,10000.0,84762.0,,,Monsoonal Rain,,1.5,777.0,,8181,match:777.0,True,incompatible_date_intervals;multiple_emdat_event_ids
EM-DAT,2013-0200-CHN,China,CHN,2013-05-12,2013-05-28,55.0,300000.0,,23.6387,114.46,Riverine flood,661000.0,84761.74,777.0,,8182,match:777.0,True,incompatible_date_intervals;multiple_emdat_event_ids
EM-DAT,2013-0201-CHN,China,CHN,2013-05-19,2013-05-23,12.0,100000.0,,,,Riverine flood,445000.0,,777.0,,8185,match:777.0,True,incompatible_date_intervals;multiple_emdat_event_ids
EM-DAT,2013-0202-CHN,China,CHN,2013-05-24,2013-05-27,12.0,200000.0,,,,Riverine flood,333000.0,,777.0,,8189,match:777.0,True,incompatible_date_intervals;multiple_emdat_event_ids
DFO,DFO-4048,Somalia,SOM,2013-04-05,2013-04-29,0.0,4000.0,27293.0,,,Heavy rain,,1.0,778.0,,8163,match:778.0,True,incompatible_date_intervals;multiple_dfo_event_ids
DFO,DFO-4055,Somalia,SOM,2013-05-01,2013-05-16,7.0,50000.0,243476.0,,,Heavy rain,,2.0,778.0,,8174,match:778.0,True,incompatible_date_intervals;multiple_dfo_event_ids
EM-DAT,2013-0288-SOM,Somalia,SOM,2013-05-01,2013-05-16,7.0,50000.0,,2.16964,43.66,Riverine flood,,243476.26,778.0,,8176,match:778.0,True,incompatible_date_intervals;multiple_dfo_event_ids
DFO,DFO-4050,United States of America,USA,2013-04-22,2013-04-29,5.0,300.0,493137.0,,,Heavy rain,,1.5,779.0,,8168,match:779.0,True,multiple_dfo_event_ids
EM-DAT,2013-0291-USA,United States of America,USA,2013-04-22,2013-04-29,5.0,300.0,,38.8278,-88.64,Riverine flood,325000.0,493136.77,779.0,,8169,match:779.0,True,multiple_dfo_event_ids
DFO,DFO-4051,United States of America • Canada,,2013-04-27,2013-04-29,0.0,0.0,43181.0,,,Heavy rain,,1.0,779.0,transboundary (2 countries),8173,match:779.0,True,multiple_dfo_event_ids
EM-DAT,2013-0123-KEN,Kenya,KEN,2013-03-10,2013-04-30,96.0,100020.0,,2.46174,36.72,Riverine flood,36000.0,73170.41,784.0,,8149,match:784.0,True,incompatible_date_intervals;multiple_emdat_event_ids
DFO,DFO-4043,Kenya • Uganda,,2013-03-28,2013-04-29,63.0,18633.0,73170.0,,,Heavy rain,,1.5,784.0,transboundary (2 countries),8157,match:784.0,True,incompatible_date_intervals;multiple_emdat_event_ids
EM-DAT,2013-0197-UGA,Uganda,UGA,2013-05-01,2013-05-05,13.0,25445.0,,,,Riverine flood,3100.0,,784.0,,8175,match:784.0,True,incompatible_date_intervals;multiple_emdat_event_ids
EM-DAT,2013-0297-FRA,France,FRA,2013-03-05,2013-03-07,1.0,1200.0,,43.2579,2.54,Riverine flood,,,786.0,,8146,match:786.0,True,incompatible_date_intervals
DFO,DFO-4039,France,FRA,2013-03-09,2013-03-17,1.0,1200.0,5910.0,,,Heavy rain,,1.0,786.0,,8147,match:786.0,True,incompatible_date_intervals
DFO,DFO-5377,Australia,AUS,2023-02-27,2023-03-01,0.0,700.0,2197.0,,,Heavy rain,,1.0,79.0,,11137,match:79.0,True,incompatible_date_intervals;multiple_dfo_event_ids;multiple_emdat_event_ids
EM-DAT,2023-0129-AUS,Australia,AUS,2023-03-01,2023-03-03,,700.0,,,,Flood (General),,,79.0,,11140,match:79.0,True,incompatible_date_intervals;multiple_dfo_event_ids;multiple_emdat_event_ids
DFO,DFO-5384,Australia,AUS,2023-03-08,2023-03-12,0.0,25.0,9557.0,,,Heavy rain,,1.0,79.0,,11148,match:79.0,True,incompatible_date_intervals;multiple_dfo_event_ids;multiple_emdat_event_ids
EM-DAT,2023-0138-AUS,Australia,AUS,2023-03-10,2023-03-14,,170.0,,,,Flood (General),,,79.0,,11150,match:79.0,True,incompatible_date_intervals;multiple_dfo_event_ids;multiple_emdat_event_ids
EM-DAT,2013-0063-IDN,Indonesia,IDN,2013-02-15,2013-02-22,17.0,58040.0,,1.0256,124.51,Riverine flood,2000.0,28873.67,790.0,,8132,match:790.0,True,incompatible_date_intervals;multiple_dfo_event_ids;multiple_emdat_event_ids
DFO,DFO-4029,Indonesia,IDN,2013-02-16,2013-02-18,0.0,3452.0,21654.0,,,Heavy rain,,1.0,790.0,,8133,match:790.0,True,incompatible_date_intervals;multiple_dfo_event_ids;multiple_emdat_event_ids
DFO,DFO-4030,Indonesia,IDN,2013-02-16,2013-02-18,17.0,0.0,28874.0,,,Heavy rain,,1.0,790.0,,8134,match:790.0,True,incompatible_date_intervals;multiple_dfo_event_ids;multiple_emdat_event_ids
DFO,DFO-4032,Indonesia,IDN,2013-02-20,2013-03-04,0.0,1000.0,4202.0,,,Heavy rain,,1.5,790.0,,8136,match:790.0,True,incompatible_date_intervals;multiple_dfo_event_ids;multiple_emdat_event_ids
EM-DAT,2013-0560-IDN,Indonesia,IDN,2013-02-26,2013-02-28,3.0,13860.0,,,,Riverine flood,,,790.0,,8143,match:790.0,True,incompatible_date_intervals;multiple_dfo_event_ids;multiple_emdat_event_ids
EM-DAT,2013-0056-PER,Peru,PER,2013-01-01,2013-02-20,67.0,180766.0,,-20.3461,-69.09,Riverine flood,,577782.56,791.0,,8102,match:791.0,True,incompatible_date_intervals;multiple_dfo_event_ids;multiple_emdat_event_ids
DFO,DFO-4017,Peru,PER,2013-01-04,2013-01-10,0.0,2000.0,318649.0,,,Torrential rain,,1.5,791.0,,8110,match:791.0,True,incompatible_date_intervals;multiple_dfo_event_ids;multiple_emdat_event_ids
EM-DAT,2013-0057-BOL,Bolivia (Plurinational State of),BOL,2013-01-28,2013-02-27,25.0,145000.0,,,,Riverine flood,2500.0,,791.0,,8127,match:791.0,True,incompatible_date_intervals;multiple_dfo_event_ids;multiple_emdat_event_ids
DFO,DFO-4027,Peru • Bolivia (Plurinational State of),,2013-02-08,2013-02-12,31.0,2400.0,577783.0,,,Heavy rain,,2.0,791.0,transboundary (2 countries),8130,match:791.0,True,incompatible_date_intervals;multiple_dfo_event_ids;multiple_emdat_event_ids
DFO,DFO-4013,Indonesia,IDN,2013-01-03,2013-01-10,8.0,1000.0,67600.0,,,Heavy rain,,1.0,793.0,,8105,match:793.0,True,incompatible_date_intervals;multiple_dfo_event_ids;multiple_emdat_event_ids
EM-DAT,2013-0034-IDN,Indonesia,IDN,2013-01-03,2013-01-10,8.0,1000.0,,-0.86702,121.88,Riverine flood,,67600.0,793.0,,8108,match:793.0,True,incompatible_date_intervals;multiple_dfo_event_ids;multiple_emdat_event_ids
DFO,DFO-4020,Indonesia,IDN,2013-01-13,2013-01-22,32.0,46000.0,1746.0,,,Monsoonal Rain,,2.0,793.0,,8117,match:793.0,True,incompatible_date_intervals;multiple_dfo_event_ids;multiple_emdat_event_ids
EM-DAT,2013-0007-IDN,Indonesia,IDN,2013-01-17,2013-01-31,34.0,248846.0,,-6.17945,106.73,Riverine flood,3000000.0,1746.0,793.0,,8124,match:793.0,True,incompatible_date_intervals;multiple_dfo_event_ids;multiple_emdat_event_ids
DFO,DFO-4015,Philippines,PHL,2013-01-03,2013-01-10,0.0,520.0,6144.0,,,Tropical Storm Auring,,1.0,797.0,,8107,match:797.0,True,incompatible_date_intervals;multiple_dfo_event_ids
DFO,DFO-4016,Philippines,PHL,2013-01-04,2013-01-10,0.0,3180.0,51782.0,,,Heavy rain,,1.0,797.0,,8109,match:797.0,True,incompatible_date_intervals;multiple_dfo_event_ids
EM-DAT,2013-0019-PHL,Philippines,PHL,2013-01-15,2013-01-23,10.0,507769.0,,,,Flash flood,2800.0,,797.0,,8121,match:797.0,True,incompatible_date_intervals;multiple_dfo_event_ids
DFO,DFO-5379,Brazil,BRA,2023-03-05,2023-03-05,0.0,700.0,466.0,,,Heavy rain,,1.0,80.0,,11143,match:80.0,True,multiple_dfo_event_ids
DFO,DFO-5382,Brazil,BRA,2023-03-05,2023-03-07,1.0,0.0,3729.0,,,Heavy rain,,1.0,80.0,,11144,match:80.0,True,multiple_dfo_event_ids
EM-DAT,2023-0125-BRA,Brazil,BRA,2023-03-05,2023-03-06,,750.0,,,,Flood (General),95000.0,,80.0,,11145,match:80.0,True,multiple_dfo_event_ids
DFO,DFO-4009,United Kingdom of Great Britain and Northern Ireland,GBR,2012-11-20,2012-12-18,4.0,1700.0,106807.0,,,Heavy rain,,1.0,801.0,,8080,match:801.0,True,incompatible_date_intervals;multiple_emdat_event_ids
EM-DAT,2012-0552-GBR,United Kingdom of Great Britain and Northern Ireland,GBR,2012-11-21,2012-12-18,4.0,1700.0,,53.45,-1.19,Riverine flood,1630000.0,,801.0,,8083,match:801.0,True,incompatible_date_intervals;multiple_emdat_event_ids
EM-DAT,2012-0488-GBR,United Kingdom of Great Britain and Northern Ireland,GBR,2012-12-23,2012-12-23,,585.0,,,,Riverine flood,,,801.0,,8094,match:801.0,True,incompatible_date_intervals;multiple_emdat_event_ids
DFO,DFO-4021,Malawi,MWI,2012-11-15,2013-01-22,3.0,3000.0,20096.0,,,Heavy rain,,1.0,802.0,,8077,match:802.0,True,multiple_emdat_event_ids
EM-DAT,2012-0598-MWI,Malawi,MWI,2012-12-15,2013-02-01,4.0,64385.0,,,,Riverine flood,,,802.0,,8091,match:802.0,True,multiple_emdat_event_ids
EM-DAT,2013-0011-MWI,Malawi,MWI,2013-01-01,2013-01-01,3.0,33000.0,,-15.6178,35.02,Riverine flood,,20095.7,802.0,,8099,match:802.0,True,multiple_emdat_event_ids
EM-DAT,2023-0137-PER,Peru,PER,2023-01-01,2023-03-29,71.0,410000.0,,,,Flood (General),,,81.0,,11091,match:81.0,True,incompatible_date_intervals;multiple_dfo_event_ids
DFO,DFO-5360,Peru,PER,2023-02-05,2023-02-06,3.0,40.0,2003.0,,,Heavy rain,,1.0,81.0,,11114,match:81.0,True,incompatible_date_intervals;multiple_dfo_event_ids
DFO,DFO-5383,Peru,PER,2023-03-04,2023-03-11,8.0,1961.0,66607.0,,,Heavy rain,,1.5,81.0,,11142,match:81.0,True,incompatible_date_intervals;multiple_dfo_event_ids
DFO,DFO-3983,India,IND,2012-09-16,2012-09-18,45.0,200.0,37711.0,,,Torrential rain,,2.0,810.0,,8045,match:810.0,True,incompatible_date_intervals;multiple_dfo_event_ids;multiple_emdat_event_ids
EM-DAT,2012-0354-IND,India,IND,2012-09-16,2012-09-18,45.0,200.0,,31.3,76.85,Riverine flood,20000.0,37710.0,810.0,,8046,match:810.0,True,incompatible_date_intervals;multiple_dfo_event_ids;multiple_emdat_event_ids
DFO,DFO-3987,India,IND,2012-09-19,2012-10-15,21.0,2000000.0,42598.0,,,Monsoonal Rain,,2.0,810.0,,8048,match:810.0,True,incompatible_date_intervals;multiple_dfo_event_ids;multiple_emdat_event_ids
EM-DAT,2012-0382-IND,India,IND,2012-09-19,2012-09-23,21.0,2000000.0,,26.8,93.63,Riverine flood,98000.0,42597.0,810.0,,8049,match:810.0,True,incompatible_date_intervals;multiple_dfo_event_ids;multiple_emdat_event_ids
EM-DAT,2012-0366-NGA,Nigeria,NGA,2012-07-01,2012-10-31,363.0,7000867.0,,,,Riverine flood,500000.0,,811.0,,7957,match:811.0,True,incompatible_date_intervals;multiple_dfo_event_ids;multiple_emdat_event_ids
DFO,DFO-3954,Nigeria,NGA,2012-07-22,2012-07-25,50.0,2000.0,45292.0,,,Heavy rain,,1.5,811.0,,7982,match:811.0,True,incompatible_date_intervals;multiple_dfo_event_ids;multiple_emdat_event_ids
DFO,DFO-3964,Nigeria,NGA,2012-08-02,2012-08-06,0.0,3000.0,16652.0,,,Torrential rain,,1.5,811.0,,7994,match:811.0,True,incompatible_date_intervals;multiple_dfo_event_ids;multiple_emdat_event_ids
DFO,DFO-3972,Nigeria,NGA,2012-08-24,2012-08-29,10.0,20000.0,48923.0,,,Torrential rain,,1.5,811.0,,8018,match:811.0,True,incompatible_date_intervals;multiple_dfo_event_ids;multiple_emdat_event_ids
DFO,DFO-3976,Nigeria • Cameroon,,2012-08-25,2012-09-26,127.0,20000.0,96831.0,,,Heavy rain,,1.5,811.0,transboundary (2 countries),8021,match:811.0,True,incompatible_date_intervals;multiple_dfo_event_ids;multiple_emdat_event_ids
EM-DAT,2012-0362-CMR,Cameroon,CMR,2012-08-25,2012-08-31,15.0,31980.0,,,,Riverine flood,2000.0,,811.0,,8022,match:811.0,True,incompatible_date_intervals;multiple_dfo_event_ids;multiple_emdat_event_ids
EM-DAT,2012-0436-CMR,Cameroon,CMR,2012-08-27,2012-08-27,10.0,20000.0,,,,Riverine flood,,,811.0,,8024,match:811.0,True,incompatible_date_intervals;multiple_dfo_event_ids;multiple_emdat_event_ids
DFO,DFO-3988,Nigeria,NGA,2012-09-15,2012-10-29,148.0,64000.0,12538.0,,,Heavy rain,,2.0,811.0,,8041,match:811.0,True,incompatible_date_intervals;multiple_dfo_event_ids;multiple_emdat_event_ids
EM-DAT,2012-0302-NER,Niger,NER,2012-07-15,2012-10-15,91.0,530952.0,,,,Riverine flood,184115.0,,812.0,,7972,match:812.0,True,incompatible_date_intervals;multiple_dfo_event_ids
DFO,DFO-3967,Niger,NER,2012-08-06,2012-09-07,52.0,125000.0,75977.0,,,Heavy rain,,1.5,812.0,,8001,match:812.0,True,incompatible_date_intervals;multiple_dfo_event_ids
DFO,DFO-3994,Niger,NER,2012-09-15,2012-10-15,91.0,0.0,121036.0,,,Heavy rain,,1.0,812.0,,8042,match:812.0,True,incompatible_date_intervals;multiple_dfo_event_ids
EM-DAT,2012-0347-TCD,Chad,TCD,2012-07-15,2012-09-24,20.0,594831.0,,,,Riverine flood,10000.0,,813.0,,7974,match:813.0,True,multiple_emdat_event_ids
DFO,DFO-3995,Chad,TCD,2012-09-15,2012-10-15,0.0,17000.0,86062.0,,,Heavy rain,,1.0,813.0,,8043,match:813.0,True,multiple_emdat_event_ids
EM-DAT,2012-0384-TCD,Chad,TCD,2012-09-15,2012-10-15,,18800.0,,,,Riverine flood,,,813.0,,8044,match:813.0,True,multiple_emdat_event_ids
EM-DAT,2012-0363-PAK,Pakistan,PAK,2012-08-01,2012-10-29,480.0,5049364.0,,28.04,68.77,Riverine flood,2500000.0,23036.0,815.0,,7992,match:815.0,True,incompatible_date_intervals;multiple_dfo_event_ids;multiple_emdat_event_ids
DFO,DFO-3974,Pakistan,PAK,2012-08-23,2012-08-29,26.0,1200.0,98264.0,,,Monsoonal Rain,,1.5,815.0,,8015,match:815.0,True,incompatible_date_intervals;multiple_dfo_event_ids;multiple_emdat_event_ids
EM-DAT,2012-0475-PAK,Pakistan,PAK,2012-08-23,2012-08-29,26.0,1200.0,,35.03,73.52,Riverine flood,,98264.0,815.0,,8016,match:815.0,True,incompatible_date_intervals;multiple_dfo_event_ids;multiple_emdat_event_ids
EM-DAT,2012-0325-PAK,Pakistan,PAK,2012-09-04,2012-09-04,12.0,,,,,Flash flood,,,815.0,,8033,match:815.0,True,incompatible_date_intervals;multiple_dfo_event_ids;multiple_emdat_event_ids
DFO,DFO-3984,Pakistan,PAK,2012-09-10,2012-10-29,400.0,742000.0,23036.0,,,Monsoonal Rain,,1.5,815.0,,8038,match:815.0,True,incompatible_date_intervals;multiple_dfo_event_ids;multiple_emdat_event_ids
DFO,DFO-3965,China,CHN,2012-08-14,2012-08-20,13.0,14600.0,107984.0,,,Monsoonal Rain,,1.0,819.0,,8004,match:819.0,True,incompatible_date_intervals;multiple_dfo_event_ids;multiple_emdat_event_ids
EM-DAT,2012-0603-CHN,China,CHN,2012-08-14,2012-08-20,15.0,,,,,Riverine flood,370000.0,,819.0,,8005,match:819.0,True,incompatible_date_intervals;multiple_dfo_event_ids;multiple_emdat_event_ids
DFO,DFO-3975,China,CHN,2012-08-25,2012-08-29,6.0,30.0,45131.0,,,Torrential rain,,1.5,819.0,,8020,match:819.0,True,incompatible_date_intervals;multiple_dfo_event_ids;multiple_emdat_event_ids
EM-DAT,2012-0610-CHN,China,CHN,2012-08-28,2012-08-30,15.0,210000.0,,,,Riverine flood,306000.0,,819.0,,8026,match:819.0,True,incompatible_date_intervals;multiple_dfo_event_ids;multiple_emdat_event_ids
DFO,DFO-3960,India,IND,2012-08-03,2012-08-06,0.0,2000.0,35690.0,,,Monsoonal Rain,,1.0,822.0,,7995,match:822.0,True,incompatible_date_intervals;multiple_dfo_event_ids;multiple_emdat_event_ids
DFO,DFO-3959,India,IND,2012-08-04,2012-08-06,30.0,1200.0,31391.0,,,Torrential rain,,1.5,822.0,,7997,match:822.0,True,incompatible_date_intervals;multiple_dfo_event_ids;multiple_emdat_event_ids
EM-DAT,2012-0334-IND,India,IND,2012-08-04,2012-08-09,30.0,1200.0,,30.1135,78.85,Riverine flood,110000.0,31390.0,822.0,,8000,match:822.0,True,incompatible_date_intervals;multiple_dfo_event_ids;multiple_emdat_event_ids
DFO,DFO-3966,India,IND,2012-08-16,2012-08-20,1.0,210.0,29690.0,,,Monsoonal Rain,,1.0,822.0,,8009,match:822.0,True,incompatible_date_intervals;multiple_dfo_event_ids;multiple_emdat_event_ids
EM-DAT,2012-0322-IND,India,IND,2012-08-21,2012-08-23,37.0,37500.0,,,,Riverine flood,,,822.0,,8013,match:822.0,True,incompatible_date_intervals;multiple_dfo_event_ids;multiple_emdat_event_ids
EM-DAT,2012-0584-IND,India,IND,2012-08-21,2012-08-23,26.0,9460.0,,,,Riverine flood,16000.0,,822.0,,8014,match:822.0,True,incompatible_date_intervals;multiple_dfo_event_ids;multiple_emdat_event_ids
DFO,DFO-3968,South Sudan • Sudan,,2012-08-01,2012-08-29,32.0,154000.0,456059.0,,,Heavy rain,,1.5,823.0,transboundary (2 countries),7990,match:823.0,True,multiple_dfo_event_ids;multiple_emdat_event_ids
EM-DAT,2012-0280-SDN,Sudan,SDN,2012-08-01,2012-08-12,35.0,135135.0,,,,Riverine flood,,,823.0,,7991,match:823.0,True,multiple_dfo_event_ids;multiple_emdat_event_ids
EM-DAT,2012-0476-SSD,South Sudan,SSD,2012-08-01,2012-08-29,32.0,154000.0,,9.69,30.21,Riverine flood,,456058.0,823.0,,7993,match:823.0,True,multiple_dfo_event_ids;multiple_emdat_event_ids
DFO,DFO-3961,Sudan,SDN,2012-08-04,2012-08-06,5.0,800.0,89290.0,,,Torrential rain,,1.5,823.0,,7998,match:823.0,True,multiple_dfo_event_ids;multiple_emdat_event_ids
DFO,DFO-3942,China,CHN,2012-06-22,2012-07-02,50.0,120000.0,2643787.0,,,Monsoonal Rain,,1.5,824.0,,7950,match:824.0,True,incompatible_date_intervals;multiple_dfo_event_ids;multiple_emdat_event_ids
EM-DAT,2012-0173-CHN,China,CHN,2012-06-22,2012-07-02,91.0,17440000.0,,33.4553,106.94,Riverine flood,1200000.0,2643786.0,824.0,,7951,match:824.0,True,incompatible_date_intervals;multiple_dfo_event_ids;multiple_emdat_event_ids
EM-DAT,2012-0200-CHN,China,CHN,2012-07-01,2012-07-01,,53000.0,,,,Riverine flood,,,824.0,,7956,match:824.0,True,incompatible_date_intervals;multiple_dfo_event_ids;multiple_emdat_event_ids
DFO,DFO-3949,China,CHN,2012-07-09,2012-07-25,58.0,140000.0,92141.0,,,Monsoonal Rain,,1.5,824.0,,7965,match:824.0,True,incompatible_date_intervals;multiple_dfo_event_ids;multiple_emdat_event_ids
EM-DAT,2012-0477-CHN,China,CHN,2012-07-09,2012-07-25,58.0,140000.0,,31.41,113.04,Riverine flood,600000.0,92141.0,824.0,,7966,match:824.0,True,incompatible_date_intervals;multiple_dfo_event_ids;multiple_emdat_event_ids
EM-DAT,2012-0199-CHN,China,CHN,2012-07-11,2012-07-11,,220000.0,,,,Riverine flood,,,824.0,,7967,match:824.0,True,incompatible_date_intervals;multiple_dfo_event_ids;multiple_emdat_event_ids
DFO,DFO-3950,China,CHN,2012-07-21,2012-07-25,77.0,0.0,29832.0,,,Torrential rain,,2.0,824.0,,7979,match:824.0,True,incompatible_date_intervals;multiple_dfo_event_ids;multiple_emdat_event_ids
EM-DAT,2012-0292-CHN,China,CHN,2012-07-21,2012-07-24,151.0,1000000.0,,,,Riverine flood,8000000.0,,824.0,,7981,match:824.0,True,incompatible_date_intervals;multiple_dfo_event_ids;multiple_emdat_event_ids
DFO,DFO-3958,China,CHN,2012-07-25,2012-07-30,0.0,40000.0,100601.0,,,Heavy rain,,1.5,824.0,,7984,match:824.0,True,incompatible_date_intervals;multiple_dfo_event_ids;multiple_emdat_event_ids
EM-DAT,2012-0581-CHN,China,CHN,2012-07-27,2012-08-02,70.0,500000.0,,,,Riverine flood,800000.0,,824.0,,7985,match:824.0,True,incompatible_date_intervals;multiple_dfo_event_ids;multiple_emdat_event_ids
DFO,DFO-3963,China,CHN,2012-08-03,2012-08-06,2.0,800000.0,9560.0,,,Typhoons  Damrey and Saola,,2.0,824.0,,7996,match:824.0,True,incompatible_date_intervals;multiple_dfo_event_ids;multiple_emdat_event_ids
DFO,DFO-3952,Indonesia,IDN,2012-07-20,2012-07-23,0.0,586.0,8219.0,,,Torrential rain,,1.0,827.0,,7977,match:827.0,True,incompatible_date_intervals
EM-DAT,2012-0266-IDN,Indonesia,IDN,2012-07-24,2012-07-24,8.0,625.0,,,,Riverine flood,,,827.0,,7983,match:827.0,True,incompatible_date_intervals
DFO,DFO-5367,Brazil,BRA,2023-02-13,2023-02-14,0.0,300.0,366.0,,,Heavy rain,,1.0,83.0,,11123,match:83.0,True,incompatible_date_intervals;multiple_dfo_event_ids
DFO,DFO-5370,Brazil,BRA,2023-02-18,2023-02-20,40.0,2496.0,47667.0,,,Heavy rain,,1.5,83.0,,11130,match:83.0,True,incompatible_date_intervals;multiple_dfo_event_ids
EM-DAT,2023-0092-BRA,Brazil,BRA,2023-02-19,2023-02-21,67.0,4025.0,,,,Flood (General),30000.0,,83.0,,11133,match:83.0,True,incompatible_date_intervals;multiple_dfo_event_ids
DFO,DFO-3934,India,IND,2012-06-06,2012-07-16,109.0,400000.0,29190.0,,,Monsoonal Rain,,1.5,831.0,,7936,match:831.0,True,multiple_dfo_event_ids
EM-DAT,2012-0179-IND,India,IND,2012-06-26,2012-07-13,120.0,2200000.0,,26.566,92.44,Riverine flood,,254935.0,831.0,,7955,match:831.0,True,multiple_dfo_event_ids
DFO,DFO-3945,India,IND,2012-07-04,2012-07-23,9.0,1500.0,2639.0,,,Monsoonal Rain,,1.0,831.0,,7960,match:831.0,True,multiple_dfo_event_ids
EM-DAT,2012-0226-AFG,Afghanistan,AFG,2012-06-18,2012-06-20,35.0,4300.0,,,,Riverine flood,,,835.0,,7947,match:835.0,True,incompatible_date_intervals
DFO,DFO-3941,Afghanistan,AFG,2012-06-23,2012-06-26,0.0,24.0,71505.0,,,Torrential rain,,1.5,835.0,,7952,match:835.0,True,incompatible_date_intervals
DFO,DFO-3935,Philippines,PHL,2012-06-08,2012-06-12,1.0,700.0,23516.0,,,Heavy rain,,1.0,838.0,,7937,match:838.0,True,incompatible_date_intervals;multiple_emdat_event_ids
EM-DAT,2012-0172-PHL,Philippines,PHL,2012-06-09,2012-06-12,1.0,700.0,,6.873,124.78,Flash flood,,23515.69,838.0,,7940,match:838.0,True,incompatible_date_intervals;multiple_emdat_event_ids
EM-DAT,2012-0171-PHL,Philippines,PHL,2012-06-11,2012-06-11,,12300.0,,,,Flash flood,,,838.0,,7944,match:838.0,True,incompatible_date_intervals;multiple_emdat_event_ids
EM-DAT,2012-0602-PHL,Philippines,PHL,2012-06-12,2012-06-13,29.0,30929.0,,,,Riverine flood,1000.0,,838.0,,7945,match:838.0,True,incompatible_date_intervals;multiple_emdat_event_ids
DFO,DFO-5362,South Africa,ZAF,2023-02-02,2023-02-12,5.0,1000.0,327000.0,,,Heavy rain,,1.5,84.0,,11112,match:84.0,True,incompatible_date_intervals;multiple_dfo_event_ids
EM-DAT,2023-0080-ZAF,South Africa,ZAF,2023-02-08,2023-02-21,17.0,1000.0,,,,Flood (General),,,84.0,,11120,match:84.0,True,incompatible_date_intervals;multiple_dfo_event_ids
DFO,DFO-5371,South Africa,ZAF,2023-02-18,2023-02-18,2.0,0.0,27424.0,,,Heavy rain,,1.0,84.0,,11131,match:84.0,True,incompatible_date_intervals;multiple_dfo_event_ids
DFO,DFO-3924,Afghanistan,AFG,2012-05-01,2012-05-07,26.0,0.0,21755.0,,,Torrential rain,,1.5,840.0,,7910,match:840.0,True,incompatible_date_intervals;multiple_dfo_event_ids;multiple_emdat_event_ids
DFO,DFO-3929,Afghanistan,AFG,2012-05-12,2012-05-16,20.0,0.0,14163.0,,,Torrential rain,,1.0,840.0,,7922,match:840.0,True,incompatible_date_intervals;multiple_dfo_event_ids;multiple_emdat_event_ids
EM-DAT,2012-0183-AFG,Afghanistan,AFG,2012-05-12,2012-05-16,20.0,,,37.0528,70.0,Riverine flood,,14162.0,840.0,,7924,match:840.0,True,incompatible_date_intervals;multiple_dfo_event_ids;multiple_emdat_event_ids
EM-DAT,2012-0143-AFG,Afghanistan,AFG,2012-05-18,2012-05-18,74.0,27769.0,,34.2696,64.19,Riverine flood,,21754.0,840.0,,7927,match:840.0,True,incompatible_date_intervals;multiple_dfo_event_ids;multiple_emdat_event_ids
EM-DAT,2012-0154-AFG,Afghanistan,AFG,2012-05-20,2012-05-20,,13151.0,,,,Flash flood,,,840.0,,7930,match:840.0,True,incompatible_date_intervals;multiple_dfo_event_ids;multiple_emdat_event_ids
EM-DAT,2012-0197-CHN,China,CHN,2012-04-28,2012-05-15,132.0,13119000.0,,,,Riverine flood,2500000.0,,841.0,,7909,match:841.0,True,incompatible_date_intervals;multiple_emdat_event_ids
DFO,DFO-3926,China,CHN,2012-05-08,2012-05-16,53.0,185000.0,1056108.0,,,Heavy rain,,1.5,841.0,,7917,match:841.0,True,incompatible_date_intervals;multiple_emdat_event_ids
EM-DAT,2012-0136-CHN,China,CHN,2012-05-08,2012-05-16,53.0,185000.0,,32.452,106.493,Riverine flood,316333.0,105607.0,841.0,,7918,match:841.0,True,incompatible_date_intervals;multiple_emdat_event_ids
EM-DAT,2012-0576-CHN,China,CHN,2012-05-20,2012-05-24,16.0,125000.0,,,,Riverine flood,378000.0,,841.0,,7931,match:841.0,True,incompatible_date_intervals;multiple_emdat_event_ids
DFO,DFO-3917,Kenya,KEN,2012-04-09,2012-04-26,0.0,50.0,117773.0,,,Heavy rain,,1.0,844.0,,7893,match:844.0,True,multiple_dfo_event_ids
DFO,DFO-3921,Kenya,KEN,2012-04-20,2012-05-16,56.0,0.0,12660.0,,,Torrential rain,,1.5,844.0,,7900,match:844.0,True,multiple_dfo_event_ids
EM-DAT,2012-0166-KEN,Kenya,KEN,2012-04-20,2012-05-16,73.0,280670.0,,-0.191962,35.19,Riverine flood,100000.0,12660.17,844.0,,7903,match:844.0,True,multiple_dfo_event_ids
EM-DAT,2012-0238-COL,Colombia,COL,2012-03-15,2012-05-14,48.0,8000.0,,,,Riverine flood,62000.0,,845.0,,7881,match:845.0,True,multiple_emdat_event_ids
DFO,DFO-3922,Colombia,COL,2012-04-20,2012-04-26,17.0,56000.0,74036.0,,,Heavy rain,,1.5,845.0,,7901,match:845.0,True,multiple_emdat_event_ids
EM-DAT,2012-0187-COL,Colombia,COL,2012-04-20,2012-04-26,17.0,56000.0,,3.606,-73.07,Riverine flood,40000.0,74036.0,845.0,,7904,match:845.0,True,multiple_emdat_event_ids
DFO,DFO-3915,Haiti • Dominican Republic,,2012-04-08,2012-04-26,9.0,11000.0,35152.0,,,Heavy rain,,1.5,848.0,transboundary (2 countries),7890,match:848.0,True,incompatible_date_intervals;multiple_emdat_event_ids
EM-DAT,2012-0114-HTI,Haiti,HTI,2012-04-08,2012-04-26,9.0,11000.0,,19.4433,-72.58,Riverine flood,,35151.93,848.0,,7892,match:848.0,True,incompatible_date_intervals;multiple_emdat_event_ids
EM-DAT,2012-0114-DOM,Dominican Republic,DOM,2012-04-23,2012-04-25,,11500.0,,,,Riverine flood,,,848.0,,7907,match:848.0,True,incompatible_date_intervals;multiple_emdat_event_ids
EM-DAT,2012-0237-HTI,Haiti,HTI,2012-05-01,2012-05-01,16.0,7600.0,,,,Riverine flood,,,848.0,,7913,match:848.0,True,incompatible_date_intervals;multiple_emdat_event_ids
DFO,DFO-3916,Russian Federation,RUS,2012-04-08,2012-04-26,0.0,2600.0,681013.0,,,Snowmelt,,1.0,849.0,,7891,match:849.0,True,incompatible_date_intervals;multiple_emdat_event_ids
EM-DAT,2012-0243-RUS,Russian Federation,RUS,2012-04-10,2012-04-10,,2406.0,,,,Riverine flood,,,849.0,,7897,match:849.0,True,incompatible_date_intervals;multiple_emdat_event_ids
EM-DAT,2012-0111-RUS,Russian Federation,RUS,2012-04-22,2012-04-27,,11871.0,,,,Riverine flood,17000.0,,849.0,,7905,match:849.0,True,incompatible_date_intervals;multiple_emdat_event_ids
EM-DAT,2012-0089-PRY,Paraguay,PRY,2012-03-15,2012-04-01,,78945.0,,,,Riverine flood,4000.0,,850.0,,7880,match:850.0,True,incompatible_date_intervals
DFO,DFO-3919,Paraguay • Argentina,,2012-04-05,2012-04-26,2.0,5000.0,120345.0,,,Torrential rain,,1.5,850.0,transboundary (2 countries),7889,match:850.0,True,incompatible_date_intervals
EM-DAT,2012-0066-PSE,State of Palestine,PSE,2012-02-28,2012-03-02,,1500.0,,,,Riverine flood,,,854.0,,7870,match:854.0,True,incompatible_date_intervals
DFO,DFO-3906,State of Palestine,PSE,2012-03-04,2012-03-07,0.0,1200.0,594.0,,,Heavy rain,,1.0,854.0,,7878,match:854.0,True,incompatible_date_intervals
DFO,DFO-3898,Philippines,PHL,2012-02-12,2012-02-14,0.0,13327.0,870.0,,,Heavy rain,,1.5,858.0,,7858,match:858.0,True,incompatible_date_intervals;multiple_dfo_event_ids;multiple_emdat_event_ids
EM-DAT,2012-0042-PHL,Philippines,PHL,2012-02-14,2012-02-16,,569.0,,,,Riverine flood,,,858.0,,7860,match:858.0,True,incompatible_date_intervals;multiple_dfo_event_ids;multiple_emdat_event_ids
DFO,DFO-3900,Philippines,PHL,2012-02-20,2012-02-27,0.0,25000.0,39825.0,,,Torrential rain,,1.0,858.0,,7862,match:858.0,True,incompatible_date_intervals;multiple_dfo_event_ids;multiple_emdat_event_ids
EM-DAT,2012-0078-PHL,Philippines,PHL,2012-02-20,2012-02-27,,25000.0,,8.22392,125.27,Riverine flood,,39825.28,858.0,,7867,match:858.0,True,incompatible_date_intervals;multiple_dfo_event_ids;multiple_emdat_event_ids
DFO,DFO-5372,Philippines,PHL,2023-02-13,2023-02-21,2.0,30000.0,199417.0,,,Heavy rain,,1.5,86.0,,11124,match:86.0,True,multiple_emdat_event_ids
EM-DAT,2023-0094-PHL,Philippines,PHL,2023-02-13,2023-02-20,15.0,32764.0,,,,Flood (General),5000.0,,86.0,,11125,match:86.0,True,multiple_emdat_event_ids
EM-DAT,2023-0102-PHL,Philippines,PHL,2023-02-20,2023-02-24,2.0,215000.0,,,,Flood (General),5000.0,,86.0,,11134,match:86.0,True,multiple_emdat_event_ids
DFO,DFO-3894,Australia,AUS,2012-01-22,2012-03-07,2.0,13000.0,761154.0,,,Monsoonal Rain,,2.0,863.0,,7845,match:863.0,True,multiple_emdat_event_ids
EM-DAT,2012-0029-AUS,Australia,AUS,2012-01-22,2012-03-07,2.0,13000.0,,-21.71,146.64,Riverine flood,225000.0,761154.0,863.0,,7847,match:863.0,True,multiple_emdat_event_ids
EM-DAT,2012-0037-AUS,Australia,AUS,2012-02-24,2012-03-16,2.0,3000.0,,,,Riverine flood,363000.0,,863.0,,7868,match:863.0,True,multiple_emdat_event_ids
DFO,DFO-3850,Thailand,THA,2011-08-05,2012-01-09,790.0,10000.0,96786.0,,,Tropical Storms Monsoonal Rain,,2.0,864.0,,7730,match:864.0,True,multiple_dfo_event_ids
EM-DAT,2011-0326-THA,Thailand,THA,2011-08-05,2012-01-04,813.0,9500000.0,,17.038,102.82,Riverine flood,40000000.0,96785.0,864.0,,7733,match:864.0,True,multiple_dfo_event_ids
DFO,DFO-3889,Thailand,THA,2012-01-01,2012-01-09,0.0,1000.0,11666.0,,,Torrential rain,,1.0,864.0,,7837,match:864.0,True,multiple_dfo_event_ids
DFO,DFO-3882,Indonesia,IDN,2011-12-12,2011-12-17,0.0,42.0,1254.0,,,Torrential rain,,1.0,867.0,,7824,match:867.0,True,incompatible_date_intervals;multiple_dfo_event_ids
DFO,DFO-3888,Indonesia,IDN,2011-12-18,2012-01-04,10.0,54.0,2457.0,,,Torrential rain,,1.0,867.0,,7831,match:867.0,True,incompatible_date_intervals;multiple_dfo_event_ids
EM-DAT,2011-0603-IDN,Indonesia,IDN,2011-12-18,2011-12-22,10.0,54.0,,-7.379,110.24,Riverine flood,,2457.47,867.0,,7832,match:867.0,True,incompatible_date_intervals;multiple_dfo_event_ids
DFO,DFO-3884,Philippines,PHL,2011-12-16,2011-12-22,957.0,1000.0,23574.0,,,Tropical Storm Washi,,2.0,868.0,,7828,match:868.0,True,incompatible_date_intervals;multiple_emdat_event_ids
EM-DAT,2011-0542-PHL,Philippines,PHL,2011-12-21,2011-12-21,10.0,39520.0,,,,Riverine flood,,,868.0,,7835,match:868.0,True,incompatible_date_intervals;multiple_emdat_event_ids
EM-DAT,2011-0540-PHL,Philippines,PHL,2011-12-25,2011-12-28,12.0,171809.0,,,,Riverine flood,,,868.0,,7836,match:868.0,True,incompatible_date_intervals;multiple_emdat_event_ids
EM-DAT,2022-0861-MOZ,Mozambique,MOZ,2022-10-01,2023-02-01,88.0,78271.0,,,,Flood (General),,,87.0,,11009,match:87.0,True,incompatible_date_intervals;multiple_emdat_event_ids
EM-DAT,2023-0078-MOZ,Mozambique,MOZ,2023-02-07,2023-02-12,14.0,89093.0,,,,Flood (General),,,87.0,,11116,match:87.0,True,incompatible_date_intervals;multiple_emdat_event_ids
DFO,DFO-5363,Mozambique,MOZ,2023-02-08,2023-02-12,6.0,13700.0,1816.0,,,Heavy rain,,1.5,87.0,,11118,match:87.0,True,incompatible_date_intervals;multiple_emdat_event_ids
EM-DAT,2011-0469-PHL,Philippines,PHL,2011-11-09,2011-11-14,,8610.0,,8.085,125.93,Flash flood,178881.0,3076.0,871.0,,7806,match:871.0,True,multiple_emdat_event_ids
DFO,DFO-3877,Philippines,PHL,2011-11-10,2011-11-15,0.0,30000.0,3076.0,,,Torrential rain,,1.5,871.0,,7807,match:871.0,True,multiple_emdat_event_ids
EM-DAT,2011-0468-PHL,Philippines,PHL,2011-11-14,2011-11-17,5.0,16191.0,,,,Riverine flood,183.0,,871.0,,7809,match:871.0,True,multiple_emdat_event_ids
EM-DAT,2011-0476-KEN,Kenya,KEN,2011-11-04,2011-11-04,,5000.0,,,,Riverine flood,,,872.0,,7799,match:872.0,True,incompatible_date_intervals
EM-DAT,2011-0476-SOM,Somalia,SOM,2011-11-04,2011-11-04,,2800.0,,,,Riverine flood,,,872.0,,7800,match:872.0,True,incompatible_date_intervals
DFO,DFO-3874,Kenya • Somalia,,2011-11-09,2011-11-15,4.0,10000.0,41010.0,,,Torrential rain,,1.5,872.0,transboundary (2 countries),7803,match:872.0,True,incompatible_date_intervals
EM-DAT,2011-0416-ITA,Italy,ITA,2011-10-25,2011-10-26,10.0,,,44.422,9.33,Flash flood,545000.0,,875.0,,7793,match:875.0,True,incompatible_date_intervals;multiple_emdat_event_ids
DFO,DFO-3873,Italy,ITA,2011-10-26,2011-11-01,7.0,0.0,4696.0,,,Torrential rain,,2.0,875.0,,7795,match:875.0,True,incompatible_date_intervals;multiple_emdat_event_ids
EM-DAT,2011-0436-ITA,Italy,ITA,2011-11-04,2011-11-06,6.0,,,,,Flash flood,,,875.0,,7797,match:875.0,True,incompatible_date_intervals;multiple_emdat_event_ids
DFO,DFO-3871,Mexico • Guatemala,,2011-10-10,2011-11-01,120.0,60000.0,311971.0,,,Heavy rain,,2.0,876.0,transboundary (2 countries),7781,match:876.0,True,multiple_emdat_event_ids
EM-DAT,2011-0386-GTM,Guatemala,GTM,2011-10-12,2011-11-01,43.0,528753.0,,,,Riverine flood,61913.0,,876.0,,7783,match:876.0,True,multiple_emdat_event_ids
EM-DAT,2011-0392-MEX,Mexico,MEX,2011-10-20,2011-10-20,,250000.0,,,,Riverine flood,,,876.0,,7789,match:876.0,True,multiple_emdat_event_ids
DFO,DFO-3867,Philippines,PHL,2011-09-28,2011-10-02,1.0,180000.0,18520.0,,,Tropical stroms Pendring and Nalgae,,2.0,878.0,,7774,match:878.0,True,incompatible_date_intervals
EM-DAT,2011-0380-PHL,Philippines,PHL,2011-10-07,2011-10-07,,185.0,,,,Flash flood,,,878.0,,7779,match:878.0,True,incompatible_date_intervals
DFO,DFO-3816,India,IND,2011-06-01,2011-06-13,4.0,500.0,20807.0,,,Monsoonal Rain,,1.0,879.0,,7663,match:879.0,True,incompatible_date_intervals;multiple_dfo_event_ids;multiple_emdat_event_ids
EM-DAT,2011-0317-NPL,Nepal,NPL,2011-06-01,2011-07-01,89.0,1858.0,,,,Riverine flood,,,879.0,,7669,match:879.0,True,incompatible_date_intervals;multiple_dfo_event_ids;multiple_emdat_event_ids
EM-DAT,2011-0647-IND,India,IND,2011-06-15,2011-07-16,50.0,,,,,Riverine flood,20000.0,,879.0,,7683,match:879.0,True,incompatible_date_intervals;multiple_dfo_event_ids;multiple_emdat_event_ids
DFO,DFO-3825,India,IND,2011-06-18,2011-06-21,5.0,0.0,41240.0,,,Torrential rain,,1.0,879.0,,7685,match:879.0,True,incompatible_date_intervals;multiple_dfo_event_ids;multiple_emdat_event_ids
DFO,DFO-3834,India,IND,2011-07-01,2011-07-22,0.0,3000.0,42377.0,,,Monsoonal Rain,,1.0,879.0,,7695,match:879.0,True,incompatible_date_intervals;multiple_dfo_event_ids;multiple_emdat_event_ids
DFO,DFO-3835,India,IND,2011-07-01,2011-07-22,0.0,0.0,27203.0,,,Monsoonal Rain,,1.0,879.0,,7696,match:879.0,True,incompatible_date_intervals;multiple_dfo_event_ids;multiple_emdat_event_ids
DFO,DFO-3838,Nepal,NPL,2011-07-02,2011-07-22,15.0,0.0,46388.0,,,Monsoonal Rain,,1.5,879.0,,7699,match:879.0,True,incompatible_date_intervals;multiple_dfo_event_ids;multiple_emdat_event_ids
EM-DAT,2011-0215-NPL,Nepal,NPL,2011-07-02,2011-07-19,15.0,,,28.9081,82.28,Riverine flood,,46388.0,879.0,,7700,match:879.0,True,incompatible_date_intervals;multiple_dfo_event_ids;multiple_emdat_event_ids
DFO,DFO-3845,India • Nepal,,2011-07-23,2011-08-09,19.0,200000.0,85510.0,,,Dam releases Monsoonal Rain,,1.5,879.0,transboundary (2 countries),7716,match:879.0,True,incompatible_date_intervals;multiple_dfo_event_ids;multiple_emdat_event_ids
EM-DAT,2011-0428-IND,India,IND,2011-07-23,2011-08-09,19.0,200000.0,,28.524,80.93,Riverine flood,,85509.0,879.0,,7719,match:879.0,True,incompatible_date_intervals;multiple_dfo_event_ids;multiple_emdat_event_ids
DFO,DFO-3852,India • Bangladesh,,2011-08-10,2011-09-13,47.0,700000.0,28684.0,,,Monsoonal Rain,,2.0,879.0,transboundary (2 countries),7736,match:879.0,True,incompatible_date_intervals;multiple_dfo_event_ids;multiple_emdat_event_ids
EM-DAT,2011-0327-IND,India,IND,2011-08-10,2011-09-13,47.0,700000.0,,22.306,88.34,Riverine flood,275000.0,28684.0,879.0,,7739,match:879.0,True,incompatible_date_intervals;multiple_dfo_event_ids;multiple_emdat_event_ids
DFO,DFO-3854,India • Nepal,,2011-08-15,2011-10-02,158.0,70000.0,40942.0,,,Monsoonal Rain,,2.0,879.0,transboundary (2 countries),7745,match:879.0,True,incompatible_date_intervals;multiple_dfo_event_ids;multiple_emdat_event_ids
DFO,DFO-3856,India,IND,2011-08-15,2011-09-08,7.0,11000.0,50117.0,,,Monsoonal Rain,,1.5,879.0,,7747,match:879.0,True,incompatible_date_intervals;multiple_dfo_event_ids;multiple_emdat_event_ids
EM-DAT,2011-0422-IND,India,IND,2011-08-15,2011-09-08,7.0,11000.0,,26.59,92.18,Riverine flood,,50117.0,879.0,,7748,match:879.0,True,incompatible_date_intervals;multiple_dfo_event_ids;multiple_emdat_event_ids
EM-DAT,2011-0424-IND,India,IND,2011-08-15,2011-10-02,204.0,5549080.0,,26.376,86.24,Riverine flood,,40941.0,879.0,,7750,match:879.0,True,incompatible_date_intervals;multiple_dfo_event_ids;multiple_emdat_event_ids
DFO,DFO-3864,India,IND,2011-08-25,2011-09-13,0.0,5000.0,33056.0,,,Monsoonal Rain,,1.5,879.0,,7756,match:879.0,True,incompatible_date_intervals;multiple_dfo_event_ids;multiple_emdat_event_ids
DFO,DFO-3866,India,IND,2011-09-05,2011-10-02,40.0,15000.0,27752.0,,,Monsoonal Rain,,1.5,879.0,,7769,match:879.0,True,incompatible_date_intervals;multiple_dfo_event_ids;multiple_emdat_event_ids
EM-DAT,2011-0473-IND,India,IND,2011-09-05,2011-09-15,42.0,2100000.0,,,,Riverine flood,432000.0,,879.0,,7770,match:879.0,True,incompatible_date_intervals;multiple_dfo_event_ids;multiple_emdat_event_ids
EM-DAT,2011-0371-IND,India,IND,2011-09-23,2011-10-23,239.0,3443989.0,,20.651,86.0,Riverine flood,930000.0,27751.0,879.0,,7773,match:879.0,True,incompatible_date_intervals;multiple_dfo_event_ids;multiple_emdat_event_ids
EM-DAT,2023-0041-IDN,Indonesia,IDN,2023-01-20,2023-01-27,,100000.0,,,,Flood (General),,,88.0,,11103,match:88.0,True,incompatible_date_intervals;multiple_dfo_event_ids;multiple_emdat_event_ids
DFO,DFO-5354,Indonesia,IDN,2023-01-21,2023-01-24,3.0,3000.0,54678.0,,,Heavy rain,,1.5,88.0,,11105,match:88.0,True,incompatible_date_intervals;multiple_dfo_event_ids;multiple_emdat_event_ids
DFO,DFO-5356,Indonesia,IDN,2023-01-26,2023-01-27,5.0,1021.0,163.0,,,Heavy rain,,1.0,88.0,,11107,match:88.0,True,incompatible_date_intervals;multiple_dfo_event_ids;multiple_emdat_event_ids
EM-DAT,2023-0044-IDN,Indonesia,IDN,2023-01-27,2023-01-30,,16700.0,,,,Flood (General),,,88.0,,11109,match:88.0,True,incompatible_date_intervals;multiple_dfo_event_ids;multiple_emdat_event_ids
DFO,DFO-5358,Indonesia,IDN,2023-02-01,2023-02-02,2.0,30.0,5380.0,,,Heavy rain,,1.0,88.0,,11111,match:88.0,True,incompatible_date_intervals;multiple_dfo_event_ids;multiple_emdat_event_ids
DFO,DFO-3857,Pakistan,PAK,2011-08-12,2011-11-01,434.0,660000.0,32667.0,,,Monsoonal Rain,,1.5,881.0,,7743,match:881.0,True,multiple_dfo_event_ids
EM-DAT,2011-0347-PAK,Pakistan,PAK,2011-08-12,2011-11-01,509.0,5400755.0,,25.012,69.07,Riverine flood,2500000.0,32667.0,881.0,,7744,match:881.0,True,multiple_dfo_event_ids
DFO,DFO-3859,Pakistan,PAK,2011-08-25,2011-08-29,71.0,300.0,47599.0,,,Monsoonal Rain,,2.0,881.0,,7755,match:881.0,True,multiple_dfo_event_ids
DFO,DFO-3855,Kenya,KEN,2011-08-15,2011-09-08,8.0,4000.0,20555.0,,,Heavy rain,,1.5,882.0,,7746,match:882.0,True,multiple_dfo_event_ids;multiple_emdat_event_ids
EM-DAT,2011-0423-KEN,Kenya,KEN,2011-08-15,2011-09-08,8.0,4000.0,,0.1257,35.57,Riverine flood,,20554.0,882.0,,7749,match:882.0,True,multiple_dfo_event_ids;multiple_emdat_event_ids
DFO,DFO-3863,Uganda • Kenya,,2011-08-20,2011-09-08,31.0,0.0,37846.0,,,Heavy rain,,1.5,882.0,transboundary (2 countries),7752,match:882.0,True,multiple_dfo_event_ids;multiple_emdat_event_ids
EM-DAT,2011-0376-UGA,Uganda,UGA,2011-08-20,2011-09-08,27.0,63075.0,,1.664,33.67,Riverine flood,,37846.0,882.0,,7753,match:882.0,True,multiple_dfo_event_ids;multiple_emdat_event_ids
DFO,DFO-3853,Cambodia • Viet Nam,,2011-08-10,2011-11-15,264.0,280000.0,13467.0,,,Tropical Storm Monsoonal Rain,,2.0,883.0,transboundary (2 countries),7737,match:883.0,True,incompatible_date_intervals;multiple_emdat_event_ids
EM-DAT,2011-0364-KHM,Cambodia,KHM,2011-08-10,2011-11-01,247.0,1640023.0,,12.004,105.5,Riverine flood,521000.0,13466.0,883.0,,7740,match:883.0,True,incompatible_date_intervals;multiple_emdat_event_ids
EM-DAT,2011-0394-VNM,Viet Nam,VNM,2011-09-01,2011-12-01,85.0,600000.0,,,,Riverine flood,175002.0,,883.0,,7767,match:883.0,True,incompatible_date_intervals;multiple_emdat_event_ids
EM-DAT,2011-0359-VNM,Viet Nam,VNM,2011-09-14,2011-09-14,24.0,300000.0,,,,Riverine flood,44000.0,,883.0,,7771,match:883.0,True,incompatible_date_intervals;multiple_emdat_event_ids
EM-DAT,2011-0396-VNM,Viet Nam,VNM,2011-10-21,2011-10-21,13.0,461584.0,,,,Riverine flood,,,883.0,,7791,match:883.0,True,incompatible_date_intervals;multiple_emdat_event_ids
DFO,DFO-3862,Niger,NER,2011-08-10,2011-09-08,7.0,5000.0,74520.0,,,Heavy rain,,1.5,884.0,,7738,match:884.0,True,multiple_emdat_event_ids
EM-DAT,2011-0419-NER,Niger,NER,2011-08-10,2011-09-08,7.0,13000.0,,14.951,4.555,Riverine flood,,74520.0,884.0,,7741,match:884.0,True,multiple_emdat_event_ids
EM-DAT,2011-0598-NER,Niger,NER,2011-08-17,2011-09-02,9.0,28175.0,,,,Riverine flood,,,884.0,,7751,match:884.0,True,multiple_emdat_event_ids
DFO,DFO-3858,China,CHN,2011-08-01,2011-09-08,22.0,50000.0,1215862.0,,,Monsoonal Rain,,1.5,886.0,,7724,match:886.0,True,multiple_emdat_event_ids
EM-DAT,2011-0421-CHN,China,CHN,2011-08-01,2011-09-08,22.0,3800000.0,,37.417,109.53,Riverine flood,,1215862.0,886.0,,7726,match:886.0,True,multiple_emdat_event_ids
EM-DAT,2011-0370-CHN,China,CHN,2011-09-01,2011-09-22,117.0,20000000.0,,,,Riverine flood,4250000.0,,886.0,,7764,match:886.0,True,multiple_emdat_event_ids
EM-DAT,2011-0331-PRK,Democratic People's Republic of Korea,PRK,2011-07-25,2011-07-28,34.0,29933.0,,,,Riverine flood,,,887.0,,7720,match:887.0,True,multiple_emdat_event_ids
DFO,DFO-3847,Republic of Korea • Democratic People's Republic of Korea,,2011-07-27,2011-08-09,53.0,29000.0,17841.0,,,Heavy rain,,2.0,887.0,transboundary (2 countries),7721,match:887.0,True,multiple_emdat_event_ids
EM-DAT,2011-0426-KOR,Republic of Korea,KOR,2011-07-27,2011-08-09,53.0,29000.0,,37.851,126.87,Riverine flood,52000.0,17840.0,887.0,,7722,match:887.0,True,multiple_emdat_event_ids
DFO,DFO-3840,Brazil,BRA,2011-07-15,2011-07-22,10.0,3000.0,200669.0,,,Heavy rain,,1.0,888.0,,7705,match:888.0,True,incompatible_date_intervals;multiple_dfo_event_ids;multiple_emdat_event_ids
EM-DAT,2011-0213-BRA,Brazil,BRA,2011-07-15,2011-07-19,15.0,78000.0,,-8.65047,-38.11,Riverine flood,,200669.0,888.0,,7707,match:888.0,True,incompatible_date_intervals;multiple_dfo_event_ids;multiple_emdat_event_ids
DFO,DFO-3846,Brazil,BRA,2011-07-23,2011-07-29,10.0,20000.0,129795.0,,,Heavy rain,,1.5,888.0,,7717,match:888.0,True,incompatible_date_intervals;multiple_dfo_event_ids;multiple_emdat_event_ids
EM-DAT,2011-0427-BRA,Brazil,BRA,2011-07-23,2011-07-29,3.0,3000.0,,-30.34,-52.64,Riverine flood,,129795.0,888.0,,7718,match:888.0,True,incompatible_date_intervals;multiple_dfo_event_ids;multiple_emdat_event_ids
EM-DAT,2011-0204-PHL,Philippines,PHL,2011-05-31,2011-06-19,12.0,944781.0,,8.306,125.21,Riverine flood,10666.0,71700.0,893.0,,7662,match:893.0,True,incompatible_date_intervals;multiple_dfo_event_ids;multiple_emdat_event_ids
DFO,DFO-3820,Philippines,PHL,2011-06-05,2011-06-21,15.0,15000.0,71701.0,,,Heavy rain,,1.5,893.0,,7674,match:893.0,True,incompatible_date_intervals;multiple_dfo_event_ids;multiple_emdat_event_ids
DFO,DFO-3830,Philippines,PHL,2011-06-28,2011-06-29,25.0,0.0,6362.0,,,Heavy rain,,1.5,893.0,,7693,match:893.0,True,incompatible_date_intervals;multiple_dfo_event_ids;multiple_emdat_event_ids
EM-DAT,2011-0221-PHL,Philippines,PHL,2011-06-28,2011-06-29,31.0,121005.0,,7.398,126.05,Flash flood,251.0,6361.0,893.0,,7694,match:893.0,True,incompatible_date_intervals;multiple_dfo_event_ids;multiple_emdat_event_ids
DFO,DFO-3625,United States of America,USA,2010-03-10,2010-03-24,0.0,0.0,1015176.0,,,Heavy rain,,1.0,895.0,,7264,match:895.0,True,incompatible_date_intervals;multiple_dfo_event_ids;multiple_emdat_event_ids
DFO,DFO-3629,United States of America,USA,2010-03-27,2010-03-31,0.0,0.0,240302.0,,,Heavy rain,,2.0,895.0,,7276,match:895.0,True,incompatible_date_intervals;multiple_dfo_event_ids;multiple_emdat_event_ids
EM-DAT,2010-0162-USA,United States of America,USA,2010-03-27,2010-03-31,,,,39.48,-74.87,Riverine flood,,240301.0,895.0,,7279,match:895.0,True,incompatible_date_intervals;multiple_dfo_event_ids;multiple_emdat_event_ids
DFO,DFO-3799,United States of America • Canada,,2010-04-01,2011-05-24,5.0,3600.0,46208.0,,,Heavy rain,,2.0,895.0,transboundary (2 countries),7280,match:895.0,True,incompatible_date_intervals;multiple_dfo_event_ids;multiple_emdat_event_ids
EM-DAT,2010-0225-USA,United States of America,USA,2010-06-10,2010-06-11,20.0,,,34.58,-95.1,Riverine flood,,,895.0,,7333,match:895.0,True,incompatible_date_intervals;multiple_dfo_event_ids;multiple_emdat_event_ids
DFO,DFO-3659,United States of America,USA,2010-06-11,2010-06-11,20.0,0.0,12235.0,,,Torrential rain,,2.0,895.0,,7334,match:895.0,True,incompatible_date_intervals;multiple_dfo_event_ids;multiple_emdat_event_ids
DFO,DFO-3762,United States of America,USA,2010-12-19,2010-12-28,0.0,1000.0,355568.0,,,Heavy rain,,1.5,895.0,,7553,match:895.0,True,incompatible_date_intervals;multiple_dfo_event_ids;multiple_emdat_event_ids
EM-DAT,2010-0651-USA,United States of America,USA,2010-12-19,2010-12-19,,1000.0,,38.8497,-120.73,Riverine flood,,355567.0,895.0,,7554,match:895.0,True,incompatible_date_intervals;multiple_dfo_event_ids;multiple_emdat_event_ids
EM-DAT,2011-0131-CAN,Canada,CAN,2011-04-04,2011-05-31,5.0,2000.0,,,,Riverine flood,800000.0,,895.0,,7631,match:895.0,True,incompatible_date_intervals;multiple_dfo_event_ids;multiple_emdat_event_ids
DFO,DFO-3802,United States of America,USA,2011-04-18,2011-04-25,3.0,0.0,211221.0,,,Torrential rain,,1.0,895.0,,7639,match:895.0,True,incompatible_date_intervals;multiple_dfo_event_ids;multiple_emdat_event_ids
EM-DAT,2011-0610-USA,United States of America,USA,2011-04-18,2011-05-23,9.0,,,,,Riverine flood,4600000.0,,895.0,,7640,match:895.0,True,incompatible_date_intervals;multiple_dfo_event_ids;multiple_emdat_event_ids
DFO,DFO-3809,United States of America,USA,2011-05-01,2011-06-09,1.0,25000.0,239421.0,,,Heavy rain,,2.0,895.0,,7647,match:895.0,True,incompatible_date_intervals;multiple_dfo_event_ids;multiple_emdat_event_ids
EM-DAT,2011-0166-USA,United States of America,USA,2011-05-01,2011-05-24,1.0,25000.0,,34.1,-90.83,Riverine flood,,239421.0,895.0,,7648,match:895.0,True,incompatible_date_intervals;multiple_dfo_event_ids;multiple_emdat_event_ids
DFO,DFO-3812,Canada • United States of America,,2011-05-04,2011-06-09,0.0,1300.0,5274.0,,,Heavy rain,,2.0,895.0,transboundary (2 countries),7650,match:895.0,True,incompatible_date_intervals;multiple_dfo_event_ids;multiple_emdat_event_ids
EM-DAT,2011-0646-USA,United States of America,USA,2011-05-15,2011-06-30,5.0,11000.0,,,,Riverine flood,2000000.0,,895.0,,7655,match:895.0,True,incompatible_date_intervals;multiple_dfo_event_ids;multiple_emdat_event_ids
DFO,DFO-3813,United States of America,USA,2011-05-22,2011-06-21,1.0,1100.0,171531.0,,,Heavy rain,,2.0,895.0,,7656,match:895.0,True,incompatible_date_intervals;multiple_dfo_event_ids;multiple_emdat_event_ids
DFO,DFO-3819,Canada,CAN,2011-06-01,2011-07-06,0.0,700.0,5634.0,,,Heavy rain,,1.0,895.0,,7664,match:895.0,True,incompatible_date_intervals;multiple_dfo_event_ids;multiple_emdat_event_ids
DFO,DFO-3815,United States of America,USA,2011-06-04,2011-07-29,0.0,4600.0,23538.0,,,Heavy rain,,1.5,895.0,,7672,match:895.0,True,incompatible_date_intervals;multiple_dfo_event_ids;multiple_emdat_event_ids
DFO,DFO-3832,United States of America • Canada,,2011-06-20,2011-07-06,0.0,16000.0,16001.0,,,Heavy rain,,2.0,895.0,transboundary (2 countries),7687,match:895.0,True,incompatible_date_intervals;multiple_dfo_event_ids;multiple_emdat_event_ids
DFO,DFO-3821,China,CHN,2011-06-01,2011-06-29,175.0,1600000.0,431897.0,,,Monsoonal Rain,,2.0,897.0,,7665,match:897.0,True,incompatible_date_intervals;multiple_dfo_event_ids;multiple_emdat_event_ids
EM-DAT,2011-0202-CHN,China,CHN,2011-06-01,2011-06-01,16.0,60000.0,,,,Riverine flood,,,897.0,,7667,match:897.0,True,incompatible_date_intervals;multiple_dfo_event_ids;multiple_emdat_event_ids
EM-DAT,2011-0227-CHN,China,CHN,2011-06-01,2011-06-29,467.0,67900000.0,,27.89,14.47,Riverine flood,6400000.0,431896.0,897.0,,7668,match:897.0,True,incompatible_date_intervals;multiple_dfo_event_ids;multiple_emdat_event_ids
DFO,DFO-3828,China,CHN,2011-06-15,2011-06-21,0.0,2000.0,115469.0,,,Heavy rain,,1.5,897.0,,7680,match:897.0,True,incompatible_date_intervals;multiple_dfo_event_ids;multiple_emdat_event_ids
DFO,DFO-3831,Russian Federation • China,,2011-06-15,2011-06-29,0.0,120.0,189593.0,,,Heavy rain,,1.0,897.0,transboundary (2 countries),7682,match:897.0,True,incompatible_date_intervals;multiple_dfo_event_ids;multiple_emdat_event_ids
EM-DAT,2011-0199-DOM,Dominican Republic,DOM,2011-06-01,2011-06-01,4.0,11200.0,,18.59,-71.99,Riverine flood,,1115.0,898.0,,7666,match:898.0,True,incompatible_date_intervals
DFO,DFO-3817,Haiti • Dominican Republic,,2011-06-04,2011-06-13,23.0,250.0,1115.0,,,Heavy rain,,1.0,898.0,transboundary (2 countries),7673,match:898.0,True,incompatible_date_intervals
EM-DAT,2011-0199-HTI,Haiti,HTI,2011-06-06,2011-06-07,34.0,2358.0,,,,Riverine flood,,,898.0,,7675,match:898.0,True,incompatible_date_intervals
DFO,DFO-3806,Colombia,COL,2011-04-01,2011-05-19,0.0,29000.0,270434.0,,,Heavy rain,,1.0,899.0,,7628,match:899.0,True,incompatible_date_intervals;multiple_dfo_event_ids
EM-DAT,2011-0132-COL,Colombia,COL,2011-04-01,2011-07-01,138.0,988599.0,,5.69,-74.15,Riverine flood,1030000.0,236086.0,899.0,,7629,match:899.0,True,incompatible_date_intervals;multiple_dfo_event_ids
DFO,DFO-3822,Colombia,COL,2011-06-02,2011-06-13,464.0,0.0,236087.0,,,Heavy rain,,1.5,899.0,,7670,match:899.0,True,incompatible_date_intervals;multiple_dfo_event_ids
DFO,DFO-5499,Congo,COG,2023-12-01,2023-12-29,7.0,4928.0,175295.0,,,Heavy rain,,1.5,9.0,,11389,match:9.0,True,multiple_dfo_event_ids
EM-DAT,2023-0868-COG,Congo,COG,2023-12-07,2024-01-15,23.0,1800000.0,,,,Flood (General),,,9.0,,11392,match:9.0,True,multiple_dfo_event_ids
DFO,DFO-5510,Congo,COG,2023-12-29,2024-01-23,17.0,0.0,4662.0,,,Heavy rain,,1.5,9.0,,11409,match:9.0,True,multiple_dfo_event_ids
EM-DAT,2011-0562-PHL,Philippines,PHL,2011-05-05,2011-05-05,,30858.0,,,,Flash flood,,,902.0,,7651,match:902.0,True,incompatible_date_intervals
DFO,DFO-3811,Philippines,PHL,2011-05-08,2011-05-11,10.0,0.0,3179.0,,,Tropical Storm Aere,,1.5,902.0,,7653,match:902.0,True,incompatible_date_intervals
DFO,DFO-3784,Indonesia,IDN,2011-03-10,2011-03-11,12.0,750.0,41506.0,,,Torrential rain,,1.5,906.0,,7605,match:906.0,True,incompatible_date_intervals;multiple_dfo_event_ids;multiple_emdat_event_ids
EM-DAT,2011-0088-IDN,Indonesia,IDN,2011-03-10,2011-03-11,21.0,750.0,,4.211,97.09,Riverine flood,,41506.0,906.0,,7607,match:906.0,True,incompatible_date_intervals;multiple_dfo_event_ids;multiple_emdat_event_ids
EM-DAT,2011-0645-IDN,Indonesia,IDN,2011-03-17,2011-03-31,13.0,3000.0,,,,Riverine flood,,,906.0,,7617,match:906.0,True,incompatible_date_intervals;multiple_dfo_event_ids;multiple_emdat_event_ids
DFO,DFO-3796,Indonesia,IDN,2011-03-31,2011-04-01,0.0,400.0,23979.0,,,Heavy rain,,1.0,906.0,,7623,match:906.0,True,incompatible_date_intervals;multiple_dfo_event_ids;multiple_emdat_event_ids
DFO,DFO-3800,Indonesia,IDN,2011-04-01,2011-04-10,18.0,3000.0,17352.0,,,Torrential rain,,1.5,906.0,,7626,match:906.0,True,incompatible_date_intervals;multiple_dfo_event_ids;multiple_emdat_event_ids
EM-DAT,2011-0575-IDN,Indonesia,IDN,2011-04-01,2011-04-10,18.0,3000.0,,-4.39,137.83,Riverine flood,,17351.0,906.0,,7630,match:906.0,True,incompatible_date_intervals;multiple_dfo_event_ids;multiple_emdat_event_ids
DFO,DFO-3786,Australia,AUS,2011-03-07,2011-03-28,1.0,0.0,457221.0,,,Monsoonal Rain,,1.0,909.0,,7604,match:909.0,True,incompatible_date_intervals;multiple_dfo_event_ids
DFO,DFO-3792,Australia,AUS,2011-03-14,2011-03-18,0.0,217.0,114051.0,,,Heavy rain,,2.0,909.0,,7612,match:909.0,True,incompatible_date_intervals;multiple_dfo_event_ids
EM-DAT,2011-0080-AUS,Australia,AUS,2011-03-14,2011-03-18,,217.0,,-18.939,122.73,Riverine flood,,114051.0,909.0,,7613,match:909.0,True,incompatible_date_intervals;multiple_dfo_event_ids
DFO,DFO-3793,Australia,AUS,2011-03-22,2011-03-28,0.0,500.0,4650.0,,,Torrential rain,,2.0,909.0,,7619,match:909.0,True,incompatible_date_intervals;multiple_dfo_event_ids
DFO,DFO-3791,Namibia,NAM,2011-03-01,2011-03-18,0.0,4000.0,47809.0,,,Heavy rain,,1.0,910.0,,7595,match:910.0,True,multiple_dfo_event_ids
EM-DAT,2011-0081-NAM,Namibia,NAM,2011-03-01,2011-04-12,108.0,500000.0,,-18.188,20.64,Riverine flood,12000.0,102874.0,910.0,,7596,match:910.0,True,multiple_dfo_event_ids
DFO,DFO-3798,Namibia • Angola,,2011-03-15,2011-04-19,62.0,10000.0,102874.0,,,Heavy rain,,1.5,910.0,transboundary (2 countries),7616,match:910.0,True,multiple_dfo_event_ids
EM-DAT,2010-0659-PHL,Philippines,PHL,2010-12-24,2011-01-25,110.0,1972446.0,,8.132,125.57,Flash flood,47411.0,10773.0,916.0,,7555,match:916.0,True,incompatible_date_intervals;multiple_dfo_event_ids;multiple_emdat_event_ids
DFO,DFO-3765,Philippines,PHL,2011-01-01,2011-01-18,53.0,10000.0,10774.0,,,Heavy rain,,2.0,916.0,,7559,match:916.0,True,incompatible_date_intervals;multiple_dfo_event_ids;multiple_emdat_event_ids
DFO,DFO-3773,Philippines,PHL,2011-01-25,2011-01-31,0.0,32342.0,3624.0,,,Torrential rain,,1.5,916.0,,7572,match:916.0,True,incompatible_date_intervals;multiple_dfo_event_ids;multiple_emdat_event_ids
EM-DAT,2011-0021-PHL,Philippines,PHL,2011-01-25,2011-02-07,23.0,638418.0,,9.40044,125.78,Riverine flood,12411.0,3623.0,916.0,,7573,match:916.0,True,incompatible_date_intervals;multiple_dfo_event_ids;multiple_emdat_event_ids
DFO,DFO-3777,Philippines,PHL,2011-02-01,2011-02-04,11.0,2000.0,44522.0,,,Torrential rain,,1.5,916.0,,7581,match:916.0,True,incompatible_date_intervals;multiple_dfo_event_ids;multiple_emdat_event_ids
EM-DAT,2011-0044-PHL,Philippines,PHL,2011-02-01,2011-02-04,11.0,2000.0,,7.0,124.865,Riverine flood,,44521.0,916.0,,7585,match:916.0,True,incompatible_date_intervals;multiple_dfo_event_ids;multiple_emdat_event_ids
DFO,DFO-3774,Malaysia,MYS,2011-01-28,2011-01-31,2.0,20000.0,62168.0,,,Heavy rain,,1.5,918.0,,7577,match:918.0,True,incompatible_date_intervals;multiple_dfo_event_ids
EM-DAT,2011-0020-MYS,Malaysia,MYS,2011-01-28,2011-01-31,2.0,20000.0,,-4.05208,104.67,Riverine flood,,62167.0,918.0,,7578,match:918.0,True,incompatible_date_intervals;multiple_dfo_event_ids
DFO,DFO-3780,Malaysia,MYS,2011-02-01,2011-02-16,0.0,24000.0,36530.0,,,Heavy rain,,1.0,918.0,,7583,match:918.0,True,incompatible_date_intervals;multiple_dfo_event_ids
EM-DAT,2010-0674-BRA,Brazil,BRA,2010-11-01,2011-01-01,35.0,13000.0,,,,Riverine flood,,,922.0,,7510,match:922.0,True,incompatible_date_intervals;multiple_emdat_event_ids
DFO,DFO-3766,Brazil,BRA,2011-01-01,2011-01-18,665.0,100000.0,587385.0,,,Heavy rain,,2.0,922.0,,7560,match:922.0,True,incompatible_date_intervals;multiple_emdat_event_ids
EM-DAT,2011-0014-BRA,Brazil,BRA,2011-01-11,2011-01-12,900.0,45000.0,,,,Riverine flood,1000000.0,587384.0,922.0,,7569,match:922.0,True,incompatible_date_intervals;multiple_emdat_event_ids
DFO,DFO-3767,South Africa • Mozambique,,2011-01-01,2011-02-04,50.0,300.0,134636.0,,,Heavy rain,,1.5,923.0,transboundary (2 countries),7561,match:923.0,True,multiple_emdat_event_ids
EM-DAT,2011-0072-MOZ,Mozambique,MOZ,2011-01-01,2011-02-01,11.0,30000.0,,,,Riverine flood,,,923.0,,7563,match:923.0,True,multiple_emdat_event_ids
EM-DAT,2011-0100-ZAF,South Africa,ZAF,2011-01-01,2011-02-04,40.0,200321.0,,-31.055,28.41,Riverine flood,211000.0,124636.0,923.0,,7564,match:923.0,True,multiple_emdat_event_ids
DFO,DFO-3752,Australia,AUS,2010-11-27,2010-12-20,5.0,3000.0,832001.0,,,Heavy rain,,2.0,924.0,,7535,match:924.0,True,incompatible_date_intervals;multiple_dfo_event_ids;multiple_emdat_event_ids
EM-DAT,2010-0624-AUS,Australia,AUS,2010-11-27,2010-12-06,,1000.0,,-29.83,147.38,Riverine flood,,832001.0,924.0,,7536,match:924.0,True,incompatible_date_intervals;multiple_dfo_event_ids;multiple_emdat_event_ids
DFO,DFO-3763,Australia,AUS,2010-12-17,2010-12-28,0.0,0.0,175962.0,,,Heavy rain,,1.5,924.0,,7552,match:924.0,True,incompatible_date_intervals;multiple_dfo_event_ids;multiple_emdat_event_ids
DFO,DFO-3764,Australia,AUS,2010-12-25,2011-02-04,35.0,175000.0,911256.0,,,Cylone Tasha Monsoon Rain,,2.0,924.0,,7556,match:924.0,True,incompatible_date_intervals;multiple_dfo_event_ids;multiple_emdat_event_ids
EM-DAT,2010-0656-AUS,Australia,AUS,2010-12-25,2011-02-04,35.0,175000.0,,-24.77,147.63,Riverine flood,7300000.0,911256.0,924.0,,7557,match:924.0,True,incompatible_date_intervals;multiple_dfo_event_ids;multiple_emdat_event_ids
DFO,DFO-5346,Indonesia,IDN,2022-12-25,2023-01-02,1.0,2694.0,1750.0,,,Heavy rain,,1.0,93.0,,11081,match:93.0,True,incompatible_date_intervals;multiple_dfo_event_ids;multiple_emdat_event_ids
EM-DAT,2022-0847-IDN,Indonesia,IDN,2022-12-25,2022-12-26,1.0,3210.0,,,,Flood (General),,,93.0,,11083,match:93.0,True,incompatible_date_intervals;multiple_dfo_event_ids;multiple_emdat_event_ids
EM-DAT,2022-0845-IDN,Indonesia,IDN,2022-12-26,2023-01-01,,196745.0,,,,Flood (General),,,93.0,,11084,match:93.0,True,incompatible_date_intervals;multiple_dfo_event_ids;multiple_emdat_event_ids
DFO,DFO-5348,Indonesia,IDN,2023-01-03,2023-01-06,2.0,0.0,5150.0,,,Heavy rain,,1.0,93.0,,11092,match:93.0,True,incompatible_date_intervals;multiple_dfo_event_ids;multiple_emdat_event_ids
EM-DAT,2010-0573-VNM,Viet Nam,VNM,2010-10-29,2010-11-10,31.0,39008.0,,12.52,108.9,Riverine flood,107700.0,33659.0,939.0,,7504,match:939.0,True,incompatible_date_intervals;multiple_dfo_event_ids;multiple_emdat_event_ids
DFO,DFO-3739,Viet Nam,VNM,2010-10-30,2010-11-05,18.0,35000.0,33660.0,,,Heavy rain,,1.0,939.0,,7505,match:939.0,True,incompatible_date_intervals;multiple_dfo_event_ids;multiple_emdat_event_ids
DFO,DFO-3751,Viet Nam,VNM,2010-11-02,2010-11-27,143.0,1000000.0,45584.0,,,Torrential rain,,2.0,939.0,,7513,match:939.0,True,incompatible_date_intervals;multiple_dfo_event_ids;multiple_emdat_event_ids
EM-DAT,2010-0597-VNM,Viet Nam,VNM,2010-11-12,2010-11-17,50.0,10000.0,,15.1821,108.8,Riverine flood,256000.0,45583.59,939.0,,7525,match:939.0,True,incompatible_date_intervals;multiple_dfo_event_ids;multiple_emdat_event_ids
EM-DAT,2022-0832-PHL,Philippines,PHL,2022-12-25,2022-12-29,70.0,600016.0,,,,Flood (General),11000.0,,94.0,,11082,match:94.0,True,incompatible_date_intervals;multiple_dfo_event_ids;multiple_emdat_event_ids
DFO,DFO-5342,Philippines,PHL,2022-12-27,2022-12-27,17.0,45000.0,172000.0,,,Heavy rain,,2.0,94.0,,11085,match:94.0,True,incompatible_date_intervals;multiple_dfo_event_ids;multiple_emdat_event_ids
DFO,DFO-5349,Philippines,PHL,2023-01-01,2023-01-19,38.0,119121.0,469000.0,,,Heavy rain,,2.0,94.0,,11087,match:94.0,True,incompatible_date_intervals;multiple_dfo_event_ids;multiple_emdat_event_ids
EM-DAT,2023-0002-PHL,Philippines,PHL,2023-01-01,2023-01-29,52.0,2143358.0,,,,Flood (General),30371.0,,94.0,,11088,match:94.0,True,incompatible_date_intervals;multiple_dfo_event_ids;multiple_emdat_event_ids
EM-DAT,2010-0515-VNM,Viet Nam,VNM,2010-10-01,2010-10-06,84.0,679825.0,,,,Flash flood,142500.0,,942.0,,7482,match:942.0,True,incompatible_date_intervals;multiple_dfo_event_ids;multiple_emdat_event_ids
DFO,DFO-3727,Viet Nam,VNM,2010-10-02,2010-10-12,149.0,150000.0,11137.0,,,Torrential rain,,1.5,942.0,,7485,match:942.0,True,incompatible_date_intervals;multiple_dfo_event_ids;multiple_emdat_event_ids
EM-DAT,2010-0539-VNM,Viet Nam,VNM,2010-10-14,2010-10-18,21.0,761000.0,,,,Riverine flood,154000.0,,942.0,,7494,match:942.0,True,incompatible_date_intervals;multiple_dfo_event_ids;multiple_emdat_event_ids
DFO,DFO-3733,Viet Nam,VNM,2010-10-15,2010-10-21,112.0,3000.0,109614.0,,,Torrential rain,,1.5,942.0,,7495,match:942.0,True,incompatible_date_intervals;multiple_dfo_event_ids;multiple_emdat_event_ids
DFO,DFO-3716,Bangladesh,BGD,2010-09-09,2010-09-30,0.0,140000.0,7365.0,,,Monsoon Rains,,1.5,946.0,,7458,match:946.0,True,incompatible_date_intervals;multiple_dfo_event_ids
DFO,DFO-3732,Bangladesh,BGD,2010-10-01,2010-10-12,15.0,500000.0,29266.0,,,Heavy rain,,1.5,946.0,,7480,match:946.0,True,incompatible_date_intervals;multiple_dfo_event_ids
EM-DAT,2010-0676-BGD,Bangladesh,BGD,2010-10-01,2010-10-12,15.0,500000.0,,24.21,91.03,Riverine flood,,29265.0,946.0,,7483,match:946.0,True,incompatible_date_intervals;multiple_dfo_event_ids
DFO,DFO-3712,India,IND,2010-09-01,2010-09-17,0.0,78000.0,15952.0,,,Monsoon Rains,,1.5,947.0,,7448,match:947.0,True,incompatible_date_intervals;multiple_dfo_event_ids;multiple_emdat_event_ids
DFO,DFO-3710,India,IND,2010-09-05,2010-09-28,0.0,12500.0,10844.0,,,Torrential rain,,1.0,947.0,,7452,match:947.0,True,incompatible_date_intervals;multiple_dfo_event_ids;multiple_emdat_event_ids
DFO,DFO-3713,India,IND,2010-09-05,2010-09-17,1.0,30000.0,12556.0,,,Torrential rains,,1.5,947.0,,7453,match:947.0,True,incompatible_date_intervals;multiple_dfo_event_ids;multiple_emdat_event_ids
EM-DAT,2010-0416-IND,India,IND,2010-09-05,2010-09-17,,30000.0,,26.235,92.25,Riverine flood,,12555.0,947.0,,7454,match:947.0,True,incompatible_date_intervals;multiple_dfo_event_ids;multiple_emdat_event_ids
EM-DAT,2010-0493-IND,India,IND,2010-09-09,2010-09-09,,12500.0,,25.965,76.05,Riverine flood,,10843.0,947.0,,7459,match:947.0,True,incompatible_date_intervals;multiple_dfo_event_ids;multiple_emdat_event_ids
DFO,DFO-3717,India,IND,2010-09-18,2010-09-30,88.0,15000.0,38538.0,,,Monsoon Rains,,1.5,947.0,,7467,match:947.0,True,incompatible_date_intervals;multiple_dfo_event_ids;multiple_emdat_event_ids
DFO,DFO-3718,India,IND,2010-09-18,2010-09-20,0.0,0.0,11290.0,,,Monsoon Rains,,1.0,947.0,,7468,match:947.0,True,incompatible_date_intervals;multiple_dfo_event_ids;multiple_emdat_event_ids
EM-DAT,2010-0492-IND,India,IND,2010-09-18,2010-09-30,200.0,3267183.0,,26.73,82.84,Riverine flood,1680000.0,38537.0,947.0,,7471,match:947.0,True,incompatible_date_intervals;multiple_dfo_event_ids;multiple_emdat_event_ids
DFO,DFO-3707,Mexico,MEX,2010-08-15,2010-10-06,100.0,50000.0,14761.0,,,Tropical Storm,,2.0,948.0,,7434,match:948.0,True,multiple_dfo_event_ids
DFO,DFO-3721,Mexico,MEX,2010-09-18,2010-09-30,19.0,0.0,98327.0,,,Tropical Storm Matthew,,2.0,948.0,,7470,match:948.0,True,multiple_dfo_event_ids
EM-DAT,2010-0467-MEX,Mexico,MEX,2010-09-20,2010-09-20,25.0,1000000.0,,,,Riverine flood,,,948.0,,7475,match:948.0,True,multiple_dfo_event_ids
EM-DAT,2010-0415-PRK,Democratic People's Republic of Korea,PRK,2010-08-21,2010-08-21,,38785.0,,40.365,124.97,Riverine flood,,305538.0,952.0,,7441,match:952.0,True,incompatible_date_intervals
DFO,DFO-3705,Democratic People's Republic of Korea,PRK,2010-08-26,2010-09-01,0.0,35000.0,306.0,,,Heavy rain,,1.5,952.0,,7444,match:952.0,True,incompatible_date_intervals
EM-DAT,2010-0579-SDN,Sudan,SDN,2010-07-01,2010-10-07,3.0,16362.0,,,,Riverine flood,,,956.0,,7364,match:956.0,True,incompatible_date_intervals;multiple_dfo_event_ids;multiple_emdat_event_ids
DFO,DFO-3683,Sudan,SDN,2010-07-10,2010-08-11,33.0,10000.0,100439.0,,,Heavy rain,,1.5,956.0,,7375,match:956.0,True,incompatible_date_intervals;multiple_dfo_event_ids;multiple_emdat_event_ids
EM-DAT,2010-0319-SDN,Sudan,SDN,2010-07-10,2010-07-15,33.0,10000.0,,18.7,36.7,Riverine flood,,100400.0,956.0,,7377,match:956.0,True,incompatible_date_intervals;multiple_dfo_event_ids;multiple_emdat_event_ids
DFO,DFO-3706,Sudan,SDN,2010-08-01,2010-09-20,0.0,57135.0,58589.0,,,Torrential rain,,1.5,956.0,,7416,match:956.0,True,incompatible_date_intervals;multiple_dfo_event_ids;multiple_emdat_event_ids
DFO,DFO-3687,Pakistan,PAK,2010-07-21,2010-07-23,60.0,0.0,14177.0,,,Torrential rain,,1.5,957.0,,7390,match:957.0,True,incompatible_date_intervals;multiple_dfo_event_ids;multiple_emdat_event_ids
EM-DAT,2010-0293-PAK,Pakistan,PAK,2010-07-21,2010-07-23,60.0,4000.0,,30.51,66.95,Flash flood,,14180.0,957.0,,7393,match:957.0,True,incompatible_date_intervals;multiple_dfo_event_ids;multiple_emdat_event_ids
DFO,DFO-3696,Pakistan,PAK,2010-07-27,2010-11-15,1750.0,10000000.0,129692.0,,,Monsoonal Rain,,2.0,957.0,,7406,match:957.0,True,incompatible_date_intervals;multiple_dfo_event_ids;multiple_emdat_event_ids
EM-DAT,2010-0341-PAK,Pakistan,PAK,2010-07-28,2010-08-07,1985.0,20359496.0,,,,Flash flood,9500000.0,160000.0,957.0,,7413,match:957.0,True,incompatible_date_intervals;multiple_dfo_event_ids;multiple_emdat_event_ids
DFO,DFO-3651,China,CHN,2010-05-15,2010-06-28,379.0,2370000.0,234213.0,,,Monsoonal Rain,,1.5,960.0,,7310,match:960.0,True,incompatible_date_intervals;multiple_dfo_event_ids;multiple_emdat_event_ids
EM-DAT,2010-0239-CHN,China,CHN,2010-05-29,2010-08-31,1691.0,134000000.0,,,,Riverine flood,18000000.0,,960.0,,7325,match:960.0,True,incompatible_date_intervals;multiple_dfo_event_ids;multiple_emdat_event_ids
EM-DAT,2010-0344-CHN,China,CHN,2010-06-01,2010-08-01,152.0,6000000.0,,,,Riverine flood,,,960.0,,7330,match:960.0,True,incompatible_date_intervals;multiple_dfo_event_ids;multiple_emdat_event_ids
DFO,DFO-3678,China,CHN,2010-07-01,2010-07-15,600.0,2400000.0,575176.0,,,Torrential rain,,1.0,960.0,,7359,match:960.0,True,incompatible_date_intervals;multiple_dfo_event_ids;multiple_emdat_event_ids
DFO,DFO-3676,China,CHN,2010-07-06,2010-07-13,15.0,0.0,396657.0,,,Torrential rain,,1.0,960.0,,7371,match:960.0,True,incompatible_date_intervals;multiple_dfo_event_ids;multiple_emdat_event_ids
DFO,DFO-3681,China,CHN,2010-07-07,2010-07-23,0.0,10000.0,235548.0,,,Torrential rain,,1.5,960.0,,7373,match:960.0,True,incompatible_date_intervals;multiple_dfo_event_ids;multiple_emdat_event_ids
DFO,DFO-3688,China,CHN,2010-07-21,2010-07-23,1.0,15000.0,10513.0,,,Tropical Storm Chanthu,,1.5,960.0,,7391,match:960.0,True,incompatible_date_intervals;multiple_dfo_event_ids;multiple_emdat_event_ids
DFO,DFO-3692,China,CHN,2010-07-23,2010-08-03,1100.0,300000.0,1049485.0,,,Monsoonal Rain,,2.0,960.0,,7397,match:960.0,True,incompatible_date_intervals;multiple_dfo_event_ids;multiple_emdat_event_ids
DFO,DFO-3699,China,CHN,2010-07-27,2010-08-11,65.0,180.0,442536.0,,,Torrential rain,,1.5,960.0,,7409,match:960.0,True,incompatible_date_intervals;multiple_dfo_event_ids;multiple_emdat_event_ids
EM-DAT,2010-0405-CHN,China,CHN,2010-08-13,2010-08-16,59.0,,,,,Riverine flood,,,960.0,,7433,match:960.0,True,incompatible_date_intervals;multiple_dfo_event_ids;multiple_emdat_event_ids
DFO,DFO-3680,Japan,JPN,2010-07-12,2010-07-13,0.0,0.0,78652.0,,,Torrential rain,,1.0,966.0,,7381,match:966.0,True,incompatible_date_intervals
EM-DAT,2010-0311-JPN,Japan,JPN,2010-07-18,2010-07-18,10.0,,,,,Riverine flood,,,966.0,,7388,match:966.0,True,incompatible_date_intervals
DFO,DFO-3674,India,IND,2010-07-05,2010-07-15,98.0,523000.0,147437.0,,,Monsoonal Rain,,1.0,967.0,,7367,match:967.0,True,multiple_dfo_event_ids;multiple_emdat_event_ids
EM-DAT,2010-0276-IND,India,IND,2010-07-05,2010-07-15,53.0,400000.0,,30.18,74.77,Riverine flood,447000.0,147437.0,967.0,,7369,match:967.0,True,multiple_dfo_event_ids;multiple_emdat_event_ids
DFO,DFO-3682,India,IND,2010-07-12,2010-07-14,0.0,5000.0,192749.0,,,Monsoonal Rain,,1.0,967.0,,7382,match:967.0,True,multiple_dfo_event_ids;multiple_emdat_event_ids
EM-DAT,2010-0321-IND,India,IND,2010-07-13,2010-07-13,11.0,,,,,Riverine flood,,,967.0,,7384,match:967.0,True,multiple_dfo_event_ids;multiple_emdat_event_ids
EM-DAT,2010-0269-BGD,Bangladesh,BGD,2010-06-24,2010-06-24,,75000.0,,,,Flash flood,,,972.0,,7351,match:972.0,True,incompatible_date_intervals
DFO,DFO-3679,Bangladesh,BGD,2010-07-01,2010-07-13,0.0,600000.0,24987.0,,,Monsoonal Rain,,1.0,972.0,,7360,match:972.0,True,incompatible_date_intervals
EM-DAT,2010-0232-PHL,Philippines,PHL,2010-05-28,2010-06-01,27.0,40000.0,,6.78,125.3,Riverine flood,,22340.0,981.0,,7321,match:981.0,True,multiple_emdat_event_ids
DFO,DFO-3656,Philippines,PHL,2010-05-29,2010-06-01,27.0,0.0,22340.0,,,Torrential rain,,1.0,981.0,,7323,match:981.0,True,multiple_emdat_event_ids
EM-DAT,2010-0281-PHL,Philippines,PHL,2010-06-01,2010-06-01,,200000.0,,,,Riverine flood,,,981.0,,7329,match:981.0,True,multiple_emdat_event_ids
DFO,DFO-3650,India,IND,2010-05-15,2010-06-26,0.0,10000.0,23813.0,,,Monsoonal Rain,,1.5,983.0,,7309,match:983.0,True,multiple_dfo_event_ids
DFO,DFO-3652,India,IND,2010-05-18,2010-05-24,27.0,50000.0,63171.0,,,Heavy rain,,1.0,983.0,,7316,match:983.0,True,multiple_dfo_event_ids
EM-DAT,2010-0283-IND,India,IND,2010-05-18,2010-05-24,27.0,50000.0,,15.22,79.48,Riverine flood,,63170.0,983.0,,7318,match:983.0,True,multiple_dfo_event_ids
EM-DAT,2010-0094-KEN,Kenya,KEN,2010-03-01,2010-05-14,94.0,141164.0,,0.01,34.5,Riverine flood,,40320.0,985.0,,7252,match:985.0,True,incompatible_date_intervals;multiple_dfo_event_ids;multiple_emdat_event_ids
DFO,DFO-3621,Kenya,KEN,2010-03-07,2010-05-03,26.0,2500.0,40320.0,,,Torrential rain,,1.5,985.0,,7261,match:985.0,True,incompatible_date_intervals;multiple_dfo_event_ids;multiple_emdat_event_ids
DFO,DFO-3646,Kenya,KEN,2010-05-08,2010-05-24,100.0,70000.0,196058.0,,,Heavy rain,,1.5,985.0,,7303,match:985.0,True,incompatible_date_intervals;multiple_dfo_event_ids;multiple_emdat_event_ids
EM-DAT,2010-0285-KEN,Kenya,KEN,2010-05-08,2010-05-24,100.0,70000.0,,1.5,36.0,Riverine flood,,196100.0,985.0,,7306,match:985.0,True,incompatible_date_intervals;multiple_dfo_event_ids;multiple_emdat_event_ids
EM-DAT,2009-0660-PER,Peru,PER,2009-12-01,2010-03-01,158.0,236308.0,,-12.99,-72.94,Riverine flood,,135300.0,993.0,,7175,match:993.0,True,incompatible_date_intervals;multiple_dfo_event_ids;multiple_emdat_event_ids
DFO,DFO-3583,Peru,PER,2009-12-20,2009-12-21,0.0,0.0,172579.0,,,Heavy rain,,1.0,993.0,,7182,match:993.0,True,incompatible_date_intervals;multiple_dfo_event_ids;multiple_emdat_event_ids
DFO,DFO-3597,Peru,PER,2010-01-25,2010-01-30,20.0,0.0,135282.0,,,Torrential rain,,2.0,993.0,,7215,match:993.0,True,incompatible_date_intervals;multiple_dfo_event_ids;multiple_emdat_event_ids
DFO,DFO-3609,Peru,PER,2010-02-10,2010-02-17,0.0,80000.0,305772.0,,,Torrential rain,,1.0,993.0,,7227,match:993.0,True,incompatible_date_intervals;multiple_dfo_event_ids;multiple_emdat_event_ids
EM-DAT,2010-0065-PER,Peru,PER,2010-02-10,2010-02-17,20.0,80000.0,,-4.68,-78.29,Riverine flood,,305800.0,993.0,,7228,match:993.0,True,incompatible_date_intervals;multiple_dfo_event_ids;multiple_emdat_event_ids
DFO,DFO-3619,Peru,PER,2010-03-02,2010-03-04,7.0,20.0,57890.0,,,Heavy rain,,1.0,993.0,,7258,match:993.0,True,incompatible_date_intervals;multiple_dfo_event_ids;multiple_emdat_event_ids
DFO,DFO-3623,Angola,AGO,2010-03-01,2010-03-31,12.0,11500.0,274099.0,,,Heavy rain,,1.0,997.0,,7251,match:997.0,True,incompatible_date_intervals;multiple_emdat_event_ids
EM-DAT,2010-0105-AGO,Angola,AGO,2010-03-01,2010-03-17,7.0,110886.0,,-16.11,17.25,Riverine flood,,274100.0,997.0,,7254,match:997.0,True,incompatible_date_intervals;multiple_emdat_event_ids
EM-DAT,2010-0126-AGO,Angola,AGO,2010-03-21,2010-03-22,,75000.0,,,,Riverine flood,,,997.0,,7268,match:997.0,True,incompatible_date_intervals;multiple_emdat_event_ids
