country,series_id,year,observed_months,value,status,yoy_pct,yoy_status
ETH,392b04188d489972563909518164a45cdb33e2240c9b5309509026302406645f,2015,1,,requires 12 complete months,,current annual value unavailable
ETH,8ffdb21cbac325a474cb883592e59c8e2c9a21b5a8520b6f1b4e4232299b9f40,2015,1,,requires 12 complete months,,current annual value unavailable
YEM,00686c620b8ab25779235ffbe6fd92d4d32bbce083c1430aa09b442643964c8d,2016,6,,requires 12 complete months,,current annual value unavailable
YEM,00686c620b8ab25779235ffbe6fd92d4d32bbce083c1430aa09b442643964c8d,2017,11,,requires 12 complete months,,current annual value unavailable
YEM,00686c620b8ab25779235ffbe6fd92d4d32bbce083c1430aa09b442643964c8d,2018,11,,requires 12 complete months,,current annual value unavailable
YEM,00686c620b8ab25779235ffbe6fd92d4d32bbce083c1430aa09b442643964c8d,2019,11,,requires 12 complete months,,current annual value unavailable
YEM,00686c620b8ab25779235ffbe6fd92d4d32bbce083c1430aa09b442643964c8d,2020,11,,requires 12 complete months,,current annual value unavailable
YEM,00686c620b8ab25779235ffbe6fd92d4d32bbce083c1430aa09b442643964c8d,2021,11,,requires 12 complete months,,current annual value unavailable
YEM,00686c620b8ab25779235ffbe6fd92d4d32bbce083c1430aa09b442643964c8d,2022,12,5.3027061006311085,available,,exact complete prior year unavailable
YEM,00686c620b8ab25779235ffbe6fd92d4d32bbce083c1430aa09b442643964c8d,2023,12,5.200138421925253,available,-1.9342516209534644,available
YEM,00686c620b8ab25779235ffbe6fd92d4d32bbce083c1430aa09b442643964c8d,2024,5,,requires 12 complete months,,current annual value unavailable
YEM,03beafd8ca78b298ba787bb3f205c0c759a4630f3b6c4fe56a9b142172c74b34,2016,7,,requires 12 complete months,,current annual value unavailable
YEM,03beafd8ca78b298ba787bb3f205c0c759a4630f3b6c4fe56a9b142172c74b34,2017,12,12.408443106314474,available,,exact complete prior year unavailable
YEM,03beafd8ca78b298ba787bb3f205c0c759a4630f3b6c4fe56a9b142172c74b34,2018,12,12.232021575442655,available,-1.421786193161012,available
YEM,03beafd8ca78b298ba787bb3f205c0c759a4630f3b6c4fe56a9b142172c74b34,2019,12,13.710314572732182,available,12.085434841427922,available
YEM,03beafd8ca78b298ba787bb3f205c0c759a4630f3b6c4fe56a9b142172c74b34,2020,12,11.912925724533665,available,-13.109756444051701,available
YEM,03beafd8ca78b298ba787bb3f205c0c759a4630f3b6c4fe56a9b142172c74b34,2021,12,8.634533082864191,available,-27.51962630739736,available
YEM,03beafd8ca78b298ba787bb3f205c0c759a4630f3b6c4fe56a9b142172c74b34,2022,12,6.434214107857517,available,-25.48277890524683,available
YEM,03beafd8ca78b298ba787bb3f205c0c759a4630f3b6c4fe56a9b142172c74b34,2023,11,,requires 12 complete months,,current annual value unavailable
YEM,03beafd8ca78b298ba787bb3f205c0c759a4630f3b6c4fe56a9b142172c74b34,2024,12,8.129007671400597,available,,exact complete prior year unavailable
YEM,03beafd8ca78b298ba787bb3f205c0c759a4630f3b6c4fe56a9b142172c74b34,2025,12,10.253959546319473,available,26.140360063810284,available
YEM,03beafd8ca78b298ba787bb3f205c0c759a4630f3b6c4fe56a9b142172c74b34,2026,6,,requires 12 complete months,,current annual value unavailable
YEM,04bea04bb7de3702df878c36912b59c8d22ee7a9187151df06fabf5daa3fda22,2016,7,,requires 12 complete months,,current annual value unavailable
YEM,04bea04bb7de3702df878c36912b59c8d22ee7a9187151df06fabf5daa3fda22,2017,12,5.794308944114517,available,,exact complete prior year unavailable
YEM,04bea04bb7de3702df878c36912b59c8d22ee7a9187151df06fabf5daa3fda22,2018,12,3.4148539661269917,available,-41.06537985697882,available
YEM,04bea04bb7de3702df878c36912b59c8d22ee7a9187151df06fabf5daa3fda22,2019,12,3.5875760564667774,available,5.057964178060614,available
YEM,04bea04bb7de3702df878c36912b59c8d22ee7a9187151df06fabf5daa3fda22,2020,12,4.423804604035919,available,23.309012391857166,available
YEM,04bea04bb7de3702df878c36912b59c8d22ee7a9187151df06fabf5daa3fda22,2021,12,7.59158466688199,available,71.6075945116574,available
YEM,04bea04bb7de3702df878c36912b59c8d22ee7a9187151df06fabf5daa3fda22,2022,12,7.515466750132848,available,-1.002661764166357,available
YEM,04bea04bb7de3702df878c36912b59c8d22ee7a9187151df06fabf5daa3fda22,2023,12,7.765658621852311,available,3.329026393670631,available
YEM,04bea04bb7de3702df878c36912b59c8d22ee7a9187151df06fabf5daa3fda22,2024,5,,requires 12 complete months,,current annual value unavailable
YEM,05e37a00769cef6f176c57171bafa283e5235ec98e1aaf3a84a64f7636a547c0,2016,3,,requires 12 complete months,,current annual value unavailable
YEM,05e37a00769cef6f176c57171bafa283e5235ec98e1aaf3a84a64f7636a547c0,2017,10,,requires 12 complete months,,current annual value unavailable
YEM,05e37a00769cef6f176c57171bafa283e5235ec98e1aaf3a84a64f7636a547c0,2018,9,,requires 12 complete months,,current annual value unavailable
YEM,05e37a00769cef6f176c57171bafa283e5235ec98e1aaf3a84a64f7636a547c0,2019,6,,requires 12 complete months,,current annual value unavailable
YEM,05e37a00769cef6f176c57171bafa283e5235ec98e1aaf3a84a64f7636a547c0,2020,12,6.082353061308595,available,,exact complete prior year unavailable
YEM,05e37a00769cef6f176c57171bafa283e5235ec98e1aaf3a84a64f7636a547c0,2021,9,,requires 12 complete months,,current annual value unavailable
YEM,05e37a00769cef6f176c57171bafa283e5235ec98e1aaf3a84a64f7636a547c0,2022,10,,requires 12 complete months,,current annual value unavailable
YEM,05e37a00769cef6f176c57171bafa283e5235ec98e1aaf3a84a64f7636a547c0,2023,9,,requires 12 complete months,,current annual value unavailable
YEM,05e37a00769cef6f176c57171bafa283e5235ec98e1aaf3a84a64f7636a547c0,2024,2,,requires 12 complete months,,current annual value unavailable
YEM,10dba4ae5742f31fead264bb2216366f7b2ece642d16bcd2fd2bc90434e496da,2016,7,,requires 12 complete months,,current annual value unavailable
YEM,10dba4ae5742f31fead264bb2216366f7b2ece642d16bcd2fd2bc90434e496da,2017,12,4.832882119979538,available,,exact complete prior year unavailable
YEM,10dba4ae5742f31fead264bb2216366f7b2ece642d16bcd2fd2bc90434e496da,2018,12,3.2060075497972114,available,-33.662616422128146,available
YEM,10dba4ae5742f31fead264bb2216366f7b2ece642d16bcd2fd2bc90434e496da,2019,12,3.0347062650524737,available,-5.343134165593999,available
YEM,10dba4ae5742f31fead264bb2216366f7b2ece642d16bcd2fd2bc90434e496da,2020,3,,requires 12 complete months,,current annual value unavailable
YEM,13ae1a46b9efcef12b950e1ddc0920b023932fe4004ff4a8efb30644c312a6fc,2016,7,,requires 12 complete months,,current annual value unavailable
YEM,13ae1a46b9efcef12b950e1ddc0920b023932fe4004ff4a8efb30644c312a6fc,2017,12,4.715149625893731,available,,exact complete prior year unavailable
YEM,13ae1a46b9efcef12b950e1ddc0920b023932fe4004ff4a8efb30644c312a6fc,2018,12,3.2620512163319333,available,-30.817652139434937,available
YEM,13ae1a46b9efcef12b950e1ddc0920b023932fe4004ff4a8efb30644c312a6fc,2019,12,3.2934865330857677,available,0.963667173478111,available
YEM,13ae1a46b9efcef12b950e1ddc0920b023932fe4004ff4a8efb30644c312a6fc,2020,12,2.8456443579044484,available,-13.597814069751857,available
YEM,13ae1a46b9efcef12b950e1ddc0920b023932fe4004ff4a8efb30644c312a6fc,2021,12,3.034764746273438,available,6.645960091381875,available
YEM,13ae1a46b9efcef12b950e1ddc0920b023932fe4004ff4a8efb30644c312a6fc,2022,12,8.151368116097638,available,168.5996707358345,available
YEM,13ae1a46b9efcef12b950e1ddc0920b023932fe4004ff4a8efb30644c312a6fc,2023,12,8.141721365514925,available,-0.11834517157508495,available
YEM,13ae1a46b9efcef12b950e1ddc0920b023932fe4004ff4a8efb30644c312a6fc,2024,5,,requires 12 complete months,,current annual value unavailable
YEM,1443f97078040e13aa51ed6a2274606c5feea04529f736cb0d3ee87b4933dff3,2016,6,,requires 12 complete months,,current annual value unavailable
YEM,1443f97078040e13aa51ed6a2274606c5feea04529f736cb0d3ee87b4933dff3,2017,11,,requires 12 complete months,,current annual value unavailable
YEM,1443f97078040e13aa51ed6a2274606c5feea04529f736cb0d3ee87b4933dff3,2018,10,,requires 12 complete months,,current annual value unavailable
YEM,1443f97078040e13aa51ed6a2274606c5feea04529f736cb0d3ee87b4933dff3,2019,10,,requires 12 complete months,,current annual value unavailable
YEM,1443f97078040e13aa51ed6a2274606c5feea04529f736cb0d3ee87b4933dff3,2020,11,,requires 12 complete months,,current annual value unavailable
YEM,1443f97078040e13aa51ed6a2274606c5feea04529f736cb0d3ee87b4933dff3,2021,11,,requires 12 complete months,,current annual value unavailable
YEM,1443f97078040e13aa51ed6a2274606c5feea04529f736cb0d3ee87b4933dff3,2022,11,,requires 12 complete months,,current annual value unavailable
YEM,1443f97078040e13aa51ed6a2274606c5feea04529f736cb0d3ee87b4933dff3,2023,12,18.71946847561381,available,,exact complete prior year unavailable
YEM,1443f97078040e13aa51ed6a2274606c5feea04529f736cb0d3ee87b4933dff3,2024,11,,requires 12 complete months,,current annual value unavailable
YEM,1443f97078040e13aa51ed6a2274606c5feea04529f736cb0d3ee87b4933dff3,2025,11,,requires 12 complete months,,current annual value unavailable
YEM,1443f97078040e13aa51ed6a2274606c5feea04529f736cb0d3ee87b4933dff3,2026,4,,requires 12 complete months,,current annual value unavailable
YEM,16f6d03def5895d7ff3b05967a053a9d93d9708253afb9e4a24b8afa73ee6742,2016,7,,requires 12 complete months,,current annual value unavailable
YEM,16f6d03def5895d7ff3b05967a053a9d93d9708253afb9e4a24b8afa73ee6742,2017,12,27.358400003149313,available,,exact complete prior year unavailable
YEM,16f6d03def5895d7ff3b05967a053a9d93d9708253afb9e4a24b8afa73ee6742,2018,12,24.296776831462115,available,-11.19079760269155,available
YEM,16f6d03def5895d7ff3b05967a053a9d93d9708253afb9e4a24b8afa73ee6742,2019,12,23.76457416895176,available,-2.190424953079373,available
YEM,16f6d03def5895d7ff3b05967a053a9d93d9708253afb9e4a24b8afa73ee6742,2020,12,23.051707074434773,available,-2.9997048945583193,available
YEM,16f6d03def5895d7ff3b05967a053a9d93d9708253afb9e4a24b8afa73ee6742,2021,12,18.136480546108096,available,-21.322614036588426,available
YEM,16f6d03def5895d7ff3b05967a053a9d93d9708253afb9e4a24b8afa73ee6742,2022,12,19.166771159073512,available,5.680763753177609,available
YEM,16f6d03def5895d7ff3b05967a053a9d93d9708253afb9e4a24b8afa73ee6742,2023,12,19.621162063578677,available,2.3707222292892904,available
YEM,16f6d03def5895d7ff3b05967a053a9d93d9708253afb9e4a24b8afa73ee6742,2024,12,21.271529341477507,available,8.411159708844584,available
YEM,16f6d03def5895d7ff3b05967a053a9d93d9708253afb9e4a24b8afa73ee6742,2025,12,27.84965067263942,available,30.924534035901164,available
YEM,16f6d03def5895d7ff3b05967a053a9d93d9708253afb9e4a24b8afa73ee6742,2026,6,,requires 12 complete months,,current annual value unavailable
YEM,1958045e291a17e76566284dfb06c217de819b1df3b9df9d2ba8f38fb185136a,2016,7,,requires 12 complete months,,current annual value unavailable
YEM,1958045e291a17e76566284dfb06c217de819b1df3b9df9d2ba8f38fb185136a,2017,12,29.505272479685722,available,,exact complete prior year unavailable
YEM,1958045e291a17e76566284dfb06c217de819b1df3b9df9d2ba8f38fb185136a,2018,12,19.4702250395723,available,-34.01103123864563,available
YEM,1958045e291a17e76566284dfb06c217de819b1df3b9df9d2ba8f38fb185136a,2019,12,13.4509160080601,available,-30.915456905496686,available
YEM,1958045e291a17e76566284dfb06c217de819b1df3b9df9d2ba8f38fb185136a,2020,12,20.079027516247507,available,49.27628352013862,available
YEM,1958045e291a17e76566284dfb06c217de819b1df3b9df9d2ba8f38fb185136a,2021,12,16.120981880411883,available,-19.712337326261753,available
YEM,1958045e291a17e76566284dfb06c217de819b1df3b9df9d2ba8f38fb185136a,2022,12,16.989518340190763,available,5.387615135491308,available
YEM,1958045e291a17e76566284dfb06c217de819b1df3b9df9d2ba8f38fb185136a,2023,12,22.433954340089368,available,32.04585257145951,available
YEM,1958045e291a17e76566284dfb06c217de819b1df3b9df9d2ba8f38fb185136a,2024,12,20.342693495405513,available,-9.32185567012046,available
YEM,1958045e291a17e76566284dfb06c217de819b1df3b9df9d2ba8f38fb185136a,2025,12,19.307111861446206,available,-5.0906810063927725,available
YEM,1958045e291a17e76566284dfb06c217de819b1df3b9df9d2ba8f38fb185136a,2026,6,,requires 12 complete months,,current annual value unavailable
YEM,1ccd7dd6e0f071bf3793d45efea23e60ef3ac04baf0aa442d759987deda93927,2016,6,,requires 12 complete months,,current annual value unavailable
YEM,1ccd7dd6e0f071bf3793d45efea23e60ef3ac04baf0aa442d759987deda93927,2017,12,4.364988734589962,available,,exact complete prior year unavailable
YEM,1ccd7dd6e0f071bf3793d45efea23e60ef3ac04baf0aa442d759987deda93927,2018,8,,requires 12 complete months,,current annual value unavailable
YEM,1ccd7dd6e0f071bf3793d45efea23e60ef3ac04baf0aa442d759987deda93927,2020,9,,requires 12 complete months,,current annual value unavailable
YEM,1ccd7dd6e0f071bf3793d45efea23e60ef3ac04baf0aa442d759987deda93927,2021,12,3.872983346207417,available,,exact complete prior year unavailable
YEM,1ccd7dd6e0f071bf3793d45efea23e60ef3ac04baf0aa442d759987deda93927,2022,12,5.508991035584458,available,42.241536901497035,available
YEM,1ccd7dd6e0f071bf3793d45efea23e60ef3ac04baf0aa442d759987deda93927,2023,12,5.977985493462204,available,8.513255056113733,available
YEM,1ccd7dd6e0f071bf3793d45efea23e60ef3ac04baf0aa442d759987deda93927,2024,5,,requires 12 complete months,,current annual value unavailable
YEM,1fbccd1eff430ad3a6b5cb68fe5644a6b8064940fc6e798590476161f7ee7ec7,2016,6,,requires 12 complete months,,current annual value unavailable
YEM,1fbccd1eff430ad3a6b5cb68fe5644a6b8064940fc6e798590476161f7ee7ec7,2017,11,,requires 12 complete months,,current annual value unavailable
YEM,1fbccd1eff430ad3a6b5cb68fe5644a6b8064940fc6e798590476161f7ee7ec7,2018,10,,requires 12 complete months,,current annual value unavailable
YEM,1fbccd1eff430ad3a6b5cb68fe5644a6b8064940fc6e798590476161f7ee7ec7,2019,12,4.5515916346029845,available,,exact complete prior year unavailable
YEM,1fbccd1eff430ad3a6b5cb68fe5644a6b8064940fc6e798590476161f7ee7ec7,2020,10,,requires 12 complete months,,current annual value unavailable
YEM,1fbccd1eff430ad3a6b5cb68fe5644a6b8064940fc6e798590476161f7ee7ec7,2021,12,5.7454841150469225,available,,exact complete prior year unavailable
YEM,1fbccd1eff430ad3a6b5cb68fe5644a6b8064940fc6e798590476161f7ee7ec7,2022,11,,requires 12 complete months,,current annual value unavailable
YEM,1fbccd1eff430ad3a6b5cb68fe5644a6b8064940fc6e798590476161f7ee7ec7,2023,10,,requires 12 complete months,,current annual value unavailable
YEM,1fbccd1eff430ad3a6b5cb68fe5644a6b8064940fc6e798590476161f7ee7ec7,2024,12,3.8891567817067303,available,,exact complete prior year unavailable
YEM,1fbccd1eff430ad3a6b5cb68fe5644a6b8064940fc6e798590476161f7ee7ec7,2025,11,,requires 12 complete months,,current annual value unavailable
YEM,1fbccd1eff430ad3a6b5cb68fe5644a6b8064940fc6e798590476161f7ee7ec7,2026,5,,requires 12 complete months,,current annual value unavailable
YEM,24b10047bf4df91ab884a5128d7ea85fd837454035f9ba816d43b08d64812f40,2016,6,,requires 12 complete months,,current annual value unavailable
YEM,24b10047bf4df91ab884a5128d7ea85fd837454035f9ba816d43b08d64812f40,2017,11,,requires 12 complete months,,current annual value unavailable
YEM,24b10047bf4df91ab884a5128d7ea85fd837454035f9ba816d43b08d64812f40,2018,10,,requires 12 complete months,,current annual value unavailable
YEM,24b10047bf4df91ab884a5128d7ea85fd837454035f9ba816d43b08d64812f40,2019,12,16.525237818527906,available,,exact complete prior year unavailable
YEM,24b10047bf4df91ab884a5128d7ea85fd837454035f9ba816d43b08d64812f40,2020,10,,requires 12 complete months,,current annual value unavailable
YEM,24b10047bf4df91ab884a5128d7ea85fd837454035f9ba816d43b08d64812f40,2021,12,15.653226771000105,available,,exact complete prior year unavailable
YEM,24b10047bf4df91ab884a5128d7ea85fd837454035f9ba816d43b08d64812f40,2022,11,,requires 12 complete months,,current annual value unavailable
YEM,24b10047bf4df91ab884a5128d7ea85fd837454035f9ba816d43b08d64812f40,2023,10,,requires 12 complete months,,current annual value unavailable
YEM,24b10047bf4df91ab884a5128d7ea85fd837454035f9ba816d43b08d64812f40,2024,12,11.019367015149108,available,,exact complete prior year unavailable
YEM,24b10047bf4df91ab884a5128d7ea85fd837454035f9ba816d43b08d64812f40,2025,11,,requires 12 complete months,,current annual value unavailable
YEM,24b10047bf4df91ab884a5128d7ea85fd837454035f9ba816d43b08d64812f40,2026,5,,requires 12 complete months,,current annual value unavailable
YEM,273877be30304d7fe184412482b7caed2c4f51938d8b79a4af11366b8f651904,2016,5,,requires 12 complete months,,current annual value unavailable
YEM,273877be30304d7fe184412482b7caed2c4f51938d8b79a4af11366b8f651904,2017,11,,requires 12 complete months,,current annual value unavailable
YEM,273877be30304d7fe184412482b7caed2c4f51938d8b79a4af11366b8f651904,2018,10,,requires 12 complete months,,current annual value unavailable
YEM,273877be30304d7fe184412482b7caed2c4f51938d8b79a4af11366b8f651904,2019,9,,requires 12 complete months,,current annual value unavailable
YEM,273877be30304d7fe184412482b7caed2c4f51938d8b79a4af11366b8f651904,2020,10,,requires 12 complete months,,current annual value unavailable
YEM,273877be30304d7fe184412482b7caed2c4f51938d8b79a4af11366b8f651904,2021,11,,requires 12 complete months,,current annual value unavailable
YEM,273877be30304d7fe184412482b7caed2c4f51938d8b79a4af11366b8f651904,2022,10,,requires 12 complete months,,current annual value unavailable
YEM,273877be30304d7fe184412482b7caed2c4f51938d8b79a4af11366b8f651904,2023,10,,requires 12 complete months,,current annual value unavailable
YEM,273877be30304d7fe184412482b7caed2c4f51938d8b79a4af11366b8f651904,2024,9,,requires 12 complete months,,current annual value unavailable
YEM,273877be30304d7fe184412482b7caed2c4f51938d8b79a4af11366b8f651904,2025,10,,requires 12 complete months,,current annual value unavailable
YEM,273877be30304d7fe184412482b7caed2c4f51938d8b79a4af11366b8f651904,2026,6,,requires 12 complete months,,current annual value unavailable
YEM,273dd18e76057227455e4ea15bd61afc9d1424ba60c028467730c820e60d926c,2016,7,,requires 12 complete months,,current annual value unavailable
YEM,273dd18e76057227455e4ea15bd61afc9d1424ba60c028467730c820e60d926c,2017,12,13.345357455449065,available,,exact complete prior year unavailable
YEM,273dd18e76057227455e4ea15bd61afc9d1424ba60c028467730c820e60d926c,2018,12,10.246221599348454,available,-23.22257658849893,available
YEM,273dd18e76057227455e4ea15bd61afc9d1424ba60c028467730c820e60d926c,2019,12,11.895089226083645,available,16.092445500495913,available
YEM,273dd18e76057227455e4ea15bd61afc9d1424ba60c028467730c820e60d926c,2020,12,10.528915159379428,available,-11.485193937919014,available
YEM,273dd18e76057227455e4ea15bd61afc9d1424ba60c028467730c820e60d926c,2021,12,9.161489719191515,available,-12.987334587550325,available
YEM,273dd18e76057227455e4ea15bd61afc9d1424ba60c028467730c820e60d926c,2022,12,18.55551207510835,available,102.53815311540669,available
YEM,273dd18e76057227455e4ea15bd61afc9d1424ba60c028467730c820e60d926c,2023,12,19.46531351862349,available,4.9031330411819285,available
YEM,273dd18e76057227455e4ea15bd61afc9d1424ba60c028467730c820e60d926c,2024,5,,requires 12 complete months,,current annual value unavailable
YEM,306d201100e14d9a696d506758e93d216475aa078a808d326987f7aedf630637,2016,7,,requires 12 complete months,,current annual value unavailable
YEM,306d201100e14d9a696d506758e93d216475aa078a808d326987f7aedf630637,2017,12,15.137436022601024,available,,exact complete prior year unavailable
YEM,306d201100e14d9a696d506758e93d216475aa078a808d326987f7aedf630637,2018,12,10.039883745193764,available,-33.6751367259048,available
YEM,306d201100e14d9a696d506758e93d216475aa078a808d326987f7aedf630637,2019,12,11.992673663150951,available,19.45032400292499,available
YEM,306d201100e14d9a696d506758e93d216475aa078a808d326987f7aedf630637,2020,12,14.50655694207021,available,20.9618251069692,available
YEM,306d201100e14d9a696d506758e93d216475aa078a808d326987f7aedf630637,2021,12,19.91730201818556,available,37.29861674084594,available
YEM,306d201100e14d9a696d506758e93d216475aa078a808d326987f7aedf630637,2022,12,14.718972441217945,available,-26.09956696053142,available
YEM,306d201100e14d9a696d506758e93d216475aa078a808d326987f7aedf630637,2023,12,19.248176757671253,available,30.77119910741901,available
YEM,306d201100e14d9a696d506758e93d216475aa078a808d326987f7aedf630637,2024,5,,requires 12 complete months,,current annual value unavailable
YEM,30993d1072cf1f8eddc0fbdfda3148fdab20e228ac75116bd77b4661c1777cb9,2016,7,,requires 12 complete months,,current annual value unavailable
YEM,30993d1072cf1f8eddc0fbdfda3148fdab20e228ac75116bd77b4661c1777cb9,2017,12,25.183629576856095,available,,exact complete prior year unavailable
YEM,30993d1072cf1f8eddc0fbdfda3148fdab20e228ac75116bd77b4661c1777cb9,2018,12,23.30836640754649,available,-7.446357815844717,available
YEM,30993d1072cf1f8eddc0fbdfda3148fdab20e228ac75116bd77b4661c1777cb9,2019,12,23.77161168355981,available,1.9874635052216094,available
YEM,30993d1072cf1f8eddc0fbdfda3148fdab20e228ac75116bd77b4661c1777cb9,2020,12,22.97932271070379,available,-3.33292072663276,available
YEM,30993d1072cf1f8eddc0fbdfda3148fdab20e228ac75116bd77b4661c1777cb9,2021,12,17.91270302710314,available,-22.048603204656736,available
YEM,30993d1072cf1f8eddc0fbdfda3148fdab20e228ac75116bd77b4661c1777cb9,2022,12,19.466412291940657,available,8.673784534286355,available
YEM,30993d1072cf1f8eddc0fbdfda3148fdab20e228ac75116bd77b4661c1777cb9,2023,12,20.614941127727413,available,5.900053993319876,available
YEM,30993d1072cf1f8eddc0fbdfda3148fdab20e228ac75116bd77b4661c1777cb9,2024,12,21.126718987345395,available,2.4825579488540583,available
YEM,30993d1072cf1f8eddc0fbdfda3148fdab20e228ac75116bd77b4661c1777cb9,2025,12,24.811501148926766,available,17.441336554855024,available
YEM,30993d1072cf1f8eddc0fbdfda3148fdab20e228ac75116bd77b4661c1777cb9,2026,6,,requires 12 complete months,,current annual value unavailable
YEM,3159af661b6b223928bd48874f7cecccf496fe6bb68e6e2b61d7de97e72a3319,2016,7,,requires 12 complete months,,current annual value unavailable
YEM,3159af661b6b223928bd48874f7cecccf496fe6bb68e6e2b61d7de97e72a3319,2017,12,14.637490345494127,available,,exact complete prior year unavailable
YEM,3159af661b6b223928bd48874f7cecccf496fe6bb68e6e2b61d7de97e72a3319,2018,12,14.695205319578204,available,0.39429555696919305,available
YEM,3159af661b6b223928bd48874f7cecccf496fe6bb68e6e2b61d7de97e72a3319,2019,12,18.624826542000097,available,26.7408391850539,available
YEM,3159af661b6b223928bd48874f7cecccf496fe6bb68e6e2b61d7de97e72a3319,2020,12,15.624010117276597,available,-16.111916091977985,available
YEM,3159af661b6b223928bd48874f7cecccf496fe6bb68e6e2b61d7de97e72a3319,2021,12,17.272595621305484,available,10.55161569695815,available
YEM,3159af661b6b223928bd48874f7cecccf496fe6bb68e6e2b61d7de97e72a3319,2022,12,17.343312459462563,available,0.4094163940817852,available
YEM,3159af661b6b223928bd48874f7cecccf496fe6bb68e6e2b61d7de97e72a3319,2023,12,18.320761234021866,available,5.635882861730979,available
YEM,3159af661b6b223928bd48874f7cecccf496fe6bb68e6e2b61d7de97e72a3319,2024,12,17.042957833975677,available,-6.974619578979569,available
YEM,3159af661b6b223928bd48874f7cecccf496fe6bb68e6e2b61d7de97e72a3319,2025,12,19.929184788042292,available,16.935011998403414,available
YEM,3159af661b6b223928bd48874f7cecccf496fe6bb68e6e2b61d7de97e72a3319,2026,6,,requires 12 complete months,,current annual value unavailable
YEM,324e0fd11ceafee12b500b7ddd9b421554caa356a3399684f1931c1d10f86738,2016,7,,requires 12 complete months,,current annual value unavailable
YEM,324e0fd11ceafee12b500b7ddd9b421554caa356a3399684f1931c1d10f86738,2017,12,6.136518806437891,available,,exact complete prior year unavailable
YEM,324e0fd11ceafee12b500b7ddd9b421554caa356a3399684f1931c1d10f86738,2018,12,3.5233624901196436,available,-42.58369278648272,available
YEM,324e0fd11ceafee12b500b7ddd9b421554caa356a3399684f1931c1d10f86738,2019,12,3.353136425722925,available,-4.831352575106118,available
YEM,324e0fd11ceafee12b500b7ddd9b421554caa356a3399684f1931c1d10f86738,2020,12,4.891536909126123,available,45.87944801773236,available
YEM,324e0fd11ceafee12b500b7ddd9b421554caa356a3399684f1931c1d10f86738,2021,12,6.509123689451326,available,33.06909076587519,available
YEM,324e0fd11ceafee12b500b7ddd9b421554caa356a3399684f1931c1d10f86738,2022,12,6.839124028538321,available,5.069812079647429,available
YEM,324e0fd11ceafee12b500b7ddd9b421554caa356a3399684f1931c1d10f86738,2023,12,6.946224346851412,available,1.5659946780637757,available
YEM,324e0fd11ceafee12b500b7ddd9b421554caa356a3399684f1931c1d10f86738,2024,5,,requires 12 complete months,,current annual value unavailable
YEM,3ec9259b244ba7920b50fc7b4db9d7187503af626b4c8348429bde5187b0f24a,2016,7,,requires 12 complete months,,current annual value unavailable
YEM,3ec9259b244ba7920b50fc7b4db9d7187503af626b4c8348429bde5187b0f24a,2017,12,18.99840322080043,available,,exact complete prior year unavailable
YEM,3ec9259b244ba7920b50fc7b4db9d7187503af626b4c8348429bde5187b0f24a,2018,12,16.965958277949568,available,-10.69797771544103,available
YEM,3ec9259b244ba7920b50fc7b4db9d7187503af626b4c8348429bde5187b0f24a,2019,12,11.356011339873954,available,-33.06590082428051,available
YEM,3ec9259b244ba7920b50fc7b4db9d7187503af626b4c8348429bde5187b0f24a,2020,12,9.225679929200721,available,-18.759504080390233,available
YEM,3ec9259b244ba7920b50fc7b4db9d7187503af626b4c8348429bde5187b0f24a,2021,12,8.938672500532451,available,-3.1109623450066404,available
YEM,3ec9259b244ba7920b50fc7b4db9d7187503af626b4c8348429bde5187b0f24a,2022,12,7.629197689190826,available,-14.649544563397122,available
YEM,3ec9259b244ba7920b50fc7b4db9d7187503af626b4c8348429bde5187b0f24a,2023,12,7.628223485978327,available,-0.012769405803692013,available
YEM,3ec9259b244ba7920b50fc7b4db9d7187503af626b4c8348429bde5187b0f24a,2024,12,6.671338243721312,available,-12.544011643286213,available
YEM,3ec9259b244ba7920b50fc7b4db9d7187503af626b4c8348429bde5187b0f24a,2025,12,8.032236212840044,available,20.399175089039034,available
YEM,3ec9259b244ba7920b50fc7b4db9d7187503af626b4c8348429bde5187b0f24a,2026,6,,requires 12 complete months,,current annual value unavailable
YEM,443db48885e22637242e2209fd1cf89373ba591321e8c981f4985de9ad9a254c,2016,7,,requires 12 complete months,,current annual value unavailable
YEM,443db48885e22637242e2209fd1cf89373ba591321e8c981f4985de9ad9a254c,2017,10,,requires 12 complete months,,current annual value unavailable
YEM,443db48885e22637242e2209fd1cf89373ba591321e8c981f4985de9ad9a254c,2018,11,,requires 12 complete months,,current annual value unavailable
YEM,443db48885e22637242e2209fd1cf89373ba591321e8c981f4985de9ad9a254c,2019,10,,requires 12 complete months,,current annual value unavailable
YEM,443db48885e22637242e2209fd1cf89373ba591321e8c981f4985de9ad9a254c,2020,8,,requires 12 complete months,,current annual value unavailable
YEM,443db48885e22637242e2209fd1cf89373ba591321e8c981f4985de9ad9a254c,2021,8,,requires 12 complete months,,current annual value unavailable
YEM,4446d6e88d344db1be74b4a651523729ada47297e151728c9dce6343c73e5e83,2016,6,,requires 12 complete months,,current annual value unavailable
YEM,4446d6e88d344db1be74b4a651523729ada47297e151728c9dce6343c73e5e83,2017,12,7.31233865137648,available,,exact complete prior year unavailable
YEM,4446d6e88d344db1be74b4a651523729ada47297e151728c9dce6343c73e5e83,2018,8,,requires 12 complete months,,current annual value unavailable
YEM,4446d6e88d344db1be74b4a651523729ada47297e151728c9dce6343c73e5e83,2020,7,,requires 12 complete months,,current annual value unavailable
YEM,4446d6e88d344db1be74b4a651523729ada47297e151728c9dce6343c73e5e83,2021,12,9.897399807900893,available,,exact complete prior year unavailable
YEM,4446d6e88d344db1be74b4a651523729ada47297e151728c9dce6343c73e5e83,2022,3,,requires 12 complete months,,current annual value unavailable
YEM,46ca8ce8433f922dd88c6038c5ffc9dbf62bc4293abc3fb741f58771602c432f,2016,6,,requires 12 complete months,,current annual value unavailable
YEM,46ca8ce8433f922dd88c6038c5ffc9dbf62bc4293abc3fb741f58771602c432f,2017,11,,requires 12 complete months,,current annual value unavailable
YEM,46ca8ce8433f922dd88c6038c5ffc9dbf62bc4293abc3fb741f58771602c432f,2018,10,,requires 12 complete months,,current annual value unavailable
YEM,46ca8ce8433f922dd88c6038c5ffc9dbf62bc4293abc3fb741f58771602c432f,2019,12,15.398333374433996,available,,exact complete prior year unavailable
YEM,46ca8ce8433f922dd88c6038c5ffc9dbf62bc4293abc3fb741f58771602c432f,2020,10,,requires 12 complete months,,current annual value unavailable
YEM,46ca8ce8433f922dd88c6038c5ffc9dbf62bc4293abc3fb741f58771602c432f,2021,12,11.390953079375025,available,,exact complete prior year unavailable
YEM,46ca8ce8433f922dd88c6038c5ffc9dbf62bc4293abc3fb741f58771602c432f,2022,11,,requires 12 complete months,,current annual value unavailable
YEM,46ca8ce8433f922dd88c6038c5ffc9dbf62bc4293abc3fb741f58771602c432f,2023,10,,requires 12 complete months,,current annual value unavailable
YEM,46ca8ce8433f922dd88c6038c5ffc9dbf62bc4293abc3fb741f58771602c432f,2024,12,9.020574912797994,available,,exact complete prior year unavailable
YEM,46ca8ce8433f922dd88c6038c5ffc9dbf62bc4293abc3fb741f58771602c432f,2025,11,,requires 12 complete months,,current annual value unavailable
YEM,46ca8ce8433f922dd88c6038c5ffc9dbf62bc4293abc3fb741f58771602c432f,2026,5,,requires 12 complete months,,current annual value unavailable
YEM,4a23de60989631471df03b60f64b2b6a2c137256c3b4639da5b0dd7379dd67ea,2016,6,,requires 12 complete months,,current annual value unavailable
YEM,4a23de60989631471df03b60f64b2b6a2c137256c3b4639da5b0dd7379dd67ea,2017,11,,requires 12 complete months,,current annual value unavailable
YEM,4a23de60989631471df03b60f64b2b6a2c137256c3b4639da5b0dd7379dd67ea,2018,10,,requires 12 complete months,,current annual value unavailable
YEM,4a23de60989631471df03b60f64b2b6a2c137256c3b4639da5b0dd7379dd67ea,2019,10,,requires 12 complete months,,current annual value unavailable
YEM,4a23de60989631471df03b60f64b2b6a2c137256c3b4639da5b0dd7379dd67ea,2020,11,,requires 12 complete months,,current annual value unavailable
YEM,4a23de60989631471df03b60f64b2b6a2c137256c3b4639da5b0dd7379dd67ea,2021,9,,requires 12 complete months,,current annual value unavailable
YEM,4a23de60989631471df03b60f64b2b6a2c137256c3b4639da5b0dd7379dd67ea,2022,11,,requires 12 complete months,,current annual value unavailable
YEM,4a23de60989631471df03b60f64b2b6a2c137256c3b4639da5b0dd7379dd67ea,2023,11,,requires 12 complete months,,current annual value unavailable
YEM,4a23de60989631471df03b60f64b2b6a2c137256c3b4639da5b0dd7379dd67ea,2024,9,,requires 12 complete months,,current annual value unavailable
YEM,4a23de60989631471df03b60f64b2b6a2c137256c3b4639da5b0dd7379dd67ea,2025,9,,requires 12 complete months,,current annual value unavailable
YEM,4a23de60989631471df03b60f64b2b6a2c137256c3b4639da5b0dd7379dd67ea,2026,6,,requires 12 complete months,,current annual value unavailable
YEM,4fd043e15bc3d926889a31ea203a024cbde53d251ec7b86bf7a8120e6e8c3c8c,2016,7,,requires 12 complete months,,current annual value unavailable
YEM,4fd043e15bc3d926889a31ea203a024cbde53d251ec7b86bf7a8120e6e8c3c8c,2017,12,34.834209956332856,available,,exact complete prior year unavailable
YEM,4fd043e15bc3d926889a31ea203a024cbde53d251ec7b86bf7a8120e6e8c3c8c,2018,12,24.25888281571463,available,-30.359026812650967,available
YEM,4fd043e15bc3d926889a31ea203a024cbde53d251ec7b86bf7a8120e6e8c3c8c,2019,12,12.611019657714765,available,-48.01483747823091,available
YEM,4fd043e15bc3d926889a31ea203a024cbde53d251ec7b86bf7a8120e6e8c3c8c,2020,12,21.694886384227804,available,72.03118362404584,available
YEM,4fd043e15bc3d926889a31ea203a024cbde53d251ec7b86bf7a8120e6e8c3c8c,2021,12,20.115035109960573,available,-7.282136657861383,available
YEM,4fd043e15bc3d926889a31ea203a024cbde53d251ec7b86bf7a8120e6e8c3c8c,2022,12,22.268804835436672,available,10.707263068159367,available
YEM,4fd043e15bc3d926889a31ea203a024cbde53d251ec7b86bf7a8120e6e8c3c8c,2023,12,32.04597292425885,available,43.90522150189051,available
YEM,4fd043e15bc3d926889a31ea203a024cbde53d251ec7b86bf7a8120e6e8c3c8c,2024,12,27.991164105845158,available,-12.653099433109094,available
YEM,4fd043e15bc3d926889a31ea203a024cbde53d251ec7b86bf7a8120e6e8c3c8c,2025,12,25.27952839265184,available,-9.687470313630397,available
YEM,4fd043e15bc3d926889a31ea203a024cbde53d251ec7b86bf7a8120e6e8c3c8c,2026,6,,requires 12 complete months,,current annual value unavailable
YEM,58e7448290a13497a4a67bd6e589f0903f6faff246b341dea6861a965dc7197c,2016,7,,requires 12 complete months,,current annual value unavailable
YEM,58e7448290a13497a4a67bd6e589f0903f6faff246b341dea6861a965dc7197c,2017,12,19.462516301669396,available,,exact complete prior year unavailable
YEM,58e7448290a13497a4a67bd6e589f0903f6faff246b341dea6861a965dc7197c,2018,12,19.732280879252897,available,1.3860724553913961,available
YEM,58e7448290a13497a4a67bd6e589f0903f6faff246b341dea6861a965dc7197c,2019,12,16.835727842605124,available,-14.67926112735044,available
YEM,58e7448290a13497a4a67bd6e589f0903f6faff246b341dea6861a965dc7197c,2020,12,20.884127378848433,available,24.046477669936415,available
YEM,58e7448290a13497a4a67bd6e589f0903f6faff246b341dea6861a965dc7197c,2021,12,15.607241068242303,available,-25.267449364202744,available
YEM,58e7448290a13497a4a67bd6e589f0903f6faff246b341dea6861a965dc7197c,2022,12,16.669985658949336,available,6.809304643019276,available
YEM,58e7448290a13497a4a67bd6e589f0903f6faff246b341dea6861a965dc7197c,2023,12,18.68634621469547,available,12.095754591508268,available
YEM,58e7448290a13497a4a67bd6e589f0903f6faff246b341dea6861a965dc7197c,2024,12,15.545782478470084,available,-16.806729898622752,available
YEM,58e7448290a13497a4a67bd6e589f0903f6faff246b341dea6861a965dc7197c,2025,12,15.507288831453613,available,-0.2476147281089469,available
YEM,58e7448290a13497a4a67bd6e589f0903f6faff246b341dea6861a965dc7197c,2026,6,,requires 12 complete months,,current annual value unavailable
YEM,5ffbf9139cd815b38f7533abd45747b4e05c83499012c9f84afc6536c0bae6c4,2016,7,,requires 12 complete months,,current annual value unavailable
YEM,5ffbf9139cd815b38f7533abd45747b4e05c83499012c9f84afc6536c0bae6c4,2017,12,7.693634150199866,available,,exact complete prior year unavailable
YEM,5ffbf9139cd815b38f7533abd45747b4e05c83499012c9f84afc6536c0bae6c4,2018,12,5.67415159600327,available,-26.248746883085595,available
YEM,5ffbf9139cd815b38f7533abd45747b4e05c83499012c9f84afc6536c0bae6c4,2019,12,4.979882857314127,available,-12.235639583161095,available
YEM,5ffbf9139cd815b38f7533abd45747b4e05c83499012c9f84afc6536c0bae6c4,2020,12,5.170362929782976,available,3.8249910274311683,available
YEM,5ffbf9139cd815b38f7533abd45747b4e05c83499012c9f84afc6536c0bae6c4,2021,12,5.764340386360346,available,11.48811920253927,available
YEM,5ffbf9139cd815b38f7533abd45747b4e05c83499012c9f84afc6536c0bae6c4,2022,12,6.823689583707665,available,18.377630853548553,available
YEM,5ffbf9139cd815b38f7533abd45747b4e05c83499012c9f84afc6536c0bae6c4,2023,12,8.035567729967928,available,17.75986629218538,available
YEM,5ffbf9139cd815b38f7533abd45747b4e05c83499012c9f84afc6536c0bae6c4,2024,5,,requires 12 complete months,,current annual value unavailable
YEM,61dd31403fc2dd3343161f6063aa5f3c0482c133ea3fd031848e77e0d1ffde7a,2016,7,,requires 12 complete months,,current annual value unavailable
YEM,61dd31403fc2dd3343161f6063aa5f3c0482c133ea3fd031848e77e0d1ffde7a,2017,12,18.989882134860462,available,,exact complete prior year unavailable
YEM,61dd31403fc2dd3343161f6063aa5f3c0482c133ea3fd031848e77e0d1ffde7a,2018,12,12.24538350114889,available,-35.51627432868809,available
YEM,61dd31403fc2dd3343161f6063aa5f3c0482c133ea3fd031848e77e0d1ffde7a,2019,12,13.908783458928387,available,13.583894351887249,available
YEM,61dd31403fc2dd3343161f6063aa5f3c0482c133ea3fd031848e77e0d1ffde7a,2020,12,13.391464130385408,available,-3.7193715041332287,available
YEM,61dd31403fc2dd3343161f6063aa5f3c0482c133ea3fd031848e77e0d1ffde7a,2021,12,11.878407477404803,available,-11.298664867775432,available
YEM,61dd31403fc2dd3343161f6063aa5f3c0482c133ea3fd031848e77e0d1ffde7a,2022,12,10.26575166314328,available,-13.57636381248184,available
YEM,61dd31403fc2dd3343161f6063aa5f3c0482c133ea3fd031848e77e0d1ffde7a,2023,12,14.593895249490455,available,42.161000269335716,available
YEM,61dd31403fc2dd3343161f6063aa5f3c0482c133ea3fd031848e77e0d1ffde7a,2024,5,,requires 12 complete months,,current annual value unavailable
YEM,66911de236e2b324d87c8bbffae12d75d4ac1192eb0a72845d0aba5eace1dfcd,2016,7,,requires 12 complete months,,current annual value unavailable
YEM,66911de236e2b324d87c8bbffae12d75d4ac1192eb0a72845d0aba5eace1dfcd,2017,12,16.453730328977986,available,,exact complete prior year unavailable
YEM,66911de236e2b324d87c8bbffae12d75d4ac1192eb0a72845d0aba5eace1dfcd,2018,12,13.09456190475711,available,-20.415847087907924,available
YEM,66911de236e2b324d87c8bbffae12d75d4ac1192eb0a72845d0aba5eace1dfcd,2019,12,13.011613945009113,available,-0.6334534927652902,available
YEM,66911de236e2b324d87c8bbffae12d75d4ac1192eb0a72845d0aba5eace1dfcd,2020,12,12.93216316002788,available,-0.6106143735666869,available
YEM,66911de236e2b324d87c8bbffae12d75d4ac1192eb0a72845d0aba5eace1dfcd,2021,12,13.584503781659624,available,5.044327183004227,available
YEM,66911de236e2b324d87c8bbffae12d75d4ac1192eb0a72845d0aba5eace1dfcd,2022,12,13.362149053889953,available,-1.636826278997927,available
YEM,66911de236e2b324d87c8bbffae12d75d4ac1192eb0a72845d0aba5eace1dfcd,2023,12,15.471480906797346,available,15.785872799355815,available
YEM,66911de236e2b324d87c8bbffae12d75d4ac1192eb0a72845d0aba5eace1dfcd,2024,5,,requires 12 complete months,,current annual value unavailable
YEM,67fc7193a3a9691b233cfaa1d1142ac22401ca089a4a6bc8ddb2e180cfa9e9d0,2016,5,,requires 12 complete months,,current annual value unavailable
YEM,67fc7193a3a9691b233cfaa1d1142ac22401ca089a4a6bc8ddb2e180cfa9e9d0,2017,11,,requires 12 complete months,,current annual value unavailable
YEM,67fc7193a3a9691b233cfaa1d1142ac22401ca089a4a6bc8ddb2e180cfa9e9d0,2018,8,,requires 12 complete months,,current annual value unavailable
YEM,67fc7193a3a9691b233cfaa1d1142ac22401ca089a4a6bc8ddb2e180cfa9e9d0,2019,9,,requires 12 complete months,,current annual value unavailable
YEM,67fc7193a3a9691b233cfaa1d1142ac22401ca089a4a6bc8ddb2e180cfa9e9d0,2020,8,,requires 12 complete months,,current annual value unavailable
YEM,67fc7193a3a9691b233cfaa1d1142ac22401ca089a4a6bc8ddb2e180cfa9e9d0,2021,7,,requires 12 complete months,,current annual value unavailable
YEM,67fc7193a3a9691b233cfaa1d1142ac22401ca089a4a6bc8ddb2e180cfa9e9d0,2022,11,,requires 12 complete months,,current annual value unavailable
YEM,67fc7193a3a9691b233cfaa1d1142ac22401ca089a4a6bc8ddb2e180cfa9e9d0,2023,11,,requires 12 complete months,,current annual value unavailable
YEM,67fc7193a3a9691b233cfaa1d1142ac22401ca089a4a6bc8ddb2e180cfa9e9d0,2024,5,,requires 12 complete months,,current annual value unavailable
YEM,69e54381bcc36e5b503e9c724bd92bf4c9f90bf96fbbbd097671a5d4d18af4f8,2016,7,,requires 12 complete months,,current annual value unavailable
YEM,69e54381bcc36e5b503e9c724bd92bf4c9f90bf96fbbbd097671a5d4d18af4f8,2017,12,12.272600523366805,available,,exact complete prior year unavailable
YEM,69e54381bcc36e5b503e9c724bd92bf4c9f90bf96fbbbd097671a5d4d18af4f8,2018,12,10.299200348963726,available,-16.079723043586082,available
YEM,69e54381bcc36e5b503e9c724bd92bf4c9f90bf96fbbbd097671a5d4d18af4f8,2019,12,10.063940260131623,available,-2.2842558728918605,available
YEM,69e54381bcc36e5b503e9c724bd92bf4c9f90bf96fbbbd097671a5d4d18af4f8,2020,3,,requires 12 complete months,,current annual value unavailable
YEM,6beff9cb18b82886e1d912e8bb84a2113faec29afa57b8ba038b252ba159b86b,2016,7,,requires 12 complete months,,current annual value unavailable
YEM,6beff9cb18b82886e1d912e8bb84a2113faec29afa57b8ba038b252ba159b86b,2017,12,6.207732645631879,available,,exact complete prior year unavailable
YEM,6beff9cb18b82886e1d912e8bb84a2113faec29afa57b8ba038b252ba159b86b,2018,12,4.138317061851755,available,-33.3360938995381,available
YEM,6beff9cb18b82886e1d912e8bb84a2113faec29afa57b8ba038b252ba159b86b,2019,12,3.7632503670301585,available,-9.063266279886406,available
YEM,6beff9cb18b82886e1d912e8bb84a2113faec29afa57b8ba038b252ba159b86b,2020,12,3.9303082261580697,available,4.439190668564219,available
YEM,6beff9cb18b82886e1d912e8bb84a2113faec29afa57b8ba038b252ba159b86b,2021,12,4.988466999301263,available,26.92304807293848,available
YEM,6beff9cb18b82886e1d912e8bb84a2113faec29afa57b8ba038b252ba159b86b,2022,12,5.915012210791314,available,18.573746435925752,available
YEM,6beff9cb18b82886e1d912e8bb84a2113faec29afa57b8ba038b252ba159b86b,2023,12,6.241085229931301,available,5.512634759148938,available
YEM,6beff9cb18b82886e1d912e8bb84a2113faec29afa57b8ba038b252ba159b86b,2024,5,,requires 12 complete months,,current annual value unavailable
YEM,7041fb7dc6e8acf28968ec9e148c8cf6eb4b34935ff684fe333f085637df2b23,2016,7,,requires 12 complete months,,current annual value unavailable
YEM,7041fb7dc6e8acf28968ec9e148c8cf6eb4b34935ff684fe333f085637df2b23,2017,12,5.689412623970851,available,,exact complete prior year unavailable
YEM,7041fb7dc6e8acf28968ec9e148c8cf6eb4b34935ff684fe333f085637df2b23,2018,12,4.175069834863956,available,-26.61685641724433,available
YEM,7041fb7dc6e8acf28968ec9e148c8cf6eb4b34935ff684fe333f085637df2b23,2019,12,4.5093987738864625,available,8.007744834126829,available
YEM,7041fb7dc6e8acf28968ec9e148c8cf6eb4b34935ff684fe333f085637df2b23,2020,12,4.17929066403833,available,-7.320446170335604,available
YEM,7041fb7dc6e8acf28968ec9e148c8cf6eb4b34935ff684fe333f085637df2b23,2021,12,3.7849866362403244,available,-9.434711760799164,available
YEM,7041fb7dc6e8acf28968ec9e148c8cf6eb4b34935ff684fe333f085637df2b23,2022,12,3.4847919389311888,available,-7.931195699209203,available
YEM,7041fb7dc6e8acf28968ec9e148c8cf6eb4b34935ff684fe333f085637df2b23,2023,11,,requires 12 complete months,,current annual value unavailable
YEM,7041fb7dc6e8acf28968ec9e148c8cf6eb4b34935ff684fe333f085637df2b23,2024,12,3.1356544572775964,available,,exact complete prior year unavailable
YEM,7041fb7dc6e8acf28968ec9e148c8cf6eb4b34935ff684fe333f085637df2b23,2025,12,3.9783078902206186,available,26.87328736070689,available
YEM,7041fb7dc6e8acf28968ec9e148c8cf6eb4b34935ff684fe333f085637df2b23,2026,6,,requires 12 complete months,,current annual value unavailable
YEM,778ac7f4940541929572f6127ff74e6c1b0ab88c349eea06a9756a2f32e80ef3,2016,7,,requires 12 complete months,,current annual value unavailable
YEM,778ac7f4940541929572f6127ff74e6c1b0ab88c349eea06a9756a2f32e80ef3,2017,12,17.32463819343801,available,,exact complete prior year unavailable
YEM,778ac7f4940541929572f6127ff74e6c1b0ab88c349eea06a9756a2f32e80ef3,2018,12,14.614943764995823,available,-15.640698513799423,available
YEM,778ac7f4940541929572f6127ff74e6c1b0ab88c349eea06a9756a2f32e80ef3,2019,12,15.210422474884,available,4.074450914511241,available
YEM,778ac7f4940541929572f6127ff74e6c1b0ab88c349eea06a9756a2f32e80ef3,2020,12,20.073715234662078,available,31.97342327478756,available
YEM,778ac7f4940541929572f6127ff74e6c1b0ab88c349eea06a9756a2f32e80ef3,2021,12,35.457381006746445,available,76.63586731329526,available
YEM,778ac7f4940541929572f6127ff74e6c1b0ab88c349eea06a9756a2f32e80ef3,2022,12,26.013539485344115,available,-26.634345947901394,available
YEM,778ac7f4940541929572f6127ff74e6c1b0ab88c349eea06a9756a2f32e80ef3,2023,12,30.213649872856713,available,16.145862772264863,available
YEM,778ac7f4940541929572f6127ff74e6c1b0ab88c349eea06a9756a2f32e80ef3,2024,5,,requires 12 complete months,,current annual value unavailable
YEM,779c6c996f3a40607694965a4ce1bd9ff7fbefece79807989a22b45808a5b064,2016,7,,requires 12 complete months,,current annual value unavailable
YEM,779c6c996f3a40607694965a4ce1bd9ff7fbefece79807989a22b45808a5b064,2017,12,6.4613876795816045,available,,exact complete prior year unavailable
YEM,779c6c996f3a40607694965a4ce1bd9ff7fbefece79807989a22b45808a5b064,2018,12,4.562773968987816,available,-29.38399311023433,available
YEM,779c6c996f3a40607694965a4ce1bd9ff7fbefece79807989a22b45808a5b064,2019,12,4.921743550832663,available,7.867354032539975,available
YEM,779c6c996f3a40607694965a4ce1bd9ff7fbefece79807989a22b45808a5b064,2020,12,6.409537548881602,available,30.229002845896602,available
YEM,779c6c996f3a40607694965a4ce1bd9ff7fbefece79807989a22b45808a5b064,2021,12,11.979330088296216,available,86.89850861996253,available
YEM,779c6c996f3a40607694965a4ce1bd9ff7fbefece79807989a22b45808a5b064,2022,12,12.556339690994056,available,4.816710103527222,available
YEM,779c6c996f3a40607694965a4ce1bd9ff7fbefece79807989a22b45808a5b064,2023,12,12.465663277377482,available,-0.722156423353304,available
YEM,779c6c996f3a40607694965a4ce1bd9ff7fbefece79807989a22b45808a5b064,2024,5,,requires 12 complete months,,current annual value unavailable
YEM,780863bdaf3fd70c7ef6bc1a2e51642853056e8359cd880b6e676194688b527f,2016,7,,requires 12 complete months,,current annual value unavailable
YEM,780863bdaf3fd70c7ef6bc1a2e51642853056e8359cd880b6e676194688b527f,2017,12,7.42011618981856,available,,exact complete prior year unavailable
YEM,780863bdaf3fd70c7ef6bc1a2e51642853056e8359cd880b6e676194688b527f,2018,12,8.50326095751565,available,14.597409797751105,available
YEM,780863bdaf3fd70c7ef6bc1a2e51642853056e8359cd880b6e676194688b527f,2019,10,,requires 12 complete months,,current annual value unavailable
YEM,780863bdaf3fd70c7ef6bc1a2e51642853056e8359cd880b6e676194688b527f,2020,10,,requires 12 complete months,,current annual value unavailable
YEM,780863bdaf3fd70c7ef6bc1a2e51642853056e8359cd880b6e676194688b527f,2021,12,6.573955291121646,available,,exact complete prior year unavailable
YEM,780863bdaf3fd70c7ef6bc1a2e51642853056e8359cd880b6e676194688b527f,2022,3,,requires 12 complete months,,current annual value unavailable
YEM,7984fbd37bb0e6d34d8ab7b48cc2b4b31a6b00909b4b9688f73add28b99f9a1d,2016,7,,requires 12 complete months,,current annual value unavailable
YEM,7984fbd37bb0e6d34d8ab7b48cc2b4b31a6b00909b4b9688f73add28b99f9a1d,2017,12,14.96424304659986,available,,exact complete prior year unavailable
YEM,7984fbd37bb0e6d34d8ab7b48cc2b4b31a6b00909b4b9688f73add28b99f9a1d,2018,12,10.860920503165133,available,-27.42084935841158,available
YEM,7984fbd37bb0e6d34d8ab7b48cc2b4b31a6b00909b4b9688f73add28b99f9a1d,2019,12,9.004794850048476,available,-17.08994787850382,available
YEM,7984fbd37bb0e6d34d8ab7b48cc2b4b31a6b00909b4b9688f73add28b99f9a1d,2020,12,15.180391984346652,available,68.58120853541634,available
YEM,7984fbd37bb0e6d34d8ab7b48cc2b4b31a6b00909b4b9688f73add28b99f9a1d,2021,12,16.82803806034562,available,10.853778200839258,available
YEM,7984fbd37bb0e6d34d8ab7b48cc2b4b31a6b00909b4b9688f73add28b99f9a1d,2022,12,14.66292369921104,available,-12.866112813451236,available
YEM,7984fbd37bb0e6d34d8ab7b48cc2b4b31a6b00909b4b9688f73add28b99f9a1d,2023,12,17.827897004566342,available,21.584871955144912,available
YEM,7984fbd37bb0e6d34d8ab7b48cc2b4b31a6b00909b4b9688f73add28b99f9a1d,2024,5,,requires 12 complete months,,current annual value unavailable
YEM,855b95720a28db8b5d4c3593afda947e4e606ec4bfbc38f3c0615d5cb7683dd4,2016,7,,requires 12 complete months,,current annual value unavailable
YEM,855b95720a28db8b5d4c3593afda947e4e606ec4bfbc38f3c0615d5cb7683dd4,2017,12,17.082116764474538,available,,exact complete prior year unavailable
YEM,855b95720a28db8b5d4c3593afda947e4e606ec4bfbc38f3c0615d5cb7683dd4,2018,12,11.884287679273156,available,-30.4284835238408,available
YEM,855b95720a28db8b5d4c3593afda947e4e606ec4bfbc38f3c0615d5cb7683dd4,2019,12,14.479229588836867,available,21.83506474762835,available
YEM,855b95720a28db8b5d4c3593afda947e4e606ec4bfbc38f3c0615d5cb7683dd4,2020,12,16.77180254780295,available,15.83352860661591,available
YEM,855b95720a28db8b5d4c3593afda947e4e606ec4bfbc38f3c0615d5cb7683dd4,2021,12,24.731632415276582,available,47.459596813082825,available
YEM,855b95720a28db8b5d4c3593afda947e4e606ec4bfbc38f3c0615d5cb7683dd4,2022,12,18.137776295571815,available,-26.66162915971443,available
YEM,855b95720a28db8b5d4c3593afda947e4e606ec4bfbc38f3c0615d5cb7683dd4,2023,12,23.03551288016346,available,27.00296058777274,available
YEM,855b95720a28db8b5d4c3593afda947e4e606ec4bfbc38f3c0615d5cb7683dd4,2024,5,,requires 12 complete months,,current annual value unavailable
YEM,882d061aac7580730f18197fc1248d29b5619ba55f5e44a11109aa9e0dd6c902,2016,7,,requires 12 complete months,,current annual value unavailable
YEM,882d061aac7580730f18197fc1248d29b5619ba55f5e44a11109aa9e0dd6c902,2017,11,,requires 12 complete months,,current annual value unavailable
YEM,882d061aac7580730f18197fc1248d29b5619ba55f5e44a11109aa9e0dd6c902,2018,12,13.821184398017095,available,,exact complete prior year unavailable
YEM,882d061aac7580730f18197fc1248d29b5619ba55f5e44a11109aa9e0dd6c902,2019,11,,requires 12 complete months,,current annual value unavailable
YEM,882d061aac7580730f18197fc1248d29b5619ba55f5e44a11109aa9e0dd6c902,2020,12,13.570616442462077,available,,exact complete prior year unavailable
YEM,882d061aac7580730f18197fc1248d29b5619ba55f5e44a11109aa9e0dd6c902,2021,10,,requires 12 complete months,,current annual value unavailable
YEM,882d061aac7580730f18197fc1248d29b5619ba55f5e44a11109aa9e0dd6c902,2022,12,11.756914689515677,available,,exact complete prior year unavailable
YEM,882d061aac7580730f18197fc1248d29b5619ba55f5e44a11109aa9e0dd6c902,2023,11,,requires 12 complete months,,current annual value unavailable
YEM,882d061aac7580730f18197fc1248d29b5619ba55f5e44a11109aa9e0dd6c902,2024,5,,requires 12 complete months,,current annual value unavailable
YEM,8919523eaffd87fa540642efb130a33d13eec1df055fce566b51835cd52279b3,2016,7,,requires 12 complete months,,current annual value unavailable
YEM,8919523eaffd87fa540642efb130a33d13eec1df055fce566b51835cd52279b3,2017,12,23.383790994441192,available,,exact complete prior year unavailable
YEM,8919523eaffd87fa540642efb130a33d13eec1df055fce566b51835cd52279b3,2018,12,18.274354365966715,available,-21.850334831033578,available
YEM,8919523eaffd87fa540642efb130a33d13eec1df055fce566b51835cd52279b3,2019,12,18.206775095581687,available,-0.3698038739518239,available
YEM,8919523eaffd87fa540642efb130a33d13eec1df055fce566b51835cd52279b3,2020,12,23.41607525484403,available,28.611877347386503,available
YEM,8919523eaffd87fa540642efb130a33d13eec1df055fce566b51835cd52279b3,2021,11,,requires 12 complete months,,current annual value unavailable
YEM,8919523eaffd87fa540642efb130a33d13eec1df055fce566b51835cd52279b3,2022,11,,requires 12 complete months,,current annual value unavailable
YEM,8919523eaffd87fa540642efb130a33d13eec1df055fce566b51835cd52279b3,2023,12,16.51810815828616,available,,exact complete prior year unavailable
YEM,8919523eaffd87fa540642efb130a33d13eec1df055fce566b51835cd52279b3,2024,12,20.35389095423746,available,23.221683495437784,available
YEM,8919523eaffd87fa540642efb130a33d13eec1df055fce566b51835cd52279b3,2025,11,,requires 12 complete months,,current annual value unavailable
YEM,8919523eaffd87fa540642efb130a33d13eec1df055fce566b51835cd52279b3,2026,6,,requires 12 complete months,,current annual value unavailable
YEM,895178c6e8db56bfe89c0e3008bca06b58ac5befee97cb4dde556d8f2f3b8cb9,2016,7,,requires 12 complete months,,current annual value unavailable
YEM,895178c6e8db56bfe89c0e3008bca06b58ac5befee97cb4dde556d8f2f3b8cb9,2017,10,,requires 12 complete months,,current annual value unavailable
YEM,895178c6e8db56bfe89c0e3008bca06b58ac5befee97cb4dde556d8f2f3b8cb9,2018,11,,requires 12 complete months,,current annual value unavailable
YEM,895178c6e8db56bfe89c0e3008bca06b58ac5befee97cb4dde556d8f2f3b8cb9,2019,12,3.5572040971301555,available,,exact complete prior year unavailable
YEM,895178c6e8db56bfe89c0e3008bca06b58ac5befee97cb4dde556d8f2f3b8cb9,2020,10,,requires 12 complete months,,current annual value unavailable
YEM,895178c6e8db56bfe89c0e3008bca06b58ac5befee97cb4dde556d8f2f3b8cb9,2021,9,,requires 12 complete months,,current annual value unavailable
YEM,895178c6e8db56bfe89c0e3008bca06b58ac5befee97cb4dde556d8f2f3b8cb9,2022,12,4.9668154676313305,available,,exact complete prior year unavailable
YEM,895178c6e8db56bfe89c0e3008bca06b58ac5befee97cb4dde556d8f2f3b8cb9,2023,11,,requires 12 complete months,,current annual value unavailable
YEM,895178c6e8db56bfe89c0e3008bca06b58ac5befee97cb4dde556d8f2f3b8cb9,2024,5,,requires 12 complete months,,current annual value unavailable
YEM,89da5a1f3f40ebbed59ef706eab2d26592a4db17045501ebcc50617a2e9d2e4f,2016,7,,requires 12 complete months,,current annual value unavailable
YEM,89da5a1f3f40ebbed59ef706eab2d26592a4db17045501ebcc50617a2e9d2e4f,2017,12,14.143080428726657,available,,exact complete prior year unavailable
YEM,89da5a1f3f40ebbed59ef706eab2d26592a4db17045501ebcc50617a2e9d2e4f,2018,12,11.859167109615802,available,-16.148627101574665,available
YEM,89da5a1f3f40ebbed59ef706eab2d26592a4db17045501ebcc50617a2e9d2e4f,2019,7,,requires 12 complete months,,current annual value unavailable
YEM,89da5a1f3f40ebbed59ef706eab2d26592a4db17045501ebcc50617a2e9d2e4f,2020,10,,requires 12 complete months,,current annual value unavailable
YEM,89da5a1f3f40ebbed59ef706eab2d26592a4db17045501ebcc50617a2e9d2e4f,2021,12,27.20757551731802,available,,exact complete prior year unavailable
YEM,89da5a1f3f40ebbed59ef706eab2d26592a4db17045501ebcc50617a2e9d2e4f,2022,3,,requires 12 complete months,,current annual value unavailable
YEM,910efac259b64034dfa52b6f97bf4905ba68c2f0c252759dfafa82cc1846693a,2016,6,,requires 12 complete months,,current annual value unavailable
YEM,910efac259b64034dfa52b6f97bf4905ba68c2f0c252759dfafa82cc1846693a,2017,12,12.341141914625881,available,,exact complete prior year unavailable
YEM,910efac259b64034dfa52b6f97bf4905ba68c2f0c252759dfafa82cc1846693a,2018,8,,requires 12 complete months,,current annual value unavailable
YEM,910efac259b64034dfa52b6f97bf4905ba68c2f0c252759dfafa82cc1846693a,2020,9,,requires 12 complete months,,current annual value unavailable
YEM,910efac259b64034dfa52b6f97bf4905ba68c2f0c252759dfafa82cc1846693a,2021,12,15.061391292261849,available,,exact complete prior year unavailable
YEM,910efac259b64034dfa52b6f97bf4905ba68c2f0c252759dfafa82cc1846693a,2022,12,14.449222046383383,available,-4.06449333929052,available
YEM,910efac259b64034dfa52b6f97bf4905ba68c2f0c252759dfafa82cc1846693a,2023,12,21.948535089760377,available,51.90115439643381,available
YEM,910efac259b64034dfa52b6f97bf4905ba68c2f0c252759dfafa82cc1846693a,2024,5,,requires 12 complete months,,current annual value unavailable
YEM,927ba1e25eb41b6abae03491f756a950d034516a1c693b165e388ffad861f161,2016,6,,requires 12 complete months,,current annual value unavailable
YEM,927ba1e25eb41b6abae03491f756a950d034516a1c693b165e388ffad861f161,2017,12,13.013014725886933,available,,exact complete prior year unavailable
YEM,927ba1e25eb41b6abae03491f756a950d034516a1c693b165e388ffad861f161,2018,10,,requires 12 complete months,,current annual value unavailable
YEM,927ba1e25eb41b6abae03491f756a950d034516a1c693b165e388ffad861f161,2019,12,15.78043509884796,available,,exact complete prior year unavailable
YEM,927ba1e25eb41b6abae03491f756a950d034516a1c693b165e388ffad861f161,2020,12,11.6384818016813,available,-26.247396039599955,available
YEM,927ba1e25eb41b6abae03491f756a950d034516a1c693b165e388ffad861f161,2021,11,,requires 12 complete months,,current annual value unavailable
YEM,927ba1e25eb41b6abae03491f756a950d034516a1c693b165e388ffad861f161,2022,12,7.041524158760354,available,,exact complete prior year unavailable
YEM,927ba1e25eb41b6abae03491f756a950d034516a1c693b165e388ffad861f161,2023,11,,requires 12 complete months,,current annual value unavailable
YEM,927ba1e25eb41b6abae03491f756a950d034516a1c693b165e388ffad861f161,2024,12,11.647055900442123,available,,exact complete prior year unavailable
YEM,927ba1e25eb41b6abae03491f756a950d034516a1c693b165e388ffad861f161,2025,12,10.601775398354304,available,-8.97463282586408,available
YEM,927ba1e25eb41b6abae03491f756a950d034516a1c693b165e388ffad861f161,2026,4,,requires 12 complete months,,current annual value unavailable
YEM,94bc2aad2cd994b97baf3149387c9dcd97c285f05c96ae2e3ffc14a14589902e,2016,7,,requires 12 complete months,,current annual value unavailable
YEM,94bc2aad2cd994b97baf3149387c9dcd97c285f05c96ae2e3ffc14a14589902e,2017,12,6.260532740735666,available,,exact complete prior year unavailable
YEM,94bc2aad2cd994b97baf3149387c9dcd97c285f05c96ae2e3ffc14a14589902e,2018,12,3.232395744758367,available,-48.36867917444143,available
YEM,94bc2aad2cd994b97baf3149387c9dcd97c285f05c96ae2e3ffc14a14589902e,2019,12,2.775301537345983,available,-14.141034808426689,available
YEM,94bc2aad2cd994b97baf3149387c9dcd97c285f05c96ae2e3ffc14a14589902e,2020,12,3.360600505327954,available,21.089563065701732,available
YEM,94bc2aad2cd994b97baf3149387c9dcd97c285f05c96ae2e3ffc14a14589902e,2021,11,,requires 12 complete months,,current annual value unavailable
YEM,94bc2aad2cd994b97baf3149387c9dcd97c285f05c96ae2e3ffc14a14589902e,2022,11,,requires 12 complete months,,current annual value unavailable
YEM,94bc2aad2cd994b97baf3149387c9dcd97c285f05c96ae2e3ffc14a14589902e,2023,12,4.589211515342461,available,,exact complete prior year unavailable
YEM,94bc2aad2cd994b97baf3149387c9dcd97c285f05c96ae2e3ffc14a14589902e,2024,12,3.8248857653370143,available,-16.654838144857443,available
YEM,94bc2aad2cd994b97baf3149387c9dcd97c285f05c96ae2e3ffc14a14589902e,2025,11,,requires 12 complete months,,current annual value unavailable
YEM,94bc2aad2cd994b97baf3149387c9dcd97c285f05c96ae2e3ffc14a14589902e,2026,6,,requires 12 complete months,,current annual value unavailable
YEM,9b9c532a9c4f529f7c78ae090f1f51d393a87df72db224e489a981654da9070f,2016,7,,requires 12 complete months,,current annual value unavailable
YEM,9b9c532a9c4f529f7c78ae090f1f51d393a87df72db224e489a981654da9070f,2017,12,6.970842119034476,available,,exact complete prior year unavailable
YEM,9b9c532a9c4f529f7c78ae090f1f51d393a87df72db224e489a981654da9070f,2018,12,6.012550563358183,available,-13.747141870558167,available
YEM,9b9c532a9c4f529f7c78ae090f1f51d393a87df72db224e489a981654da9070f,2019,12,6.293146700498195,available,4.66684037303613,available
YEM,9b9c532a9c4f529f7c78ae090f1f51d393a87df72db224e489a981654da9070f,2020,12,6.914555187953249,available,9.87436837291369,available
YEM,9b9c532a9c4f529f7c78ae090f1f51d393a87df72db224e489a981654da9070f,2021,12,6.099176262268155,available,-11.792210829493023,available
YEM,9b9c532a9c4f529f7c78ae090f1f51d393a87df72db224e489a981654da9070f,2022,12,7.437603975159388,available,21.94440126564732,available
YEM,9b9c532a9c4f529f7c78ae090f1f51d393a87df72db224e489a981654da9070f,2023,12,6.948190247975398,available,-6.580260643327707,available
YEM,9b9c532a9c4f529f7c78ae090f1f51d393a87df72db224e489a981654da9070f,2024,12,6.497390315848408,available,-6.488019412801005,available
YEM,9b9c532a9c4f529f7c78ae090f1f51d393a87df72db224e489a981654da9070f,2025,12,5.517552558923512,available,-15.080481690239234,available
YEM,9b9c532a9c4f529f7c78ae090f1f51d393a87df72db224e489a981654da9070f,2026,6,,requires 12 complete months,,current annual value unavailable
YEM,9d0bf92c1ddc1707fc7ee82a8043a8218d3c099001599be1c9ad60843628a1c5,2016,7,,requires 12 complete months,,current annual value unavailable
YEM,9d0bf92c1ddc1707fc7ee82a8043a8218d3c099001599be1c9ad60843628a1c5,2017,12,21.837677462444507,available,,exact complete prior year unavailable
YEM,9d0bf92c1ddc1707fc7ee82a8043a8218d3c099001599be1c9ad60843628a1c5,2018,12,15.653374127467607,available,-28.319418791730012,available
YEM,9d0bf92c1ddc1707fc7ee82a8043a8218d3c099001599be1c9ad60843628a1c5,2019,12,14.166715864081327,available,-9.497366199007418,available
YEM,9d0bf92c1ddc1707fc7ee82a8043a8218d3c099001599be1c9ad60843628a1c5,2020,12,19.12334743249217,available,34.98786603730806,available
YEM,9d0bf92c1ddc1707fc7ee82a8043a8218d3c099001599be1c9ad60843628a1c5,2021,12,22.832823208346326,available,19.397627894117765,available
YEM,9d0bf92c1ddc1707fc7ee82a8043a8218d3c099001599be1c9ad60843628a1c5,2022,12,17.610163890533773,available,-22.873471537691657,available
YEM,9d0bf92c1ddc1707fc7ee82a8043a8218d3c099001599be1c9ad60843628a1c5,2023,1,,requires 12 complete months,,current annual value unavailable
YEM,9d0bf92c1ddc1707fc7ee82a8043a8218d3c099001599be1c9ad60843628a1c5,2024,5,,requires 12 complete months,,current annual value unavailable
YEM,9e8a64642069d9e9021178daa84dce335adb6f3c9832c85de0bc751648d87158,2016,7,,requires 12 complete months,,current annual value unavailable
YEM,9e8a64642069d9e9021178daa84dce335adb6f3c9832c85de0bc751648d87158,2017,11,,requires 12 complete months,,current annual value unavailable
YEM,9e8a64642069d9e9021178daa84dce335adb6f3c9832c85de0bc751648d87158,2018,11,,requires 12 complete months,,current annual value unavailable
YEM,9e8a64642069d9e9021178daa84dce335adb6f3c9832c85de0bc751648d87158,2019,10,,requires 12 complete months,,current annual value unavailable
YEM,9e8a64642069d9e9021178daa84dce335adb6f3c9832c85de0bc751648d87158,2020,11,,requires 12 complete months,,current annual value unavailable
YEM,9e8a64642069d9e9021178daa84dce335adb6f3c9832c85de0bc751648d87158,2021,10,,requires 12 complete months,,current annual value unavailable
YEM,9e8a64642069d9e9021178daa84dce335adb6f3c9832c85de0bc751648d87158,2022,12,15.292414633899643,available,,exact complete prior year unavailable
YEM,9e8a64642069d9e9021178daa84dce335adb6f3c9832c85de0bc751648d87158,2023,1,,requires 12 complete months,,current annual value unavailable
YEM,9e8a64642069d9e9021178daa84dce335adb6f3c9832c85de0bc751648d87158,2024,5,,requires 12 complete months,,current annual value unavailable
YEM,9eab3417088c4e8b4532ab13be80da446ec52dd69262c062c3caf0ea40fbb2f5,2016,7,,requires 12 complete months,,current annual value unavailable
YEM,9eab3417088c4e8b4532ab13be80da446ec52dd69262c062c3caf0ea40fbb2f5,2017,9,,requires 12 complete months,,current annual value unavailable
YEM,9eab3417088c4e8b4532ab13be80da446ec52dd69262c062c3caf0ea40fbb2f5,2018,11,,requires 12 complete months,,current annual value unavailable
YEM,9eab3417088c4e8b4532ab13be80da446ec52dd69262c062c3caf0ea40fbb2f5,2019,11,,requires 12 complete months,,current annual value unavailable
YEM,9eab3417088c4e8b4532ab13be80da446ec52dd69262c062c3caf0ea40fbb2f5,2020,8,,requires 12 complete months,,current annual value unavailable
YEM,9eab3417088c4e8b4532ab13be80da446ec52dd69262c062c3caf0ea40fbb2f5,2021,9,,requires 12 complete months,,current annual value unavailable
YEM,9eab3417088c4e8b4532ab13be80da446ec52dd69262c062c3caf0ea40fbb2f5,2022,9,,requires 12 complete months,,current annual value unavailable
YEM,9eab3417088c4e8b4532ab13be80da446ec52dd69262c062c3caf0ea40fbb2f5,2023,9,,requires 12 complete months,,current annual value unavailable
YEM,9eab3417088c4e8b4532ab13be80da446ec52dd69262c062c3caf0ea40fbb2f5,2024,5,,requires 12 complete months,,current annual value unavailable
YEM,a4fb1e55bf917f7955f73b60740e510e720dc4c37061b295a40c33fc035af37e,2016,7,,requires 12 complete months,,current annual value unavailable
YEM,a4fb1e55bf917f7955f73b60740e510e720dc4c37061b295a40c33fc035af37e,2017,12,17.87426170521947,available,,exact complete prior year unavailable
YEM,a4fb1e55bf917f7955f73b60740e510e720dc4c37061b295a40c33fc035af37e,2018,12,13.448721396108095,available,-24.75929010158261,available
YEM,a4fb1e55bf917f7955f73b60740e510e720dc4c37061b295a40c33fc035af37e,2019,12,12.678844259887446,available,-5.7245377723672775,available
YEM,a4fb1e55bf917f7955f73b60740e510e720dc4c37061b295a40c33fc035af37e,2020,12,14.222914522930216,available,12.17832029002679,available
YEM,a4fb1e55bf917f7955f73b60740e510e720dc4c37061b295a40c33fc035af37e,2021,12,11.123396873350393,available,-21.79242267527358,available
YEM,a4fb1e55bf917f7955f73b60740e510e720dc4c37061b295a40c33fc035af37e,2022,12,9.921196379381499,available,-10.807854000508998,available
YEM,a4fb1e55bf917f7955f73b60740e510e720dc4c37061b295a40c33fc035af37e,2023,12,12.300515225963304,available,23.9821767012552,available
YEM,a4fb1e55bf917f7955f73b60740e510e720dc4c37061b295a40c33fc035af37e,2024,5,,requires 12 complete months,,current annual value unavailable
YEM,a66a9ec7f9049aad80f2926d64bab5fd617fe54b1fa1f3cc2438f323a161bce0,2016,7,,requires 12 complete months,,current annual value unavailable
YEM,a66a9ec7f9049aad80f2926d64bab5fd617fe54b1fa1f3cc2438f323a161bce0,2017,12,16.80408009581813,available,,exact complete prior year unavailable
YEM,a66a9ec7f9049aad80f2926d64bab5fd617fe54b1fa1f3cc2438f323a161bce0,2018,12,10.447952915730855,available,-37.824904093792455,available
YEM,a66a9ec7f9049aad80f2926d64bab5fd617fe54b1fa1f3cc2438f323a161bce0,2019,12,9.34534733438698,available,-10.553316905589682,available
YEM,a66a9ec7f9049aad80f2926d64bab5fd617fe54b1fa1f3cc2438f323a161bce0,2020,12,9.498802177973928,available,1.6420453739830254,available
YEM,a66a9ec7f9049aad80f2926d64bab5fd617fe54b1fa1f3cc2438f323a161bce0,2021,12,13.866571860120981,available,45.982320721186845,available
YEM,a66a9ec7f9049aad80f2926d64bab5fd617fe54b1fa1f3cc2438f323a161bce0,2022,12,11.18953966154547,available,-19.3056526557542,available
YEM,a66a9ec7f9049aad80f2926d64bab5fd617fe54b1fa1f3cc2438f323a161bce0,2023,12,11.230020290854128,available,0.3617720704612637,available
YEM,a66a9ec7f9049aad80f2926d64bab5fd617fe54b1fa1f3cc2438f323a161bce0,2024,12,10.522402441107076,available,-6.301127080984392,available
YEM,a66a9ec7f9049aad80f2926d64bab5fd617fe54b1fa1f3cc2438f323a161bce0,2025,12,10.102260358329923,available,-3.992834194744488,available
YEM,a66a9ec7f9049aad80f2926d64bab5fd617fe54b1fa1f3cc2438f323a161bce0,2026,6,,requires 12 complete months,,current annual value unavailable
YEM,b58174cd21f3df2e03dfac67905fccb4eaeb657cbf85179f3b002a2050429ee9,2016,7,,requires 12 complete months,,current annual value unavailable
YEM,b58174cd21f3df2e03dfac67905fccb4eaeb657cbf85179f3b002a2050429ee9,2017,12,14.35796742134186,available,,exact complete prior year unavailable
YEM,b58174cd21f3df2e03dfac67905fccb4eaeb657cbf85179f3b002a2050429ee9,2018,12,10.119424542932956,available,-29.520493772041036,available
YEM,b58174cd21f3df2e03dfac67905fccb4eaeb657cbf85179f3b002a2050429ee9,2019,10,,requires 12 complete months,,current annual value unavailable
YEM,b58174cd21f3df2e03dfac67905fccb4eaeb657cbf85179f3b002a2050429ee9,2020,10,,requires 12 complete months,,current annual value unavailable
YEM,b58174cd21f3df2e03dfac67905fccb4eaeb657cbf85179f3b002a2050429ee9,2021,6,,requires 12 complete months,,current annual value unavailable
YEM,b8269c7696853feb3e447982112e6dc795534ea8c1c19b716680eddbc3374169,2016,7,,requires 12 complete months,,current annual value unavailable
YEM,b8269c7696853feb3e447982112e6dc795534ea8c1c19b716680eddbc3374169,2017,12,7.954212706952903,available,,exact complete prior year unavailable
YEM,b8269c7696853feb3e447982112e6dc795534ea8c1c19b716680eddbc3374169,2018,12,5.380034349464593,available,-32.36245310913274,available
YEM,b8269c7696853feb3e447982112e6dc795534ea8c1c19b716680eddbc3374169,2019,12,8.533182882242361,available,58.608334593468946,available
YEM,b8269c7696853feb3e447982112e6dc795534ea8c1c19b716680eddbc3374169,2020,12,9.646799886412131,available,13.050429359567794,available
YEM,b8269c7696853feb3e447982112e6dc795534ea8c1c19b716680eddbc3374169,2021,12,9.123090792679562,available,-5.428837540936571,available
YEM,b8269c7696853feb3e447982112e6dc795534ea8c1c19b716680eddbc3374169,2022,12,7.524945084904469,available,-17.517590738628375,available
YEM,b8269c7696853feb3e447982112e6dc795534ea8c1c19b716680eddbc3374169,2023,12,6.713544927488858,available,-10.782805033930853,available
YEM,b8269c7696853feb3e447982112e6dc795534ea8c1c19b716680eddbc3374169,2024,12,7.657428903292185,available,14.059397620749658,available
YEM,b8269c7696853feb3e447982112e6dc795534ea8c1c19b716680eddbc3374169,2025,12,7.174981928882541,available,-6.300378109971405,available
YEM,b8269c7696853feb3e447982112e6dc795534ea8c1c19b716680eddbc3374169,2026,6,,requires 12 complete months,,current annual value unavailable
YEM,bb3998453cb4c597f548c71c0615ea395a5f8ccc6b9e72a0c2ed911f48b46308,2016,7,,requires 12 complete months,,current annual value unavailable
YEM,bb3998453cb4c597f548c71c0615ea395a5f8ccc6b9e72a0c2ed911f48b46308,2017,12,19.43601807632645,available,,exact complete prior year unavailable
YEM,bb3998453cb4c597f548c71c0615ea395a5f8ccc6b9e72a0c2ed911f48b46308,2018,12,13.979518832799087,available,-28.07416221830702,available
YEM,bb3998453cb4c597f548c71c0615ea395a5f8ccc6b9e72a0c2ed911f48b46308,2019,12,13.483324336729387,available,-3.5494390186414426,available
YEM,bb3998453cb4c597f548c71c0615ea395a5f8ccc6b9e72a0c2ed911f48b46308,2020,12,15.331576971815965,available,13.70769247203989,available
YEM,bb3998453cb4c597f548c71c0615ea395a5f8ccc6b9e72a0c2ed911f48b46308,2021,12,17.686539253351828,available,15.360209102201239,available
YEM,bb3998453cb4c597f548c71c0615ea395a5f8ccc6b9e72a0c2ed911f48b46308,2022,12,16.882600550832176,available,-4.545483381477777,available
YEM,bb3998453cb4c597f548c71c0615ea395a5f8ccc6b9e72a0c2ed911f48b46308,2023,12,18.644296371303643,available,10.434978990156996,available
YEM,bb3998453cb4c597f548c71c0615ea395a5f8ccc6b9e72a0c2ed911f48b46308,2024,5,,requires 12 complete months,,current annual value unavailable
YEM,bec67c279890cd8efee6d4c57915c3c688cd5502cb20c6762dec95ea3b5883b2,2016,4,,requires 12 complete months,,current annual value unavailable
YEM,bec67c279890cd8efee6d4c57915c3c688cd5502cb20c6762dec95ea3b5883b2,2017,10,,requires 12 complete months,,current annual value unavailable
YEM,bec67c279890cd8efee6d4c57915c3c688cd5502cb20c6762dec95ea3b5883b2,2018,9,,requires 12 complete months,,current annual value unavailable
YEM,bec67c279890cd8efee6d4c57915c3c688cd5502cb20c6762dec95ea3b5883b2,2019,9,,requires 12 complete months,,current annual value unavailable
YEM,bec67c279890cd8efee6d4c57915c3c688cd5502cb20c6762dec95ea3b5883b2,2020,11,,requires 12 complete months,,current annual value unavailable
YEM,bec67c279890cd8efee6d4c57915c3c688cd5502cb20c6762dec95ea3b5883b2,2021,10,,requires 12 complete months,,current annual value unavailable
YEM,bec67c279890cd8efee6d4c57915c3c688cd5502cb20c6762dec95ea3b5883b2,2022,11,,requires 12 complete months,,current annual value unavailable
YEM,bec67c279890cd8efee6d4c57915c3c688cd5502cb20c6762dec95ea3b5883b2,2023,9,,requires 12 complete months,,current annual value unavailable
YEM,bec67c279890cd8efee6d4c57915c3c688cd5502cb20c6762dec95ea3b5883b2,2024,5,,requires 12 complete months,,current annual value unavailable
YEM,bfbb9500cd4bec62119701fad9658d4e02bf71b5391e2d9e03cd4a6b88da3e2c,2016,7,,requires 12 complete months,,current annual value unavailable
YEM,bfbb9500cd4bec62119701fad9658d4e02bf71b5391e2d9e03cd4a6b88da3e2c,2017,12,23.405549377400725,available,,exact complete prior year unavailable
YEM,bfbb9500cd4bec62119701fad9658d4e02bf71b5391e2d9e03cd4a6b88da3e2c,2018,12,20.750270926639708,available,-11.344653389442872,available
YEM,bfbb9500cd4bec62119701fad9658d4e02bf71b5391e2d9e03cd4a6b88da3e2c,2019,12,18.728024856845295,available,-9.745636945868519,available
YEM,bfbb9500cd4bec62119701fad9658d4e02bf71b5391e2d9e03cd4a6b88da3e2c,2020,12,20.83104214733512,available,11.229252986179961,available
YEM,bfbb9500cd4bec62119701fad9658d4e02bf71b5391e2d9e03cd4a6b88da3e2c,2021,12,17.723122204251638,available,-14.919656544793035,available
YEM,bfbb9500cd4bec62119701fad9658d4e02bf71b5391e2d9e03cd4a6b88da3e2c,2022,12,14.974660005027555,available,-15.507776607017632,available
YEM,bfbb9500cd4bec62119701fad9658d4e02bf71b5391e2d9e03cd4a6b88da3e2c,2023,12,13.118360443715238,available,-12.396271839821992,available
YEM,bfbb9500cd4bec62119701fad9658d4e02bf71b5391e2d9e03cd4a6b88da3e2c,2024,12,13.223012998668201,available,0.7977563614140593,available
YEM,bfbb9500cd4bec62119701fad9658d4e02bf71b5391e2d9e03cd4a6b88da3e2c,2025,12,13.241553032980775,available,0.14021036139373333,available
YEM,bfbb9500cd4bec62119701fad9658d4e02bf71b5391e2d9e03cd4a6b88da3e2c,2026,6,,requires 12 complete months,,current annual value unavailable
YEM,c41703deb4e75c76045d144bf3333b9f1f372499dde18b545a42566a8752b92b,2016,7,,requires 12 complete months,,current annual value unavailable
YEM,c41703deb4e75c76045d144bf3333b9f1f372499dde18b545a42566a8752b92b,2017,12,9.090129849274474,available,,exact complete prior year unavailable
YEM,c41703deb4e75c76045d144bf3333b9f1f372499dde18b545a42566a8752b92b,2018,12,8.221295226352627,available,-9.558000131221366,available
YEM,c41703deb4e75c76045d144bf3333b9f1f372499dde18b545a42566a8752b92b,2019,12,7.5135372694015885,available,-8.608837627949228,available
YEM,c41703deb4e75c76045d144bf3333b9f1f372499dde18b545a42566a8752b92b,2020,12,7.75291326931533,available,3.1859294940691285,available
YEM,c41703deb4e75c76045d144bf3333b9f1f372499dde18b545a42566a8752b92b,2021,12,7.694730622918481,available,-0.7504617216230969,available
YEM,c41703deb4e75c76045d144bf3333b9f1f372499dde18b545a42566a8752b92b,2022,12,9.888673955525842,available,28.512282497229723,available
YEM,c41703deb4e75c76045d144bf3333b9f1f372499dde18b545a42566a8752b92b,2023,12,9.067580011207447,available,-8.30337766227558,available
YEM,c41703deb4e75c76045d144bf3333b9f1f372499dde18b545a42566a8752b92b,2024,12,7.8078897980159,available,-13.89224260094294,available
YEM,c41703deb4e75c76045d144bf3333b9f1f372499dde18b545a42566a8752b92b,2025,12,9.212381901034867,available,17.988113809903794,available
YEM,c41703deb4e75c76045d144bf3333b9f1f372499dde18b545a42566a8752b92b,2026,6,,requires 12 complete months,,current annual value unavailable
YEM,c90c4f21acba45e0aeaa3b325f9c7bdf960a3b989b428aaab4959baded940bd6,2016,7,,requires 12 complete months,,current annual value unavailable
YEM,c90c4f21acba45e0aeaa3b325f9c7bdf960a3b989b428aaab4959baded940bd6,2017,12,21.545257240879046,available,,exact complete prior year unavailable
YEM,c90c4f21acba45e0aeaa3b325f9c7bdf960a3b989b428aaab4959baded940bd6,2018,12,15.534444293784539,available,-27.898543423699994,available
YEM,c90c4f21acba45e0aeaa3b325f9c7bdf960a3b989b428aaab4959baded940bd6,2019,12,15.110719728212134,available,-2.7276454668026973,available
YEM,c90c4f21acba45e0aeaa3b325f9c7bdf960a3b989b428aaab4959baded940bd6,2020,12,17.444970089451854,available,15.4476451368601,available
YEM,c90c4f21acba45e0aeaa3b325f9c7bdf960a3b989b428aaab4959baded940bd6,2021,12,15.590145386124687,available,-10.632432694445782,available
YEM,c90c4f21acba45e0aeaa3b325f9c7bdf960a3b989b428aaab4959baded940bd6,2022,12,12.211160093983427,available,-21.67385363287616,available
YEM,c90c4f21acba45e0aeaa3b325f9c7bdf960a3b989b428aaab4959baded940bd6,2023,12,15.098162697880054,available,23.642328670468295,available
YEM,c90c4f21acba45e0aeaa3b325f9c7bdf960a3b989b428aaab4959baded940bd6,2024,5,,requires 12 complete months,,current annual value unavailable
YEM,d0164b07e2565bd23f262a3fad84a653e9fdb0c514f7dd2608bc8d2babc1d76c,2016,7,,requires 12 complete months,,current annual value unavailable
YEM,d0164b07e2565bd23f262a3fad84a653e9fdb0c514f7dd2608bc8d2babc1d76c,2017,9,,requires 12 complete months,,current annual value unavailable
YEM,d0164b07e2565bd23f262a3fad84a653e9fdb0c514f7dd2608bc8d2babc1d76c,2018,11,,requires 12 complete months,,current annual value unavailable
YEM,d0164b07e2565bd23f262a3fad84a653e9fdb0c514f7dd2608bc8d2babc1d76c,2019,10,,requires 12 complete months,,current annual value unavailable
YEM,d0164b07e2565bd23f262a3fad84a653e9fdb0c514f7dd2608bc8d2babc1d76c,2020,9,,requires 12 complete months,,current annual value unavailable
YEM,d0164b07e2565bd23f262a3fad84a653e9fdb0c514f7dd2608bc8d2babc1d76c,2021,12,16.712897122719337,available,,exact complete prior year unavailable
YEM,d0164b07e2565bd23f262a3fad84a653e9fdb0c514f7dd2608bc8d2babc1d76c,2022,12,17.494961766081335,available,4.679407990245266,available
YEM,d0164b07e2565bd23f262a3fad84a653e9fdb0c514f7dd2608bc8d2babc1d76c,2023,9,,requires 12 complete months,,current annual value unavailable
YEM,d0164b07e2565bd23f262a3fad84a653e9fdb0c514f7dd2608bc8d2babc1d76c,2024,11,,requires 12 complete months,,current annual value unavailable
YEM,d0164b07e2565bd23f262a3fad84a653e9fdb0c514f7dd2608bc8d2babc1d76c,2025,9,,requires 12 complete months,,current annual value unavailable
YEM,d0164b07e2565bd23f262a3fad84a653e9fdb0c514f7dd2608bc8d2babc1d76c,2026,4,,requires 12 complete months,,current annual value unavailable
YEM,d5063247f0afe758f9353d65c1a35691148949adc27cd96bfdc1b75154aa3a1b,2016,7,,requires 12 complete months,,current annual value unavailable
YEM,d5063247f0afe758f9353d65c1a35691148949adc27cd96bfdc1b75154aa3a1b,2017,12,26.688137021121978,available,,exact complete prior year unavailable
YEM,d5063247f0afe758f9353d65c1a35691148949adc27cd96bfdc1b75154aa3a1b,2018,11,,requires 12 complete months,,current annual value unavailable
YEM,d5063247f0afe758f9353d65c1a35691148949adc27cd96bfdc1b75154aa3a1b,2019,11,,requires 12 complete months,,current annual value unavailable
YEM,d5063247f0afe758f9353d65c1a35691148949adc27cd96bfdc1b75154aa3a1b,2020,12,19.720624971937923,available,,exact complete prior year unavailable
YEM,d5063247f0afe758f9353d65c1a35691148949adc27cd96bfdc1b75154aa3a1b,2021,12,21.625930323339528,available,9.661485648212565,available
YEM,d5063247f0afe758f9353d65c1a35691148949adc27cd96bfdc1b75154aa3a1b,2022,11,,requires 12 complete months,,current annual value unavailable
YEM,d5063247f0afe758f9353d65c1a35691148949adc27cd96bfdc1b75154aa3a1b,2023,11,,requires 12 complete months,,current annual value unavailable
YEM,d5063247f0afe758f9353d65c1a35691148949adc27cd96bfdc1b75154aa3a1b,2024,5,,requires 12 complete months,,current annual value unavailable
YEM,d608a16ca9fb6bf540b5bc8b31921515234ef3a5e0579179913d3e29dee0aa39,2016,7,,requires 12 complete months,,current annual value unavailable
YEM,d608a16ca9fb6bf540b5bc8b31921515234ef3a5e0579179913d3e29dee0aa39,2017,12,14.735347840259928,available,,exact complete prior year unavailable
YEM,d608a16ca9fb6bf540b5bc8b31921515234ef3a5e0579179913d3e29dee0aa39,2018,12,12.424545947407418,available,-15.682031519737427,available
YEM,d608a16ca9fb6bf540b5bc8b31921515234ef3a5e0579179913d3e29dee0aa39,2019,12,13.330263643761766,available,7.289744834042322,available
YEM,d608a16ca9fb6bf540b5bc8b31921515234ef3a5e0579179913d3e29dee0aa39,2020,12,12.859785757233533,available,-3.5293967103824264,available
YEM,d608a16ca9fb6bf540b5bc8b31921515234ef3a5e0579179913d3e29dee0aa39,2021,12,13.679400646177706,available,6.373472345627107,available
YEM,d608a16ca9fb6bf540b5bc8b31921515234ef3a5e0579179913d3e29dee0aa39,2022,12,22.473650327438925,available,64.28826751059817,available
YEM,d608a16ca9fb6bf540b5bc8b31921515234ef3a5e0579179913d3e29dee0aa39,2023,12,25.736425242696022,available,14.518224087848575,available
YEM,d608a16ca9fb6bf540b5bc8b31921515234ef3a5e0579179913d3e29dee0aa39,2024,5,,requires 12 complete months,,current annual value unavailable
YEM,d9a499439a8877a32fd3319fd862c6922551dadf3a0c3e5995bfed7a8407edae,2016,7,,requires 12 complete months,,current annual value unavailable
YEM,d9a499439a8877a32fd3319fd862c6922551dadf3a0c3e5995bfed7a8407edae,2017,11,,requires 12 complete months,,current annual value unavailable
YEM,d9a499439a8877a32fd3319fd862c6922551dadf3a0c3e5995bfed7a8407edae,2018,12,13.346542497617193,available,,exact complete prior year unavailable
YEM,d9a499439a8877a32fd3319fd862c6922551dadf3a0c3e5995bfed7a8407edae,2019,12,8.380552095256721,available,-37.20806645801389,available
YEM,d9a499439a8877a32fd3319fd862c6922551dadf3a0c3e5995bfed7a8407edae,2020,12,10.649095537157883,available,27.069140745334998,available
YEM,d9a499439a8877a32fd3319fd862c6922551dadf3a0c3e5995bfed7a8407edae,2021,12,17.19395586547787,available,61.45930708840963,available
YEM,d9a499439a8877a32fd3319fd862c6922551dadf3a0c3e5995bfed7a8407edae,2022,12,12.919689671533508,available,-24.859120422230816,available
YEM,d9a499439a8877a32fd3319fd862c6922551dadf3a0c3e5995bfed7a8407edae,2023,12,12.529590608264789,available,-3.019415118988822,available
YEM,d9a499439a8877a32fd3319fd862c6922551dadf3a0c3e5995bfed7a8407edae,2024,12,11.987359481827417,available,-4.3276044955507516,available
YEM,d9a499439a8877a32fd3319fd862c6922551dadf3a0c3e5995bfed7a8407edae,2025,12,11.231199232447862,available,-6.307980089575837,available
YEM,d9a499439a8877a32fd3319fd862c6922551dadf3a0c3e5995bfed7a8407edae,2026,6,,requires 12 complete months,,current annual value unavailable
YEM,e0d32e7f85caacb9a50ec07a726836ffb4ab43891c4b3af4c9f36d1d36dffd27,2016,7,,requires 12 complete months,,current annual value unavailable
YEM,e0d32e7f85caacb9a50ec07a726836ffb4ab43891c4b3af4c9f36d1d36dffd27,2017,12,5.56263374621221,available,,exact complete prior year unavailable
YEM,e0d32e7f85caacb9a50ec07a726836ffb4ab43891c4b3af4c9f36d1d36dffd27,2018,12,4.731739047020953,available,-14.93707364352439,available
YEM,e0d32e7f85caacb9a50ec07a726836ffb4ab43891c4b3af4c9f36d1d36dffd27,2019,12,5.591718729688988,available,18.174706468850353,available
YEM,e0d32e7f85caacb9a50ec07a726836ffb4ab43891c4b3af4c9f36d1d36dffd27,2020,12,5.291280122698751,available,-5.3729205904987865,available
YEM,e0d32e7f85caacb9a50ec07a726836ffb4ab43891c4b3af4c9f36d1d36dffd27,2021,12,7.820902899055878,available,47.807387204949656,available
YEM,e0d32e7f85caacb9a50ec07a726836ffb4ab43891c4b3af4c9f36d1d36dffd27,2022,12,8.55243694686419,available,9.353575376784473,available
YEM,e0d32e7f85caacb9a50ec07a726836ffb4ab43891c4b3af4c9f36d1d36dffd27,2023,12,7.222534226034385,available,-15.549985683524081,available
YEM,e0d32e7f85caacb9a50ec07a726836ffb4ab43891c4b3af4c9f36d1d36dffd27,2024,12,6.21583158833927,available,-13.938357454456218,available
YEM,e0d32e7f85caacb9a50ec07a726836ffb4ab43891c4b3af4c9f36d1d36dffd27,2025,12,7.554002042607435,available,21.528421985861645,available
YEM,e0d32e7f85caacb9a50ec07a726836ffb4ab43891c4b3af4c9f36d1d36dffd27,2026,6,,requires 12 complete months,,current annual value unavailable
YEM,e1106ef1fc40139e525288ca2081e7d1647f1f773089f5fb12c3fe41e7e2d73c,2016,7,,requires 12 complete months,,current annual value unavailable
YEM,e1106ef1fc40139e525288ca2081e7d1647f1f773089f5fb12c3fe41e7e2d73c,2017,10,,requires 12 complete months,,current annual value unavailable
YEM,e1106ef1fc40139e525288ca2081e7d1647f1f773089f5fb12c3fe41e7e2d73c,2018,11,,requires 12 complete months,,current annual value unavailable
YEM,e1106ef1fc40139e525288ca2081e7d1647f1f773089f5fb12c3fe41e7e2d73c,2019,12,11.097788166127208,available,,exact complete prior year unavailable
YEM,e1106ef1fc40139e525288ca2081e7d1647f1f773089f5fb12c3fe41e7e2d73c,2020,10,,requires 12 complete months,,current annual value unavailable
YEM,e1106ef1fc40139e525288ca2081e7d1647f1f773089f5fb12c3fe41e7e2d73c,2021,9,,requires 12 complete months,,current annual value unavailable
YEM,e1106ef1fc40139e525288ca2081e7d1647f1f773089f5fb12c3fe41e7e2d73c,2022,12,10.63189713598572,available,,exact complete prior year unavailable
YEM,e1106ef1fc40139e525288ca2081e7d1647f1f773089f5fb12c3fe41e7e2d73c,2023,11,,requires 12 complete months,,current annual value unavailable
YEM,e1106ef1fc40139e525288ca2081e7d1647f1f773089f5fb12c3fe41e7e2d73c,2024,5,,requires 12 complete months,,current annual value unavailable
YEM,e49e4032f1be9bc9dab91e682196e722fe0b4a2e3ef9b3c143e0014f546f3d96,2016,7,,requires 12 complete months,,current annual value unavailable
YEM,e49e4032f1be9bc9dab91e682196e722fe0b4a2e3ef9b3c143e0014f546f3d96,2017,12,22.927369088110996,available,,exact complete prior year unavailable
YEM,e49e4032f1be9bc9dab91e682196e722fe0b4a2e3ef9b3c143e0014f546f3d96,2018,12,23.233935693382413,available,1.3371207315294953,available
YEM,e49e4032f1be9bc9dab91e682196e722fe0b4a2e3ef9b3c143e0014f546f3d96,2019,12,16.871285650053952,available,-27.385158189710822,available
YEM,e49e4032f1be9bc9dab91e682196e722fe0b4a2e3ef9b3c143e0014f546f3d96,2020,12,21.691317730460728,available,28.569441478168333,available
YEM,e49e4032f1be9bc9dab91e682196e722fe0b4a2e3ef9b3c143e0014f546f3d96,2021,12,17.440247296279594,available,-19.598027593369448,available
YEM,e49e4032f1be9bc9dab91e682196e722fe0b4a2e3ef9b3c143e0014f546f3d96,2022,12,19.254661319357435,available,10.403602610984187,available
YEM,e49e4032f1be9bc9dab91e682196e722fe0b4a2e3ef9b3c143e0014f546f3d96,2023,12,20.936604948408572,available,8.735254290659554,available
YEM,e49e4032f1be9bc9dab91e682196e722fe0b4a2e3ef9b3c143e0014f546f3d96,2024,12,20.072394483559375,available,-4.127748825460298,available
YEM,e49e4032f1be9bc9dab91e682196e722fe0b4a2e3ef9b3c143e0014f546f3d96,2025,12,18.093349778107616,available,-9.859534731009434,available
YEM,e49e4032f1be9bc9dab91e682196e722fe0b4a2e3ef9b3c143e0014f546f3d96,2026,6,,requires 12 complete months,,current annual value unavailable
YEM,e6d6d1f9d91d3e5d1834de36ba47bf20f58bded72f8502c878f85648052a428c,2016,7,,requires 12 complete months,,current annual value unavailable
YEM,e6d6d1f9d91d3e5d1834de36ba47bf20f58bded72f8502c878f85648052a428c,2017,12,20.198700931744348,available,,exact complete prior year unavailable
YEM,e6d6d1f9d91d3e5d1834de36ba47bf20f58bded72f8502c878f85648052a428c,2018,12,16.733108119852115,available,-17.157503463233592,available
YEM,e6d6d1f9d91d3e5d1834de36ba47bf20f58bded72f8502c878f85648052a428c,2019,12,16.067708582516932,available,-3.9765447791839437,available
YEM,e6d6d1f9d91d3e5d1834de36ba47bf20f58bded72f8502c878f85648052a428c,2020,12,21.746317260815736,available,35.34174552106095,available
YEM,e6d6d1f9d91d3e5d1834de36ba47bf20f58bded72f8502c878f85648052a428c,2021,12,38.874635672594096,available,78.76422571393982,available
YEM,e6d6d1f9d91d3e5d1834de36ba47bf20f58bded72f8502c878f85648052a428c,2022,12,31.673322286476722,available,-18.52445241356736,available
YEM,e6d6d1f9d91d3e5d1834de36ba47bf20f58bded72f8502c878f85648052a428c,2023,12,34.25195754535502,available,8.141347584428416,available
YEM,e6d6d1f9d91d3e5d1834de36ba47bf20f58bded72f8502c878f85648052a428c,2024,5,,requires 12 complete months,,current annual value unavailable
YEM,ebb1595ce248184c65fcdbad495975bd8bb850b2b6cbc540f21b224dee85429e,2016,7,,requires 12 complete months,,current annual value unavailable
YEM,ebb1595ce248184c65fcdbad495975bd8bb850b2b6cbc540f21b224dee85429e,2017,12,15.398619718880182,available,,exact complete prior year unavailable
YEM,ebb1595ce248184c65fcdbad495975bd8bb850b2b6cbc540f21b224dee85429e,2018,12,15.110895353172044,available,-1.8685075088604286,available
YEM,ebb1595ce248184c65fcdbad495975bd8bb850b2b6cbc540f21b224dee85429e,2019,12,16.113115677525602,available,6.6324350803155685,available
YEM,ebb1595ce248184c65fcdbad495975bd8bb850b2b6cbc540f21b224dee85429e,2020,12,14.305054859844457,available,-11.221050316190606,available
YEM,ebb1595ce248184c65fcdbad495975bd8bb850b2b6cbc540f21b224dee85429e,2021,12,9.77061127490407,available,-31.698190809942073,available
YEM,ebb1595ce248184c65fcdbad495975bd8bb850b2b6cbc540f21b224dee85429e,2022,12,7.043674082938416,available,-27.909586363033647,available
YEM,ebb1595ce248184c65fcdbad495975bd8bb850b2b6cbc540f21b224dee85429e,2023,11,,requires 12 complete months,,current annual value unavailable
YEM,ebb1595ce248184c65fcdbad495975bd8bb850b2b6cbc540f21b224dee85429e,2024,12,9.200265238156614,available,,exact complete prior year unavailable
YEM,ebb1595ce248184c65fcdbad495975bd8bb850b2b6cbc540f21b224dee85429e,2025,12,11.806124952462755,available,28.323745531800082,available
YEM,ebb1595ce248184c65fcdbad495975bd8bb850b2b6cbc540f21b224dee85429e,2026,6,,requires 12 complete months,,current annual value unavailable
YEM,ece92b3ccfc2f51b46e834c92cb6b92659cc9c9836887bf362f44dc255b6c0fa,2016,7,,requires 12 complete months,,current annual value unavailable
YEM,ece92b3ccfc2f51b46e834c92cb6b92659cc9c9836887bf362f44dc255b6c0fa,2017,10,,requires 12 complete months,,current annual value unavailable
YEM,ece92b3ccfc2f51b46e834c92cb6b92659cc9c9836887bf362f44dc255b6c0fa,2018,12,4.280157512335872,available,,exact complete prior year unavailable
YEM,ece92b3ccfc2f51b46e834c92cb6b92659cc9c9836887bf362f44dc255b6c0fa,2019,8,,requires 12 complete months,,current annual value unavailable
YEM,ece92b3ccfc2f51b46e834c92cb6b92659cc9c9836887bf362f44dc255b6c0fa,2020,9,,requires 12 complete months,,current annual value unavailable
YEM,ece92b3ccfc2f51b46e834c92cb6b92659cc9c9836887bf362f44dc255b6c0fa,2021,12,6.943223110694021,available,,exact complete prior year unavailable
YEM,ece92b3ccfc2f51b46e834c92cb6b92659cc9c9836887bf362f44dc255b6c0fa,2022,10,,requires 12 complete months,,current annual value unavailable
YEM,ece92b3ccfc2f51b46e834c92cb6b92659cc9c9836887bf362f44dc255b6c0fa,2023,1,,requires 12 complete months,,current annual value unavailable
YEM,ece92b3ccfc2f51b46e834c92cb6b92659cc9c9836887bf362f44dc255b6c0fa,2024,3,,requires 12 complete months,,current annual value unavailable
YEM,ed710d39cf2717e45ebbdc7404bf6fba1dd347d2c7004dd847a78fa57c35d854,2016,7,,requires 12 complete months,,current annual value unavailable
YEM,ed710d39cf2717e45ebbdc7404bf6fba1dd347d2c7004dd847a78fa57c35d854,2017,12,22.66630430156524,available,,exact complete prior year unavailable
YEM,ed710d39cf2717e45ebbdc7404bf6fba1dd347d2c7004dd847a78fa57c35d854,2018,12,19.315708018750996,available,-14.7822787439718,available
YEM,ed710d39cf2717e45ebbdc7404bf6fba1dd347d2c7004dd847a78fa57c35d854,2019,12,16.65565021677351,available,-13.771474487992874,available
YEM,ed710d39cf2717e45ebbdc7404bf6fba1dd347d2c7004dd847a78fa57c35d854,2020,12,16.689621675970677,available,0.20396357245155983,available
YEM,ed710d39cf2717e45ebbdc7404bf6fba1dd347d2c7004dd847a78fa57c35d854,2021,12,15.669358333163553,available,-6.113160397614504,available
YEM,ed710d39cf2717e45ebbdc7404bf6fba1dd347d2c7004dd847a78fa57c35d854,2022,12,14.369292090368633,available,-8.296869694040899,available
YEM,ed710d39cf2717e45ebbdc7404bf6fba1dd347d2c7004dd847a78fa57c35d854,2023,12,19.22081572947695,available,33.76313605845738,available
YEM,ed710d39cf2717e45ebbdc7404bf6fba1dd347d2c7004dd847a78fa57c35d854,2024,5,,requires 12 complete months,,current annual value unavailable
YEM,f06ab0cefe04f12e54284b103cf650bd3f61b280def18b744525b827a33601b8,2016,6,,requires 12 complete months,,current annual value unavailable
YEM,f06ab0cefe04f12e54284b103cf650bd3f61b280def18b744525b827a33601b8,2017,10,,requires 12 complete months,,current annual value unavailable
YEM,f06ab0cefe04f12e54284b103cf650bd3f61b280def18b744525b827a33601b8,2018,11,,requires 12 complete months,,current annual value unavailable
YEM,f06ab0cefe04f12e54284b103cf650bd3f61b280def18b744525b827a33601b8,2019,11,,requires 12 complete months,,current annual value unavailable
YEM,f06ab0cefe04f12e54284b103cf650bd3f61b280def18b744525b827a33601b8,2020,3,,requires 12 complete months,,current annual value unavailable
YEM,f0b5ac70b308bf6b1b6cc7856845148d3829eb57cd5d891edf622785ca97f8c2,2016,7,,requires 12 complete months,,current annual value unavailable
YEM,f0b5ac70b308bf6b1b6cc7856845148d3829eb57cd5d891edf622785ca97f8c2,2017,12,17.840916222860482,available,,exact complete prior year unavailable
YEM,f0b5ac70b308bf6b1b6cc7856845148d3829eb57cd5d891edf622785ca97f8c2,2018,12,12.423042112277924,available,-30.367689881533988,available
YEM,f0b5ac70b308bf6b1b6cc7856845148d3829eb57cd5d891edf622785ca97f8c2,2019,12,9.282812715562956,available,-25.27745916285208,available
YEM,f0b5ac70b308bf6b1b6cc7856845148d3829eb57cd5d891edf622785ca97f8c2,2020,12,17.575709323157714,available,89.33603274890412,available
YEM,f0b5ac70b308bf6b1b6cc7856845148d3829eb57cd5d891edf622785ca97f8c2,2021,12,19.922934690464974,available,13.354939616659234,available
YEM,f0b5ac70b308bf6b1b6cc7856845148d3829eb57cd5d891edf622785ca97f8c2,2022,12,16.492063177399732,available,-17.220713546319267,available
YEM,f0b5ac70b308bf6b1b6cc7856845148d3829eb57cd5d891edf622785ca97f8c2,2023,12,20.431793277811188,available,23.88864302806184,available
YEM,f0b5ac70b308bf6b1b6cc7856845148d3829eb57cd5d891edf622785ca97f8c2,2024,5,,requires 12 complete months,,current annual value unavailable
YEM,f2118d9baed0df139aaefbf6576d7f2305a9b2b36eca0375e8794318204eb8ec,2016,7,,requires 12 complete months,,current annual value unavailable
YEM,f2118d9baed0df139aaefbf6576d7f2305a9b2b36eca0375e8794318204eb8ec,2017,12,9.346333400277654,available,,exact complete prior year unavailable
YEM,f2118d9baed0df139aaefbf6576d7f2305a9b2b36eca0375e8794318204eb8ec,2018,12,5.541449588328263,available,-40.709908891505606,available
YEM,f2118d9baed0df139aaefbf6576d7f2305a9b2b36eca0375e8794318204eb8ec,2019,12,3.875622762848909,available,-30.061210499650116,available
YEM,f2118d9baed0df139aaefbf6576d7f2305a9b2b36eca0375e8794318204eb8ec,2020,12,5.69263885703942,available,46.88320317467771,available
YEM,f2118d9baed0df139aaefbf6576d7f2305a9b2b36eca0375e8794318204eb8ec,2021,12,5.7373137551256,available,0.784783633884234,available
YEM,f2118d9baed0df139aaefbf6576d7f2305a9b2b36eca0375e8794318204eb8ec,2022,12,7.479949736909344,available,30.3737263841795,available
YEM,f2118d9baed0df139aaefbf6576d7f2305a9b2b36eca0375e8794318204eb8ec,2023,12,9.16205401412581,available,22.48817620947674,available
YEM,f2118d9baed0df139aaefbf6576d7f2305a9b2b36eca0375e8794318204eb8ec,2024,12,7.478409763092092,available,-18.376275106410855,available
YEM,f2118d9baed0df139aaefbf6576d7f2305a9b2b36eca0375e8794318204eb8ec,2025,12,7.051270863717374,available,-5.711627376755423,available
YEM,f2118d9baed0df139aaefbf6576d7f2305a9b2b36eca0375e8794318204eb8ec,2026,6,,requires 12 complete months,,current annual value unavailable
YEM,f2f09ef85368503aa70cb1ff32a59f84e6246c523e7da448e55a5410b6e71ce8,2016,7,,requires 12 complete months,,current annual value unavailable
YEM,f2f09ef85368503aa70cb1ff32a59f84e6246c523e7da448e55a5410b6e71ce8,2017,12,20.253946642650504,available,,exact complete prior year unavailable
YEM,f2f09ef85368503aa70cb1ff32a59f84e6246c523e7da448e55a5410b6e71ce8,2018,12,15.944465099097018,available,-21.277243490306407,available
YEM,f2f09ef85368503aa70cb1ff32a59f84e6246c523e7da448e55a5410b6e71ce8,2019,12,13.545310766800958,available,-15.046941477089327,available
YEM,f2f09ef85368503aa70cb1ff32a59f84e6246c523e7da448e55a5410b6e71ce8,2020,12,15.445642492599765,available,14.02944353596116,available
YEM,f2f09ef85368503aa70cb1ff32a59f84e6246c523e7da448e55a5410b6e71ce8,2021,12,19.841778868939816,available,28.46198452700368,available
YEM,f2f09ef85368503aa70cb1ff32a59f84e6246c523e7da448e55a5410b6e71ce8,2022,12,18.465131170174438,available,-6.938126404182299,available
YEM,f2f09ef85368503aa70cb1ff32a59f84e6246c523e7da448e55a5410b6e71ce8,2023,12,23.06224904108329,available,24.896210205829927,available
YEM,f2f09ef85368503aa70cb1ff32a59f84e6246c523e7da448e55a5410b6e71ce8,2024,5,,requires 12 complete months,,current annual value unavailable
YEM,f44a13387cb7a2df88c547515290575a9bb4cb088bafed1b9405cc56509513c6,2016,6,,requires 12 complete months,,current annual value unavailable
YEM,f44a13387cb7a2df88c547515290575a9bb4cb088bafed1b9405cc56509513c6,2017,12,10.706549892390562,available,,exact complete prior year unavailable
YEM,f44a13387cb7a2df88c547515290575a9bb4cb088bafed1b9405cc56509513c6,2018,8,,requires 12 complete months,,current annual value unavailable
YEM,f44a13387cb7a2df88c547515290575a9bb4cb088bafed1b9405cc56509513c6,2020,9,,requires 12 complete months,,current annual value unavailable
YEM,f44a13387cb7a2df88c547515290575a9bb4cb088bafed1b9405cc56509513c6,2021,12,11.218079076365079,available,,exact complete prior year unavailable
YEM,f44a13387cb7a2df88c547515290575a9bb4cb088bafed1b9405cc56509513c6,2022,12,11.622052313906211,available,3.6010910138104313,available
YEM,f44a13387cb7a2df88c547515290575a9bb4cb088bafed1b9405cc56509513c6,2023,12,16.263632592450595,available,39.93769906706204,available
YEM,f44a13387cb7a2df88c547515290575a9bb4cb088bafed1b9405cc56509513c6,2024,5,,requires 12 complete months,,current annual value unavailable
YEM,f59c4e6c517032cbcee1d6cc92ef7fd99c8940ee23f1536f33d2d4fa6b4b2761,2016,3,,requires 12 complete months,,current annual value unavailable
YEM,f59c4e6c517032cbcee1d6cc92ef7fd99c8940ee23f1536f33d2d4fa6b4b2761,2017,8,,requires 12 complete months,,current annual value unavailable
YEM,f59c4e6c517032cbcee1d6cc92ef7fd99c8940ee23f1536f33d2d4fa6b4b2761,2018,9,,requires 12 complete months,,current annual value unavailable
YEM,f59c4e6c517032cbcee1d6cc92ef7fd99c8940ee23f1536f33d2d4fa6b4b2761,2019,7,,requires 12 complete months,,current annual value unavailable
YEM,f59c4e6c517032cbcee1d6cc92ef7fd99c8940ee23f1536f33d2d4fa6b4b2761,2020,9,,requires 12 complete months,,current annual value unavailable
YEM,f59c4e6c517032cbcee1d6cc92ef7fd99c8940ee23f1536f33d2d4fa6b4b2761,2021,7,,requires 12 complete months,,current annual value unavailable
YEM,f59c4e6c517032cbcee1d6cc92ef7fd99c8940ee23f1536f33d2d4fa6b4b2761,2022,5,,requires 12 complete months,,current annual value unavailable
YEM,f59c4e6c517032cbcee1d6cc92ef7fd99c8940ee23f1536f33d2d4fa6b4b2761,2023,7,,requires 12 complete months,,current annual value unavailable
YEM,f59c4e6c517032cbcee1d6cc92ef7fd99c8940ee23f1536f33d2d4fa6b4b2761,2024,7,,requires 12 complete months,,current annual value unavailable
YEM,f59c4e6c517032cbcee1d6cc92ef7fd99c8940ee23f1536f33d2d4fa6b4b2761,2025,8,,requires 12 complete months,,current annual value unavailable
YEM,f59c4e6c517032cbcee1d6cc92ef7fd99c8940ee23f1536f33d2d4fa6b4b2761,2026,2,,requires 12 complete months,,current annual value unavailable
YEM,f6dd17beacb74b7b157e0d841a830da5f12b3a15bfe28fe44302bdc58a8ce76d,2016,7,,requires 12 complete months,,current annual value unavailable
YEM,f6dd17beacb74b7b157e0d841a830da5f12b3a15bfe28fe44302bdc58a8ce76d,2017,12,6.885122618379903,available,,exact complete prior year unavailable
YEM,f6dd17beacb74b7b157e0d841a830da5f12b3a15bfe28fe44302bdc58a8ce76d,2018,12,5.367305119606003,available,-22.04488696718444,available
YEM,f6dd17beacb74b7b157e0d841a830da5f12b3a15bfe28fe44302bdc58a8ce76d,2019,12,5.903166690508367,available,9.983810477718835,available
YEM,f6dd17beacb74b7b157e0d841a830da5f12b3a15bfe28fe44302bdc58a8ce76d,2020,12,7.000964821090776,available,18.596766585425172,available
YEM,f6dd17beacb74b7b157e0d841a830da5f12b3a15bfe28fe44302bdc58a8ce76d,2021,12,6.446462987483045,available,-7.920363089631078,available
YEM,f6dd17beacb74b7b157e0d841a830da5f12b3a15bfe28fe44302bdc58a8ce76d,2022,12,7.708196732306633,available,19.572496534509987,available
YEM,f6dd17beacb74b7b157e0d841a830da5f12b3a15bfe28fe44302bdc58a8ce76d,2023,12,6.785037817059159,available,-11.976327892337334,available
YEM,f6dd17beacb74b7b157e0d841a830da5f12b3a15bfe28fe44302bdc58a8ce76d,2024,12,5.688786516786702,available,-16.156893002368054,available
YEM,f6dd17beacb74b7b157e0d841a830da5f12b3a15bfe28fe44302bdc58a8ce76d,2025,12,5.490272988002889,available,-3.489558418091987,available
YEM,f6dd17beacb74b7b157e0d841a830da5f12b3a15bfe28fe44302bdc58a8ce76d,2026,6,,requires 12 complete months,,current annual value unavailable
YEM,f95c7693cf5687537023901b45de9f87215c176485a3b8d940ad32480db26190,2016,6,,requires 12 complete months,,current annual value unavailable
YEM,f95c7693cf5687537023901b45de9f87215c176485a3b8d940ad32480db26190,2017,12,14.969343371162553,available,,exact complete prior year unavailable
YEM,f95c7693cf5687537023901b45de9f87215c176485a3b8d940ad32480db26190,2018,12,13.912641551984972,available,-7.059106020730654,available
YEM,f95c7693cf5687537023901b45de9f87215c176485a3b8d940ad32480db26190,2019,12,18.00515118088351,available,29.415762733530947,available
YEM,f95c7693cf5687537023901b45de9f87215c176485a3b8d940ad32480db26190,2020,12,12.569589682707788,available,-30.188924511485272,available
YEM,f95c7693cf5687537023901b45de9f87215c176485a3b8d940ad32480db26190,2021,12,8.542285498260846,available,-32.04006086202939,available
YEM,f95c7693cf5687537023901b45de9f87215c176485a3b8d940ad32480db26190,2022,12,8.224854758399369,available,-3.7159931019175585,available
YEM,f95c7693cf5687537023901b45de9f87215c176485a3b8d940ad32480db26190,2023,12,13.926540871380448,available,69.3226358454344,available
YEM,f95c7693cf5687537023901b45de9f87215c176485a3b8d940ad32480db26190,2024,12,11.8175130381373,available,-15.1439460288181,available
YEM,f95c7693cf5687537023901b45de9f87215c176485a3b8d940ad32480db26190,2025,12,11.419413779922168,available,-3.368722817824621,available
YEM,f95c7693cf5687537023901b45de9f87215c176485a3b8d940ad32480db26190,2026,6,,requires 12 complete months,,current annual value unavailable
YEM,fd819285cd271e3bd64fa74e3ffe791800690a1d38eeca11099108f9542181e5,2016,7,,requires 12 complete months,,current annual value unavailable
YEM,fd819285cd271e3bd64fa74e3ffe791800690a1d38eeca11099108f9542181e5,2017,12,22.121309904829115,available,,exact complete prior year unavailable
YEM,fd819285cd271e3bd64fa74e3ffe791800690a1d38eeca11099108f9542181e5,2018,12,18.02376396931035,available,-18.523070980639634,available
YEM,fd819285cd271e3bd64fa74e3ffe791800690a1d38eeca11099108f9542181e5,2019,12,22.403628216341467,available,24.30049713527569,available
YEM,fd819285cd271e3bd64fa74e3ffe791800690a1d38eeca11099108f9542181e5,2020,12,24.80211123827784,available,10.705779433470909,available
YEM,fd819285cd271e3bd64fa74e3ffe791800690a1d38eeca11099108f9542181e5,2021,12,19.38353663305063,available,-21.84723128273275,available
YEM,fd819285cd271e3bd64fa74e3ffe791800690a1d38eeca11099108f9542181e5,2022,12,16.6750850869018,available,-13.972948267503893,available
YEM,fd819285cd271e3bd64fa74e3ffe791800690a1d38eeca11099108f9542181e5,2023,12,16.52361040244948,available,-0.9083892745548883,available
YEM,fd819285cd271e3bd64fa74e3ffe791800690a1d38eeca11099108f9542181e5,2024,12,19.552828988892163,available,18.332667695878534,available
YEM,fd819285cd271e3bd64fa74e3ffe791800690a1d38eeca11099108f9542181e5,2025,12,17.592082248207472,available,-10.027943996229794,available
YEM,fd819285cd271e3bd64fa74e3ffe791800690a1d38eeca11099108f9542181e5,2026,6,,requires 12 complete months,,current annual value unavailable
