country,stream_id,target_start,target_iso_year,target_iso_week,baseline_center_iso_year,baseline_center_iso_week,week53_mapped_to52,window_start,window_end,expected_weeks,eligible_weeks,qualified,positive_specimens,tested_specimens,positivity,excluded_week_reasons
ETH,53b5453d29f812a883a9,2025-08-25,2025,35,2020,35,False,2020-08-10,2020-09-13,5,0,False,,,,"{""unobserved_week"":5}"
ETH,53b5453d29f812a883a9,2025-08-25,2025,35,2021,35,False,2021-08-16,2021-09-19,5,0,False,,,,"{""unobserved_week"":5}"
ETH,53b5453d29f812a883a9,2025-08-25,2025,35,2022,35,False,2022-08-15,2022-09-18,5,4,True,52.0,662.0,0.07854984894259819,"{""low_testing"":1}"
ETH,53b5453d29f812a883a9,2025-08-25,2025,35,2023,35,False,2023-08-14,2023-09-17,5,5,True,22.0,908.0,0.024229074889867842,{}
ETH,53b5453d29f812a883a9,2025-08-25,2025,35,2024,35,False,2024-08-12,2024-09-15,5,5,True,85.0,801.0,0.10611735330836454,{}
ETH,53b5453d29f812a883a9,2025-09-01,2025,36,2020,36,False,2020-08-17,2020-09-20,5,0,False,,,,"{""unobserved_week"":5}"
ETH,53b5453d29f812a883a9,2025-09-01,2025,36,2021,36,False,2021-08-23,2021-09-26,5,0,False,,,,"{""unobserved_week"":5}"
ETH,53b5453d29f812a883a9,2025-09-01,2025,36,2022,36,False,2022-08-22,2022-09-25,5,4,True,36.0,583.0,0.06174957118353345,"{""low_testing"":1}"
ETH,53b5453d29f812a883a9,2025-09-01,2025,36,2023,36,False,2023-08-21,2023-09-24,5,5,True,30.0,913.0,0.03285870755750274,{}
ETH,53b5453d29f812a883a9,2025-09-01,2025,36,2024,36,False,2024-08-19,2024-09-22,5,5,True,78.0,777.0,0.10038610038610038,{}
ETH,53b5453d29f812a883a9,2025-09-08,2025,37,2020,37,False,2020-08-24,2020-09-27,5,0,False,,,,"{""unobserved_week"":5}"
ETH,53b5453d29f812a883a9,2025-09-08,2025,37,2021,37,False,2021-08-30,2021-10-03,5,0,False,,,,"{""unobserved_week"":5}"
ETH,53b5453d29f812a883a9,2025-09-08,2025,37,2022,37,False,2022-08-29,2022-10-02,5,4,True,25.0,601.0,0.04159733777038269,"{""low_testing"":1}"
ETH,53b5453d29f812a883a9,2025-09-08,2025,37,2023,37,False,2023-08-28,2023-10-01,5,5,True,30.0,857.0,0.03500583430571762,{}
ETH,53b5453d29f812a883a9,2025-09-08,2025,37,2024,37,False,2024-08-26,2024-09-29,5,5,True,55.0,666.0,0.08258258258258258,{}
ETH,53b5453d29f812a883a9,2025-09-15,2025,38,2020,38,False,2020-08-31,2020-10-04,5,0,False,,,,"{""unobserved_week"":5}"
ETH,53b5453d29f812a883a9,2025-09-15,2025,38,2021,38,False,2021-09-06,2021-10-10,5,0,False,,,,"{""unobserved_week"":5}"
ETH,53b5453d29f812a883a9,2025-09-15,2025,38,2022,38,False,2022-09-05,2022-10-09,5,4,True,21.0,611.0,0.03436988543371522,"{""low_testing"":1}"
ETH,53b5453d29f812a883a9,2025-09-15,2025,38,2023,38,False,2023-09-04,2023-10-08,5,5,True,32.0,761.0,0.04204993429697766,{}
ETH,53b5453d29f812a883a9,2025-09-15,2025,38,2024,38,False,2024-09-02,2024-10-06,5,5,True,52.0,644.0,0.08074534161490683,{}
ETH,53b5453d29f812a883a9,2025-09-22,2025,39,2020,39,False,2020-09-07,2020-10-11,5,0,False,,,,"{""unobserved_week"":5}"
ETH,53b5453d29f812a883a9,2025-09-22,2025,39,2021,39,False,2021-09-13,2021-10-17,5,0,False,,,,"{""unobserved_week"":5}"
ETH,53b5453d29f812a883a9,2025-09-22,2025,39,2022,39,False,2022-09-12,2022-10-16,5,5,True,25.0,813.0,0.03075030750307503,{}
ETH,53b5453d29f812a883a9,2025-09-22,2025,39,2023,39,False,2023-09-11,2023-10-15,5,5,True,34.0,726.0,0.046831955922865015,{}
ETH,53b5453d29f812a883a9,2025-09-22,2025,39,2024,39,False,2024-09-09,2024-10-13,5,4,True,42.0,494.0,0.08502024291497975,"{""low_testing"":1}"
ETH,53b5453d29f812a883a9,2025-09-29,2025,40,2020,40,False,2020-09-14,2020-10-18,5,0,False,,,,"{""unobserved_week"":5}"
ETH,53b5453d29f812a883a9,2025-09-29,2025,40,2021,40,False,2021-09-20,2021-10-24,5,0,False,,,,"{""unobserved_week"":5}"
ETH,53b5453d29f812a883a9,2025-09-29,2025,40,2022,40,False,2022-09-19,2022-10-23,5,5,True,25.0,864.0,0.028935185185185185,{}
ETH,53b5453d29f812a883a9,2025-09-29,2025,40,2023,40,False,2023-09-18,2023-10-22,5,5,True,49.0,797.0,0.06148055207026349,{}
ETH,53b5453d29f812a883a9,2025-09-29,2025,40,2024,40,False,2024-09-16,2024-10-20,5,4,True,32.0,543.0,0.058931860036832415,"{""low_testing"":1}"
ETH,53b5453d29f812a883a9,2025-10-06,2025,41,2020,41,False,2020-09-21,2020-10-25,5,0,False,,,,"{""unobserved_week"":5}"
ETH,53b5453d29f812a883a9,2025-10-06,2025,41,2021,41,False,2021-09-27,2021-10-31,5,0,False,,,,"{""unobserved_week"":5}"
ETH,53b5453d29f812a883a9,2025-10-06,2025,41,2022,41,False,2022-09-26,2022-10-30,5,5,True,22.0,886.0,0.024830699774266364,{}
ETH,53b5453d29f812a883a9,2025-10-06,2025,41,2023,41,False,2023-09-25,2023-10-29,5,5,True,67.0,857.0,0.07817969661610269,{}
ETH,53b5453d29f812a883a9,2025-10-06,2025,41,2024,41,False,2024-09-23,2024-10-27,5,4,True,24.0,529.0,0.045368620037807186,"{""low_testing"":1}"
ETH,53b5453d29f812a883a9,2025-10-13,2025,42,2020,42,False,2020-09-28,2020-11-01,5,0,False,,,,"{""unobserved_week"":5}"
ETH,53b5453d29f812a883a9,2025-10-13,2025,42,2021,42,False,2021-10-04,2021-11-07,5,0,False,,,,"{""unobserved_week"":5}"
ETH,53b5453d29f812a883a9,2025-10-13,2025,42,2022,42,False,2022-10-03,2022-11-06,5,5,True,26.0,899.0,0.028921023359288096,{}
ETH,53b5453d29f812a883a9,2025-10-13,2025,42,2023,42,False,2023-10-02,2023-11-05,5,5,True,103.0,991.0,0.10393541876892028,{}
ETH,53b5453d29f812a883a9,2025-10-13,2025,42,2024,42,False,2024-09-30,2024-11-03,5,4,True,27.0,542.0,0.04981549815498155,"{""low_testing"":1}"
ETH,53b5453d29f812a883a9,2025-10-20,2025,43,2020,43,False,2020-10-05,2020-11-08,5,0,False,,,,"{""unobserved_week"":5}"
ETH,53b5453d29f812a883a9,2025-10-20,2025,43,2021,43,False,2021-10-11,2021-11-14,5,0,False,,,,"{""unobserved_week"":5}"
ETH,53b5453d29f812a883a9,2025-10-20,2025,43,2022,43,False,2022-10-10,2022-11-13,5,5,True,23.0,902.0,0.025498891352549888,{}
ETH,53b5453d29f812a883a9,2025-10-20,2025,43,2023,43,False,2023-10-09,2023-11-12,5,5,True,153.0,1130.0,0.13539823008849558,{}
ETH,53b5453d29f812a883a9,2025-10-20,2025,43,2024,43,False,2024-10-07,2024-11-10,5,3,False,13.0,411.0,,"{""low_testing"":2}"
ETH,53b5453d29f812a883a9,2025-10-27,2025,44,2020,44,False,2020-10-12,2020-11-15,5,0,False,,,,"{""unobserved_week"":5}"
ETH,53b5453d29f812a883a9,2025-10-27,2025,44,2021,44,False,2021-10-18,2021-11-21,5,0,False,,,,"{""unobserved_week"":5}"
ETH,53b5453d29f812a883a9,2025-10-27,2025,44,2022,44,False,2022-10-17,2022-11-20,5,5,True,24.0,835.0,0.02874251497005988,{}
ETH,53b5453d29f812a883a9,2025-10-27,2025,44,2023,44,False,2023-10-16,2023-11-19,5,5,True,193.0,1185.0,0.16286919831223629,{}
ETH,53b5453d29f812a883a9,2025-10-27,2025,44,2024,44,False,2024-10-14,2024-11-17,5,4,True,32.0,537.0,0.0595903165735568,"{""low_testing"":1}"
ETH,53b5453d29f812a883a9,2025-11-03,2025,45,2020,45,False,2020-10-19,2020-11-22,5,0,False,,,,"{""unobserved_week"":5}"
ETH,53b5453d29f812a883a9,2025-11-03,2025,45,2021,45,False,2021-10-25,2021-11-28,5,0,False,,,,"{""unobserved_week"":5}"
ETH,53b5453d29f812a883a9,2025-11-03,2025,45,2022,45,False,2022-10-24,2022-11-27,5,5,True,29.0,775.0,0.03741935483870968,{}
ETH,53b5453d29f812a883a9,2025-11-03,2025,45,2023,45,False,2023-10-23,2023-11-26,5,5,True,219.0,1220.0,0.17950819672131146,{}
ETH,53b5453d29f812a883a9,2025-11-03,2025,45,2024,45,False,2024-10-21,2024-11-24,5,4,True,55.0,512.0,0.107421875,"{""low_testing"":1}"
ETH,53b5453d29f812a883a9,2025-11-10,2025,46,2020,46,False,2020-10-26,2020-11-29,5,0,False,,,,"{""unobserved_week"":5}"
ETH,53b5453d29f812a883a9,2025-11-10,2025,46,2021,46,False,2021-11-01,2021-12-05,5,0,False,,,,"{""unobserved_week"":5}"
ETH,53b5453d29f812a883a9,2025-11-10,2025,46,2022,46,False,2022-10-31,2022-12-04,5,5,True,35.0,783.0,0.04469987228607918,{}
ETH,53b5453d29f812a883a9,2025-11-10,2025,46,2023,46,False,2023-10-30,2023-12-03,5,5,True,246.0,1265.0,0.19446640316205532,{}
ETH,53b5453d29f812a883a9,2025-11-10,2025,46,2024,46,False,2024-10-28,2024-12-01,5,4,True,75.0,498.0,0.15060240963855423,"{""low_testing"":1}"
ETH,53b5453d29f812a883a9,2025-11-17,2025,47,2020,47,False,2020-11-02,2020-12-06,5,0,False,,,,"{""unobserved_week"":5}"
ETH,53b5453d29f812a883a9,2025-11-17,2025,47,2021,47,False,2021-11-08,2021-12-12,5,0,False,,,,"{""unobserved_week"":5}"
ETH,53b5453d29f812a883a9,2025-11-17,2025,47,2022,47,False,2022-11-07,2022-12-11,5,5,True,60.0,801.0,0.0749063670411985,{}
ETH,53b5453d29f812a883a9,2025-11-17,2025,47,2023,47,False,2023-11-06,2023-12-10,5,5,True,242.0,1212.0,0.19966996699669967,{}
ETH,53b5453d29f812a883a9,2025-11-17,2025,47,2024,47,False,2024-11-04,2024-12-08,5,4,True,82.0,525.0,0.15619047619047619,"{""low_testing"":1}"
ETH,53b5453d29f812a883a9,2025-11-24,2025,48,2020,48,False,2020-11-09,2020-12-13,5,0,False,,,,"{""unobserved_week"":5}"
ETH,53b5453d29f812a883a9,2025-11-24,2025,48,2021,48,False,2021-11-15,2021-12-19,5,0,False,,,,"{""unobserved_week"":5}"
ETH,53b5453d29f812a883a9,2025-11-24,2025,48,2022,48,False,2022-11-14,2022-12-18,5,5,True,96.0,854.0,0.11241217798594848,{}
ETH,53b5453d29f812a883a9,2025-11-24,2025,48,2023,48,False,2023-11-13,2023-12-17,5,5,True,226.0,1150.0,0.19652173913043477,{}
ETH,53b5453d29f812a883a9,2025-11-24,2025,48,2024,48,False,2024-11-11,2024-12-15,5,4,True,82.0,525.0,0.15619047619047619,"{""low_testing"":1}"
ETH,53b5453d29f812a883a9,2025-12-01,2025,49,2020,49,False,2020-11-16,2020-12-20,5,0,False,,,,"{""unobserved_week"":5}"
ETH,53b5453d29f812a883a9,2025-12-01,2025,49,2021,49,False,2021-11-22,2021-12-26,5,0,False,,,,"{""unobserved_week"":5}"
ETH,53b5453d29f812a883a9,2025-12-01,2025,49,2022,49,False,2022-11-21,2022-12-25,5,5,True,138.0,938.0,0.14712153518123666,{}
ETH,53b5453d29f812a883a9,2025-12-01,2025,49,2023,49,False,2023-11-20,2023-12-24,5,5,True,195.0,1102.0,0.17695099818511797,{}
ETH,53b5453d29f812a883a9,2025-12-01,2025,49,2024,49,False,2024-11-18,2024-12-22,5,4,True,75.0,502.0,0.14940239043824702,"{""low_testing"":1}"
ETH,53b5453d29f812a883a9,2025-12-08,2025,50,2020,50,False,2020-11-23,2020-12-27,5,0,False,,,,"{""unobserved_week"":5}"
ETH,53b5453d29f812a883a9,2025-12-08,2025,50,2021,50,False,2021-11-29,2022-01-02,5,0,False,,,,"{""unobserved_week"":5}"
ETH,53b5453d29f812a883a9,2025-12-08,2025,50,2022,50,False,2022-11-28,2023-01-01,5,5,True,154.0,942.0,0.16348195329087048,{}
ETH,53b5453d29f812a883a9,2025-12-08,2025,50,2023,50,False,2023-11-27,2023-12-31,5,5,True,165.0,1043.0,0.15819750719079578,{}
ETH,53b5453d29f812a883a9,2025-12-08,2025,50,2024,50,False,2024-11-25,2024-12-29,5,4,True,54.0,463.0,0.11663066954643629,"{""low_testing"":1}"
ETH,53b5453d29f812a883a9,2025-12-15,2025,51,2020,51,False,2020-11-30,2021-01-03,5,0,False,,,,"{""unobserved_week"":5}"
ETH,53b5453d29f812a883a9,2025-12-15,2025,51,2021,51,False,2021-12-06,2022-01-09,5,0,False,,,,"{""low_testing"":1,""unobserved_week"":4}"
ETH,53b5453d29f812a883a9,2025-12-15,2025,51,2022,51,False,2022-12-05,2023-01-08,5,5,True,164.0,949.0,0.17281348788198103,{}
ETH,53b5453d29f812a883a9,2025-12-15,2025,51,2023,51,False,2023-12-04,2024-01-07,5,5,True,114.0,943.0,0.12089077412513255,{}
ETH,53b5453d29f812a883a9,2025-12-15,2025,51,2024,51,False,2024-12-02,2025-01-05,5,3,False,32.0,362.0,,"{""low_testing"":1,""not_strictly_prior_target_iso_year"":1}"
ETH,53b5453d29f812a883a9,2025-12-22,2025,52,2020,52,False,2020-12-07,2021-01-10,5,0,False,,,,"{""unobserved_week"":5}"
ETH,53b5453d29f812a883a9,2025-12-22,2025,52,2021,52,False,2021-12-13,2022-01-16,5,0,False,,,,"{""low_testing"":2,""unobserved_week"":3}"
ETH,53b5453d29f812a883a9,2025-12-22,2025,52,2022,52,False,2022-12-12,2023-01-15,5,5,True,146.0,901.0,0.16204217536071033,{}
ETH,53b5453d29f812a883a9,2025-12-22,2025,52,2023,52,False,2023-12-11,2024-01-14,5,5,True,83.0,851.0,0.09753231492361927,{}
ETH,53b5453d29f812a883a9,2025-12-22,2025,52,2024,52,False,2024-12-09,2025-01-12,5,2,False,19.0,216.0,,"{""low_testing"":1,""not_strictly_prior_target_iso_year"":2}"
ETH,53b5453d29f812a883a9,2025-12-29,2026,1,2021,1,False,2020-12-21,2021-01-24,5,0,False,,,,"{""unobserved_week"":5}"
ETH,53b5453d29f812a883a9,2025-12-29,2026,1,2022,1,False,2021-12-20,2022-01-23,5,0,False,,,,"{""low_testing"":3,""unobserved_week"":2}"
ETH,53b5453d29f812a883a9,2025-12-29,2026,1,2023,1,False,2022-12-19,2023-01-22,5,5,True,133.0,839.0,0.15852205005959474,{}
ETH,53b5453d29f812a883a9,2025-12-29,2026,1,2024,1,False,2023-12-18,2024-01-21,5,5,True,51.0,870.0,0.05862068965517241,{}
ETH,53b5453d29f812a883a9,2025-12-29,2026,1,2025,1,False,2024-12-16,2025-01-19,5,4,True,44.0,473.0,0.09302325581395349,"{""low_testing"":1}"
ETH,53b5453d29f812a883a9,2026-01-05,2026,2,2021,2,False,2020-12-28,2021-01-31,5,0,False,,,,"{""unobserved_week"":5}"
ETH,53b5453d29f812a883a9,2026-01-05,2026,2,2022,2,False,2021-12-27,2022-01-30,5,0,False,,,,"{""low_testing"":4,""unobserved_week"":1}"
ETH,53b5453d29f812a883a9,2026-01-05,2026,2,2023,2,False,2022-12-26,2023-01-29,5,5,True,105.0,776.0,0.13530927835051546,{}
ETH,53b5453d29f812a883a9,2026-01-05,2026,2,2024,2,False,2023-12-25,2024-01-28,5,5,True,39.0,810.0,0.04814814814814815,{}
ETH,53b5453d29f812a883a9,2026-01-05,2026,2,2025,2,False,2024-12-23,2025-01-26,5,4,True,39.0,482.0,0.08091286307053942,"{""low_testing"":1}"
ETH,53b5453d29f812a883a9,2026-01-12,2026,3,2021,3,False,2021-01-04,2021-02-07,5,0,False,,,,"{""unobserved_week"":5}"
ETH,53b5453d29f812a883a9,2026-01-12,2026,3,2022,3,False,2022-01-03,2022-02-06,5,1,False,2.0,102.0,,"{""low_testing"":4}"
ETH,53b5453d29f812a883a9,2026-01-12,2026,3,2023,3,False,2023-01-02,2023-02-05,5,5,True,102.0,838.0,0.12171837708830549,{}
ETH,53b5453d29f812a883a9,2026-01-12,2026,3,2024,3,False,2024-01-01,2024-02-04,5,5,True,30.0,809.0,0.037082818294190356,{}
ETH,53b5453d29f812a883a9,2026-01-12,2026,3,2025,3,False,2024-12-30,2025-02-02,5,4,True,63.0,546.0,0.11538461538461539,"{""low_testing"":1}"
ETH,53b5453d29f812a883a9,2026-01-19,2026,4,2021,4,False,2021-01-11,2021-02-14,5,0,False,,,,"{""unobserved_week"":5}"
ETH,53b5453d29f812a883a9,2026-01-19,2026,4,2022,4,False,2022-01-10,2022-02-13,5,2,False,14.0,249.0,,"{""low_testing"":3}"
ETH,53b5453d29f812a883a9,2026-01-19,2026,4,2023,4,False,2023-01-09,2023-02-12,5,5,True,103.0,804.0,0.1281094527363184,{}
ETH,53b5453d29f812a883a9,2026-01-19,2026,4,2024,4,False,2024-01-08,2024-02-11,5,5,True,28.0,793.0,0.03530895334174023,{}
ETH,53b5453d29f812a883a9,2026-01-19,2026,4,2025,4,False,2025-01-06,2025-02-09,5,3,False,51.0,434.0,,"{""low_testing"":2}"
ETH,53b5453d29f812a883a9,2026-01-26,2026,5,2021,5,False,2021-01-18,2021-02-21,5,0,False,,,,"{""unobserved_week"":5}"
ETH,53b5453d29f812a883a9,2026-01-26,2026,5,2022,5,False,2022-01-17,2022-02-20,5,2,False,14.0,249.0,,"{""low_testing"":3}"
ETH,53b5453d29f812a883a9,2026-01-26,2026,5,2023,5,False,2023-01-16,2023-02-19,5,5,True,106.0,834.0,0.12709832134292565,{}
ETH,53b5453d29f812a883a9,2026-01-26,2026,5,2024,5,False,2024-01-15,2024-02-18,5,5,True,22.0,811.0,0.027127003699136867,{}
ETH,53b5453d29f812a883a9,2026-01-26,2026,5,2025,5,False,2025-01-13,2025-02-16,5,3,False,51.0,434.0,,"{""low_testing"":2}"
ETH,53b5453d29f812a883a9,2026-02-02,2026,6,2021,6,False,2021-01-25,2021-02-28,5,0,False,,,,"{""unobserved_week"":5}"
ETH,53b5453d29f812a883a9,2026-02-02,2026,6,2022,6,False,2022-01-24,2022-02-27,5,3,False,20.0,368.0,,"{""low_testing"":2}"
ETH,53b5453d29f812a883a9,2026-02-02,2026,6,2023,6,False,2023-01-23,2023-02-26,5,5,True,96.0,849.0,0.11307420494699646,{}
ETH,53b5453d29f812a883a9,2026-02-02,2026,6,2024,6,False,2024-01-22,2024-02-25,5,5,True,19.0,739.0,0.02571041948579161,{}
ETH,53b5453d29f812a883a9,2026-02-02,2026,6,2025,6,False,2025-01-20,2025-02-23,5,3,False,50.0,421.0,,"{""low_testing"":2}"
ETH,53b5453d29f812a883a9,2026-02-09,2026,7,2021,7,False,2021-02-01,2021-03-07,5,0,False,,,,"{""unobserved_week"":5}"
ETH,53b5453d29f812a883a9,2026-02-09,2026,7,2022,7,False,2022-01-31,2022-03-06,5,3,False,20.0,368.0,,"{""low_testing"":2}"
ETH,53b5453d29f812a883a9,2026-02-09,2026,7,2023,7,False,2023-01-30,2023-03-05,5,5,True,93.0,844.0,0.11018957345971564,{}
ETH,53b5453d29f812a883a9,2026-02-09,2026,7,2024,7,False,2024-01-29,2024-03-03,5,5,True,16.0,765.0,0.02091503267973856,{}
ETH,53b5453d29f812a883a9,2026-02-09,2026,7,2025,7,False,2025-01-27,2025-03-02,5,2,False,43.0,309.0,,"{""low_testing"":3}"
ETH,53b5453d29f812a883a9,2026-02-16,2026,8,2021,8,False,2021-02-08,2021-03-14,5,0,False,,,,"{""unobserved_week"":5}"
ETH,53b5453d29f812a883a9,2026-02-16,2026,8,2022,8,False,2022-02-07,2022-03-13,5,3,False,28.0,376.0,,"{""low_testing"":2}"
ETH,53b5453d29f812a883a9,2026-02-16,2026,8,2023,8,False,2023-02-06,2023-03-12,5,5,True,80.0,796.0,0.10050251256281408,{}
ETH,53b5453d29f812a883a9,2026-02-16,2026,8,2024,8,False,2024-02-05,2024-03-10,5,5,True,13.0,704.0,0.018465909090909092,{}
ETH,53b5453d29f812a883a9,2026-02-16,2026,8,2025,8,False,2025-02-03,2025-03-09,5,2,False,19.0,283.0,,"{""low_testing"":3}"
ETH,53b5453d29f812a883a9,2026-02-23,2026,9,2021,9,False,2021-02-15,2021-03-21,5,0,False,,,,"{""unobserved_week"":5}"
ETH,53b5453d29f812a883a9,2026-02-23,2026,9,2022,9,False,2022-02-14,2022-03-20,5,2,False,16.0,229.0,,"{""low_testing"":3}"
ETH,53b5453d29f812a883a9,2026-02-23,2026,9,2023,9,False,2023-02-13,2023-03-19,5,5,True,64.0,808.0,0.07920792079207921,{}
ETH,53b5453d29f812a883a9,2026-02-23,2026,9,2024,9,False,2024-02-12,2024-03-17,5,4,True,10.0,550.0,0.01818181818181818,"{""unobserved_week"":1}"
ETH,53b5453d29f812a883a9,2026-02-23,2026,9,2025,9,False,2025-02-10,2025-03-16,5,3,False,28.0,386.0,,"{""low_testing"":2}"
ETH,53b5453d29f812a883a9,2026-03-02,2026,10,2021,10,False,2021-02-22,2021-03-28,5,0,False,,,,"{""unobserved_week"":5}"
ETH,53b5453d29f812a883a9,2026-03-02,2026,10,2022,10,False,2022-02-21,2022-03-27,5,3,False,37.0,335.0,,"{""low_testing"":2}"
ETH,53b5453d29f812a883a9,2026-03-02,2026,10,2023,10,False,2023-02-20,2023-03-26,5,5,True,50.0,794.0,0.06297229219143577,{}
ETH,53b5453d29f812a883a9,2026-03-02,2026,10,2024,10,False,2024-02-19,2024-03-24,5,4,True,11.0,588.0,0.01870748299319728,"{""unobserved_week"":1}"
ETH,53b5453d29f812a883a9,2026-03-02,2026,10,2025,10,False,2025-02-17,2025-03-23,5,4,True,39.0,501.0,0.07784431137724551,"{""low_testing"":1}"
ETH,53b5453d29f812a883a9,2026-03-09,2026,11,2021,11,False,2021-03-01,2021-04-04,5,0,False,,,,"{""unobserved_week"":5}"
ETH,53b5453d29f812a883a9,2026-03-09,2026,11,2022,11,False,2022-02-28,2022-04-03,5,3,False,46.0,323.0,,"{""low_testing"":2}"
ETH,53b5453d29f812a883a9,2026-03-09,2026,11,2023,11,False,2023-02-27,2023-04-02,5,5,True,48.0,822.0,0.058394160583941604,{}
ETH,53b5453d29f812a883a9,2026-03-09,2026,11,2024,11,False,2024-02-26,2024-03-31,5,3,False,8.0,436.0,,"{""unobserved_week"":2}"
ETH,53b5453d29f812a883a9,2026-03-09,2026,11,2025,11,False,2025-02-24,2025-03-30,5,4,True,48.0,550.0,0.08727272727272728,"{""low_testing"":1}"
ETH,53b5453d29f812a883a9,2026-03-16,2026,12,2021,12,False,2021-03-08,2021-04-11,5,0,False,,,,"{""unobserved_week"":5}"
ETH,53b5453d29f812a883a9,2026-03-16,2026,12,2022,12,False,2022-03-07,2022-04-10,5,3,False,46.0,323.0,,"{""low_testing"":2}"
ETH,53b5453d29f812a883a9,2026-03-16,2026,12,2023,12,False,2023-03-06,2023-04-09,5,5,True,35.0,851.0,0.041128084606345476,{}
ETH,53b5453d29f812a883a9,2026-03-16,2026,12,2024,12,False,2024-03-04,2024-04-07,5,3,False,9.0,457.0,,"{""unobserved_week"":2}"
ETH,53b5453d29f812a883a9,2026-03-16,2026,12,2025,12,False,2025-03-03,2025-04-06,5,5,True,56.0,656.0,0.08536585365853659,{}
ETH,53b5453d29f812a883a9,2026-03-23,2026,13,2021,13,False,2021-03-15,2021-04-18,5,0,False,,,,"{""unobserved_week"":5}"
ETH,53b5453d29f812a883a9,2026-03-23,2026,13,2022,13,False,2022-03-14,2022-04-17,5,3,False,57.0,335.0,,"{""low_testing"":2}"
ETH,53b5453d29f812a883a9,2026-03-23,2026,13,2023,13,False,2023-03-13,2023-04-16,5,5,True,29.0,865.0,0.03352601156069364,{}
ETH,53b5453d29f812a883a9,2026-03-23,2026,13,2024,13,False,2024-03-11,2024-04-14,5,3,False,6.0,437.0,,"{""unobserved_week"":2}"
ETH,53b5453d29f812a883a9,2026-03-23,2026,13,2025,13,False,2025-03-10,2025-04-13,5,4,True,49.0,505.0,0.09702970297029703,"{""low_testing"":1}"
ETH,53b5453d29f812a883a9,2026-03-30,2026,14,2021,14,False,2021-03-22,2021-04-25,5,0,False,,,,"{""unobserved_week"":5}"
ETH,53b5453d29f812a883a9,2026-03-30,2026,14,2022,14,False,2022-03-21,2022-04-24,5,3,False,57.0,335.0,,"{""low_testing"":2}"
ETH,53b5453d29f812a883a9,2026-03-30,2026,14,2023,14,False,2023-03-20,2023-04-23,5,5,True,27.0,856.0,0.03154205607476635,{}
ETH,53b5453d29f812a883a9,2026-03-30,2026,14,2024,14,False,2024-03-18,2024-04-21,5,4,True,7.0,552.0,0.012681159420289856,"{""unobserved_week"":1}"
ETH,53b5453d29f812a883a9,2026-03-30,2026,14,2025,14,False,2025-03-17,2025-04-20,5,3,False,40.0,402.0,,"{""low_testing"":2}"
ETH,53b5453d29f812a883a9,2026-04-06,2026,15,2021,15,False,2021-03-29,2021-05-02,5,0,False,,,,"{""unobserved_week"":5}"
ETH,53b5453d29f812a883a9,2026-04-06,2026,15,2022,15,False,2022-03-28,2022-05-01,5,3,False,46.0,359.0,,"{""low_testing"":2}"
ETH,53b5453d29f812a883a9,2026-04-06,2026,15,2023,15,False,2023-03-27,2023-04-30,5,5,True,28.0,836.0,0.03349282296650718,{}
ETH,53b5453d29f812a883a9,2026-04-06,2026,15,2024,15,False,2024-03-25,2024-04-28,5,4,True,6.0,528.0,0.011363636363636364,"{""unobserved_week"":1}"
ETH,53b5453d29f812a883a9,2026-04-06,2026,15,2025,15,False,2025-03-24,2025-04-27,5,2,False,29.0,287.0,,"{""low_testing"":3}"
ETH,53b5453d29f812a883a9,2026-04-13,2026,16,2021,16,False,2021-04-05,2021-05-09,5,0,False,,,,"{""unobserved_week"":5}"
ETH,53b5453d29f812a883a9,2026-04-13,2026,16,2022,16,False,2022-04-04,2022-05-08,5,2,False,31.0,252.0,,"{""low_testing"":3}"
ETH,53b5453d29f812a883a9,2026-04-13,2026,16,2023,16,False,2023-04-03,2023-05-07,5,5,True,15.0,758.0,0.01978891820580475,{}
ETH,53b5453d29f812a883a9,2026-04-13,2026,16,2024,16,False,2024-04-01,2024-05-05,5,4,True,6.0,528.0,0.011363636363636364,"{""unobserved_week"":1}"
ETH,53b5453d29f812a883a9,2026-04-13,2026,16,2025,16,False,2025-03-31,2025-05-04,5,1,False,8.0,106.0,,"{""low_testing"":4}"
ETH,53b5453d29f812a883a9,2026-04-20,2026,17,2021,17,False,2021-04-12,2021-05-16,5,0,False,,,,"{""unobserved_week"":5}"
ETH,53b5453d29f812a883a9,2026-04-20,2026,17,2022,17,False,2022-04-11,2022-05-15,5,3,False,46.0,390.0,,"{""low_testing"":2}"
ETH,53b5453d29f812a883a9,2026-04-20,2026,17,2023,17,False,2023-04-10,2023-05-14,5,4,True,12.0,578.0,0.020761245674740483,"{""unobserved_week"":1}"
ETH,53b5453d29f812a883a9,2026-04-20,2026,17,2024,17,False,2024-04-08,2024-05-12,5,3,False,3.0,357.0,,"{""unobserved_week"":2}"
ETH,53b5453d29f812a883a9,2026-04-20,2026,17,2025,17,False,2025-04-07,2025-05-11,5,0,False,,,,"{""low_testing"":5}"
ETH,53b5453d29f812a883a9,2026-04-27,2026,18,2021,18,False,2021-04-19,2021-05-23,5,0,False,,,,"{""unobserved_week"":5}"
ETH,53b5453d29f812a883a9,2026-04-27,2026,18,2022,18,False,2022-04-18,2022-05-22,5,3,False,42.0,386.0,,"{""low_testing"":2}"
ETH,53b5453d29f812a883a9,2026-04-27,2026,18,2023,18,False,2023-04-17,2023-05-21,5,4,True,12.0,597.0,0.020100502512562814,"{""unobserved_week"":1}"
ETH,53b5453d29f812a883a9,2026-04-27,2026,18,2024,18,False,2024-04-15,2024-05-19,5,3,False,3.0,388.0,,"{""unobserved_week"":2}"
ETH,53b5453d29f812a883a9,2026-04-27,2026,18,2025,18,False,2025-04-14,2025-05-18,5,1,False,5.0,105.0,,"{""low_testing"":4}"
ETH,53b5453d29f812a883a9,2026-05-04,2026,19,2021,19,False,2021-04-26,2021-05-30,5,0,False,,,,"{""unobserved_week"":5}"
ETH,53b5453d29f812a883a9,2026-05-04,2026,19,2022,19,False,2022-04-25,2022-05-29,5,4,True,66.0,501.0,0.1317365269461078,"{""low_testing"":1}"
ETH,53b5453d29f812a883a9,2026-05-04,2026,19,2023,19,False,2023-04-24,2023-05-28,5,3,False,8.0,456.0,,"{""unobserved_week"":2}"
ETH,53b5453d29f812a883a9,2026-05-04,2026,19,2024,19,False,2024-04-22,2024-05-26,5,2,False,2.0,273.0,,"{""unobserved_week"":3}"
ETH,53b5453d29f812a883a9,2026-05-04,2026,19,2025,19,False,2025-04-21,2025-05-25,5,1,False,5.0,105.0,,"{""low_testing"":4}"
ETH,53b5453d29f812a883a9,2026-05-11,2026,20,2021,20,False,2021-05-03,2021-06-06,5,0,False,,,,"{""unobserved_week"":5}"
ETH,53b5453d29f812a883a9,2026-05-11,2026,20,2022,20,False,2022-05-02,2022-06-05,5,4,True,78.0,522.0,0.14942528735632185,"{""low_testing"":1}"
ETH,53b5453d29f812a883a9,2026-05-11,2026,20,2023,20,False,2023-05-01,2023-06-04,5,3,False,6.0,496.0,,"{""unobserved_week"":2}"
ETH,53b5453d29f812a883a9,2026-05-11,2026,20,2024,20,False,2024-04-29,2024-06-02,5,2,False,3.0,262.0,,"{""unobserved_week"":3}"
ETH,53b5453d29f812a883a9,2026-05-11,2026,20,2025,20,False,2025-04-28,2025-06-01,5,2,False,15.0,219.0,,"{""low_testing"":3}"
ETH,53b5453d29f812a883a9,2026-05-18,2026,21,2021,21,False,2021-05-10,2021-06-13,5,0,False,,,,"{""unobserved_week"":5}"
ETH,53b5453d29f812a883a9,2026-05-18,2026,21,2022,21,False,2022-05-09,2022-06-12,5,5,True,100.0,683.0,0.14641288433382138,{}
ETH,53b5453d29f812a883a9,2026-05-18,2026,21,2023,21,False,2023-05-08,2023-06-11,5,2,False,5.0,374.0,,"{""unobserved_week"":3}"
ETH,53b5453d29f812a883a9,2026-05-18,2026,21,2024,21,False,2024-05-06,2024-06-09,5,3,False,5.0,362.0,,"{""unobserved_week"":2}"
ETH,53b5453d29f812a883a9,2026-05-18,2026,21,2025,21,False,2025-05-05,2025-06-08,5,2,False,15.0,219.0,,"{""low_testing"":3}"
ETH,53b5453d29f812a883a9,2026-05-25,2026,22,2021,22,False,2021-05-17,2021-06-20,5,0,False,,,,"{""unobserved_week"":5}"
ETH,53b5453d29f812a883a9,2026-05-25,2026,22,2022,22,False,2022-05-16,2022-06-19,5,5,True,104.0,686.0,0.15160349854227406,{}
ETH,53b5453d29f812a883a9,2026-05-25,2026,22,2023,22,False,2023-05-15,2023-06-18,5,3,False,6.0,519.0,,"{""unobserved_week"":2}"
ETH,53b5453d29f812a883a9,2026-05-25,2026,22,2024,22,False,2024-05-13,2024-06-16,5,4,True,8.0,554.0,0.01444043321299639,"{""unobserved_week"":1}"
ETH,53b5453d29f812a883a9,2026-05-25,2026,22,2025,22,False,2025-05-12,2025-06-15,5,2,False,15.0,219.0,,"{""low_testing"":2,""unobserved_week"":1}"
ETH,53b5453d29f812a883a9,2026-06-01,2026,23,2021,23,False,2021-05-24,2021-06-27,5,0,False,,,,"{""unobserved_week"":5}"
ETH,53b5453d29f812a883a9,2026-06-01,2026,23,2022,23,False,2022-05-23,2022-06-26,5,5,True,104.0,691.0,0.15050651230101303,{}
ETH,53b5453d29f812a883a9,2026-06-01,2026,23,2023,23,False,2023-05-22,2023-06-25,5,2,False,2.0,323.0,,"{""unobserved_week"":3}"
ETH,53b5453d29f812a883a9,2026-06-01,2026,23,2024,23,False,2024-05-20,2024-06-23,5,3,False,7.0,419.0,,"{""low_testing"":1,""unobserved_week"":1}"
ETH,53b5453d29f812a883a9,2026-06-01,2026,23,2025,23,False,2025-05-19,2025-06-22,5,1,False,10.0,114.0,,"{""low_testing"":3,""unobserved_week"":1}"
ETH,53b5453d29f812a883a9,2026-06-08,2026,24,2021,24,False,2021-05-31,2021-07-04,5,0,False,,,,"{""unobserved_week"":5}"
ETH,53b5453d29f812a883a9,2026-06-08,2026,24,2022,24,False,2022-05-30,2022-07-03,5,5,True,91.0,699.0,0.1301859799713877,{}
ETH,53b5453d29f812a883a9,2026-06-08,2026,24,2023,24,False,2023-05-29,2023-07-02,5,2,False,2.0,323.0,,"{""unobserved_week"":3}"
ETH,53b5453d29f812a883a9,2026-06-08,2026,24,2024,24,False,2024-05-27,2024-06-30,5,3,False,7.0,419.0,,"{""low_testing"":1,""unobserved_week"":1}"
ETH,53b5453d29f812a883a9,2026-06-08,2026,24,2025,24,False,2025-05-26,2025-06-29,5,1,False,10.0,114.0,,"{""low_testing"":3,""unobserved_week"":1}"
ETH,53b5453d29f812a883a9,2026-06-15,2026,25,2021,25,False,2021-06-07,2021-07-11,5,0,False,,,,"{""unobserved_week"":5}"
ETH,53b5453d29f812a883a9,2026-06-15,2026,25,2022,25,False,2022-06-06,2022-07-10,5,5,True,76.0,677.0,0.11225997045790251,{}
ETH,53b5453d29f812a883a9,2026-06-15,2026,25,2023,25,False,2023-06-05,2023-07-09,5,2,False,3.0,361.0,,"{""unobserved_week"":3}"
ETH,53b5453d29f812a883a9,2026-06-15,2026,25,2024,25,False,2024-06-03,2024-07-07,5,3,False,6.0,464.0,,"{""low_testing"":1,""unobserved_week"":1}"
ETH,53b5453d29f812a883a9,2026-06-15,2026,25,2025,25,False,2025-06-02,2025-07-06,5,0,False,,,,"{""low_testing"":3,""unobserved_week"":2}"
ETH,53b5453d29f812a883a9,2026-06-22,2026,26,2021,26,False,2021-06-14,2021-07-18,5,0,False,,,,"{""unobserved_week"":5}"
ETH,53b5453d29f812a883a9,2026-06-22,2026,26,2022,26,False,2022-06-13,2022-07-17,5,5,True,71.0,696.0,0.10201149425287356,{}
ETH,53b5453d29f812a883a9,2026-06-22,2026,26,2023,26,False,2023-06-12,2023-07-16,5,2,False,3.0,361.0,,"{""unobserved_week"":3}"
ETH,53b5453d29f812a883a9,2026-06-22,2026,26,2024,26,False,2024-06-10,2024-07-14,5,3,False,9.0,513.0,,"{""low_testing"":1,""unobserved_week"":1}"
ETH,53b5453d29f812a883a9,2026-06-22,2026,26,2025,26,False,2025-06-09,2025-07-13,5,0,False,,,,"{""low_testing"":2,""unobserved_week"":3}"
ETH,53b5453d29f812a883a9,2026-06-29,2026,27,2021,27,False,2021-06-21,2021-07-25,5,0,False,,,,"{""unobserved_week"":5}"
ETH,53b5453d29f812a883a9,2026-06-29,2026,27,2022,27,False,2022-06-20,2022-07-24,5,5,True,62.0,697.0,0.08895265423242468,{}
ETH,53b5453d29f812a883a9,2026-06-29,2026,27,2023,27,False,2023-06-19,2023-07-23,5,2,False,3.0,370.0,,"{""unobserved_week"":3}"
ETH,53b5453d29f812a883a9,2026-06-29,2026,27,2024,27,False,2024-06-17,2024-07-21,5,3,False,8.0,525.0,,"{""low_testing"":1,""unobserved_week"":1}"
ETH,53b5453d29f812a883a9,2026-06-29,2026,27,2025,27,False,2025-06-16,2025-07-20,5,0,False,,,,"{""low_testing"":3,""unobserved_week"":2}"
ETH,53b5453d29f812a883a9,2026-07-06,2026,28,2021,28,False,2021-06-28,2021-08-01,5,0,False,,,,"{""unobserved_week"":5}"
ETH,53b5453d29f812a883a9,2026-07-06,2026,28,2022,28,False,2022-06-27,2022-07-31,5,5,True,67.0,736.0,0.09103260869565218,{}
ETH,53b5453d29f812a883a9,2026-07-06,2026,28,2023,28,False,2023-06-26,2023-07-30,5,3,False,10.0,525.0,,"{""unobserved_week"":2}"
ETH,53b5453d29f812a883a9,2026-07-06,2026,28,2024,28,False,2024-06-24,2024-07-28,5,4,True,20.0,705.0,0.028368794326241134,"{""unobserved_week"":1}"
ETH,53b5453d29f812a883a9,2026-07-06,2026,28,2025,28,False,2025-06-23,2025-07-27,5,0,False,,,,"{""low_testing"":2,""unobserved_week"":3}"
ETH,53b5453d29f812a883a9,2026-07-13,2026,29,2021,29,False,2021-07-05,2021-08-08,5,0,False,,,,"{""unobserved_week"":5}"
ETH,53b5453d29f812a883a9,2026-07-13,2026,29,2022,29,False,2022-07-04,2022-08-07,5,5,True,70.0,807.0,0.08674101610904585,{}
ETH,53b5453d29f812a883a9,2026-07-13,2026,29,2023,29,False,2023-07-03,2023-08-06,5,3,False,10.0,525.0,,"{""unobserved_week"":2}"
ETH,53b5453d29f812a883a9,2026-07-13,2026,29,2024,29,False,2024-07-01,2024-08-04,5,5,True,28.0,861.0,0.032520325203252036,{}
ETH,53b5453d29f812a883a9,2026-07-13,2026,29,2025,29,False,2025-06-30,2025-08-03,5,0,False,,,,"{""low_testing"":2,""unobserved_week"":3}"
ETH,53b5453d29f812a883a9,2026-07-20,2026,30,2021,30,False,2021-07-12,2021-08-15,5,0,False,,,,"{""unobserved_week"":5}"
ETH,53b5453d29f812a883a9,2026-07-20,2026,30,2022,30,False,2022-07-11,2022-08-14,5,5,True,72.0,872.0,0.08256880733944955,{}
ETH,53b5453d29f812a883a9,2026-07-20,2026,30,2023,30,False,2023-07-10,2023-08-13,5,3,False,11.0,460.0,,"{""unobserved_week"":2}"
ETH,53b5453d29f812a883a9,2026-07-20,2026,30,2024,30,False,2024-07-08,2024-08-11,5,5,True,47.0,879.0,0.053469852104664393,{}
ETH,53b5453d29f812a883a9,2026-07-20,2026,30,2025,30,False,2025-07-07,2025-08-10,5,1,False,3.0,110.0,,"{""low_testing"":2,""unobserved_week"":2}"
ETH,53b5453d29f812a883a9,2026-07-27,2026,31,2021,31,False,2021-07-19,2021-08-22,5,0,False,,,,"{""unobserved_week"":5}"
ETH,53b5453d29f812a883a9,2026-07-27,2026,31,2022,31,False,2022-07-18,2022-08-21,5,5,True,79.0,906.0,0.08719646799116998,{}
ETH,53b5453d29f812a883a9,2026-07-27,2026,31,2023,31,False,2023-07-17,2023-08-20,5,4,True,14.0,620.0,0.02258064516129032,"{""unobserved_week"":1}"
ETH,53b5453d29f812a883a9,2026-07-27,2026,31,2024,31,False,2024-07-15,2024-08-18,5,5,True,59.0,883.0,0.06681766704416761,{}
ETH,53b5453d29f812a883a9,2026-07-27,2026,31,2025,31,False,2025-07-14,2025-08-17,5,2,False,8.0,249.0,,"{""low_testing"":2,""unobserved_week"":1}"
ETH,53b5453d29f812a883a9,2026-08-03,2026,32,2021,32,False,2021-07-26,2021-08-29,5,0,False,,,,"{""unobserved_week"":5}"
ETH,53b5453d29f812a883a9,2026-08-03,2026,32,2022,32,False,2022-07-25,2022-08-28,5,5,True,82.0,905.0,0.09060773480662983,{}
ETH,53b5453d29f812a883a9,2026-08-03,2026,32,2023,32,False,2023-07-24,2023-08-27,5,4,True,19.0,639.0,0.0297339593114241,"{""unobserved_week"":1}"
ETH,53b5453d29f812a883a9,2026-08-03,2026,32,2024,32,False,2024-07-22,2024-08-25,5,5,True,83.0,896.0,0.09263392857142858,{}
ETH,53b5453d29f812a883a9,2026-08-03,2026,32,2025,32,False,2025-07-21,2025-08-24,5,3,False,17.0,373.0,,"{""low_testing"":1,""unobserved_week"":1}"
ETH,53b5453d29f812a883a9,2026-08-10,2026,33,2021,33,False,2021-08-02,2021-09-05,5,0,False,,,,"{""unobserved_week"":5}"
ETH,53b5453d29f812a883a9,2026-08-10,2026,33,2022,33,False,2022-08-01,2022-09-04,5,5,True,70.0,896.0,0.078125,{}
ETH,53b5453d29f812a883a9,2026-08-10,2026,33,2023,33,False,2023-07-31,2023-09-03,5,4,True,14.0,708.0,0.01977401129943503,"{""unobserved_week"":1}"
ETH,53b5453d29f812a883a9,2026-08-10,2026,33,2024,33,False,2024-07-29,2024-09-01,5,5,True,88.0,869.0,0.10126582278481013,{}
ETH,53b5453d29f812a883a9,2026-08-10,2026,33,2025,33,False,2025-07-28,2025-08-31,5,4,True,21.0,511.0,0.0410958904109589,"{""low_testing"":1}"
ETH,53b5453d29f812a883a9,2026-08-17,2026,34,2021,34,False,2021-08-09,2021-09-12,5,0,False,,,,"{""unobserved_week"":5}"
ETH,53b5453d29f812a883a9,2026-08-17,2026,34,2022,34,False,2022-08-08,2022-09-11,5,4,True,56.0,702.0,0.07977207977207977,"{""low_testing"":1}"
ETH,53b5453d29f812a883a9,2026-08-17,2026,34,2023,34,False,2023-08-07,2023-09-10,5,5,True,20.0,920.0,0.021739130434782608,{}
ETH,53b5453d29f812a883a9,2026-08-17,2026,34,2024,34,False,2024-08-05,2024-09-08,5,5,True,90.0,863.0,0.10428736964078796,{}
ETH,53b5453d29f812a883a9,2026-08-17,2026,34,2025,34,False,2025-08-04,2025-09-07,5,5,True,30.0,624.0,0.04807692307692308,{}
ISR,3007b6680d529a52d448,2025-08-25,2025,35,2020,35,False,2020-08-10,2020-09-13,5,0,False,,,,"{""unobserved_week"":5}"
ISR,3007b6680d529a52d448,2025-08-25,2025,35,2021,35,False,2021-08-16,2021-09-19,5,0,False,,,,"{""unobserved_week"":5}"
ISR,3007b6680d529a52d448,2025-08-25,2025,35,2022,35,False,2022-08-15,2022-09-18,5,0,False,,,,"{""unobserved_week"":5}"
ISR,3007b6680d529a52d448,2025-08-25,2025,35,2023,35,False,2023-08-14,2023-09-17,5,0,False,,,,"{""unobserved_week"":5}"
ISR,3007b6680d529a52d448,2025-08-25,2025,35,2024,35,False,2024-08-12,2024-09-15,5,0,False,,,,"{""unobserved_week"":5}"
ISR,3007b6680d529a52d448,2025-09-01,2025,36,2020,36,False,2020-08-17,2020-09-20,5,0,False,,,,"{""unobserved_week"":5}"
ISR,3007b6680d529a52d448,2025-09-01,2025,36,2021,36,False,2021-08-23,2021-09-26,5,0,False,,,,"{""unobserved_week"":5}"
ISR,3007b6680d529a52d448,2025-09-01,2025,36,2022,36,False,2022-08-22,2022-09-25,5,0,False,,,,"{""unobserved_week"":5}"
ISR,3007b6680d529a52d448,2025-09-01,2025,36,2023,36,False,2023-08-21,2023-09-24,5,0,False,,,,"{""unobserved_week"":5}"
ISR,3007b6680d529a52d448,2025-09-01,2025,36,2024,36,False,2024-08-19,2024-09-22,5,0,False,,,,"{""unobserved_week"":5}"
ISR,3007b6680d529a52d448,2025-09-08,2025,37,2020,37,False,2020-08-24,2020-09-27,5,0,False,,,,"{""unobserved_week"":5}"
ISR,3007b6680d529a52d448,2025-09-08,2025,37,2021,37,False,2021-08-30,2021-10-03,5,0,False,,,,"{""unobserved_week"":5}"
ISR,3007b6680d529a52d448,2025-09-08,2025,37,2022,37,False,2022-08-29,2022-10-02,5,0,False,,,,"{""unobserved_week"":5}"
ISR,3007b6680d529a52d448,2025-09-08,2025,37,2023,37,False,2023-08-28,2023-10-01,5,0,False,,,,"{""unobserved_week"":5}"
ISR,3007b6680d529a52d448,2025-09-08,2025,37,2024,37,False,2024-08-26,2024-09-29,5,0,False,,,,"{""unobserved_week"":5}"
ISR,3007b6680d529a52d448,2025-09-15,2025,38,2020,38,False,2020-08-31,2020-10-04,5,0,False,,,,"{""unobserved_week"":5}"
ISR,3007b6680d529a52d448,2025-09-15,2025,38,2021,38,False,2021-09-06,2021-10-10,5,0,False,,,,"{""unobserved_week"":5}"
ISR,3007b6680d529a52d448,2025-09-15,2025,38,2022,38,False,2022-09-05,2022-10-09,5,0,False,,,,"{""unobserved_week"":5}"
ISR,3007b6680d529a52d448,2025-09-15,2025,38,2023,38,False,2023-09-04,2023-10-08,5,0,False,,,,"{""unobserved_week"":5}"
ISR,3007b6680d529a52d448,2025-09-15,2025,38,2024,38,False,2024-09-02,2024-10-06,5,0,False,,,,"{""unobserved_week"":5}"
ISR,3007b6680d529a52d448,2025-09-22,2025,39,2020,39,False,2020-09-07,2020-10-11,5,0,False,,,,"{""unobserved_week"":5}"
ISR,3007b6680d529a52d448,2025-09-22,2025,39,2021,39,False,2021-09-13,2021-10-17,5,0,False,,,,"{""unobserved_week"":5}"
ISR,3007b6680d529a52d448,2025-09-22,2025,39,2022,39,False,2022-09-12,2022-10-16,5,0,False,,,,"{""unobserved_week"":5}"
ISR,3007b6680d529a52d448,2025-09-22,2025,39,2023,39,False,2023-09-11,2023-10-15,5,0,False,,,,"{""unobserved_week"":5}"
ISR,3007b6680d529a52d448,2025-09-22,2025,39,2024,39,False,2024-09-09,2024-10-13,5,0,False,,,,"{""unobserved_week"":5}"
ISR,3007b6680d529a52d448,2025-09-29,2025,40,2020,40,False,2020-09-14,2020-10-18,5,0,False,,,,"{""unobserved_week"":5}"
ISR,3007b6680d529a52d448,2025-09-29,2025,40,2021,40,False,2021-09-20,2021-10-24,5,0,False,,,,"{""unobserved_week"":5}"
ISR,3007b6680d529a52d448,2025-09-29,2025,40,2022,40,False,2022-09-19,2022-10-23,5,0,False,,,,"{""unobserved_week"":5}"
ISR,3007b6680d529a52d448,2025-09-29,2025,40,2023,40,False,2023-09-18,2023-10-22,5,0,False,,,,"{""unobserved_week"":5}"
ISR,3007b6680d529a52d448,2025-09-29,2025,40,2024,40,False,2024-09-16,2024-10-20,5,0,False,,,,"{""unobserved_week"":5}"
ISR,3007b6680d529a52d448,2025-10-06,2025,41,2020,41,False,2020-09-21,2020-10-25,5,0,False,,,,"{""unobserved_week"":5}"
ISR,3007b6680d529a52d448,2025-10-06,2025,41,2021,41,False,2021-09-27,2021-10-31,5,0,False,,,,"{""unobserved_week"":5}"
ISR,3007b6680d529a52d448,2025-10-06,2025,41,2022,41,False,2022-09-26,2022-10-30,5,0,False,,,,"{""low_testing"":1,""unobserved_week"":4}"
ISR,3007b6680d529a52d448,2025-10-06,2025,41,2023,41,False,2023-09-25,2023-10-29,5,0,False,,,,"{""unobserved_week"":5}"
ISR,3007b6680d529a52d448,2025-10-06,2025,41,2024,41,False,2024-09-23,2024-10-27,5,0,False,,,,"{""unobserved_week"":5}"
ISR,3007b6680d529a52d448,2025-10-13,2025,42,2020,42,False,2020-09-28,2020-11-01,5,0,False,,,,"{""unobserved_week"":5}"
ISR,3007b6680d529a52d448,2025-10-13,2025,42,2021,42,False,2021-10-04,2021-11-07,5,0,False,,,,"{""low_testing"":1,""unobserved_week"":4}"
ISR,3007b6680d529a52d448,2025-10-13,2025,42,2022,42,False,2022-10-03,2022-11-06,5,0,False,,,,"{""low_testing"":2,""unobserved_week"":3}"
ISR,3007b6680d529a52d448,2025-10-13,2025,42,2023,42,False,2023-10-02,2023-11-05,5,0,False,,,,"{""low_testing"":1,""unobserved_week"":4}"
ISR,3007b6680d529a52d448,2025-10-13,2025,42,2024,42,False,2024-09-30,2024-11-03,5,0,False,,,,"{""low_testing"":1,""unobserved_week"":4}"
ISR,3007b6680d529a52d448,2025-10-20,2025,43,2020,43,False,2020-10-05,2020-11-08,5,0,False,,,,"{""unobserved_week"":5}"
ISR,3007b6680d529a52d448,2025-10-20,2025,43,2021,43,False,2021-10-11,2021-11-14,5,0,False,,,,"{""low_testing"":1,""unobserved_week"":4}"
ISR,3007b6680d529a52d448,2025-10-20,2025,43,2022,43,False,2022-10-10,2022-11-13,5,0,False,,,,"{""low_testing"":3,""unobserved_week"":2}"
ISR,3007b6680d529a52d448,2025-10-20,2025,43,2023,43,False,2023-10-09,2023-11-12,5,0,False,,,,"{""low_testing"":2,""unobserved_week"":3}"
ISR,3007b6680d529a52d448,2025-10-20,2025,43,2024,43,False,2024-10-07,2024-11-10,5,0,False,,,,"{""low_testing"":2,""unobserved_week"":3}"
ISR,3007b6680d529a52d448,2025-10-27,2025,44,2020,44,False,2020-10-12,2020-11-15,5,0,False,,,,"{""unobserved_week"":5}"
ISR,3007b6680d529a52d448,2025-10-27,2025,44,2021,44,False,2021-10-18,2021-11-21,5,0,False,,,,"{""low_testing"":2,""unobserved_week"":3}"
ISR,3007b6680d529a52d448,2025-10-27,2025,44,2022,44,False,2022-10-17,2022-11-20,5,0,False,,,,"{""low_testing"":4,""unobserved_week"":1}"
ISR,3007b6680d529a52d448,2025-10-27,2025,44,2023,44,False,2023-10-16,2023-11-19,5,0,False,,,,"{""low_testing"":2,""unobserved_week"":3}"
ISR,3007b6680d529a52d448,2025-10-27,2025,44,2024,44,False,2024-10-14,2024-11-17,5,0,False,,,,"{""low_testing"":3,""unobserved_week"":2}"
ISR,3007b6680d529a52d448,2025-11-03,2025,45,2020,45,False,2020-10-19,2020-11-22,5,0,False,,,,"{""unobserved_week"":5}"
ISR,3007b6680d529a52d448,2025-11-03,2025,45,2021,45,False,2021-10-25,2021-11-28,5,0,False,,,,"{""low_testing"":3,""unobserved_week"":2}"
ISR,3007b6680d529a52d448,2025-11-03,2025,45,2022,45,False,2022-10-24,2022-11-27,5,0,False,,,,"{""low_testing"":5}"
ISR,3007b6680d529a52d448,2025-11-03,2025,45,2023,45,False,2023-10-23,2023-11-26,5,0,False,,,,"{""low_testing"":3,""unobserved_week"":2}"
ISR,3007b6680d529a52d448,2025-11-03,2025,45,2024,45,False,2024-10-21,2024-11-24,5,0,False,,,,"{""low_testing"":4,""unobserved_week"":1}"
ISR,3007b6680d529a52d448,2025-11-10,2025,46,2020,46,False,2020-10-26,2020-11-29,5,0,False,,,,"{""unobserved_week"":5}"
ISR,3007b6680d529a52d448,2025-11-10,2025,46,2021,46,False,2021-11-01,2021-12-05,5,0,False,,,,"{""low_testing"":4,""unobserved_week"":1}"
ISR,3007b6680d529a52d448,2025-11-10,2025,46,2022,46,False,2022-10-31,2022-12-04,5,0,False,,,,"{""low_testing"":5}"
ISR,3007b6680d529a52d448,2025-11-10,2025,46,2023,46,False,2023-10-30,2023-12-03,5,0,False,,,,"{""low_testing"":3,""unobserved_week"":2}"
ISR,3007b6680d529a52d448,2025-11-10,2025,46,2024,46,False,2024-10-28,2024-12-01,5,0,False,,,,"{""low_testing"":5}"
ISR,3007b6680d529a52d448,2025-11-17,2025,47,2020,47,False,2020-11-02,2020-12-06,5,0,False,,,,"{""unobserved_week"":5}"
ISR,3007b6680d529a52d448,2025-11-17,2025,47,2021,47,False,2021-11-08,2021-12-12,5,0,False,,,,"{""low_testing"":4,""unobserved_week"":1}"
ISR,3007b6680d529a52d448,2025-11-17,2025,47,2022,47,False,2022-11-07,2022-12-11,5,0,False,,,,"{""low_testing"":5}"
ISR,3007b6680d529a52d448,2025-11-17,2025,47,2023,47,False,2023-11-06,2023-12-10,5,0,False,,,,"{""low_testing"":2,""unobserved_week"":3}"
ISR,3007b6680d529a52d448,2025-11-17,2025,47,2024,47,False,2024-11-04,2024-12-08,5,1,False,23.0,100.0,,"{""low_testing"":4}"
ISR,3007b6680d529a52d448,2025-11-24,2025,48,2020,48,False,2020-11-09,2020-12-13,5,0,False,,,,"{""unobserved_week"":5}"
ISR,3007b6680d529a52d448,2025-11-24,2025,48,2021,48,False,2021-11-15,2021-12-19,5,0,False,,,,"{""low_testing"":5}"
ISR,3007b6680d529a52d448,2025-11-24,2025,48,2022,48,False,2022-11-14,2022-12-18,5,0,False,,,,"{""low_testing"":5}"
ISR,3007b6680d529a52d448,2025-11-24,2025,48,2023,48,False,2023-11-13,2023-12-17,5,0,False,,,,"{""low_testing"":1,""unobserved_week"":4}"
ISR,3007b6680d529a52d448,2025-11-24,2025,48,2024,48,False,2024-11-11,2024-12-15,5,1,False,23.0,100.0,,"{""low_testing"":4}"
ISR,3007b6680d529a52d448,2025-12-01,2025,49,2020,49,False,2020-11-16,2020-12-20,5,0,False,,,,"{""unobserved_week"":5}"
ISR,3007b6680d529a52d448,2025-12-01,2025,49,2021,49,False,2021-11-22,2021-12-26,5,0,False,,,,"{""low_testing"":5}"
ISR,3007b6680d529a52d448,2025-12-01,2025,49,2022,49,False,2022-11-21,2022-12-25,5,0,False,,,,"{""low_testing"":5}"
ISR,3007b6680d529a52d448,2025-12-01,2025,49,2023,49,False,2023-11-20,2023-12-24,5,0,False,,,,"{""low_testing"":1,""unobserved_week"":4}"
ISR,3007b6680d529a52d448,2025-12-01,2025,49,2024,49,False,2024-11-18,2024-12-22,5,1,False,23.0,100.0,,"{""low_testing"":4}"
ISR,3007b6680d529a52d448,2025-12-08,2025,50,2020,50,False,2020-11-23,2020-12-27,5,0,False,,,,"{""unobserved_week"":5}"
ISR,3007b6680d529a52d448,2025-12-08,2025,50,2021,50,False,2021-11-29,2022-01-02,5,1,False,70.0,102.0,,"{""low_testing"":4}"
ISR,3007b6680d529a52d448,2025-12-08,2025,50,2022,50,False,2022-11-28,2023-01-01,5,0,False,,,,"{""low_testing"":5}"
ISR,3007b6680d529a52d448,2025-12-08,2025,50,2023,50,False,2023-11-27,2023-12-31,5,0,False,,,,"{""low_testing"":1,""unobserved_week"":4}"
ISR,3007b6680d529a52d448,2025-12-08,2025,50,2024,50,False,2024-11-25,2024-12-29,5,1,False,23.0,100.0,,"{""low_testing"":4}"
ISR,3007b6680d529a52d448,2025-12-15,2025,51,2020,51,False,2020-11-30,2021-01-03,5,0,False,,,,"{""unobserved_week"":5}"
ISR,3007b6680d529a52d448,2025-12-15,2025,51,2021,51,False,2021-12-06,2022-01-09,5,1,False,70.0,102.0,,"{""low_testing"":4}"
ISR,3007b6680d529a52d448,2025-12-15,2025,51,2022,51,False,2022-12-05,2023-01-08,5,0,False,,,,"{""low_testing"":5}"
ISR,3007b6680d529a52d448,2025-12-15,2025,51,2023,51,False,2023-12-04,2024-01-07,5,0,False,,,,"{""low_testing"":2,""unobserved_week"":3}"
ISR,3007b6680d529a52d448,2025-12-15,2025,51,2024,51,False,2024-12-02,2025-01-05,5,1,False,23.0,100.0,,"{""low_testing"":3,""not_strictly_prior_target_iso_year"":1}"
ISR,3007b6680d529a52d448,2025-12-22,2025,52,2020,52,False,2020-12-07,2021-01-10,5,0,False,,,,"{""unobserved_week"":5}"
ISR,3007b6680d529a52d448,2025-12-22,2025,52,2021,52,False,2021-12-13,2022-01-16,5,1,False,70.0,102.0,,"{""low_testing"":4}"
ISR,3007b6680d529a52d448,2025-12-22,2025,52,2022,52,False,2022-12-12,2023-01-15,5,0,False,,,,"{""low_testing"":5}"
ISR,3007b6680d529a52d448,2025-12-22,2025,52,2023,52,False,2023-12-11,2024-01-14,5,0,False,,,,"{""low_testing"":3,""unobserved_week"":2}"
ISR,3007b6680d529a52d448,2025-12-22,2025,52,2024,52,False,2024-12-09,2025-01-12,5,0,False,,,,"{""low_testing"":3,""not_strictly_prior_target_iso_year"":2}"
ISR,3007b6680d529a52d448,2025-12-29,2026,1,2021,1,False,2020-12-21,2021-01-24,5,0,False,,,,"{""unobserved_week"":5}"
ISR,3007b6680d529a52d448,2025-12-29,2026,1,2022,1,False,2021-12-20,2022-01-23,5,1,False,70.0,102.0,,"{""low_testing"":4}"
ISR,3007b6680d529a52d448,2025-12-29,2026,1,2023,1,False,2022-12-19,2023-01-22,5,0,False,,,,"{""low_testing"":5}"
ISR,3007b6680d529a52d448,2025-12-29,2026,1,2024,1,False,2023-12-18,2024-01-21,5,0,False,,,,"{""low_testing"":4,""unobserved_week"":1}"
ISR,3007b6680d529a52d448,2025-12-29,2026,1,2025,1,False,2024-12-16,2025-01-19,5,0,False,,,,"{""low_testing"":5}"
ISR,3007b6680d529a52d448,2026-01-05,2026,2,2021,2,False,2020-12-28,2021-01-31,5,0,False,,,,"{""unobserved_week"":5}"
ISR,3007b6680d529a52d448,2026-01-05,2026,2,2022,2,False,2021-12-27,2022-01-30,5,1,False,70.0,102.0,,"{""low_testing"":3,""unobserved_week"":1}"
ISR,3007b6680d529a52d448,2026-01-05,2026,2,2023,2,False,2022-12-26,2023-01-29,5,0,False,,,,"{""low_testing"":5}"
ISR,3007b6680d529a52d448,2026-01-05,2026,2,2024,2,False,2023-12-25,2024-01-28,5,0,False,,,,"{""low_testing"":5}"
ISR,3007b6680d529a52d448,2026-01-05,2026,2,2025,2,False,2024-12-23,2025-01-26,5,0,False,,,,"{""low_testing"":5}"
ISR,3007b6680d529a52d448,2026-01-12,2026,3,2021,3,False,2021-01-04,2021-02-07,5,0,False,,,,"{""unobserved_week"":5}"
ISR,3007b6680d529a52d448,2026-01-12,2026,3,2022,3,False,2022-01-03,2022-02-06,5,0,False,,,,"{""low_testing"":3,""unobserved_week"":2}"
ISR,3007b6680d529a52d448,2026-01-12,2026,3,2023,3,False,2023-01-02,2023-02-05,5,0,False,,,,"{""low_testing"":5}"
ISR,3007b6680d529a52d448,2026-01-12,2026,3,2024,3,False,2024-01-01,2024-02-04,5,1,False,35.0,106.0,,"{""low_testing"":4}"
ISR,3007b6680d529a52d448,2026-01-12,2026,3,2025,3,False,2024-12-30,2025-02-02,5,0,False,,,,"{""low_testing"":5}"
ISR,3007b6680d529a52d448,2026-01-19,2026,4,2021,4,False,2021-01-11,2021-02-14,5,0,False,,,,"{""unobserved_week"":5}"
ISR,3007b6680d529a52d448,2026-01-19,2026,4,2022,4,False,2022-01-10,2022-02-13,5,0,False,,,,"{""low_testing"":2,""unobserved_week"":3}"
ISR,3007b6680d529a52d448,2026-01-19,2026,4,2023,4,False,2023-01-09,2023-02-12,5,0,False,,,,"{""low_testing"":5}"
ISR,3007b6680d529a52d448,2026-01-19,2026,4,2024,4,False,2024-01-08,2024-02-11,5,2,False,89.0,238.0,,"{""low_testing"":3}"
ISR,3007b6680d529a52d448,2026-01-19,2026,4,2025,4,False,2025-01-06,2025-02-09,5,0,False,,,,"{""low_testing"":5}"
ISR,3007b6680d529a52d448,2026-01-26,2026,5,2021,5,False,2021-01-18,2021-02-21,5,0,False,,,,"{""unobserved_week"":5}"
ISR,3007b6680d529a52d448,2026-01-26,2026,5,2022,5,False,2022-01-17,2022-02-20,5,0,False,,,,"{""low_testing"":2,""unobserved_week"":3}"
ISR,3007b6680d529a52d448,2026-01-26,2026,5,2023,5,False,2023-01-16,2023-02-19,5,1,False,59.0,105.0,,"{""low_testing"":4}"
ISR,3007b6680d529a52d448,2026-01-26,2026,5,2024,5,False,2024-01-15,2024-02-18,5,2,False,89.0,238.0,,"{""low_testing"":2,""unobserved_week"":1}"
ISR,3007b6680d529a52d448,2026-01-26,2026,5,2025,5,False,2025-01-13,2025-02-16,5,0,False,,,,"{""low_testing"":5}"
ISR,3007b6680d529a52d448,2026-02-02,2026,6,2021,6,False,2021-01-25,2021-02-28,5,0,False,,,,"{""unobserved_week"":5}"
ISR,3007b6680d529a52d448,2026-02-02,2026,6,2022,6,False,2022-01-24,2022-02-27,5,0,False,,,,"{""low_testing"":1,""unobserved_week"":4}"
ISR,3007b6680d529a52d448,2026-02-02,2026,6,2023,6,False,2023-01-23,2023-02-26,5,1,False,59.0,105.0,,"{""low_testing"":4}"
ISR,3007b6680d529a52d448,2026-02-02,2026,6,2024,6,False,2024-01-22,2024-02-25,5,3,False,140.0,343.0,,"{""low_testing"":1,""unobserved_week"":1}"
ISR,3007b6680d529a52d448,2026-02-02,2026,6,2025,6,False,2025-01-20,2025-02-23,5,0,False,,,,"{""low_testing"":5}"
ISR,3007b6680d529a52d448,2026-02-09,2026,7,2021,7,False,2021-02-01,2021-03-07,5,0,False,,,,"{""unobserved_week"":5}"
ISR,3007b6680d529a52d448,2026-02-09,2026,7,2022,7,False,2022-01-31,2022-03-06,5,0,False,,,,"{""low_testing"":1,""unobserved_week"":4}"
ISR,3007b6680d529a52d448,2026-02-09,2026,7,2023,7,False,2023-01-30,2023-03-05,5,1,False,59.0,105.0,,"{""low_testing"":4}"
ISR,3007b6680d529a52d448,2026-02-09,2026,7,2024,7,False,2024-01-29,2024-03-03,5,4,True,201.0,453.0,0.44370860927152317,"{""unobserved_week"":1}"
ISR,3007b6680d529a52d448,2026-02-09,2026,7,2025,7,False,2025-01-27,2025-03-02,5,0,False,,,,"{""low_testing"":5}"
ISR,3007b6680d529a52d448,2026-02-16,2026,8,2021,8,False,2021-02-08,2021-03-14,5,0,False,,,,"{""unobserved_week"":5}"
ISR,3007b6680d529a52d448,2026-02-16,2026,8,2022,8,False,2022-02-07,2022-03-13,5,0,False,,,,"{""low_testing"":2,""unobserved_week"":3}"
ISR,3007b6680d529a52d448,2026-02-16,2026,8,2023,8,False,2023-02-06,2023-03-12,5,1,False,59.0,105.0,,"{""low_testing"":4}"
ISR,3007b6680d529a52d448,2026-02-16,2026,8,2024,8,False,2024-02-05,2024-03-10,5,3,False,166.0,347.0,,"{""low_testing"":1,""unobserved_week"":1}"
ISR,3007b6680d529a52d448,2026-02-16,2026,8,2025,8,False,2025-02-03,2025-03-09,5,0,False,,,,"{""low_testing"":5}"
ISR,3007b6680d529a52d448,2026-02-23,2026,9,2021,9,False,2021-02-15,2021-03-21,5,0,False,,,,"{""unobserved_week"":5}"
ISR,3007b6680d529a52d448,2026-02-23,2026,9,2022,9,False,2022-02-14,2022-03-20,5,0,False,,,,"{""low_testing"":2,""unobserved_week"":3}"
ISR,3007b6680d529a52d448,2026-02-23,2026,9,2023,9,False,2023-02-13,2023-03-19,5,1,False,59.0,105.0,,"{""low_testing"":4}"
ISR,3007b6680d529a52d448,2026-02-23,2026,9,2024,9,False,2024-02-12,2024-03-17,5,2,False,112.0,215.0,,"{""low_testing"":2,""unobserved_week"":1}"
ISR,3007b6680d529a52d448,2026-02-23,2026,9,2025,9,False,2025-02-10,2025-03-16,5,0,False,,,,"{""low_testing"":5}"
ISR,3007b6680d529a52d448,2026-03-02,2026,10,2021,10,False,2021-02-22,2021-03-28,5,0,False,,,,"{""unobserved_week"":5}"
ISR,3007b6680d529a52d448,2026-03-02,2026,10,2022,10,False,2022-02-21,2022-03-27,5,0,False,,,,"{""low_testing"":1,""unobserved_week"":4}"
ISR,3007b6680d529a52d448,2026-03-02,2026,10,2023,10,False,2023-02-20,2023-03-26,5,0,False,,,,"{""low_testing"":4,""unobserved_week"":1}"
ISR,3007b6680d529a52d448,2026-03-02,2026,10,2024,10,False,2024-02-19,2024-03-24,5,2,False,112.0,215.0,,"{""low_testing"":3}"
ISR,3007b6680d529a52d448,2026-03-02,2026,10,2025,10,False,2025-02-17,2025-03-23,5,0,False,,,,"{""low_testing"":4,""unobserved_week"":1}"
ISR,3007b6680d529a52d448,2026-03-09,2026,11,2021,11,False,2021-03-01,2021-04-04,5,0,False,,,,"{""unobserved_week"":5}"
ISR,3007b6680d529a52d448,2026-03-09,2026,11,2022,11,False,2022-02-28,2022-04-03,5,0,False,,,,"{""low_testing"":1,""unobserved_week"":4}"
ISR,3007b6680d529a52d448,2026-03-09,2026,11,2023,11,False,2023-02-27,2023-04-02,5,0,False,,,,"{""low_testing"":3,""unobserved_week"":2}"
ISR,3007b6680d529a52d448,2026-03-09,2026,11,2024,11,False,2024-02-26,2024-03-31,5,1,False,61.0,110.0,,"{""low_testing"":3,""unobserved_week"":1}"
ISR,3007b6680d529a52d448,2026-03-09,2026,11,2025,11,False,2025-02-24,2025-03-30,5,0,False,,,,"{""low_testing"":3,""unobserved_week"":2}"
ISR,3007b6680d529a52d448,2026-03-16,2026,12,2021,12,False,2021-03-08,2021-04-11,5,0,False,,,,"{""unobserved_week"":5}"
ISR,3007b6680d529a52d448,2026-03-16,2026,12,2022,12,False,2022-03-07,2022-04-10,5,0,False,,,,"{""low_testing"":1,""unobserved_week"":4}"
ISR,3007b6680d529a52d448,2026-03-16,2026,12,2023,12,False,2023-03-06,2023-04-09,5,0,False,,,,"{""low_testing"":2,""unobserved_week"":3}"
ISR,3007b6680d529a52d448,2026-03-16,2026,12,2024,12,False,2024-03-04,2024-04-07,5,0,False,,,,"{""low_testing"":3,""unobserved_week"":2}"
ISR,3007b6680d529a52d448,2026-03-16,2026,12,2025,12,False,2025-03-03,2025-04-06,5,0,False,,,,"{""low_testing"":2,""unobserved_week"":3}"
ISR,3007b6680d529a52d448,2026-03-23,2026,13,2021,13,False,2021-03-15,2021-04-18,5,0,False,,,,"{""unobserved_week"":5}"
ISR,3007b6680d529a52d448,2026-03-23,2026,13,2022,13,False,2022-03-14,2022-04-17,5,0,False,,,,"{""unobserved_week"":5}"
ISR,3007b6680d529a52d448,2026-03-23,2026,13,2023,13,False,2023-03-13,2023-04-16,5,0,False,,,,"{""low_testing"":1,""unobserved_week"":4}"
ISR,3007b6680d529a52d448,2026-03-23,2026,13,2024,13,False,2024-03-11,2024-04-14,5,0,False,,,,"{""low_testing"":2,""unobserved_week"":3}"
ISR,3007b6680d529a52d448,2026-03-23,2026,13,2025,13,False,2025-03-10,2025-04-13,5,0,False,,,,"{""low_testing"":1,""unobserved_week"":4}"
ISR,3007b6680d529a52d448,2026-03-30,2026,14,2021,14,False,2021-03-22,2021-04-25,5,0,False,,,,"{""unobserved_week"":5}"
ISR,3007b6680d529a52d448,2026-03-30,2026,14,2022,14,False,2022-03-21,2022-04-24,5,0,False,,,,"{""unobserved_week"":5}"
ISR,3007b6680d529a52d448,2026-03-30,2026,14,2023,14,False,2023-03-20,2023-04-23,5,0,False,,,,"{""unobserved_week"":5}"
ISR,3007b6680d529a52d448,2026-03-30,2026,14,2024,14,False,2024-03-18,2024-04-21,5,0,False,,,,"{""low_testing"":1,""unobserved_week"":4}"
ISR,3007b6680d529a52d448,2026-03-30,2026,14,2025,14,False,2025-03-17,2025-04-20,5,0,False,,,,"{""unobserved_week"":5}"
ISR,3007b6680d529a52d448,2026-04-06,2026,15,2021,15,False,2021-03-29,2021-05-02,5,0,False,,,,"{""unobserved_week"":5}"
ISR,3007b6680d529a52d448,2026-04-06,2026,15,2022,15,False,2022-03-28,2022-05-01,5,0,False,,,,"{""unobserved_week"":5}"
ISR,3007b6680d529a52d448,2026-04-06,2026,15,2023,15,False,2023-03-27,2023-04-30,5,0,False,,,,"{""unobserved_week"":5}"
ISR,3007b6680d529a52d448,2026-04-06,2026,15,2024,15,False,2024-03-25,2024-04-28,5,0,False,,,,"{""unobserved_week"":5}"
ISR,3007b6680d529a52d448,2026-04-06,2026,15,2025,15,False,2025-03-24,2025-04-27,5,0,False,,,,"{""unobserved_week"":5}"
ISR,3007b6680d529a52d448,2026-04-13,2026,16,2021,16,False,2021-04-05,2021-05-09,5,0,False,,,,"{""unobserved_week"":5}"
ISR,3007b6680d529a52d448,2026-04-13,2026,16,2022,16,False,2022-04-04,2022-05-08,5,0,False,,,,"{""unobserved_week"":5}"
ISR,3007b6680d529a52d448,2026-04-13,2026,16,2023,16,False,2023-04-03,2023-05-07,5,0,False,,,,"{""unobserved_week"":5}"
ISR,3007b6680d529a52d448,2026-04-13,2026,16,2024,16,False,2024-04-01,2024-05-05,5,0,False,,,,"{""unobserved_week"":5}"
ISR,3007b6680d529a52d448,2026-04-13,2026,16,2025,16,False,2025-03-31,2025-05-04,5,0,False,,,,"{""unobserved_week"":5}"
ISR,3007b6680d529a52d448,2026-04-20,2026,17,2021,17,False,2021-04-12,2021-05-16,5,0,False,,,,"{""unobserved_week"":5}"
ISR,3007b6680d529a52d448,2026-04-20,2026,17,2022,17,False,2022-04-11,2022-05-15,5,0,False,,,,"{""unobserved_week"":5}"
ISR,3007b6680d529a52d448,2026-04-20,2026,17,2023,17,False,2023-04-10,2023-05-14,5,0,False,,,,"{""unobserved_week"":5}"
ISR,3007b6680d529a52d448,2026-04-20,2026,17,2024,17,False,2024-04-08,2024-05-12,5,0,False,,,,"{""unobserved_week"":5}"
ISR,3007b6680d529a52d448,2026-04-20,2026,17,2025,17,False,2025-04-07,2025-05-11,5,0,False,,,,"{""unobserved_week"":5}"
ISR,3007b6680d529a52d448,2026-04-27,2026,18,2021,18,False,2021-04-19,2021-05-23,5,0,False,,,,"{""unobserved_week"":5}"
ISR,3007b6680d529a52d448,2026-04-27,2026,18,2022,18,False,2022-04-18,2022-05-22,5,0,False,,,,"{""unobserved_week"":5}"
ISR,3007b6680d529a52d448,2026-04-27,2026,18,2023,18,False,2023-04-17,2023-05-21,5,0,False,,,,"{""unobserved_week"":5}"
ISR,3007b6680d529a52d448,2026-04-27,2026,18,2024,18,False,2024-04-15,2024-05-19,5,0,False,,,,"{""unobserved_week"":5}"
ISR,3007b6680d529a52d448,2026-04-27,2026,18,2025,18,False,2025-04-14,2025-05-18,5,0,False,,,,"{""unobserved_week"":5}"
ISR,3007b6680d529a52d448,2026-05-04,2026,19,2021,19,False,2021-04-26,2021-05-30,5,0,False,,,,"{""unobserved_week"":5}"
ISR,3007b6680d529a52d448,2026-05-04,2026,19,2022,19,False,2022-04-25,2022-05-29,5,0,False,,,,"{""unobserved_week"":5}"
ISR,3007b6680d529a52d448,2026-05-04,2026,19,2023,19,False,2023-04-24,2023-05-28,5,0,False,,,,"{""unobserved_week"":5}"
ISR,3007b6680d529a52d448,2026-05-04,2026,19,2024,19,False,2024-04-22,2024-05-26,5,0,False,,,,"{""unobserved_week"":5}"
ISR,3007b6680d529a52d448,2026-05-04,2026,19,2025,19,False,2025-04-21,2025-05-25,5,0,False,,,,"{""unobserved_week"":5}"
ISR,3007b6680d529a52d448,2026-05-11,2026,20,2021,20,False,2021-05-03,2021-06-06,5,0,False,,,,"{""unobserved_week"":5}"
ISR,3007b6680d529a52d448,2026-05-11,2026,20,2022,20,False,2022-05-02,2022-06-05,5,0,False,,,,"{""unobserved_week"":5}"
ISR,3007b6680d529a52d448,2026-05-11,2026,20,2023,20,False,2023-05-01,2023-06-04,5,0,False,,,,"{""unobserved_week"":5}"
ISR,3007b6680d529a52d448,2026-05-11,2026,20,2024,20,False,2024-04-29,2024-06-02,5,0,False,,,,"{""unobserved_week"":5}"
ISR,3007b6680d529a52d448,2026-05-11,2026,20,2025,20,False,2025-04-28,2025-06-01,5,0,False,,,,"{""unobserved_week"":5}"
ISR,3007b6680d529a52d448,2026-05-18,2026,21,2021,21,False,2021-05-10,2021-06-13,5,0,False,,,,"{""unobserved_week"":5}"
ISR,3007b6680d529a52d448,2026-05-18,2026,21,2022,21,False,2022-05-09,2022-06-12,5,0,False,,,,"{""unobserved_week"":5}"
ISR,3007b6680d529a52d448,2026-05-18,2026,21,2023,21,False,2023-05-08,2023-06-11,5,0,False,,,,"{""unobserved_week"":5}"
ISR,3007b6680d529a52d448,2026-05-18,2026,21,2024,21,False,2024-05-06,2024-06-09,5,0,False,,,,"{""unobserved_week"":5}"
ISR,3007b6680d529a52d448,2026-05-18,2026,21,2025,21,False,2025-05-05,2025-06-08,5,0,False,,,,"{""unobserved_week"":5}"
ISR,3007b6680d529a52d448,2026-05-25,2026,22,2021,22,False,2021-05-17,2021-06-20,5,0,False,,,,"{""unobserved_week"":5}"
ISR,3007b6680d529a52d448,2026-05-25,2026,22,2022,22,False,2022-05-16,2022-06-19,5,0,False,,,,"{""unobserved_week"":5}"
ISR,3007b6680d529a52d448,2026-05-25,2026,22,2023,22,False,2023-05-15,2023-06-18,5,0,False,,,,"{""unobserved_week"":5}"
ISR,3007b6680d529a52d448,2026-05-25,2026,22,2024,22,False,2024-05-13,2024-06-16,5,0,False,,,,"{""unobserved_week"":5}"
ISR,3007b6680d529a52d448,2026-05-25,2026,22,2025,22,False,2025-05-12,2025-06-15,5,0,False,,,,"{""unobserved_week"":5}"
ISR,3007b6680d529a52d448,2026-06-01,2026,23,2021,23,False,2021-05-24,2021-06-27,5,0,False,,,,"{""unobserved_week"":5}"
ISR,3007b6680d529a52d448,2026-06-01,2026,23,2022,23,False,2022-05-23,2022-06-26,5,0,False,,,,"{""unobserved_week"":5}"
ISR,3007b6680d529a52d448,2026-06-01,2026,23,2023,23,False,2023-05-22,2023-06-25,5,0,False,,,,"{""unobserved_week"":5}"
ISR,3007b6680d529a52d448,2026-06-01,2026,23,2024,23,False,2024-05-20,2024-06-23,5,0,False,,,,"{""unobserved_week"":5}"
ISR,3007b6680d529a52d448,2026-06-01,2026,23,2025,23,False,2025-05-19,2025-06-22,5,0,False,,,,"{""unobserved_week"":5}"
ISR,3007b6680d529a52d448,2026-06-08,2026,24,2021,24,False,2021-05-31,2021-07-04,5,0,False,,,,"{""unobserved_week"":5}"
ISR,3007b6680d529a52d448,2026-06-08,2026,24,2022,24,False,2022-05-30,2022-07-03,5,0,False,,,,"{""unobserved_week"":5}"
ISR,3007b6680d529a52d448,2026-06-08,2026,24,2023,24,False,2023-05-29,2023-07-02,5,0,False,,,,"{""unobserved_week"":5}"
ISR,3007b6680d529a52d448,2026-06-08,2026,24,2024,24,False,2024-05-27,2024-06-30,5,0,False,,,,"{""unobserved_week"":5}"
ISR,3007b6680d529a52d448,2026-06-08,2026,24,2025,24,False,2025-05-26,2025-06-29,5,0,False,,,,"{""unobserved_week"":5}"
ISR,3007b6680d529a52d448,2026-06-15,2026,25,2021,25,False,2021-06-07,2021-07-11,5,0,False,,,,"{""unobserved_week"":5}"
ISR,3007b6680d529a52d448,2026-06-15,2026,25,2022,25,False,2022-06-06,2022-07-10,5,0,False,,,,"{""unobserved_week"":5}"
ISR,3007b6680d529a52d448,2026-06-15,2026,25,2023,25,False,2023-06-05,2023-07-09,5,0,False,,,,"{""unobserved_week"":5}"
ISR,3007b6680d529a52d448,2026-06-15,2026,25,2024,25,False,2024-06-03,2024-07-07,5,0,False,,,,"{""unobserved_week"":5}"
ISR,3007b6680d529a52d448,2026-06-15,2026,25,2025,25,False,2025-06-02,2025-07-06,5,0,False,,,,"{""unobserved_week"":5}"
ISR,3007b6680d529a52d448,2026-06-22,2026,26,2021,26,False,2021-06-14,2021-07-18,5,0,False,,,,"{""unobserved_week"":5}"
ISR,3007b6680d529a52d448,2026-06-22,2026,26,2022,26,False,2022-06-13,2022-07-17,5,0,False,,,,"{""unobserved_week"":5}"
ISR,3007b6680d529a52d448,2026-06-22,2026,26,2023,26,False,2023-06-12,2023-07-16,5,0,False,,,,"{""unobserved_week"":5}"
ISR,3007b6680d529a52d448,2026-06-22,2026,26,2024,26,False,2024-06-10,2024-07-14,5,0,False,,,,"{""unobserved_week"":5}"
ISR,3007b6680d529a52d448,2026-06-22,2026,26,2025,26,False,2025-06-09,2025-07-13,5,0,False,,,,"{""unobserved_week"":5}"
ISR,3007b6680d529a52d448,2026-06-29,2026,27,2021,27,False,2021-06-21,2021-07-25,5,0,False,,,,"{""unobserved_week"":5}"
ISR,3007b6680d529a52d448,2026-06-29,2026,27,2022,27,False,2022-06-20,2022-07-24,5,0,False,,,,"{""unobserved_week"":5}"
ISR,3007b6680d529a52d448,2026-06-29,2026,27,2023,27,False,2023-06-19,2023-07-23,5,0,False,,,,"{""unobserved_week"":5}"
ISR,3007b6680d529a52d448,2026-06-29,2026,27,2024,27,False,2024-06-17,2024-07-21,5,0,False,,,,"{""unobserved_week"":5}"
ISR,3007b6680d529a52d448,2026-06-29,2026,27,2025,27,False,2025-06-16,2025-07-20,5,0,False,,,,"{""unobserved_week"":5}"
ISR,3007b6680d529a52d448,2026-07-06,2026,28,2021,28,False,2021-06-28,2021-08-01,5,0,False,,,,"{""unobserved_week"":5}"
ISR,3007b6680d529a52d448,2026-07-06,2026,28,2022,28,False,2022-06-27,2022-07-31,5,0,False,,,,"{""low_testing"":1,""unobserved_week"":4}"
ISR,3007b6680d529a52d448,2026-07-06,2026,28,2023,28,False,2023-06-26,2023-07-30,5,0,False,,,,"{""unobserved_week"":5}"
ISR,3007b6680d529a52d448,2026-07-06,2026,28,2024,28,False,2024-06-24,2024-07-28,5,0,False,,,,"{""unobserved_week"":5}"
ISR,3007b6680d529a52d448,2026-07-06,2026,28,2025,28,False,2025-06-23,2025-07-27,5,0,False,,,,"{""unobserved_week"":5}"
ISR,3007b6680d529a52d448,2026-07-13,2026,29,2021,29,False,2021-07-05,2021-08-08,5,0,False,,,,"{""unobserved_week"":5}"
ISR,3007b6680d529a52d448,2026-07-13,2026,29,2022,29,False,2022-07-04,2022-08-07,5,0,False,,,,"{""low_testing"":1,""unobserved_week"":4}"
ISR,3007b6680d529a52d448,2026-07-13,2026,29,2023,29,False,2023-07-03,2023-08-06,5,0,False,,,,"{""unobserved_week"":5}"
ISR,3007b6680d529a52d448,2026-07-13,2026,29,2024,29,False,2024-07-01,2024-08-04,5,0,False,,,,"{""unobserved_week"":5}"
ISR,3007b6680d529a52d448,2026-07-13,2026,29,2025,29,False,2025-06-30,2025-08-03,5,0,False,,,,"{""unobserved_week"":5}"
ISR,3007b6680d529a52d448,2026-07-20,2026,30,2021,30,False,2021-07-12,2021-08-15,5,0,False,,,,"{""unobserved_week"":5}"
ISR,3007b6680d529a52d448,2026-07-20,2026,30,2022,30,False,2022-07-11,2022-08-14,5,0,False,,,,"{""low_testing"":1,""unobserved_week"":4}"
ISR,3007b6680d529a52d448,2026-07-20,2026,30,2023,30,False,2023-07-10,2023-08-13,5,0,False,,,,"{""unobserved_week"":5}"
ISR,3007b6680d529a52d448,2026-07-20,2026,30,2024,30,False,2024-07-08,2024-08-11,5,0,False,,,,"{""unobserved_week"":5}"
ISR,3007b6680d529a52d448,2026-07-20,2026,30,2025,30,False,2025-07-07,2025-08-10,5,0,False,,,,"{""unobserved_week"":5}"
ISR,3007b6680d529a52d448,2026-07-27,2026,31,2021,31,False,2021-07-19,2021-08-22,5,0,False,,,,"{""unobserved_week"":5}"
ISR,3007b6680d529a52d448,2026-07-27,2026,31,2022,31,False,2022-07-18,2022-08-21,5,0,False,,,,"{""low_testing"":1,""unobserved_week"":4}"
ISR,3007b6680d529a52d448,2026-07-27,2026,31,2023,31,False,2023-07-17,2023-08-20,5,0,False,,,,"{""unobserved_week"":5}"
ISR,3007b6680d529a52d448,2026-07-27,2026,31,2024,31,False,2024-07-15,2024-08-18,5,0,False,,,,"{""unobserved_week"":5}"
ISR,3007b6680d529a52d448,2026-07-27,2026,31,2025,31,False,2025-07-14,2025-08-17,5,0,False,,,,"{""unobserved_week"":5}"
ISR,3007b6680d529a52d448,2026-08-03,2026,32,2021,32,False,2021-07-26,2021-08-29,5,0,False,,,,"{""unobserved_week"":5}"
ISR,3007b6680d529a52d448,2026-08-03,2026,32,2022,32,False,2022-07-25,2022-08-28,5,0,False,,,,"{""low_testing"":1,""unobserved_week"":4}"
ISR,3007b6680d529a52d448,2026-08-03,2026,32,2023,32,False,2023-07-24,2023-08-27,5,0,False,,,,"{""unobserved_week"":5}"
ISR,3007b6680d529a52d448,2026-08-03,2026,32,2024,32,False,2024-07-22,2024-08-25,5,0,False,,,,"{""unobserved_week"":5}"
ISR,3007b6680d529a52d448,2026-08-03,2026,32,2025,32,False,2025-07-21,2025-08-24,5,0,False,,,,"{""unobserved_week"":5}"
ISR,3007b6680d529a52d448,2026-08-10,2026,33,2021,33,False,2021-08-02,2021-09-05,5,0,False,,,,"{""unobserved_week"":5}"
ISR,3007b6680d529a52d448,2026-08-10,2026,33,2022,33,False,2022-08-01,2022-09-04,5,0,False,,,,"{""unobserved_week"":5}"
ISR,3007b6680d529a52d448,2026-08-10,2026,33,2023,33,False,2023-07-31,2023-09-03,5,0,False,,,,"{""unobserved_week"":5}"
ISR,3007b6680d529a52d448,2026-08-10,2026,33,2024,33,False,2024-07-29,2024-09-01,5,0,False,,,,"{""unobserved_week"":5}"
ISR,3007b6680d529a52d448,2026-08-10,2026,33,2025,33,False,2025-07-28,2025-08-31,5,0,False,,,,"{""unobserved_week"":5}"
ISR,3007b6680d529a52d448,2026-08-17,2026,34,2021,34,False,2021-08-09,2021-09-12,5,0,False,,,,"{""unobserved_week"":5}"
ISR,3007b6680d529a52d448,2026-08-17,2026,34,2022,34,False,2022-08-08,2022-09-11,5,0,False,,,,"{""unobserved_week"":5}"
ISR,3007b6680d529a52d448,2026-08-17,2026,34,2023,34,False,2023-08-07,2023-09-10,5,0,False,,,,"{""unobserved_week"":5}"
ISR,3007b6680d529a52d448,2026-08-17,2026,34,2024,34,False,2024-08-05,2024-09-08,5,0,False,,,,"{""unobserved_week"":5}"
ISR,3007b6680d529a52d448,2026-08-17,2026,34,2025,34,False,2025-08-04,2025-09-07,5,0,False,,,,"{""unobserved_week"":5}"
LBN,3c1f8d84c35f92a69284,2025-08-25,2025,35,2020,35,False,2020-08-10,2020-09-13,5,0,False,,,,"{""unobserved_week"":5}"
LBN,3c1f8d84c35f92a69284,2025-08-25,2025,35,2021,35,False,2021-08-16,2021-09-19,5,2,False,15.0,315.0,,"{""low_testing"":1,""unobserved_week"":2}"
LBN,3c1f8d84c35f92a69284,2025-08-25,2025,35,2022,35,False,2022-08-15,2022-09-18,5,0,False,,,,"{""unobserved_week"":5}"
LBN,3c1f8d84c35f92a69284,2025-08-25,2025,35,2023,35,False,2023-08-14,2023-09-17,5,0,False,,,,"{""low_testing"":5}"
LBN,3c1f8d84c35f92a69284,2025-08-25,2025,35,2024,35,False,2024-08-12,2024-09-15,5,0,False,,,,"{""low_testing"":1,""unobserved_week"":4}"
LBN,3c1f8d84c35f92a69284,2025-09-01,2025,36,2020,36,False,2020-08-17,2020-09-20,5,0,False,,,,"{""unobserved_week"":5}"
LBN,3c1f8d84c35f92a69284,2025-09-01,2025,36,2021,36,False,2021-08-23,2021-09-26,5,3,False,18.0,436.0,,"{""unobserved_week"":2}"
LBN,3c1f8d84c35f92a69284,2025-09-01,2025,36,2022,36,False,2022-08-22,2022-09-25,5,0,False,,,,"{""unobserved_week"":5}"
LBN,3c1f8d84c35f92a69284,2025-09-01,2025,36,2023,36,False,2023-08-21,2023-09-24,5,0,False,,,,"{""low_testing"":4,""unobserved_week"":1}"
LBN,3c1f8d84c35f92a69284,2025-09-01,2025,36,2024,36,False,2024-08-19,2024-09-22,5,0,False,,,,"{""low_testing"":1,""unobserved_week"":4}"
LBN,3c1f8d84c35f92a69284,2025-09-08,2025,37,2020,37,False,2020-08-24,2020-09-27,5,0,False,,,,"{""unobserved_week"":5}"
LBN,3c1f8d84c35f92a69284,2025-09-08,2025,37,2021,37,False,2021-08-30,2021-10-03,5,4,True,18.0,549.0,0.03278688524590164,"{""unobserved_week"":1}"
LBN,3c1f8d84c35f92a69284,2025-09-08,2025,37,2022,37,False,2022-08-29,2022-10-02,5,0,False,,,,"{""unobserved_week"":5}"
LBN,3c1f8d84c35f92a69284,2025-09-08,2025,37,2023,37,False,2023-08-28,2023-10-01,5,0,False,,,,"{""low_testing"":4,""unobserved_week"":1}"
LBN,3c1f8d84c35f92a69284,2025-09-08,2025,37,2024,37,False,2024-08-26,2024-09-29,5,0,False,,,,"{""low_testing"":1,""unobserved_week"":4}"
LBN,3c1f8d84c35f92a69284,2025-09-15,2025,38,2020,38,False,2020-08-31,2020-10-04,5,0,False,,,,"{""unobserved_week"":5}"
LBN,3c1f8d84c35f92a69284,2025-09-15,2025,38,2021,38,False,2021-09-06,2021-10-10,5,5,True,19.0,690.0,0.02753623188405797,{}
LBN,3c1f8d84c35f92a69284,2025-09-15,2025,38,2022,38,False,2022-09-05,2022-10-09,5,0,False,,,,"{""unobserved_week"":5}"
LBN,3c1f8d84c35f92a69284,2025-09-15,2025,38,2023,38,False,2023-09-04,2023-10-08,5,0,False,,,,"{""low_testing"":4,""unobserved_week"":1}"
LBN,3c1f8d84c35f92a69284,2025-09-15,2025,38,2024,38,False,2024-09-02,2024-10-06,5,0,False,,,,"{""low_testing"":1,""unobserved_week"":4}"
LBN,3c1f8d84c35f92a69284,2025-09-22,2025,39,2020,39,False,2020-09-07,2020-10-11,5,0,False,,,,"{""unobserved_week"":5}"
LBN,3c1f8d84c35f92a69284,2025-09-22,2025,39,2021,39,False,2021-09-13,2021-10-17,5,5,True,15.0,705.0,0.02127659574468085,{}
LBN,3c1f8d84c35f92a69284,2025-09-22,2025,39,2022,39,False,2022-09-12,2022-10-16,5,0,False,,,,"{""unobserved_week"":5}"
LBN,3c1f8d84c35f92a69284,2025-09-22,2025,39,2023,39,False,2023-09-11,2023-10-15,5,0,False,,,,"{""low_testing"":3,""unobserved_week"":2}"
LBN,3c1f8d84c35f92a69284,2025-09-22,2025,39,2024,39,False,2024-09-09,2024-10-13,5,0,False,,,,"{""low_testing"":1,""unobserved_week"":4}"
LBN,3c1f8d84c35f92a69284,2025-09-29,2025,40,2020,40,False,2020-09-14,2020-10-18,5,0,False,,,,"{""unobserved_week"":5}"
LBN,3c1f8d84c35f92a69284,2025-09-29,2025,40,2021,40,False,2021-09-20,2021-10-24,5,5,True,11.0,716.0,0.015363128491620111,{}
LBN,3c1f8d84c35f92a69284,2025-09-29,2025,40,2022,40,False,2022-09-19,2022-10-23,5,0,False,,,,"{""unobserved_week"":5}"
LBN,3c1f8d84c35f92a69284,2025-09-29,2025,40,2023,40,False,2023-09-18,2023-10-22,5,0,False,,,,"{""low_testing"":3,""unobserved_week"":2}"
LBN,3c1f8d84c35f92a69284,2025-09-29,2025,40,2024,40,False,2024-09-16,2024-10-20,5,0,False,,,,"{""unobserved_week"":5}"
LBN,3c1f8d84c35f92a69284,2025-10-06,2025,41,2020,41,False,2020-09-21,2020-10-25,5,0,False,,,,"{""unobserved_week"":5}"
LBN,3c1f8d84c35f92a69284,2025-10-06,2025,41,2021,41,False,2021-09-27,2021-10-31,5,4,True,8.0,595.0,0.013445378151260505,"{""low_testing"":1}"
LBN,3c1f8d84c35f92a69284,2025-10-06,2025,41,2022,41,False,2022-09-26,2022-10-30,5,0,False,,,,"{""unobserved_week"":5}"
LBN,3c1f8d84c35f92a69284,2025-10-06,2025,41,2023,41,False,2023-09-25,2023-10-29,5,0,False,,,,"{""low_testing"":3,""unobserved_week"":2}"
LBN,3c1f8d84c35f92a69284,2025-10-06,2025,41,2024,41,False,2024-09-23,2024-10-27,5,0,False,,,,"{""unobserved_week"":5}"
LBN,3c1f8d84c35f92a69284,2025-10-13,2025,42,2020,42,False,2020-09-28,2020-11-01,5,0,False,,,,"{""unobserved_week"":5}"
LBN,3c1f8d84c35f92a69284,2025-10-13,2025,42,2021,42,False,2021-10-04,2021-11-07,5,4,True,17.0,603.0,0.028192371475953566,"{""low_testing"":1}"
LBN,3c1f8d84c35f92a69284,2025-10-13,2025,42,2022,42,False,2022-10-03,2022-11-06,5,0,False,,,,"{""unobserved_week"":5}"
LBN,3c1f8d84c35f92a69284,2025-10-13,2025,42,2023,42,False,2023-10-02,2023-11-05,5,0,False,,,,"{""low_testing"":2,""unobserved_week"":3}"
LBN,3c1f8d84c35f92a69284,2025-10-13,2025,42,2024,42,False,2024-09-30,2024-11-03,5,0,False,,,,"{""unobserved_week"":5}"
LBN,3c1f8d84c35f92a69284,2025-10-20,2025,43,2020,43,False,2020-10-05,2020-11-08,5,0,False,,,,"{""unobserved_week"":5}"
LBN,3c1f8d84c35f92a69284,2025-10-20,2025,43,2021,43,False,2021-10-11,2021-11-14,5,4,True,36.0,593.0,0.06070826306913996,"{""low_testing"":1}"
LBN,3c1f8d84c35f92a69284,2025-10-20,2025,43,2022,43,False,2022-10-10,2022-11-13,5,0,False,,,,"{""unobserved_week"":5}"
LBN,3c1f8d84c35f92a69284,2025-10-20,2025,43,2023,43,False,2023-10-09,2023-11-12,5,0,False,,,,"{""low_testing"":1,""unobserved_week"":4}"
LBN,3c1f8d84c35f92a69284,2025-10-20,2025,43,2024,43,False,2024-10-07,2024-11-10,5,0,False,,,,"{""unobserved_week"":5}"
LBN,3c1f8d84c35f92a69284,2025-10-27,2025,44,2020,44,False,2020-10-12,2020-11-15,5,0,False,,,,"{""unobserved_week"":5}"
LBN,3c1f8d84c35f92a69284,2025-10-27,2025,44,2021,44,False,2021-10-18,2021-11-21,5,4,True,47.0,652.0,0.07208588957055215,"{""low_testing"":1}"
LBN,3c1f8d84c35f92a69284,2025-10-27,2025,44,2022,44,False,2022-10-17,2022-11-20,5,0,False,,,,"{""unobserved_week"":5}"
LBN,3c1f8d84c35f92a69284,2025-10-27,2025,44,2023,44,False,2023-10-16,2023-11-19,5,0,False,,,,"{""low_testing"":2,""unobserved_week"":3}"
LBN,3c1f8d84c35f92a69284,2025-10-27,2025,44,2024,44,False,2024-10-14,2024-11-17,5,0,False,,,,"{""unobserved_week"":5}"
LBN,3c1f8d84c35f92a69284,2025-11-03,2025,45,2020,45,False,2020-10-19,2020-11-22,5,0,False,,,,"{""unobserved_week"":5}"
LBN,3c1f8d84c35f92a69284,2025-11-03,2025,45,2021,45,False,2021-10-25,2021-11-28,5,4,True,66.0,813.0,0.08118081180811808,"{""low_testing"":1}"
LBN,3c1f8d84c35f92a69284,2025-11-03,2025,45,2022,45,False,2022-10-24,2022-11-27,5,0,False,,,,"{""low_testing"":1,""unobserved_week"":4}"
LBN,3c1f8d84c35f92a69284,2025-11-03,2025,45,2023,45,False,2023-10-23,2023-11-26,5,0,False,,,,"{""low_testing"":2,""unobserved_week"":3}"
LBN,3c1f8d84c35f92a69284,2025-11-03,2025,45,2024,45,False,2024-10-21,2024-11-24,5,0,False,,,,"{""unobserved_week"":5}"
LBN,3c1f8d84c35f92a69284,2025-11-10,2025,46,2020,46,False,2020-10-26,2020-11-29,5,0,False,,,,"{""low_testing"":1,""unobserved_week"":4}"
LBN,3c1f8d84c35f92a69284,2025-11-10,2025,46,2021,46,False,2021-11-01,2021-12-05,5,5,True,81.0,1008.0,0.08035714285714286,{}
LBN,3c1f8d84c35f92a69284,2025-11-10,2025,46,2022,46,False,2022-10-31,2022-12-04,5,0,False,,,,"{""low_testing"":2,""unobserved_week"":3}"
LBN,3c1f8d84c35f92a69284,2025-11-10,2025,46,2023,46,False,2023-10-30,2023-12-03,5,1,False,21.0,138.0,,"{""low_testing"":2,""unobserved_week"":2}"
LBN,3c1f8d84c35f92a69284,2025-11-10,2025,46,2024,46,False,2024-10-28,2024-12-01,5,0,False,,,,"{""unobserved_week"":5}"
LBN,3c1f8d84c35f92a69284,2025-11-17,2025,47,2020,47,False,2020-11-02,2020-12-06,5,0,False,,,,"{""low_testing"":2,""unobserved_week"":3}"
LBN,3c1f8d84c35f92a69284,2025-11-17,2025,47,2021,47,False,2021-11-08,2021-12-12,5,5,True,104.0,1232.0,0.08441558441558442,{}
LBN,3c1f8d84c35f92a69284,2025-11-17,2025,47,2022,47,False,2022-11-07,2022-12-11,5,0,False,,,,"{""low_testing"":3,""unobserved_week"":2}"
LBN,3c1f8d84c35f92a69284,2025-11-17,2025,47,2023,47,False,2023-11-06,2023-12-10,5,2,False,51.0,264.0,,"{""low_testing"":2,""unobserved_week"":1}"
LBN,3c1f8d84c35f92a69284,2025-11-17,2025,47,2024,47,False,2024-11-04,2024-12-08,5,0,False,,,,"{""low_testing"":1,""unobserved_week"":4}"
LBN,3c1f8d84c35f92a69284,2025-11-24,2025,48,2020,48,False,2020-11-09,2020-12-13,5,0,False,,,,"{""low_testing"":3,""unobserved_week"":2}"
LBN,3c1f8d84c35f92a69284,2025-11-24,2025,48,2021,48,False,2021-11-15,2021-12-19,5,5,True,97.0,1256.0,0.07722929936305732,{}
LBN,3c1f8d84c35f92a69284,2025-11-24,2025,48,2022,48,False,2022-11-14,2022-12-18,5,0,False,,,,"{""low_testing"":4,""unobserved_week"":1}"
LBN,3c1f8d84c35f92a69284,2025-11-24,2025,48,2023,48,False,2023-11-13,2023-12-17,5,3,False,103.0,378.0,,"{""low_testing"":2}"
LBN,3c1f8d84c35f92a69284,2025-11-24,2025,48,2024,48,False,2024-11-11,2024-12-15,5,0,False,,,,"{""low_testing"":1,""unobserved_week"":4}"
LBN,3c1f8d84c35f92a69284,2025-12-01,2025,49,2020,49,False,2020-11-16,2020-12-20,5,0,False,,,,"{""low_testing"":4,""unobserved_week"":1}"
LBN,3c1f8d84c35f92a69284,2025-12-01,2025,49,2021,49,False,2021-11-22,2021-12-26,5,5,True,107.0,1306.0,0.08192955589586524,{}
LBN,3c1f8d84c35f92a69284,2025-12-01,2025,49,2022,49,False,2022-11-21,2022-12-25,5,0,False,,,,"{""low_testing"":4,""unobserved_week"":1}"
LBN,3c1f8d84c35f92a69284,2025-12-01,2025,49,2023,49,False,2023-11-20,2023-12-24,5,4,True,176.0,548.0,0.32116788321167883,"{""low_testing"":1}"
LBN,3c1f8d84c35f92a69284,2025-12-01,2025,49,2024,49,False,2024-11-18,2024-12-22,5,0,False,,,,"{""low_testing"":1,""unobserved_week"":4}"
LBN,3c1f8d84c35f92a69284,2025-12-08,2025,50,2020,50,False,2020-11-23,2020-12-27,5,0,False,,,,"{""low_testing"":5}"
LBN,3c1f8d84c35f92a69284,2025-12-08,2025,50,2021,50,False,2021-11-29,2022-01-02,5,5,True,99.0,1081.0,0.09158186864014801,{}
LBN,3c1f8d84c35f92a69284,2025-12-08,2025,50,2022,50,False,2022-11-28,2023-01-01,5,1,False,34.0,104.0,,"{""low_testing"":3,""unobserved_week"":1}"
LBN,3c1f8d84c35f92a69284,2025-12-08,2025,50,2023,50,False,2023-11-27,2023-12-31,5,4,True,176.0,548.0,0.32116788321167883,"{""low_testing"":1}"
LBN,3c1f8d84c35f92a69284,2025-12-08,2025,50,2024,50,False,2024-11-25,2024-12-29,5,0,False,,,,"{""low_testing"":2,""unobserved_week"":3}"
LBN,3c1f8d84c35f92a69284,2025-12-15,2025,51,2020,51,False,2020-11-30,2021-01-03,5,0,False,,,,"{""low_testing"":4,""unobserved_week"":1}"
LBN,3c1f8d84c35f92a69284,2025-12-15,2025,51,2021,51,False,2021-12-06,2022-01-09,5,5,True,88.0,1111.0,0.07920792079207921,{}
LBN,3c1f8d84c35f92a69284,2025-12-15,2025,51,2022,51,False,2022-12-05,2023-01-08,5,2,False,62.0,218.0,,"{""low_testing"":2,""unobserved_week"":1}"
LBN,3c1f8d84c35f92a69284,2025-12-15,2025,51,2023,51,False,2023-12-04,2024-01-07,5,4,True,221.0,558.0,0.3960573476702509,"{""low_testing"":1}"
LBN,3c1f8d84c35f92a69284,2025-12-15,2025,51,2024,51,False,2024-12-02,2025-01-05,5,0,False,,,,"{""low_testing"":2,""not_strictly_prior_target_iso_year"":1,""unobserved_week"":2}"
LBN,3c1f8d84c35f92a69284,2025-12-22,2025,52,2020,52,False,2020-12-07,2021-01-10,5,0,False,,,,"{""low_testing"":4,""unobserved_week"":1}"
LBN,3c1f8d84c35f92a69284,2025-12-22,2025,52,2021,52,False,2021-12-13,2022-01-16,5,5,True,61.0,1097.0,0.05560619872379216,{}
LBN,3c1f8d84c35f92a69284,2025-12-22,2025,52,2022,52,False,2022-12-12,2023-01-15,5,3,False,87.0,361.0,,"{""low_testing"":1,""unobserved_week"":1}"
LBN,3c1f8d84c35f92a69284,2025-12-22,2025,52,2023,52,False,2023-12-11,2024-01-14,5,4,True,235.0,561.0,0.41889483065953653,"{""low_testing"":1}"
LBN,3c1f8d84c35f92a69284,2025-12-22,2025,52,2024,52,False,2024-12-09,2025-01-12,5,0,False,,,,"{""low_testing"":1,""not_strictly_prior_target_iso_year"":2,""unobserved_week"":2}"
LBN,3c1f8d84c35f92a69284,2025-12-29,2026,1,2021,1,False,2020-12-21,2021-01-24,5,0,False,,,,"{""low_testing"":4,""unobserved_week"":1}"
LBN,3c1f8d84c35f92a69284,2025-12-29,2026,1,2022,1,False,2021-12-20,2022-01-23,5,5,True,50.0,1365.0,0.03663003663003663,{}
LBN,3c1f8d84c35f92a69284,2025-12-29,2026,1,2023,1,False,2022-12-19,2023-01-22,5,3,False,87.0,361.0,,"{""low_testing"":1,""unobserved_week"":1}"
LBN,3c1f8d84c35f92a69284,2025-12-29,2026,1,2024,1,False,2023-12-18,2024-01-21,5,4,True,204.0,549.0,0.37158469945355194,"{""low_testing"":1}"
LBN,3c1f8d84c35f92a69284,2025-12-29,2026,1,2025,1,False,2024-12-16,2025-01-19,5,0,False,,,,"{""low_testing"":3,""unobserved_week"":2}"
LBN,3c1f8d84c35f92a69284,2026-01-05,2026,2,2021,2,False,2020-12-28,2021-01-31,5,0,False,,,,"{""low_testing"":4,""unobserved_week"":1}"
LBN,3c1f8d84c35f92a69284,2026-01-05,2026,2,2022,2,False,2021-12-27,2022-01-30,5,5,True,29.0,1747.0,0.01659988551803091,{}
LBN,3c1f8d84c35f92a69284,2026-01-05,2026,2,2023,2,False,2022-12-26,2023-01-29,5,3,False,87.0,361.0,,"{""low_testing"":1,""unobserved_week"":1}"
LBN,3c1f8d84c35f92a69284,2026-01-05,2026,2,2024,2,False,2023-12-25,2024-01-28,5,3,False,131.0,379.0,,"{""low_testing"":2}"
LBN,3c1f8d84c35f92a69284,2026-01-05,2026,2,2025,2,False,2024-12-23,2025-01-26,5,0,False,,,,"{""low_testing"":4,""unobserved_week"":1}"
LBN,3c1f8d84c35f92a69284,2026-01-12,2026,3,2021,3,False,2021-01-04,2021-02-07,5,0,False,,,,"{""low_testing"":5}"
LBN,3c1f8d84c35f92a69284,2026-01-12,2026,3,2022,3,False,2022-01-03,2022-02-06,5,5,True,13.0,1811.0,0.00717835450027609,{}
LBN,3c1f8d84c35f92a69284,2026-01-12,2026,3,2023,3,False,2023-01-02,2023-02-05,5,2,False,53.0,257.0,,"{""low_testing"":2,""unobserved_week"":1}"
LBN,3c1f8d84c35f92a69284,2026-01-12,2026,3,2024,3,False,2024-01-01,2024-02-04,5,3,False,131.0,379.0,,"{""low_testing"":2}"
LBN,3c1f8d84c35f92a69284,2026-01-12,2026,3,2025,3,False,2024-12-30,2025-02-02,5,0,False,,,,"{""low_testing"":4,""unobserved_week"":1}"
LBN,3c1f8d84c35f92a69284,2026-01-19,2026,4,2021,4,False,2021-01-11,2021-02-14,5,0,False,,,,"{""low_testing"":5}"
LBN,3c1f8d84c35f92a69284,2026-01-19,2026,4,2022,4,False,2022-01-10,2022-02-13,5,5,True,9.0,2020.0,0.004455445544554455,{}
LBN,3c1f8d84c35f92a69284,2026-01-19,2026,4,2023,4,False,2023-01-09,2023-02-12,5,1,False,25.0,143.0,,"{""low_testing"":2,""unobserved_week"":2}"
LBN,3c1f8d84c35f92a69284,2026-01-19,2026,4,2024,4,False,2024-01-08,2024-02-11,5,3,False,81.0,339.0,,"{""low_testing"":2}"
LBN,3c1f8d84c35f92a69284,2026-01-19,2026,4,2025,4,False,2025-01-06,2025-02-09,5,1,False,20.0,100.0,,"{""low_testing"":4}"
LBN,3c1f8d84c35f92a69284,2026-01-26,2026,5,2021,5,False,2021-01-18,2021-02-21,5,0,False,,,,"{""low_testing"":5}"
LBN,3c1f8d84c35f92a69284,2026-01-26,2026,5,2022,5,False,2022-01-17,2022-02-20,5,5,True,6.0,2106.0,0.002849002849002849,{}
LBN,3c1f8d84c35f92a69284,2026-01-26,2026,5,2023,5,False,2023-01-16,2023-02-19,5,0,False,,,,"{""low_testing"":2,""unobserved_week"":3}"
LBN,3c1f8d84c35f92a69284,2026-01-26,2026,5,2024,5,False,2024-01-15,2024-02-18,5,2,False,37.0,210.0,,"{""low_testing"":3}"
LBN,3c1f8d84c35f92a69284,2026-01-26,2026,5,2025,5,False,2025-01-13,2025-02-16,5,1,False,20.0,100.0,,"{""low_testing"":4}"
LBN,3c1f8d84c35f92a69284,2026-02-02,2026,6,2021,6,False,2021-01-25,2021-02-28,5,0,False,,,,"{""low_testing"":5}"
LBN,3c1f8d84c35f92a69284,2026-02-02,2026,6,2022,6,False,2022-01-24,2022-02-27,5,5,True,4.0,1969.0,0.002031488065007618,{}
LBN,3c1f8d84c35f92a69284,2026-02-02,2026,6,2023,6,False,2023-01-23,2023-02-26,5,0,False,,,,"{""low_testing"":2,""unobserved_week"":3}"
LBN,3c1f8d84c35f92a69284,2026-02-02,2026,6,2024,6,False,2024-01-22,2024-02-25,5,2,False,44.0,232.0,,"{""low_testing"":3}"
LBN,3c1f8d84c35f92a69284,2026-02-02,2026,6,2025,6,False,2025-01-20,2025-02-23,5,1,False,20.0,100.0,,"{""low_testing"":4}"
LBN,3c1f8d84c35f92a69284,2026-02-09,2026,7,2021,7,False,2021-02-01,2021-03-07,5,0,False,,,,"{""low_testing"":5}"
LBN,3c1f8d84c35f92a69284,2026-02-09,2026,7,2022,7,False,2022-01-31,2022-03-06,5,4,True,2.0,1360.0,0.0014705882352941176,"{""low_testing"":1}"
LBN,3c1f8d84c35f92a69284,2026-02-09,2026,7,2023,7,False,2023-01-30,2023-03-05,5,0,False,,,,"{""low_testing"":2,""unobserved_week"":3}"
LBN,3c1f8d84c35f92a69284,2026-02-09,2026,7,2024,7,False,2024-01-29,2024-03-03,5,3,False,58.0,332.0,,"{""low_testing"":2}"
LBN,3c1f8d84c35f92a69284,2026-02-09,2026,7,2025,7,False,2025-01-27,2025-03-02,5,1,False,20.0,100.0,,"{""low_testing"":4}"
LBN,3c1f8d84c35f92a69284,2026-02-16,2026,8,2021,8,False,2021-02-08,2021-03-14,5,0,False,,,,"{""low_testing"":5}"
LBN,3c1f8d84c35f92a69284,2026-02-16,2026,8,2022,8,False,2022-02-07,2022-03-13,5,4,True,3.0,1349.0,0.002223869532987398,"{""low_testing"":1}"
LBN,3c1f8d84c35f92a69284,2026-02-16,2026,8,2023,8,False,2023-02-06,2023-03-12,5,0,False,,,,"{""low_testing"":1,""unobserved_week"":4}"
LBN,3c1f8d84c35f92a69284,2026-02-16,2026,8,2024,8,False,2024-02-05,2024-03-10,5,4,True,81.0,432.0,0.1875,"{""low_testing"":1}"
LBN,3c1f8d84c35f92a69284,2026-02-16,2026,8,2025,8,False,2025-02-03,2025-03-09,5,1,False,20.0,100.0,,"{""low_testing"":4}"
LBN,3c1f8d84c35f92a69284,2026-02-23,2026,9,2021,9,False,2021-02-15,2021-03-21,5,1,False,0.0,111.0,,"{""low_testing"":4}"
LBN,3c1f8d84c35f92a69284,2026-02-23,2026,9,2022,9,False,2022-02-14,2022-03-20,5,3,False,3.0,915.0,,"{""low_testing"":1,""unobserved_week"":1}"
LBN,3c1f8d84c35f92a69284,2026-02-23,2026,9,2023,9,False,2023-02-13,2023-03-19,5,0,False,,,,"{""low_testing"":1,""unobserved_week"":4}"
LBN,3c1f8d84c35f92a69284,2026-02-23,2026,9,2024,9,False,2024-02-12,2024-03-17,5,4,True,96.0,424.0,0.22641509433962265,"{""low_testing"":1}"
LBN,3c1f8d84c35f92a69284,2026-02-23,2026,9,2025,9,False,2025-02-10,2025-03-16,5,0,False,,,,"{""low_testing"":5}"
LBN,3c1f8d84c35f92a69284,2026-03-02,2026,10,2021,10,False,2021-02-22,2021-03-28,5,2,False,0.0,212.0,,"{""low_testing"":3}"
LBN,3c1f8d84c35f92a69284,2026-03-02,2026,10,2022,10,False,2022-02-21,2022-03-27,5,2,False,1.0,498.0,,"{""low_testing"":1,""unobserved_week"":2}"
LBN,3c1f8d84c35f92a69284,2026-03-02,2026,10,2023,10,False,2023-02-20,2023-03-26,5,0,False,,,,"{""low_testing"":1,""unobserved_week"":4}"
LBN,3c1f8d84c35f92a69284,2026-03-02,2026,10,2024,10,False,2024-02-19,2024-03-24,5,4,True,96.0,424.0,0.22641509433962265,"{""low_testing"":1}"
LBN,3c1f8d84c35f92a69284,2026-03-02,2026,10,2025,10,False,2025-02-17,2025-03-23,5,0,False,,,,"{""low_testing"":5}"
LBN,3c1f8d84c35f92a69284,2026-03-09,2026,11,2021,11,False,2021-03-01,2021-04-04,5,2,False,0.0,212.0,,"{""low_testing"":3}"
LBN,3c1f8d84c35f92a69284,2026-03-09,2026,11,2022,11,False,2022-02-28,2022-04-03,5,1,False,1.0,212.0,,"{""low_testing"":2,""unobserved_week"":2}"
LBN,3c1f8d84c35f92a69284,2026-03-09,2026,11,2023,11,False,2023-02-27,2023-04-02,5,0,False,,,,"{""low_testing"":1,""unobserved_week"":4}"
LBN,3c1f8d84c35f92a69284,2026-03-09,2026,11,2024,11,False,2024-02-26,2024-03-31,5,3,False,68.0,300.0,,"{""low_testing"":2}"
LBN,3c1f8d84c35f92a69284,2026-03-09,2026,11,2025,11,False,2025-02-24,2025-03-30,5,0,False,,,,"{""low_testing"":5}"
LBN,3c1f8d84c35f92a69284,2026-03-16,2026,12,2021,12,False,2021-03-08,2021-04-11,5,2,False,0.0,212.0,,"{""low_testing"":3}"
LBN,3c1f8d84c35f92a69284,2026-03-16,2026,12,2022,12,False,2022-03-07,2022-04-10,5,1,False,1.0,212.0,,"{""low_testing"":2,""unobserved_week"":2}"
LBN,3c1f8d84c35f92a69284,2026-03-16,2026,12,2023,12,False,2023-03-06,2023-04-09,5,0,False,,,,"{""low_testing"":2,""unobserved_week"":3}"
LBN,3c1f8d84c35f92a69284,2026-03-16,2026,12,2024,12,False,2024-03-04,2024-04-07,5,2,False,54.0,200.0,,"{""low_testing"":3}"
LBN,3c1f8d84c35f92a69284,2026-03-16,2026,12,2025,12,False,2025-03-03,2025-04-06,5,0,False,,,,"{""low_testing"":5}"
LBN,3c1f8d84c35f92a69284,2026-03-23,2026,13,2021,13,False,2021-03-15,2021-04-18,5,2,False,0.0,212.0,,"{""low_testing"":3}"
LBN,3c1f8d84c35f92a69284,2026-03-23,2026,13,2022,13,False,2022-03-14,2022-04-17,5,0,False,,,,"{""low_testing"":3,""unobserved_week"":2}"
LBN,3c1f8d84c35f92a69284,2026-03-23,2026,13,2023,13,False,2023-03-13,2023-04-16,5,0,False,,,,"{""low_testing"":2,""unobserved_week"":3}"
LBN,3c1f8d84c35f92a69284,2026-03-23,2026,13,2024,13,False,2024-03-11,2024-04-14,5,1,False,31.0,100.0,,"{""low_testing"":3,""unobserved_week"":1}"
LBN,3c1f8d84c35f92a69284,2026-03-23,2026,13,2025,13,False,2025-03-10,2025-04-13,5,0,False,,,,"{""low_testing"":5}"
LBN,3c1f8d84c35f92a69284,2026-03-30,2026,14,2021,14,False,2021-03-22,2021-04-25,5,1,False,0.0,101.0,,"{""low_testing"":4}"
LBN,3c1f8d84c35f92a69284,2026-03-30,2026,14,2022,14,False,2022-03-21,2022-04-24,5,0,False,,,,"{""low_testing"":3,""unobserved_week"":2}"
LBN,3c1f8d84c35f92a69284,2026-03-30,2026,14,2023,14,False,2023-03-20,2023-04-23,5,0,False,,,,"{""low_testing"":2,""unobserved_week"":3}"
LBN,3c1f8d84c35f92a69284,2026-03-30,2026,14,2024,14,False,2024-03-18,2024-04-21,5,0,False,,,,"{""low_testing"":4,""unobserved_week"":1}"
LBN,3c1f8d84c35f92a69284,2026-03-30,2026,14,2025,14,False,2025-03-17,2025-04-20,5,0,False,,,,"{""low_testing"":5}"
LBN,3c1f8d84c35f92a69284,2026-04-06,2026,15,2021,15,False,2021-03-29,2021-05-02,5,0,False,,,,"{""low_testing"":5}"
LBN,3c1f8d84c35f92a69284,2026-04-06,2026,15,2022,15,False,2022-03-28,2022-05-01,5,0,False,,,,"{""low_testing"":3,""unobserved_week"":2}"
LBN,3c1f8d84c35f92a69284,2026-04-06,2026,15,2023,15,False,2023-03-27,2023-04-30,5,0,False,,,,"{""low_testing"":2,""unobserved_week"":3}"
LBN,3c1f8d84c35f92a69284,2026-04-06,2026,15,2024,15,False,2024-03-25,2024-04-28,5,0,False,,,,"{""low_testing"":4,""unobserved_week"":1}"
LBN,3c1f8d84c35f92a69284,2026-04-06,2026,15,2025,15,False,2025-03-24,2025-04-27,5,0,False,,,,"{""low_testing"":5}"
LBN,3c1f8d84c35f92a69284,2026-04-13,2026,16,2021,16,False,2021-04-05,2021-05-09,5,0,False,,,,"{""low_testing"":4,""unobserved_week"":1}"
LBN,3c1f8d84c35f92a69284,2026-04-13,2026,16,2022,16,False,2022-04-04,2022-05-08,5,0,False,,,,"{""low_testing"":2,""unobserved_week"":3}"
LBN,3c1f8d84c35f92a69284,2026-04-13,2026,16,2023,16,False,2023-04-03,2023-05-07,5,0,False,,,,"{""low_testing"":1,""unobserved_week"":4}"
LBN,3c1f8d84c35f92a69284,2026-04-13,2026,16,2024,16,False,2024-04-01,2024-05-05,5,0,False,,,,"{""low_testing"":4,""unobserved_week"":1}"
LBN,3c1f8d84c35f92a69284,2026-04-13,2026,16,2025,16,False,2025-03-31,2025-05-04,5,0,False,,,,"{""low_testing"":5}"
LBN,3c1f8d84c35f92a69284,2026-04-20,2026,17,2021,17,False,2021-04-12,2021-05-16,5,1,False,0.0,168.0,,"{""low_testing"":3,""unobserved_week"":1}"
LBN,3c1f8d84c35f92a69284,2026-04-20,2026,17,2022,17,False,2022-04-11,2022-05-15,5,0,False,,,,"{""low_testing"":1,""unobserved_week"":4}"
LBN,3c1f8d84c35f92a69284,2026-04-20,2026,17,2023,17,False,2023-04-10,2023-05-14,5,0,False,,,,"{""low_testing"":1,""unobserved_week"":4}"
LBN,3c1f8d84c35f92a69284,2026-04-20,2026,17,2024,17,False,2024-04-08,2024-05-12,5,0,False,,,,"{""low_testing"":4,""unobserved_week"":1}"
LBN,3c1f8d84c35f92a69284,2026-04-20,2026,17,2025,17,False,2025-04-07,2025-05-11,5,0,False,,,,"{""low_testing"":4,""unobserved_week"":1}"
LBN,3c1f8d84c35f92a69284,2026-04-27,2026,18,2021,18,False,2021-04-19,2021-05-23,5,2,False,0.0,285.0,,"{""low_testing"":2,""unobserved_week"":1}"
LBN,3c1f8d84c35f92a69284,2026-04-27,2026,18,2022,18,False,2022-04-18,2022-05-22,5,0,False,,,,"{""unobserved_week"":5}"
LBN,3c1f8d84c35f92a69284,2026-04-27,2026,18,2023,18,False,2023-04-17,2023-05-21,5,0,False,,,,"{""low_testing"":2,""unobserved_week"":3}"
LBN,3c1f8d84c35f92a69284,2026-04-27,2026,18,2024,18,False,2024-04-15,2024-05-19,5,0,False,,,,"{""low_testing"":5}"
LBN,3c1f8d84c35f92a69284,2026-04-27,2026,18,2025,18,False,2025-04-14,2025-05-18,5,0,False,,,,"{""low_testing"":3,""unobserved_week"":2}"
LBN,3c1f8d84c35f92a69284,2026-05-04,2026,19,2021,19,False,2021-04-26,2021-05-30,5,2,False,0.0,285.0,,"{""low_testing"":1,""unobserved_week"":2}"
LBN,3c1f8d84c35f92a69284,2026-05-04,2026,19,2022,19,False,2022-04-25,2022-05-29,5,0,False,,,,"{""unobserved_week"":5}"
LBN,3c1f8d84c35f92a69284,2026-05-04,2026,19,2023,19,False,2023-04-24,2023-05-28,5,0,False,,,,"{""low_testing"":3,""unobserved_week"":2}"
LBN,3c1f8d84c35f92a69284,2026-05-04,2026,19,2024,19,False,2024-04-22,2024-05-26,5,0,False,,,,"{""low_testing"":5}"
LBN,3c1f8d84c35f92a69284,2026-05-04,2026,19,2025,19,False,2025-04-21,2025-05-25,5,0,False,,,,"{""low_testing"":2,""unobserved_week"":3}"
LBN,3c1f8d84c35f92a69284,2026-05-11,2026,20,2021,20,False,2021-05-03,2021-06-06,5,2,False,0.0,285.0,,"{""low_testing"":1,""unobserved_week"":2}"
LBN,3c1f8d84c35f92a69284,2026-05-11,2026,20,2022,20,False,2022-05-02,2022-06-05,5,0,False,,,,"{""unobserved_week"":5}"
LBN,3c1f8d84c35f92a69284,2026-05-11,2026,20,2023,20,False,2023-05-01,2023-06-04,5,0,False,,,,"{""low_testing"":4,""unobserved_week"":1}"
LBN,3c1f8d84c35f92a69284,2026-05-11,2026,20,2024,20,False,2024-04-29,2024-06-02,5,0,False,,,,"{""low_testing"":4,""unobserved_week"":1}"
LBN,3c1f8d84c35f92a69284,2026-05-11,2026,20,2025,20,False,2025-04-28,2025-06-01,5,0,False,,,,"{""low_testing"":2,""unobserved_week"":3}"
LBN,3c1f8d84c35f92a69284,2026-05-18,2026,21,2021,21,False,2021-05-10,2021-06-13,5,2,False,0.0,285.0,,"{""low_testing"":2,""unobserved_week"":1}"
LBN,3c1f8d84c35f92a69284,2026-05-18,2026,21,2022,21,False,2022-05-09,2022-06-12,5,0,False,,,,"{""unobserved_week"":5}"
LBN,3c1f8d84c35f92a69284,2026-05-18,2026,21,2023,21,False,2023-05-08,2023-06-11,5,0,False,,,,"{""low_testing"":4,""unobserved_week"":1}"
LBN,3c1f8d84c35f92a69284,2026-05-18,2026,21,2024,21,False,2024-05-06,2024-06-09,5,0,False,,,,"{""low_testing"":3,""unobserved_week"":2}"
LBN,3c1f8d84c35f92a69284,2026-05-18,2026,21,2025,21,False,2025-05-05,2025-06-08,5,0,False,,,,"{""low_testing"":1,""unobserved_week"":4}"
LBN,3c1f8d84c35f92a69284,2026-05-25,2026,22,2021,22,False,2021-05-17,2021-06-20,5,1,False,0.0,117.0,,"{""low_testing"":3,""unobserved_week"":1}"
LBN,3c1f8d84c35f92a69284,2026-05-25,2026,22,2022,22,False,2022-05-16,2022-06-19,5,0,False,,,,"{""unobserved_week"":5}"
LBN,3c1f8d84c35f92a69284,2026-05-25,2026,22,2023,22,False,2023-05-15,2023-06-18,5,0,False,,,,"{""low_testing"":3,""unobserved_week"":2}"
LBN,3c1f8d84c35f92a69284,2026-05-25,2026,22,2024,22,False,2024-05-13,2024-06-16,5,0,False,,,,"{""low_testing"":2,""unobserved_week"":3}"
LBN,3c1f8d84c35f92a69284,2026-05-25,2026,22,2025,22,False,2025-05-12,2025-06-15,5,0,False,,,,"{""low_testing"":1,""unobserved_week"":4}"
LBN,3c1f8d84c35f92a69284,2026-06-01,2026,23,2021,23,False,2021-05-24,2021-06-27,5,0,False,,,,"{""low_testing"":4,""unobserved_week"":1}"
LBN,3c1f8d84c35f92a69284,2026-06-01,2026,23,2022,23,False,2022-05-23,2022-06-26,5,0,False,,,,"{""unobserved_week"":5}"
LBN,3c1f8d84c35f92a69284,2026-06-01,2026,23,2023,23,False,2023-05-22,2023-06-25,5,0,False,,,,"{""low_testing"":2,""unobserved_week"":3}"
LBN,3c1f8d84c35f92a69284,2026-06-01,2026,23,2024,23,False,2024-05-20,2024-06-23,5,0,False,,,,"{""low_testing"":1,""unobserved_week"":4}"
LBN,3c1f8d84c35f92a69284,2026-06-01,2026,23,2025,23,False,2025-05-19,2025-06-22,5,0,False,,,,"{""low_testing"":1,""unobserved_week"":4}"
LBN,3c1f8d84c35f92a69284,2026-06-08,2026,24,2021,24,False,2021-05-31,2021-07-04,5,0,False,,,,"{""low_testing"":5}"
LBN,3c1f8d84c35f92a69284,2026-06-08,2026,24,2022,24,False,2022-05-30,2022-07-03,5,0,False,,,,"{""unobserved_week"":5}"
LBN,3c1f8d84c35f92a69284,2026-06-08,2026,24,2023,24,False,2023-05-29,2023-07-02,5,0,False,,,,"{""low_testing"":1,""unobserved_week"":4}"
LBN,3c1f8d84c35f92a69284,2026-06-08,2026,24,2024,24,False,2024-05-27,2024-06-30,5,0,False,,,,"{""unobserved_week"":5}"
LBN,3c1f8d84c35f92a69284,2026-06-08,2026,24,2025,24,False,2025-05-26,2025-06-29,5,0,False,,,,"{""low_testing"":1,""unobserved_week"":4}"
LBN,3c1f8d84c35f92a69284,2026-06-15,2026,25,2021,25,False,2021-06-07,2021-07-11,5,0,False,,,,"{""low_testing"":5}"
LBN,3c1f8d84c35f92a69284,2026-06-15,2026,25,2022,25,False,2022-06-06,2022-07-10,5,0,False,,,,"{""unobserved_week"":5}"
LBN,3c1f8d84c35f92a69284,2026-06-15,2026,25,2023,25,False,2023-06-05,2023-07-09,5,0,False,,,,"{""low_testing"":1,""unobserved_week"":4}"
LBN,3c1f8d84c35f92a69284,2026-06-15,2026,25,2024,25,False,2024-06-03,2024-07-07,5,0,False,,,,"{""low_testing"":1,""unobserved_week"":4}"
LBN,3c1f8d84c35f92a69284,2026-06-15,2026,25,2025,25,False,2025-06-02,2025-07-06,5,0,False,,,,"{""unobserved_week"":5}"
LBN,3c1f8d84c35f92a69284,2026-06-22,2026,26,2021,26,False,2021-06-14,2021-07-18,5,0,False,,,,"{""low_testing"":4,""unobserved_week"":1}"
LBN,3c1f8d84c35f92a69284,2026-06-22,2026,26,2022,26,False,2022-06-13,2022-07-17,5,0,False,,,,"{""unobserved_week"":5}"
LBN,3c1f8d84c35f92a69284,2026-06-22,2026,26,2023,26,False,2023-06-12,2023-07-16,5,0,False,,,,"{""low_testing"":1,""unobserved_week"":4}"
LBN,3c1f8d84c35f92a69284,2026-06-22,2026,26,2024,26,False,2024-06-10,2024-07-14,5,0,False,,,,"{""low_testing"":1,""unobserved_week"":4}"
LBN,3c1f8d84c35f92a69284,2026-06-22,2026,26,2025,26,False,2025-06-09,2025-07-13,5,0,False,,,,"{""unobserved_week"":5}"
LBN,3c1f8d84c35f92a69284,2026-06-29,2026,27,2021,27,False,2021-06-21,2021-07-25,5,0,False,,,,"{""low_testing"":3,""unobserved_week"":2}"
LBN,3c1f8d84c35f92a69284,2026-06-29,2026,27,2022,27,False,2022-06-20,2022-07-24,5,0,False,,,,"{""unobserved_week"":5}"
LBN,3c1f8d84c35f92a69284,2026-06-29,2026,27,2023,27,False,2023-06-19,2023-07-23,5,0,False,,,,"{""low_testing"":2,""unobserved_week"":3}"
LBN,3c1f8d84c35f92a69284,2026-06-29,2026,27,2024,27,False,2024-06-17,2024-07-21,5,0,False,,,,"{""low_testing"":1,""unobserved_week"":4}"
LBN,3c1f8d84c35f92a69284,2026-06-29,2026,27,2025,27,False,2025-06-16,2025-07-20,5,0,False,,,,"{""unobserved_week"":5}"
LBN,3c1f8d84c35f92a69284,2026-07-06,2026,28,2021,28,False,2021-06-28,2021-08-01,5,0,False,,,,"{""low_testing"":2,""unobserved_week"":3}"
LBN,3c1f8d84c35f92a69284,2026-07-06,2026,28,2022,28,False,2022-06-27,2022-07-31,5,0,False,,,,"{""unobserved_week"":5}"
LBN,3c1f8d84c35f92a69284,2026-07-06,2026,28,2023,28,False,2023-06-26,2023-07-30,5,0,False,,,,"{""low_testing"":3,""unobserved_week"":2}"
LBN,3c1f8d84c35f92a69284,2026-07-06,2026,28,2024,28,False,2024-06-24,2024-07-28,5,0,False,,,,"{""low_testing"":1,""unobserved_week"":4}"
LBN,3c1f8d84c35f92a69284,2026-07-06,2026,28,2025,28,False,2025-06-23,2025-07-27,5,0,False,,,,"{""unobserved_week"":5}"
LBN,3c1f8d84c35f92a69284,2026-07-13,2026,29,2021,29,False,2021-07-05,2021-08-08,5,0,False,,,,"{""low_testing"":2,""unobserved_week"":3}"
LBN,3c1f8d84c35f92a69284,2026-07-13,2026,29,2022,29,False,2022-07-04,2022-08-07,5,0,False,,,,"{""unobserved_week"":5}"
LBN,3c1f8d84c35f92a69284,2026-07-13,2026,29,2023,29,False,2023-07-03,2023-08-06,5,0,False,,,,"{""low_testing"":4,""unobserved_week"":1}"
LBN,3c1f8d84c35f92a69284,2026-07-13,2026,29,2024,29,False,2024-07-01,2024-08-04,5,0,False,,,,"{""low_testing"":1,""unobserved_week"":4}"
LBN,3c1f8d84c35f92a69284,2026-07-13,2026,29,2025,29,False,2025-06-30,2025-08-03,5,0,False,,,,"{""unobserved_week"":5}"
LBN,3c1f8d84c35f92a69284,2026-07-20,2026,30,2021,30,False,2021-07-12,2021-08-15,5,0,False,,,,"{""low_testing"":1,""unobserved_week"":4}"
LBN,3c1f8d84c35f92a69284,2026-07-20,2026,30,2022,30,False,2022-07-11,2022-08-14,5,0,False,,,,"{""unobserved_week"":5}"
LBN,3c1f8d84c35f92a69284,2026-07-20,2026,30,2023,30,False,2023-07-10,2023-08-13,5,0,False,,,,"{""low_testing"":4,""unobserved_week"":1}"
LBN,3c1f8d84c35f92a69284,2026-07-20,2026,30,2024,30,False,2024-07-08,2024-08-11,5,0,False,,,,"{""unobserved_week"":5}"
LBN,3c1f8d84c35f92a69284,2026-07-20,2026,30,2025,30,False,2025-07-07,2025-08-10,5,0,False,,,,"{""unobserved_week"":5}"
LBN,3c1f8d84c35f92a69284,2026-07-27,2026,31,2021,31,False,2021-07-19,2021-08-22,5,0,False,,,,"{""low_testing"":2,""unobserved_week"":3}"
LBN,3c1f8d84c35f92a69284,2026-07-27,2026,31,2022,31,False,2022-07-18,2022-08-21,5,0,False,,,,"{""unobserved_week"":5}"
LBN,3c1f8d84c35f92a69284,2026-07-27,2026,31,2023,31,False,2023-07-17,2023-08-20,5,0,False,,,,"{""low_testing"":5}"
LBN,3c1f8d84c35f92a69284,2026-07-27,2026,31,2024,31,False,2024-07-15,2024-08-18,5,0,False,,,,"{""unobserved_week"":5}"
LBN,3c1f8d84c35f92a69284,2026-07-27,2026,31,2025,31,False,2025-07-14,2025-08-17,5,0,False,,,,"{""unobserved_week"":5}"
LBN,3c1f8d84c35f92a69284,2026-08-03,2026,32,2021,32,False,2021-07-26,2021-08-29,5,0,False,,,,"{""low_testing"":2,""unobserved_week"":3}"
LBN,3c1f8d84c35f92a69284,2026-08-03,2026,32,2022,32,False,2022-07-25,2022-08-28,5,0,False,,,,"{""unobserved_week"":5}"
LBN,3c1f8d84c35f92a69284,2026-08-03,2026,32,2023,32,False,2023-07-24,2023-08-27,5,0,False,,,,"{""low_testing"":5}"
LBN,3c1f8d84c35f92a69284,2026-08-03,2026,32,2024,32,False,2024-07-22,2024-08-25,5,0,False,,,,"{""unobserved_week"":5}"
LBN,3c1f8d84c35f92a69284,2026-08-03,2026,32,2025,32,False,2025-07-21,2025-08-24,5,0,False,,,,"{""unobserved_week"":5}"
LBN,3c1f8d84c35f92a69284,2026-08-10,2026,33,2021,33,False,2021-08-02,2021-09-05,5,0,False,,,,"{""low_testing"":2,""unobserved_week"":3}"
LBN,3c1f8d84c35f92a69284,2026-08-10,2026,33,2022,33,False,2022-08-01,2022-09-04,5,0,False,,,,"{""unobserved_week"":5}"
LBN,3c1f8d84c35f92a69284,2026-08-10,2026,33,2023,33,False,2023-07-31,2023-09-03,5,0,False,,,,"{""low_testing"":5}"
LBN,3c1f8d84c35f92a69284,2026-08-10,2026,33,2024,33,False,2024-07-29,2024-09-01,5,0,False,,,,"{""unobserved_week"":5}"
LBN,3c1f8d84c35f92a69284,2026-08-10,2026,33,2025,33,False,2025-07-28,2025-08-31,5,0,False,,,,"{""low_testing"":1,""unobserved_week"":4}"
LBN,3c1f8d84c35f92a69284,2026-08-17,2026,34,2021,34,False,2021-08-09,2021-09-12,5,1,False,6.0,103.0,,"{""low_testing"":1,""unobserved_week"":3}"
LBN,3c1f8d84c35f92a69284,2026-08-17,2026,34,2022,34,False,2022-08-08,2022-09-11,5,0,False,,,,"{""unobserved_week"":5}"
LBN,3c1f8d84c35f92a69284,2026-08-17,2026,34,2023,34,False,2023-08-07,2023-09-10,5,0,False,,,,"{""low_testing"":5}"
LBN,3c1f8d84c35f92a69284,2026-08-17,2026,34,2024,34,False,2024-08-05,2024-09-08,5,0,False,,,,"{""unobserved_week"":5}"
LBN,3c1f8d84c35f92a69284,2026-08-17,2026,34,2025,34,False,2025-08-04,2025-09-07,5,0,False,,,,"{""low_testing"":1,""unobserved_week"":4}"
PSE,877a128da6a13a050a0d,2025-08-25,2025,35,2020,35,False,2020-08-10,2020-09-13,5,0,False,,,,"{""unobserved_week"":5}"
PSE,877a128da6a13a050a0d,2025-08-25,2025,35,2021,35,False,2021-08-16,2021-09-19,5,0,False,,,,"{""unobserved_week"":5}"
PSE,877a128da6a13a050a0d,2025-08-25,2025,35,2022,35,False,2022-08-15,2022-09-18,5,0,False,,,,"{""unobserved_week"":5}"
PSE,877a128da6a13a050a0d,2025-08-25,2025,35,2023,35,False,2023-08-14,2023-09-17,5,0,False,,,,"{""unobserved_week"":5}"
PSE,877a128da6a13a050a0d,2025-08-25,2025,35,2024,35,False,2024-08-12,2024-09-15,5,0,False,,,,"{""unobserved_week"":5}"
PSE,877a128da6a13a050a0d,2025-09-01,2025,36,2020,36,False,2020-08-17,2020-09-20,5,0,False,,,,"{""unobserved_week"":5}"
PSE,877a128da6a13a050a0d,2025-09-01,2025,36,2021,36,False,2021-08-23,2021-09-26,5,0,False,,,,"{""unobserved_week"":5}"
PSE,877a128da6a13a050a0d,2025-09-01,2025,36,2022,36,False,2022-08-22,2022-09-25,5,0,False,,,,"{""unobserved_week"":5}"
PSE,877a128da6a13a050a0d,2025-09-01,2025,36,2023,36,False,2023-08-21,2023-09-24,5,0,False,,,,"{""unobserved_week"":5}"
PSE,877a128da6a13a050a0d,2025-09-01,2025,36,2024,36,False,2024-08-19,2024-09-22,5,0,False,,,,"{""unobserved_week"":5}"
PSE,877a128da6a13a050a0d,2025-09-08,2025,37,2020,37,False,2020-08-24,2020-09-27,5,0,False,,,,"{""unobserved_week"":5}"
PSE,877a128da6a13a050a0d,2025-09-08,2025,37,2021,37,False,2021-08-30,2021-10-03,5,0,False,,,,"{""unobserved_week"":5}"
PSE,877a128da6a13a050a0d,2025-09-08,2025,37,2022,37,False,2022-08-29,2022-10-02,5,0,False,,,,"{""low_testing"":1,""unobserved_week"":4}"
PSE,877a128da6a13a050a0d,2025-09-08,2025,37,2023,37,False,2023-08-28,2023-10-01,5,0,False,,,,"{""unobserved_week"":5}"
PSE,877a128da6a13a050a0d,2025-09-08,2025,37,2024,37,False,2024-08-26,2024-09-29,5,0,False,,,,"{""unobserved_week"":5}"
PSE,877a128da6a13a050a0d,2025-09-15,2025,38,2020,38,False,2020-08-31,2020-10-04,5,0,False,,,,"{""unobserved_week"":5}"
PSE,877a128da6a13a050a0d,2025-09-15,2025,38,2021,38,False,2021-09-06,2021-10-10,5,0,False,,,,"{""unobserved_week"":5}"
PSE,877a128da6a13a050a0d,2025-09-15,2025,38,2022,38,False,2022-09-05,2022-10-09,5,0,False,,,,"{""low_testing"":2,""unobserved_week"":3}"
PSE,877a128da6a13a050a0d,2025-09-15,2025,38,2023,38,False,2023-09-04,2023-10-08,5,0,False,,,,"{""unobserved_week"":5}"
PSE,877a128da6a13a050a0d,2025-09-15,2025,38,2024,38,False,2024-09-02,2024-10-06,5,0,False,,,,"{""unobserved_week"":5}"
PSE,877a128da6a13a050a0d,2025-09-22,2025,39,2020,39,False,2020-09-07,2020-10-11,5,0,False,,,,"{""unobserved_week"":5}"
PSE,877a128da6a13a050a0d,2025-09-22,2025,39,2021,39,False,2021-09-13,2021-10-17,5,0,False,,,,"{""unobserved_week"":5}"
PSE,877a128da6a13a050a0d,2025-09-22,2025,39,2022,39,False,2022-09-12,2022-10-16,5,0,False,,,,"{""low_testing"":2,""unobserved_week"":3}"
PSE,877a128da6a13a050a0d,2025-09-22,2025,39,2023,39,False,2023-09-11,2023-10-15,5,0,False,,,,"{""unobserved_week"":5}"
PSE,877a128da6a13a050a0d,2025-09-22,2025,39,2024,39,False,2024-09-09,2024-10-13,5,0,False,,,,"{""unobserved_week"":5}"
PSE,877a128da6a13a050a0d,2025-09-29,2025,40,2020,40,False,2020-09-14,2020-10-18,5,0,False,,,,"{""unobserved_week"":5}"
PSE,877a128da6a13a050a0d,2025-09-29,2025,40,2021,40,False,2021-09-20,2021-10-24,5,0,False,,,,"{""unobserved_week"":5}"
PSE,877a128da6a13a050a0d,2025-09-29,2025,40,2022,40,False,2022-09-19,2022-10-23,5,0,False,,,,"{""low_testing"":3,""unobserved_week"":2}"
PSE,877a128da6a13a050a0d,2025-09-29,2025,40,2023,40,False,2023-09-18,2023-10-22,5,0,False,,,,"{""unobserved_week"":5}"
PSE,877a128da6a13a050a0d,2025-09-29,2025,40,2024,40,False,2024-09-16,2024-10-20,5,0,False,,,,"{""unobserved_week"":5}"
PSE,877a128da6a13a050a0d,2025-10-06,2025,41,2020,41,False,2020-09-21,2020-10-25,5,0,False,,,,"{""unobserved_week"":5}"
PSE,877a128da6a13a050a0d,2025-10-06,2025,41,2021,41,False,2021-09-27,2021-10-31,5,0,False,,,,"{""unobserved_week"":5}"
PSE,877a128da6a13a050a0d,2025-10-06,2025,41,2022,41,False,2022-09-26,2022-10-30,5,0,False,,,,"{""low_testing"":4,""unobserved_week"":1}"
PSE,877a128da6a13a050a0d,2025-10-06,2025,41,2023,41,False,2023-09-25,2023-10-29,5,0,False,,,,"{""unobserved_week"":5}"
PSE,877a128da6a13a050a0d,2025-10-06,2025,41,2024,41,False,2024-09-23,2024-10-27,5,0,False,,,,"{""unobserved_week"":5}"
PSE,877a128da6a13a050a0d,2025-10-13,2025,42,2020,42,False,2020-09-28,2020-11-01,5,0,False,,,,"{""unobserved_week"":5}"
PSE,877a128da6a13a050a0d,2025-10-13,2025,42,2021,42,False,2021-10-04,2021-11-07,5,0,False,,,,"{""unobserved_week"":5}"
PSE,877a128da6a13a050a0d,2025-10-13,2025,42,2022,42,False,2022-10-03,2022-11-06,5,0,False,,,,"{""low_testing"":4,""unobserved_week"":1}"
PSE,877a128da6a13a050a0d,2025-10-13,2025,42,2023,42,False,2023-10-02,2023-11-05,5,0,False,,,,"{""unobserved_week"":5}"
PSE,877a128da6a13a050a0d,2025-10-13,2025,42,2024,42,False,2024-09-30,2024-11-03,5,0,False,,,,"{""unobserved_week"":5}"
PSE,877a128da6a13a050a0d,2025-10-20,2025,43,2020,43,False,2020-10-05,2020-11-08,5,0,False,,,,"{""unobserved_week"":5}"
PSE,877a128da6a13a050a0d,2025-10-20,2025,43,2021,43,False,2021-10-11,2021-11-14,5,0,False,,,,"{""unobserved_week"":5}"
PSE,877a128da6a13a050a0d,2025-10-20,2025,43,2022,43,False,2022-10-10,2022-11-13,5,0,False,,,,"{""low_testing"":4,""unobserved_week"":1}"
PSE,877a128da6a13a050a0d,2025-10-20,2025,43,2023,43,False,2023-10-09,2023-11-12,5,0,False,,,,"{""low_testing"":1,""unobserved_week"":4}"
PSE,877a128da6a13a050a0d,2025-10-20,2025,43,2024,43,False,2024-10-07,2024-11-10,5,0,False,,,,"{""unobserved_week"":5}"
PSE,877a128da6a13a050a0d,2025-10-27,2025,44,2020,44,False,2020-10-12,2020-11-15,5,0,False,,,,"{""unobserved_week"":5}"
PSE,877a128da6a13a050a0d,2025-10-27,2025,44,2021,44,False,2021-10-18,2021-11-21,5,0,False,,,,"{""unobserved_week"":5}"
PSE,877a128da6a13a050a0d,2025-10-27,2025,44,2022,44,False,2022-10-17,2022-11-20,5,0,False,,,,"{""low_testing"":5}"
PSE,877a128da6a13a050a0d,2025-10-27,2025,44,2023,44,False,2023-10-16,2023-11-19,5,0,False,,,,"{""low_testing"":2,""unobserved_week"":3}"
PSE,877a128da6a13a050a0d,2025-10-27,2025,44,2024,44,False,2024-10-14,2024-11-17,5,0,False,,,,"{""unobserved_week"":5}"
PSE,877a128da6a13a050a0d,2025-11-03,2025,45,2020,45,False,2020-10-19,2020-11-22,5,0,False,,,,"{""unobserved_week"":5}"
PSE,877a128da6a13a050a0d,2025-11-03,2025,45,2021,45,False,2021-10-25,2021-11-28,5,0,False,,,,"{""unobserved_week"":5}"
PSE,877a128da6a13a050a0d,2025-11-03,2025,45,2022,45,False,2022-10-24,2022-11-27,5,1,False,82.0,161.0,,"{""low_testing"":4}"
PSE,877a128da6a13a050a0d,2025-11-03,2025,45,2023,45,False,2023-10-23,2023-11-26,5,0,False,,,,"{""low_testing"":3,""unobserved_week"":2}"
PSE,877a128da6a13a050a0d,2025-11-03,2025,45,2024,45,False,2024-10-21,2024-11-24,5,0,False,,,,"{""unobserved_week"":5}"
PSE,877a128da6a13a050a0d,2025-11-10,2025,46,2020,46,False,2020-10-26,2020-11-29,5,0,False,,,,"{""unobserved_week"":5}"
PSE,877a128da6a13a050a0d,2025-11-10,2025,46,2021,46,False,2021-11-01,2021-12-05,5,0,False,,,,"{""unobserved_week"":5}"
PSE,877a128da6a13a050a0d,2025-11-10,2025,46,2022,46,False,2022-10-31,2022-12-04,5,2,False,154.0,368.0,,"{""low_testing"":3}"
PSE,877a128da6a13a050a0d,2025-11-10,2025,46,2023,46,False,2023-10-30,2023-12-03,5,0,False,,,,"{""low_testing"":4,""unobserved_week"":1}"
PSE,877a128da6a13a050a0d,2025-11-10,2025,46,2024,46,False,2024-10-28,2024-12-01,5,0,False,,,,"{""low_testing"":1,""unobserved_week"":4}"
PSE,877a128da6a13a050a0d,2025-11-17,2025,47,2020,47,False,2020-11-02,2020-12-06,5,0,False,,,,"{""unobserved_week"":5}"
PSE,877a128da6a13a050a0d,2025-11-17,2025,47,2021,47,False,2021-11-08,2021-12-12,5,0,False,,,,"{""unobserved_week"":5}"
PSE,877a128da6a13a050a0d,2025-11-17,2025,47,2022,47,False,2022-11-07,2022-12-11,5,3,False,268.0,650.0,,"{""low_testing"":2}"
PSE,877a128da6a13a050a0d,2025-11-17,2025,47,2023,47,False,2023-11-06,2023-12-10,5,0,False,,,,"{""low_testing"":5}"
PSE,877a128da6a13a050a0d,2025-11-17,2025,47,2024,47,False,2024-11-04,2024-12-08,5,0,False,,,,"{""low_testing"":2,""unobserved_week"":3}"
PSE,877a128da6a13a050a0d,2025-11-24,2025,48,2020,48,False,2020-11-09,2020-12-13,5,0,False,,,,"{""unobserved_week"":5}"
PSE,877a128da6a13a050a0d,2025-11-24,2025,48,2021,48,False,2021-11-15,2021-12-19,5,0,False,,,,"{""unobserved_week"":5}"
PSE,877a128da6a13a050a0d,2025-11-24,2025,48,2022,48,False,2022-11-14,2022-12-18,5,4,True,332.0,855.0,0.3883040935672515,"{""low_testing"":1}"
PSE,877a128da6a13a050a0d,2025-11-24,2025,48,2023,48,False,2023-11-13,2023-12-17,5,0,False,,,,"{""low_testing"":5}"
PSE,877a128da6a13a050a0d,2025-11-24,2025,48,2024,48,False,2024-11-11,2024-12-15,5,0,False,,,,"{""low_testing"":3,""unobserved_week"":2}"
PSE,877a128da6a13a050a0d,2025-12-01,2025,49,2020,49,False,2020-11-16,2020-12-20,5,0,False,,,,"{""unobserved_week"":5}"
PSE,877a128da6a13a050a0d,2025-12-01,2025,49,2021,49,False,2021-11-22,2021-12-26,5,0,False,,,,"{""low_testing"":1,""unobserved_week"":4}"
PSE,877a128da6a13a050a0d,2025-12-01,2025,49,2022,49,False,2022-11-21,2022-12-25,5,5,True,375.0,1010.0,0.3712871287128713,{}
PSE,877a128da6a13a050a0d,2025-12-01,2025,49,2023,49,False,2023-11-20,2023-12-24,5,0,False,,,,"{""low_testing"":5}"
PSE,877a128da6a13a050a0d,2025-12-01,2025,49,2024,49,False,2024-11-18,2024-12-22,5,0,False,,,,"{""low_testing"":4,""unobserved_week"":1}"
PSE,877a128da6a13a050a0d,2025-12-08,2025,50,2020,50,False,2020-11-23,2020-12-27,5,0,False,,,,"{""unobserved_week"":5}"
PSE,877a128da6a13a050a0d,2025-12-08,2025,50,2021,50,False,2021-11-29,2022-01-02,5,0,False,,,,"{""low_testing"":1,""unobserved_week"":4}"
PSE,877a128da6a13a050a0d,2025-12-08,2025,50,2022,50,False,2022-11-28,2023-01-01,5,4,True,293.0,849.0,0.3451118963486455,"{""low_testing"":1}"
PSE,877a128da6a13a050a0d,2025-12-08,2025,50,2023,50,False,2023-11-27,2023-12-31,5,0,False,,,,"{""low_testing"":5}"
PSE,877a128da6a13a050a0d,2025-12-08,2025,50,2024,50,False,2024-11-25,2024-12-29,5,0,False,,,,"{""low_testing"":5}"
PSE,877a128da6a13a050a0d,2025-12-15,2025,51,2020,51,False,2020-11-30,2021-01-03,5,0,False,,,,"{""unobserved_week"":5}"
PSE,877a128da6a13a050a0d,2025-12-15,2025,51,2021,51,False,2021-12-06,2022-01-09,5,0,False,,,,"{""low_testing"":1,""unobserved_week"":4}"
PSE,877a128da6a13a050a0d,2025-12-15,2025,51,2022,51,False,2022-12-05,2023-01-08,5,3,False,221.0,642.0,,"{""low_testing"":2}"
PSE,877a128da6a13a050a0d,2025-12-15,2025,51,2023,51,False,2023-12-04,2024-01-07,5,0,False,,,,"{""low_testing"":5}"
PSE,877a128da6a13a050a0d,2025-12-15,2025,51,2024,51,False,2024-12-02,2025-01-05,5,0,False,,,,"{""low_testing"":4,""not_strictly_prior_target_iso_year"":1}"
PSE,877a128da6a13a050a0d,2025-12-22,2025,52,2020,52,False,2020-12-07,2021-01-10,5,0,False,,,,"{""unobserved_week"":5}"
PSE,877a128da6a13a050a0d,2025-12-22,2025,52,2021,52,False,2021-12-13,2022-01-16,5,0,False,,,,"{""low_testing"":2,""unobserved_week"":3}"
PSE,877a128da6a13a050a0d,2025-12-22,2025,52,2022,52,False,2022-12-12,2023-01-15,5,3,False,132.0,492.0,,"{""low_testing"":2}"
PSE,877a128da6a13a050a0d,2025-12-22,2025,52,2023,52,False,2023-12-11,2024-01-14,5,0,False,,,,"{""low_testing"":5}"
PSE,877a128da6a13a050a0d,2025-12-22,2025,52,2024,52,False,2024-12-09,2025-01-12,5,0,False,,,,"{""low_testing"":3,""not_strictly_prior_target_iso_year"":2}"
PSE,877a128da6a13a050a0d,2025-12-29,2026,1,2021,1,False,2020-12-21,2021-01-24,5,0,False,,,,"{""unobserved_week"":5}"
PSE,877a128da6a13a050a0d,2025-12-29,2026,1,2022,1,False,2021-12-20,2022-01-23,5,0,False,,,,"{""low_testing"":2,""unobserved_week"":3}"
PSE,877a128da6a13a050a0d,2025-12-29,2026,1,2023,1,False,2022-12-19,2023-01-22,5,3,False,90.0,392.0,,"{""low_testing"":2}"
PSE,877a128da6a13a050a0d,2025-12-29,2026,1,2024,1,False,2023-12-18,2024-01-21,5,0,False,,,,"{""low_testing"":5}"
PSE,877a128da6a13a050a0d,2025-12-29,2026,1,2025,1,False,2024-12-16,2025-01-19,5,0,False,,,,"{""low_testing"":2,""unobserved_week"":3}"
PSE,877a128da6a13a050a0d,2026-01-05,2026,2,2021,2,False,2020-12-28,2021-01-31,5,0,False,,,,"{""unobserved_week"":5}"
PSE,877a128da6a13a050a0d,2026-01-05,2026,2,2022,2,False,2021-12-27,2022-01-30,5,0,False,,,,"{""low_testing"":1,""unobserved_week"":4}"
PSE,877a128da6a13a050a0d,2026-01-05,2026,2,2023,2,False,2022-12-26,2023-01-29,5,2,False,47.0,237.0,,"{""low_testing"":3}"
PSE,877a128da6a13a050a0d,2026-01-05,2026,2,2024,2,False,2023-12-25,2024-01-28,5,0,False,,,,"{""low_testing"":5}"
PSE,877a128da6a13a050a0d,2026-01-05,2026,2,2025,2,False,2024-12-23,2025-01-26,5,0,False,,,,"{""low_testing"":1,""unobserved_week"":4}"
PSE,877a128da6a13a050a0d,2026-01-12,2026,3,2021,3,False,2021-01-04,2021-02-07,5,0,False,,,,"{""unobserved_week"":5}"
PSE,877a128da6a13a050a0d,2026-01-12,2026,3,2022,3,False,2022-01-03,2022-02-06,5,0,False,,,,"{""low_testing"":1,""unobserved_week"":4}"
PSE,877a128da6a13a050a0d,2026-01-12,2026,3,2023,3,False,2023-01-02,2023-02-05,5,2,False,47.0,237.0,,"{""low_testing"":3}"
PSE,877a128da6a13a050a0d,2026-01-12,2026,3,2024,3,False,2024-01-01,2024-02-04,5,0,False,,,,"{""low_testing"":5}"
PSE,877a128da6a13a050a0d,2026-01-12,2026,3,2025,3,False,2024-12-30,2025-02-02,5,0,False,,,,"{""unobserved_week"":5}"
PSE,877a128da6a13a050a0d,2026-01-19,2026,4,2021,4,False,2021-01-11,2021-02-14,5,0,False,,,,"{""unobserved_week"":5}"
PSE,877a128da6a13a050a0d,2026-01-19,2026,4,2022,4,False,2022-01-10,2022-02-13,5,0,False,,,,"{""low_testing"":1,""unobserved_week"":4}"
PSE,877a128da6a13a050a0d,2026-01-19,2026,4,2023,4,False,2023-01-09,2023-02-12,5,2,False,47.0,237.0,,"{""low_testing"":3}"
PSE,877a128da6a13a050a0d,2026-01-19,2026,4,2024,4,False,2024-01-08,2024-02-11,5,0,False,,,,"{""low_testing"":5}"
PSE,877a128da6a13a050a0d,2026-01-19,2026,4,2025,4,False,2025-01-06,2025-02-09,5,0,False,,,,"{""unobserved_week"":5}"
PSE,877a128da6a13a050a0d,2026-01-26,2026,5,2021,5,False,2021-01-18,2021-02-21,5,0,False,,,,"{""unobserved_week"":5}"
PSE,877a128da6a13a050a0d,2026-01-26,2026,5,2022,5,False,2022-01-17,2022-02-20,5,0,False,,,,"{""unobserved_week"":5}"
PSE,877a128da6a13a050a0d,2026-01-26,2026,5,2023,5,False,2023-01-16,2023-02-19,5,1,False,22.0,105.0,,"{""low_testing"":4}"
PSE,877a128da6a13a050a0d,2026-01-26,2026,5,2024,5,False,2024-01-15,2024-02-18,5,0,False,,,,"{""low_testing"":5}"
PSE,877a128da6a13a050a0d,2026-01-26,2026,5,2025,5,False,2025-01-13,2025-02-16,5,0,False,,,,"{""unobserved_week"":5}"
PSE,877a128da6a13a050a0d,2026-02-02,2026,6,2021,6,False,2021-01-25,2021-02-28,5,0,False,,,,"{""unobserved_week"":5}"
PSE,877a128da6a13a050a0d,2026-02-02,2026,6,2022,6,False,2022-01-24,2022-02-27,5,0,False,,,,"{""unobserved_week"":5}"
PSE,877a128da6a13a050a0d,2026-02-02,2026,6,2023,6,False,2023-01-23,2023-02-26,5,0,False,,,,"{""low_testing"":5}"
PSE,877a128da6a13a050a0d,2026-02-02,2026,6,2024,6,False,2024-01-22,2024-02-25,5,0,False,,,,"{""low_testing"":5}"
PSE,877a128da6a13a050a0d,2026-02-02,2026,6,2025,6,False,2025-01-20,2025-02-23,5,0,False,,,,"{""unobserved_week"":5}"
PSE,877a128da6a13a050a0d,2026-02-09,2026,7,2021,7,False,2021-02-01,2021-03-07,5,0,False,,,,"{""unobserved_week"":5}"
PSE,877a128da6a13a050a0d,2026-02-09,2026,7,2022,7,False,2022-01-31,2022-03-06,5,0,False,,,,"{""unobserved_week"":5}"
PSE,877a128da6a13a050a0d,2026-02-09,2026,7,2023,7,False,2023-01-30,2023-03-05,5,0,False,,,,"{""low_testing"":5}"
PSE,877a128da6a13a050a0d,2026-02-09,2026,7,2024,7,False,2024-01-29,2024-03-03,5,0,False,,,,"{""low_testing"":5}"
PSE,877a128da6a13a050a0d,2026-02-09,2026,7,2025,7,False,2025-01-27,2025-03-02,5,0,False,,,,"{""unobserved_week"":5}"
PSE,877a128da6a13a050a0d,2026-02-16,2026,8,2021,8,False,2021-02-08,2021-03-14,5,0,False,,,,"{""unobserved_week"":5}"
PSE,877a128da6a13a050a0d,2026-02-16,2026,8,2022,8,False,2022-02-07,2022-03-13,5,0,False,,,,"{""unobserved_week"":5}"
PSE,877a128da6a13a050a0d,2026-02-16,2026,8,2023,8,False,2023-02-06,2023-03-12,5,0,False,,,,"{""low_testing"":5}"
PSE,877a128da6a13a050a0d,2026-02-16,2026,8,2024,8,False,2024-02-05,2024-03-10,5,0,False,,,,"{""low_testing"":5}"
PSE,877a128da6a13a050a0d,2026-02-16,2026,8,2025,8,False,2025-02-03,2025-03-09,5,0,False,,,,"{""low_testing"":1,""unobserved_week"":4}"
PSE,877a128da6a13a050a0d,2026-02-23,2026,9,2021,9,False,2021-02-15,2021-03-21,5,0,False,,,,"{""unobserved_week"":5}"
PSE,877a128da6a13a050a0d,2026-02-23,2026,9,2022,9,False,2022-02-14,2022-03-20,5,0,False,,,,"{""unobserved_week"":5}"
PSE,877a128da6a13a050a0d,2026-02-23,2026,9,2023,9,False,2023-02-13,2023-03-19,5,0,False,,,,"{""low_testing"":5}"
PSE,877a128da6a13a050a0d,2026-02-23,2026,9,2024,9,False,2024-02-12,2024-03-17,5,0,False,,,,"{""low_testing"":5}"
PSE,877a128da6a13a050a0d,2026-02-23,2026,9,2025,9,False,2025-02-10,2025-03-16,5,0,False,,,,"{""low_testing"":2,""unobserved_week"":3}"
PSE,877a128da6a13a050a0d,2026-03-02,2026,10,2021,10,False,2021-02-22,2021-03-28,5,0,False,,,,"{""unobserved_week"":5}"
PSE,877a128da6a13a050a0d,2026-03-02,2026,10,2022,10,False,2022-02-21,2022-03-27,5,0,False,,,,"{""unobserved_week"":5}"
PSE,877a128da6a13a050a0d,2026-03-02,2026,10,2023,10,False,2023-02-20,2023-03-26,5,0,False,,,,"{""low_testing"":5}"
PSE,877a128da6a13a050a0d,2026-03-02,2026,10,2024,10,False,2024-02-19,2024-03-24,5,0,False,,,,"{""low_testing"":5}"
PSE,877a128da6a13a050a0d,2026-03-02,2026,10,2025,10,False,2025-02-17,2025-03-23,5,0,False,,,,"{""low_testing"":3,""unobserved_week"":2}"
PSE,877a128da6a13a050a0d,2026-03-09,2026,11,2021,11,False,2021-03-01,2021-04-04,5,0,False,,,,"{""unobserved_week"":5}"
PSE,877a128da6a13a050a0d,2026-03-09,2026,11,2022,11,False,2022-02-28,2022-04-03,5,0,False,,,,"{""unobserved_week"":5}"
PSE,877a128da6a13a050a0d,2026-03-09,2026,11,2023,11,False,2023-02-27,2023-04-02,5,0,False,,,,"{""low_testing"":5}"
PSE,877a128da6a13a050a0d,2026-03-09,2026,11,2024,11,False,2024-02-26,2024-03-31,5,0,False,,,,"{""low_testing"":5}"
PSE,877a128da6a13a050a0d,2026-03-09,2026,11,2025,11,False,2025-02-24,2025-03-30,5,0,False,,,,"{""low_testing"":3,""unobserved_week"":2}"
PSE,877a128da6a13a050a0d,2026-03-16,2026,12,2021,12,False,2021-03-08,2021-04-11,5,0,False,,,,"{""unobserved_week"":5}"
PSE,877a128da6a13a050a0d,2026-03-16,2026,12,2022,12,False,2022-03-07,2022-04-10,5,0,False,,,,"{""unobserved_week"":5}"
PSE,877a128da6a13a050a0d,2026-03-16,2026,12,2023,12,False,2023-03-06,2023-04-09,5,0,False,,,,"{""low_testing"":4,""unobserved_week"":1}"
PSE,877a128da6a13a050a0d,2026-03-16,2026,12,2024,12,False,2024-03-04,2024-04-07,5,0,False,,,,"{""low_testing"":4,""unobserved_week"":1}"
PSE,877a128da6a13a050a0d,2026-03-16,2026,12,2025,12,False,2025-03-03,2025-04-06,5,0,False,,,,"{""low_testing"":4,""unobserved_week"":1}"
PSE,877a128da6a13a050a0d,2026-03-23,2026,13,2021,13,False,2021-03-15,2021-04-18,5,0,False,,,,"{""unobserved_week"":5}"
PSE,877a128da6a13a050a0d,2026-03-23,2026,13,2022,13,False,2022-03-14,2022-04-17,5,0,False,,,,"{""unobserved_week"":5}"
PSE,877a128da6a13a050a0d,2026-03-23,2026,13,2023,13,False,2023-03-13,2023-04-16,5,0,False,,,,"{""low_testing"":3,""unobserved_week"":2}"
PSE,877a128da6a13a050a0d,2026-03-23,2026,13,2024,13,False,2024-03-11,2024-04-14,5,0,False,,,,"{""low_testing"":3,""unobserved_week"":2}"
PSE,877a128da6a13a050a0d,2026-03-23,2026,13,2025,13,False,2025-03-10,2025-04-13,5,0,False,,,,"{""low_testing"":4,""unobserved_week"":1}"
PSE,877a128da6a13a050a0d,2026-03-30,2026,14,2021,14,False,2021-03-22,2021-04-25,5,0,False,,,,"{""unobserved_week"":5}"
PSE,877a128da6a13a050a0d,2026-03-30,2026,14,2022,14,False,2022-03-21,2022-04-24,5,0,False,,,,"{""unobserved_week"":5}"
PSE,877a128da6a13a050a0d,2026-03-30,2026,14,2023,14,False,2023-03-20,2023-04-23,5,0,False,,,,"{""low_testing"":3,""unobserved_week"":2}"
PSE,877a128da6a13a050a0d,2026-03-30,2026,14,2024,14,False,2024-03-18,2024-04-21,5,0,False,,,,"{""low_testing"":3,""unobserved_week"":2}"
PSE,877a128da6a13a050a0d,2026-03-30,2026,14,2025,14,False,2025-03-17,2025-04-20,5,0,False,,,,"{""low_testing"":3,""unobserved_week"":2}"
PSE,877a128da6a13a050a0d,2026-04-06,2026,15,2021,15,False,2021-03-29,2021-05-02,5,0,False,,,,"{""unobserved_week"":5}"
PSE,877a128da6a13a050a0d,2026-04-06,2026,15,2022,15,False,2022-03-28,2022-05-01,5,0,False,,,,"{""unobserved_week"":5}"
PSE,877a128da6a13a050a0d,2026-04-06,2026,15,2023,15,False,2023-03-27,2023-04-30,5,0,False,,,,"{""low_testing"":2,""unobserved_week"":3}"
PSE,877a128da6a13a050a0d,2026-04-06,2026,15,2024,15,False,2024-03-25,2024-04-28,5,0,False,,,,"{""low_testing"":2,""unobserved_week"":3}"
PSE,877a128da6a13a050a0d,2026-04-06,2026,15,2025,15,False,2025-03-24,2025-04-27,5,0,False,,,,"{""low_testing"":3,""unobserved_week"":2}"
PSE,877a128da6a13a050a0d,2026-04-13,2026,16,2021,16,False,2021-04-05,2021-05-09,5,0,False,,,,"{""unobserved_week"":5}"
PSE,877a128da6a13a050a0d,2026-04-13,2026,16,2022,16,False,2022-04-04,2022-05-08,5,0,False,,,,"{""unobserved_week"":5}"
PSE,877a128da6a13a050a0d,2026-04-13,2026,16,2023,16,False,2023-04-03,2023-05-07,5,0,False,,,,"{""low_testing"":1,""unobserved_week"":4}"
PSE,877a128da6a13a050a0d,2026-04-13,2026,16,2024,16,False,2024-04-01,2024-05-05,5,0,False,,,,"{""low_testing"":1,""unobserved_week"":4}"
PSE,877a128da6a13a050a0d,2026-04-13,2026,16,2025,16,False,2025-03-31,2025-05-04,5,0,False,,,,"{""low_testing"":3,""unobserved_week"":2}"
PSE,877a128da6a13a050a0d,2026-04-20,2026,17,2021,17,False,2021-04-12,2021-05-16,5,0,False,,,,"{""unobserved_week"":5}"
PSE,877a128da6a13a050a0d,2026-04-20,2026,17,2022,17,False,2022-04-11,2022-05-15,5,0,False,,,,"{""low_testing"":1,""unobserved_week"":4}"
PSE,877a128da6a13a050a0d,2026-04-20,2026,17,2023,17,False,2023-04-10,2023-05-14,5,0,False,,,,"{""low_testing"":1,""unobserved_week"":4}"
PSE,877a128da6a13a050a0d,2026-04-20,2026,17,2024,17,False,2024-04-08,2024-05-12,5,0,False,,,,"{""low_testing"":1,""unobserved_week"":4}"
PSE,877a128da6a13a050a0d,2026-04-20,2026,17,2025,17,False,2025-04-07,2025-05-11,5,0,False,,,,"{""low_testing"":2,""unobserved_week"":3}"
PSE,877a128da6a13a050a0d,2026-04-27,2026,18,2021,18,False,2021-04-19,2021-05-23,5,0,False,,,,"{""unobserved_week"":5}"
PSE,877a128da6a13a050a0d,2026-04-27,2026,18,2022,18,False,2022-04-18,2022-05-22,5,0,False,,,,"{""low_testing"":1,""unobserved_week"":4}"
PSE,877a128da6a13a050a0d,2026-04-27,2026,18,2023,18,False,2023-04-17,2023-05-21,5,0,False,,,,"{""low_testing"":1,""unobserved_week"":4}"
PSE,877a128da6a13a050a0d,2026-04-27,2026,18,2024,18,False,2024-04-15,2024-05-19,5,0,False,,,,"{""low_testing"":1,""unobserved_week"":4}"
PSE,877a128da6a13a050a0d,2026-04-27,2026,18,2025,18,False,2025-04-14,2025-05-18,5,0,False,,,,"{""low_testing"":2,""unobserved_week"":3}"
PSE,877a128da6a13a050a0d,2026-05-04,2026,19,2021,19,False,2021-04-26,2021-05-30,5,0,False,,,,"{""unobserved_week"":5}"
PSE,877a128da6a13a050a0d,2026-05-04,2026,19,2022,19,False,2022-04-25,2022-05-29,5,0,False,,,,"{""low_testing"":1,""unobserved_week"":4}"
PSE,877a128da6a13a050a0d,2026-05-04,2026,19,2023,19,False,2023-04-24,2023-05-28,5,0,False,,,,"{""unobserved_week"":5}"
PSE,877a128da6a13a050a0d,2026-05-04,2026,19,2024,19,False,2024-04-22,2024-05-26,5,0,False,,,,"{""unobserved_week"":5}"
PSE,877a128da6a13a050a0d,2026-05-04,2026,19,2025,19,False,2025-04-21,2025-05-25,5,0,False,,,,"{""low_testing"":2,""unobserved_week"":3}"
PSE,877a128da6a13a050a0d,2026-05-11,2026,20,2021,20,False,2021-05-03,2021-06-06,5,0,False,,,,"{""unobserved_week"":5}"
PSE,877a128da6a13a050a0d,2026-05-11,2026,20,2022,20,False,2022-05-02,2022-06-05,5,0,False,,,,"{""low_testing"":1,""unobserved_week"":4}"
PSE,877a128da6a13a050a0d,2026-05-11,2026,20,2023,20,False,2023-05-01,2023-06-04,5,0,False,,,,"{""unobserved_week"":5}"
PSE,877a128da6a13a050a0d,2026-05-11,2026,20,2024,20,False,2024-04-29,2024-06-02,5,0,False,,,,"{""unobserved_week"":5}"
PSE,877a128da6a13a050a0d,2026-05-11,2026,20,2025,20,False,2025-04-28,2025-06-01,5,0,False,,,,"{""low_testing"":2,""unobserved_week"":3}"
PSE,877a128da6a13a050a0d,2026-05-18,2026,21,2021,21,False,2021-05-10,2021-06-13,5,0,False,,,,"{""unobserved_week"":5}"
PSE,877a128da6a13a050a0d,2026-05-18,2026,21,2022,21,False,2022-05-09,2022-06-12,5,0,False,,,,"{""low_testing"":1,""unobserved_week"":4}"
PSE,877a128da6a13a050a0d,2026-05-18,2026,21,2023,21,False,2023-05-08,2023-06-11,5,0,False,,,,"{""unobserved_week"":5}"
PSE,877a128da6a13a050a0d,2026-05-18,2026,21,2024,21,False,2024-05-06,2024-06-09,5,0,False,,,,"{""unobserved_week"":5}"
PSE,877a128da6a13a050a0d,2026-05-18,2026,21,2025,21,False,2025-05-05,2025-06-08,5,0,False,,,,"{""low_testing"":2,""unobserved_week"":3}"
PSE,877a128da6a13a050a0d,2026-05-25,2026,22,2021,22,False,2021-05-17,2021-06-20,5,0,False,,,,"{""unobserved_week"":5}"
PSE,877a128da6a13a050a0d,2026-05-25,2026,22,2022,22,False,2022-05-16,2022-06-19,5,0,False,,,,"{""unobserved_week"":5}"
PSE,877a128da6a13a050a0d,2026-05-25,2026,22,2023,22,False,2023-05-15,2023-06-18,5,0,False,,,,"{""unobserved_week"":5}"
PSE,877a128da6a13a050a0d,2026-05-25,2026,22,2024,22,False,2024-05-13,2024-06-16,5,0,False,,,,"{""unobserved_week"":5}"
PSE,877a128da6a13a050a0d,2026-05-25,2026,22,2025,22,False,2025-05-12,2025-06-15,5,0,False,,,,"{""low_testing"":3,""unobserved_week"":2}"
PSE,877a128da6a13a050a0d,2026-06-01,2026,23,2021,23,False,2021-05-24,2021-06-27,5,0,False,,,,"{""unobserved_week"":5}"
PSE,877a128da6a13a050a0d,2026-06-01,2026,23,2022,23,False,2022-05-23,2022-06-26,5,0,False,,,,"{""unobserved_week"":5}"
PSE,877a128da6a13a050a0d,2026-06-01,2026,23,2023,23,False,2023-05-22,2023-06-25,5,0,False,,,,"{""unobserved_week"":5}"
PSE,877a128da6a13a050a0d,2026-06-01,2026,23,2024,23,False,2024-05-20,2024-06-23,5,0,False,,,,"{""unobserved_week"":5}"
PSE,877a128da6a13a050a0d,2026-06-01,2026,23,2025,23,False,2025-05-19,2025-06-22,5,0,False,,,,"{""low_testing"":2,""unobserved_week"":3}"
PSE,877a128da6a13a050a0d,2026-06-08,2026,24,2021,24,False,2021-05-31,2021-07-04,5,0,False,,,,"{""unobserved_week"":5}"
PSE,877a128da6a13a050a0d,2026-06-08,2026,24,2022,24,False,2022-05-30,2022-07-03,5,0,False,,,,"{""unobserved_week"":5}"
PSE,877a128da6a13a050a0d,2026-06-08,2026,24,2023,24,False,2023-05-29,2023-07-02,5,0,False,,,,"{""unobserved_week"":5}"
PSE,877a128da6a13a050a0d,2026-06-08,2026,24,2024,24,False,2024-05-27,2024-06-30,5,0,False,,,,"{""unobserved_week"":5}"
PSE,877a128da6a13a050a0d,2026-06-08,2026,24,2025,24,False,2025-05-26,2025-06-29,5,0,False,,,,"{""low_testing"":2,""unobserved_week"":3}"
PSE,877a128da6a13a050a0d,2026-06-15,2026,25,2021,25,False,2021-06-07,2021-07-11,5,0,False,,,,"{""unobserved_week"":5}"
PSE,877a128da6a13a050a0d,2026-06-15,2026,25,2022,25,False,2022-06-06,2022-07-10,5,0,False,,,,"{""unobserved_week"":5}"
PSE,877a128da6a13a050a0d,2026-06-15,2026,25,2023,25,False,2023-06-05,2023-07-09,5,0,False,,,,"{""unobserved_week"":5}"
PSE,877a128da6a13a050a0d,2026-06-15,2026,25,2024,25,False,2024-06-03,2024-07-07,5,0,False,,,,"{""unobserved_week"":5}"
PSE,877a128da6a13a050a0d,2026-06-15,2026,25,2025,25,False,2025-06-02,2025-07-06,5,0,False,,,,"{""low_testing"":1,""unobserved_week"":4}"
PSE,877a128da6a13a050a0d,2026-06-22,2026,26,2021,26,False,2021-06-14,2021-07-18,5,0,False,,,,"{""unobserved_week"":5}"
PSE,877a128da6a13a050a0d,2026-06-22,2026,26,2022,26,False,2022-06-13,2022-07-17,5,0,False,,,,"{""unobserved_week"":5}"
PSE,877a128da6a13a050a0d,2026-06-22,2026,26,2023,26,False,2023-06-12,2023-07-16,5,0,False,,,,"{""unobserved_week"":5}"
PSE,877a128da6a13a050a0d,2026-06-22,2026,26,2024,26,False,2024-06-10,2024-07-14,5,0,False,,,,"{""unobserved_week"":5}"
PSE,877a128da6a13a050a0d,2026-06-22,2026,26,2025,26,False,2025-06-09,2025-07-13,5,0,False,,,,"{""low_testing"":1,""unobserved_week"":4}"
PSE,877a128da6a13a050a0d,2026-06-29,2026,27,2021,27,False,2021-06-21,2021-07-25,5,0,False,,,,"{""unobserved_week"":5}"
PSE,877a128da6a13a050a0d,2026-06-29,2026,27,2022,27,False,2022-06-20,2022-07-24,5,0,False,,,,"{""unobserved_week"":5}"
PSE,877a128da6a13a050a0d,2026-06-29,2026,27,2023,27,False,2023-06-19,2023-07-23,5,0,False,,,,"{""unobserved_week"":5}"
PSE,877a128da6a13a050a0d,2026-06-29,2026,27,2024,27,False,2024-06-17,2024-07-21,5,0,False,,,,"{""unobserved_week"":5}"
PSE,877a128da6a13a050a0d,2026-06-29,2026,27,2025,27,False,2025-06-16,2025-07-20,5,0,False,,,,"{""unobserved_week"":5}"
PSE,877a128da6a13a050a0d,2026-07-06,2026,28,2021,28,False,2021-06-28,2021-08-01,5,0,False,,,,"{""unobserved_week"":5}"
PSE,877a128da6a13a050a0d,2026-07-06,2026,28,2022,28,False,2022-06-27,2022-07-31,5,0,False,,,,"{""unobserved_week"":5}"
PSE,877a128da6a13a050a0d,2026-07-06,2026,28,2023,28,False,2023-06-26,2023-07-30,5,0,False,,,,"{""unobserved_week"":5}"
PSE,877a128da6a13a050a0d,2026-07-06,2026,28,2024,28,False,2024-06-24,2024-07-28,5,0,False,,,,"{""unobserved_week"":5}"
PSE,877a128da6a13a050a0d,2026-07-06,2026,28,2025,28,False,2025-06-23,2025-07-27,5,0,False,,,,"{""unobserved_week"":5}"
PSE,877a128da6a13a050a0d,2026-07-13,2026,29,2021,29,False,2021-07-05,2021-08-08,5,0,False,,,,"{""unobserved_week"":5}"
PSE,877a128da6a13a050a0d,2026-07-13,2026,29,2022,29,False,2022-07-04,2022-08-07,5,0,False,,,,"{""unobserved_week"":5}"
PSE,877a128da6a13a050a0d,2026-07-13,2026,29,2023,29,False,2023-07-03,2023-08-06,5,0,False,,,,"{""unobserved_week"":5}"
PSE,877a128da6a13a050a0d,2026-07-13,2026,29,2024,29,False,2024-07-01,2024-08-04,5,0,False,,,,"{""unobserved_week"":5}"
PSE,877a128da6a13a050a0d,2026-07-13,2026,29,2025,29,False,2025-06-30,2025-08-03,5,0,False,,,,"{""unobserved_week"":5}"
PSE,877a128da6a13a050a0d,2026-07-20,2026,30,2021,30,False,2021-07-12,2021-08-15,5,0,False,,,,"{""unobserved_week"":5}"
PSE,877a128da6a13a050a0d,2026-07-20,2026,30,2022,30,False,2022-07-11,2022-08-14,5,0,False,,,,"{""unobserved_week"":5}"
PSE,877a128da6a13a050a0d,2026-07-20,2026,30,2023,30,False,2023-07-10,2023-08-13,5,0,False,,,,"{""unobserved_week"":5}"
PSE,877a128da6a13a050a0d,2026-07-20,2026,30,2024,30,False,2024-07-08,2024-08-11,5,0,False,,,,"{""unobserved_week"":5}"
PSE,877a128da6a13a050a0d,2026-07-20,2026,30,2025,30,False,2025-07-07,2025-08-10,5,0,False,,,,"{""unobserved_week"":5}"
PSE,877a128da6a13a050a0d,2026-07-27,2026,31,2021,31,False,2021-07-19,2021-08-22,5,0,False,,,,"{""unobserved_week"":5}"
PSE,877a128da6a13a050a0d,2026-07-27,2026,31,2022,31,False,2022-07-18,2022-08-21,5,0,False,,,,"{""unobserved_week"":5}"
PSE,877a128da6a13a050a0d,2026-07-27,2026,31,2023,31,False,2023-07-17,2023-08-20,5,0,False,,,,"{""unobserved_week"":5}"
PSE,877a128da6a13a050a0d,2026-07-27,2026,31,2024,31,False,2024-07-15,2024-08-18,5,0,False,,,,"{""unobserved_week"":5}"
PSE,877a128da6a13a050a0d,2026-07-27,2026,31,2025,31,False,2025-07-14,2025-08-17,5,0,False,,,,"{""unobserved_week"":5}"
PSE,877a128da6a13a050a0d,2026-08-03,2026,32,2021,32,False,2021-07-26,2021-08-29,5,0,False,,,,"{""unobserved_week"":5}"
PSE,877a128da6a13a050a0d,2026-08-03,2026,32,2022,32,False,2022-07-25,2022-08-28,5,0,False,,,,"{""unobserved_week"":5}"
PSE,877a128da6a13a050a0d,2026-08-03,2026,32,2023,32,False,2023-07-24,2023-08-27,5,0,False,,,,"{""unobserved_week"":5}"
PSE,877a128da6a13a050a0d,2026-08-03,2026,32,2024,32,False,2024-07-22,2024-08-25,5,0,False,,,,"{""unobserved_week"":5}"
PSE,877a128da6a13a050a0d,2026-08-03,2026,32,2025,32,False,2025-07-21,2025-08-24,5,0,False,,,,"{""unobserved_week"":5}"
PSE,877a128da6a13a050a0d,2026-08-10,2026,33,2021,33,False,2021-08-02,2021-09-05,5,0,False,,,,"{""unobserved_week"":5}"
PSE,877a128da6a13a050a0d,2026-08-10,2026,33,2022,33,False,2022-08-01,2022-09-04,5,0,False,,,,"{""unobserved_week"":5}"
PSE,877a128da6a13a050a0d,2026-08-10,2026,33,2023,33,False,2023-07-31,2023-09-03,5,0,False,,,,"{""unobserved_week"":5}"
PSE,877a128da6a13a050a0d,2026-08-10,2026,33,2024,33,False,2024-07-29,2024-09-01,5,0,False,,,,"{""unobserved_week"":5}"
PSE,877a128da6a13a050a0d,2026-08-10,2026,33,2025,33,False,2025-07-28,2025-08-31,5,0,False,,,,"{""unobserved_week"":5}"
PSE,877a128da6a13a050a0d,2026-08-17,2026,34,2021,34,False,2021-08-09,2021-09-12,5,0,False,,,,"{""unobserved_week"":5}"
PSE,877a128da6a13a050a0d,2026-08-17,2026,34,2022,34,False,2022-08-08,2022-09-11,5,0,False,,,,"{""unobserved_week"":5}"
PSE,877a128da6a13a050a0d,2026-08-17,2026,34,2023,34,False,2023-08-07,2023-09-10,5,0,False,,,,"{""unobserved_week"":5}"
PSE,877a128da6a13a050a0d,2026-08-17,2026,34,2024,34,False,2024-08-05,2024-09-08,5,0,False,,,,"{""unobserved_week"":5}"
PSE,877a128da6a13a050a0d,2026-08-17,2026,34,2025,34,False,2025-08-04,2025-09-07,5,0,False,,,,"{""unobserved_week"":5}"
SDN,ed1c35a04b2f5b486d96,2025-08-25,2025,35,2020,35,False,2020-08-10,2020-09-13,5,0,False,,,,"{""unobserved_week"":5}"
SDN,ed1c35a04b2f5b486d96,2025-08-25,2025,35,2021,35,False,2021-08-16,2021-09-19,5,0,False,,,,"{""unobserved_week"":5}"
SDN,ed1c35a04b2f5b486d96,2025-08-25,2025,35,2022,35,False,2022-08-15,2022-09-18,5,0,False,,,,"{""unobserved_week"":5}"
SDN,ed1c35a04b2f5b486d96,2025-08-25,2025,35,2023,35,False,2023-08-14,2023-09-17,5,0,False,,,,"{""unobserved_week"":5}"
SDN,ed1c35a04b2f5b486d96,2025-08-25,2025,35,2024,35,False,2024-08-12,2024-09-15,5,0,False,,,,"{""unobserved_week"":5}"
SDN,ed1c35a04b2f5b486d96,2025-09-01,2025,36,2020,36,False,2020-08-17,2020-09-20,5,0,False,,,,"{""unobserved_week"":5}"
SDN,ed1c35a04b2f5b486d96,2025-09-01,2025,36,2021,36,False,2021-08-23,2021-09-26,5,0,False,,,,"{""unobserved_week"":5}"
SDN,ed1c35a04b2f5b486d96,2025-09-01,2025,36,2022,36,False,2022-08-22,2022-09-25,5,0,False,,,,"{""unobserved_week"":5}"
SDN,ed1c35a04b2f5b486d96,2025-09-01,2025,36,2023,36,False,2023-08-21,2023-09-24,5,0,False,,,,"{""unobserved_week"":5}"
SDN,ed1c35a04b2f5b486d96,2025-09-01,2025,36,2024,36,False,2024-08-19,2024-09-22,5,0,False,,,,"{""unobserved_week"":5}"
SDN,ed1c35a04b2f5b486d96,2025-09-08,2025,37,2020,37,False,2020-08-24,2020-09-27,5,0,False,,,,"{""unobserved_week"":5}"
SDN,ed1c35a04b2f5b486d96,2025-09-08,2025,37,2021,37,False,2021-08-30,2021-10-03,5,0,False,,,,"{""unobserved_week"":5}"
SDN,ed1c35a04b2f5b486d96,2025-09-08,2025,37,2022,37,False,2022-08-29,2022-10-02,5,0,False,,,,"{""unobserved_week"":5}"
SDN,ed1c35a04b2f5b486d96,2025-09-08,2025,37,2023,37,False,2023-08-28,2023-10-01,5,0,False,,,,"{""unobserved_week"":5}"
SDN,ed1c35a04b2f5b486d96,2025-09-08,2025,37,2024,37,False,2024-08-26,2024-09-29,5,0,False,,,,"{""unobserved_week"":5}"
SDN,ed1c35a04b2f5b486d96,2025-09-15,2025,38,2020,38,False,2020-08-31,2020-10-04,5,0,False,,,,"{""unobserved_week"":5}"
SDN,ed1c35a04b2f5b486d96,2025-09-15,2025,38,2021,38,False,2021-09-06,2021-10-10,5,0,False,,,,"{""unobserved_week"":5}"
SDN,ed1c35a04b2f5b486d96,2025-09-15,2025,38,2022,38,False,2022-09-05,2022-10-09,5,0,False,,,,"{""unobserved_week"":5}"
SDN,ed1c35a04b2f5b486d96,2025-09-15,2025,38,2023,38,False,2023-09-04,2023-10-08,5,0,False,,,,"{""unobserved_week"":5}"
SDN,ed1c35a04b2f5b486d96,2025-09-15,2025,38,2024,38,False,2024-09-02,2024-10-06,5,0,False,,,,"{""unobserved_week"":5}"
SDN,ed1c35a04b2f5b486d96,2025-09-22,2025,39,2020,39,False,2020-09-07,2020-10-11,5,0,False,,,,"{""unobserved_week"":5}"
SDN,ed1c35a04b2f5b486d96,2025-09-22,2025,39,2021,39,False,2021-09-13,2021-10-17,5,0,False,,,,"{""unobserved_week"":5}"
SDN,ed1c35a04b2f5b486d96,2025-09-22,2025,39,2022,39,False,2022-09-12,2022-10-16,5,0,False,,,,"{""unobserved_week"":5}"
SDN,ed1c35a04b2f5b486d96,2025-09-22,2025,39,2023,39,False,2023-09-11,2023-10-15,5,0,False,,,,"{""unobserved_week"":5}"
SDN,ed1c35a04b2f5b486d96,2025-09-22,2025,39,2024,39,False,2024-09-09,2024-10-13,5,0,False,,,,"{""unobserved_week"":5}"
SDN,ed1c35a04b2f5b486d96,2025-09-29,2025,40,2020,40,False,2020-09-14,2020-10-18,5,0,False,,,,"{""unobserved_week"":5}"
SDN,ed1c35a04b2f5b486d96,2025-09-29,2025,40,2021,40,False,2021-09-20,2021-10-24,5,0,False,,,,"{""unobserved_week"":5}"
SDN,ed1c35a04b2f5b486d96,2025-09-29,2025,40,2022,40,False,2022-09-19,2022-10-23,5,0,False,,,,"{""unobserved_week"":5}"
SDN,ed1c35a04b2f5b486d96,2025-09-29,2025,40,2023,40,False,2023-09-18,2023-10-22,5,0,False,,,,"{""unobserved_week"":5}"
SDN,ed1c35a04b2f5b486d96,2025-09-29,2025,40,2024,40,False,2024-09-16,2024-10-20,5,0,False,,,,"{""unobserved_week"":5}"
SDN,ed1c35a04b2f5b486d96,2025-10-06,2025,41,2020,41,False,2020-09-21,2020-10-25,5,0,False,,,,"{""unobserved_week"":5}"
SDN,ed1c35a04b2f5b486d96,2025-10-06,2025,41,2021,41,False,2021-09-27,2021-10-31,5,0,False,,,,"{""unobserved_week"":5}"
SDN,ed1c35a04b2f5b486d96,2025-10-06,2025,41,2022,41,False,2022-09-26,2022-10-30,5,0,False,,,,"{""unobserved_week"":5}"
SDN,ed1c35a04b2f5b486d96,2025-10-06,2025,41,2023,41,False,2023-09-25,2023-10-29,5,0,False,,,,"{""unobserved_week"":5}"
SDN,ed1c35a04b2f5b486d96,2025-10-06,2025,41,2024,41,False,2024-09-23,2024-10-27,5,0,False,,,,"{""unobserved_week"":5}"
SDN,ed1c35a04b2f5b486d96,2025-10-13,2025,42,2020,42,False,2020-09-28,2020-11-01,5,0,False,,,,"{""unobserved_week"":5}"
SDN,ed1c35a04b2f5b486d96,2025-10-13,2025,42,2021,42,False,2021-10-04,2021-11-07,5,0,False,,,,"{""unobserved_week"":5}"
SDN,ed1c35a04b2f5b486d96,2025-10-13,2025,42,2022,42,False,2022-10-03,2022-11-06,5,0,False,,,,"{""unobserved_week"":5}"
SDN,ed1c35a04b2f5b486d96,2025-10-13,2025,42,2023,42,False,2023-10-02,2023-11-05,5,0,False,,,,"{""unobserved_week"":5}"
SDN,ed1c35a04b2f5b486d96,2025-10-13,2025,42,2024,42,False,2024-09-30,2024-11-03,5,0,False,,,,"{""unobserved_week"":5}"
SDN,ed1c35a04b2f5b486d96,2025-10-20,2025,43,2020,43,False,2020-10-05,2020-11-08,5,0,False,,,,"{""unobserved_week"":5}"
SDN,ed1c35a04b2f5b486d96,2025-10-20,2025,43,2021,43,False,2021-10-11,2021-11-14,5,0,False,,,,"{""unobserved_week"":5}"
SDN,ed1c35a04b2f5b486d96,2025-10-20,2025,43,2022,43,False,2022-10-10,2022-11-13,5,0,False,,,,"{""unobserved_week"":5}"
SDN,ed1c35a04b2f5b486d96,2025-10-20,2025,43,2023,43,False,2023-10-09,2023-11-12,5,0,False,,,,"{""unobserved_week"":5}"
SDN,ed1c35a04b2f5b486d96,2025-10-20,2025,43,2024,43,False,2024-10-07,2024-11-10,5,0,False,,,,"{""unobserved_week"":5}"
SDN,ed1c35a04b2f5b486d96,2025-10-27,2025,44,2020,44,False,2020-10-12,2020-11-15,5,0,False,,,,"{""unobserved_week"":5}"
SDN,ed1c35a04b2f5b486d96,2025-10-27,2025,44,2021,44,False,2021-10-18,2021-11-21,5,0,False,,,,"{""unobserved_week"":5}"
SDN,ed1c35a04b2f5b486d96,2025-10-27,2025,44,2022,44,False,2022-10-17,2022-11-20,5,0,False,,,,"{""unobserved_week"":5}"
SDN,ed1c35a04b2f5b486d96,2025-10-27,2025,44,2023,44,False,2023-10-16,2023-11-19,5,0,False,,,,"{""unobserved_week"":5}"
SDN,ed1c35a04b2f5b486d96,2025-10-27,2025,44,2024,44,False,2024-10-14,2024-11-17,5,0,False,,,,"{""unobserved_week"":5}"
SDN,ed1c35a04b2f5b486d96,2025-11-03,2025,45,2020,45,False,2020-10-19,2020-11-22,5,0,False,,,,"{""unobserved_week"":5}"
SDN,ed1c35a04b2f5b486d96,2025-11-03,2025,45,2021,45,False,2021-10-25,2021-11-28,5,0,False,,,,"{""unobserved_week"":5}"
SDN,ed1c35a04b2f5b486d96,2025-11-03,2025,45,2022,45,False,2022-10-24,2022-11-27,5,0,False,,,,"{""unobserved_week"":5}"
SDN,ed1c35a04b2f5b486d96,2025-11-03,2025,45,2023,45,False,2023-10-23,2023-11-26,5,0,False,,,,"{""unobserved_week"":5}"
SDN,ed1c35a04b2f5b486d96,2025-11-03,2025,45,2024,45,False,2024-10-21,2024-11-24,5,0,False,,,,"{""unobserved_week"":5}"
SDN,ed1c35a04b2f5b486d96,2025-11-10,2025,46,2020,46,False,2020-10-26,2020-11-29,5,0,False,,,,"{""unobserved_week"":5}"
SDN,ed1c35a04b2f5b486d96,2025-11-10,2025,46,2021,46,False,2021-11-01,2021-12-05,5,0,False,,,,"{""unobserved_week"":5}"
SDN,ed1c35a04b2f5b486d96,2025-11-10,2025,46,2022,46,False,2022-10-31,2022-12-04,5,0,False,,,,"{""unobserved_week"":5}"
SDN,ed1c35a04b2f5b486d96,2025-11-10,2025,46,2023,46,False,2023-10-30,2023-12-03,5,0,False,,,,"{""unobserved_week"":5}"
SDN,ed1c35a04b2f5b486d96,2025-11-10,2025,46,2024,46,False,2024-10-28,2024-12-01,5,0,False,,,,"{""unobserved_week"":5}"
SDN,ed1c35a04b2f5b486d96,2025-11-17,2025,47,2020,47,False,2020-11-02,2020-12-06,5,0,False,,,,"{""unobserved_week"":5}"
SDN,ed1c35a04b2f5b486d96,2025-11-17,2025,47,2021,47,False,2021-11-08,2021-12-12,5,0,False,,,,"{""unobserved_week"":5}"
SDN,ed1c35a04b2f5b486d96,2025-11-17,2025,47,2022,47,False,2022-11-07,2022-12-11,5,0,False,,,,"{""unobserved_week"":5}"
SDN,ed1c35a04b2f5b486d96,2025-11-17,2025,47,2023,47,False,2023-11-06,2023-12-10,5,0,False,,,,"{""unobserved_week"":5}"
SDN,ed1c35a04b2f5b486d96,2025-11-17,2025,47,2024,47,False,2024-11-04,2024-12-08,5,0,False,,,,"{""unobserved_week"":5}"
SDN,ed1c35a04b2f5b486d96,2025-11-24,2025,48,2020,48,False,2020-11-09,2020-12-13,5,0,False,,,,"{""unobserved_week"":5}"
SDN,ed1c35a04b2f5b486d96,2025-11-24,2025,48,2021,48,False,2021-11-15,2021-12-19,5,0,False,,,,"{""unobserved_week"":5}"
SDN,ed1c35a04b2f5b486d96,2025-11-24,2025,48,2022,48,False,2022-11-14,2022-12-18,5,0,False,,,,"{""unobserved_week"":5}"
SDN,ed1c35a04b2f5b486d96,2025-11-24,2025,48,2023,48,False,2023-11-13,2023-12-17,5,0,False,,,,"{""unobserved_week"":5}"
SDN,ed1c35a04b2f5b486d96,2025-11-24,2025,48,2024,48,False,2024-11-11,2024-12-15,5,0,False,,,,"{""unobserved_week"":5}"
SDN,ed1c35a04b2f5b486d96,2025-12-01,2025,49,2020,49,False,2020-11-16,2020-12-20,5,0,False,,,,"{""unobserved_week"":5}"
SDN,ed1c35a04b2f5b486d96,2025-12-01,2025,49,2021,49,False,2021-11-22,2021-12-26,5,0,False,,,,"{""unobserved_week"":5}"
SDN,ed1c35a04b2f5b486d96,2025-12-01,2025,49,2022,49,False,2022-11-21,2022-12-25,5,0,False,,,,"{""unobserved_week"":5}"
SDN,ed1c35a04b2f5b486d96,2025-12-01,2025,49,2023,49,False,2023-11-20,2023-12-24,5,0,False,,,,"{""unobserved_week"":5}"
SDN,ed1c35a04b2f5b486d96,2025-12-01,2025,49,2024,49,False,2024-11-18,2024-12-22,5,0,False,,,,"{""unobserved_week"":5}"
SDN,ed1c35a04b2f5b486d96,2025-12-08,2025,50,2020,50,False,2020-11-23,2020-12-27,5,0,False,,,,"{""unobserved_week"":5}"
SDN,ed1c35a04b2f5b486d96,2025-12-08,2025,50,2021,50,False,2021-11-29,2022-01-02,5,0,False,,,,"{""unobserved_week"":5}"
SDN,ed1c35a04b2f5b486d96,2025-12-08,2025,50,2022,50,False,2022-11-28,2023-01-01,5,0,False,,,,"{""unobserved_week"":5}"
SDN,ed1c35a04b2f5b486d96,2025-12-08,2025,50,2023,50,False,2023-11-27,2023-12-31,5,0,False,,,,"{""unobserved_week"":5}"
SDN,ed1c35a04b2f5b486d96,2025-12-08,2025,50,2024,50,False,2024-11-25,2024-12-29,5,0,False,,,,"{""unobserved_week"":5}"
SDN,ed1c35a04b2f5b486d96,2025-12-15,2025,51,2020,51,False,2020-11-30,2021-01-03,5,0,False,,,,"{""unobserved_week"":5}"
SDN,ed1c35a04b2f5b486d96,2025-12-15,2025,51,2021,51,False,2021-12-06,2022-01-09,5,0,False,,,,"{""unobserved_week"":5}"
SDN,ed1c35a04b2f5b486d96,2025-12-15,2025,51,2022,51,False,2022-12-05,2023-01-08,5,0,False,,,,"{""unobserved_week"":5}"
SDN,ed1c35a04b2f5b486d96,2025-12-15,2025,51,2023,51,False,2023-12-04,2024-01-07,5,0,False,,,,"{""unobserved_week"":5}"
SDN,ed1c35a04b2f5b486d96,2025-12-15,2025,51,2024,51,False,2024-12-02,2025-01-05,5,0,False,,,,"{""not_strictly_prior_target_iso_year"":1,""unobserved_week"":4}"
SDN,ed1c35a04b2f5b486d96,2025-12-22,2025,52,2020,52,False,2020-12-07,2021-01-10,5,0,False,,,,"{""unobserved_week"":5}"
SDN,ed1c35a04b2f5b486d96,2025-12-22,2025,52,2021,52,False,2021-12-13,2022-01-16,5,0,False,,,,"{""unobserved_week"":5}"
SDN,ed1c35a04b2f5b486d96,2025-12-22,2025,52,2022,52,False,2022-12-12,2023-01-15,5,0,False,,,,"{""unobserved_week"":5}"
SDN,ed1c35a04b2f5b486d96,2025-12-22,2025,52,2023,52,False,2023-12-11,2024-01-14,5,0,False,,,,"{""unobserved_week"":5}"
SDN,ed1c35a04b2f5b486d96,2025-12-22,2025,52,2024,52,False,2024-12-09,2025-01-12,5,0,False,,,,"{""not_strictly_prior_target_iso_year"":2,""unobserved_week"":3}"
SDN,ed1c35a04b2f5b486d96,2025-12-29,2026,1,2021,1,False,2020-12-21,2021-01-24,5,0,False,,,,"{""unobserved_week"":5}"
SDN,ed1c35a04b2f5b486d96,2025-12-29,2026,1,2022,1,False,2021-12-20,2022-01-23,5,0,False,,,,"{""unobserved_week"":5}"
SDN,ed1c35a04b2f5b486d96,2025-12-29,2026,1,2023,1,False,2022-12-19,2023-01-22,5,0,False,,,,"{""unobserved_week"":5}"
SDN,ed1c35a04b2f5b486d96,2025-12-29,2026,1,2024,1,False,2023-12-18,2024-01-21,5,0,False,,,,"{""unobserved_week"":5}"
SDN,ed1c35a04b2f5b486d96,2025-12-29,2026,1,2025,1,False,2024-12-16,2025-01-19,5,0,False,,,,"{""unobserved_week"":5}"
SDN,ed1c35a04b2f5b486d96,2026-01-05,2026,2,2021,2,False,2020-12-28,2021-01-31,5,0,False,,,,"{""unobserved_week"":5}"
SDN,ed1c35a04b2f5b486d96,2026-01-05,2026,2,2022,2,False,2021-12-27,2022-01-30,5,0,False,,,,"{""unobserved_week"":5}"
SDN,ed1c35a04b2f5b486d96,2026-01-05,2026,2,2023,2,False,2022-12-26,2023-01-29,5,0,False,,,,"{""unobserved_week"":5}"
SDN,ed1c35a04b2f5b486d96,2026-01-05,2026,2,2024,2,False,2023-12-25,2024-01-28,5,0,False,,,,"{""unobserved_week"":5}"
SDN,ed1c35a04b2f5b486d96,2026-01-05,2026,2,2025,2,False,2024-12-23,2025-01-26,5,0,False,,,,"{""unobserved_week"":5}"
SDN,ed1c35a04b2f5b486d96,2026-01-12,2026,3,2021,3,False,2021-01-04,2021-02-07,5,0,False,,,,"{""unobserved_week"":5}"
SDN,ed1c35a04b2f5b486d96,2026-01-12,2026,3,2022,3,False,2022-01-03,2022-02-06,5,0,False,,,,"{""unobserved_week"":5}"
SDN,ed1c35a04b2f5b486d96,2026-01-12,2026,3,2023,3,False,2023-01-02,2023-02-05,5,0,False,,,,"{""unobserved_week"":5}"
SDN,ed1c35a04b2f5b486d96,2026-01-12,2026,3,2024,3,False,2024-01-01,2024-02-04,5,0,False,,,,"{""unobserved_week"":5}"
SDN,ed1c35a04b2f5b486d96,2026-01-12,2026,3,2025,3,False,2024-12-30,2025-02-02,5,0,False,,,,"{""unobserved_week"":5}"
SDN,ed1c35a04b2f5b486d96,2026-01-19,2026,4,2021,4,False,2021-01-11,2021-02-14,5,0,False,,,,"{""unobserved_week"":5}"
SDN,ed1c35a04b2f5b486d96,2026-01-19,2026,4,2022,4,False,2022-01-10,2022-02-13,5,0,False,,,,"{""unobserved_week"":5}"
SDN,ed1c35a04b2f5b486d96,2026-01-19,2026,4,2023,4,False,2023-01-09,2023-02-12,5,0,False,,,,"{""unobserved_week"":5}"
SDN,ed1c35a04b2f5b486d96,2026-01-19,2026,4,2024,4,False,2024-01-08,2024-02-11,5,0,False,,,,"{""unobserved_week"":5}"
SDN,ed1c35a04b2f5b486d96,2026-01-19,2026,4,2025,4,False,2025-01-06,2025-02-09,5,0,False,,,,"{""unobserved_week"":5}"
SDN,ed1c35a04b2f5b486d96,2026-01-26,2026,5,2021,5,False,2021-01-18,2021-02-21,5,0,False,,,,"{""unobserved_week"":5}"
SDN,ed1c35a04b2f5b486d96,2026-01-26,2026,5,2022,5,False,2022-01-17,2022-02-20,5,0,False,,,,"{""unobserved_week"":5}"
SDN,ed1c35a04b2f5b486d96,2026-01-26,2026,5,2023,5,False,2023-01-16,2023-02-19,5,0,False,,,,"{""unobserved_week"":5}"
SDN,ed1c35a04b2f5b486d96,2026-01-26,2026,5,2024,5,False,2024-01-15,2024-02-18,5,0,False,,,,"{""unobserved_week"":5}"
SDN,ed1c35a04b2f5b486d96,2026-01-26,2026,5,2025,5,False,2025-01-13,2025-02-16,5,0,False,,,,"{""unobserved_week"":5}"
SDN,ed1c35a04b2f5b486d96,2026-02-02,2026,6,2021,6,False,2021-01-25,2021-02-28,5,0,False,,,,"{""unobserved_week"":5}"
SDN,ed1c35a04b2f5b486d96,2026-02-02,2026,6,2022,6,False,2022-01-24,2022-02-27,5,0,False,,,,"{""unobserved_week"":5}"
SDN,ed1c35a04b2f5b486d96,2026-02-02,2026,6,2023,6,False,2023-01-23,2023-02-26,5,0,False,,,,"{""unobserved_week"":5}"
SDN,ed1c35a04b2f5b486d96,2026-02-02,2026,6,2024,6,False,2024-01-22,2024-02-25,5,0,False,,,,"{""unobserved_week"":5}"
SDN,ed1c35a04b2f5b486d96,2026-02-02,2026,6,2025,6,False,2025-01-20,2025-02-23,5,0,False,,,,"{""unobserved_week"":5}"
SDN,ed1c35a04b2f5b486d96,2026-02-09,2026,7,2021,7,False,2021-02-01,2021-03-07,5,0,False,,,,"{""unobserved_week"":5}"
SDN,ed1c35a04b2f5b486d96,2026-02-09,2026,7,2022,7,False,2022-01-31,2022-03-06,5,0,False,,,,"{""unobserved_week"":5}"
SDN,ed1c35a04b2f5b486d96,2026-02-09,2026,7,2023,7,False,2023-01-30,2023-03-05,5,0,False,,,,"{""unobserved_week"":5}"
SDN,ed1c35a04b2f5b486d96,2026-02-09,2026,7,2024,7,False,2024-01-29,2024-03-03,5,0,False,,,,"{""unobserved_week"":5}"
SDN,ed1c35a04b2f5b486d96,2026-02-09,2026,7,2025,7,False,2025-01-27,2025-03-02,5,0,False,,,,"{""unobserved_week"":5}"
SDN,ed1c35a04b2f5b486d96,2026-02-16,2026,8,2021,8,False,2021-02-08,2021-03-14,5,0,False,,,,"{""unobserved_week"":5}"
SDN,ed1c35a04b2f5b486d96,2026-02-16,2026,8,2022,8,False,2022-02-07,2022-03-13,5,0,False,,,,"{""unobserved_week"":5}"
SDN,ed1c35a04b2f5b486d96,2026-02-16,2026,8,2023,8,False,2023-02-06,2023-03-12,5,0,False,,,,"{""unobserved_week"":5}"
SDN,ed1c35a04b2f5b486d96,2026-02-16,2026,8,2024,8,False,2024-02-05,2024-03-10,5,0,False,,,,"{""unobserved_week"":5}"
SDN,ed1c35a04b2f5b486d96,2026-02-16,2026,8,2025,8,False,2025-02-03,2025-03-09,5,0,False,,,,"{""unobserved_week"":5}"
SDN,ed1c35a04b2f5b486d96,2026-02-23,2026,9,2021,9,False,2021-02-15,2021-03-21,5,0,False,,,,"{""unobserved_week"":5}"
SDN,ed1c35a04b2f5b486d96,2026-02-23,2026,9,2022,9,False,2022-02-14,2022-03-20,5,0,False,,,,"{""unobserved_week"":5}"
SDN,ed1c35a04b2f5b486d96,2026-02-23,2026,9,2023,9,False,2023-02-13,2023-03-19,5,0,False,,,,"{""unobserved_week"":5}"
SDN,ed1c35a04b2f5b486d96,2026-02-23,2026,9,2024,9,False,2024-02-12,2024-03-17,5,0,False,,,,"{""unobserved_week"":5}"
SDN,ed1c35a04b2f5b486d96,2026-02-23,2026,9,2025,9,False,2025-02-10,2025-03-16,5,0,False,,,,"{""unobserved_week"":5}"
SDN,ed1c35a04b2f5b486d96,2026-03-02,2026,10,2021,10,False,2021-02-22,2021-03-28,5,0,False,,,,"{""unobserved_week"":5}"
SDN,ed1c35a04b2f5b486d96,2026-03-02,2026,10,2022,10,False,2022-02-21,2022-03-27,5,0,False,,,,"{""unobserved_week"":5}"
SDN,ed1c35a04b2f5b486d96,2026-03-02,2026,10,2023,10,False,2023-02-20,2023-03-26,5,0,False,,,,"{""unobserved_week"":5}"
SDN,ed1c35a04b2f5b486d96,2026-03-02,2026,10,2024,10,False,2024-02-19,2024-03-24,5,0,False,,,,"{""unobserved_week"":5}"
SDN,ed1c35a04b2f5b486d96,2026-03-02,2026,10,2025,10,False,2025-02-17,2025-03-23,5,0,False,,,,"{""unobserved_week"":5}"
SDN,ed1c35a04b2f5b486d96,2026-03-09,2026,11,2021,11,False,2021-03-01,2021-04-04,5,0,False,,,,"{""unobserved_week"":5}"
SDN,ed1c35a04b2f5b486d96,2026-03-09,2026,11,2022,11,False,2022-02-28,2022-04-03,5,0,False,,,,"{""unobserved_week"":5}"
SDN,ed1c35a04b2f5b486d96,2026-03-09,2026,11,2023,11,False,2023-02-27,2023-04-02,5,0,False,,,,"{""unobserved_week"":5}"
SDN,ed1c35a04b2f5b486d96,2026-03-09,2026,11,2024,11,False,2024-02-26,2024-03-31,5,0,False,,,,"{""unobserved_week"":5}"
SDN,ed1c35a04b2f5b486d96,2026-03-09,2026,11,2025,11,False,2025-02-24,2025-03-30,5,0,False,,,,"{""unobserved_week"":5}"
SDN,ed1c35a04b2f5b486d96,2026-03-16,2026,12,2021,12,False,2021-03-08,2021-04-11,5,0,False,,,,"{""unobserved_week"":5}"
SDN,ed1c35a04b2f5b486d96,2026-03-16,2026,12,2022,12,False,2022-03-07,2022-04-10,5,0,False,,,,"{""unobserved_week"":5}"
SDN,ed1c35a04b2f5b486d96,2026-03-16,2026,12,2023,12,False,2023-03-06,2023-04-09,5,0,False,,,,"{""unobserved_week"":5}"
SDN,ed1c35a04b2f5b486d96,2026-03-16,2026,12,2024,12,False,2024-03-04,2024-04-07,5,0,False,,,,"{""unobserved_week"":5}"
SDN,ed1c35a04b2f5b486d96,2026-03-16,2026,12,2025,12,False,2025-03-03,2025-04-06,5,0,False,,,,"{""unobserved_week"":5}"
SDN,ed1c35a04b2f5b486d96,2026-03-23,2026,13,2021,13,False,2021-03-15,2021-04-18,5,0,False,,,,"{""unobserved_week"":5}"
SDN,ed1c35a04b2f5b486d96,2026-03-23,2026,13,2022,13,False,2022-03-14,2022-04-17,5,0,False,,,,"{""unobserved_week"":5}"
SDN,ed1c35a04b2f5b486d96,2026-03-23,2026,13,2023,13,False,2023-03-13,2023-04-16,5,0,False,,,,"{""unobserved_week"":5}"
SDN,ed1c35a04b2f5b486d96,2026-03-23,2026,13,2024,13,False,2024-03-11,2024-04-14,5,0,False,,,,"{""unobserved_week"":5}"
SDN,ed1c35a04b2f5b486d96,2026-03-23,2026,13,2025,13,False,2025-03-10,2025-04-13,5,0,False,,,,"{""unobserved_week"":5}"
SDN,ed1c35a04b2f5b486d96,2026-03-30,2026,14,2021,14,False,2021-03-22,2021-04-25,5,0,False,,,,"{""unobserved_week"":5}"
SDN,ed1c35a04b2f5b486d96,2026-03-30,2026,14,2022,14,False,2022-03-21,2022-04-24,5,0,False,,,,"{""unobserved_week"":5}"
SDN,ed1c35a04b2f5b486d96,2026-03-30,2026,14,2023,14,False,2023-03-20,2023-04-23,5,0,False,,,,"{""unobserved_week"":5}"
SDN,ed1c35a04b2f5b486d96,2026-03-30,2026,14,2024,14,False,2024-03-18,2024-04-21,5,0,False,,,,"{""unobserved_week"":5}"
SDN,ed1c35a04b2f5b486d96,2026-03-30,2026,14,2025,14,False,2025-03-17,2025-04-20,5,0,False,,,,"{""unobserved_week"":5}"
SDN,ed1c35a04b2f5b486d96,2026-04-06,2026,15,2021,15,False,2021-03-29,2021-05-02,5,0,False,,,,"{""unobserved_week"":5}"
SDN,ed1c35a04b2f5b486d96,2026-04-06,2026,15,2022,15,False,2022-03-28,2022-05-01,5,0,False,,,,"{""unobserved_week"":5}"
SDN,ed1c35a04b2f5b486d96,2026-04-06,2026,15,2023,15,False,2023-03-27,2023-04-30,5,0,False,,,,"{""unobserved_week"":5}"
SDN,ed1c35a04b2f5b486d96,2026-04-06,2026,15,2024,15,False,2024-03-25,2024-04-28,5,0,False,,,,"{""unobserved_week"":5}"
SDN,ed1c35a04b2f5b486d96,2026-04-06,2026,15,2025,15,False,2025-03-24,2025-04-27,5,0,False,,,,"{""unobserved_week"":5}"
SDN,ed1c35a04b2f5b486d96,2026-04-13,2026,16,2021,16,False,2021-04-05,2021-05-09,5,0,False,,,,"{""unobserved_week"":5}"
SDN,ed1c35a04b2f5b486d96,2026-04-13,2026,16,2022,16,False,2022-04-04,2022-05-08,5,0,False,,,,"{""unobserved_week"":5}"
SDN,ed1c35a04b2f5b486d96,2026-04-13,2026,16,2023,16,False,2023-04-03,2023-05-07,5,0,False,,,,"{""unobserved_week"":5}"
SDN,ed1c35a04b2f5b486d96,2026-04-13,2026,16,2024,16,False,2024-04-01,2024-05-05,5,0,False,,,,"{""unobserved_week"":5}"
SDN,ed1c35a04b2f5b486d96,2026-04-13,2026,16,2025,16,False,2025-03-31,2025-05-04,5,0,False,,,,"{""unobserved_week"":5}"
SDN,ed1c35a04b2f5b486d96,2026-04-20,2026,17,2021,17,False,2021-04-12,2021-05-16,5,0,False,,,,"{""unobserved_week"":5}"
SDN,ed1c35a04b2f5b486d96,2026-04-20,2026,17,2022,17,False,2022-04-11,2022-05-15,5,0,False,,,,"{""unobserved_week"":5}"
SDN,ed1c35a04b2f5b486d96,2026-04-20,2026,17,2023,17,False,2023-04-10,2023-05-14,5,0,False,,,,"{""unobserved_week"":5}"
SDN,ed1c35a04b2f5b486d96,2026-04-20,2026,17,2024,17,False,2024-04-08,2024-05-12,5,0,False,,,,"{""unobserved_week"":5}"
SDN,ed1c35a04b2f5b486d96,2026-04-20,2026,17,2025,17,False,2025-04-07,2025-05-11,5,0,False,,,,"{""unobserved_week"":5}"
SDN,ed1c35a04b2f5b486d96,2026-04-27,2026,18,2021,18,False,2021-04-19,2021-05-23,5,0,False,,,,"{""unobserved_week"":5}"
SDN,ed1c35a04b2f5b486d96,2026-04-27,2026,18,2022,18,False,2022-04-18,2022-05-22,5,0,False,,,,"{""unobserved_week"":5}"
SDN,ed1c35a04b2f5b486d96,2026-04-27,2026,18,2023,18,False,2023-04-17,2023-05-21,5,0,False,,,,"{""unobserved_week"":5}"
SDN,ed1c35a04b2f5b486d96,2026-04-27,2026,18,2024,18,False,2024-04-15,2024-05-19,5,0,False,,,,"{""unobserved_week"":5}"
SDN,ed1c35a04b2f5b486d96,2026-04-27,2026,18,2025,18,False,2025-04-14,2025-05-18,5,0,False,,,,"{""unobserved_week"":5}"
SDN,ed1c35a04b2f5b486d96,2026-05-04,2026,19,2021,19,False,2021-04-26,2021-05-30,5,0,False,,,,"{""unobserved_week"":5}"
SDN,ed1c35a04b2f5b486d96,2026-05-04,2026,19,2022,19,False,2022-04-25,2022-05-29,5,0,False,,,,"{""unobserved_week"":5}"
SDN,ed1c35a04b2f5b486d96,2026-05-04,2026,19,2023,19,False,2023-04-24,2023-05-28,5,0,False,,,,"{""unobserved_week"":5}"
SDN,ed1c35a04b2f5b486d96,2026-05-04,2026,19,2024,19,False,2024-04-22,2024-05-26,5,0,False,,,,"{""unobserved_week"":5}"
SDN,ed1c35a04b2f5b486d96,2026-05-04,2026,19,2025,19,False,2025-04-21,2025-05-25,5,0,False,,,,"{""unobserved_week"":5}"
SDN,ed1c35a04b2f5b486d96,2026-05-11,2026,20,2021,20,False,2021-05-03,2021-06-06,5,0,False,,,,"{""unobserved_week"":5}"
SDN,ed1c35a04b2f5b486d96,2026-05-11,2026,20,2022,20,False,2022-05-02,2022-06-05,5,0,False,,,,"{""unobserved_week"":5}"
SDN,ed1c35a04b2f5b486d96,2026-05-11,2026,20,2023,20,False,2023-05-01,2023-06-04,5,0,False,,,,"{""unobserved_week"":5}"
SDN,ed1c35a04b2f5b486d96,2026-05-11,2026,20,2024,20,False,2024-04-29,2024-06-02,5,0,False,,,,"{""unobserved_week"":5}"
SDN,ed1c35a04b2f5b486d96,2026-05-11,2026,20,2025,20,False,2025-04-28,2025-06-01,5,0,False,,,,"{""unobserved_week"":5}"
SDN,ed1c35a04b2f5b486d96,2026-05-18,2026,21,2021,21,False,2021-05-10,2021-06-13,5,0,False,,,,"{""unobserved_week"":5}"
SDN,ed1c35a04b2f5b486d96,2026-05-18,2026,21,2022,21,False,2022-05-09,2022-06-12,5,0,False,,,,"{""unobserved_week"":5}"
SDN,ed1c35a04b2f5b486d96,2026-05-18,2026,21,2023,21,False,2023-05-08,2023-06-11,5,0,False,,,,"{""unobserved_week"":5}"
SDN,ed1c35a04b2f5b486d96,2026-05-18,2026,21,2024,21,False,2024-05-06,2024-06-09,5,0,False,,,,"{""unobserved_week"":5}"
SDN,ed1c35a04b2f5b486d96,2026-05-18,2026,21,2025,21,False,2025-05-05,2025-06-08,5,0,False,,,,"{""unobserved_week"":5}"
SDN,ed1c35a04b2f5b486d96,2026-05-25,2026,22,2021,22,False,2021-05-17,2021-06-20,5,0,False,,,,"{""unobserved_week"":5}"
SDN,ed1c35a04b2f5b486d96,2026-05-25,2026,22,2022,22,False,2022-05-16,2022-06-19,5,0,False,,,,"{""unobserved_week"":5}"
SDN,ed1c35a04b2f5b486d96,2026-05-25,2026,22,2023,22,False,2023-05-15,2023-06-18,5,0,False,,,,"{""unobserved_week"":5}"
SDN,ed1c35a04b2f5b486d96,2026-05-25,2026,22,2024,22,False,2024-05-13,2024-06-16,5,0,False,,,,"{""unobserved_week"":5}"
SDN,ed1c35a04b2f5b486d96,2026-05-25,2026,22,2025,22,False,2025-05-12,2025-06-15,5,0,False,,,,"{""unobserved_week"":5}"
SDN,ed1c35a04b2f5b486d96,2026-06-01,2026,23,2021,23,False,2021-05-24,2021-06-27,5,0,False,,,,"{""unobserved_week"":5}"
SDN,ed1c35a04b2f5b486d96,2026-06-01,2026,23,2022,23,False,2022-05-23,2022-06-26,5,0,False,,,,"{""unobserved_week"":5}"
SDN,ed1c35a04b2f5b486d96,2026-06-01,2026,23,2023,23,False,2023-05-22,2023-06-25,5,0,False,,,,"{""unobserved_week"":5}"
SDN,ed1c35a04b2f5b486d96,2026-06-01,2026,23,2024,23,False,2024-05-20,2024-06-23,5,0,False,,,,"{""unobserved_week"":5}"
SDN,ed1c35a04b2f5b486d96,2026-06-01,2026,23,2025,23,False,2025-05-19,2025-06-22,5,0,False,,,,"{""unobserved_week"":5}"
SDN,ed1c35a04b2f5b486d96,2026-06-08,2026,24,2021,24,False,2021-05-31,2021-07-04,5,0,False,,,,"{""unobserved_week"":5}"
SDN,ed1c35a04b2f5b486d96,2026-06-08,2026,24,2022,24,False,2022-05-30,2022-07-03,5,0,False,,,,"{""unobserved_week"":5}"
SDN,ed1c35a04b2f5b486d96,2026-06-08,2026,24,2023,24,False,2023-05-29,2023-07-02,5,0,False,,,,"{""unobserved_week"":5}"
SDN,ed1c35a04b2f5b486d96,2026-06-08,2026,24,2024,24,False,2024-05-27,2024-06-30,5,0,False,,,,"{""unobserved_week"":5}"
SDN,ed1c35a04b2f5b486d96,2026-06-08,2026,24,2025,24,False,2025-05-26,2025-06-29,5,0,False,,,,"{""unobserved_week"":5}"
SDN,ed1c35a04b2f5b486d96,2026-06-15,2026,25,2021,25,False,2021-06-07,2021-07-11,5,0,False,,,,"{""unobserved_week"":5}"
SDN,ed1c35a04b2f5b486d96,2026-06-15,2026,25,2022,25,False,2022-06-06,2022-07-10,5,0,False,,,,"{""unobserved_week"":5}"
SDN,ed1c35a04b2f5b486d96,2026-06-15,2026,25,2023,25,False,2023-06-05,2023-07-09,5,0,False,,,,"{""unobserved_week"":5}"
SDN,ed1c35a04b2f5b486d96,2026-06-15,2026,25,2024,25,False,2024-06-03,2024-07-07,5,0,False,,,,"{""unobserved_week"":5}"
SDN,ed1c35a04b2f5b486d96,2026-06-15,2026,25,2025,25,False,2025-06-02,2025-07-06,5,0,False,,,,"{""unobserved_week"":5}"
SDN,ed1c35a04b2f5b486d96,2026-06-22,2026,26,2021,26,False,2021-06-14,2021-07-18,5,0,False,,,,"{""unobserved_week"":5}"
SDN,ed1c35a04b2f5b486d96,2026-06-22,2026,26,2022,26,False,2022-06-13,2022-07-17,5,0,False,,,,"{""unobserved_week"":5}"
SDN,ed1c35a04b2f5b486d96,2026-06-22,2026,26,2023,26,False,2023-06-12,2023-07-16,5,0,False,,,,"{""unobserved_week"":5}"
SDN,ed1c35a04b2f5b486d96,2026-06-22,2026,26,2024,26,False,2024-06-10,2024-07-14,5,0,False,,,,"{""unobserved_week"":5}"
SDN,ed1c35a04b2f5b486d96,2026-06-22,2026,26,2025,26,False,2025-06-09,2025-07-13,5,0,False,,,,"{""unobserved_week"":5}"
SDN,ed1c35a04b2f5b486d96,2026-06-29,2026,27,2021,27,False,2021-06-21,2021-07-25,5,0,False,,,,"{""unobserved_week"":5}"
SDN,ed1c35a04b2f5b486d96,2026-06-29,2026,27,2022,27,False,2022-06-20,2022-07-24,5,0,False,,,,"{""unobserved_week"":5}"
SDN,ed1c35a04b2f5b486d96,2026-06-29,2026,27,2023,27,False,2023-06-19,2023-07-23,5,0,False,,,,"{""unobserved_week"":5}"
SDN,ed1c35a04b2f5b486d96,2026-06-29,2026,27,2024,27,False,2024-06-17,2024-07-21,5,0,False,,,,"{""unobserved_week"":5}"
SDN,ed1c35a04b2f5b486d96,2026-06-29,2026,27,2025,27,False,2025-06-16,2025-07-20,5,0,False,,,,"{""unobserved_week"":5}"
SDN,ed1c35a04b2f5b486d96,2026-07-06,2026,28,2021,28,False,2021-06-28,2021-08-01,5,0,False,,,,"{""unobserved_week"":5}"
SDN,ed1c35a04b2f5b486d96,2026-07-06,2026,28,2022,28,False,2022-06-27,2022-07-31,5,0,False,,,,"{""unobserved_week"":5}"
SDN,ed1c35a04b2f5b486d96,2026-07-06,2026,28,2023,28,False,2023-06-26,2023-07-30,5,0,False,,,,"{""unobserved_week"":5}"
SDN,ed1c35a04b2f5b486d96,2026-07-06,2026,28,2024,28,False,2024-06-24,2024-07-28,5,0,False,,,,"{""unobserved_week"":5}"
SDN,ed1c35a04b2f5b486d96,2026-07-06,2026,28,2025,28,False,2025-06-23,2025-07-27,5,0,False,,,,"{""unobserved_week"":5}"
SDN,ed1c35a04b2f5b486d96,2026-07-13,2026,29,2021,29,False,2021-07-05,2021-08-08,5,0,False,,,,"{""unobserved_week"":5}"
SDN,ed1c35a04b2f5b486d96,2026-07-13,2026,29,2022,29,False,2022-07-04,2022-08-07,5,0,False,,,,"{""unobserved_week"":5}"
SDN,ed1c35a04b2f5b486d96,2026-07-13,2026,29,2023,29,False,2023-07-03,2023-08-06,5,0,False,,,,"{""unobserved_week"":5}"
SDN,ed1c35a04b2f5b486d96,2026-07-13,2026,29,2024,29,False,2024-07-01,2024-08-04,5,0,False,,,,"{""unobserved_week"":5}"
SDN,ed1c35a04b2f5b486d96,2026-07-13,2026,29,2025,29,False,2025-06-30,2025-08-03,5,0,False,,,,"{""unobserved_week"":5}"
SDN,ed1c35a04b2f5b486d96,2026-07-20,2026,30,2021,30,False,2021-07-12,2021-08-15,5,0,False,,,,"{""unobserved_week"":5}"
SDN,ed1c35a04b2f5b486d96,2026-07-20,2026,30,2022,30,False,2022-07-11,2022-08-14,5,0,False,,,,"{""unobserved_week"":5}"
SDN,ed1c35a04b2f5b486d96,2026-07-20,2026,30,2023,30,False,2023-07-10,2023-08-13,5,0,False,,,,"{""unobserved_week"":5}"
SDN,ed1c35a04b2f5b486d96,2026-07-20,2026,30,2024,30,False,2024-07-08,2024-08-11,5,0,False,,,,"{""unobserved_week"":5}"
SDN,ed1c35a04b2f5b486d96,2026-07-20,2026,30,2025,30,False,2025-07-07,2025-08-10,5,0,False,,,,"{""unobserved_week"":5}"
SDN,ed1c35a04b2f5b486d96,2026-07-27,2026,31,2021,31,False,2021-07-19,2021-08-22,5,0,False,,,,"{""unobserved_week"":5}"
SDN,ed1c35a04b2f5b486d96,2026-07-27,2026,31,2022,31,False,2022-07-18,2022-08-21,5,0,False,,,,"{""unobserved_week"":5}"
SDN,ed1c35a04b2f5b486d96,2026-07-27,2026,31,2023,31,False,2023-07-17,2023-08-20,5,0,False,,,,"{""unobserved_week"":5}"
SDN,ed1c35a04b2f5b486d96,2026-07-27,2026,31,2024,31,False,2024-07-15,2024-08-18,5,0,False,,,,"{""unobserved_week"":5}"
SDN,ed1c35a04b2f5b486d96,2026-07-27,2026,31,2025,31,False,2025-07-14,2025-08-17,5,0,False,,,,"{""unobserved_week"":5}"
SDN,ed1c35a04b2f5b486d96,2026-08-03,2026,32,2021,32,False,2021-07-26,2021-08-29,5,0,False,,,,"{""unobserved_week"":5}"
SDN,ed1c35a04b2f5b486d96,2026-08-03,2026,32,2022,32,False,2022-07-25,2022-08-28,5,0,False,,,,"{""unobserved_week"":5}"
SDN,ed1c35a04b2f5b486d96,2026-08-03,2026,32,2023,32,False,2023-07-24,2023-08-27,5,0,False,,,,"{""unobserved_week"":5}"
SDN,ed1c35a04b2f5b486d96,2026-08-03,2026,32,2024,32,False,2024-07-22,2024-08-25,5,0,False,,,,"{""unobserved_week"":5}"
SDN,ed1c35a04b2f5b486d96,2026-08-03,2026,32,2025,32,False,2025-07-21,2025-08-24,5,0,False,,,,"{""unobserved_week"":5}"
SDN,ed1c35a04b2f5b486d96,2026-08-10,2026,33,2021,33,False,2021-08-02,2021-09-05,5,0,False,,,,"{""unobserved_week"":5}"
SDN,ed1c35a04b2f5b486d96,2026-08-10,2026,33,2022,33,False,2022-08-01,2022-09-04,5,0,False,,,,"{""unobserved_week"":5}"
SDN,ed1c35a04b2f5b486d96,2026-08-10,2026,33,2023,33,False,2023-07-31,2023-09-03,5,0,False,,,,"{""unobserved_week"":5}"
SDN,ed1c35a04b2f5b486d96,2026-08-10,2026,33,2024,33,False,2024-07-29,2024-09-01,5,0,False,,,,"{""unobserved_week"":5}"
SDN,ed1c35a04b2f5b486d96,2026-08-10,2026,33,2025,33,False,2025-07-28,2025-08-31,5,0,False,,,,"{""unobserved_week"":5}"
SDN,ed1c35a04b2f5b486d96,2026-08-17,2026,34,2021,34,False,2021-08-09,2021-09-12,5,0,False,,,,"{""unobserved_week"":5}"
SDN,ed1c35a04b2f5b486d96,2026-08-17,2026,34,2022,34,False,2022-08-08,2022-09-11,5,0,False,,,,"{""unobserved_week"":5}"
SDN,ed1c35a04b2f5b486d96,2026-08-17,2026,34,2023,34,False,2023-08-07,2023-09-10,5,0,False,,,,"{""unobserved_week"":5}"
SDN,ed1c35a04b2f5b486d96,2026-08-17,2026,34,2024,34,False,2024-08-05,2024-09-08,5,0,False,,,,"{""unobserved_week"":5}"
SDN,ed1c35a04b2f5b486d96,2026-08-17,2026,34,2025,34,False,2025-08-04,2025-09-07,5,0,False,,,,"{""unobserved_week"":5}"
SOM,4a810eafe55810a912e3,2025-08-25,2025,35,2020,35,False,2020-08-10,2020-09-13,5,0,False,,,,"{""unobserved_week"":5}"
SOM,4a810eafe55810a912e3,2025-08-25,2025,35,2021,35,False,2021-08-16,2021-09-19,5,0,False,,,,"{""low_testing"":3,""unobserved_week"":2}"
SOM,4a810eafe55810a912e3,2025-08-25,2025,35,2022,35,False,2022-08-15,2022-09-18,5,5,True,47.0,593.0,0.07925801011804384,{}
SOM,4a810eafe55810a912e3,2025-08-25,2025,35,2023,35,False,2023-08-14,2023-09-17,5,0,False,,,,"{""low_testing"":3,""unobserved_week"":2}"
SOM,4a810eafe55810a912e3,2025-08-25,2025,35,2024,35,False,2024-08-12,2024-09-15,5,0,False,,,,"{""low_testing"":4,""unobserved_week"":1}"
SOM,4a810eafe55810a912e3,2025-09-01,2025,36,2020,36,False,2020-08-17,2020-09-20,5,0,False,,,,"{""unobserved_week"":5}"
SOM,4a810eafe55810a912e3,2025-09-01,2025,36,2021,36,False,2021-08-23,2021-09-26,5,0,False,,,,"{""low_testing"":4,""unobserved_week"":1}"
SOM,4a810eafe55810a912e3,2025-09-01,2025,36,2022,36,False,2022-08-22,2022-09-25,5,4,True,38.0,475.0,0.08,"{""low_testing"":1}"
SOM,4a810eafe55810a912e3,2025-09-01,2025,36,2023,36,False,2023-08-21,2023-09-24,5,0,False,,,,"{""low_testing"":4,""unobserved_week"":1}"
SOM,4a810eafe55810a912e3,2025-09-01,2025,36,2024,36,False,2024-08-19,2024-09-22,5,0,False,,,,"{""low_testing"":3,""unobserved_week"":2}"
SOM,4a810eafe55810a912e3,2025-09-08,2025,37,2020,37,False,2020-08-24,2020-09-27,5,0,False,,,,"{""unobserved_week"":5}"
SOM,4a810eafe55810a912e3,2025-09-08,2025,37,2021,37,False,2021-08-30,2021-10-03,5,0,False,,,,"{""low_testing"":5}"
SOM,4a810eafe55810a912e3,2025-09-08,2025,37,2022,37,False,2022-08-29,2022-10-02,5,3,False,27.0,352.0,,"{""low_testing"":2}"
SOM,4a810eafe55810a912e3,2025-09-08,2025,37,2023,37,False,2023-08-28,2023-10-01,5,0,False,,,,"{""low_testing"":5}"
SOM,4a810eafe55810a912e3,2025-09-08,2025,37,2024,37,False,2024-08-26,2024-09-29,5,0,False,,,,"{""low_testing"":3,""unobserved_week"":2}"
SOM,4a810eafe55810a912e3,2025-09-15,2025,38,2020,38,False,2020-08-31,2020-10-04,5,0,False,,,,"{""unobserved_week"":5}"
SOM,4a810eafe55810a912e3,2025-09-15,2025,38,2021,38,False,2021-09-06,2021-10-10,5,0,False,,,,"{""low_testing"":4,""unobserved_week"":1}"
SOM,4a810eafe55810a912e3,2025-09-15,2025,38,2022,38,False,2022-09-05,2022-10-09,5,2,False,17.0,224.0,,"{""low_testing"":3}"
SOM,4a810eafe55810a912e3,2025-09-15,2025,38,2023,38,False,2023-09-04,2023-10-08,5,0,False,,,,"{""low_testing"":5}"
SOM,4a810eafe55810a912e3,2025-09-15,2025,38,2024,38,False,2024-09-02,2024-10-06,5,0,False,,,,"{""low_testing"":3,""unobserved_week"":2}"
SOM,4a810eafe55810a912e3,2025-09-22,2025,39,2020,39,False,2020-09-07,2020-10-11,5,0,False,,,,"{""unobserved_week"":5}"
SOM,4a810eafe55810a912e3,2025-09-22,2025,39,2021,39,False,2021-09-13,2021-10-17,5,0,False,,,,"{""low_testing"":3,""unobserved_week"":2}"
SOM,4a810eafe55810a912e3,2025-09-22,2025,39,2022,39,False,2022-09-12,2022-10-16,5,1,False,12.0,108.0,,"{""low_testing"":3,""unobserved_week"":1}"
SOM,4a810eafe55810a912e3,2025-09-22,2025,39,2023,39,False,2023-09-11,2023-10-15,5,0,False,,,,"{""low_testing"":5}"
SOM,4a810eafe55810a912e3,2025-09-22,2025,39,2024,39,False,2024-09-09,2024-10-13,5,0,False,,,,"{""low_testing"":3,""unobserved_week"":2}"
SOM,4a810eafe55810a912e3,2025-09-29,2025,40,2020,40,False,2020-09-14,2020-10-18,5,0,False,,,,"{""unobserved_week"":5}"
SOM,4a810eafe55810a912e3,2025-09-29,2025,40,2021,40,False,2021-09-20,2021-10-24,5,0,False,,,,"{""low_testing"":2,""unobserved_week"":3}"
SOM,4a810eafe55810a912e3,2025-09-29,2025,40,2022,40,False,2022-09-19,2022-10-23,5,0,False,,,,"{""low_testing"":3,""unobserved_week"":2}"
SOM,4a810eafe55810a912e3,2025-09-29,2025,40,2023,40,False,2023-09-18,2023-10-22,5,0,False,,,,"{""low_testing"":5}"
SOM,4a810eafe55810a912e3,2025-09-29,2025,40,2024,40,False,2024-09-16,2024-10-20,5,0,False,,,,"{""low_testing"":4,""unobserved_week"":1}"
SOM,4a810eafe55810a912e3,2025-10-06,2025,41,2020,41,False,2020-09-21,2020-10-25,5,0,False,,,,"{""unobserved_week"":5}"
SOM,4a810eafe55810a912e3,2025-10-06,2025,41,2021,41,False,2021-09-27,2021-10-31,5,0,False,,,,"{""low_testing"":1,""unobserved_week"":4}"
SOM,4a810eafe55810a912e3,2025-10-06,2025,41,2022,41,False,2022-09-26,2022-10-30,5,0,False,,,,"{""low_testing"":3,""unobserved_week"":2}"
SOM,4a810eafe55810a912e3,2025-10-06,2025,41,2023,41,False,2023-09-25,2023-10-29,5,0,False,,,,"{""low_testing"":5}"
SOM,4a810eafe55810a912e3,2025-10-06,2025,41,2024,41,False,2024-09-23,2024-10-27,5,0,False,,,,"{""low_testing"":4,""unobserved_week"":1}"
SOM,4a810eafe55810a912e3,2025-10-13,2025,42,2020,42,False,2020-09-28,2020-11-01,5,0,False,,,,"{""unobserved_week"":5}"
SOM,4a810eafe55810a912e3,2025-10-13,2025,42,2021,42,False,2021-10-04,2021-11-07,5,0,False,,,,"{""low_testing"":1,""unobserved_week"":4}"
SOM,4a810eafe55810a912e3,2025-10-13,2025,42,2022,42,False,2022-10-03,2022-11-06,5,0,False,,,,"{""low_testing"":3,""unobserved_week"":2}"
SOM,4a810eafe55810a912e3,2025-10-13,2025,42,2023,42,False,2023-10-02,2023-11-05,5,0,False,,,,"{""low_testing"":5}"
SOM,4a810eafe55810a912e3,2025-10-13,2025,42,2024,42,False,2024-09-30,2024-11-03,5,0,False,,,,"{""low_testing"":3,""unobserved_week"":2}"
SOM,4a810eafe55810a912e3,2025-10-20,2025,43,2020,43,False,2020-10-05,2020-11-08,5,0,False,,,,"{""unobserved_week"":5}"
SOM,4a810eafe55810a912e3,2025-10-20,2025,43,2021,43,False,2021-10-11,2021-11-14,5,0,False,,,,"{""low_testing"":1,""unobserved_week"":4}"
SOM,4a810eafe55810a912e3,2025-10-20,2025,43,2022,43,False,2022-10-10,2022-11-13,5,0,False,,,,"{""low_testing"":3,""unobserved_week"":2}"
SOM,4a810eafe55810a912e3,2025-10-20,2025,43,2023,43,False,2023-10-09,2023-11-12,5,0,False,,,,"{""low_testing"":5}"
SOM,4a810eafe55810a912e3,2025-10-20,2025,43,2024,43,False,2024-10-07,2024-11-10,5,0,False,,,,"{""low_testing"":3,""unobserved_week"":2}"
SOM,4a810eafe55810a912e3,2025-10-27,2025,44,2020,44,False,2020-10-12,2020-11-15,5,0,False,,,,"{""unobserved_week"":5}"
SOM,4a810eafe55810a912e3,2025-10-27,2025,44,2021,44,False,2021-10-18,2021-11-21,5,0,False,,,,"{""low_testing"":1,""unobserved_week"":4}"
SOM,4a810eafe55810a912e3,2025-10-27,2025,44,2022,44,False,2022-10-17,2022-11-20,5,0,False,,,,"{""low_testing"":4,""unobserved_week"":1}"
SOM,4a810eafe55810a912e3,2025-10-27,2025,44,2023,44,False,2023-10-16,2023-11-19,5,1,False,4.0,102.0,,"{""low_testing"":4}"
SOM,4a810eafe55810a912e3,2025-10-27,2025,44,2024,44,False,2024-10-14,2024-11-17,5,0,False,,,,"{""low_testing"":2,""unobserved_week"":3}"
SOM,4a810eafe55810a912e3,2025-11-03,2025,45,2020,45,False,2020-10-19,2020-11-22,5,0,False,,,,"{""unobserved_week"":5}"
SOM,4a810eafe55810a912e3,2025-11-03,2025,45,2021,45,False,2021-10-25,2021-11-28,5,0,False,,,,"{""low_testing"":2,""unobserved_week"":3}"
SOM,4a810eafe55810a912e3,2025-11-03,2025,45,2022,45,False,2022-10-24,2022-11-27,5,0,False,,,,"{""low_testing"":5}"
SOM,4a810eafe55810a912e3,2025-11-03,2025,45,2023,45,False,2023-10-23,2023-11-26,5,1,False,4.0,102.0,,"{""low_testing"":4}"
SOM,4a810eafe55810a912e3,2025-11-03,2025,45,2024,45,False,2024-10-21,2024-11-24,5,0,False,,,,"{""low_testing"":1,""unobserved_week"":4}"
SOM,4a810eafe55810a912e3,2025-11-10,2025,46,2020,46,False,2020-10-26,2020-11-29,5,0,False,,,,"{""unobserved_week"":5}"
SOM,4a810eafe55810a912e3,2025-11-10,2025,46,2021,46,False,2021-11-01,2021-12-05,5,0,False,,,,"{""low_testing"":2,""unobserved_week"":3}"
SOM,4a810eafe55810a912e3,2025-11-10,2025,46,2022,46,False,2022-10-31,2022-12-04,5,0,False,,,,"{""low_testing"":5}"
SOM,4a810eafe55810a912e3,2025-11-10,2025,46,2023,46,False,2023-10-30,2023-12-03,5,1,False,4.0,102.0,,"{""low_testing"":4}"
SOM,4a810eafe55810a912e3,2025-11-10,2025,46,2024,46,False,2024-10-28,2024-12-01,5,0,False,,,,"{""low_testing"":1,""unobserved_week"":4}"
SOM,4a810eafe55810a912e3,2025-11-17,2025,47,2020,47,False,2020-11-02,2020-12-06,5,0,False,,,,"{""unobserved_week"":5}"
SOM,4a810eafe55810a912e3,2025-11-17,2025,47,2021,47,False,2021-11-08,2021-12-12,5,0,False,,,,"{""low_testing"":1,""unobserved_week"":4}"
SOM,4a810eafe55810a912e3,2025-11-17,2025,47,2022,47,False,2022-11-07,2022-12-11,5,0,False,,,,"{""low_testing"":5}"
SOM,4a810eafe55810a912e3,2025-11-17,2025,47,2023,47,False,2023-11-06,2023-12-10,5,1,False,4.0,102.0,,"{""low_testing"":4}"
SOM,4a810eafe55810a912e3,2025-11-17,2025,47,2024,47,False,2024-11-04,2024-12-08,5,0,False,,,,"{""low_testing"":1,""unobserved_week"":4}"
SOM,4a810eafe55810a912e3,2025-11-24,2025,48,2020,48,False,2020-11-09,2020-12-13,5,0,False,,,,"{""unobserved_week"":5}"
SOM,4a810eafe55810a912e3,2025-11-24,2025,48,2021,48,False,2021-11-15,2021-12-19,5,0,False,,,,"{""low_testing"":1,""unobserved_week"":4}"
SOM,4a810eafe55810a912e3,2025-11-24,2025,48,2022,48,False,2022-11-14,2022-12-18,5,0,False,,,,"{""low_testing"":4,""unobserved_week"":1}"
SOM,4a810eafe55810a912e3,2025-11-24,2025,48,2023,48,False,2023-11-13,2023-12-17,5,1,False,4.0,102.0,,"{""low_testing"":4}"
SOM,4a810eafe55810a912e3,2025-11-24,2025,48,2024,48,False,2024-11-11,2024-12-15,5,0,False,,,,"{""unobserved_week"":5}"
SOM,4a810eafe55810a912e3,2025-12-01,2025,49,2020,49,False,2020-11-16,2020-12-20,5,0,False,,,,"{""unobserved_week"":5}"
SOM,4a810eafe55810a912e3,2025-12-01,2025,49,2021,49,False,2021-11-22,2021-12-26,5,0,False,,,,"{""low_testing"":1,""unobserved_week"":4}"
SOM,4a810eafe55810a912e3,2025-12-01,2025,49,2022,49,False,2022-11-21,2022-12-25,5,0,False,,,,"{""low_testing"":4,""unobserved_week"":1}"
SOM,4a810eafe55810a912e3,2025-12-01,2025,49,2023,49,False,2023-11-20,2023-12-24,5,0,False,,,,"{""low_testing"":5}"
SOM,4a810eafe55810a912e3,2025-12-01,2025,49,2024,49,False,2024-11-18,2024-12-22,5,0,False,,,,"{""unobserved_week"":5}"
SOM,4a810eafe55810a912e3,2025-12-08,2025,50,2020,50,False,2020-11-23,2020-12-27,5,0,False,,,,"{""unobserved_week"":5}"
SOM,4a810eafe55810a912e3,2025-12-08,2025,50,2021,50,False,2021-11-29,2022-01-02,5,0,False,,,,"{""unobserved_week"":5}"
SOM,4a810eafe55810a912e3,2025-12-08,2025,50,2022,50,False,2022-11-28,2023-01-01,5,0,False,,,,"{""low_testing"":3,""unobserved_week"":2}"
SOM,4a810eafe55810a912e3,2025-12-08,2025,50,2023,50,False,2023-11-27,2023-12-31,5,0,False,,,,"{""low_testing"":4,""unobserved_week"":1}"
SOM,4a810eafe55810a912e3,2025-12-08,2025,50,2024,50,False,2024-11-25,2024-12-29,5,0,False,,,,"{""unobserved_week"":5}"
SOM,4a810eafe55810a912e3,2025-12-15,2025,51,2020,51,False,2020-11-30,2021-01-03,5,0,False,,,,"{""unobserved_week"":5}"
SOM,4a810eafe55810a912e3,2025-12-15,2025,51,2021,51,False,2021-12-06,2022-01-09,5,0,False,,,,"{""unobserved_week"":5}"
SOM,4a810eafe55810a912e3,2025-12-15,2025,51,2022,51,False,2022-12-05,2023-01-08,5,0,False,,,,"{""low_testing"":2,""unobserved_week"":3}"
SOM,4a810eafe55810a912e3,2025-12-15,2025,51,2023,51,False,2023-12-04,2024-01-07,5,0,False,,,,"{""low_testing"":4,""unobserved_week"":1}"
SOM,4a810eafe55810a912e3,2025-12-15,2025,51,2024,51,False,2024-12-02,2025-01-05,5,0,False,,,,"{""not_strictly_prior_target_iso_year"":1,""unobserved_week"":4}"
SOM,4a810eafe55810a912e3,2025-12-22,2025,52,2020,52,False,2020-12-07,2021-01-10,5,0,False,,,,"{""unobserved_week"":5}"
SOM,4a810eafe55810a912e3,2025-12-22,2025,52,2021,52,False,2021-12-13,2022-01-16,5,0,False,,,,"{""unobserved_week"":5}"
SOM,4a810eafe55810a912e3,2025-12-22,2025,52,2022,52,False,2022-12-12,2023-01-15,5,0,False,,,,"{""low_testing"":2,""unobserved_week"":3}"
SOM,4a810eafe55810a912e3,2025-12-22,2025,52,2023,52,False,2023-12-11,2024-01-14,5,0,False,,,,"{""low_testing"":3,""unobserved_week"":2}"
SOM,4a810eafe55810a912e3,2025-12-22,2025,52,2024,52,False,2024-12-09,2025-01-12,5,0,False,,,,"{""not_strictly_prior_target_iso_year"":2,""unobserved_week"":3}"
SOM,4a810eafe55810a912e3,2025-12-29,2026,1,2021,1,False,2020-12-21,2021-01-24,5,0,False,,,,"{""unobserved_week"":5}"
SOM,4a810eafe55810a912e3,2025-12-29,2026,1,2022,1,False,2021-12-20,2022-01-23,5,0,False,,,,"{""unobserved_week"":5}"
SOM,4a810eafe55810a912e3,2025-12-29,2026,1,2023,1,False,2022-12-19,2023-01-22,5,0,False,,,,"{""low_testing"":3,""unobserved_week"":2}"
SOM,4a810eafe55810a912e3,2025-12-29,2026,1,2024,1,False,2023-12-18,2024-01-21,5,0,False,,,,"{""low_testing"":3,""unobserved_week"":2}"
SOM,4a810eafe55810a912e3,2025-12-29,2026,1,2025,1,False,2024-12-16,2025-01-19,5,0,False,,,,"{""low_testing"":3,""unobserved_week"":2}"
SOM,4a810eafe55810a912e3,2026-01-05,2026,2,2021,2,False,2020-12-28,2021-01-31,5,0,False,,,,"{""unobserved_week"":5}"
SOM,4a810eafe55810a912e3,2026-01-05,2026,2,2022,2,False,2021-12-27,2022-01-30,5,0,False,,,,"{""unobserved_week"":5}"
SOM,4a810eafe55810a912e3,2026-01-05,2026,2,2023,2,False,2022-12-26,2023-01-29,5,0,False,,,,"{""low_testing"":3,""unobserved_week"":2}"
SOM,4a810eafe55810a912e3,2026-01-05,2026,2,2024,2,False,2023-12-25,2024-01-28,5,0,False,,,,"{""low_testing"":2,""unobserved_week"":3}"
SOM,4a810eafe55810a912e3,2026-01-05,2026,2,2025,2,False,2024-12-23,2025-01-26,5,0,False,,,,"{""low_testing"":3,""unobserved_week"":2}"
SOM,4a810eafe55810a912e3,2026-01-12,2026,3,2021,3,False,2021-01-04,2021-02-07,5,0,False,,,,"{""unobserved_week"":5}"
SOM,4a810eafe55810a912e3,2026-01-12,2026,3,2022,3,False,2022-01-03,2022-02-06,5,0,False,,,,"{""unobserved_week"":5}"
SOM,4a810eafe55810a912e3,2026-01-12,2026,3,2023,3,False,2023-01-02,2023-02-05,5,0,False,,,,"{""low_testing"":3,""unobserved_week"":2}"
SOM,4a810eafe55810a912e3,2026-01-12,2026,3,2024,3,False,2024-01-01,2024-02-04,5,0,False,,,,"{""low_testing"":3,""unobserved_week"":2}"
SOM,4a810eafe55810a912e3,2026-01-12,2026,3,2025,3,False,2024-12-30,2025-02-02,5,0,False,,,,"{""low_testing"":3,""unobserved_week"":2}"
SOM,4a810eafe55810a912e3,2026-01-19,2026,4,2021,4,False,2021-01-11,2021-02-14,5,0,False,,,,"{""unobserved_week"":5}"
SOM,4a810eafe55810a912e3,2026-01-19,2026,4,2022,4,False,2022-01-10,2022-02-13,5,0,False,,,,"{""unobserved_week"":5}"
SOM,4a810eafe55810a912e3,2026-01-19,2026,4,2023,4,False,2023-01-09,2023-02-12,5,0,False,,,,"{""low_testing"":4,""unobserved_week"":1}"
SOM,4a810eafe55810a912e3,2026-01-19,2026,4,2024,4,False,2024-01-08,2024-02-11,5,0,False,,,,"{""low_testing"":2,""unobserved_week"":3}"
SOM,4a810eafe55810a912e3,2026-01-19,2026,4,2025,4,False,2025-01-06,2025-02-09,5,0,False,,,,"{""low_testing"":3,""unobserved_week"":2}"
SOM,4a810eafe55810a912e3,2026-01-26,2026,5,2021,5,False,2021-01-18,2021-02-21,5,0,False,,,,"{""unobserved_week"":5}"
SOM,4a810eafe55810a912e3,2026-01-26,2026,5,2022,5,False,2022-01-17,2022-02-20,5,0,False,,,,"{""unobserved_week"":5}"
SOM,4a810eafe55810a912e3,2026-01-26,2026,5,2023,5,False,2023-01-16,2023-02-19,5,0,False,,,,"{""low_testing"":3,""unobserved_week"":2}"
SOM,4a810eafe55810a912e3,2026-01-26,2026,5,2024,5,False,2024-01-15,2024-02-18,5,0,False,,,,"{""low_testing"":3,""unobserved_week"":2}"
SOM,4a810eafe55810a912e3,2026-01-26,2026,5,2025,5,False,2025-01-13,2025-02-16,5,0,False,,,,"{""low_testing"":3,""unobserved_week"":2}"
SOM,4a810eafe55810a912e3,2026-02-02,2026,6,2021,6,False,2021-01-25,2021-02-28,5,0,False,,,,"{""unobserved_week"":5}"
SOM,4a810eafe55810a912e3,2026-02-02,2026,6,2022,6,False,2022-01-24,2022-02-27,5,0,False,,,,"{""unobserved_week"":5}"
SOM,4a810eafe55810a912e3,2026-02-02,2026,6,2023,6,False,2023-01-23,2023-02-26,5,0,False,,,,"{""low_testing"":3,""unobserved_week"":2}"
SOM,4a810eafe55810a912e3,2026-02-02,2026,6,2024,6,False,2024-01-22,2024-02-25,5,0,False,,,,"{""low_testing"":2,""unobserved_week"":3}"
SOM,4a810eafe55810a912e3,2026-02-02,2026,6,2025,6,False,2025-01-20,2025-02-23,5,0,False,,,,"{""low_testing"":2,""unobserved_week"":3}"
SOM,4a810eafe55810a912e3,2026-02-09,2026,7,2021,7,False,2021-02-01,2021-03-07,5,0,False,,,,"{""unobserved_week"":5}"
SOM,4a810eafe55810a912e3,2026-02-09,2026,7,2022,7,False,2022-01-31,2022-03-06,5,0,False,,,,"{""unobserved_week"":5}"
SOM,4a810eafe55810a912e3,2026-02-09,2026,7,2023,7,False,2023-01-30,2023-03-05,5,0,False,,,,"{""low_testing"":3,""unobserved_week"":2}"
SOM,4a810eafe55810a912e3,2026-02-09,2026,7,2024,7,False,2024-01-29,2024-03-03,5,1,False,2.0,100.0,,"{""low_testing"":2,""unobserved_week"":2}"
SOM,4a810eafe55810a912e3,2026-02-09,2026,7,2025,7,False,2025-01-27,2025-03-02,5,0,False,,,,"{""low_testing"":3,""unobserved_week"":2}"
SOM,4a810eafe55810a912e3,2026-02-16,2026,8,2021,8,False,2021-02-08,2021-03-14,5,0,False,,,,"{""unobserved_week"":5}"
SOM,4a810eafe55810a912e3,2026-02-16,2026,8,2022,8,False,2022-02-07,2022-03-13,5,0,False,,,,"{""unobserved_week"":5}"
SOM,4a810eafe55810a912e3,2026-02-16,2026,8,2023,8,False,2023-02-06,2023-03-12,5,0,False,,,,"{""low_testing"":4,""unobserved_week"":1}"
SOM,4a810eafe55810a912e3,2026-02-16,2026,8,2024,8,False,2024-02-05,2024-03-10,5,1,False,2.0,100.0,,"{""low_testing"":1,""unobserved_week"":3}"
SOM,4a810eafe55810a912e3,2026-02-16,2026,8,2025,8,False,2025-02-03,2025-03-09,5,0,False,,,,"{""low_testing"":3,""unobserved_week"":2}"
SOM,4a810eafe55810a912e3,2026-02-23,2026,9,2021,9,False,2021-02-15,2021-03-21,5,0,False,,,,"{""unobserved_week"":5}"
SOM,4a810eafe55810a912e3,2026-02-23,2026,9,2022,9,False,2022-02-14,2022-03-20,5,0,False,,,,"{""unobserved_week"":5}"
SOM,4a810eafe55810a912e3,2026-02-23,2026,9,2023,9,False,2023-02-13,2023-03-19,5,0,False,,,,"{""low_testing"":4,""unobserved_week"":1}"
SOM,4a810eafe55810a912e3,2026-02-23,2026,9,2024,9,False,2024-02-12,2024-03-17,5,1,False,2.0,100.0,,"{""low_testing"":1,""unobserved_week"":3}"
SOM,4a810eafe55810a912e3,2026-02-23,2026,9,2025,9,False,2025-02-10,2025-03-16,5,0,False,,,,"{""low_testing"":3,""unobserved_week"":2}"
SOM,4a810eafe55810a912e3,2026-03-02,2026,10,2021,10,False,2021-02-22,2021-03-28,5,0,False,,,,"{""unobserved_week"":5}"
SOM,4a810eafe55810a912e3,2026-03-02,2026,10,2022,10,False,2022-02-21,2022-03-27,5,0,False,,,,"{""unobserved_week"":5}"
SOM,4a810eafe55810a912e3,2026-03-02,2026,10,2023,10,False,2023-02-20,2023-03-26,5,0,False,,,,"{""low_testing"":5}"
SOM,4a810eafe55810a912e3,2026-03-02,2026,10,2024,10,False,2024-02-19,2024-03-24,5,1,False,2.0,100.0,,"{""unobserved_week"":4}"
SOM,4a810eafe55810a912e3,2026-03-02,2026,10,2025,10,False,2025-02-17,2025-03-23,5,0,False,,,,"{""low_testing"":2,""unobserved_week"":3}"
SOM,4a810eafe55810a912e3,2026-03-09,2026,11,2021,11,False,2021-03-01,2021-04-04,5,0,False,,,,"{""unobserved_week"":5}"
SOM,4a810eafe55810a912e3,2026-03-09,2026,11,2022,11,False,2022-02-28,2022-04-03,5,0,False,,,,"{""unobserved_week"":5}"
SOM,4a810eafe55810a912e3,2026-03-09,2026,11,2023,11,False,2023-02-27,2023-04-02,5,0,False,,,,"{""low_testing"":5}"
SOM,4a810eafe55810a912e3,2026-03-09,2026,11,2024,11,False,2024-02-26,2024-03-31,5,1,False,2.0,100.0,,"{""unobserved_week"":4}"
SOM,4a810eafe55810a912e3,2026-03-09,2026,11,2025,11,False,2025-02-24,2025-03-30,5,0,False,,,,"{""low_testing"":2,""unobserved_week"":3}"
SOM,4a810eafe55810a912e3,2026-03-16,2026,12,2021,12,False,2021-03-08,2021-04-11,5,0,False,,,,"{""unobserved_week"":5}"
SOM,4a810eafe55810a912e3,2026-03-16,2026,12,2022,12,False,2022-03-07,2022-04-10,5,0,False,,,,"{""unobserved_week"":5}"
SOM,4a810eafe55810a912e3,2026-03-16,2026,12,2023,12,False,2023-03-06,2023-04-09,5,0,False,,,,"{""low_testing"":5}"
SOM,4a810eafe55810a912e3,2026-03-16,2026,12,2024,12,False,2024-03-04,2024-04-07,5,0,False,,,,"{""unobserved_week"":5}"
SOM,4a810eafe55810a912e3,2026-03-16,2026,12,2025,12,False,2025-03-03,2025-04-06,5,0,False,,,,"{""low_testing"":2,""unobserved_week"":3}"
SOM,4a810eafe55810a912e3,2026-03-23,2026,13,2021,13,False,2021-03-15,2021-04-18,5,0,False,,,,"{""unobserved_week"":5}"
SOM,4a810eafe55810a912e3,2026-03-23,2026,13,2022,13,False,2022-03-14,2022-04-17,5,0,False,,,,"{""unobserved_week"":5}"
SOM,4a810eafe55810a912e3,2026-03-23,2026,13,2023,13,False,2023-03-13,2023-04-16,5,0,False,,,,"{""low_testing"":5}"
SOM,4a810eafe55810a912e3,2026-03-23,2026,13,2024,13,False,2024-03-11,2024-04-14,5,0,False,,,,"{""unobserved_week"":5}"
SOM,4a810eafe55810a912e3,2026-03-23,2026,13,2025,13,False,2025-03-10,2025-04-13,5,0,False,,,,"{""low_testing"":3,""unobserved_week"":2}"
SOM,4a810eafe55810a912e3,2026-03-30,2026,14,2021,14,False,2021-03-22,2021-04-25,5,0,False,,,,"{""unobserved_week"":5}"
SOM,4a810eafe55810a912e3,2026-03-30,2026,14,2022,14,False,2022-03-21,2022-04-24,5,0,False,,,,"{""low_testing"":1,""unobserved_week"":4}"
SOM,4a810eafe55810a912e3,2026-03-30,2026,14,2023,14,False,2023-03-20,2023-04-23,5,0,False,,,,"{""low_testing"":5}"
SOM,4a810eafe55810a912e3,2026-03-30,2026,14,2024,14,False,2024-03-18,2024-04-21,5,1,False,2.0,163.0,,"{""unobserved_week"":4}"
SOM,4a810eafe55810a912e3,2026-03-30,2026,14,2025,14,False,2025-03-17,2025-04-20,5,0,False,,,,"{""low_testing"":3,""unobserved_week"":2}"
SOM,4a810eafe55810a912e3,2026-04-06,2026,15,2021,15,False,2021-03-29,2021-05-02,5,0,False,,,,"{""unobserved_week"":5}"
SOM,4a810eafe55810a912e3,2026-04-06,2026,15,2022,15,False,2022-03-28,2022-05-01,5,0,False,,,,"{""low_testing"":2,""unobserved_week"":3}"
SOM,4a810eafe55810a912e3,2026-04-06,2026,15,2023,15,False,2023-03-27,2023-04-30,5,0,False,,,,"{""low_testing"":5}"
SOM,4a810eafe55810a912e3,2026-04-06,2026,15,2024,15,False,2024-03-25,2024-04-28,5,2,False,3.0,314.0,,"{""unobserved_week"":3}"
SOM,4a810eafe55810a912e3,2026-04-06,2026,15,2025,15,False,2025-03-24,2025-04-27,5,0,False,,,,"{""low_testing"":3,""unobserved_week"":2}"
SOM,4a810eafe55810a912e3,2026-04-13,2026,16,2021,16,False,2021-04-05,2021-05-09,5,0,False,,,,"{""unobserved_week"":5}"
SOM,4a810eafe55810a912e3,2026-04-13,2026,16,2022,16,False,2022-04-04,2022-05-08,5,0,False,,,,"{""low_testing"":2,""unobserved_week"":3}"
SOM,4a810eafe55810a912e3,2026-04-13,2026,16,2023,16,False,2023-04-03,2023-05-07,5,0,False,,,,"{""low_testing"":5}"
SOM,4a810eafe55810a912e3,2026-04-13,2026,16,2024,16,False,2024-04-01,2024-05-05,5,3,False,7.0,435.0,,"{""unobserved_week"":2}"
SOM,4a810eafe55810a912e3,2026-04-13,2026,16,2025,16,False,2025-03-31,2025-05-04,5,0,False,,,,"{""low_testing"":3,""unobserved_week"":2}"
SOM,4a810eafe55810a912e3,2026-04-20,2026,17,2021,17,False,2021-04-12,2021-05-16,5,0,False,,,,"{""unobserved_week"":5}"
SOM,4a810eafe55810a912e3,2026-04-20,2026,17,2022,17,False,2022-04-11,2022-05-15,5,0,False,,,,"{""low_testing"":2,""unobserved_week"":3}"
SOM,4a810eafe55810a912e3,2026-04-20,2026,17,2023,17,False,2023-04-10,2023-05-14,5,0,False,,,,"{""low_testing"":5}"
SOM,4a810eafe55810a912e3,2026-04-20,2026,17,2024,17,False,2024-04-08,2024-05-12,5,3,False,7.0,435.0,,"{""low_testing"":1,""unobserved_week"":1}"
SOM,4a810eafe55810a912e3,2026-04-20,2026,17,2025,17,False,2025-04-07,2025-05-11,5,0,False,,,,"{""low_testing"":2,""unobserved_week"":3}"
SOM,4a810eafe55810a912e3,2026-04-27,2026,18,2021,18,False,2021-04-19,2021-05-23,5,0,False,,,,"{""unobserved_week"":5}"
SOM,4a810eafe55810a912e3,2026-04-27,2026,18,2022,18,False,2022-04-18,2022-05-22,5,0,False,,,,"{""low_testing"":2,""unobserved_week"":3}"
SOM,4a810eafe55810a912e3,2026-04-27,2026,18,2023,18,False,2023-04-17,2023-05-21,5,0,False,,,,"{""low_testing"":5}"
SOM,4a810eafe55810a912e3,2026-04-27,2026,18,2024,18,False,2024-04-15,2024-05-19,5,4,True,9.0,564.0,0.015957446808510637,"{""low_testing"":1}"
SOM,4a810eafe55810a912e3,2026-04-27,2026,18,2025,18,False,2025-04-14,2025-05-18,5,0,False,,,,"{""low_testing"":1,""unobserved_week"":4}"
SOM,4a810eafe55810a912e3,2026-05-04,2026,19,2021,19,False,2021-04-26,2021-05-30,5,0,False,,,,"{""unobserved_week"":5}"
SOM,4a810eafe55810a912e3,2026-05-04,2026,19,2022,19,False,2022-04-25,2022-05-29,5,0,False,,,,"{""low_testing"":1,""unobserved_week"":4}"
SOM,4a810eafe55810a912e3,2026-05-04,2026,19,2023,19,False,2023-04-24,2023-05-28,5,0,False,,,,"{""low_testing"":5}"
SOM,4a810eafe55810a912e3,2026-05-04,2026,19,2024,19,False,2024-04-22,2024-05-26,5,3,False,7.0,401.0,,"{""low_testing"":2}"
SOM,4a810eafe55810a912e3,2026-05-04,2026,19,2025,19,False,2025-04-21,2025-05-25,5,0,False,,,,"{""unobserved_week"":5}"
SOM,4a810eafe55810a912e3,2026-05-11,2026,20,2021,20,False,2021-05-03,2021-06-06,5,0,False,,,,"{""unobserved_week"":5}"
SOM,4a810eafe55810a912e3,2026-05-11,2026,20,2022,20,False,2022-05-02,2022-06-05,5,0,False,,,,"{""unobserved_week"":5}"
SOM,4a810eafe55810a912e3,2026-05-11,2026,20,2023,20,False,2023-05-01,2023-06-04,5,1,False,5.0,177.0,,"{""low_testing"":4}"
SOM,4a810eafe55810a912e3,2026-05-11,2026,20,2024,20,False,2024-04-29,2024-06-02,5,2,False,6.0,250.0,,"{""low_testing"":3}"
SOM,4a810eafe55810a912e3,2026-05-11,2026,20,2025,20,False,2025-04-28,2025-06-01,5,0,False,,,,"{""unobserved_week"":5}"
SOM,4a810eafe55810a912e3,2026-05-18,2026,21,2021,21,False,2021-05-10,2021-06-13,5,0,False,,,,"{""unobserved_week"":5}"
SOM,4a810eafe55810a912e3,2026-05-18,2026,21,2022,21,False,2022-05-09,2022-06-12,5,0,False,,,,"{""unobserved_week"":5}"
SOM,4a810eafe55810a912e3,2026-05-18,2026,21,2023,21,False,2023-05-08,2023-06-11,5,2,False,7.0,308.0,,"{""low_testing"":3}"
SOM,4a810eafe55810a912e3,2026-05-18,2026,21,2024,21,False,2024-05-06,2024-06-09,5,1,False,2.0,129.0,,"{""low_testing"":4}"
SOM,4a810eafe55810a912e3,2026-05-18,2026,21,2025,21,False,2025-05-05,2025-06-08,5,0,False,,,,"{""unobserved_week"":5}"
SOM,4a810eafe55810a912e3,2026-05-25,2026,22,2021,22,False,2021-05-17,2021-06-20,5,0,False,,,,"{""unobserved_week"":5}"
SOM,4a810eafe55810a912e3,2026-05-25,2026,22,2022,22,False,2022-05-16,2022-06-19,5,0,False,,,,"{""unobserved_week"":5}"
SOM,4a810eafe55810a912e3,2026-05-25,2026,22,2023,22,False,2023-05-15,2023-06-18,5,3,False,11.0,419.0,,"{""low_testing"":2}"
SOM,4a810eafe55810a912e3,2026-05-25,2026,22,2024,22,False,2024-05-13,2024-06-16,5,1,False,2.0,129.0,,"{""low_testing"":3,""unobserved_week"":1}"
SOM,4a810eafe55810a912e3,2026-05-25,2026,22,2025,22,False,2025-05-12,2025-06-15,5,0,False,,,,"{""unobserved_week"":5}"
SOM,4a810eafe55810a912e3,2026-06-01,2026,23,2021,23,False,2021-05-24,2021-06-27,5,0,False,,,,"{""unobserved_week"":5}"
SOM,4a810eafe55810a912e3,2026-06-01,2026,23,2022,23,False,2022-05-23,2022-06-26,5,0,False,,,,"{""unobserved_week"":5}"
SOM,4a810eafe55810a912e3,2026-06-01,2026,23,2023,23,False,2023-05-22,2023-06-25,5,3,False,11.0,419.0,,"{""low_testing"":2}"
SOM,4a810eafe55810a912e3,2026-06-01,2026,23,2024,23,False,2024-05-20,2024-06-23,5,0,False,,,,"{""low_testing"":3,""unobserved_week"":2}"
SOM,4a810eafe55810a912e3,2026-06-01,2026,23,2025,23,False,2025-05-19,2025-06-22,5,0,False,,,,"{""low_testing"":1,""unobserved_week"":4}"
SOM,4a810eafe55810a912e3,2026-06-08,2026,24,2021,24,False,2021-05-31,2021-07-04,5,0,False,,,,"{""unobserved_week"":5}"
SOM,4a810eafe55810a912e3,2026-06-08,2026,24,2022,24,False,2022-05-30,2022-07-03,5,0,False,,,,"{""unobserved_week"":5}"
SOM,4a810eafe55810a912e3,2026-06-08,2026,24,2023,24,False,2023-05-29,2023-07-02,5,3,False,11.0,419.0,,"{""low_testing"":2}"
SOM,4a810eafe55810a912e3,2026-06-08,2026,24,2024,24,False,2024-05-27,2024-06-30,5,0,False,,,,"{""low_testing"":2,""unobserved_week"":3}"
SOM,4a810eafe55810a912e3,2026-06-08,2026,24,2025,24,False,2025-05-26,2025-06-29,5,0,False,,,,"{""low_testing"":1,""unobserved_week"":4}"
SOM,4a810eafe55810a912e3,2026-06-15,2026,25,2021,25,False,2021-06-07,2021-07-11,5,0,False,,,,"{""unobserved_week"":5}"
SOM,4a810eafe55810a912e3,2026-06-15,2026,25,2022,25,False,2022-06-06,2022-07-10,5,0,False,,,,"{""unobserved_week"":5}"
SOM,4a810eafe55810a912e3,2026-06-15,2026,25,2023,25,False,2023-06-05,2023-07-09,5,2,False,6.0,242.0,,"{""low_testing"":3}"
SOM,4a810eafe55810a912e3,2026-06-15,2026,25,2024,25,False,2024-06-03,2024-07-07,5,0,False,,,,"{""low_testing"":1,""unobserved_week"":4}"
SOM,4a810eafe55810a912e3,2026-06-15,2026,25,2025,25,False,2025-06-02,2025-07-06,5,0,False,,,,"{""low_testing"":1,""unobserved_week"":4}"
SOM,4a810eafe55810a912e3,2026-06-22,2026,26,2021,26,False,2021-06-14,2021-07-18,5,0,False,,,,"{""unobserved_week"":5}"
SOM,4a810eafe55810a912e3,2026-06-22,2026,26,2022,26,False,2022-06-13,2022-07-17,5,0,False,,,,"{""unobserved_week"":5}"
SOM,4a810eafe55810a912e3,2026-06-22,2026,26,2023,26,False,2023-06-12,2023-07-16,5,1,False,4.0,111.0,,"{""low_testing"":4}"
SOM,4a810eafe55810a912e3,2026-06-22,2026,26,2024,26,False,2024-06-10,2024-07-14,5,0,False,,,,"{""unobserved_week"":5}"
SOM,4a810eafe55810a912e3,2026-06-22,2026,26,2025,26,False,2025-06-09,2025-07-13,5,0,False,,,,"{""low_testing"":1,""unobserved_week"":4}"
SOM,4a810eafe55810a912e3,2026-06-29,2026,27,2021,27,False,2021-06-21,2021-07-25,5,0,False,,,,"{""unobserved_week"":5}"
SOM,4a810eafe55810a912e3,2026-06-29,2026,27,2022,27,False,2022-06-20,2022-07-24,5,0,False,,,,"{""unobserved_week"":5}"
SOM,4a810eafe55810a912e3,2026-06-29,2026,27,2023,27,False,2023-06-19,2023-07-23,5,0,False,,,,"{""low_testing"":4,""unobserved_week"":1}"
SOM,4a810eafe55810a912e3,2026-06-29,2026,27,2024,27,False,2024-06-17,2024-07-21,5,0,False,,,,"{""unobserved_week"":5}"
SOM,4a810eafe55810a912e3,2026-06-29,2026,27,2025,27,False,2025-06-16,2025-07-20,5,0,False,,,,"{""low_testing"":1,""unobserved_week"":4}"
SOM,4a810eafe55810a912e3,2026-07-06,2026,28,2021,28,False,2021-06-28,2021-08-01,5,0,False,,,,"{""unobserved_week"":5}"
SOM,4a810eafe55810a912e3,2026-07-06,2026,28,2022,28,False,2022-06-27,2022-07-31,5,0,False,,,,"{""low_testing"":1,""unobserved_week"":4}"
SOM,4a810eafe55810a912e3,2026-07-06,2026,28,2023,28,False,2023-06-26,2023-07-30,5,0,False,,,,"{""low_testing"":3,""unobserved_week"":2}"
SOM,4a810eafe55810a912e3,2026-07-06,2026,28,2024,28,False,2024-06-24,2024-07-28,5,0,False,,,,"{""unobserved_week"":5}"
SOM,4a810eafe55810a912e3,2026-07-06,2026,28,2025,28,False,2025-06-23,2025-07-27,5,0,False,,,,"{""unobserved_week"":5}"
SOM,4a810eafe55810a912e3,2026-07-13,2026,29,2021,29,False,2021-07-05,2021-08-08,5,0,False,,,,"{""unobserved_week"":5}"
SOM,4a810eafe55810a912e3,2026-07-13,2026,29,2022,29,False,2022-07-04,2022-08-07,5,0,False,,,,"{""low_testing"":2,""unobserved_week"":3}"
SOM,4a810eafe55810a912e3,2026-07-13,2026,29,2023,29,False,2023-07-03,2023-08-06,5,0,False,,,,"{""low_testing"":3,""unobserved_week"":2}"
SOM,4a810eafe55810a912e3,2026-07-13,2026,29,2024,29,False,2024-07-01,2024-08-04,5,0,False,,,,"{""unobserved_week"":5}"
SOM,4a810eafe55810a912e3,2026-07-13,2026,29,2025,29,False,2025-06-30,2025-08-03,5,0,False,,,,"{""unobserved_week"":5}"
SOM,4a810eafe55810a912e3,2026-07-20,2026,30,2021,30,False,2021-07-12,2021-08-15,5,0,False,,,,"{""unobserved_week"":5}"
SOM,4a810eafe55810a912e3,2026-07-20,2026,30,2022,30,False,2022-07-11,2022-08-14,5,0,False,,,,"{""low_testing"":3,""unobserved_week"":2}"
SOM,4a810eafe55810a912e3,2026-07-20,2026,30,2023,30,False,2023-07-10,2023-08-13,5,0,False,,,,"{""low_testing"":2,""unobserved_week"":3}"
SOM,4a810eafe55810a912e3,2026-07-20,2026,30,2024,30,False,2024-07-08,2024-08-11,5,0,False,,,,"{""low_testing"":1,""unobserved_week"":4}"
SOM,4a810eafe55810a912e3,2026-07-20,2026,30,2025,30,False,2025-07-07,2025-08-10,5,0,False,,,,"{""unobserved_week"":5}"
SOM,4a810eafe55810a912e3,2026-07-27,2026,31,2021,31,False,2021-07-19,2021-08-22,5,0,False,,,,"{""unobserved_week"":5}"
SOM,4a810eafe55810a912e3,2026-07-27,2026,31,2022,31,False,2022-07-18,2022-08-21,5,1,False,9.0,118.0,,"{""low_testing"":3,""unobserved_week"":1}"
SOM,4a810eafe55810a912e3,2026-07-27,2026,31,2023,31,False,2023-07-17,2023-08-20,5,0,False,,,,"{""low_testing"":1,""unobserved_week"":4}"
SOM,4a810eafe55810a912e3,2026-07-27,2026,31,2024,31,False,2024-07-15,2024-08-18,5,0,False,,,,"{""low_testing"":2,""unobserved_week"":3}"
SOM,4a810eafe55810a912e3,2026-07-27,2026,31,2025,31,False,2025-07-14,2025-08-17,5,0,False,,,,"{""unobserved_week"":5}"
SOM,4a810eafe55810a912e3,2026-08-03,2026,32,2021,32,False,2021-07-26,2021-08-29,5,0,False,,,,"{""unobserved_week"":5}"
SOM,4a810eafe55810a912e3,2026-08-03,2026,32,2022,32,False,2022-07-25,2022-08-28,5,2,False,20.0,241.0,,"{""low_testing"":3}"
SOM,4a810eafe55810a912e3,2026-08-03,2026,32,2023,32,False,2023-07-24,2023-08-27,5,0,False,,,,"{""low_testing"":1,""unobserved_week"":4}"
SOM,4a810eafe55810a912e3,2026-08-03,2026,32,2024,32,False,2024-07-22,2024-08-25,5,0,False,,,,"{""low_testing"":3,""unobserved_week"":2}"
SOM,4a810eafe55810a912e3,2026-08-03,2026,32,2025,32,False,2025-07-21,2025-08-24,5,0,False,,,,"{""unobserved_week"":5}"
SOM,4a810eafe55810a912e3,2026-08-10,2026,33,2021,33,False,2021-08-02,2021-09-05,5,0,False,,,,"{""low_testing"":1,""unobserved_week"":4}"
SOM,4a810eafe55810a912e3,2026-08-10,2026,33,2022,33,False,2022-08-01,2022-09-04,5,3,False,30.0,369.0,,"{""low_testing"":2}"
SOM,4a810eafe55810a912e3,2026-08-10,2026,33,2023,33,False,2023-07-31,2023-09-03,5,0,False,,,,"{""low_testing"":2,""unobserved_week"":3}"
SOM,4a810eafe55810a912e3,2026-08-10,2026,33,2024,33,False,2024-07-29,2024-09-01,5,0,False,,,,"{""low_testing"":4,""unobserved_week"":1}"
SOM,4a810eafe55810a912e3,2026-08-10,2026,33,2025,33,False,2025-07-28,2025-08-31,5,0,False,,,,"{""unobserved_week"":5}"
SOM,4a810eafe55810a912e3,2026-08-17,2026,34,2021,34,False,2021-08-09,2021-09-12,5,0,False,,,,"{""low_testing"":2,""unobserved_week"":3}"
SOM,4a810eafe55810a912e3,2026-08-17,2026,34,2022,34,False,2022-08-08,2022-09-11,5,4,True,35.0,485.0,0.07216494845360824,"{""low_testing"":1}"
SOM,4a810eafe55810a912e3,2026-08-17,2026,34,2023,34,False,2023-08-07,2023-09-10,5,0,False,,,,"{""low_testing"":2,""unobserved_week"":3}"
SOM,4a810eafe55810a912e3,2026-08-17,2026,34,2024,34,False,2024-08-05,2024-09-08,5,0,False,,,,"{""low_testing"":5}"
SOM,4a810eafe55810a912e3,2026-08-17,2026,34,2025,34,False,2025-08-04,2025-09-07,5,0,False,,,,"{""unobserved_week"":5}"
UKR,f2db5a970558fea2477e,2025-08-25,2025,35,2020,35,False,2020-08-10,2020-09-13,5,0,False,,,,"{""unobserved_week"":5}"
UKR,f2db5a970558fea2477e,2025-08-25,2025,35,2021,35,False,2021-08-16,2021-09-19,5,0,False,,,,"{""unobserved_week"":5}"
UKR,f2db5a970558fea2477e,2025-08-25,2025,35,2022,35,False,2022-08-15,2022-09-18,5,0,False,,,,"{""unobserved_week"":5}"
UKR,f2db5a970558fea2477e,2025-08-25,2025,35,2023,35,False,2023-08-14,2023-09-17,5,0,False,,,,"{""unobserved_week"":5}"
UKR,f2db5a970558fea2477e,2025-08-25,2025,35,2024,35,False,2024-08-12,2024-09-15,5,0,False,,,,"{""low_testing"":5}"
UKR,f2db5a970558fea2477e,2025-09-01,2025,36,2020,36,False,2020-08-17,2020-09-20,5,0,False,,,,"{""unobserved_week"":5}"
UKR,f2db5a970558fea2477e,2025-09-01,2025,36,2021,36,False,2021-08-23,2021-09-26,5,0,False,,,,"{""unobserved_week"":5}"
UKR,f2db5a970558fea2477e,2025-09-01,2025,36,2022,36,False,2022-08-22,2022-09-25,5,0,False,,,,"{""unobserved_week"":5}"
UKR,f2db5a970558fea2477e,2025-09-01,2025,36,2023,36,False,2023-08-21,2023-09-24,5,0,False,,,,"{""low_testing"":1,""unobserved_week"":4}"
UKR,f2db5a970558fea2477e,2025-09-01,2025,36,2024,36,False,2024-08-19,2024-09-22,5,0,False,,,,"{""low_testing"":5}"
UKR,f2db5a970558fea2477e,2025-09-08,2025,37,2020,37,False,2020-08-24,2020-09-27,5,0,False,,,,"{""unobserved_week"":5}"
UKR,f2db5a970558fea2477e,2025-09-08,2025,37,2021,37,False,2021-08-30,2021-10-03,5,0,False,,,,"{""unobserved_week"":5}"
UKR,f2db5a970558fea2477e,2025-09-08,2025,37,2022,37,False,2022-08-29,2022-10-02,5,0,False,,,,"{""unobserved_week"":5}"
UKR,f2db5a970558fea2477e,2025-09-08,2025,37,2023,37,False,2023-08-28,2023-10-01,5,0,False,,,,"{""low_testing"":1,""unobserved_week"":4}"
UKR,f2db5a970558fea2477e,2025-09-08,2025,37,2024,37,False,2024-08-26,2024-09-29,5,0,False,,,,"{""low_testing"":5}"
UKR,f2db5a970558fea2477e,2025-09-15,2025,38,2020,38,False,2020-08-31,2020-10-04,5,0,False,,,,"{""unobserved_week"":5}"
UKR,f2db5a970558fea2477e,2025-09-15,2025,38,2021,38,False,2021-09-06,2021-10-10,5,0,False,,,,"{""unobserved_week"":5}"
UKR,f2db5a970558fea2477e,2025-09-15,2025,38,2022,38,False,2022-09-05,2022-10-09,5,0,False,,,,"{""unobserved_week"":5}"
UKR,f2db5a970558fea2477e,2025-09-15,2025,38,2023,38,False,2023-09-04,2023-10-08,5,0,False,,,,"{""low_testing"":2,""unobserved_week"":3}"
UKR,f2db5a970558fea2477e,2025-09-15,2025,38,2024,38,False,2024-09-02,2024-10-06,5,0,False,,,,"{""low_testing"":5}"
UKR,f2db5a970558fea2477e,2025-09-22,2025,39,2020,39,False,2020-09-07,2020-10-11,5,0,False,,,,"{""unobserved_week"":5}"
UKR,f2db5a970558fea2477e,2025-09-22,2025,39,2021,39,False,2021-09-13,2021-10-17,5,0,False,,,,"{""unobserved_week"":5}"
UKR,f2db5a970558fea2477e,2025-09-22,2025,39,2022,39,False,2022-09-12,2022-10-16,5,0,False,,,,"{""unobserved_week"":5}"
UKR,f2db5a970558fea2477e,2025-09-22,2025,39,2023,39,False,2023-09-11,2023-10-15,5,0,False,,,,"{""low_testing"":3,""unobserved_week"":2}"
UKR,f2db5a970558fea2477e,2025-09-22,2025,39,2024,39,False,2024-09-09,2024-10-13,5,0,False,,,,"{""low_testing"":5}"
UKR,f2db5a970558fea2477e,2025-09-29,2025,40,2020,40,False,2020-09-14,2020-10-18,5,0,False,,,,"{""unobserved_week"":5}"
UKR,f2db5a970558fea2477e,2025-09-29,2025,40,2021,40,False,2021-09-20,2021-10-24,5,0,False,,,,"{""unobserved_week"":5}"
UKR,f2db5a970558fea2477e,2025-09-29,2025,40,2022,40,False,2022-09-19,2022-10-23,5,0,False,,,,"{""unobserved_week"":5}"
UKR,f2db5a970558fea2477e,2025-09-29,2025,40,2023,40,False,2023-09-18,2023-10-22,5,0,False,,,,"{""low_testing"":4,""unobserved_week"":1}"
UKR,f2db5a970558fea2477e,2025-09-29,2025,40,2024,40,False,2024-09-16,2024-10-20,5,0,False,,,,"{""low_testing"":5}"
UKR,f2db5a970558fea2477e,2025-10-06,2025,41,2020,41,False,2020-09-21,2020-10-25,5,0,False,,,,"{""unobserved_week"":5}"
UKR,f2db5a970558fea2477e,2025-10-06,2025,41,2021,41,False,2021-09-27,2021-10-31,5,0,False,,,,"{""unobserved_week"":5}"
UKR,f2db5a970558fea2477e,2025-10-06,2025,41,2022,41,False,2022-09-26,2022-10-30,5,0,False,,,,"{""unobserved_week"":5}"
UKR,f2db5a970558fea2477e,2025-10-06,2025,41,2023,41,False,2023-09-25,2023-10-29,5,1,False,0.0,104.0,,"{""low_testing"":3,""unobserved_week"":1}"
UKR,f2db5a970558fea2477e,2025-10-06,2025,41,2024,41,False,2024-09-23,2024-10-27,5,1,False,0.0,104.0,,"{""low_testing"":4}"
UKR,f2db5a970558fea2477e,2025-10-13,2025,42,2020,42,False,2020-09-28,2020-11-01,5,0,False,,,,"{""unobserved_week"":5}"
UKR,f2db5a970558fea2477e,2025-10-13,2025,42,2021,42,False,2021-10-04,2021-11-07,5,0,False,,,,"{""unobserved_week"":5}"
UKR,f2db5a970558fea2477e,2025-10-13,2025,42,2022,42,False,2022-10-03,2022-11-06,5,0,False,,,,"{""low_testing"":1,""unobserved_week"":4}"
UKR,f2db5a970558fea2477e,2025-10-13,2025,42,2023,42,False,2023-10-02,2023-11-05,5,1,False,0.0,104.0,,"{""low_testing"":4}"
UKR,f2db5a970558fea2477e,2025-10-13,2025,42,2024,42,False,2024-09-30,2024-11-03,5,1,False,0.0,104.0,,"{""low_testing"":4}"
UKR,f2db5a970558fea2477e,2025-10-20,2025,43,2020,43,False,2020-10-05,2020-11-08,5,0,False,,,,"{""unobserved_week"":5}"
UKR,f2db5a970558fea2477e,2025-10-20,2025,43,2021,43,False,2021-10-11,2021-11-14,5,0,False,,,,"{""unobserved_week"":5}"
UKR,f2db5a970558fea2477e,2025-10-20,2025,43,2022,43,False,2022-10-10,2022-11-13,5,1,False,5.0,144.0,,"{""low_testing"":1,""unobserved_week"":3}"
UKR,f2db5a970558fea2477e,2025-10-20,2025,43,2023,43,False,2023-10-09,2023-11-12,5,2,False,1.0,220.0,,"{""low_testing"":3}"
UKR,f2db5a970558fea2477e,2025-10-20,2025,43,2024,43,False,2024-10-07,2024-11-10,5,2,False,1.0,220.0,,"{""low_testing"":3}"
UKR,f2db5a970558fea2477e,2025-10-27,2025,44,2020,44,False,2020-10-12,2020-11-15,5,0,False,,,,"{""unobserved_week"":5}"
UKR,f2db5a970558fea2477e,2025-10-27,2025,44,2021,44,False,2021-10-18,2021-11-21,5,0,False,,,,"{""unobserved_week"":5}"
UKR,f2db5a970558fea2477e,2025-10-27,2025,44,2022,44,False,2022-10-17,2022-11-20,5,2,False,15.0,282.0,,"{""low_testing"":1,""unobserved_week"":2}"
UKR,f2db5a970558fea2477e,2025-10-27,2025,44,2023,44,False,2023-10-16,2023-11-19,5,2,False,1.0,220.0,,"{""low_testing"":3}"
UKR,f2db5a970558fea2477e,2025-10-27,2025,44,2024,44,False,2024-10-14,2024-11-17,5,2,False,1.0,220.0,,"{""low_testing"":3}"
UKR,f2db5a970558fea2477e,2025-11-03,2025,45,2020,45,False,2020-10-19,2020-11-22,5,0,False,,,,"{""unobserved_week"":5}"
UKR,f2db5a970558fea2477e,2025-11-03,2025,45,2021,45,False,2021-10-25,2021-11-28,5,0,False,,,,"{""unobserved_week"":5}"
UKR,f2db5a970558fea2477e,2025-11-03,2025,45,2022,45,False,2022-10-24,2022-11-27,5,3,False,27.0,435.0,,"{""low_testing"":1,""unobserved_week"":1}"
UKR,f2db5a970558fea2477e,2025-11-03,2025,45,2023,45,False,2023-10-23,2023-11-26,5,3,False,1.0,327.0,,"{""low_testing"":2}"
UKR,f2db5a970558fea2477e,2025-11-03,2025,45,2024,45,False,2024-10-21,2024-11-24,5,2,False,1.0,220.0,,"{""low_testing"":3}"
UKR,f2db5a970558fea2477e,2025-11-10,2025,46,2020,46,False,2020-10-26,2020-11-29,5,0,False,,,,"{""unobserved_week"":5}"
UKR,f2db5a970558fea2477e,2025-11-10,2025,46,2021,46,False,2021-11-01,2021-12-05,5,0,False,,,,"{""unobserved_week"":5}"
UKR,f2db5a970558fea2477e,2025-11-10,2025,46,2022,46,False,2022-10-31,2022-12-04,5,4,True,40.0,557.0,0.0718132854578097,"{""low_testing"":1}"
UKR,f2db5a970558fea2477e,2025-11-10,2025,46,2023,46,False,2023-10-30,2023-12-03,5,3,False,1.0,352.0,,"{""low_testing"":2}"
UKR,f2db5a970558fea2477e,2025-11-10,2025,46,2024,46,False,2024-10-28,2024-12-01,5,1,False,1.0,116.0,,"{""low_testing"":4}"
UKR,f2db5a970558fea2477e,2025-11-17,2025,47,2020,47,False,2020-11-02,2020-12-06,5,0,False,,,,"{""unobserved_week"":5}"
UKR,f2db5a970558fea2477e,2025-11-17,2025,47,2021,47,False,2021-11-08,2021-12-12,5,0,False,,,,"{""unobserved_week"":5}"
UKR,f2db5a970558fea2477e,2025-11-17,2025,47,2022,47,False,2022-11-07,2022-12-11,5,5,True,73.0,682.0,0.10703812316715543,{}
UKR,f2db5a970558fea2477e,2025-11-17,2025,47,2023,47,False,2023-11-06,2023-12-10,5,4,True,5.0,490.0,0.01020408163265306,"{""low_testing"":1}"
UKR,f2db5a970558fea2477e,2025-11-17,2025,47,2024,47,False,2024-11-04,2024-12-08,5,1,False,1.0,116.0,,"{""low_testing"":4}"
UKR,f2db5a970558fea2477e,2025-11-24,2025,48,2020,48,False,2020-11-09,2020-12-13,5,0,False,,,,"{""unobserved_week"":5}"
UKR,f2db5a970558fea2477e,2025-11-24,2025,48,2021,48,False,2021-11-15,2021-12-19,5,0,False,,,,"{""unobserved_week"":5}"
UKR,f2db5a970558fea2477e,2025-11-24,2025,48,2022,48,False,2022-11-14,2022-12-18,5,5,True,130.0,695.0,0.18705035971223022,{}
UKR,f2db5a970558fea2477e,2025-11-24,2025,48,2023,48,False,2023-11-13,2023-12-17,5,4,True,10.0,501.0,0.01996007984031936,"{""low_testing"":1}"
UKR,f2db5a970558fea2477e,2025-11-24,2025,48,2024,48,False,2024-11-11,2024-12-15,5,1,False,0.0,113.0,,"{""low_testing"":4}"
UKR,f2db5a970558fea2477e,2025-12-01,2025,49,2020,49,False,2020-11-16,2020-12-20,5,0,False,,,,"{""unobserved_week"":5}"
UKR,f2db5a970558fea2477e,2025-12-01,2025,49,2021,49,False,2021-11-22,2021-12-26,5,0,False,,,,"{""unobserved_week"":5}"
UKR,f2db5a970558fea2477e,2025-12-01,2025,49,2022,49,False,2022-11-21,2022-12-25,5,5,True,187.0,751.0,0.24900133155792276,{}
UKR,f2db5a970558fea2477e,2025-12-01,2025,49,2023,49,False,2023-11-20,2023-12-24,5,5,True,28.0,646.0,0.043343653250773995,{}
UKR,f2db5a970558fea2477e,2025-12-01,2025,49,2024,49,False,2024-11-18,2024-12-22,5,2,False,12.0,227.0,,"{""low_testing"":3}"
UKR,f2db5a970558fea2477e,2025-12-08,2025,50,2020,50,False,2020-11-23,2020-12-27,5,0,False,,,,"{""unobserved_week"":5}"
UKR,f2db5a970558fea2477e,2025-12-08,2025,50,2021,50,False,2021-11-29,2022-01-02,5,0,False,,,,"{""low_testing"":1,""unobserved_week"":4}"
UKR,f2db5a970558fea2477e,2025-12-08,2025,50,2022,50,False,2022-11-28,2023-01-01,5,5,True,242.0,743.0,0.32570659488559894,{}
UKR,f2db5a970558fea2477e,2025-12-08,2025,50,2023,50,False,2023-11-27,2023-12-31,5,5,True,41.0,670.0,0.06119402985074627,{}
UKR,f2db5a970558fea2477e,2025-12-08,2025,50,2024,50,False,2024-11-25,2024-12-29,5,2,False,12.0,227.0,,"{""low_testing"":3}"
UKR,f2db5a970558fea2477e,2025-12-15,2025,51,2020,51,False,2020-11-30,2021-01-03,5,0,False,,,,"{""unobserved_week"":5}"
UKR,f2db5a970558fea2477e,2025-12-15,2025,51,2021,51,False,2021-12-06,2022-01-09,5,0,False,,,,"{""low_testing"":2,""unobserved_week"":3}"
UKR,f2db5a970558fea2477e,2025-12-15,2025,51,2022,51,False,2022-12-05,2023-01-08,5,5,True,287.0,770.0,0.37272727272727274,{}
UKR,f2db5a970558fea2477e,2025-12-15,2025,51,2023,51,False,2023-12-04,2024-01-07,5,5,True,78.0,667.0,0.11694152923538231,{}
UKR,f2db5a970558fea2477e,2025-12-15,2025,51,2024,51,False,2024-12-02,2025-01-05,5,2,False,12.0,227.0,,"{""low_testing"":2,""not_strictly_prior_target_iso_year"":1}"
UKR,f2db5a970558fea2477e,2025-12-22,2025,52,2020,52,False,2020-12-07,2021-01-10,5,0,False,,,,"{""unobserved_week"":5}"
UKR,f2db5a970558fea2477e,2025-12-22,2025,52,2021,52,False,2021-12-13,2022-01-16,5,1,False,9.0,116.0,,"{""low_testing"":2,""unobserved_week"":2}"
UKR,f2db5a970558fea2477e,2025-12-22,2025,52,2022,52,False,2022-12-12,2023-01-15,5,5,True,302.0,777.0,0.3886743886743887,{}
UKR,f2db5a970558fea2477e,2025-12-22,2025,52,2023,52,False,2023-12-11,2024-01-14,5,5,True,108.0,701.0,0.15406562054208273,{}
UKR,f2db5a970558fea2477e,2025-12-22,2025,52,2024,52,False,2024-12-09,2025-01-12,5,2,False,12.0,227.0,,"{""low_testing"":1,""not_strictly_prior_target_iso_year"":2}"
UKR,f2db5a970558fea2477e,2025-12-29,2026,1,2021,1,False,2020-12-21,2021-01-24,5,0,False,,,,"{""unobserved_week"":5}"
UKR,f2db5a970558fea2477e,2025-12-29,2026,1,2022,1,False,2021-12-20,2022-01-23,5,2,False,19.0,240.0,,"{""low_testing"":2,""unobserved_week"":1}"
UKR,f2db5a970558fea2477e,2025-12-29,2026,1,2023,1,False,2022-12-19,2023-01-22,5,5,True,288.0,797.0,0.3613550815558344,{}
UKR,f2db5a970558fea2477e,2025-12-29,2026,1,2024,1,False,2023-12-18,2024-01-21,5,5,True,152.0,750.0,0.20266666666666666,{}
UKR,f2db5a970558fea2477e,2025-12-29,2026,1,2025,1,False,2024-12-16,2025-01-19,5,3,False,61.0,397.0,,"{""low_testing"":2}"
UKR,f2db5a970558fea2477e,2026-01-05,2026,2,2021,2,False,2020-12-28,2021-01-31,5,0,False,,,,"{""low_testing"":1,""unobserved_week"":4}"
UKR,f2db5a970558fea2477e,2026-01-05,2026,2,2022,2,False,2021-12-27,2022-01-30,5,3,False,21.0,366.0,,"{""low_testing"":2}"
UKR,f2db5a970558fea2477e,2026-01-05,2026,2,2023,2,False,2022-12-26,2023-01-29,5,5,True,265.0,756.0,0.3505291005291005,{}
UKR,f2db5a970558fea2477e,2026-01-05,2026,2,2024,2,False,2023-12-25,2024-01-28,5,5,True,201.0,806.0,0.24937965260545905,{}
UKR,f2db5a970558fea2477e,2026-01-05,2026,2,2025,2,False,2024-12-23,2025-01-26,5,3,False,103.0,434.0,,"{""low_testing"":2}"
UKR,f2db5a970558fea2477e,2026-01-12,2026,3,2021,3,False,2021-01-04,2021-02-07,5,0,False,,,,"{""low_testing"":2,""unobserved_week"":3}"
UKR,f2db5a970558fea2477e,2026-01-12,2026,3,2022,3,False,2022-01-03,2022-02-06,5,4,True,26.0,485.0,0.05360824742268041,"{""low_testing"":1}"
UKR,f2db5a970558fea2477e,2026-01-12,2026,3,2023,3,False,2023-01-02,2023-02-05,5,5,True,257.0,759.0,0.3386034255599473,{}
UKR,f2db5a970558fea2477e,2026-01-12,2026,3,2024,3,False,2024-01-01,2024-02-04,5,5,True,298.0,905.0,0.3292817679558011,{}
UKR,f2db5a970558fea2477e,2026-01-12,2026,3,2025,3,False,2024-12-30,2025-02-02,5,4,True,181.0,625.0,0.2896,"{""low_testing"":1}"
UKR,f2db5a970558fea2477e,2026-01-19,2026,4,2021,4,False,2021-01-11,2021-02-14,5,0,False,,,,"{""low_testing"":2,""unobserved_week"":3}"
UKR,f2db5a970558fea2477e,2026-01-19,2026,4,2022,4,False,2022-01-10,2022-02-13,5,4,True,26.0,485.0,0.05360824742268041,"{""unobserved_week"":1}"
UKR,f2db5a970558fea2477e,2026-01-19,2026,4,2023,4,False,2023-01-09,2023-02-12,5,5,True,255.0,757.0,0.3368560105680317,{}
UKR,f2db5a970558fea2477e,2026-01-19,2026,4,2024,4,False,2024-01-08,2024-02-11,5,5,True,342.0,986.0,0.34685598377281945,{}
UKR,f2db5a970558fea2477e,2026-01-19,2026,4,2025,4,False,2025-01-06,2025-02-09,5,5,True,257.0,800.0,0.32125,{}
UKR,f2db5a970558fea2477e,2026-01-26,2026,5,2021,5,False,2021-01-18,2021-02-21,5,0,False,,,,"{""low_testing"":2,""unobserved_week"":3}"
UKR,f2db5a970558fea2477e,2026-01-26,2026,5,2022,5,False,2022-01-17,2022-02-20,5,3,False,17.0,369.0,,"{""low_testing"":1,""unobserved_week"":1}"
UKR,f2db5a970558fea2477e,2026-01-26,2026,5,2023,5,False,2023-01-16,2023-02-19,5,5,True,265.0,777.0,0.3410553410553411,{}
UKR,f2db5a970558fea2477e,2026-01-26,2026,5,2024,5,False,2024-01-15,2024-02-18,5,5,True,372.0,1005.0,0.3701492537313433,{}
UKR,f2db5a970558fea2477e,2026-01-26,2026,5,2025,5,False,2025-01-13,2025-02-16,5,5,True,326.0,864.0,0.3773148148148148,{}
UKR,f2db5a970558fea2477e,2026-02-02,2026,6,2021,6,False,2021-01-25,2021-02-28,5,0,False,,,,"{""low_testing"":3,""unobserved_week"":2}"
UKR,f2db5a970558fea2477e,2026-02-02,2026,6,2022,6,False,2022-01-24,2022-02-27,5,2,False,7.0,245.0,,"{""low_testing"":2,""unobserved_week"":1}"
UKR,f2db5a970558fea2477e,2026-02-02,2026,6,2023,6,False,2023-01-23,2023-02-26,5,5,True,268.0,764.0,0.3507853403141361,{}
UKR,f2db5a970558fea2477e,2026-02-02,2026,6,2024,6,False,2024-01-22,2024-02-25,5,5,True,362.0,979.0,0.36976506639427986,{}
UKR,f2db5a970558fea2477e,2026-02-02,2026,6,2025,6,False,2025-01-20,2025-02-23,5,5,True,417.0,922.0,0.4522776572668113,{}
UKR,f2db5a970558fea2477e,2026-02-09,2026,7,2021,7,False,2021-02-01,2021-03-07,5,0,False,,,,"{""low_testing"":3,""unobserved_week"":2}"
UKR,f2db5a970558fea2477e,2026-02-09,2026,7,2022,7,False,2022-01-31,2022-03-06,5,1,False,5.0,119.0,,"{""low_testing"":2,""unobserved_week"":2}"
UKR,f2db5a970558fea2477e,2026-02-09,2026,7,2023,7,False,2023-01-30,2023-03-05,5,5,True,271.0,761.0,0.35611038107752957,{}
UKR,f2db5a970558fea2477e,2026-02-09,2026,7,2024,7,False,2024-01-29,2024-03-03,5,5,True,339.0,920.0,0.3684782608695652,{}
UKR,f2db5a970558fea2477e,2026-02-09,2026,7,2025,7,False,2025-01-27,2025-03-02,5,5,True,470.0,976.0,0.48155737704918034,{}
UKR,f2db5a970558fea2477e,2026-02-16,2026,8,2021,8,False,2021-02-08,2021-03-14,5,0,False,,,,"{""low_testing"":2,""unobserved_week"":3}"
UKR,f2db5a970558fea2477e,2026-02-16,2026,8,2022,8,False,2022-02-07,2022-03-13,5,0,False,,,,"{""low_testing"":3,""unobserved_week"":2}"
UKR,f2db5a970558fea2477e,2026-02-16,2026,8,2023,8,False,2023-02-06,2023-03-12,5,5,True,247.0,745.0,0.3315436241610738,{}
UKR,f2db5a970558fea2477e,2026-02-16,2026,8,2024,8,False,2024-02-05,2024-03-10,5,5,True,252.0,827.0,0.3047158403869408,{}
UKR,f2db5a970558fea2477e,2026-02-16,2026,8,2025,8,False,2025-02-03,2025-03-09,5,5,True,499.0,975.0,0.5117948717948718,{}
UKR,f2db5a970558fea2477e,2026-02-23,2026,9,2021,9,False,2021-02-15,2021-03-21,5,0,False,,,,"{""low_testing"":3,""unobserved_week"":2}"
UKR,f2db5a970558fea2477e,2026-02-23,2026,9,2022,9,False,2022-02-14,2022-03-20,5,0,False,,,,"{""low_testing"":3,""unobserved_week"":2}"
UKR,f2db5a970558fea2477e,2026-02-23,2026,9,2023,9,False,2023-02-13,2023-03-19,5,5,True,219.0,740.0,0.2959459459459459,{}
UKR,f2db5a970558fea2477e,2026-02-23,2026,9,2024,9,False,2024-02-12,2024-03-17,5,5,True,198.0,758.0,0.2612137203166227,{}
UKR,f2db5a970558fea2477e,2026-02-23,2026,9,2025,9,False,2025-02-10,2025-03-16,5,5,True,514.0,983.0,0.5228891149542217,{}
UKR,f2db5a970558fea2477e,2026-03-02,2026,10,2021,10,False,2021-02-22,2021-03-28,5,0,False,,,,"{""low_testing"":3,""unobserved_week"":2}"
UKR,f2db5a970558fea2477e,2026-03-02,2026,10,2022,10,False,2022-02-21,2022-03-27,5,0,False,,,,"{""low_testing"":2,""unobserved_week"":3}"
UKR,f2db5a970558fea2477e,2026-03-02,2026,10,2023,10,False,2023-02-20,2023-03-26,5,5,True,183.0,728.0,0.25137362637362637,{}
UKR,f2db5a970558fea2477e,2026-03-02,2026,10,2024,10,False,2024-02-19,2024-03-24,5,5,True,168.0,695.0,0.24172661870503598,{}
UKR,f2db5a970558fea2477e,2026-03-02,2026,10,2025,10,False,2025-02-17,2025-03-23,5,5,True,509.0,965.0,0.5274611398963731,{}
UKR,f2db5a970558fea2477e,2026-03-09,2026,11,2021,11,False,2021-03-01,2021-04-04,5,0,False,,,,"{""low_testing"":2,""unobserved_week"":3}"
UKR,f2db5a970558fea2477e,2026-03-09,2026,11,2022,11,False,2022-02-28,2022-04-03,5,0,False,,,,"{""low_testing"":1,""unobserved_week"":4}"
UKR,f2db5a970558fea2477e,2026-03-09,2026,11,2023,11,False,2023-02-27,2023-04-02,5,5,True,155.0,694.0,0.22334293948126802,{}
UKR,f2db5a970558fea2477e,2026-03-09,2026,11,2024,11,False,2024-02-26,2024-03-31,5,5,True,146.0,655.0,0.22290076335877862,{}
UKR,f2db5a970558fea2477e,2026-03-09,2026,11,2025,11,False,2025-02-24,2025-03-30,5,5,True,454.0,905.0,0.5016574585635359,{}
UKR,f2db5a970558fea2477e,2026-03-16,2026,12,2021,12,False,2021-03-08,2021-04-11,5,1,False,2.0,176.0,,"{""low_testing"":1,""unobserved_week"":3}"
UKR,f2db5a970558fea2477e,2026-03-16,2026,12,2022,12,False,2022-03-07,2022-04-10,5,0,False,,,,"{""low_testing"":1,""unobserved_week"":4}"
UKR,f2db5a970558fea2477e,2026-03-16,2026,12,2023,12,False,2023-03-06,2023-04-09,5,5,True,126.0,674.0,0.18694362017804153,{}
UKR,f2db5a970558fea2477e,2026-03-16,2026,12,2024,12,False,2024-03-04,2024-04-07,5,5,True,126.0,644.0,0.1956521739130435,{}
UKR,f2db5a970558fea2477e,2026-03-16,2026,12,2025,12,False,2025-03-03,2025-04-06,5,5,True,373.0,827.0,0.45102781136638453,{}
UKR,f2db5a970558fea2477e,2026-03-23,2026,13,2021,13,False,2021-03-15,2021-04-18,5,2,False,6.0,349.0,,"{""low_testing"":1,""unobserved_week"":2}"
UKR,f2db5a970558fea2477e,2026-03-23,2026,13,2022,13,False,2022-03-14,2022-04-17,5,0,False,,,,"{""unobserved_week"":5}"
UKR,f2db5a970558fea2477e,2026-03-23,2026,13,2023,13,False,2023-03-13,2023-04-16,5,5,True,103.0,665.0,0.1548872180451128,{}
UKR,f2db5a970558fea2477e,2026-03-23,2026,13,2024,13,False,2024-03-11,2024-04-14,5,4,True,103.0,507.0,0.20315581854043394,"{""unobserved_week"":1}"
UKR,f2db5a970558fea2477e,2026-03-23,2026,13,2025,13,False,2025-03-10,2025-04-13,5,5,True,295.0,754.0,0.3912466843501326,{}
UKR,f2db5a970558fea2477e,2026-03-30,2026,14,2021,14,False,2021-03-22,2021-04-25,5,2,False,6.0,349.0,,"{""unobserved_week"":3}"
UKR,f2db5a970558fea2477e,2026-03-30,2026,14,2022,14,False,2022-03-21,2022-04-24,5,0,False,,,,"{""low_testing"":1,""unobserved_week"":4}"
UKR,f2db5a970558fea2477e,2026-03-30,2026,14,2023,14,False,2023-03-20,2023-04-23,5,5,True,80.0,652.0,0.12269938650306748,{}
UKR,f2db5a970558fea2477e,2026-03-30,2026,14,2024,14,False,2024-03-18,2024-04-21,5,3,False,76.0,369.0,,"{""low_testing"":1,""unobserved_week"":1}"
UKR,f2db5a970558fea2477e,2026-03-30,2026,14,2025,14,False,2025-03-17,2025-04-20,5,5,True,225.0,693.0,0.3246753246753247,{}
UKR,f2db5a970558fea2477e,2026-04-06,2026,15,2021,15,False,2021-03-29,2021-05-02,5,2,False,6.0,349.0,,"{""unobserved_week"":3}"
UKR,f2db5a970558fea2477e,2026-04-06,2026,15,2022,15,False,2022-03-28,2022-05-01,5,0,False,,,,"{""low_testing"":1,""unobserved_week"":4}"
UKR,f2db5a970558fea2477e,2026-04-06,2026,15,2023,15,False,2023-03-27,2023-04-30,5,5,True,77.0,637.0,0.12087912087912088,{}
UKR,f2db5a970558fea2477e,2026-04-06,2026,15,2024,15,False,2024-03-25,2024-04-28,5,2,False,42.0,241.0,,"{""low_testing"":2,""unobserved_week"":1}"
UKR,f2db5a970558fea2477e,2026-04-06,2026,15,2025,15,False,2025-03-24,2025-04-27,5,5,True,146.0,628.0,0.23248407643312102,{}
UKR,f2db5a970558fea2477e,2026-04-13,2026,16,2021,16,False,2021-04-05,2021-05-09,5,2,False,6.0,349.0,,"{""unobserved_week"":3}"
UKR,f2db5a970558fea2477e,2026-04-13,2026,16,2022,16,False,2022-04-04,2022-05-08,5,0,False,,,,"{""low_testing"":2,""unobserved_week"":3}"
UKR,f2db5a970558fea2477e,2026-04-13,2026,16,2023,16,False,2023-04-03,2023-05-07,5,5,True,60.0,637.0,0.09419152276295134,{}
UKR,f2db5a970558fea2477e,2026-04-13,2026,16,2024,16,False,2024-04-01,2024-05-05,5,1,False,24.0,131.0,,"{""low_testing"":3,""unobserved_week"":1}"
UKR,f2db5a970558fea2477e,2026-04-13,2026,16,2025,16,False,2025-03-31,2025-05-04,5,5,True,97.0,594.0,0.1632996632996633,{}
UKR,f2db5a970558fea2477e,2026-04-20,2026,17,2021,17,False,2021-04-12,2021-05-16,5,1,False,4.0,173.0,,"{""unobserved_week"":4}"
UKR,f2db5a970558fea2477e,2026-04-20,2026,17,2022,17,False,2022-04-11,2022-05-15,5,0,False,,,,"{""low_testing"":2,""unobserved_week"":3}"
UKR,f2db5a970558fea2477e,2026-04-20,2026,17,2023,17,False,2023-04-10,2023-05-14,5,4,True,42.0,507.0,0.08284023668639054,"{""low_testing"":1}"
UKR,f2db5a970558fea2477e,2026-04-20,2026,17,2024,17,False,2024-04-08,2024-05-12,5,0,False,,,,"{""low_testing"":4,""unobserved_week"":1}"
UKR,f2db5a970558fea2477e,2026-04-20,2026,17,2025,17,False,2025-04-07,2025-05-11,5,5,True,86.0,587.0,0.1465076660988075,{}
UKR,f2db5a970558fea2477e,2026-04-27,2026,18,2021,18,False,2021-04-19,2021-05-23,5,0,False,,,,"{""unobserved_week"":5}"
UKR,f2db5a970558fea2477e,2026-04-27,2026,18,2022,18,False,2022-04-18,2022-05-22,5,0,False,,,,"{""low_testing"":2,""unobserved_week"":3}"
UKR,f2db5a970558fea2477e,2026-04-27,2026,18,2023,18,False,2023-04-17,2023-05-21,5,3,False,30.0,384.0,,"{""low_testing"":2}"
UKR,f2db5a970558fea2477e,2026-04-27,2026,18,2024,18,False,2024-04-15,2024-05-19,5,0,False,,,,"{""low_testing"":5}"
UKR,f2db5a970558fea2477e,2026-04-27,2026,18,2025,18,False,2025-04-14,2025-05-18,5,4,True,57.0,470.0,0.12127659574468085,"{""low_testing"":1}"
UKR,f2db5a970558fea2477e,2026-05-04,2026,19,2021,19,False,2021-04-26,2021-05-30,5,0,False,,,,"{""unobserved_week"":5}"
UKR,f2db5a970558fea2477e,2026-05-04,2026,19,2022,19,False,2022-04-25,2022-05-29,5,0,False,,,,"{""low_testing"":1,""unobserved_week"":4}"
UKR,f2db5a970558fea2477e,2026-05-04,2026,19,2023,19,False,2023-04-24,2023-05-28,5,3,False,36.0,362.0,,"{""low_testing"":2}"
UKR,f2db5a970558fea2477e,2026-05-04,2026,19,2024,19,False,2024-04-22,2024-05-26,5,0,False,,,,"{""low_testing"":5}"
UKR,f2db5a970558fea2477e,2026-05-04,2026,19,2025,19,False,2025-04-21,2025-05-25,5,4,True,43.0,453.0,0.09492273730684327,"{""low_testing"":1}"
UKR,f2db5a970558fea2477e,2026-05-11,2026,20,2021,20,False,2021-05-03,2021-06-06,5,0,False,,,,"{""unobserved_week"":5}"
UKR,f2db5a970558fea2477e,2026-05-11,2026,20,2022,20,False,2022-05-02,2022-06-05,5,0,False,,,,"{""low_testing"":1,""unobserved_week"":4}"
UKR,f2db5a970558fea2477e,2026-05-11,2026,20,2023,20,False,2023-05-01,2023-06-04,5,3,False,18.0,347.0,,"{""low_testing"":2}"
UKR,f2db5a970558fea2477e,2026-05-11,2026,20,2024,20,False,2024-04-29,2024-06-02,5,0,False,,,,"{""low_testing"":5}"
UKR,f2db5a970558fea2477e,2026-05-11,2026,20,2025,20,False,2025-04-28,2025-06-01,5,4,True,28.0,441.0,0.06349206349206349,"{""low_testing"":1}"
UKR,f2db5a970558fea2477e,2026-05-18,2026,21,2021,21,False,2021-05-10,2021-06-13,5,0,False,,,,"{""unobserved_week"":5}"
UKR,f2db5a970558fea2477e,2026-05-18,2026,21,2022,21,False,2022-05-09,2022-06-12,5,0,False,,,,"{""unobserved_week"":5}"
UKR,f2db5a970558fea2477e,2026-05-18,2026,21,2023,21,False,2023-05-08,2023-06-11,5,3,False,15.0,324.0,,"{""low_testing"":2}"
UKR,f2db5a970558fea2477e,2026-05-18,2026,21,2024,21,False,2024-05-06,2024-06-09,5,0,False,,,,"{""low_testing"":5}"
UKR,f2db5a970558fea2477e,2026-05-18,2026,21,2025,21,False,2025-05-05,2025-06-08,5,3,False,23.0,332.0,,"{""low_testing"":2}"
UKR,f2db5a970558fea2477e,2026-05-25,2026,22,2021,22,False,2021-05-17,2021-06-20,5,0,False,,,,"{""unobserved_week"":5}"
UKR,f2db5a970558fea2477e,2026-05-25,2026,22,2022,22,False,2022-05-16,2022-06-19,5,0,False,,,,"{""unobserved_week"":5}"
UKR,f2db5a970558fea2477e,2026-05-25,2026,22,2023,22,False,2023-05-15,2023-06-18,5,3,False,15.0,324.0,,"{""low_testing"":2}"
UKR,f2db5a970558fea2477e,2026-05-25,2026,22,2024,22,False,2024-05-13,2024-06-16,5,0,False,,,,"{""low_testing"":5}"
UKR,f2db5a970558fea2477e,2026-05-25,2026,22,2025,22,False,2025-05-12,2025-06-15,5,2,False,8.0,212.0,,"{""low_testing"":3}"
UKR,f2db5a970558fea2477e,2026-06-01,2026,23,2021,23,False,2021-05-24,2021-06-27,5,0,False,,,,"{""unobserved_week"":5}"
UKR,f2db5a970558fea2477e,2026-06-01,2026,23,2022,23,False,2022-05-23,2022-06-26,5,0,False,,,,"{""unobserved_week"":5}"
UKR,f2db5a970558fea2477e,2026-06-01,2026,23,2023,23,False,2023-05-22,2023-06-25,5,3,False,15.0,324.0,,"{""low_testing"":2}"
UKR,f2db5a970558fea2477e,2026-06-01,2026,23,2024,23,False,2024-05-20,2024-06-23,5,0,False,,,,"{""low_testing"":5}"
UKR,f2db5a970558fea2477e,2026-06-01,2026,23,2025,23,False,2025-05-19,2025-06-22,5,2,False,8.0,212.0,,"{""low_testing"":3}"
UKR,f2db5a970558fea2477e,2026-06-08,2026,24,2021,24,False,2021-05-31,2021-07-04,5,0,False,,,,"{""unobserved_week"":5}"
UKR,f2db5a970558fea2477e,2026-06-08,2026,24,2022,24,False,2022-05-30,2022-07-03,5,0,False,,,,"{""unobserved_week"":5}"
UKR,f2db5a970558fea2477e,2026-06-08,2026,24,2023,24,False,2023-05-29,2023-07-02,5,2,False,4.0,217.0,,"{""low_testing"":2,""unobserved_week"":1}"
UKR,f2db5a970558fea2477e,2026-06-08,2026,24,2024,24,False,2024-05-27,2024-06-30,5,0,False,,,,"{""low_testing"":5}"
UKR,f2db5a970558fea2477e,2026-06-08,2026,24,2025,24,False,2025-05-26,2025-06-29,5,1,False,1.0,107.0,,"{""low_testing"":4}"
UKR,f2db5a970558fea2477e,2026-06-15,2026,25,2021,25,False,2021-06-07,2021-07-11,5,0,False,,,,"{""unobserved_week"":5}"
UKR,f2db5a970558fea2477e,2026-06-15,2026,25,2022,25,False,2022-06-06,2022-07-10,5,0,False,,,,"{""unobserved_week"":5}"
UKR,f2db5a970558fea2477e,2026-06-15,2026,25,2023,25,False,2023-06-05,2023-07-09,5,1,False,3.0,107.0,,"{""low_testing"":3,""unobserved_week"":1}"
UKR,f2db5a970558fea2477e,2026-06-15,2026,25,2024,25,False,2024-06-03,2024-07-07,5,0,False,,,,"{""low_testing"":5}"
UKR,f2db5a970558fea2477e,2026-06-15,2026,25,2025,25,False,2025-06-02,2025-07-06,5,0,False,,,,"{""low_testing"":4,""unobserved_week"":1}"
UKR,f2db5a970558fea2477e,2026-06-22,2026,26,2021,26,False,2021-06-14,2021-07-18,5,0,False,,,,"{""unobserved_week"":5}"
UKR,f2db5a970558fea2477e,2026-06-22,2026,26,2022,26,False,2022-06-13,2022-07-17,5,0,False,,,,"{""unobserved_week"":5}"
UKR,f2db5a970558fea2477e,2026-06-22,2026,26,2023,26,False,2023-06-12,2023-07-16,5,0,False,,,,"{""low_testing"":4,""unobserved_week"":1}"
UKR,f2db5a970558fea2477e,2026-06-22,2026,26,2024,26,False,2024-06-10,2024-07-14,5,0,False,,,,"{""low_testing"":5}"
UKR,f2db5a970558fea2477e,2026-06-22,2026,26,2025,26,False,2025-06-09,2025-07-13,5,0,False,,,,"{""low_testing"":4,""unobserved_week"":1}"
UKR,f2db5a970558fea2477e,2026-06-29,2026,27,2021,27,False,2021-06-21,2021-07-25,5,0,False,,,,"{""unobserved_week"":5}"
UKR,f2db5a970558fea2477e,2026-06-29,2026,27,2022,27,False,2022-06-20,2022-07-24,5,0,False,,,,"{""unobserved_week"":5}"
UKR,f2db5a970558fea2477e,2026-06-29,2026,27,2023,27,False,2023-06-19,2023-07-23,5,0,False,,,,"{""low_testing"":3,""unobserved_week"":2}"
UKR,f2db5a970558fea2477e,2026-06-29,2026,27,2024,27,False,2024-06-17,2024-07-21,5,0,False,,,,"{""low_testing"":5}"
UKR,f2db5a970558fea2477e,2026-06-29,2026,27,2025,27,False,2025-06-16,2025-07-20,5,0,False,,,,"{""low_testing"":4,""unobserved_week"":1}"
UKR,f2db5a970558fea2477e,2026-07-06,2026,28,2021,28,False,2021-06-28,2021-08-01,5,0,False,,,,"{""unobserved_week"":5}"
UKR,f2db5a970558fea2477e,2026-07-06,2026,28,2022,28,False,2022-06-27,2022-07-31,5,0,False,,,,"{""unobserved_week"":5}"
UKR,f2db5a970558fea2477e,2026-07-06,2026,28,2023,28,False,2023-06-26,2023-07-30,5,0,False,,,,"{""low_testing"":2,""unobserved_week"":3}"
UKR,f2db5a970558fea2477e,2026-07-06,2026,28,2024,28,False,2024-06-24,2024-07-28,5,0,False,,,,"{""low_testing"":5}"
UKR,f2db5a970558fea2477e,2026-07-06,2026,28,2025,28,False,2025-06-23,2025-07-27,5,0,False,,,,"{""low_testing"":4,""unobserved_week"":1}"
UKR,f2db5a970558fea2477e,2026-07-13,2026,29,2021,29,False,2021-07-05,2021-08-08,5,0,False,,,,"{""unobserved_week"":5}"
UKR,f2db5a970558fea2477e,2026-07-13,2026,29,2022,29,False,2022-07-04,2022-08-07,5,0,False,,,,"{""unobserved_week"":5}"
UKR,f2db5a970558fea2477e,2026-07-13,2026,29,2023,29,False,2023-07-03,2023-08-06,5,0,False,,,,"{""low_testing"":2,""unobserved_week"":3}"
UKR,f2db5a970558fea2477e,2026-07-13,2026,29,2024,29,False,2024-07-01,2024-08-04,5,0,False,,,,"{""low_testing"":5}"
UKR,f2db5a970558fea2477e,2026-07-13,2026,29,2025,29,False,2025-06-30,2025-08-03,5,0,False,,,,"{""low_testing"":4,""unobserved_week"":1}"
UKR,f2db5a970558fea2477e,2026-07-20,2026,30,2021,30,False,2021-07-12,2021-08-15,5,0,False,,,,"{""unobserved_week"":5}"
UKR,f2db5a970558fea2477e,2026-07-20,2026,30,2022,30,False,2022-07-11,2022-08-14,5,0,False,,,,"{""unobserved_week"":5}"
UKR,f2db5a970558fea2477e,2026-07-20,2026,30,2023,30,False,2023-07-10,2023-08-13,5,0,False,,,,"{""low_testing"":1,""unobserved_week"":4}"
UKR,f2db5a970558fea2477e,2026-07-20,2026,30,2024,30,False,2024-07-08,2024-08-11,5,0,False,,,,"{""low_testing"":5}"
UKR,f2db5a970558fea2477e,2026-07-20,2026,30,2025,30,False,2025-07-07,2025-08-10,5,0,False,,,,"{""low_testing"":5}"
UKR,f2db5a970558fea2477e,2026-07-27,2026,31,2021,31,False,2021-07-19,2021-08-22,5,0,False,,,,"{""unobserved_week"":5}"
UKR,f2db5a970558fea2477e,2026-07-27,2026,31,2022,31,False,2022-07-18,2022-08-21,5,0,False,,,,"{""unobserved_week"":5}"
UKR,f2db5a970558fea2477e,2026-07-27,2026,31,2023,31,False,2023-07-17,2023-08-20,5,0,False,,,,"{""unobserved_week"":5}"
UKR,f2db5a970558fea2477e,2026-07-27,2026,31,2024,31,False,2024-07-15,2024-08-18,5,0,False,,,,"{""low_testing"":5}"
UKR,f2db5a970558fea2477e,2026-07-27,2026,31,2025,31,False,2025-07-14,2025-08-17,5,0,False,,,,"{""low_testing"":5}"
UKR,f2db5a970558fea2477e,2026-08-03,2026,32,2021,32,False,2021-07-26,2021-08-29,5,0,False,,,,"{""unobserved_week"":5}"
UKR,f2db5a970558fea2477e,2026-08-03,2026,32,2022,32,False,2022-07-25,2022-08-28,5,0,False,,,,"{""unobserved_week"":5}"
UKR,f2db5a970558fea2477e,2026-08-03,2026,32,2023,32,False,2023-07-24,2023-08-27,5,0,False,,,,"{""unobserved_week"":5}"
UKR,f2db5a970558fea2477e,2026-08-03,2026,32,2024,32,False,2024-07-22,2024-08-25,5,0,False,,,,"{""low_testing"":5}"
UKR,f2db5a970558fea2477e,2026-08-03,2026,32,2025,32,False,2025-07-21,2025-08-24,5,0,False,,,,"{""low_testing"":5}"
UKR,f2db5a970558fea2477e,2026-08-10,2026,33,2021,33,False,2021-08-02,2021-09-05,5,0,False,,,,"{""unobserved_week"":5}"
UKR,f2db5a970558fea2477e,2026-08-10,2026,33,2022,33,False,2022-08-01,2022-09-04,5,0,False,,,,"{""unobserved_week"":5}"
UKR,f2db5a970558fea2477e,2026-08-10,2026,33,2023,33,False,2023-07-31,2023-09-03,5,0,False,,,,"{""unobserved_week"":5}"
UKR,f2db5a970558fea2477e,2026-08-10,2026,33,2024,33,False,2024-07-29,2024-09-01,5,0,False,,,,"{""low_testing"":5}"
UKR,f2db5a970558fea2477e,2026-08-10,2026,33,2025,33,False,2025-07-28,2025-08-31,5,0,False,,,,"{""low_testing"":5}"
UKR,f2db5a970558fea2477e,2026-08-17,2026,34,2021,34,False,2021-08-09,2021-09-12,5,0,False,,,,"{""unobserved_week"":5}"
UKR,f2db5a970558fea2477e,2026-08-17,2026,34,2022,34,False,2022-08-08,2022-09-11,5,0,False,,,,"{""unobserved_week"":5}"
UKR,f2db5a970558fea2477e,2026-08-17,2026,34,2023,34,False,2023-08-07,2023-09-10,5,0,False,,,,"{""unobserved_week"":5}"
UKR,f2db5a970558fea2477e,2026-08-17,2026,34,2024,34,False,2024-08-05,2024-09-08,5,0,False,,,,"{""low_testing"":5}"
UKR,f2db5a970558fea2477e,2026-08-17,2026,34,2025,34,False,2025-08-04,2025-09-07,5,1,False,0.0,104.0,,"{""low_testing"":4}"
YEM,96269d5ec187fe58577b,2025-08-25,2025,35,2020,35,False,2020-08-10,2020-09-13,5,0,False,,,,"{""unobserved_week"":5}"
YEM,96269d5ec187fe58577b,2025-08-25,2025,35,2021,35,False,2021-08-16,2021-09-19,5,0,False,,,,"{""unobserved_week"":5}"
YEM,96269d5ec187fe58577b,2025-08-25,2025,35,2022,35,False,2022-08-15,2022-09-18,5,0,False,,,,"{""unobserved_week"":5}"
YEM,96269d5ec187fe58577b,2025-08-25,2025,35,2023,35,False,2023-08-14,2023-09-17,5,0,False,,,,"{""unobserved_week"":5}"
YEM,96269d5ec187fe58577b,2025-08-25,2025,35,2024,35,False,2024-08-12,2024-09-15,5,0,False,,,,"{""unobserved_week"":5}"
YEM,96269d5ec187fe58577b,2025-09-01,2025,36,2020,36,False,2020-08-17,2020-09-20,5,0,False,,,,"{""unobserved_week"":5}"
YEM,96269d5ec187fe58577b,2025-09-01,2025,36,2021,36,False,2021-08-23,2021-09-26,5,0,False,,,,"{""unobserved_week"":5}"
YEM,96269d5ec187fe58577b,2025-09-01,2025,36,2022,36,False,2022-08-22,2022-09-25,5,0,False,,,,"{""unobserved_week"":5}"
YEM,96269d5ec187fe58577b,2025-09-01,2025,36,2023,36,False,2023-08-21,2023-09-24,5,0,False,,,,"{""unobserved_week"":5}"
YEM,96269d5ec187fe58577b,2025-09-01,2025,36,2024,36,False,2024-08-19,2024-09-22,5,0,False,,,,"{""unobserved_week"":5}"
YEM,96269d5ec187fe58577b,2025-09-08,2025,37,2020,37,False,2020-08-24,2020-09-27,5,0,False,,,,"{""unobserved_week"":5}"
YEM,96269d5ec187fe58577b,2025-09-08,2025,37,2021,37,False,2021-08-30,2021-10-03,5,0,False,,,,"{""unobserved_week"":5}"
YEM,96269d5ec187fe58577b,2025-09-08,2025,37,2022,37,False,2022-08-29,2022-10-02,5,0,False,,,,"{""unobserved_week"":5}"
YEM,96269d5ec187fe58577b,2025-09-08,2025,37,2023,37,False,2023-08-28,2023-10-01,5,0,False,,,,"{""unobserved_week"":5}"
YEM,96269d5ec187fe58577b,2025-09-08,2025,37,2024,37,False,2024-08-26,2024-09-29,5,0,False,,,,"{""unobserved_week"":5}"
YEM,96269d5ec187fe58577b,2025-09-15,2025,38,2020,38,False,2020-08-31,2020-10-04,5,0,False,,,,"{""unobserved_week"":5}"
YEM,96269d5ec187fe58577b,2025-09-15,2025,38,2021,38,False,2021-09-06,2021-10-10,5,0,False,,,,"{""unobserved_week"":5}"
YEM,96269d5ec187fe58577b,2025-09-15,2025,38,2022,38,False,2022-09-05,2022-10-09,5,0,False,,,,"{""unobserved_week"":5}"
YEM,96269d5ec187fe58577b,2025-09-15,2025,38,2023,38,False,2023-09-04,2023-10-08,5,0,False,,,,"{""unobserved_week"":5}"
YEM,96269d5ec187fe58577b,2025-09-15,2025,38,2024,38,False,2024-09-02,2024-10-06,5,0,False,,,,"{""unobserved_week"":5}"
YEM,96269d5ec187fe58577b,2025-09-22,2025,39,2020,39,False,2020-09-07,2020-10-11,5,0,False,,,,"{""unobserved_week"":5}"
YEM,96269d5ec187fe58577b,2025-09-22,2025,39,2021,39,False,2021-09-13,2021-10-17,5,0,False,,,,"{""unobserved_week"":5}"
YEM,96269d5ec187fe58577b,2025-09-22,2025,39,2022,39,False,2022-09-12,2022-10-16,5,0,False,,,,"{""unobserved_week"":5}"
YEM,96269d5ec187fe58577b,2025-09-22,2025,39,2023,39,False,2023-09-11,2023-10-15,5,0,False,,,,"{""unobserved_week"":5}"
YEM,96269d5ec187fe58577b,2025-09-22,2025,39,2024,39,False,2024-09-09,2024-10-13,5,0,False,,,,"{""unobserved_week"":5}"
YEM,96269d5ec187fe58577b,2025-09-29,2025,40,2020,40,False,2020-09-14,2020-10-18,5,0,False,,,,"{""unobserved_week"":5}"
YEM,96269d5ec187fe58577b,2025-09-29,2025,40,2021,40,False,2021-09-20,2021-10-24,5,0,False,,,,"{""unobserved_week"":5}"
YEM,96269d5ec187fe58577b,2025-09-29,2025,40,2022,40,False,2022-09-19,2022-10-23,5,0,False,,,,"{""unobserved_week"":5}"
YEM,96269d5ec187fe58577b,2025-09-29,2025,40,2023,40,False,2023-09-18,2023-10-22,5,0,False,,,,"{""unobserved_week"":5}"
YEM,96269d5ec187fe58577b,2025-09-29,2025,40,2024,40,False,2024-09-16,2024-10-20,5,0,False,,,,"{""unobserved_week"":5}"
YEM,96269d5ec187fe58577b,2025-10-06,2025,41,2020,41,False,2020-09-21,2020-10-25,5,0,False,,,,"{""unobserved_week"":5}"
YEM,96269d5ec187fe58577b,2025-10-06,2025,41,2021,41,False,2021-09-27,2021-10-31,5,0,False,,,,"{""unobserved_week"":5}"
YEM,96269d5ec187fe58577b,2025-10-06,2025,41,2022,41,False,2022-09-26,2022-10-30,5,0,False,,,,"{""unobserved_week"":5}"
YEM,96269d5ec187fe58577b,2025-10-06,2025,41,2023,41,False,2023-09-25,2023-10-29,5,0,False,,,,"{""unobserved_week"":5}"
YEM,96269d5ec187fe58577b,2025-10-06,2025,41,2024,41,False,2024-09-23,2024-10-27,5,0,False,,,,"{""unobserved_week"":5}"
YEM,96269d5ec187fe58577b,2025-10-13,2025,42,2020,42,False,2020-09-28,2020-11-01,5,0,False,,,,"{""unobserved_week"":5}"
YEM,96269d5ec187fe58577b,2025-10-13,2025,42,2021,42,False,2021-10-04,2021-11-07,5,0,False,,,,"{""unobserved_week"":5}"
YEM,96269d5ec187fe58577b,2025-10-13,2025,42,2022,42,False,2022-10-03,2022-11-06,5,0,False,,,,"{""unobserved_week"":5}"
YEM,96269d5ec187fe58577b,2025-10-13,2025,42,2023,42,False,2023-10-02,2023-11-05,5,0,False,,,,"{""unobserved_week"":5}"
YEM,96269d5ec187fe58577b,2025-10-13,2025,42,2024,42,False,2024-09-30,2024-11-03,5,0,False,,,,"{""unobserved_week"":5}"
YEM,96269d5ec187fe58577b,2025-10-20,2025,43,2020,43,False,2020-10-05,2020-11-08,5,0,False,,,,"{""unobserved_week"":5}"
YEM,96269d5ec187fe58577b,2025-10-20,2025,43,2021,43,False,2021-10-11,2021-11-14,5,0,False,,,,"{""unobserved_week"":5}"
YEM,96269d5ec187fe58577b,2025-10-20,2025,43,2022,43,False,2022-10-10,2022-11-13,5,0,False,,,,"{""unobserved_week"":5}"
YEM,96269d5ec187fe58577b,2025-10-20,2025,43,2023,43,False,2023-10-09,2023-11-12,5,0,False,,,,"{""unobserved_week"":5}"
YEM,96269d5ec187fe58577b,2025-10-20,2025,43,2024,43,False,2024-10-07,2024-11-10,5,0,False,,,,"{""unobserved_week"":5}"
YEM,96269d5ec187fe58577b,2025-10-27,2025,44,2020,44,False,2020-10-12,2020-11-15,5,0,False,,,,"{""unobserved_week"":5}"
YEM,96269d5ec187fe58577b,2025-10-27,2025,44,2021,44,False,2021-10-18,2021-11-21,5,0,False,,,,"{""unobserved_week"":5}"
YEM,96269d5ec187fe58577b,2025-10-27,2025,44,2022,44,False,2022-10-17,2022-11-20,5,0,False,,,,"{""unobserved_week"":5}"
YEM,96269d5ec187fe58577b,2025-10-27,2025,44,2023,44,False,2023-10-16,2023-11-19,5,0,False,,,,"{""unobserved_week"":5}"
YEM,96269d5ec187fe58577b,2025-10-27,2025,44,2024,44,False,2024-10-14,2024-11-17,5,0,False,,,,"{""unobserved_week"":5}"
YEM,96269d5ec187fe58577b,2025-11-03,2025,45,2020,45,False,2020-10-19,2020-11-22,5,0,False,,,,"{""unobserved_week"":5}"
YEM,96269d5ec187fe58577b,2025-11-03,2025,45,2021,45,False,2021-10-25,2021-11-28,5,0,False,,,,"{""unobserved_week"":5}"
YEM,96269d5ec187fe58577b,2025-11-03,2025,45,2022,45,False,2022-10-24,2022-11-27,5,0,False,,,,"{""unobserved_week"":5}"
YEM,96269d5ec187fe58577b,2025-11-03,2025,45,2023,45,False,2023-10-23,2023-11-26,5,0,False,,,,"{""unobserved_week"":5}"
YEM,96269d5ec187fe58577b,2025-11-03,2025,45,2024,45,False,2024-10-21,2024-11-24,5,0,False,,,,"{""low_testing"":1,""unobserved_week"":4}"
YEM,96269d5ec187fe58577b,2025-11-10,2025,46,2020,46,False,2020-10-26,2020-11-29,5,0,False,,,,"{""unobserved_week"":5}"
YEM,96269d5ec187fe58577b,2025-11-10,2025,46,2021,46,False,2021-11-01,2021-12-05,5,0,False,,,,"{""unobserved_week"":5}"
YEM,96269d5ec187fe58577b,2025-11-10,2025,46,2022,46,False,2022-10-31,2022-12-04,5,0,False,,,,"{""unobserved_week"":5}"
YEM,96269d5ec187fe58577b,2025-11-10,2025,46,2023,46,False,2023-10-30,2023-12-03,5,0,False,,,,"{""unobserved_week"":5}"
YEM,96269d5ec187fe58577b,2025-11-10,2025,46,2024,46,False,2024-10-28,2024-12-01,5,0,False,,,,"{""low_testing"":1,""unobserved_week"":4}"
YEM,96269d5ec187fe58577b,2025-11-17,2025,47,2020,47,False,2020-11-02,2020-12-06,5,0,False,,,,"{""unobserved_week"":5}"
YEM,96269d5ec187fe58577b,2025-11-17,2025,47,2021,47,False,2021-11-08,2021-12-12,5,0,False,,,,"{""unobserved_week"":5}"
YEM,96269d5ec187fe58577b,2025-11-17,2025,47,2022,47,False,2022-11-07,2022-12-11,5,0,False,,,,"{""unobserved_week"":5}"
YEM,96269d5ec187fe58577b,2025-11-17,2025,47,2023,47,False,2023-11-06,2023-12-10,5,0,False,,,,"{""unobserved_week"":5}"
YEM,96269d5ec187fe58577b,2025-11-17,2025,47,2024,47,False,2024-11-04,2024-12-08,5,0,False,,,,"{""low_testing"":1,""unobserved_week"":4}"
YEM,96269d5ec187fe58577b,2025-11-24,2025,48,2020,48,False,2020-11-09,2020-12-13,5,0,False,,,,"{""unobserved_week"":5}"
YEM,96269d5ec187fe58577b,2025-11-24,2025,48,2021,48,False,2021-11-15,2021-12-19,5,0,False,,,,"{""unobserved_week"":5}"
YEM,96269d5ec187fe58577b,2025-11-24,2025,48,2022,48,False,2022-11-14,2022-12-18,5,0,False,,,,"{""unobserved_week"":5}"
YEM,96269d5ec187fe58577b,2025-11-24,2025,48,2023,48,False,2023-11-13,2023-12-17,5,0,False,,,,"{""unobserved_week"":5}"
YEM,96269d5ec187fe58577b,2025-11-24,2025,48,2024,48,False,2024-11-11,2024-12-15,5,0,False,,,,"{""low_testing"":1,""unobserved_week"":4}"
YEM,96269d5ec187fe58577b,2025-12-01,2025,49,2020,49,False,2020-11-16,2020-12-20,5,0,False,,,,"{""unobserved_week"":5}"
YEM,96269d5ec187fe58577b,2025-12-01,2025,49,2021,49,False,2021-11-22,2021-12-26,5,0,False,,,,"{""unobserved_week"":5}"
YEM,96269d5ec187fe58577b,2025-12-01,2025,49,2022,49,False,2022-11-21,2022-12-25,5,0,False,,,,"{""unobserved_week"":5}"
YEM,96269d5ec187fe58577b,2025-12-01,2025,49,2023,49,False,2023-11-20,2023-12-24,5,0,False,,,,"{""unobserved_week"":5}"
YEM,96269d5ec187fe58577b,2025-12-01,2025,49,2024,49,False,2024-11-18,2024-12-22,5,0,False,,,,"{""low_testing"":1,""unobserved_week"":4}"
YEM,96269d5ec187fe58577b,2025-12-08,2025,50,2020,50,False,2020-11-23,2020-12-27,5,0,False,,,,"{""unobserved_week"":5}"
YEM,96269d5ec187fe58577b,2025-12-08,2025,50,2021,50,False,2021-11-29,2022-01-02,5,0,False,,,,"{""unobserved_week"":5}"
YEM,96269d5ec187fe58577b,2025-12-08,2025,50,2022,50,False,2022-11-28,2023-01-01,5,0,False,,,,"{""unobserved_week"":5}"
YEM,96269d5ec187fe58577b,2025-12-08,2025,50,2023,50,False,2023-11-27,2023-12-31,5,0,False,,,,"{""unobserved_week"":5}"
YEM,96269d5ec187fe58577b,2025-12-08,2025,50,2024,50,False,2024-11-25,2024-12-29,5,0,False,,,,"{""unobserved_week"":5}"
YEM,96269d5ec187fe58577b,2025-12-15,2025,51,2020,51,False,2020-11-30,2021-01-03,5,0,False,,,,"{""unobserved_week"":5}"
YEM,96269d5ec187fe58577b,2025-12-15,2025,51,2021,51,False,2021-12-06,2022-01-09,5,0,False,,,,"{""unobserved_week"":5}"
YEM,96269d5ec187fe58577b,2025-12-15,2025,51,2022,51,False,2022-12-05,2023-01-08,5,0,False,,,,"{""unobserved_week"":5}"
YEM,96269d5ec187fe58577b,2025-12-15,2025,51,2023,51,False,2023-12-04,2024-01-07,5,0,False,,,,"{""unobserved_week"":5}"
YEM,96269d5ec187fe58577b,2025-12-15,2025,51,2024,51,False,2024-12-02,2025-01-05,5,0,False,,,,"{""not_strictly_prior_target_iso_year"":1,""unobserved_week"":4}"
YEM,96269d5ec187fe58577b,2025-12-22,2025,52,2020,52,False,2020-12-07,2021-01-10,5,0,False,,,,"{""unobserved_week"":5}"
YEM,96269d5ec187fe58577b,2025-12-22,2025,52,2021,52,False,2021-12-13,2022-01-16,5,0,False,,,,"{""unobserved_week"":5}"
YEM,96269d5ec187fe58577b,2025-12-22,2025,52,2022,52,False,2022-12-12,2023-01-15,5,0,False,,,,"{""unobserved_week"":5}"
YEM,96269d5ec187fe58577b,2025-12-22,2025,52,2023,52,False,2023-12-11,2024-01-14,5,0,False,,,,"{""unobserved_week"":5}"
YEM,96269d5ec187fe58577b,2025-12-22,2025,52,2024,52,False,2024-12-09,2025-01-12,5,0,False,,,,"{""not_strictly_prior_target_iso_year"":2,""unobserved_week"":3}"
YEM,96269d5ec187fe58577b,2025-12-29,2026,1,2021,1,False,2020-12-21,2021-01-24,5,0,False,,,,"{""unobserved_week"":5}"
YEM,96269d5ec187fe58577b,2025-12-29,2026,1,2022,1,False,2021-12-20,2022-01-23,5,0,False,,,,"{""unobserved_week"":5}"
YEM,96269d5ec187fe58577b,2025-12-29,2026,1,2023,1,False,2022-12-19,2023-01-22,5,0,False,,,,"{""unobserved_week"":5}"
YEM,96269d5ec187fe58577b,2025-12-29,2026,1,2024,1,False,2023-12-18,2024-01-21,5,0,False,,,,"{""unobserved_week"":5}"
YEM,96269d5ec187fe58577b,2025-12-29,2026,1,2025,1,False,2024-12-16,2025-01-19,5,0,False,,,,"{""unobserved_week"":5}"
YEM,96269d5ec187fe58577b,2026-01-05,2026,2,2021,2,False,2020-12-28,2021-01-31,5,0,False,,,,"{""unobserved_week"":5}"
YEM,96269d5ec187fe58577b,2026-01-05,2026,2,2022,2,False,2021-12-27,2022-01-30,5,0,False,,,,"{""unobserved_week"":5}"
YEM,96269d5ec187fe58577b,2026-01-05,2026,2,2023,2,False,2022-12-26,2023-01-29,5,0,False,,,,"{""unobserved_week"":5}"
YEM,96269d5ec187fe58577b,2026-01-05,2026,2,2024,2,False,2023-12-25,2024-01-28,5,0,False,,,,"{""unobserved_week"":5}"
YEM,96269d5ec187fe58577b,2026-01-05,2026,2,2025,2,False,2024-12-23,2025-01-26,5,0,False,,,,"{""unobserved_week"":5}"
YEM,96269d5ec187fe58577b,2026-01-12,2026,3,2021,3,False,2021-01-04,2021-02-07,5,0,False,,,,"{""unobserved_week"":5}"
YEM,96269d5ec187fe58577b,2026-01-12,2026,3,2022,3,False,2022-01-03,2022-02-06,5,0,False,,,,"{""unobserved_week"":5}"
YEM,96269d5ec187fe58577b,2026-01-12,2026,3,2023,3,False,2023-01-02,2023-02-05,5,0,False,,,,"{""unobserved_week"":5}"
YEM,96269d5ec187fe58577b,2026-01-12,2026,3,2024,3,False,2024-01-01,2024-02-04,5,0,False,,,,"{""unobserved_week"":5}"
YEM,96269d5ec187fe58577b,2026-01-12,2026,3,2025,3,False,2024-12-30,2025-02-02,5,0,False,,,,"{""unobserved_week"":5}"
YEM,96269d5ec187fe58577b,2026-01-19,2026,4,2021,4,False,2021-01-11,2021-02-14,5,0,False,,,,"{""unobserved_week"":5}"
YEM,96269d5ec187fe58577b,2026-01-19,2026,4,2022,4,False,2022-01-10,2022-02-13,5,0,False,,,,"{""unobserved_week"":5}"
YEM,96269d5ec187fe58577b,2026-01-19,2026,4,2023,4,False,2023-01-09,2023-02-12,5,0,False,,,,"{""unobserved_week"":5}"
YEM,96269d5ec187fe58577b,2026-01-19,2026,4,2024,4,False,2024-01-08,2024-02-11,5,0,False,,,,"{""unobserved_week"":5}"
YEM,96269d5ec187fe58577b,2026-01-19,2026,4,2025,4,False,2025-01-06,2025-02-09,5,0,False,,,,"{""unobserved_week"":5}"
YEM,96269d5ec187fe58577b,2026-01-26,2026,5,2021,5,False,2021-01-18,2021-02-21,5,0,False,,,,"{""unobserved_week"":5}"
YEM,96269d5ec187fe58577b,2026-01-26,2026,5,2022,5,False,2022-01-17,2022-02-20,5,0,False,,,,"{""unobserved_week"":5}"
YEM,96269d5ec187fe58577b,2026-01-26,2026,5,2023,5,False,2023-01-16,2023-02-19,5,0,False,,,,"{""unobserved_week"":5}"
YEM,96269d5ec187fe58577b,2026-01-26,2026,5,2024,5,False,2024-01-15,2024-02-18,5,0,False,,,,"{""unobserved_week"":5}"
YEM,96269d5ec187fe58577b,2026-01-26,2026,5,2025,5,False,2025-01-13,2025-02-16,5,0,False,,,,"{""unobserved_week"":5}"
YEM,96269d5ec187fe58577b,2026-02-02,2026,6,2021,6,False,2021-01-25,2021-02-28,5,0,False,,,,"{""unobserved_week"":5}"
YEM,96269d5ec187fe58577b,2026-02-02,2026,6,2022,6,False,2022-01-24,2022-02-27,5,0,False,,,,"{""unobserved_week"":5}"
YEM,96269d5ec187fe58577b,2026-02-02,2026,6,2023,6,False,2023-01-23,2023-02-26,5,0,False,,,,"{""unobserved_week"":5}"
YEM,96269d5ec187fe58577b,2026-02-02,2026,6,2024,6,False,2024-01-22,2024-02-25,5,0,False,,,,"{""unobserved_week"":5}"
YEM,96269d5ec187fe58577b,2026-02-02,2026,6,2025,6,False,2025-01-20,2025-02-23,5,0,False,,,,"{""unobserved_week"":5}"
YEM,96269d5ec187fe58577b,2026-02-09,2026,7,2021,7,False,2021-02-01,2021-03-07,5,0,False,,,,"{""unobserved_week"":5}"
YEM,96269d5ec187fe58577b,2026-02-09,2026,7,2022,7,False,2022-01-31,2022-03-06,5,0,False,,,,"{""unobserved_week"":5}"
YEM,96269d5ec187fe58577b,2026-02-09,2026,7,2023,7,False,2023-01-30,2023-03-05,5,0,False,,,,"{""unobserved_week"":5}"
YEM,96269d5ec187fe58577b,2026-02-09,2026,7,2024,7,False,2024-01-29,2024-03-03,5,0,False,,,,"{""unobserved_week"":5}"
YEM,96269d5ec187fe58577b,2026-02-09,2026,7,2025,7,False,2025-01-27,2025-03-02,5,0,False,,,,"{""unobserved_week"":5}"
YEM,96269d5ec187fe58577b,2026-02-16,2026,8,2021,8,False,2021-02-08,2021-03-14,5,0,False,,,,"{""unobserved_week"":5}"
YEM,96269d5ec187fe58577b,2026-02-16,2026,8,2022,8,False,2022-02-07,2022-03-13,5,0,False,,,,"{""unobserved_week"":5}"
YEM,96269d5ec187fe58577b,2026-02-16,2026,8,2023,8,False,2023-02-06,2023-03-12,5,0,False,,,,"{""unobserved_week"":5}"
YEM,96269d5ec187fe58577b,2026-02-16,2026,8,2024,8,False,2024-02-05,2024-03-10,5,0,False,,,,"{""unobserved_week"":5}"
YEM,96269d5ec187fe58577b,2026-02-16,2026,8,2025,8,False,2025-02-03,2025-03-09,5,0,False,,,,"{""unobserved_week"":5}"
YEM,96269d5ec187fe58577b,2026-02-23,2026,9,2021,9,False,2021-02-15,2021-03-21,5,0,False,,,,"{""unobserved_week"":5}"
YEM,96269d5ec187fe58577b,2026-02-23,2026,9,2022,9,False,2022-02-14,2022-03-20,5,0,False,,,,"{""unobserved_week"":5}"
YEM,96269d5ec187fe58577b,2026-02-23,2026,9,2023,9,False,2023-02-13,2023-03-19,5,0,False,,,,"{""unobserved_week"":5}"
YEM,96269d5ec187fe58577b,2026-02-23,2026,9,2024,9,False,2024-02-12,2024-03-17,5,0,False,,,,"{""unobserved_week"":5}"
YEM,96269d5ec187fe58577b,2026-02-23,2026,9,2025,9,False,2025-02-10,2025-03-16,5,0,False,,,,"{""unobserved_week"":5}"
YEM,96269d5ec187fe58577b,2026-03-02,2026,10,2021,10,False,2021-02-22,2021-03-28,5,0,False,,,,"{""unobserved_week"":5}"
YEM,96269d5ec187fe58577b,2026-03-02,2026,10,2022,10,False,2022-02-21,2022-03-27,5,0,False,,,,"{""unobserved_week"":5}"
YEM,96269d5ec187fe58577b,2026-03-02,2026,10,2023,10,False,2023-02-20,2023-03-26,5,0,False,,,,"{""unobserved_week"":5}"
YEM,96269d5ec187fe58577b,2026-03-02,2026,10,2024,10,False,2024-02-19,2024-03-24,5,0,False,,,,"{""unobserved_week"":5}"
YEM,96269d5ec187fe58577b,2026-03-02,2026,10,2025,10,False,2025-02-17,2025-03-23,5,0,False,,,,"{""unobserved_week"":5}"
YEM,96269d5ec187fe58577b,2026-03-09,2026,11,2021,11,False,2021-03-01,2021-04-04,5,0,False,,,,"{""unobserved_week"":5}"
YEM,96269d5ec187fe58577b,2026-03-09,2026,11,2022,11,False,2022-02-28,2022-04-03,5,0,False,,,,"{""unobserved_week"":5}"
YEM,96269d5ec187fe58577b,2026-03-09,2026,11,2023,11,False,2023-02-27,2023-04-02,5,0,False,,,,"{""unobserved_week"":5}"
YEM,96269d5ec187fe58577b,2026-03-09,2026,11,2024,11,False,2024-02-26,2024-03-31,5,0,False,,,,"{""unobserved_week"":5}"
YEM,96269d5ec187fe58577b,2026-03-09,2026,11,2025,11,False,2025-02-24,2025-03-30,5,0,False,,,,"{""unobserved_week"":5}"
YEM,96269d5ec187fe58577b,2026-03-16,2026,12,2021,12,False,2021-03-08,2021-04-11,5,0,False,,,,"{""unobserved_week"":5}"
YEM,96269d5ec187fe58577b,2026-03-16,2026,12,2022,12,False,2022-03-07,2022-04-10,5,0,False,,,,"{""unobserved_week"":5}"
YEM,96269d5ec187fe58577b,2026-03-16,2026,12,2023,12,False,2023-03-06,2023-04-09,5,0,False,,,,"{""unobserved_week"":5}"
YEM,96269d5ec187fe58577b,2026-03-16,2026,12,2024,12,False,2024-03-04,2024-04-07,5,0,False,,,,"{""unobserved_week"":5}"
YEM,96269d5ec187fe58577b,2026-03-16,2026,12,2025,12,False,2025-03-03,2025-04-06,5,0,False,,,,"{""unobserved_week"":5}"
YEM,96269d5ec187fe58577b,2026-03-23,2026,13,2021,13,False,2021-03-15,2021-04-18,5,0,False,,,,"{""unobserved_week"":5}"
YEM,96269d5ec187fe58577b,2026-03-23,2026,13,2022,13,False,2022-03-14,2022-04-17,5,0,False,,,,"{""unobserved_week"":5}"
YEM,96269d5ec187fe58577b,2026-03-23,2026,13,2023,13,False,2023-03-13,2023-04-16,5,0,False,,,,"{""unobserved_week"":5}"
YEM,96269d5ec187fe58577b,2026-03-23,2026,13,2024,13,False,2024-03-11,2024-04-14,5,0,False,,,,"{""unobserved_week"":5}"
YEM,96269d5ec187fe58577b,2026-03-23,2026,13,2025,13,False,2025-03-10,2025-04-13,5,0,False,,,,"{""unobserved_week"":5}"
YEM,96269d5ec187fe58577b,2026-03-30,2026,14,2021,14,False,2021-03-22,2021-04-25,5,0,False,,,,"{""unobserved_week"":5}"
YEM,96269d5ec187fe58577b,2026-03-30,2026,14,2022,14,False,2022-03-21,2022-04-24,5,0,False,,,,"{""unobserved_week"":5}"
YEM,96269d5ec187fe58577b,2026-03-30,2026,14,2023,14,False,2023-03-20,2023-04-23,5,0,False,,,,"{""unobserved_week"":5}"
YEM,96269d5ec187fe58577b,2026-03-30,2026,14,2024,14,False,2024-03-18,2024-04-21,5,0,False,,,,"{""unobserved_week"":5}"
YEM,96269d5ec187fe58577b,2026-03-30,2026,14,2025,14,False,2025-03-17,2025-04-20,5,0,False,,,,"{""low_testing"":1,""unobserved_week"":4}"
YEM,96269d5ec187fe58577b,2026-04-06,2026,15,2021,15,False,2021-03-29,2021-05-02,5,0,False,,,,"{""unobserved_week"":5}"
YEM,96269d5ec187fe58577b,2026-04-06,2026,15,2022,15,False,2022-03-28,2022-05-01,5,0,False,,,,"{""unobserved_week"":5}"
YEM,96269d5ec187fe58577b,2026-04-06,2026,15,2023,15,False,2023-03-27,2023-04-30,5,0,False,,,,"{""unobserved_week"":5}"
YEM,96269d5ec187fe58577b,2026-04-06,2026,15,2024,15,False,2024-03-25,2024-04-28,5,0,False,,,,"{""unobserved_week"":5}"
YEM,96269d5ec187fe58577b,2026-04-06,2026,15,2025,15,False,2025-03-24,2025-04-27,5,0,False,,,,"{""low_testing"":2,""unobserved_week"":3}"
YEM,96269d5ec187fe58577b,2026-04-13,2026,16,2021,16,False,2021-04-05,2021-05-09,5,0,False,,,,"{""unobserved_week"":5}"
YEM,96269d5ec187fe58577b,2026-04-13,2026,16,2022,16,False,2022-04-04,2022-05-08,5,0,False,,,,"{""unobserved_week"":5}"
YEM,96269d5ec187fe58577b,2026-04-13,2026,16,2023,16,False,2023-04-03,2023-05-07,5,0,False,,,,"{""unobserved_week"":5}"
YEM,96269d5ec187fe58577b,2026-04-13,2026,16,2024,16,False,2024-04-01,2024-05-05,5,0,False,,,,"{""unobserved_week"":5}"
YEM,96269d5ec187fe58577b,2026-04-13,2026,16,2025,16,False,2025-03-31,2025-05-04,5,0,False,,,,"{""low_testing"":3,""unobserved_week"":2}"
YEM,96269d5ec187fe58577b,2026-04-20,2026,17,2021,17,False,2021-04-12,2021-05-16,5,0,False,,,,"{""unobserved_week"":5}"
YEM,96269d5ec187fe58577b,2026-04-20,2026,17,2022,17,False,2022-04-11,2022-05-15,5,0,False,,,,"{""unobserved_week"":5}"
YEM,96269d5ec187fe58577b,2026-04-20,2026,17,2023,17,False,2023-04-10,2023-05-14,5,0,False,,,,"{""unobserved_week"":5}"
YEM,96269d5ec187fe58577b,2026-04-20,2026,17,2024,17,False,2024-04-08,2024-05-12,5,0,False,,,,"{""unobserved_week"":5}"
YEM,96269d5ec187fe58577b,2026-04-20,2026,17,2025,17,False,2025-04-07,2025-05-11,5,0,False,,,,"{""low_testing"":3,""unobserved_week"":2}"
YEM,96269d5ec187fe58577b,2026-04-27,2026,18,2021,18,False,2021-04-19,2021-05-23,5,0,False,,,,"{""unobserved_week"":5}"
YEM,96269d5ec187fe58577b,2026-04-27,2026,18,2022,18,False,2022-04-18,2022-05-22,5,0,False,,,,"{""unobserved_week"":5}"
YEM,96269d5ec187fe58577b,2026-04-27,2026,18,2023,18,False,2023-04-17,2023-05-21,5,0,False,,,,"{""unobserved_week"":5}"
YEM,96269d5ec187fe58577b,2026-04-27,2026,18,2024,18,False,2024-04-15,2024-05-19,5,0,False,,,,"{""unobserved_week"":5}"
YEM,96269d5ec187fe58577b,2026-04-27,2026,18,2025,18,False,2025-04-14,2025-05-18,5,0,False,,,,"{""low_testing"":4,""unobserved_week"":1}"
YEM,96269d5ec187fe58577b,2026-05-04,2026,19,2021,19,False,2021-04-26,2021-05-30,5,0,False,,,,"{""unobserved_week"":5}"
YEM,96269d5ec187fe58577b,2026-05-04,2026,19,2022,19,False,2022-04-25,2022-05-29,5,0,False,,,,"{""unobserved_week"":5}"
YEM,96269d5ec187fe58577b,2026-05-04,2026,19,2023,19,False,2023-04-24,2023-05-28,5,0,False,,,,"{""unobserved_week"":5}"
YEM,96269d5ec187fe58577b,2026-05-04,2026,19,2024,19,False,2024-04-22,2024-05-26,5,0,False,,,,"{""unobserved_week"":5}"
YEM,96269d5ec187fe58577b,2026-05-04,2026,19,2025,19,False,2025-04-21,2025-05-25,5,0,False,,,,"{""low_testing"":3,""unobserved_week"":2}"
YEM,96269d5ec187fe58577b,2026-05-11,2026,20,2021,20,False,2021-05-03,2021-06-06,5,0,False,,,,"{""unobserved_week"":5}"
YEM,96269d5ec187fe58577b,2026-05-11,2026,20,2022,20,False,2022-05-02,2022-06-05,5,0,False,,,,"{""unobserved_week"":5}"
YEM,96269d5ec187fe58577b,2026-05-11,2026,20,2023,20,False,2023-05-01,2023-06-04,5,0,False,,,,"{""unobserved_week"":5}"
YEM,96269d5ec187fe58577b,2026-05-11,2026,20,2024,20,False,2024-04-29,2024-06-02,5,0,False,,,,"{""unobserved_week"":5}"
YEM,96269d5ec187fe58577b,2026-05-11,2026,20,2025,20,False,2025-04-28,2025-06-01,5,0,False,,,,"{""low_testing"":3,""unobserved_week"":2}"
YEM,96269d5ec187fe58577b,2026-05-18,2026,21,2021,21,False,2021-05-10,2021-06-13,5,0,False,,,,"{""unobserved_week"":5}"
YEM,96269d5ec187fe58577b,2026-05-18,2026,21,2022,21,False,2022-05-09,2022-06-12,5,0,False,,,,"{""unobserved_week"":5}"
YEM,96269d5ec187fe58577b,2026-05-18,2026,21,2023,21,False,2023-05-08,2023-06-11,5,0,False,,,,"{""unobserved_week"":5}"
YEM,96269d5ec187fe58577b,2026-05-18,2026,21,2024,21,False,2024-05-06,2024-06-09,5,0,False,,,,"{""unobserved_week"":5}"
YEM,96269d5ec187fe58577b,2026-05-18,2026,21,2025,21,False,2025-05-05,2025-06-08,5,0,False,,,,"{""low_testing"":3,""unobserved_week"":2}"
YEM,96269d5ec187fe58577b,2026-05-25,2026,22,2021,22,False,2021-05-17,2021-06-20,5,0,False,,,,"{""unobserved_week"":5}"
YEM,96269d5ec187fe58577b,2026-05-25,2026,22,2022,22,False,2022-05-16,2022-06-19,5,0,False,,,,"{""unobserved_week"":5}"
YEM,96269d5ec187fe58577b,2026-05-25,2026,22,2023,22,False,2023-05-15,2023-06-18,5,0,False,,,,"{""unobserved_week"":5}"
YEM,96269d5ec187fe58577b,2026-05-25,2026,22,2024,22,False,2024-05-13,2024-06-16,5,0,False,,,,"{""unobserved_week"":5}"
YEM,96269d5ec187fe58577b,2026-05-25,2026,22,2025,22,False,2025-05-12,2025-06-15,5,0,False,,,,"{""low_testing"":4,""unobserved_week"":1}"
YEM,96269d5ec187fe58577b,2026-06-01,2026,23,2021,23,False,2021-05-24,2021-06-27,5,0,False,,,,"{""unobserved_week"":5}"
YEM,96269d5ec187fe58577b,2026-06-01,2026,23,2022,23,False,2022-05-23,2022-06-26,5,0,False,,,,"{""unobserved_week"":5}"
YEM,96269d5ec187fe58577b,2026-06-01,2026,23,2023,23,False,2023-05-22,2023-06-25,5,0,False,,,,"{""unobserved_week"":5}"
YEM,96269d5ec187fe58577b,2026-06-01,2026,23,2024,23,False,2024-05-20,2024-06-23,5,0,False,,,,"{""unobserved_week"":5}"
YEM,96269d5ec187fe58577b,2026-06-01,2026,23,2025,23,False,2025-05-19,2025-06-22,5,0,False,,,,"{""low_testing"":4,""unobserved_week"":1}"
YEM,96269d5ec187fe58577b,2026-06-08,2026,24,2021,24,False,2021-05-31,2021-07-04,5,0,False,,,,"{""unobserved_week"":5}"
YEM,96269d5ec187fe58577b,2026-06-08,2026,24,2022,24,False,2022-05-30,2022-07-03,5,0,False,,,,"{""unobserved_week"":5}"
YEM,96269d5ec187fe58577b,2026-06-08,2026,24,2023,24,False,2023-05-29,2023-07-02,5,0,False,,,,"{""unobserved_week"":5}"
YEM,96269d5ec187fe58577b,2026-06-08,2026,24,2024,24,False,2024-05-27,2024-06-30,5,0,False,,,,"{""unobserved_week"":5}"
YEM,96269d5ec187fe58577b,2026-06-08,2026,24,2025,24,False,2025-05-26,2025-06-29,5,0,False,,,,"{""low_testing"":5}"
YEM,96269d5ec187fe58577b,2026-06-15,2026,25,2021,25,False,2021-06-07,2021-07-11,5,0,False,,,,"{""unobserved_week"":5}"
YEM,96269d5ec187fe58577b,2026-06-15,2026,25,2022,25,False,2022-06-06,2022-07-10,5,0,False,,,,"{""unobserved_week"":5}"
YEM,96269d5ec187fe58577b,2026-06-15,2026,25,2023,25,False,2023-06-05,2023-07-09,5,0,False,,,,"{""unobserved_week"":5}"
YEM,96269d5ec187fe58577b,2026-06-15,2026,25,2024,25,False,2024-06-03,2024-07-07,5,0,False,,,,"{""unobserved_week"":5}"
YEM,96269d5ec187fe58577b,2026-06-15,2026,25,2025,25,False,2025-06-02,2025-07-06,5,0,False,,,,"{""low_testing"":5}"
YEM,96269d5ec187fe58577b,2026-06-22,2026,26,2021,26,False,2021-06-14,2021-07-18,5,0,False,,,,"{""unobserved_week"":5}"
YEM,96269d5ec187fe58577b,2026-06-22,2026,26,2022,26,False,2022-06-13,2022-07-17,5,0,False,,,,"{""unobserved_week"":5}"
YEM,96269d5ec187fe58577b,2026-06-22,2026,26,2023,26,False,2023-06-12,2023-07-16,5,0,False,,,,"{""unobserved_week"":5}"
YEM,96269d5ec187fe58577b,2026-06-22,2026,26,2024,26,False,2024-06-10,2024-07-14,5,0,False,,,,"{""unobserved_week"":5}"
YEM,96269d5ec187fe58577b,2026-06-22,2026,26,2025,26,False,2025-06-09,2025-07-13,5,0,False,,,,"{""low_testing"":5}"
YEM,96269d5ec187fe58577b,2026-06-29,2026,27,2021,27,False,2021-06-21,2021-07-25,5,0,False,,,,"{""unobserved_week"":5}"
YEM,96269d5ec187fe58577b,2026-06-29,2026,27,2022,27,False,2022-06-20,2022-07-24,5,0,False,,,,"{""unobserved_week"":5}"
YEM,96269d5ec187fe58577b,2026-06-29,2026,27,2023,27,False,2023-06-19,2023-07-23,5,0,False,,,,"{""unobserved_week"":5}"
YEM,96269d5ec187fe58577b,2026-06-29,2026,27,2024,27,False,2024-06-17,2024-07-21,5,0,False,,,,"{""unobserved_week"":5}"
YEM,96269d5ec187fe58577b,2026-06-29,2026,27,2025,27,False,2025-06-16,2025-07-20,5,0,False,,,,"{""low_testing"":5}"
YEM,96269d5ec187fe58577b,2026-07-06,2026,28,2021,28,False,2021-06-28,2021-08-01,5,0,False,,,,"{""unobserved_week"":5}"
YEM,96269d5ec187fe58577b,2026-07-06,2026,28,2022,28,False,2022-06-27,2022-07-31,5,0,False,,,,"{""unobserved_week"":5}"
YEM,96269d5ec187fe58577b,2026-07-06,2026,28,2023,28,False,2023-06-26,2023-07-30,5,0,False,,,,"{""unobserved_week"":5}"
YEM,96269d5ec187fe58577b,2026-07-06,2026,28,2024,28,False,2024-06-24,2024-07-28,5,0,False,,,,"{""unobserved_week"":5}"
YEM,96269d5ec187fe58577b,2026-07-06,2026,28,2025,28,False,2025-06-23,2025-07-27,5,0,False,,,,"{""low_testing"":5}"
YEM,96269d5ec187fe58577b,2026-07-13,2026,29,2021,29,False,2021-07-05,2021-08-08,5,0,False,,,,"{""unobserved_week"":5}"
YEM,96269d5ec187fe58577b,2026-07-13,2026,29,2022,29,False,2022-07-04,2022-08-07,5,0,False,,,,"{""unobserved_week"":5}"
YEM,96269d5ec187fe58577b,2026-07-13,2026,29,2023,29,False,2023-07-03,2023-08-06,5,0,False,,,,"{""unobserved_week"":5}"
YEM,96269d5ec187fe58577b,2026-07-13,2026,29,2024,29,False,2024-07-01,2024-08-04,5,0,False,,,,"{""unobserved_week"":5}"
YEM,96269d5ec187fe58577b,2026-07-13,2026,29,2025,29,False,2025-06-30,2025-08-03,5,0,False,,,,"{""low_testing"":5}"
YEM,96269d5ec187fe58577b,2026-07-20,2026,30,2021,30,False,2021-07-12,2021-08-15,5,0,False,,,,"{""unobserved_week"":5}"
YEM,96269d5ec187fe58577b,2026-07-20,2026,30,2022,30,False,2022-07-11,2022-08-14,5,0,False,,,,"{""unobserved_week"":5}"
YEM,96269d5ec187fe58577b,2026-07-20,2026,30,2023,30,False,2023-07-10,2023-08-13,5,0,False,,,,"{""unobserved_week"":5}"
YEM,96269d5ec187fe58577b,2026-07-20,2026,30,2024,30,False,2024-07-08,2024-08-11,5,0,False,,,,"{""unobserved_week"":5}"
YEM,96269d5ec187fe58577b,2026-07-20,2026,30,2025,30,False,2025-07-07,2025-08-10,5,0,False,,,,"{""low_testing"":4,""unobserved_week"":1}"
YEM,96269d5ec187fe58577b,2026-07-27,2026,31,2021,31,False,2021-07-19,2021-08-22,5,0,False,,,,"{""unobserved_week"":5}"
YEM,96269d5ec187fe58577b,2026-07-27,2026,31,2022,31,False,2022-07-18,2022-08-21,5,0,False,,,,"{""unobserved_week"":5}"
YEM,96269d5ec187fe58577b,2026-07-27,2026,31,2023,31,False,2023-07-17,2023-08-20,5,0,False,,,,"{""unobserved_week"":5}"
YEM,96269d5ec187fe58577b,2026-07-27,2026,31,2024,31,False,2024-07-15,2024-08-18,5,0,False,,,,"{""unobserved_week"":5}"
YEM,96269d5ec187fe58577b,2026-07-27,2026,31,2025,31,False,2025-07-14,2025-08-17,5,0,False,,,,"{""low_testing"":3,""unobserved_week"":2}"
YEM,96269d5ec187fe58577b,2026-08-03,2026,32,2021,32,False,2021-07-26,2021-08-29,5,0,False,,,,"{""unobserved_week"":5}"
YEM,96269d5ec187fe58577b,2026-08-03,2026,32,2022,32,False,2022-07-25,2022-08-28,5,0,False,,,,"{""unobserved_week"":5}"
YEM,96269d5ec187fe58577b,2026-08-03,2026,32,2023,32,False,2023-07-24,2023-08-27,5,0,False,,,,"{""unobserved_week"":5}"
YEM,96269d5ec187fe58577b,2026-08-03,2026,32,2024,32,False,2024-07-22,2024-08-25,5,0,False,,,,"{""unobserved_week"":5}"
YEM,96269d5ec187fe58577b,2026-08-03,2026,32,2025,32,False,2025-07-21,2025-08-24,5,0,False,,,,"{""low_testing"":2,""unobserved_week"":3}"
YEM,96269d5ec187fe58577b,2026-08-10,2026,33,2021,33,False,2021-08-02,2021-09-05,5,0,False,,,,"{""unobserved_week"":5}"
YEM,96269d5ec187fe58577b,2026-08-10,2026,33,2022,33,False,2022-08-01,2022-09-04,5,0,False,,,,"{""unobserved_week"":5}"
YEM,96269d5ec187fe58577b,2026-08-10,2026,33,2023,33,False,2023-07-31,2023-09-03,5,0,False,,,,"{""unobserved_week"":5}"
YEM,96269d5ec187fe58577b,2026-08-10,2026,33,2024,33,False,2024-07-29,2024-09-01,5,0,False,,,,"{""unobserved_week"":5}"
YEM,96269d5ec187fe58577b,2026-08-10,2026,33,2025,33,False,2025-07-28,2025-08-31,5,0,False,,,,"{""low_testing"":1,""unobserved_week"":4}"
YEM,96269d5ec187fe58577b,2026-08-17,2026,34,2021,34,False,2021-08-09,2021-09-12,5,0,False,,,,"{""unobserved_week"":5}"
YEM,96269d5ec187fe58577b,2026-08-17,2026,34,2022,34,False,2022-08-08,2022-09-11,5,0,False,,,,"{""unobserved_week"":5}"
YEM,96269d5ec187fe58577b,2026-08-17,2026,34,2023,34,False,2023-08-07,2023-09-10,5,0,False,,,,"{""unobserved_week"":5}"
YEM,96269d5ec187fe58577b,2026-08-17,2026,34,2024,34,False,2024-08-05,2024-09-08,5,0,False,,,,"{""unobserved_week"":5}"
YEM,96269d5ec187fe58577b,2026-08-17,2026,34,2025,34,False,2025-08-04,2025-09-07,5,0,False,,,,"{""low_testing"":1,""unobserved_week"":4}"
